elapsed_seconds,loss,method,pressure_rel_error,seed,step,velocity_rel_error
0.0,25.757219314575195,war,1.0188721418380737,0,0,1.0212680101394653
10.002652,15.3001070022583,war,1.0034269094467163,0,186,0.7241702675819397
20.019341,0.4843677878379822,war,1.0553842782974243,0,374,0.12355782091617584
30.048677,0.32656165957450867,war,1.0083808898925781,0,562,0.11486361920833588
40.01087,0.2348375767469406,war,0.991230845451355,0,750,0.08975905179977417
50.008545,0.2630482316017151,war,0.9856952428817749,0,939,0.07770010828971863
60.003991,0.19846861064434052,war,1.0014396905899048,0,1127,0.07124096900224686
70.028329,0.1310182362794876,war,1.0085248947143555,0,1315,0.06276524811983109
80.008069,0.1675754338502884,war,0.9973366260528564,0,1495,0.10183876007795334
90.015935,0.06872285157442093,war,0.9741847515106201,0,1677,0.11960631608963013
100.03584,0.1340930014848709,war,0.9765893220901489,0,1858,0.11469481885433197
110.025023,0.12432284653186798,war,0.956619143486023,0,2040,0.1217016726732254
120.001548,0.06238320469856262,war,0.9461671113967896,0,2220,0.11887328326702118
130.010039,0.06372770667076111,war,0.9096822142601013,0,2400,0.12224617600440979
140.009624,0.16900038719177246,war,0.8880061507225037,0,2581,0.12986519932746887
150.024974,0.05236038938164711,war,0.8491422533988953,0,2767,0.11504101753234863
160.018348,0.049609795212745667,war,0.7783745527267456,0,2951,0.10805367678403854
170.033397,0.048618756234645844,war,0.721804141998291,0,3131,0.10178304463624954
180.023152,0.059281125664711,war,0.6607313752174377,0,3310,0.10521432012319565
190.033187,0.07569155097007751,war,0.6142449975013733,0,3494,0.09135457873344421
200.045703,0.03589154779911041,war,0.5786686539649963,0,3682,0.08020773530006409
210.010732,0.049319006502628326,war,0.5598506331443787,0,3868,0.08201494067907333
220.003852,0.030301125720143318,war,0.4605533480644226,0,4055,0.06584757566452026
230.042735,0.03384160250425339,war,0.3952323794364929,0,4237,0.05416136980056763
240.029184,0.02281203493475914,war,0.31013259291648865,0,4422,0.04402783513069153
250.006687,0.013685895130038261,war,0.23139916360378265,0,4607,0.030898453667759895
260.024461,0.012363792397081852,war,0.17932471632957458,0,4790,0.024994520470499992
270.020872,0.029291316866874695,war,0.152361199259758,0,4971,0.03919563069939613
280.027902,0.00952583085745573,war,0.12124857306480408,0,5153,0.02012225240468979
290.002632,0.013912987895309925,war,0.11937902867794037,0,5340,0.022322339937090874
300.037509,0.014711637981235981,war,0.11863241344690323,0,5529,0.02201625145971775
310.035695,0.004317090380936861,war,0.10263773053884506,0,5717,0.013139578513801098
320.003192,0.005264949984848499,war,0.08617138862609863,0,5896,0.013318839482963085
330.020379,0.004338244907557964,war,0.08292204141616821,0,6080,0.011069471947848797
340.011269,0.0049352641217410564,war,0.0734308585524559,0,6256,0.012249411083757877
350.009232,0.011201122775673866,war,0.07964933663606644,0,6439,0.016504105180501938
360.032836,0.008447996340692043,war,0.07900290191173553,0,6625,0.018739737570285797
370.034364,0.003267415799200535,war,0.0718654990196228,0,6802,0.009308804757893085
380.01065,0.002418369986116886,war,0.06368834525346756,0,6981,0.009923857636749744
390.048971,0.01684323139488697,war,0.08120512962341309,0,7164,0.01369864959269762
400.02932,0.0026482741814106703,war,0.11007164418697357,0,7347,0.00847850926220417
410.014092,0.005681505426764488,war,0.0921696275472641,0,7527,0.013767451979219913
420.013278,0.0083304513245821,war,0.06912004947662354,0,7710,0.02001996338367462
430.009143,0.004256380256265402,war,0.06241138279438019,0,7891,0.010563734918832779
440.047593,0.003794567659497261,war,0.06210552155971527,0,8069,0.011447956785559654
450.014935,0.00852454174309969,war,0.06715087592601776,0,8254,0.01851053535938263
460.050088,0.004976712167263031,war,0.05940358340740204,0,8438,0.008642885833978653
470.001404,0.0038032890297472477,war,0.05268731713294983,0,8616,0.012381472624838352
480.038568,0.015449335798621178,war,0.07736575603485107,0,8799,0.019275199621915817
490.043154,0.0037374936509877443,war,0.0580187663435936,0,8979,0.008330540731549263
500.014773,0.00487162871286273,war,0.0496145561337471,0,9157,0.012211901135742664
510.008709,0.0035256475675851107,war,0.056464459747076035,0,9335,0.008753630332648754
520.027419,0.0025721020065248013,war,0.0548161044716835,0,9514,0.008419369347393513
530.049126,0.003323750337585807,war,0.052982769906520844,0,9693,0.009458519518375397
540.020844,0.005146875511854887,war,0.05074649676680565,0,9875,0.011505748145282269
550.004446,0.018128013238310814,war,0.05942053347826004,0,10056,0.019356757402420044
560.02375,0.021616272628307343,war,0.06295359879732132,0,10241,0.026044853031635284
570.007341,0.0020785564556717873,war,0.04828822985291481,0,10421,0.0070869410410523415
580.017016,0.003971489612013102,war,0.04973916336894035,0,10603,0.011211843229830265
590.028467,0.00229714997112751,war,0.04641022905707359,0,10791,0.006656672805547714
600.014829,0.0013717201072722673,war,0.04309092462062836,0,10977,0.007430211175233126
610.008186,0.002902144566178322,war,0.04967031255364418,0,11159,0.007674406748265028
620.04659,0.003119982313364744,war,0.04916386678814888,0,11340,0.009068453684449196
630.014477,0.002075246535241604,war,0.04818577691912651,0,11522,0.009271329268813133
640.020915,0.0026249645743519068,war,0.06536685675382614,0,11703,0.007548235822468996
650.003965,0.00222786539234221,war,0.06775300949811935,0,11887,0.008108790963888168
660.001163,0.002070954069495201,war,0.05248768627643585,0,12075,0.007092144340276718
670.007484,0.004275437444448471,war,0.05231112614274025,0,12257,0.009074484929442406
680.04057,0.002590944990515709,war,0.04416997730731964,0,12436,0.00625253189355135
690.053106,0.004377622157335281,war,0.04603266343474388,0,12619,0.009647184982895851
700.014846,0.0020450048614293337,war,0.05960950255393982,0,12794,0.007097896188497543
710.017315,0.0019343455787748098,war,0.05031374841928482,0,12975,0.007964082062244415
720.042952,0.005455988924950361,war,0.08486518263816833,0,13157,0.013094529509544373
730.046259,0.0015234032180160284,war,0.050520267337560654,0,13343,0.00621884735301137
740.020015,0.005871168337762356,war,0.042526520788669586,0,13524,0.012896320782601833
750.021642,0.0038529993034899235,war,0.04191770404577255,0,13705,0.006967282388359308
760.018433,0.0017527330201119184,war,0.04515230655670166,0,13883,0.006478356197476387
770.045678,0.009917856194078922,war,0.07477307319641113,0,14065,0.01624232716858387
780.001027,0.001725912094116211,war,0.040992531925439835,0,14246,0.00554774422198534
790.019409,0.0013878669124096632,war,0.04537685588002205,0,14425,0.006139892153441906
800.047587,0.001712305354885757,war,0.06405733525753021,0,14604,0.006376834120601416
810.04409,0.0014754453441128135,war,0.058098163455724716,0,14783,0.006211838684976101
820.030411,0.0017535798251628876,war,0.04392194747924805,0,14962,0.006608163937926292
830.042768,0.0016269655898213387,war,0.08042933791875839,0,15147,0.006329413037747145
840.026547,0.0023977584205567837,war,0.03659088909626007,0,15327,0.00596612598747015
850.001649,0.0015982775948941708,war,0.05632838234305382,0,15510,0.006750371307134628
860.0333,0.0038449435960501432,war,0.04472476616501808,0,15692,0.007104269694536924
870.023343,0.001450153416953981,war,0.04677977412939072,0,15871,0.007139663677662611
880.027651,0.0027676913887262344,war,0.042358867824077606,0,16049,0.0066359639167785645
890.028098,0.0016386095667257905,war,0.05400322005152702,0,16231,0.005581245291978121
900.025433,0.0024742302484810352,war,0.04186442866921425,0,16416,0.007959102280437946
910.032456,0.0008462895639240742,war,0.04721660539507866,0,16596,0.006337353959679604
920.045549,0.0019407211802899837,war,0.05443064495921135,0,16778,0.006914282683283091
930.00849,0.0023828926496207714,war,0.043638769537210464,0,16961,0.007499003782868385
940.022863,0.002155331429094076,war,0.05243156477808952,0,17139,0.00602728920057416
950.032656,0.0017614888492971659,war,0.041434843093156815,0,17323,0.005920853465795517
960.000523,0.0015006382018327713,war,0.0455651730298996,0,17503,0.006304512266069651
970.013736,0.002181620802730322,war,0.04549585282802582,0,17686,0.006344413850456476
980.044841,0.0012543653137981892,war,0.0375673808157444,0,17871,0.005611360538750887
990.038779,0.0017663170583546162,war,0.04487316682934761,0,18055,0.005895163398236036
1000.039207,0.002279876731336117,war,0.04529538378119469,0,18239,0.006229116581380367
1010.031883,0.0022110247518867254,war,0.045598383992910385,0,18418,0.005829493049532175
1020.056099,0.0016890015685930848,war,0.04999964311718941,0,18601,0.005966493859887123
1030.016555,0.001290460117161274,war,0.04278905317187309,0,18784,0.0056702932342886925
1040.002149,0.002239690627902746,war,0.045551322400569916,0,18966,0.0061475979164242744
1050.023875,0.0025812918320298195,war,0.03939218074083328,0,19147,0.006067041307687759
1060.049104,0.0009387637255713344,war,0.04298853501677513,0,19332,0.005832151509821415
1070.046213,0.0016155862249433994,war,0.039733052253723145,0,19516,0.006205276120454073
1080.01138,0.001405474729835987,war,0.039436567574739456,0,19698,0.005797014571726322
1090.032641,0.002078283578157425,war,0.05206349119544029,0,19878,0.00619138777256012
1100.05121,0.0016055924352258444,war,0.0696553960442543,0,20058,0.0058227782137691975
1110.01598,0.0013787138741463423,war,0.04575236514210701,0,20240,0.005761595442891121
1120.052631,0.001974009908735752,war,0.06488272547721863,0,20426,0.006016835104674101
1130.003603,0.0012374463258311152,war,0.04512737691402435,0,20606,0.0063530816696584225
1140.049941,0.00203706044703722,war,0.041375525295734406,0,20788,0.006188238505274057
1150.020284,0.001462913234718144,war,0.04336422309279442,0,20971,0.00580528425052762
1160.053071,0.0024915782269090414,war,0.03950891271233559,0,21155,0.006417821627110243
1170.034527,0.0025788245256990194,war,0.06160418689250946,0,21336,0.0057290298864245415
1180.021154,0.0012726141139864922,war,0.04894251376390457,0,21517,0.005562719888985157
1190.010902,0.0012678552884608507,war,0.04881418123841286,0,21696,0.005623613949865103
1200.028165,0.0011979592964053154,war,0.04390041530132294,0,21881,0.006151764187961817
0.0,27.431884765625,real_tanh_autodiff,1.3009079694747925,0,0,1.0298000574111938
10.012325,23.27399444580078,real_tanh_autodiff,1.0051783323287964,0,45,0.9471611380577087
20.140641,5.748945236206055,real_tanh_autodiff,1.0290870666503906,0,91,0.40182480216026306
30.164636,2.5867409706115723,real_tanh_autodiff,1.0227106809616089,0,138,0.2547595202922821
40.092557,1.9864462614059448,real_tanh_autodiff,1.0259772539138794,0,186,0.23628295958042145
50.177935,2.0250003337860107,real_tanh_autodiff,1.0200715065002441,0,235,0.22561655938625336
60.148754,1.9345365762710571,real_tanh_autodiff,1.0164028406143188,0,278,0.22196628153324127
70.215901,1.59592866897583,real_tanh_autodiff,1.014172077178955,0,320,0.2152528166770935
80.043169,1.7718915939331055,real_tanh_autodiff,1.0122461318969727,0,361,0.23546481132507324
90.073968,1.7102073431015015,real_tanh_autodiff,1.0098520517349243,0,403,0.21094584465026855
100.148542,1.491639494895935,real_tanh_autodiff,1.0167044401168823,0,445,0.2131439596414566
110.028134,1.4069523811340332,real_tanh_autodiff,1.0107166767120361,0,486,0.2174125611782074
120.198605,1.2493007183074951,real_tanh_autodiff,1.0192967653274536,0,528,0.2077101469039917
130.088586,1.2158184051513672,real_tanh_autodiff,1.01956307888031,0,569,0.26317116618156433
140.144129,1.057228446006775,real_tanh_autodiff,1.0250760316848755,0,611,0.2665841579437256
150.188943,1.038848876953125,real_tanh_autodiff,1.0399672985076904,0,653,0.26863425970077515
160.237639,0.8912609815597534,real_tanh_autodiff,1.0561902523040771,0,695,0.3037905991077423
170.036761,1.2639697790145874,real_tanh_autodiff,1.0646934509277344,0,736,0.34423545002937317
180.095427,0.7393243908882141,real_tanh_autodiff,1.0645402669906616,0,778,0.3523765802383423
190.166146,0.6952090263366699,real_tanh_autodiff,1.0659621953964233,0,820,0.339522123336792
200.235348,0.7165891528129578,real_tanh_autodiff,1.0684465169906616,0,862,0.34105634689331055
210.026943,0.6327592134475708,real_tanh_autodiff,1.0677897930145264,0,903,0.35603392124176025
220.103982,0.6023197174072266,real_tanh_autodiff,1.0670061111450195,0,945,0.36220791935920715
230.175562,0.5606995224952698,real_tanh_autodiff,1.0650670528411865,0,987,0.34306442737579346
240.023692,0.5307977795600891,real_tanh_autodiff,1.060319423675537,0,1028,0.34592893719673157
250.083991,0.551247239112854,real_tanh_autodiff,1.0583645105361938,0,1070,0.34194648265838623
260.133443,0.4718817472457886,real_tanh_autodiff,1.0477185249328613,0,1112,0.3413715958595276
270.218087,0.5902439951896667,real_tanh_autodiff,1.0372307300567627,0,1154,0.3394777774810791
280.053136,0.44454774260520935,real_tanh_autodiff,1.0269559621810913,0,1195,0.3269439935684204
290.148494,0.45190611481666565,real_tanh_autodiff,1.0140149593353271,0,1237,0.32131093740463257
300.010739,0.3920857906341553,real_tanh_autodiff,0.9958983063697815,0,1278,0.3255372643470764
310.135195,0.6380085945129395,real_tanh_autodiff,0.9723918437957764,0,1320,0.30682307481765747
320.228903,0.6787113547325134,real_tanh_autodiff,0.9611674547195435,0,1362,0.31293565034866333
330.092156,0.38309136033058167,real_tanh_autodiff,0.9458376169204712,0,1403,0.28915050625801086
340.206219,0.32125166058540344,real_tanh_autodiff,0.9226017594337463,0,1445,0.28112661838531494
350.076513,0.3367108106613159,real_tanh_autodiff,0.8944587111473083,0,1486,0.27555379271507263
360.201545,0.2946605980396271,real_tanh_autodiff,0.8669637441635132,0,1528,0.2662195861339569
370.069583,0.306458979845047,real_tanh_autodiff,0.8406471014022827,0,1569,0.2568820118904114
380.00394,0.43246233463287354,real_tanh_autodiff,0.8206015229225159,0,1610,0.2773403525352478
390.018478,0.3032577335834503,real_tanh_autodiff,0.8028050661087036,0,1652,0.2504860758781433
400.087296,0.2662217915058136,real_tanh_autodiff,0.7826477885246277,0,1694,0.24535299837589264
410.146704,0.23036037385463715,real_tanh_autodiff,0.7677879929542542,0,1736,0.24124939739704132
420.199717,0.2488260567188263,real_tanh_autodiff,0.7524511814117432,0,1778,0.24180921912193298
430.046153,0.19318887591362,real_tanh_autodiff,0.7358545064926147,0,1819,0.2395997941493988
440.12995,0.2043483406305313,real_tanh_autodiff,0.7192845344543457,0,1861,0.22712306678295135
450.207007,0.23113451898097992,real_tanh_autodiff,0.7080708742141724,0,1903,0.2196948379278183
460.04909,0.19338519871234894,real_tanh_autodiff,0.6945270299911499,0,1944,0.22091661393642426
470.100035,0.19064520299434662,real_tanh_autodiff,0.684203565120697,0,1986,0.21716389060020447
480.217638,0.1760053187608719,real_tanh_autodiff,0.6738399863243103,0,2028,0.2094230204820633
490.140021,0.16561312973499298,real_tanh_autodiff,0.6608322262763977,0,2069,0.20212721824645996
500.042064,0.18021291494369507,real_tanh_autodiff,0.6517558693885803,0,2110,0.19921615719795227
510.170854,0.13114474713802338,real_tanh_autodiff,0.6415467858314514,0,2152,0.19959008693695068
520.043686,0.1560218781232834,real_tanh_autodiff,0.6286866664886475,0,2195,0.19049791991710663
530.135904,0.14451251924037933,real_tanh_autodiff,0.6167786121368408,0,2238,0.1910988837480545
540.093079,0.12763509154319763,real_tanh_autodiff,0.6060301661491394,0,2285,0.18359842896461487
550.076583,0.11296508461236954,real_tanh_autodiff,0.5921717882156372,0,2332,0.17789053916931152
560.053976,0.09108972549438477,real_tanh_autodiff,0.5763905644416809,0,2379,0.16371090710163116
570.015328,0.07838794589042664,real_tanh_autodiff,0.5570518970489502,0,2426,0.15363222360610962
580.193007,0.07251092046499252,real_tanh_autodiff,0.5367188453674316,0,2474,0.14484089612960815
590.155824,0.06197211518883705,real_tanh_autodiff,0.5203647017478943,0,2521,0.13639958202838898
600.110816,0.06563582271337509,real_tanh_autodiff,0.49971213936805725,0,2568,0.13108451664447784
610.119625,0.05135072395205498,real_tanh_autodiff,0.48045191168785095,0,2615,0.11974992603063583
620.11808,0.04870191588997841,real_tanh_autodiff,0.4637956917285919,0,2662,0.11389672756195068
630.21781,0.04532143846154213,real_tanh_autodiff,0.4450525939464569,0,2707,0.10683363676071167
640.202559,0.03774013742804527,real_tanh_autodiff,0.42710554599761963,0,2752,0.10032790899276733
650.171383,0.03717640042304993,real_tanh_autodiff,0.4104321300983429,0,2799,0.09480912983417511
660.148762,0.039351411163806915,real_tanh_autodiff,0.39502590894699097,0,2846,0.08960375934839249
670.145439,0.03157436475157738,real_tanh_autodiff,0.3803423047065735,0,2893,0.08393856137990952
680.200532,0.029420966282486916,real_tanh_autodiff,0.36823245882987976,0,2937,0.07805579155683517
690.136016,0.02668312005698681,real_tanh_autodiff,0.35383063554763794,0,2978,0.073808453977108
700.053276,0.024692941457033157,real_tanh_autodiff,0.3404477536678314,0,3022,0.0716443881392479
710.210113,0.022725874558091164,real_tanh_autodiff,0.3253016471862793,0,3069,0.06640806049108505
720.139309,0.020770225673913956,real_tanh_autodiff,0.3187829256057739,0,3115,0.06408558785915375
730.231655,0.020742492750287056,real_tanh_autodiff,0.3032777011394501,0,3161,0.05979204922914505
740.125663,0.020288551226258278,real_tanh_autodiff,0.29699403047561646,0,3202,0.05863764137029648
750.059656,0.01840994879603386,real_tanh_autodiff,0.28952497243881226,0,3246,0.05540774017572403
760.020722,0.01692056655883789,real_tanh_autodiff,0.28067848086357117,0,3289,0.05384625867009163
770.094833,0.015624954365193844,real_tanh_autodiff,0.2693612575531006,0,3333,0.05169106274843216
780.088594,0.016142502427101135,real_tanh_autodiff,0.2614554166793823,0,3380,0.04943934828042984
790.122171,0.015244126319885254,real_tanh_autodiff,0.26016393303871155,0,3427,0.04668370634317398
800.17203,0.014051801525056362,real_tanh_autodiff,0.24583223462104797,0,3474,0.046211693435907364
810.207766,0.01430059876292944,real_tanh_autodiff,0.24048390984535217,0,3521,0.04424980282783508
820.204767,0.012828253209590912,real_tanh_autodiff,0.23150835931301117,0,3567,0.04220961034297943
830.036175,0.012570194900035858,real_tanh_autodiff,0.22926005721092224,0,3613,0.04055717587471008
840.116933,0.01139470562338829,real_tanh_autodiff,0.22371013462543488,0,3660,0.039787761867046356
850.051907,0.012069347314536572,real_tanh_autodiff,0.21951094269752502,0,3706,0.03872345760464668
860.181999,0.011609848588705063,real_tanh_autodiff,0.21199272572994232,0,3753,0.037895821034908295
870.047656,0.01144674513489008,real_tanh_autodiff,0.2090371698141098,0,3799,0.0367654450237751
880.085535,0.010308442637324333,real_tanh_autodiff,0.20121513307094574,0,3846,0.035359591245651245
890.084813,0.010627279989421368,real_tanh_autodiff,0.20073476433753967,0,3893,0.03432075306773186
900.09655,0.011269175447523594,real_tanh_autodiff,0.1985514909029007,0,3940,0.03399663418531418
910.159375,0.009987378492951393,real_tanh_autodiff,0.19300751388072968,0,3987,0.032693929970264435
920.206802,0.009193094447255135,real_tanh_autodiff,0.1887446641921997,0,4030,0.03294403851032257
930.195796,0.008782094344496727,real_tanh_autodiff,0.18516069650650024,0,4075,0.03151162341237068
940.135328,0.009574093855917454,real_tanh_autodiff,0.18113233149051666,0,4118,0.031158801168203354
950.155916,0.008486331440508366,real_tanh_autodiff,0.17923392355442047,0,4161,0.03044884093105793
960.158055,0.008839443325996399,real_tanh_autodiff,0.1761075109243393,0,4206,0.03047482855618
970.16386,0.008143271319568157,real_tanh_autodiff,0.17453111708164215,0,4253,0.029703674837946892
980.170777,0.00874639768153429,real_tanh_autodiff,0.1740792840719223,0,4300,0.02924399822950363
990.184259,0.008875416591763496,real_tanh_autodiff,0.16878187656402588,0,4347,0.028423726558685303
1000.029718,0.008359156548976898,real_tanh_autodiff,0.16846963763237,0,4393,0.027941472828388214
1010.14012,0.0083835544064641,real_tanh_autodiff,0.16782303154468536,0,4440,0.027560129761695862
1020.199741,0.009081326425075531,real_tanh_autodiff,0.16408619284629822,0,4487,0.0273533146828413
1030.198757,0.007604596205055714,real_tanh_autodiff,0.16158410906791687,0,4534,0.027128931134939194
1040.123333,0.007688447833061218,real_tanh_autodiff,0.16176928579807281,0,4580,0.02642221935093403
1050.022674,0.007702392525970936,real_tanh_autodiff,0.16681203246116638,0,4626,0.02632194571197033
1060.111067,0.008307404816150665,real_tanh_autodiff,0.16071662306785583,0,4673,0.025711024180054665
1070.173062,0.00772516243159771,real_tanh_autodiff,0.15569044649600983,0,4720,0.025732625275850296
1080.197358,0.007145858835428953,real_tanh_autodiff,0.15802986919879913,0,4767,0.025297872722148895
1090.098008,0.008034070953726768,real_tanh_autodiff,0.1524055004119873,0,4811,0.025067361071705818
1100.099696,0.006716269534081221,real_tanh_autodiff,0.15457655489444733,0,4852,0.024808097630739212
1110.113965,0.007154932711273432,real_tanh_autodiff,0.14978037774562836,0,4893,0.024747418239712715
1120.099849,0.007871526293456554,real_tanh_autodiff,0.1495300829410553,0,4937,0.023936020210385323
1130.083382,0.007317104376852512,real_tanh_autodiff,0.14786146581172943,0,4984,0.024081183597445488
1140.072816,0.00692360382527113,real_tanh_autodiff,0.1457652598619461,0,5031,0.023676380515098572
1150.061286,0.008173058740794659,real_tanh_autodiff,0.14514201879501343,0,5078,0.02355947345495224
1160.123832,0.00714691448956728,real_tanh_autodiff,0.14733678102493286,0,5125,0.023199066519737244
1170.180996,0.007600410841405392,real_tanh_autodiff,0.1501450091600418,0,5172,0.02291150577366352
1180.007236,0.00702262157574296,real_tanh_autodiff,0.14607925713062286,0,5218,0.022495565935969353
1190.001325,0.006921910680830479,real_tanh_autodiff,0.14005737006664276,0,5265,0.022303622215986252
1200.20235,0.006890243850648403,real_tanh_autodiff,0.14407692849636078,0,5313,0.022295130416750908
0.0,26.855937957763672,war,1.1068824529647827,1,0,1.041716456413269
10.038036,24.40707778930664,war,1.0001274347305298,1,173,0.999884307384491
20.013117,9.297266006469727,war,1.1516319513320923,1,346,0.5487543940544128
30.050374,0.3807624280452728,war,1.0268445014953613,1,520,0.12062274664640427
40.044363,0.2422572672367096,war,0.9908257126808167,1,693,0.09685024619102478
50.035773,0.2084685117006302,war,0.9807113409042358,1,866,0.08763295412063599
60.029085,0.2254151552915573,war,0.9781516790390015,1,1039,0.07919644564390182
70.042864,0.1849990338087082,war,0.97459477186203,1,1212,0.08603334426879883
80.063823,0.13775096833705902,war,0.9820955991744995,1,1383,0.06734342873096466
90.036145,0.06562574952840805,war,0.9420657753944397,1,1555,0.09977862238883972
100.049442,0.10443663597106934,war,0.917468786239624,1,1728,0.1179063469171524
110.02881,0.05567869916558266,war,0.8453000783920288,1,1901,0.11289786547422409
120.050411,0.11133621633052826,war,0.8076505661010742,1,2075,0.11663763970136642
130.01977,0.06298894435167313,war,0.732984721660614,1,2248,0.09842080622911453
140.023941,0.06138388440012932,war,0.6956436038017273,1,2421,0.08830717951059341
150.01332,0.042245715856552124,war,0.6099381446838379,1,2592,0.08494828641414642
160.007788,0.03526598587632179,war,0.5500047206878662,1,2765,0.07360703498125076
170.028381,0.04003361985087395,war,0.49227380752563477,1,2938,0.06561324000358582
180.001332,0.026610027998685837,war,0.4182194471359253,1,3111,0.053910188376903534
190.0315,0.017600074410438538,war,0.3382357358932495,1,3285,0.04444786533713341
200.047357,0.017393765971064568,war,0.27221065759658813,1,3458,0.03813954070210457
210.019467,0.007133467122912407,war,0.19269031286239624,1,3644,0.022879481315612793
220.005476,0.00898017082363367,war,0.15298017859458923,1,3829,0.018225835636258125
230.051856,0.015580965206027031,war,0.13499927520751953,1,4017,0.021129464730620384
240.044327,0.030897963792085648,war,0.12535743415355682,1,4204,0.021313033998012543
250.029689,0.009103702381253242,war,0.10974375158548355,1,4391,0.014580506831407547
260.048932,0.007958955131471157,war,0.11025074124336243,1,4578,0.012656754814088345
270.002523,0.01711735501885414,war,0.08784347027540207,1,4764,0.025034138932824135
280.040501,0.0032338700257241726,war,0.08761987835168839,1,4951,0.008439992554485798
290.036479,0.018534155562520027,war,0.09347410500049591,1,5135,0.027409752830863
300.034329,0.009357668459415436,war,0.08394680172204971,1,5322,0.0164299625903368
310.043262,0.014234788715839386,war,0.09443335980176926,1,5509,0.02495618537068367
320.032992,0.011393415741622448,war,0.07999595999717712,1,5695,0.01274468470364809
330.007414,0.0028303680010139942,war,0.10735022276639938,1,5881,0.008473733440041542
340.018139,0.005923060700297356,war,0.07485266029834747,1,6068,0.010867586359381676
350.000463,0.008184854872524738,war,0.07112862169742584,1,6252,0.01738101802766323
360.048691,0.013101758435368538,war,0.08771666884422302,1,6440,0.02812143974006176
370.048142,0.002766982652246952,war,0.07541128247976303,1,6627,0.007552831433713436
380.005417,0.008046015165746212,war,0.06581876426935196,1,6813,0.01799546554684639
390.041294,0.023229148238897324,war,0.06701057404279709,1,7000,0.020311465486884117
400.015449,0.002411856781691313,war,0.06063806265592575,1,7187,0.00612201914191246
410.002161,0.016359763219952583,war,0.07725268602371216,1,7374,0.02216215990483761
420.033021,0.005332367494702339,war,0.06737680733203888,1,7560,0.008530691266059875
430.024867,0.00982486642897129,war,0.05691489949822426,1,7747,0.014554495923221111
440.036435,0.00822187215089798,war,0.06510637700557709,1,7934,0.016533399000763893
450.042758,0.026868050917983055,war,0.09442861378192902,1,8113,0.03516140207648277
460.044774,0.003531556110829115,war,0.0580437108874321,1,8286,0.007067167200148106
470.009501,0.0019411849789321423,war,0.06066153571009636,1,8458,0.008005388081073761
480.038543,0.00544342678040266,war,0.059202928096055984,1,8630,0.012019716203212738
490.05039,0.002237020991742611,war,0.0544157400727272,1,8803,0.006104731000959873
500.01774,0.0069892932660877705,war,0.06393145024776459,1,8975,0.012769925408065319
510.049777,0.011416018940508366,war,0.08967222273349762,1,9148,0.01703203283250332
520.033131,0.004195572808384895,war,0.06084560975432396,1,9321,0.009506162256002426
530.030608,0.0019837841391563416,war,0.08990884572267532,1,9494,0.005153965670615435
540.028498,0.0025664297863841057,war,0.06233909726142883,1,9667,0.00637932401150465
550.027734,0.0025870208628475666,war,0.04977159947156906,1,9838,0.008718566969037056
560.040264,0.0032283621840178967,war,0.06291323155164719,1,10011,0.007281084544956684
570.055415,0.005305441562086344,war,0.055264126509428024,1,10184,0.013337917625904083
580.022471,0.01005715224891901,war,0.05157057195901871,1,10357,0.020173052325844765
590.022714,0.0026934463530778885,war,0.046516746282577515,1,10530,0.005886971019208431
600.054933,0.0018683879170566797,war,0.07039795070886612,1,10704,0.00595580879598856
610.040644,0.0022918086033314466,war,0.0504208542406559,1,10877,0.005084128584712744
620.011499,0.0009902759920805693,war,0.0454423688352108,1,11047,0.00586533360183239
630.01885,0.002066013403236866,war,0.04705816134810448,1,11220,0.007080258801579475
640.001981,0.0024148407392203808,war,0.044804517179727554,1,11393,0.007956566289067268
650.033274,0.0021472855005413294,war,0.050341345369815826,1,11567,0.008887221105396748
660.047622,0.001649228623136878,war,0.052394527941942215,1,11741,0.006272620987147093
670.010728,0.0016703795408830047,war,0.04768594354391098,1,11916,0.005119737703353167
680.033022,0.00550419557839632,war,0.05192966386675835,1,12104,0.013065979816019535
690.007772,0.0040213800966739655,war,0.05102527141571045,1,12288,0.008316319435834885
700.032206,0.001740897074341774,war,0.05395154654979706,1,12476,0.00522590009495616
710.041769,0.002624420914798975,war,0.05276113376021385,1,12664,0.008245225064456463
720.016043,0.002515003550797701,war,0.0757194459438324,1,12850,0.005555196199566126
730.036167,0.0016940466593950987,war,0.046791620552539825,1,13037,0.00644891569390893
740.051116,0.0032950681634247303,war,0.04913168400526047,1,13225,0.007061969488859177
750.039847,0.0014584936434403062,war,0.05201267823576927,1,13412,0.005451071076095104
760.014474,0.003473159158602357,war,0.05047845095396042,1,13597,0.005522781051695347
770.044903,0.0022137349005788565,war,0.04775507003068924,1,13784,0.0052555943839251995
780.004299,0.0015513041289523244,war,0.06456153839826584,1,13970,0.006513542495667934
790.044884,0.0025735567323863506,war,0.050334155559539795,1,14158,0.006384991575032473
800.001187,0.002177855931222439,war,0.054048091173172,1,14345,0.004976405296474695
810.030806,0.001527376938611269,war,0.043300967663526535,1,14532,0.007320597767829895
820.025948,0.0034040333703160286,war,0.04845045879483223,1,14716,0.012206422165036201
830.025677,0.0016886615194380283,war,0.049543652683496475,1,14903,0.005228270776569843
840.040148,0.002599302213639021,war,0.04980272427201271,1,15090,0.0060596405528485775
850.03141,0.0021945200860500336,war,0.04378645867109299,1,15277,0.008004429750144482
860.001717,0.0017815334722399712,war,0.041999451816082,1,15464,0.006092849653214216
870.041894,0.0025935135781764984,war,0.048467546701431274,1,15651,0.00508106080815196
880.022431,0.002388824475929141,war,0.050545159727334976,1,15837,0.004768886137753725
890.004978,0.00115349015686661,war,0.04273911193013191,1,16021,0.004987045656889677
900.028003,0.0008844053372740746,war,0.04729369282722473,1,16208,0.004613376222550869
910.037589,0.0012551200343295932,war,0.03795464336872101,1,16394,0.005042594391852617
920.023537,0.0020626692567020655,war,0.04816213622689247,1,16580,0.005314557813107967
930.029538,0.0015800397377461195,war,0.048178527504205704,1,16766,0.004592609591782093
940.021311,0.002471693092957139,war,0.05364666134119034,1,16953,0.005265504587441683
950.016261,0.0010290556820109487,war,0.04681354761123657,1,17138,0.004939354490488768
960.000467,0.0017341062193736434,war,0.040963899344205856,1,17325,0.004692877642810345
970.037412,0.0015422024298459291,war,0.039006102830171585,1,17513,0.005266945343464613
980.027939,0.0017836828483268619,war,0.043548159301280975,1,17700,0.005193526390939951
990.052622,0.0016153203323483467,war,0.040916185826063156,1,17887,0.006048961076885462
1000.019842,0.0013177836081013083,war,0.03851255774497986,1,18074,0.005576064810156822
1010.01537,0.0015381166012957692,war,0.057730600237846375,1,18262,0.004654210526496172
1020.009041,0.0016154651530086994,war,0.044164836406707764,1,18446,0.005614695604890585
1030.01963,0.0010328891221433878,war,0.04636259377002716,1,18633,0.004465152509510517
1040.021116,0.0018387922318652272,war,0.03941786661744118,1,18820,0.005160401109606028
1050.051744,0.0018413991201668978,war,0.05083909630775452,1,19006,0.0054773008450865746
1060.046882,0.0021905573084950447,war,0.04702439904212952,1,19192,0.0046999831683933735
1070.023758,0.0010538920760154724,war,0.04126720875501633,1,19378,0.0055259400978684425
1080.032719,0.0027776514180004597,war,0.04188846796751022,1,19563,0.005823616404086351
1090.050006,0.002363125793635845,war,0.03932294622063637,1,19751,0.005286586005240679
1100.030373,0.0013939039781689644,war,0.04004153981804848,1,19938,0.005155219230800867
1110.001858,0.0017999722622334957,war,0.03640277683734894,1,20124,0.005047074053436518
1120.018866,0.002191696083173156,war,0.048623066395521164,1,20311,0.005242238286882639
1130.033231,0.0017712544649839401,war,0.048035603016614914,1,20498,0.004796464461833239
1140.005582,0.0009074966073967516,war,0.04330906644463539,1,20685,0.005178461782634258
1150.036484,0.001150204217992723,war,0.03864583373069763,1,20871,0.004769468680024147
1160.016813,0.0011354180751368403,war,0.04250718280673027,1,21058,0.005014333873987198
1170.010368,0.0010905714007094502,war,0.0413166768848896,1,21244,0.0048834169283509254
1180.053883,0.0011740229092538357,war,0.043572794646024704,1,21431,0.005389831960201263
1190.00589,0.0019953609444200993,war,0.04257970675826073,1,21616,0.006073325872421265
1200.04796,0.0007720248540863395,war,0.03980414569377899,1,21802,0.004902716726064682
0.0,26.98679542541504,real_tanh_autodiff,1.1183891296386719,1,0,1.038610577583313
10.118506,24.467761993408203,real_tanh_autodiff,1.0250059366226196,1,45,0.9476221203804016
20.009671,6.66668701171875,real_tanh_autodiff,1.0101820230484009,1,89,0.4568006098270416
30.091154,2.2198901176452637,real_tanh_autodiff,1.009493350982666,1,136,0.25606343150138855
40.090632,1.811948537826538,real_tanh_autodiff,1.002970814704895,1,184,0.24443866312503815
50.074335,1.9157825708389282,real_tanh_autodiff,1.0064510107040405,1,232,0.22826896607875824
60.030458,1.7161386013031006,real_tanh_autodiff,1.0132769346237183,1,280,0.22294192016124725
70.182943,1.6656391620635986,real_tanh_autodiff,1.005693793296814,1,329,0.21445201337337494
80.02213,1.8458030223846436,real_tanh_autodiff,1.0061537027359009,1,376,0.2691713273525238
90.033843,1.4802125692367554,real_tanh_autodiff,1.0032252073287964,1,424,0.19843900203704834
100.18468,1.4852150678634644,real_tanh_autodiff,0.9985736012458801,1,472,0.19275005161762238
110.221622,1.4019296169281006,real_tanh_autodiff,0.9988308548927307,1,517,0.19469301402568817
120.093241,1.3723634481430054,real_tanh_autodiff,1.002027988433838,1,561,0.20970755815505981
130.102194,1.1629018783569336,real_tanh_autodiff,0.9978540539741516,1,606,0.2031112015247345
140.212731,1.047544002532959,real_tanh_autodiff,0.9996010661125183,1,651,0.1935272067785263
150.097207,0.9599818587303162,real_tanh_autodiff,1.0000605583190918,1,695,0.20509780943393707
160.173122,1.080876350402832,real_tanh_autodiff,1.0049939155578613,1,742,0.22778670489788055
170.125353,0.9630317091941833,real_tanh_autodiff,1.0085872411727905,1,789,0.2479584664106369
180.195334,0.7998852133750916,real_tanh_autodiff,1.0182487964630127,1,834,0.29676195979118347
190.058053,0.755305826663971,real_tanh_autodiff,1.0224225521087646,1,878,0.2948833405971527
200.126475,0.6672143340110779,real_tanh_autodiff,1.0293813943862915,1,923,0.3002238869667053
210.119881,0.6627330780029297,real_tanh_autodiff,1.0342694520950317,1,971,0.3102496266365051
220.086306,0.6208069920539856,real_tanh_autodiff,1.032522439956665,1,1019,0.31685909628868103
230.111311,0.5314377546310425,real_tanh_autodiff,1.0320322513580322,1,1067,0.3122216463088989
240.110206,0.526278018951416,real_tanh_autodiff,1.0260015726089478,1,1115,0.30535465478897095
250.027751,0.6214815974235535,real_tanh_autodiff,1.0171773433685303,1,1163,0.3380913734436035
260.170303,0.720640242099762,real_tanh_autodiff,1.012825608253479,1,1212,0.30312174558639526
270.096416,0.4630003571510315,real_tanh_autodiff,1.0047188997268677,1,1260,0.3174836039543152
280.05016,0.3980802893638611,real_tanh_autodiff,0.9920123219490051,1,1308,0.3062717914581299
290.001719,0.41164663434028625,real_tanh_autodiff,0.9799403548240662,1,1356,0.2876495122909546
300.147934,0.3471311628818512,real_tanh_autodiff,0.964002251625061,1,1405,0.30773231387138367
310.090649,0.4599342942237854,real_tanh_autodiff,0.9523846507072449,1,1453,0.2825024127960205
320.044006,0.34509506821632385,real_tanh_autodiff,0.9397955536842346,1,1501,0.280552476644516
330.014406,0.3180182874202728,real_tanh_autodiff,0.9244357347488403,1,1549,0.2777116596698761
340.174337,0.29591742157936096,real_tanh_autodiff,0.9079480767250061,1,1598,0.268628865480423
350.144793,0.2513008415699005,real_tanh_autodiff,0.8902423977851868,1,1646,0.2697397470474243
360.073899,0.25521180033683777,real_tanh_autodiff,0.8706811666488647,1,1694,0.24570897221565247
370.17546,0.28130319714546204,real_tanh_autodiff,0.8557513952255249,1,1743,0.24328427016735077
380.10488,0.2289203554391861,real_tanh_autodiff,0.8397576808929443,1,1791,0.22414594888687134
390.10864,0.17785054445266724,real_tanh_autodiff,0.8261368274688721,1,1839,0.2255478948354721
400.043104,0.20705384016036987,real_tanh_autodiff,0.812717080116272,1,1887,0.21594317257404327
410.07593,0.16312216222286224,real_tanh_autodiff,0.7940917015075684,1,1935,0.21317380666732788
420.017624,0.18880341947078705,real_tanh_autodiff,0.7866473197937012,1,1980,0.20632140338420868
430.014639,0.18102280795574188,real_tanh_autodiff,0.7664700746536255,1,2027,0.1923796832561493
440.162393,0.14893025159835815,real_tanh_autodiff,0.7488282918930054,1,2076,0.19363351166248322
450.13536,0.20132271945476532,real_tanh_autodiff,0.7285755276679993,1,2124,0.18941928446292877
460.085388,0.12913711369037628,real_tanh_autodiff,0.7134947180747986,1,2170,0.18606805801391602
470.139976,0.11790810525417328,real_tanh_autodiff,0.6995821595191956,1,2215,0.1897066980600357
480.006008,0.26908785104751587,real_tanh_autodiff,0.6909159421920776,1,2259,0.17798036336898804
490.077306,0.13621854782104492,real_tanh_autodiff,0.6783262491226196,1,2304,0.16548022627830505
500.076696,0.12509983777999878,real_tanh_autodiff,0.6686651706695557,1,2349,0.16330310702323914
510.168039,0.14434988796710968,real_tanh_autodiff,0.6489654779434204,1,2394,0.16281357407569885
520.213582,0.11008437722921371,real_tanh_autodiff,0.6343116164207458,1,2440,0.1405806690454483
530.059459,0.09463153034448624,real_tanh_autodiff,0.6168112754821777,1,2484,0.1404549479484558
540.084248,0.07149899005889893,real_tanh_autodiff,0.6018185615539551,1,2531,0.13300779461860657
550.194178,0.09217782318592072,real_tanh_autodiff,0.5857522487640381,1,2580,0.13191737234592438
560.129917,0.0636027455329895,real_tanh_autodiff,0.5686774253845215,1,2628,0.12020066380500793
570.135591,0.05758187919855118,real_tanh_autodiff,0.5483146905899048,1,2676,0.11693087220191956
580.143182,0.04809499904513359,real_tanh_autodiff,0.5288665294647217,1,2724,0.10897085815668106
590.141467,0.0695972889661789,real_tanh_autodiff,0.5129762887954712,1,2772,0.10467556864023209
600.170734,0.07104901969432831,real_tanh_autodiff,0.5004439353942871,1,2820,0.10042476654052734
610.191783,0.04403971880674362,real_tanh_autodiff,0.48380428552627563,1,2868,0.09401045739650726
620.128566,0.03931663557887077,real_tanh_autodiff,0.46821150183677673,1,2916,0.09090359508991241
630.081657,0.03764191269874573,real_tanh_autodiff,0.4509628713130951,1,2964,0.08988475799560547
640.051127,0.03576076775789261,real_tanh_autodiff,0.4390387535095215,1,3012,0.08231357485055923
650.005802,0.03271116688847542,real_tanh_autodiff,0.4246140718460083,1,3060,0.08046131581068039
660.084094,0.031207548454403877,real_tanh_autodiff,0.410965234041214,1,3108,0.07533951848745346
670.176359,0.03061225265264511,real_tanh_autodiff,0.39805495738983154,1,3156,0.07374896854162216
680.006355,0.02692331373691559,real_tanh_autodiff,0.3866260051727295,1,3203,0.0704972967505455
690.002508,0.0246403981000185,real_tanh_autodiff,0.3763565719127655,1,3251,0.06788420677185059
700.144872,0.02683189883828163,real_tanh_autodiff,0.36723366379737854,1,3300,0.06548655778169632
710.086669,0.022765830159187317,real_tanh_autodiff,0.3547384738922119,1,3348,0.062086932361125946
720.07795,0.023795798420906067,real_tanh_autodiff,0.3461063802242279,1,3396,0.06055019050836563
730.038593,0.021840518340468407,real_tanh_autodiff,0.3387378752231598,1,3444,0.058158040046691895
740.154712,0.020946599543094635,real_tanh_autodiff,0.33036401867866516,1,3493,0.0559283085167408
750.100587,0.019987640902400017,real_tanh_autodiff,0.32108086347579956,1,3541,0.05474439263343811
760.120281,0.02004980854690075,real_tanh_autodiff,0.31348732113838196,1,3589,0.05289265140891075
770.185203,0.019315466284751892,real_tanh_autodiff,0.3062676191329956,1,3637,0.05100351944565773
780.163119,0.018338743597269058,real_tanh_autodiff,0.29965901374816895,1,3685,0.04917183518409729
790.00363,0.017370082437992096,real_tanh_autodiff,0.29299798607826233,1,3732,0.04860003665089607
800.13771,0.018585463985800743,real_tanh_autodiff,0.28749576210975647,1,3779,0.047346655279397964
810.044747,0.017249520868062973,real_tanh_autodiff,0.282624214887619,1,3823,0.0451141893863678
820.106197,0.015604056417942047,real_tanh_autodiff,0.2779175341129303,1,3870,0.044371042400598526
830.083691,0.016316384077072144,real_tanh_autodiff,0.275171160697937,1,3916,0.044534120708703995
840.179271,0.015163796953856945,real_tanh_autodiff,0.2698921859264374,1,3961,0.04241771623492241
850.040539,0.01498081162571907,real_tanh_autodiff,0.27180585265159607,1,4005,0.04179486259818077
860.144484,0.01520009059458971,real_tanh_autodiff,0.26266998052597046,1,4050,0.04033641517162323
870.026182,0.014456363394856453,real_tanh_autodiff,0.25829511880874634,1,4094,0.04036281257867813
880.055746,0.014225874096155167,real_tanh_autodiff,0.25314566493034363,1,4141,0.03996208682656288
890.192696,0.014273971319198608,real_tanh_autodiff,0.2507021129131317,1,4190,0.03803199902176857
900.163476,0.014100155793130398,real_tanh_autodiff,0.2467781901359558,1,4238,0.037133120000362396
910.029616,0.013311524875462055,real_tanh_autodiff,0.24655331671237946,1,4285,0.03740806132555008
920.012113,0.012441997416317463,real_tanh_autodiff,0.2428857982158661,1,4333,0.03596038371324539
930.201952,0.013909932225942612,real_tanh_autodiff,0.2377573847770691,1,4382,0.035909444093704224
940.017598,0.012439960613846779,real_tanh_autodiff,0.23726874589920044,1,4429,0.03464234992861748
950.185709,0.012886552140116692,real_tanh_autodiff,0.23390763998031616,1,4478,0.03451843559741974
960.193379,0.012626368552446365,real_tanh_autodiff,0.23033872246742249,1,4526,0.033768199384212494
970.171294,0.01258052233606577,real_tanh_autodiff,0.2279122918844223,1,4574,0.03306489810347557
980.148003,0.011626392602920532,real_tanh_autodiff,0.23124966025352478,1,4622,0.03253880515694618
990.112099,0.011703135445713997,real_tanh_autodiff,0.22262884676456451,1,4670,0.03232518956065178
1000.121374,0.011889589950442314,real_tanh_autodiff,0.22079436480998993,1,4718,0.03195074573159218
1010.087156,0.0115374606102705,real_tanh_autodiff,0.21828149259090424,1,4766,0.0313379131257534
1020.053183,0.011566993780434132,real_tanh_autodiff,0.21699164807796478,1,4814,0.031042668968439102
1030.091462,0.01186305657029152,real_tanh_autodiff,0.2152874916791916,1,4862,0.03042018786072731
1040.082617,0.011324976570904255,real_tanh_autodiff,0.2124883085489273,1,4910,0.030194861814379692
1050.102662,0.010840578004717827,real_tanh_autodiff,0.2103867083787918,1,4958,0.030063355341553688
1060.099889,0.01099599339067936,real_tanh_autodiff,0.21273283660411835,1,5006,0.0296954233199358
1070.052906,0.010443329811096191,real_tanh_autodiff,0.2084396332502365,1,5054,0.029138384386897087
1080.02115,0.011100073345005512,real_tanh_autodiff,0.2061128467321396,1,5102,0.028950268402695656
1090.047173,0.010488828644156456,real_tanh_autodiff,0.20468837022781372,1,5150,0.028526196256279945
1100.008325,0.010058610700070858,real_tanh_autodiff,0.20270444452762604,1,5198,0.02803947776556015
1110.177775,0.009989500045776367,real_tanh_autodiff,0.20161893963813782,1,5247,0.02809399738907814
1120.220028,0.009770750999450684,real_tanh_autodiff,0.20145899057388306,1,5295,0.027770431712269783
1130.049673,0.009394197724759579,real_tanh_autodiff,0.19842082262039185,1,5340,0.027705401182174683
1140.047267,0.009922781027853489,real_tanh_autodiff,0.1977522224187851,1,5387,0.02692614495754242
1150.055302,0.009940795600414276,real_tanh_autodiff,0.19718995690345764,1,5428,0.027331307530403137
1160.067072,0.009538520127534866,real_tanh_autodiff,0.19613516330718994,1,5469,0.026877839118242264
1170.062854,0.010101094841957092,real_tanh_autodiff,0.19554726779460907,1,5510,0.026798903942108154
1180.152554,0.010052558965981007,real_tanh_autodiff,0.19767068326473236,1,5551,0.02635304443538189
1190.1352,0.00943614449352026,real_tanh_autodiff,0.1912197768688202,1,5592,0.02625427395105362
1200.084111,0.009396652691066265,real_tanh_autodiff,0.18968473374843597,1,5633,0.026091622188687325
0.0,29.227340698242188,war,1.0997062921524048,2,0,1.0451322793960571
10.049678,0.7275131940841675,war,1.3307048082351685,2,181,0.11386443674564362
20.017161,0.28390735387802124,war,1.0409575700759888,2,362,0.09246461093425751
30.013886,0.20660845935344696,war,0.9932650327682495,2,544,0.0895560011267662
40.002969,0.18997499346733093,war,0.981301486492157,2,721,0.08879362046718597
50.0076,0.12388122826814651,war,0.9795024991035461,2,895,0.06945308297872543
60.055512,0.1072133332490921,war,0.9963985085487366,2,1069,0.06979833543300629
70.057228,0.1809995025396347,war,0.9755785465240479,2,1243,0.09109688550233841
80.0255,0.13492964208126068,war,0.9515335559844971,2,1414,0.10461777448654175
90.001988,0.06664282083511353,war,0.9160441160202026,2,1586,0.09306561946868896
100.034743,0.054551105946302414,war,0.854917585849762,2,1760,0.09279313683509827
110.028842,0.14194492995738983,war,0.7978472113609314,2,1933,0.10740137845277786
120.008551,0.05509018525481224,war,0.7765160799026489,2,2106,0.10096901655197144
130.01932,0.04222813993692398,war,0.6782110929489136,2,2281,0.09115715324878693
140.033669,0.03684128448367119,war,0.6019780039787292,2,2467,0.08376158773899078
150.03045,0.1132877841591835,war,0.5347227454185486,2,2650,0.0818229466676712
160.013754,0.019474729895591736,war,0.38944000005722046,2,2836,0.051877446472644806
170.025068,0.015228661708533764,war,0.26820313930511475,2,3022,0.04056844115257263
180.038457,0.013958564028143883,war,0.18086682260036469,2,3209,0.030937137082219124
190.030637,0.010448993183672428,war,0.1397719830274582,2,3395,0.025558223947882652
200.027499,0.010745584964752197,war,0.12923651933670044,2,3581,0.02179553546011448
210.010292,0.0044637019746005535,war,0.10569879412651062,2,3765,0.012628928758203983
220.016043,0.04831442981958389,war,0.23111256957054138,2,3952,0.03471921384334564
230.009026,0.003158927895128727,war,0.09086805582046509,2,4123,0.009582683444023132
240.012127,0.007822510786354542,war,0.0935237854719162,2,4295,0.015408933162689209
250.007432,0.005711306817829609,war,0.12278486043214798,2,4467,0.015543966554105282
260.027722,0.004280291963368654,war,0.11944185942411423,2,4639,0.010467419400811195
270.018866,0.00315377046354115,war,0.08077505230903625,2,4811,0.012612820602953434
280.025023,0.004219084046781063,war,0.08202405273914337,2,4981,0.014906764030456543
290.004523,0.01007186807692051,war,0.08840617537498474,2,5153,0.013167254626750946
300.034123,0.009418514557182789,war,0.09669665992259979,2,5326,0.01943616382777691
310.031181,0.005053029395639896,war,0.08140888810157776,2,5498,0.012664677575230598
320.054678,0.003659736830741167,war,0.07616424560546875,2,5669,0.009519492276012897
330.055749,0.011554200202226639,war,0.08134140819311142,2,5840,0.017055900767445564
340.053942,0.011734970845282078,war,0.08263633400201797,2,6012,0.016775265336036682
350.006008,0.009213946759700775,war,0.07907766103744507,2,6181,0.01311942283064127
360.03091,0.02224102057516575,war,0.0864536240696907,2,6354,0.018160400912165642
370.011663,0.016638876870274544,war,0.08991467207670212,2,6526,0.02040126360952854
380.012133,0.003719787811860442,war,0.08021821826696396,2,6698,0.007358373608440161
390.029815,0.0030398983508348465,war,0.07312420755624771,2,6870,0.009088180027902126
400.012404,0.00770955067127943,war,0.07624729722738266,2,7042,0.013853807002305984
410.0409,0.004327975679188967,war,0.11817426979541779,2,7215,0.014746926724910736
420.052711,0.0030962044838815928,war,0.070011205971241,2,7388,0.0092034712433815
430.037621,0.002716541988775134,war,0.09828334301710129,2,7558,0.008517113514244556
440.021354,0.00360051728785038,war,0.08333087712526321,2,7730,0.009109321050345898
450.003696,0.00418141158297658,war,0.06797600537538528,2,7902,0.00872729904949665
460.045624,0.012299364432692528,war,0.0785805732011795,2,8075,0.01742956042289734
470.013055,0.0027068830095231533,war,0.0780046284198761,2,8247,0.00965471938252449
480.046337,0.003674635663628578,war,0.06902004778385162,2,8423,0.007891722023487091
490.01053,0.008054927922785282,war,0.08670514076948166,2,8607,0.014017852023243904
500.028984,0.002175807487219572,war,0.09748565405607224,2,8794,0.006433793809264898
510.025283,0.0020060695242136717,war,0.06226814165711403,2,8970,0.006049295421689749
520.020838,0.0023540686815977097,war,0.06556709855794907,2,9154,0.006511748768389225
530.051062,0.006791169289499521,war,0.06646779179573059,2,9342,0.009464428760111332
540.002565,0.0025805619079619646,war,0.0589757114648819,2,9529,0.006681489758193493
550.039758,0.002461768453940749,war,0.061261873692274094,2,9717,0.006407613400369883
560.053906,0.0060705384239554405,war,0.07479051500558853,2,9901,0.007811717223376036
570.046113,0.0020656134001910686,war,0.06761544942855835,2,10073,0.006457919254899025
580.029342,0.003202376887202263,war,0.0619022436439991,2,10244,0.011026919819414616
590.00709,0.0014394292375072837,war,0.06750045716762543,2,10416,0.005942593328654766
600.043893,0.003791126888245344,war,0.07864733040332794,2,10589,0.010221864096820354
610.020302,0.0016320423455908895,war,0.05637376010417938,2,10761,0.0061278389766812325
620.028581,0.005884712561964989,war,0.056828822940588,2,10933,0.01829719915986061
630.001684,0.0018956833519041538,war,0.08036742359399796,2,11102,0.006062700878828764
640.003322,0.003452454460784793,war,0.0595657080411911,2,11274,0.010815282352268696
650.027518,0.0027275376487523317,war,0.05268467590212822,2,11447,0.010424845851957798
660.046779,0.003027412574738264,war,0.07307780534029007,2,11620,0.008659911341965199
670.011435,0.0024187976960092783,war,0.06626198440790176,2,11790,0.0075508723966777325
680.036614,0.003060834715142846,war,0.058183539658784866,2,11960,0.006483430042862892
690.023698,0.0018411882920190692,war,0.0871090218424797,2,12129,0.006113660521805286
700.002783,0.0035950946621596813,war,0.07977256178855896,2,12298,0.008266712538897991
710.01126,0.002673457143828273,war,0.0565001554787159,2,12470,0.007044932339340448
720.044463,0.002826525131240487,war,0.1275315284729004,2,12643,0.008792269043624401
730.058444,0.0017115097725763917,war,0.05555236339569092,2,12815,0.005771068390458822
740.049424,0.001958389300853014,war,0.079320028424263,2,12987,0.005917574279010296
750.044158,0.004996775183826685,war,0.07085259258747101,2,13159,0.013512765988707542
760.047474,0.001513008028268814,war,0.05732274428009987,2,13332,0.0059660146944224834
770.021557,0.0019830502569675446,war,0.05701010674238205,2,13502,0.006823048926889896
780.013379,0.0018626837991178036,war,0.07411503046751022,2,13675,0.0066037909127771854
790.017642,0.0017462038667872548,war,0.04629102349281311,2,13854,0.006420230958610773
800.035267,0.004542883951216936,war,0.0580526627600193,2,14041,0.008154530078172684
810.023684,0.0015041057486087084,war,0.052413228899240494,2,14228,0.006309880875051022
820.026783,0.0019564470276236534,war,0.063158318400383,2,14416,0.00576174259185791
830.029805,0.0015345786232501268,war,0.0685630515217781,2,14604,0.009026885963976383
840.033565,0.001252318499609828,war,0.049844369292259216,2,14790,0.005538956727832556
850.034406,0.0015501035377383232,war,0.05134257674217224,2,14978,0.00616041524335742
860.017858,0.002106759697198868,war,0.05902203917503357,2,15165,0.005628516897559166
870.019626,0.0008990085916593671,war,0.0489204004406929,2,15352,0.007316458038985729
880.034348,0.0008927422459237278,war,0.04522125422954559,2,15540,0.00584911135956645
890.033142,0.0020360543858259916,war,0.05998535081744194,2,15728,0.005654197186231613
900.026443,0.0013863567728549242,war,0.04728690907359123,2,15914,0.005644561722874641
910.020456,0.0014800084754824638,war,0.08714253455400467,2,16102,0.005751846358180046
920.050865,0.002707136794924736,war,0.048162948340177536,2,16290,0.006349622271955013
930.003021,0.0011636964045464993,war,0.047554828226566315,2,16476,0.005689273122698069
940.011674,0.0016032123239710927,war,0.059640996158123016,2,16664,0.005798790603876114
950.013664,0.00203910656273365,war,0.04277732968330383,2,16852,0.0051496303640306
960.022184,0.00147746573202312,war,0.073431596159935,2,17040,0.00610587140545249
970.049963,0.0012616225285455585,war,0.0479830726981163,2,17226,0.00577676622197032
980.022064,0.0014638151042163372,war,0.07970687747001648,2,17413,0.005568596068769693
990.051377,0.001472959527745843,war,0.048760902136564255,2,17593,0.0054777925834059715
1000.001162,0.0019128125859424472,war,0.04631319269537926,2,17765,0.005285982508212328
1010.019259,0.0012639181222766638,war,0.049496665596961975,2,17938,0.005944204982370138
1020.006678,0.002581910928711295,war,0.061168164014816284,2,18111,0.005229192320257425
1030.043827,0.0019352284725755453,war,0.05501357465982437,2,18284,0.005725218448787928
1040.054427,0.0009882909944280982,war,0.042305637151002884,2,18455,0.005291718989610672
1050.017094,0.0014797351323068142,war,0.04927421361207962,2,18626,0.005908919032663107
1060.031889,0.0015396064845845103,war,0.05177265405654907,2,18799,0.00500902533531189
1070.014975,0.0014580512652173638,war,0.044438205659389496,2,18972,0.005803896579891443
1080.004062,0.0018590048421174288,war,0.04163643717765808,2,19145,0.005378407891839743
1090.057285,0.0010316892294213176,war,0.04794285446405411,2,19319,0.0058765835128724575
1100.057584,0.0022128624841570854,war,0.06680364161729813,2,19492,0.006077636033296585
1110.02856,0.0019155172631144524,war,0.04135745391249657,2,19661,0.0055254860781133175
1120.033331,0.0011198464781045914,war,0.05210917815566063,2,19838,0.005820751190185547
1130.041629,0.0014439065707847476,war,0.05285126715898514,2,20026,0.005666807759553194
1140.00753,0.0017451562453061342,war,0.04486234113574028,2,20213,0.005311481188982725
1150.029623,0.0014246614882722497,war,0.04576308652758598,2,20401,0.005369662307202816
1160.011842,0.0013190130703151226,war,0.04204149171710014,2,20588,0.0053592463955283165
1170.036496,0.0018234967719763517,war,0.04079388082027435,2,20771,0.005462763365358114
1180.02139,0.0016191690228879452,war,0.042393554002046585,2,20958,0.00593289639800787
1190.009508,0.0013809198280796409,war,0.04795227572321892,2,21145,0.0055076745338737965
1200.049845,0.001103741000406444,war,0.043353669345378876,2,21333,0.0053148409351706505
0.0,31.78400421142578,real_tanh_autodiff,1.07447350025177,2,0,1.0894052982330322
10.234857,20.806798934936523,real_tanh_autodiff,1.005055546760559,2,45,0.9024971127510071
20.157171,2.520179271697998,real_tanh_autodiff,1.0217974185943604,2,86,0.29939574003219604
30.10339,2.1408164501190186,real_tanh_autodiff,1.0145004987716675,2,127,0.2401265799999237
40.006431,1.6847056150436401,real_tanh_autodiff,1.0147058963775635,2,168,0.2273547649383545
50.160327,1.8697288036346436,real_tanh_autodiff,1.002012848854065,2,210,0.22313359379768372
60.141103,1.6893292665481567,real_tanh_autodiff,0.9978849291801453,2,251,0.21422021090984344
70.144729,1.6300134658813477,real_tanh_autodiff,0.9946175813674927,2,292,0.22844891250133514
80.114054,1.447387933731079,real_tanh_autodiff,0.995381772518158,2,333,0.2121884971857071
90.155548,1.40598464012146,real_tanh_autodiff,0.9924650192260742,2,374,0.21636171638965607
100.144078,1.458950161933899,real_tanh_autodiff,0.991592288017273,2,415,0.2144012302160263
110.114357,1.257053017616272,real_tanh_autodiff,0.9909318685531616,2,456,0.21651923656463623
120.126161,1.3094974756240845,real_tanh_autodiff,0.9920587539672852,2,497,0.2363698035478592
130.125142,1.1180413961410522,real_tanh_autodiff,0.990108072757721,2,538,0.2560274600982666
140.067247,0.9989395141601562,real_tanh_autodiff,0.9895914793014526,2,579,0.2535237669944763
150.228575,0.8515499830245972,real_tanh_autodiff,0.9882974028587341,2,621,0.28229275345802307
160.130665,0.9621472358703613,real_tanh_autodiff,0.9834432005882263,2,662,0.30449360609054565
170.028267,0.9900861978530884,real_tanh_autodiff,0.9793745875358582,2,703,0.31166476011276245
180.210494,0.8484682440757751,real_tanh_autodiff,0.9846742153167725,2,745,0.33595481514930725
190.139894,0.6820557713508606,real_tanh_autodiff,0.9700208902359009,2,786,0.3413853943347931
200.102082,0.7415659427642822,real_tanh_autodiff,0.9671899676322937,2,827,0.3458020091056824
210.056068,1.1020488739013672,real_tanh_autodiff,0.9664408564567566,2,868,0.34951943159103394
220.023174,0.6703953146934509,real_tanh_autodiff,0.9599339962005615,2,909,0.3521875739097595
230.206895,0.5611681342124939,real_tanh_autodiff,0.9543560147285461,2,951,0.34477490186691284
240.102426,0.6001515984535217,real_tanh_autodiff,0.9489383101463318,2,992,0.34326717257499695
250.239541,0.4978245198726654,real_tanh_autodiff,0.9418056607246399,2,1034,0.34689652919769287
260.116574,0.548714280128479,real_tanh_autodiff,0.9341288805007935,2,1075,0.34677377343177795
270.086251,0.5102052688598633,real_tanh_autodiff,0.9254680871963501,2,1116,0.3383577764034271
280.011699,0.4487675726413727,real_tanh_autodiff,0.9158342480659485,2,1157,0.33459487557411194
290.212953,0.4221747815608978,real_tanh_autodiff,0.9073190093040466,2,1199,0.326705664396286
300.113303,0.4504929482936859,real_tanh_autodiff,0.8997051119804382,2,1240,0.31752121448516846
310.02347,0.4378492832183838,real_tanh_autodiff,0.8925855755805969,2,1281,0.3039381802082062
320.209654,0.3802189230918884,real_tanh_autodiff,0.8789250254631042,2,1323,0.301997572183609
330.191711,0.4038316011428833,real_tanh_autodiff,0.8708182573318481,2,1364,0.29413560032844543
340.128097,0.31654849648475647,real_tanh_autodiff,0.861360490322113,2,1405,0.28045454621315
350.075928,0.3686010241508484,real_tanh_autodiff,0.8488028049468994,2,1446,0.27478280663490295
360.05145,0.26290515065193176,real_tanh_autodiff,0.8420982360839844,2,1487,0.2679453194141388
370.005482,0.4256250560283661,real_tanh_autodiff,0.8315030336380005,2,1528,0.2588065564632416
380.172706,0.28478604555130005,real_tanh_autodiff,0.8215422034263611,2,1570,0.25804296135902405
390.108526,0.21813087165355682,real_tanh_autodiff,0.8117182850837708,2,1611,0.26176223158836365
400.060655,0.23214054107666016,real_tanh_autodiff,0.7988382577896118,2,1652,0.25302401185035706
410.006789,0.25614461302757263,real_tanh_autodiff,0.7877798080444336,2,1693,0.2361242026090622
420.196992,0.22662562131881714,real_tanh_autodiff,0.7770913243293762,2,1735,0.22980870306491852
430.136364,0.22058717906475067,real_tanh_autodiff,0.7667614817619324,2,1776,0.22589032351970673
440.067877,0.2103610336780548,real_tanh_autodiff,0.7532907128334045,2,1817,0.2205381691455841
450.058445,0.1955539733171463,real_tanh_autodiff,0.7411534190177917,2,1858,0.21880218386650085
460.223412,0.208852156996727,real_tanh_autodiff,0.7268551588058472,2,1900,0.20902103185653687
470.162696,0.15758919715881348,real_tanh_autodiff,0.7171137928962708,2,1941,0.2018793225288391
480.094806,0.15648257732391357,real_tanh_autodiff,0.706342339515686,2,1982,0.1926189661026001
490.026077,0.15218481421470642,real_tanh_autodiff,0.695969820022583,2,2023,0.19189046323299408
500.207796,0.134855717420578,real_tanh_autodiff,0.6824902296066284,2,2065,0.18693602085113525
510.17388,0.1548888236284256,real_tanh_autodiff,0.6688751578330994,2,2106,0.1850987672805786
520.148888,0.15668046474456787,real_tanh_autodiff,0.6551544666290283,2,2147,0.17503707110881805
530.10711,0.10253281146287918,real_tanh_autodiff,0.6410982608795166,2,2188,0.16787639260292053
540.054892,0.18846726417541504,real_tanh_autodiff,0.6281954050064087,2,2229,0.1693882942199707
550.016385,0.10606059432029724,real_tanh_autodiff,0.6163831949234009,2,2270,0.15585173666477203
560.216855,0.10130935162305832,real_tanh_autodiff,0.6051263809204102,2,2312,0.14779233932495117
570.180323,0.09001844376325607,real_tanh_autodiff,0.5947420001029968,2,2353,0.14711274206638336
580.144597,0.10450933128595352,real_tanh_autodiff,0.5844442844390869,2,2394,0.13991358876228333
590.153076,0.07933373749256134,real_tanh_autodiff,0.5697569847106934,2,2435,0.13797733187675476
600.169262,0.07556096464395523,real_tanh_autodiff,0.5597659349441528,2,2476,0.1324070245027542
610.159552,0.07026305049657822,real_tanh_autodiff,0.5506232380867004,2,2517,0.1321856826543808
620.180926,0.08283168077468872,real_tanh_autodiff,0.5412043333053589,2,2558,0.124139204621315
630.219753,0.06772937625646591,real_tanh_autodiff,0.5323898196220398,2,2599,0.1265391856431961
640.014152,0.07036489248275757,real_tanh_autodiff,0.5229895114898682,2,2639,0.12128400057554245
650.038297,0.06517387926578522,real_tanh_autodiff,0.5139113068580627,2,2680,0.11691685765981674
660.028405,0.05865015089511871,real_tanh_autodiff,0.5041294097900391,2,2721,0.11457470804452896
670.006111,0.06854330748319626,real_tanh_autodiff,0.4950198531150818,2,2762,0.11205075681209564
680.235833,0.055941805243492126,real_tanh_autodiff,0.4851081669330597,2,2804,0.10751400142908096
690.239166,0.06084098666906357,real_tanh_autodiff,0.47597160935401917,2,2845,0.10156574100255966
700.204405,0.03911164402961731,real_tanh_autodiff,0.4653915464878082,2,2886,0.09846041351556778
710.17512,0.03383283689618111,real_tanh_autodiff,0.45573973655700684,2,2927,0.09475879371166229
720.150216,0.032629478722810745,real_tanh_autodiff,0.44470274448394775,2,2968,0.0915151834487915
730.072977,0.031003208830952644,real_tanh_autodiff,0.43460726737976074,2,3009,0.08853249996900558
740.026155,0.030983207747340202,real_tanh_autodiff,0.425925076007843,2,3050,0.08434408903121948
750.001556,0.028869012370705605,real_tanh_autodiff,0.41550445556640625,2,3091,0.0817284882068634
760.21606,0.027403557673096657,real_tanh_autodiff,0.40862834453582764,2,3133,0.07902320474386215
770.193694,0.026947835460305214,real_tanh_autodiff,0.39820608496665955,2,3174,0.07779975980520248
780.177852,0.0261551383882761,real_tanh_autodiff,0.39051353931427,2,3215,0.07490210235118866
790.147872,0.024162594228982925,real_tanh_autodiff,0.38277068734169006,2,3256,0.0734838992357254
800.079901,0.023998118937015533,real_tanh_autodiff,0.37469565868377686,2,3297,0.07092389464378357
810.084998,0.022732408717274666,real_tanh_autodiff,0.3696744441986084,2,3338,0.0687529519200325
820.046435,0.022515051066875458,real_tanh_autodiff,0.3617824912071228,2,3379,0.06719311326742172
830.038725,0.020821573212742805,real_tanh_autodiff,0.35836514830589294,2,3420,0.06598309427499771
840.046634,0.021085206419229507,real_tanh_autodiff,0.35269731283187866,2,3461,0.064559206366539
850.225198,0.020143181085586548,real_tanh_autodiff,0.3447245657444,2,3503,0.06311608850955963
860.152534,0.019629569724202156,real_tanh_autodiff,0.339607834815979,2,3544,0.061390530318021774
870.136105,0.020639624446630478,real_tanh_autodiff,0.3376435935497284,2,3585,0.060292571783065796
880.117875,0.019212642684578896,real_tanh_autodiff,0.3304227292537689,2,3626,0.05901776999235153
890.088073,0.01813395693898201,real_tanh_autodiff,0.32613059878349304,2,3667,0.058625198900699615
900.069306,0.018584420904517174,real_tanh_autodiff,0.3236336410045624,2,3708,0.05741573125123978
910.028039,0.017094863578677177,real_tanh_autodiff,0.3176001310348511,2,3749,0.05561632663011551
920.022191,0.017959967255592346,real_tanh_autodiff,0.31959763169288635,2,3790,0.05506172403693199
930.052351,0.016885070130228996,real_tanh_autodiff,0.30996090173721313,2,3831,0.05397246778011322
940.027535,0.016922801733016968,real_tanh_autodiff,0.3131238520145416,2,3872,0.053290821611881256
950.048412,0.016559891402721405,real_tanh_autodiff,0.3042687475681305,2,3913,0.052195221185684204
960.008642,0.016101982444524765,real_tanh_autodiff,0.30074343085289,2,3954,0.05194742977619171
970.204885,0.016016753390431404,real_tanh_autodiff,0.2972007989883423,2,3996,0.05096656084060669
980.171068,0.016896741464734077,real_tanh_autodiff,0.29393595457077026,2,4037,0.05046425387263298
990.147825,0.015109028667211533,real_tanh_autodiff,0.29311081767082214,2,4078,0.049537766724824905
1000.125856,0.014866026118397713,real_tanh_autodiff,0.28927868604660034,2,4119,0.049149222671985626
1010.139827,0.014618759043514729,real_tanh_autodiff,0.28547877073287964,2,4160,0.048432886600494385
1020.140679,0.01422591507434845,real_tanh_autodiff,0.2855874300003052,2,4201,0.04766162484884262
1030.134479,0.013833630830049515,real_tanh_autodiff,0.27996203303337097,2,4242,0.04736417904496193
1040.100756,0.014599291607737541,real_tanh_autodiff,0.2831233739852905,2,4283,0.046620987355709076
1050.107863,0.013555837795138359,real_tanh_autodiff,0.2755977511405945,2,4324,0.046054989099502563
1060.105924,0.014366205781698227,real_tanh_autodiff,0.2798250913619995,2,4365,0.04594257473945618
1070.113791,0.013661297969520092,real_tanh_autodiff,0.27339494228363037,2,4406,0.04530182108283043
1080.055542,0.014344826340675354,real_tanh_autodiff,0.26955369114875793,2,4447,0.04460630565881729
1090.23113,0.01358577236533165,real_tanh_autodiff,0.27242377400398254,2,4489,0.044050946831703186
1100.180701,0.013665284030139446,real_tanh_autodiff,0.2649678885936737,2,4530,0.0436161532998085
1110.1441,0.013000664301216602,real_tanh_autodiff,0.2635785639286041,2,4571,0.04297385737299919
1120.091922,0.013061353005468845,real_tanh_autodiff,0.26127350330352783,2,4612,0.0428919717669487
1130.086607,0.013622908852994442,real_tanh_autodiff,0.26153773069381714,2,4653,0.04259663075208664
1140.00469,0.012171118520200253,real_tanh_autodiff,0.25952643156051636,2,4694,0.041914571076631546
1150.179796,0.012362240813672543,real_tanh_autodiff,0.2557201385498047,2,4736,0.041751038283109665
1160.120044,0.013353605754673481,real_tanh_autodiff,0.25416678190231323,2,4777,0.04169055446982384
1170.114512,0.012806410901248455,real_tanh_autodiff,0.25306329131126404,2,4818,0.04092974215745926
1180.125365,0.012580221518874168,real_tanh_autodiff,0.25315597653388977,2,4859,0.04071545973420143
1190.14753,0.011141255497932434,real_tanh_autodiff,0.24967385828495026,2,4900,0.040174614638090134
1200.096321,0.011747398413717747,real_tanh_autodiff,0.2518587112426758,2,4941,0.039787113666534424
0.0,27.60523796081543,war,1.2289161682128906,3,0,1.051964282989502
10.028914,24.80602264404297,war,1.0032514333724976,3,179,1.00030517578125
20.047268,14.734087944030762,war,1.0040615797042847,3,357,0.6984025239944458
30.05666,1.5011141300201416,war,1.0081274509429932,3,531,0.14653657376766205
40.006998,0.263296514749527,war,0.9930478930473328,3,704,0.09570334851741791
50.023196,0.17900116741657257,war,0.9849022626876831,3,878,0.08583946526050568
60.046283,0.1310722827911377,war,0.9779714345932007,3,1052,0.06804435700178146
70.010401,0.12493187189102173,war,0.9811917543411255,3,1225,0.0728287622332573
80.025304,0.10571449995040894,war,0.9763778448104858,3,1398,0.08809325098991394
90.005498,0.07119028270244598,war,0.951759934425354,3,1571,0.09613090753555298
100.027678,0.07761259377002716,war,0.9056413173675537,3,1745,0.1031622588634491
110.024989,0.05893451347947121,war,0.8644774556159973,3,1918,0.10102835297584534
120.041711,0.04806313291192055,war,0.8108154535293579,3,2091,0.10086128860712051
130.015711,0.054268207401037216,war,0.743161678314209,3,2264,0.09765120595693588
140.053731,0.04158700630068779,war,0.6632812023162842,3,2438,0.08876407146453857
150.000996,0.05030572786927223,war,0.6027086973190308,3,2609,0.09060931205749512
160.035774,0.030700357630848885,war,0.5258733034133911,3,2783,0.07328803092241287
170.015545,0.032848380506038666,war,0.47276389598846436,3,2956,0.06528286635875702
180.037023,0.02548060566186905,war,0.40836530923843384,3,3129,0.05818167328834534
190.016733,0.05448969453573227,war,0.38448333740234375,3,3302,0.05692717060446739
200.05426,0.01943725347518921,war,0.3072075843811035,3,3476,0.042635735124349594
210.047413,0.02088038995862007,war,0.264614462852478,3,3649,0.04490424692630768
220.044547,0.020584389567375183,war,0.23968635499477386,3,3821,0.03836061432957649
230.032584,0.030287865549325943,war,0.22594201564788818,3,3994,0.034360405057668686
240.051253,0.01334767509251833,war,0.18109843134880066,3,4167,0.027670349925756454
250.028922,0.02407035045325756,war,0.16890166699886322,3,4340,0.029702818021178246
260.034239,0.023119589313864708,war,0.14772792160511017,3,4512,0.02512877993285656
270.010028,0.004563531372696161,war,0.18734510242938995,3,4684,0.015918899327516556
280.032732,0.011348209343850613,war,0.14535798132419586,3,4857,0.02238057553768158
290.048647,0.011601844802498817,war,0.1303987056016922,3,5029,0.016404753550887108
300.017522,0.012208975851535797,war,0.14105790853500366,3,5201,0.020721863955259323
310.045592,0.032452210783958435,war,0.13028892874717712,3,5375,0.025703703984618187
320.018449,0.007376953028142452,war,0.11277811229228973,3,5548,0.016887083649635315
330.001712,0.007067820522934198,war,0.1067730188369751,3,5721,0.015093287453055382
340.015417,0.0041723232716321945,war,0.09692133963108063,3,5895,0.015267821028828621
350.028435,0.016080860048532486,war,0.10114503651857376,3,6068,0.01947973482310772
360.025386,0.005878731142729521,war,0.08754244446754456,3,6239,0.014560281299054623
370.002731,0.0067876409739255905,war,0.11710043251514435,3,6412,0.0165693499147892
380.025352,0.011100760661065578,war,0.11037474125623703,3,6586,0.023964323103427887
390.02519,0.006842431612312794,war,0.08971910923719406,3,6760,0.01303364709019661
400.013259,0.005375032313168049,war,0.08518461138010025,3,6934,0.016268860548734665
410.027787,0.015800999477505684,war,0.11152420192956924,3,7108,0.021925006061792374
420.008736,0.020927485078573227,war,0.11981873959302902,3,7281,0.012243068777024746
430.008907,0.005590003449469805,war,0.0963321179151535,3,7454,0.01414266973733902
440.036004,0.0028410451486706734,war,0.07304121553897858,3,7628,0.009777691215276718
450.045761,0.005582213867455721,war,0.10597850382328033,3,7802,0.012727184221148491
460.03269,0.013922987505793571,war,0.10094182193279266,3,7976,0.01648523658514023
470.012432,0.0033840439282357693,war,0.08315839618444443,3,8150,0.01166615728288889
480.055672,0.003714791964739561,war,0.07154165208339691,3,8324,0.011148670688271523
490.037896,0.0024447208270430565,war,0.08557694405317307,3,8498,0.009135975502431393
500.055691,0.003376486012712121,war,0.0720365047454834,3,8671,0.009504429064691067
510.030736,0.0035134959034621716,war,0.08158201724290848,3,8845,0.011104987934231758
520.014139,0.003281955374404788,war,0.06526271998882294,3,9019,0.009766253642737865
530.057495,0.004526324104517698,war,0.0774586945772171,3,9193,0.014427739195525646
540.034494,0.0021583037450909615,war,0.06379786878824234,3,9366,0.008029130287468433
550.040405,0.006713764742016792,war,0.07353454828262329,3,9540,0.012035287916660309
560.005685,0.005671253893524408,war,0.06622757017612457,3,9713,0.010670840740203857
570.054414,0.002064092317596078,war,0.07150182873010635,3,9887,0.00713046919554472
580.044954,0.004769046790897846,war,0.0858786553144455,3,10061,0.009563500061631203
590.02437,0.0021091443486511707,war,0.0652388334274292,3,10234,0.007697300519794226
600.035134,0.007298488635569811,war,0.06090784817934036,3,10408,0.020033108070492744
610.022058,0.003389297751709819,war,0.11211582273244858,3,10582,0.00855157058686018
620.016525,0.0035184668377041817,war,0.05728347226977348,3,10756,0.008240441791713238
630.012491,0.0027622778434306383,war,0.05835433304309845,3,10943,0.010892516002058983
640.018607,0.0031014822889119387,war,0.05529900640249252,3,11128,0.008258625864982605
650.008564,0.002579597756266594,war,0.07407031208276749,3,11314,0.008215448819100857
660.044294,0.0029759593307971954,war,0.05508754402399063,3,11500,0.008264550007879734
670.045312,0.003827485255897045,war,0.06125308945775032,3,11687,0.00776237528771162
680.015844,0.004021558910608292,war,0.07440914958715439,3,11872,0.008234718814492226
690.052204,0.0026451502926647663,war,0.062191300094127655,3,12059,0.009322348050773144
700.074236,0.002626916393637657,war,0.05364055931568146,3,12244,0.008137615397572517
710.010153,0.0025304462760686874,war,0.0748676285147667,3,12429,0.006984298583120108
720.046631,0.005196507554501295,war,0.0628696009516716,3,12615,0.012822196818888187
730.009307,0.0024397866800427437,war,0.06453245878219604,3,12801,0.006423034239560366
740.031354,0.0020699109882116318,war,0.05108589679002762,3,12989,0.007375471759587526
750.029666,0.0033661327324807644,war,0.051893189549446106,3,13176,0.00936476793140173
760.032958,0.0026261871680617332,war,0.06046966835856438,3,13363,0.006506729405373335
770.020287,0.002214680891484022,war,0.10021451860666275,3,13547,0.007572502829134464
780.030026,0.0024004108272492886,war,0.053531795740127563,3,13733,0.0071977125480771065
790.037941,0.0029740205500274897,war,0.05976374074816704,3,13920,0.007031890098005533
800.004483,0.0022162713576108217,war,0.06357833743095398,3,14106,0.007205491419881582
810.03034,0.0012464585015550256,war,0.04984722658991814,3,14293,0.006490173749625683
820.032563,0.00129345350433141,war,0.04363124072551727,3,14480,0.0062107970006763935
830.039311,0.0033639520406723022,war,0.059664901345968246,3,14667,0.00885422807186842
840.043041,0.004318010527640581,war,0.05517127364873886,3,14851,0.006236092187464237
850.031354,0.0019875196740031242,war,0.055583927780389786,3,15038,0.006742579396814108
860.033876,0.004101692233234644,war,0.05413847044110298,3,15225,0.007606887258589268
870.024051,0.002479023765772581,war,0.049481481313705444,3,15411,0.007333992049098015
880.042339,0.0013347214553505182,war,0.06588659435510635,3,15598,0.006039355881512165
890.050261,0.0023080643732100725,war,0.05245023965835571,3,15785,0.00695755984634161
900.053564,0.0013870744733139873,war,0.06917727738618851,3,15969,0.00593998096883297
910.033936,0.0015455521643161774,war,0.04802059382200241,3,16155,0.005741768050938845
920.04882,0.0017159299459308386,war,0.06598261743783951,3,16342,0.0069345696829259396
930.018721,0.002142207929864526,war,0.0671318843960762,3,16528,0.005430578254163265
940.025061,0.0015341357793658972,war,0.07182824611663818,3,16715,0.006863669026643038
950.03321,0.0013809052761644125,war,0.05425180494785309,3,16902,0.0067180064506828785
960.022352,0.0012634482700377703,war,0.04538283869624138,3,17088,0.006395132280886173
970.039438,0.002480846829712391,war,0.04944873973727226,3,17273,0.006253900937736034
980.052479,0.0011853815522044897,war,0.07552635669708252,3,17460,0.006212514825165272
990.019989,0.001643586903810501,war,0.04989134520292282,3,17646,0.005920019466429949
1000.052869,0.0010864573996514082,war,0.08400431275367737,3,17825,0.006454103626310825
1010.01742,0.0021594627760350704,war,0.05020752549171448,3,17997,0.00571298087015748
1020.029632,0.002301781438291073,war,0.08776906132698059,3,18169,0.00635890755802393
1030.008909,0.001552874338813126,war,0.08783305436372757,3,18339,0.00656863721087575
1040.033989,0.0015592336421832442,war,0.06439599394798279,3,18511,0.006289938930422068
1050.002609,0.0021623452194035053,war,0.08118008077144623,3,18682,0.006048763636499643
1060.048048,0.0016219904646277428,war,0.05135663226246834,3,18855,0.005242291837930679
1070.002671,0.0016985549591481686,war,0.05306737869977951,3,19026,0.00570156192407012
1080.055216,0.0018389202887192369,war,0.04663495346903801,3,19197,0.0059836325235664845
1090.020495,0.0018707476556301117,war,0.05869726091623306,3,19368,0.005491447634994984
1100.034464,0.0016527156112715602,war,0.10941718518733978,3,19551,0.005785535089671612
1110.017351,0.0030923434533178806,war,0.05262579023838043,3,19722,0.006105244159698486
1120.034078,0.0008305226801894605,war,0.04799707978963852,3,19893,0.005521776620298624
1130.02986,0.0012372452765703201,war,0.06403761357069016,3,20064,0.005920066498219967
1140.020857,0.0019083464285358787,war,0.03983357548713684,3,20234,0.005396947730332613
1150.04054,0.0020362280774861574,war,0.06307867914438248,3,20406,0.006231955252587795
1160.039976,0.0018014058005064726,war,0.041713178157806396,3,20577,0.006117102690041065
1170.006262,0.0022949804551899433,war,0.07404523342847824,3,20746,0.006372037809342146
1180.009651,0.001322638476267457,war,0.05917773395776749,3,20918,0.006179998628795147
1190.024012,0.0020290720276534557,war,0.07651208341121674,3,21091,0.005934707820415497
1200.046308,0.0014613005332648754,war,0.04250400513410568,3,21263,0.006256910972297192
0.0,27.863798141479492,real_tanh_autodiff,1.345645546913147,3,0,1.0462008714675903
10.09916,18.33561134338379,real_tanh_autodiff,1.0611571073532104,3,47,0.8265074491500854
20.122941,4.837045669555664,real_tanh_autodiff,1.033581018447876,3,95,0.39806488156318665
30.144811,2.275390148162842,real_tanh_autodiff,1.0483893156051636,3,143,0.2510435879230499
40.144619,2.1088664531707764,real_tanh_autodiff,1.0118460655212402,3,191,0.23470722138881683
50.168456,1.9542802572250366,real_tanh_autodiff,1.0145491361618042,3,239,0.2264631986618042
60.116999,2.0065951347351074,real_tanh_autodiff,1.0095291137695312,3,287,0.2477627545595169
70.076224,1.6908190250396729,real_tanh_autodiff,1.0063737630844116,3,335,0.21226559579372406
80.141982,1.5525113344192505,real_tanh_autodiff,1.033604621887207,3,383,0.2123277634382248
90.15722,1.3989770412445068,real_tanh_autodiff,1.0186288356781006,3,428,0.22075219452381134
100.082852,1.5155900716781616,real_tanh_autodiff,1.0059189796447754,3,472,0.22179454565048218
110.037819,1.4547291994094849,real_tanh_autodiff,1.0148251056671143,3,516,0.23195451498031616
120.147728,1.2451691627502441,real_tanh_autodiff,1.0149016380310059,3,561,0.2871289551258087
130.14397,1.0943683385849,real_tanh_autodiff,1.0295379161834717,3,608,0.29663169384002686
140.170032,0.9022943377494812,real_tanh_autodiff,1.038634181022644,3,656,0.3190379738807678
150.17785,0.9356257319450378,real_tanh_autodiff,1.0481728315353394,3,702,0.33785179257392883
160.154454,0.7216489315032959,real_tanh_autodiff,1.052813172340393,3,743,0.34192323684692383
170.223037,0.9439816474914551,real_tanh_autodiff,1.0614962577819824,3,784,0.36246946454048157
180.187788,0.7632767558097839,real_tanh_autodiff,1.0518217086791992,3,825,0.36041682958602905
190.167722,0.5905471444129944,real_tanh_autodiff,1.0451849699020386,3,866,0.3798060417175293
200.218242,0.6323245167732239,real_tanh_autodiff,1.0421562194824219,3,907,0.36374199390411377
210.031575,0.5650131702423096,real_tanh_autodiff,1.0323511362075806,3,947,0.35505592823028564
220.026444,0.4939436614513397,real_tanh_autodiff,1.0257424116134644,3,988,0.3580074608325958
230.076844,0.5357347726821899,real_tanh_autodiff,1.0165307521820068,3,1029,0.36126255989074707
240.153049,0.47444644570350647,real_tanh_autodiff,1.0068061351776123,3,1070,0.34346017241477966
250.187011,0.48480185866355896,real_tanh_autodiff,0.9957687258720398,3,1111,0.34555843472480774
260.246707,0.42532211542129517,real_tanh_autodiff,0.9822813868522644,3,1152,0.33270934224128723
270.101096,0.49846693873405457,real_tanh_autodiff,0.9703769683837891,3,1192,0.3271642327308655
280.194446,0.3891213834285736,real_tanh_autodiff,0.954430103302002,3,1233,0.31864067912101746
290.0577,0.3768022656440735,real_tanh_autodiff,0.9394506812095642,3,1273,0.3190556466579437
300.160997,0.5130299925804138,real_tanh_autodiff,0.9293577671051025,3,1314,0.2981261610984802
310.201618,0.5089911818504333,real_tanh_autodiff,0.9151594638824463,3,1355,0.3055519759654999
320.185203,0.4787609577178955,real_tanh_autodiff,0.9014286398887634,3,1396,0.300605833530426
330.154517,0.35491111874580383,real_tanh_autodiff,0.8810768127441406,3,1437,0.27567264437675476
340.125747,0.30428171157836914,real_tanh_autodiff,0.8587090373039246,3,1479,0.28178098797798157
350.188239,0.3445325195789337,real_tanh_autodiff,0.8357269763946533,3,1522,0.2622905373573303
360.006061,0.2878129482269287,real_tanh_autodiff,0.8175244927406311,3,1566,0.25820279121398926
370.071076,0.2686942517757416,real_tanh_autodiff,0.7934490442276001,3,1612,0.2537151575088501
380.115356,0.3289458155632019,real_tanh_autodiff,0.7681995034217834,3,1658,0.23822569847106934
390.215145,0.22183291614055634,real_tanh_autodiff,0.7481651902198792,3,1704,0.23403148353099823
400.046923,0.20820778608322144,real_tanh_autodiff,0.7270447015762329,3,1749,0.23478254675865173
410.070407,0.1845705807209015,real_tanh_autodiff,0.7072707414627075,3,1795,0.2226639986038208
420.091079,0.1958344280719757,real_tanh_autodiff,0.6884217262268066,3,1841,0.2155718356370926
430.091004,0.17813172936439514,real_tanh_autodiff,0.6714614033699036,3,1887,0.21367526054382324
440.085391,0.17590275406837463,real_tanh_autodiff,0.6538992524147034,3,1933,0.2032167762517929
450.201695,0.1689847856760025,real_tanh_autodiff,0.6360693573951721,3,1978,0.19928281009197235
460.073756,0.1594637781381607,real_tanh_autodiff,0.6192155480384827,3,2023,0.1913299411535263
470.095282,0.1065436452627182,real_tanh_autodiff,0.6029068827629089,3,2069,0.1802775263786316
480.126662,0.09778204560279846,real_tanh_autodiff,0.580276608467102,3,2115,0.17098598182201385
490.187875,0.09312035888433456,real_tanh_autodiff,0.5572054982185364,3,2161,0.16475343704223633
500.013928,0.0906231477856636,real_tanh_autodiff,0.5356599688529968,3,2206,0.1507272869348526
510.040529,0.09051667153835297,real_tanh_autodiff,0.5211690664291382,3,2252,0.14563776552677155
520.062507,0.07069099694490433,real_tanh_autodiff,0.5042639374732971,3,2298,0.1381559818983078
530.101106,0.06596578657627106,real_tanh_autodiff,0.49028199911117554,3,2344,0.13825567066669464
540.116246,0.058025967329740524,real_tanh_autodiff,0.4731013774871826,3,2390,0.12461205571889877
550.108308,0.054046593606472015,real_tanh_autodiff,0.4576141834259033,3,2436,0.11927368491888046
560.002307,0.04662874713540077,real_tanh_autodiff,0.44057875871658325,3,2481,0.11018290370702744
570.121711,0.041186511516571045,real_tanh_autodiff,0.4268248379230499,3,2527,0.10342177748680115
580.00551,0.05162891000509262,real_tanh_autodiff,0.4129601716995239,3,2572,0.09712058305740356
590.085792,0.07034693658351898,real_tanh_autodiff,0.4005297124385834,3,2618,0.1019553542137146
600.048901,0.0604904405772686,real_tanh_autodiff,0.39421892166137695,3,2661,0.09562697261571884
610.052397,0.05081431567668915,real_tanh_autodiff,0.3869941830635071,3,2707,0.0949058011174202
620.034299,0.04903667792677879,real_tanh_autodiff,0.3790718615055084,3,2753,0.09215084463357925
630.015441,0.041850827634334564,real_tanh_autodiff,0.3689883053302765,3,2799,0.08924063295125961
640.010731,0.05499095097184181,real_tanh_autodiff,0.36272531747817993,3,2845,0.09036950767040253
650.017783,0.06371039152145386,real_tanh_autodiff,0.35463449358940125,3,2891,0.08108464628458023
660.027026,0.028596607968211174,real_tanh_autodiff,0.3482622802257538,3,2937,0.08012019842863083
670.001738,0.025715738534927368,real_tanh_autodiff,0.33767640590667725,3,2983,0.07276184111833572
680.00158,0.022824741899967194,real_tanh_autodiff,0.33228352665901184,3,3029,0.07002899795770645
690.057118,0.02340092696249485,real_tanh_autodiff,0.32596689462661743,3,3075,0.06816237419843674
700.122644,0.020093414932489395,real_tanh_autodiff,0.3150192201137543,3,3121,0.06505117565393448
710.165329,0.020412862300872803,real_tanh_autodiff,0.3100546598434448,3,3167,0.06361894309520721
720.108493,0.020532112568616867,real_tanh_autodiff,0.3018746078014374,3,3212,0.06048243120312691
730.180012,0.01839446648955345,real_tanh_autodiff,0.2939663231372833,3,3257,0.057939790189266205
740.069512,0.019375892356038094,real_tanh_autodiff,0.2874935567378998,3,3302,0.05700460076332092
750.063733,0.017545731738209724,real_tanh_autodiff,0.2828448414802551,3,3348,0.05539720878005028
760.150796,0.017767371609807014,real_tanh_autodiff,0.27614080905914307,3,3394,0.05388921499252319
770.070462,0.016755927354097366,real_tanh_autodiff,0.275130957365036,3,3439,0.051494475454092026
780.104058,0.01644664816558361,real_tanh_autodiff,0.2677929103374481,3,3485,0.051060426980257034
790.19645,0.015475288033485413,real_tanh_autodiff,0.26294806599617004,3,3531,0.0491730235517025
800.032289,0.016037071123719215,real_tanh_autodiff,0.25858554244041443,3,3576,0.04780443012714386
810.129436,0.014882042072713375,real_tanh_autodiff,0.2535884380340576,3,3622,0.04666704311966896
820.068433,0.014088082127273083,real_tanh_autodiff,0.2506936192512512,3,3667,0.04521574825048447
830.137009,0.013400837779045105,real_tanh_autodiff,0.24657370150089264,3,3713,0.04491084814071655
840.006641,0.013050243258476257,real_tanh_autodiff,0.24259436130523682,3,3758,0.043466415256261826
850.157983,0.013366509228944778,real_tanh_autodiff,0.23970632255077362,3,3804,0.04309224337339401
860.209028,0.01238077413290739,real_tanh_autodiff,0.23634831607341766,3,3850,0.042209528386592865
870.215064,0.012423710897564888,real_tanh_autodiff,0.2328961193561554,3,3896,0.04125730320811272
880.005661,0.011793532408773899,real_tanh_autodiff,0.23238687217235565,3,3941,0.04094082862138748
890.001794,0.011280186474323273,real_tanh_autodiff,0.22856518626213074,3,3987,0.039747029542922974
900.177212,0.012034052051603794,real_tanh_autodiff,0.2257343977689743,3,4034,0.03925417363643646
910.182937,0.011252314783632755,real_tanh_autodiff,0.22329594194889069,3,4080,0.03833456709980965
920.219874,0.011993701569736004,real_tanh_autodiff,0.22113321721553802,3,4126,0.03790898993611336
930.117888,0.010762905701994896,real_tanh_autodiff,0.2160530984401703,3,4171,0.03736494854092598
940.192531,0.00994515884667635,real_tanh_autodiff,0.2142636775970459,3,4217,0.036910511553287506
950.19634,0.010231377556920052,real_tanh_autodiff,0.21327804028987885,3,4263,0.03598165884613991
960.045707,0.009383464232087135,real_tanh_autodiff,0.21386444568634033,3,4308,0.03599134087562561
970.182167,0.01025528833270073,real_tanh_autodiff,0.20929598808288574,3,4354,0.034964051097631454
980.091929,0.00952004175633192,real_tanh_autodiff,0.20730802416801453,3,4399,0.03461176156997681
990.152794,0.010144125670194626,real_tanh_autodiff,0.2058742642402649,3,4445,0.034283727407455444
1000.182286,0.009346971288323402,real_tanh_autodiff,0.20618344843387604,3,4491,0.034179363399744034
1010.056931,0.009053412824869156,real_tanh_autodiff,0.2092612385749817,3,4536,0.03332078829407692
1020.139574,0.00901669729501009,real_tanh_autodiff,0.2015700787305832,3,4582,0.033371586352586746
1030.155307,0.009855307638645172,real_tanh_autodiff,0.1996033936738968,3,4628,0.032770562916994095
1040.153622,0.010027727112174034,real_tanh_autodiff,0.2018413245677948,3,4674,0.0319477804005146
1050.156725,0.008588435128331184,real_tanh_autodiff,0.1954299360513687,3,4720,0.03175424039363861
1060.118371,0.009980051778256893,real_tanh_autodiff,0.19399845600128174,3,4766,0.03140181675553322
1070.129723,0.00881903525441885,real_tanh_autodiff,0.19252292811870575,3,4812,0.03126434236764908
1080.118187,0.008253930136561394,real_tanh_autodiff,0.19220827519893646,3,4858,0.030720312148332596
1090.130923,0.008581793867051601,real_tanh_autodiff,0.1905430406332016,3,4904,0.03089040145277977
1100.032433,0.007660313509404659,real_tanh_autodiff,0.18878011405467987,3,4949,0.030342960730195045
1110.12787,0.00919012725353241,real_tanh_autodiff,0.1889449656009674,3,4995,0.029613072052598
1120.048794,0.008386252447962761,real_tanh_autodiff,0.18796811997890472,3,5040,0.030006863176822662
1130.130074,0.0072556352242827415,real_tanh_autodiff,0.18538391590118408,3,5086,0.029662076383829117
1140.194956,0.00804135948419571,real_tanh_autodiff,0.18414121866226196,3,5132,0.029280735179781914
1150.036029,0.008050268515944481,real_tanh_autodiff,0.18411937355995178,3,5177,0.028874734416604042
1160.144452,0.009017273783683777,real_tanh_autodiff,0.18251927196979523,3,5223,0.02851230464875698
1170.189326,0.007352887652814388,real_tanh_autodiff,0.18157203495502472,3,5269,0.028697244822978973
1180.213151,0.008051544427871704,real_tanh_autodiff,0.1794634461402893,3,5315,0.028359191492199898
1190.197416,0.0076011773198843,real_tanh_autodiff,0.17773909866809845,3,5361,0.02804470807313919
1200.017666,0.008086228743195534,real_tanh_autodiff,0.17733097076416016,3,5406,0.027532871812582016
0.0,30.932628631591797,war,1.1719948053359985,4,0,1.0670053958892822
10.04847,25.97886085510254,war,1.002834439277649,4,180,0.9991850256919861
20.01796,18.787137985229492,war,1.0025591850280762,4,361,0.8361217975616455
30.011372,0.2878715395927429,war,0.9992972612380981,4,542,0.1325226128101349
40.038398,0.13248199224472046,war,0.9954484105110168,4,724,0.07279886305332184
50.025619,0.12195055931806564,war,0.9846017360687256,4,905,0.06754642724990845
60.049706,0.105533666908741,war,0.9784471988677979,4,1086,0.05612070858478546
70.010865,0.08181868493556976,war,0.9720667004585266,4,1267,0.047635793685913086
80.054008,0.08751387894153595,war,0.967120349407196,4,1448,0.09065167605876923
90.038645,0.07667913287878036,war,0.9363929033279419,4,1628,0.10221638530492783
100.030857,0.060733482241630554,war,0.8756303787231445,4,1799,0.095880426466465
110.006332,0.06277195364236832,war,0.7337380647659302,4,1970,0.09729674458503723
120.001733,0.03782479092478752,war,0.5274979472160339,4,2140,0.06753946840763092
130.0238,0.026164820417761803,war,0.41203945875167847,4,2312,0.04086260870099068
140.032624,0.018628139048814774,war,0.3033043444156647,4,2484,0.03275599703192711
150.032657,0.013629535213112831,war,0.2554946839809418,4,2653,0.02831798791885376
160.02077,0.018118102103471756,war,0.2518194019794464,4,2824,0.029146770015358925
170.002381,0.02441379614174366,war,0.22047726809978485,4,2995,0.030520876869559288
180.003606,0.010182288475334644,war,0.18944144248962402,4,3165,0.02085326984524727
190.027001,0.01121443510055542,war,0.18213596940040588,4,3337,0.018199443817138672
200.01088,0.010012587532401085,war,0.17889833450317383,4,3508,0.01706470549106598
210.039893,0.03592975065112114,war,0.22354327142238617,4,3680,0.01920364610850811
220.012441,0.009966731071472168,war,0.14896893501281738,4,3848,0.01980406790971756
230.055709,0.008888423442840576,war,0.16781260073184967,4,4020,0.020179426297545433
240.031121,0.009027797728776932,war,0.1533043086528778,4,4190,0.014936164952814579
250.026735,0.015875354409217834,war,0.13504092395305634,4,4360,0.02454100362956524
260.012893,0.005941904149949551,war,0.12735800445079803,4,4530,0.01159181073307991
270.033047,0.006041567772626877,war,0.11343134939670563,4,4701,0.01504305936396122
280.057077,0.006223313510417938,war,0.11591734737157822,4,4872,0.013070261105895042
290.004056,0.007684617768973112,war,0.11137033998966217,4,5039,0.01417133491486311
300.040046,0.0184408500790596,war,0.16003665328025818,4,5209,0.011371897533535957
310.047186,0.010810893028974533,war,0.1081124022603035,4,5380,0.014964263886213303
320.008456,0.008775151334702969,war,0.11779670417308807,4,5550,0.01963944174349308
330.045071,0.010979714803397655,war,0.1408766508102417,4,5722,0.010070576332509518
340.021287,0.013612081296741962,war,0.12237892299890518,4,5892,0.014950555749237537
350.019629,0.0049619064666330814,war,0.09276195615530014,4,6063,0.014325762167572975
360.040709,0.0040396228432655334,war,0.09690799564123154,4,6232,0.008016250096261501
370.01081,0.012952377088367939,war,0.09970837831497192,4,6403,0.02156011387705803
380.020007,0.004319637082517147,war,0.07968395948410034,4,6574,0.008947637863457203
390.020235,0.00446659792214632,war,0.11145388334989548,4,6745,0.008494344539940357
400.023283,0.004332005511969328,war,0.08730711042881012,4,6916,0.008300505578517914
410.043743,0.0037299171090126038,war,0.07594674825668335,4,7087,0.007969303987920284
420.023186,0.004542167764157057,war,0.08002258092164993,4,7256,0.010506371036171913
430.016686,0.004265961237251759,war,0.08196083456277847,4,7423,0.01101425290107727
440.036511,0.006510240491479635,war,0.09034475684165955,4,7593,0.009799467399716377
450.020747,0.005666451528668404,war,0.10392607748508453,4,7764,0.011930934153497219
460.037872,0.0029039038345217705,war,0.06425975263118744,4,7935,0.007577262353152037
470.006708,0.002693357178941369,war,0.07939421385526657,4,8105,0.006747844163328409
480.026889,0.008059045299887657,war,0.12618696689605713,4,8275,0.011090384796261787
490.034284,0.0032802741043269634,war,0.06845302879810333,4,8446,0.007349318824708462
500.009871,0.0035133566707372665,war,0.08005550503730774,4,8615,0.008924012072384357
510.019172,0.0034997249022126198,war,0.07720132172107697,4,8787,0.00797107070684433
520.048486,0.004549875855445862,war,0.07365557551383972,4,8959,0.012429730966687202
530.006615,0.0044669052585959435,war,0.06520414352416992,4,9134,0.0112100038677454
540.005966,0.0051354290917515755,war,0.08183165639638901,4,9319,0.008408237248659134
550.025389,0.0021934532560408115,war,0.06796853244304657,4,9505,0.007723088376224041
560.053226,0.002654338488355279,war,0.07212160527706146,4,9691,0.008955665864050388
570.052773,0.005816496908664703,war,0.0834759995341301,4,9874,0.010415883734822273
580.000685,0.00540587492287159,war,0.06317386031150818,4,10058,0.009953188709914684
590.036742,0.003565829014405608,war,0.11415015906095505,4,10243,0.010433031246066093
600.032697,0.0023040659725666046,war,0.06415066123008728,4,10427,0.008112831972539425
610.021757,0.003333696397021413,war,0.0646418109536171,4,10612,0.008436204865574837
620.016938,0.0031075922306627035,war,0.055845893919467926,4,10796,0.008009475655853748
630.030922,0.0022356975823640823,war,0.06068503484129906,4,10981,0.005980386398732662
640.053341,0.006867377087473869,war,0.10830804705619812,4,11164,0.013472026214003563
650.033148,0.002486256882548332,war,0.07183128595352173,4,11348,0.006799019873142242
660.04186,0.004998600110411644,war,0.06085701659321785,4,11532,0.012486313469707966
670.035323,0.0019201327813789248,war,0.06142963096499443,4,11717,0.007127231452614069
680.025896,0.002874390222132206,war,0.060585424304008484,4,11902,0.006631146185100079
690.023351,0.0035206645261496305,war,0.08919396996498108,4,12087,0.006632934790104628
700.02759,0.003154807724058628,war,0.05938186123967171,4,12270,0.008627778850495815
710.026675,0.002524786628782749,war,0.05042339116334915,4,12455,0.00686158612370491
720.022272,0.005116612650454044,war,0.05657694488763809,4,12639,0.01387058850377798
730.01332,0.0019825282506644726,war,0.06363411992788315,4,12824,0.006289193406701088
740.003783,0.003314698813483119,war,0.052254728972911835,4,13009,0.007341974414885044
750.039852,0.00398809090256691,war,0.07721877098083496,4,13195,0.008691838011145592
760.028476,0.001953150611370802,war,0.05731085315346718,4,13380,0.006272821221500635
770.007527,0.0020752218551933765,war,0.058720968663692474,4,13562,0.0066515300422906876
780.019655,0.0021198876202106476,war,0.05548491328954697,4,13747,0.005974793341010809
790.041232,0.0015971893444657326,war,0.05131402611732483,4,13933,0.00606423569843173
800.017564,0.0027958471328020096,war,0.06716246902942657,4,14118,0.007290528155863285
810.03134,0.0016417722217738628,war,0.09247487038373947,4,14304,0.005968044046312571
820.034164,0.0022520143538713455,war,0.07159890234470367,4,14490,0.00555142667144537
830.021049,0.003558326745405793,war,0.07992614060640335,4,14673,0.005971269682049751
840.038295,0.003375453408807516,war,0.052857279777526855,4,14858,0.005879309959709644
850.038641,0.003147807903587818,war,0.05547221004962921,4,15043,0.007696087937802076
860.030483,0.0018295343033969402,war,0.04737509414553642,4,15228,0.005479191429913044
870.000521,0.0018355409847572446,war,0.07079147547483444,4,15413,0.005790927913039923
880.005939,0.0009956294670701027,war,0.06208476424217224,4,15598,0.005916900932788849
890.042575,0.0019548959098756313,war,0.08061902970075607,4,15784,0.00668006855994463
900.012435,0.0024292594753205776,war,0.06273917108774185,4,15966,0.005803917534649372
910.047421,0.002218572422862053,war,0.06176470220088959,4,16152,0.005876313429325819
920.03525,0.0024171394761651754,war,0.04775937274098396,4,16337,0.005534324795007706
930.005172,0.002545637544244528,war,0.05782138928771019,4,16522,0.005757225677371025
940.018944,0.0022984356619417667,war,0.05786388739943504,4,16708,0.005495224613696337
950.003469,0.001825910061597824,war,0.05370207130908966,4,16893,0.006212498992681503
960.018982,0.002242772374302149,war,0.055609267204999924,4,17078,0.005804070737212896
970.017389,0.0019073097500950098,war,0.04668606445193291,4,17261,0.006320199463516474
980.013537,0.0016003944911062717,war,0.05155959352850914,4,17446,0.005578101146966219
990.050615,0.001930437982082367,war,0.043434131890535355,4,17632,0.005633077584207058
1000.032897,0.0020364467054605484,war,0.047315288335084915,4,17817,0.005774522665888071
1010.028881,0.0014256894355639815,war,0.041428059339523315,4,18002,0.005350856576114893
1020.012541,0.001789506059139967,war,0.07131554931402206,4,18186,0.005930521059781313
1030.035697,0.0012425555614754558,war,0.05077246204018593,4,18368,0.006157239433377981
1040.012876,0.0015166063094511628,war,0.048929885029792786,4,18552,0.005172473378479481
1050.017835,0.0018573114648461342,war,0.05884292349219322,4,18734,0.005591097287833691
1060.052076,0.0015548899536952376,war,0.057877980172634125,4,18910,0.005307015031576157
1070.057989,0.0015353834023699164,war,0.05014451965689659,4,19081,0.005515354685485363
1080.037681,0.0020669277291744947,war,0.042800720781087875,4,19251,0.005196419544517994
1090.001407,0.0014139284612610936,war,0.05466727912425995,4,19421,0.005833130329847336
1100.055501,0.0017552082426846027,war,0.05220058932900429,4,19589,0.00570164667442441
1110.039185,0.001472837757319212,war,0.04913873225450516,4,19759,0.005537651013582945
1120.023677,0.0012987207155674696,war,0.05338796228170395,4,19929,0.00528686260804534
1130.005766,0.0027839113026857376,war,0.06219051778316498,4,20099,0.005137892905622721
1140.031213,0.001976111438125372,war,0.05384213477373123,4,20269,0.005489065311849117
1150.024216,0.0017601983854547143,war,0.04698938503861427,4,20439,0.005348982755094767
1160.015914,0.0016949011478573084,war,0.044169243425130844,4,20609,0.005515670403838158
1170.037434,0.001447227317839861,war,0.04699951410293579,4,20777,0.005574741866439581
1180.040609,0.002110946225002408,war,0.04175443574786186,4,20947,0.0052355933003127575
1190.025639,0.0016823172336444259,war,0.041904717683792114,4,21117,0.005172127857804298
1200.03779,0.0014572713989764452,war,0.048016443848609924,4,21287,0.005509000271558762
0.0,34.63176345825195,real_tanh_autodiff,1.2755916118621826,4,0,1.0849906206130981
10.072134,20.788814544677734,real_tanh_autodiff,1.0011441707611084,4,45,0.9010747671127319
20.176233,2.207486629486084,real_tanh_autodiff,1.0480952262878418,4,93,0.2670973539352417
30.1122,2.026838541030884,real_tanh_autodiff,1.02231764793396,4,141,0.2473343014717102
40.180472,1.8408077955245972,real_tanh_autodiff,1.0131460428237915,4,189,0.2458914816379547
50.152873,1.6912087202072144,real_tanh_autodiff,1.0053223371505737,4,230,0.2249550223350525
60.093136,1.778878927230835,real_tanh_autodiff,0.9997393488883972,4,271,0.22825391590595245
70.235385,1.85794198513031,real_tanh_autodiff,0.9982944130897522,4,313,0.20429560542106628
80.195782,1.5145741701126099,real_tanh_autodiff,0.9969736933708191,4,354,0.21914678812026978
90.145206,1.5867314338684082,real_tanh_autodiff,0.9962803721427917,4,395,0.2115907520055771
100.079782,1.4569718837738037,real_tanh_autodiff,0.9955114126205444,4,436,0.19127163290977478
110.198048,1.9266599416732788,real_tanh_autodiff,0.9928352236747742,4,478,0.21354344487190247
120.069663,1.3890712261199951,real_tanh_autodiff,0.9913684725761414,4,519,0.19337314367294312
130.006783,1.3766257762908936,real_tanh_autodiff,0.9907487630844116,4,560,0.20115000009536743
140.170613,1.2588365077972412,real_tanh_autodiff,0.9901893138885498,4,602,0.1880258023738861
150.086411,1.270164966583252,real_tanh_autodiff,0.9899308085441589,4,643,0.18730664253234863
160.075243,1.2171621322631836,real_tanh_autodiff,0.9894472360610962,4,684,0.19822649657726288
170.076991,1.1024987697601318,real_tanh_autodiff,0.9910498261451721,4,725,0.21553120017051697
180.07317,1.0968323945999146,real_tanh_autodiff,0.9920861721038818,4,766,0.21540650725364685
190.12873,0.9293045401573181,real_tanh_autodiff,0.9959257245063782,4,807,0.21995019912719727
200.168244,0.8762205243110657,real_tanh_autodiff,0.9994015693664551,4,848,0.21750158071517944
210.098896,1.1990318298339844,real_tanh_autodiff,1.0089768171310425,4,889,0.2512108087539673
220.093801,0.8079102039337158,real_tanh_autodiff,1.015129804611206,4,930,0.2823469340801239
230.029263,0.6890289187431335,real_tanh_autodiff,1.017972469329834,4,971,0.3012198507785797
240.193485,0.6330776214599609,real_tanh_autodiff,1.0249526500701904,4,1013,0.2922716438770294
250.1492,0.5968872308731079,real_tanh_autodiff,1.0276401042938232,4,1054,0.3047632575035095
260.102098,0.584140419960022,real_tanh_autodiff,1.0343902111053467,4,1095,0.30228757858276367
270.044981,0.5282720327377319,real_tanh_autodiff,1.0279062986373901,4,1136,0.3123725354671478
280.238778,0.4851608872413635,real_tanh_autodiff,1.0161021947860718,4,1178,0.32060086727142334
290.158263,0.4034339189529419,real_tanh_autodiff,1.0044816732406616,4,1219,0.30384567379951477
300.102698,0.419880747795105,real_tanh_autodiff,0.990816056728363,4,1260,0.30032309889793396
310.040166,0.46033215522766113,real_tanh_autodiff,0.9726514220237732,4,1301,0.2853648066520691
320.032258,0.45947718620300293,real_tanh_autodiff,0.9568324089050293,4,1342,0.26793909072875977
330.193989,0.27584487199783325,real_tanh_autodiff,0.9287868142127991,4,1384,0.27741846442222595
340.117534,0.28559383749961853,real_tanh_autodiff,0.9071335792541504,4,1425,0.24944791197776794
350.042761,0.26361528038978577,real_tanh_autodiff,0.9076312780380249,4,1466,0.2570996880531311
360.226596,0.2665204107761383,real_tanh_autodiff,0.8678771257400513,4,1508,0.22938747704029083
370.181316,0.2707558572292328,real_tanh_autodiff,0.8476830124855042,4,1549,0.2310929149389267
380.119415,0.22552211582660675,real_tanh_autodiff,0.8345885872840881,4,1590,0.22504031658172607
390.030962,0.2676495611667633,real_tanh_autodiff,0.8208041191101074,4,1631,0.2191186249256134
400.095924,0.2624904215335846,real_tanh_autodiff,0.7977814078330994,4,1676,0.2093181163072586
410.044246,0.1628631055355072,real_tanh_autodiff,0.7853479981422424,4,1722,0.20958243310451508
420.000754,0.19524075090885162,real_tanh_autodiff,0.7682717442512512,4,1768,0.19704653322696686
430.188038,0.2252439707517624,real_tanh_autodiff,0.7558133602142334,4,1815,0.1925390064716339
440.123693,0.18437819182872772,real_tanh_autodiff,0.7413809299468994,4,1861,0.18333867192268372
450.066543,0.15366944670677185,real_tanh_autodiff,0.7263566851615906,4,1907,0.17705675959587097
460.02954,0.1286606639623642,real_tanh_autodiff,0.7128890752792358,4,1953,0.17122240364551544
470.179163,0.12837164103984833,real_tanh_autodiff,0.6959917545318604,4,2000,0.16939705610275269
480.119519,0.16197121143341064,real_tanh_autodiff,0.6754230260848999,4,2042,0.1595267653465271
490.038361,0.11974979192018509,real_tanh_autodiff,0.6621009111404419,4,2087,0.15861715376377106
500.205179,0.11693046987056732,real_tanh_autodiff,0.6453038454055786,4,2134,0.14717964828014374
510.13615,0.08147143572568893,real_tanh_autodiff,0.6264658570289612,4,2180,0.1413078010082245
520.125391,0.08547350019216537,real_tanh_autodiff,0.5988095998764038,4,2226,0.1323668509721756
530.135949,0.0685965046286583,real_tanh_autodiff,0.5746504068374634,4,2272,0.12232062965631485
540.09691,0.07140305638313293,real_tanh_autodiff,0.5531131625175476,4,2318,0.11559963971376419
550.05496,0.07384460419416428,real_tanh_autodiff,0.5332921147346497,4,2364,0.11610608547925949
560.021643,0.09728681296110153,real_tanh_autodiff,0.5221655964851379,4,2410,0.10843003541231155
570.185031,0.059655677527189255,real_tanh_autodiff,0.5119692087173462,4,2453,0.1149163693189621
580.169308,0.11740849167108536,real_tanh_autodiff,0.5102172493934631,4,2496,0.11554872989654541
590.156556,0.06239893659949303,real_tanh_autodiff,0.4913172721862793,4,2542,0.1009085476398468
600.151762,0.06764902174472809,real_tanh_autodiff,0.4845731258392334,4,2588,0.09564010798931122
610.144673,0.061190806329250336,real_tanh_autodiff,0.47451263666152954,4,2634,0.09751936048269272
620.192936,0.049032531678676605,real_tanh_autodiff,0.4623088240623474,4,2680,0.09361675381660461
630.144084,0.048326894640922546,real_tanh_autodiff,0.45359817147254944,4,2726,0.09179133921861649
640.104054,0.039727356284856796,real_tanh_autodiff,0.44190213084220886,4,2772,0.0861060693860054
650.037985,0.031890902668237686,real_tanh_autodiff,0.43028485774993896,4,2818,0.0801854208111763
660.190344,0.02943621203303337,real_tanh_autodiff,0.41865047812461853,4,2865,0.076138935983181
670.15398,0.027655059471726418,real_tanh_autodiff,0.4085332751274109,4,2911,0.07244940847158432
680.144509,0.027025220915675163,real_tanh_autodiff,0.3996725380420685,4,2957,0.06991952657699585
690.102149,0.027035996317863464,real_tanh_autodiff,0.3896665871143341,4,3003,0.06659060716629028
700.097432,0.02432653121650219,real_tanh_autodiff,0.3823983669281006,4,3049,0.06414923816919327
710.081729,0.02348433993756771,real_tanh_autodiff,0.3713300824165344,4,3095,0.06246394291520119
720.037675,0.022059984505176544,real_tanh_autodiff,0.3649292588233948,4,3141,0.061366964131593704
730.024555,0.021405648440122604,real_tanh_autodiff,0.35748931765556335,4,3187,0.05879592150449753
740.036738,0.020580461248755455,real_tanh_autodiff,0.35207322239875793,4,3233,0.056405168026685715
750.03038,0.019678711891174316,real_tanh_autodiff,0.34192875027656555,4,3279,0.05510250851511955
760.012926,0.019533462822437286,real_tanh_autodiff,0.34103602170944214,4,3325,0.05367138981819153
770.21315,0.01938820630311966,real_tanh_autodiff,0.3291417956352234,4,3372,0.05253642424941063
780.15279,0.01870105415582657,real_tanh_autodiff,0.32236045598983765,4,3418,0.0504983626306057
790.095158,0.017415640875697136,real_tanh_autodiff,0.3157416880130768,4,3464,0.04997313395142555
800.135481,0.01725352369248867,real_tanh_autodiff,0.3105795383453369,4,3510,0.04795031249523163
810.13929,0.016285384073853493,real_tanh_autodiff,0.30842122435569763,4,3556,0.04715700447559357
820.10666,0.01656755991280079,real_tanh_autodiff,0.30107545852661133,4,3602,0.046509698033332825
830.088464,0.016437135636806488,real_tanh_autodiff,0.294871985912323,4,3648,0.045463208109140396
840.008678,0.01643955335021019,real_tanh_autodiff,0.29364025592803955,4,3694,0.043823789805173874
850.19064,0.015486769378185272,real_tanh_autodiff,0.28642016649246216,4,3741,0.04333556443452835
860.029564,0.015630340203642845,real_tanh_autodiff,0.28985026478767395,4,3786,0.04234489053487778
870.073411,0.014078889973461628,real_tanh_autodiff,0.2786298394203186,4,3832,0.041494037955999374
880.026393,0.014235159382224083,real_tanh_autodiff,0.27388501167297363,4,3878,0.04076753929257393
890.1453,0.013879098929464817,real_tanh_autodiff,0.2741049826145172,4,3924,0.040367498993873596
900.149573,0.013574141077697277,real_tanh_autodiff,0.2667868137359619,4,3969,0.03967462480068207
910.105074,0.013653942383825779,real_tanh_autodiff,0.2628065049648285,4,4015,0.03886439651250839
920.081793,0.013191193342208862,real_tanh_autodiff,0.26029253005981445,4,4061,0.038422275334596634
930.058854,0.012975391931831837,real_tanh_autodiff,0.25631099939346313,4,4107,0.03801508992910385
940.027862,0.013299068436026573,real_tanh_autodiff,0.25368836522102356,4,4153,0.03746088594198227
950.200413,0.013141203671693802,real_tanh_autodiff,0.25208285450935364,4,4200,0.03650616481900215
960.151343,0.01290348544716835,real_tanh_autodiff,0.24816177785396576,4,4246,0.036241564899683
970.124837,0.011607837863266468,real_tanh_autodiff,0.2460435926914215,4,4292,0.036327384412288666
980.161022,0.01207185722887516,real_tanh_autodiff,0.24529486894607544,4,4338,0.03545788675546646
990.118613,0.012089057825505733,real_tanh_autodiff,0.24096927046775818,4,4384,0.034967128187417984
1000.131113,0.011827523820102215,real_tanh_autodiff,0.23889686167240143,4,4430,0.0342726856470108
1010.038112,0.010781863704323769,real_tanh_autodiff,0.23487085103988647,4,4476,0.03418724983930588
1020.031179,0.011268598027527332,real_tanh_autodiff,0.23294420540332794,4,4522,0.03348438814282417
1030.089427,0.01085623912513256,real_tanh_autodiff,0.23208120465278625,4,4568,0.03314727544784546
1040.161981,0.01202026754617691,real_tanh_autodiff,0.22866714000701904,4,4614,0.0328548438847065
1050.133314,0.011104466393589973,real_tanh_autodiff,0.2262887954711914,4,4660,0.03272575885057449
1060.095061,0.011263087391853333,real_tanh_autodiff,0.22582578659057617,4,4706,0.03214850649237633
1070.039249,0.010222540237009525,real_tanh_autodiff,0.22195789217948914,4,4752,0.0319959782063961
1080.003119,0.010376271791756153,real_tanh_autodiff,0.21951116621494293,4,4798,0.03165419027209282
1090.211721,0.009956417605280876,real_tanh_autodiff,0.21746529638767242,4,4845,0.031783442944288254
1100.072897,0.010012751445174217,real_tanh_autodiff,0.22082774341106415,4,4890,0.03141845390200615
1110.056238,0.009743249043822289,real_tanh_autodiff,0.21520696580410004,4,4936,0.03113085962831974
1120.098372,0.01013107318431139,real_tanh_autodiff,0.21266591548919678,4,4982,0.030471010133624077
1130.126971,0.009651035070419312,real_tanh_autodiff,0.211667001247406,4,5028,0.03012317791581154
1140.145744,0.009587336331605911,real_tanh_autodiff,0.21178016066551208,4,5074,0.03012819215655327
1150.195195,0.009605015628039837,real_tanh_autodiff,0.212236225605011,4,5120,0.029766865074634552
1160.213375,0.00901564210653305,real_tanh_autodiff,0.20643192529678345,4,5166,0.02964542619884014
1170.039705,0.009240559302270412,real_tanh_autodiff,0.20474658906459808,4,5211,0.029324902221560478
1180.191823,0.008992010727524757,real_tanh_autodiff,0.20221573114395142,4,5258,0.029094161465764046
1190.145567,0.009361982345581055,real_tanh_autodiff,0.2031210958957672,4,5304,0.028919456526637077
1200.12665,0.009534435346722603,real_tanh_autodiff,0.19955115020275116,4,5350,0.028470534831285477
