elapsed_seconds,loss_max,loss_median,loss_min,loss_q25,loss_q75,method,method_label,rel_error_max,rel_error_median,rel_error_min,rel_error_q25,rel_error_q75,task_id,task_label
0.0,0.8767441511154175,0.8100269436836243,0.7739474773406982,0.8021736741065979,0.8153929114341736,war,WAR (complex64),1.3516380786895752,1.151803731918335,1.0219477415084839,1.0682364702224731,1.3399040699005127,cahn_hilliard_2d_o4,CH4
5.0,0.13700523605739837,0.07982019691866954,0.03644041059797115,0.05467158635339037,0.08708634353440028,war,WAR (complex64),0.7729522472130919,0.4604143672102143,0.3099788446195088,0.3849019055726325,0.6889148377655336,cahn_hilliard_2d_o4,CH4
10.0,0.008635876511693891,0.006109614175317343,0.003504829939541272,0.004221082698596355,0.00707953405100809,war,WAR (complex64),0.18087036965021097,0.12051173202740718,0.10808727841094218,0.12025393170625351,0.12236773237332269,cahn_hilliard_2d_o4,CH4
15.0,0.03149612067212447,0.0027255548332831224,0.0016705907932411566,0.0021303108323301395,0.0038119337265743215,war,WAR (complex64),0.3265714657801688,0.09635624244664906,0.08467313217418412,0.08769198341361255,0.11906403414634745,cahn_hilliard_2d_o4,CH4
20.0,0.014020205244291345,0.0032667654118185186,0.001755528780092189,0.0022886291397829876,0.00382686984613848,war,WAR (complex64),0.19095066593601792,0.10106310929795184,0.09109109330505462,0.10063215772765495,0.12533170885724032,cahn_hilliard_2d_o4,CH4
25.0,0.001827578516207519,0.0012601375391164535,0.0009585009081213833,0.0011580788251870347,0.001694807796916872,war,WAR (complex64),0.1097840125166645,0.09113508487318261,0.07671722145964385,0.08912800000577425,0.095723058338693,cahn_hilliard_2d_o4,CH4
30.0,0.0013946926289896025,0.0007598905681677841,0.0006524446825695178,0.0006650152391490031,0.0012954161206404809,war,WAR (complex64),0.10691051884297045,0.0693588548248596,0.05609644856831981,0.06876962862979658,0.10115374867419871,cahn_hilliard_2d_o4,CH4
35.0,0.013056648047647487,0.0004902103001933617,0.000475542595092454,0.0004769346878394868,0.0008925791203113477,war,WAR (complex64),0.1596855070780925,0.06080620711442313,0.045928112456492164,0.05314795085746531,0.0874535240674506,cahn_hilliard_2d_o4,CH4
40.0,0.0031916673417961075,0.0010775754772597472,0.00042349977324714576,0.0006631962294051199,0.0014014365754722849,war,WAR (complex64),0.1490431843712445,0.07126193754159452,0.042575355319869064,0.07103503558008195,0.1016368031000829,cahn_hilliard_2d_o4,CH4
45.0,0.0040473441825486225,0.0010425410895007433,0.0007064649518727014,0.0008267676251868919,0.0012403882277251146,war,WAR (complex64),0.1079634156672774,0.07252433724293804,0.06276126432815023,0.07004962918985834,0.0863145580417293,cahn_hilliard_2d_o4,CH4
50.0,0.11445335495309511,0.0005713693769727932,0.0002771466957177112,0.000537096170777377,0.00058227264843812,war,WAR (complex64),0.4243340097875533,0.0668855336627969,0.039850229644518426,0.05247435188865262,0.06759424032195474,cahn_hilliard_2d_o4,CH4
55.0,0.0017105759547215835,0.000370536072335545,0.00019426746852382448,0.00027841013745118665,0.00048240803861707013,war,WAR (complex64),0.10604331576302044,0.05437075027711235,0.030832790962386454,0.049231187183833305,0.057593446097096865,cahn_hilliard_2d_o4,CH4
60.0,0.0006066279489107437,0.00029828449730882466,0.00025191183136346186,0.00027464819237734155,0.0005760961921135318,war,WAR (complex64),0.06704060126367456,0.044279234638162905,0.025696178614048965,0.03260112886291288,0.05848956049523723,cahn_hilliard_2d_o4,CH4
65.0,0.028825704487210856,0.0004940378556224431,0.00018474462783557778,0.00021620630974381803,0.001019688170277464,war,WAR (complex64),0.49914927633233536,0.05801548487707799,0.023973660210100535,0.03375795501534097,0.08692633207055907,cahn_hilliard_2d_o4,CH4
70.0,0.012173265688138158,0.0005451086350798161,0.00044106005588289505,0.0004418150490556835,0.011256678038457105,war,WAR (complex64),0.2731636582501744,0.07114488045843656,0.05351933535562921,0.06597410307102591,0.19845776679295699,cahn_hilliard_2d_o4,CH4
75.0,0.0003473103649643405,0.0003082985348364803,0.000241886112479398,0.0002458709450525429,0.00031939293978935646,war,WAR (complex64),0.052706694886437554,0.05063221884319438,0.02817224485507642,0.04601564756815266,0.05209421419982852,cahn_hilliard_2d_o4,CH4
80.0,0.00028654502611337674,0.00019554015489886017,0.00011556062515917635,0.00015476155695156457,0.0002241235141884716,war,WAR (complex64),0.04516492433046101,0.03453198854712909,0.020533324326028307,0.03262497775264626,0.04295916630102019,cahn_hilliard_2d_o4,CH4
85.0,0.0002542952192710857,0.0001573118145684284,8.404065356003513e-05,0.00012411206176563843,0.0001997345868143962,war,WAR (complex64),0.04125562185207634,0.029091183854193414,0.02032340447534426,0.026701662428434306,0.04034870627695254,cahn_hilliard_2d_o4,CH4
90.0,0.0027963121677952634,0.00018746211736538046,6.037158503887858e-05,9.920312808209237e-05,0.00038298555186695884,war,WAR (complex64),0.1196912977052514,0.02576494326609981,0.01881919955510272,0.023538529975504024,0.07070632288452139,cahn_hilliard_2d_o4,CH4
95.0,0.05613966641131672,0.004369345008357243,5.2196663441402896e-05,0.00024124797495721006,0.015340360846542526,war,WAR (complex64),0.27458191375464813,0.1312495757443238,0.02026449341635704,0.044986626547002403,0.1598335145448071,cahn_hilliard_2d_o4,CH4
100.0,0.00046766626872471055,0.0002456023860531191,0.00010765707909928702,0.0001431961920570498,0.0002771933258503524,war,WAR (complex64),0.07136215655215905,0.030497319637030385,0.030437649675980824,0.03049386769465767,0.039757273400760754,cahn_hilliard_2d_o4,CH4
105.0,0.0008663661071335807,0.0001740898501063437,5.693910118871931e-05,7.917804195078464e-05,0.00026465272252485195,war,WAR (complex64),0.05521885479725377,0.02307650365505489,0.018796354854788547,0.022119076690345255,0.03588322198260293,cahn_hilliard_2d_o4,CH4
110.0,0.0005210609709003097,0.00014127523521728072,6.121132879266584e-05,0.00012879496565386067,0.00017901977002245746,war,WAR (complex64),0.06806030796893875,0.025542294798434537,0.016086043547050854,0.018248865091938245,0.02584445592185486,cahn_hilliard_2d_o4,CH4
115.0,0.010147295651404948,0.00015507935943330508,6.27813040841181e-05,0.00010475202127592573,0.0003021476630493115,war,WAR (complex64),0.1274163993251663,0.021786572692755576,0.013030248277148292,0.016986842339995433,0.04709179975309741,cahn_hilliard_2d_o4,CH4
120.0,0.10253000802921491,0.00023575724546450082,8.757239927616462e-05,0.00012002598231508972,0.00023696018028310196,war,WAR (complex64),0.42556959521690957,0.038398296811733276,0.011244957217549017,0.01912282048072859,0.0447688293033761,cahn_hilliard_2d_o4,CH4
125.0,0.0010617296593353584,0.00011039921400725244,8.626775599619759e-05,0.00010787181644933968,0.0002357689081282118,war,WAR (complex64),0.058496024572683596,0.03152657552065403,0.010981788834555698,0.02180486818985499,0.03611671816612412,cahn_hilliard_2d_o4,CH4
130.0,0.01198709206685035,0.00011346257423470976,6.52689493870596e-05,7.0500806268824e-05,0.00015061408416160865,war,WAR (complex64),0.13978407973990012,0.02952414294429544,0.0106183423860209,0.024634985497706954,0.03191065672850028,cahn_hilliard_2d_o4,CH4
135.0,0.0008368170238399421,0.00015829291011207615,5.4908557593915495e-05,8.094144304968251e-05,0.0002366452865093104,war,WAR (complex64),0.06724883846539736,0.02447270962554852,0.020555984286611727,0.02301030944270918,0.03477509431731349,cahn_hilliard_2d_o4,CH4
140.0,0.00044389648011802893,0.0003721772616225778,4.568485477506839e-05,4.8568709768938955e-05,0.0003724285790437425,war,WAR (complex64),0.053064369828877585,0.04385669819844052,0.018228234081074872,0.018463271639792774,0.051766995656506665,cahn_hilliard_2d_o4,CH4
145.0,0.004312667704679352,0.0003017209039551569,5.4845863918942116e-05,0.00027192085749466044,0.0011638629276019346,war,WAR (complex64),0.10718632199813276,0.04346111758237686,0.010802968302965862,0.02592128714087181,0.07702712045864184,cahn_hilliard_2d_o4,CH4
150.0,0.005729622827626451,0.0003089385078937822,3.612889911088797e-05,7.785216367146278e-05,0.0011741234304264267,war,WAR (complex64),0.09512624083095114,0.038243691603546744,0.015090099462328465,0.023424864806843894,0.04376473139593591,cahn_hilliard_2d_o4,CH4
155.0,0.0020550495273401826,0.00014073157936798057,4.271178555099181e-05,0.00013367099768965681,0.00021424925493589622,war,WAR (complex64),0.10275115692143987,0.029903602367959754,0.014889320735878226,0.017133786537623718,0.03456632805565875,cahn_hilliard_2d_o4,CH4
160.0,0.0001874073798417537,0.0001125336129152889,5.0986243109180996e-05,0.00010624179390735089,0.00018603196088290633,war,WAR (complex64),0.03487093773808848,0.02753820470953416,0.010752081100056776,0.0142351441322308,0.03006179874216447,cahn_hilliard_2d_o4,CH4
165.0,0.0002855391198603846,8.632485334308598e-05,2.9444435004129656e-05,6.893635243696085e-05,8.95073901506229e-05,war,WAR (complex64),0.029152692914947768,0.021689137018411915,0.01013013839832624,0.013213581424989851,0.023288976697888496,cahn_hilliard_2d_o4,CH4
170.0,0.0005360157409375669,0.0003218520590530377,5.973262515934632e-05,6.103818602459667e-05,0.0004479889529071427,war,WAR (complex64),0.05412757031504305,0.02283742054860586,0.009801584180355857,0.017874897183936138,0.043587944380421045,cahn_hilliard_2d_o4,CH4
175.0,0.0008061403928086564,4.424169334067466e-05,2.9204925049697714e-05,4.409346964100386e-05,0.0001602293307114208,war,WAR (complex64),0.0474445472073122,0.015155791318257828,0.011989359390088125,0.01222775084130607,0.02326926326239081,cahn_hilliard_2d_o4,CH4
180.0,0.0123222232288343,0.0006855545329447462,7.948199041096416e-05,0.00027055510548293447,0.0008276263507562855,war,WAR (complex64),0.1624134974888262,0.05394859323068296,0.014015577520057929,0.01832131525315173,0.05930360883653704,cahn_hilliard_2d_o4,CH4
185.0,0.000600545055317103,0.00039038377316756606,8.081063990010231e-05,8.089517603391798e-05,0.0004967981838762513,war,WAR (complex64),0.05085066838232899,0.025559612460700477,0.013328031671785638,0.020567346399377243,0.03877348958476381,cahn_hilliard_2d_o4,CH4
190.0,0.0002011189855154825,0.00015890038466231544,6.115021033627964e-05,9.035920415126828e-05,0.00016982857468717482,war,WAR (complex64),0.032524794341185416,0.02601085763363437,0.010101615238981813,0.021206899684697387,0.028171536006411528,cahn_hilliard_2d_o4,CH4
195.0,0.09673488417220781,0.00026790069630583537,5.597565636567649e-05,0.00011252549425572716,0.0004648962442072248,war,WAR (complex64),0.35900209732996674,0.023154017936744833,0.010826473383356905,0.018239887349000984,0.02410818762989656,cahn_hilliard_2d_o4,CH4
200.0,0.0012996295486553426,7.411704773791637e-05,4.8500607299368725e-05,5.414956023076306e-05,8.988123503741857e-05,war,WAR (complex64),0.08557857506238782,0.015154253074172497,0.010489985850769962,0.015040854495796115,0.01797512149300531,cahn_hilliard_2d_o4,CH4
205.0,0.0007415559353001728,0.0001249706908771418,3.716904554742186e-05,7.181399850186391e-05,0.0005241225510220488,war,WAR (complex64),0.057849790407582175,0.015028111423103669,0.011015993453227403,0.013937953447152077,0.040103460617179586,cahn_hilliard_2d_o4,CH4
210.0,0.00031930069586036045,4.8830129355259216e-05,4.035776487306302e-05,4.258079646037628e-05,5.839311646638503e-05,war,WAR (complex64),0.04074368910110884,0.012655714869738273,0.009675114268727069,0.01250170712686627,0.016178896281771285,cahn_hilliard_2d_o4,CH4
215.0,0.006066355218769125,0.0002144120807019493,3.046676489492397e-05,5.548968486029475e-05,0.00043573660349526444,war,WAR (complex64),0.09545824360322318,0.030195033169578916,0.010328568784088157,0.01248572965058985,0.04583952058845097,cahn_hilliard_2d_o4,CH4
220.0,0.0002516601084326286,9.286994989853419e-05,2.3687678652564798e-05,5.23554875158999e-05,0.00015993243970893205,war,WAR (complex64),0.024850715018879258,0.0129630202409028,0.012065575028287067,0.012565056945349061,0.014704152883023467,cahn_hilliard_2d_o4,CH4
225.0,0.0007881866089179125,5.3996403547149794e-05,3.055372148854066e-05,3.457068896453122e-05,0.000128017295124801,war,WAR (complex64),0.05168980649955386,0.010601106160190336,0.009327274676087158,0.009638351991838006,0.018522101838717026,cahn_hilliard_2d_o4,CH4
230.0,0.0002900559709051093,4.8962441419667694e-05,2.141182548487346e-05,2.5840605257399193e-05,0.00014940993996830087,war,WAR (complex64),0.027163919054000195,0.011317972991566982,0.007754563683422433,0.011224915865773642,0.023226797389370526,cahn_hilliard_2d_o4,CH4
235.0,0.00018736032552859482,6.371673500587029e-05,2.2438284333595996e-05,4.2345434956057305e-05,0.00011974606983514944,war,WAR (complex64),0.020247023635490385,0.015446499453618867,0.007153102588036379,0.011160537318963042,0.01895246650248943,cahn_hilliard_2d_o4,CH4
240.0,0.000634606108816018,6.45468626940107e-05,1.8438470788950276e-05,3.844836729513712e-05,0.00012826874243234007,war,WAR (complex64),0.09615261844893398,0.011078642655379434,0.006706982636682267,0.01059282044629367,0.01642000125718739,cahn_hilliard_2d_o4,CH4
245.0,0.0002390318017309201,6.44046474339749e-05,1.938813267073221e-05,3.9083390160684446e-05,0.00010520868494178364,war,WAR (complex64),0.016595708055432964,0.01540930310560346,0.006087630470634834,0.008733565473529515,0.015567743127402854,cahn_hilliard_2d_o4,CH4
250.0,0.0015786465169742524,7.696270334347173e-05,1.8471695099780062e-05,2.6894524992881362e-05,9.267676693440112e-05,war,WAR (complex64),0.0866289616903732,0.011805194751742187,0.008812397971999964,0.010546754979253265,0.014314232113513613,cahn_hilliard_2d_o4,CH4
255.0,0.014032214667332435,0.00015677819055570454,4.7200215902472016e-05,0.00012341422840976457,0.0002202575294816119,war,WAR (complex64),0.2533059305323177,0.02636608363880325,0.011727013830304384,0.01581699407253738,0.029072970945772592,cahn_hilliard_2d_o4,CH4
260.0,0.00018888161374965373,7.376081037588263e-05,3.7068758532831034e-05,5.514545888379068e-05,0.0001324725078139247,war,WAR (complex64),0.029222666736732232,0.016655868568648285,0.01080173986854153,0.01415914798602889,0.02011391242279687,cahn_hilliard_2d_o4,CH4
265.0,0.002403511811911503,0.00010335212501043544,5.761849695085678e-05,5.899046647479883e-05,0.0003694973051440296,war,WAR (complex64),0.1146653776906638,0.013200700340921991,0.010887429841305377,0.011996318650974594,0.04555130665696207,cahn_hilliard_2d_o4,CH4
270.0,0.0003675782775922612,5.023727665710034e-05,3.2780504820871684e-05,4.984440874783066e-05,6.097452040459836e-05,war,WAR (complex64),0.05339257372397229,0.009624012051811707,0.005692201224324261,0.007528729815380169,0.009981940507456363,cahn_hilliard_2d_o4,CH4
275.0,0.0002913894074325479,8.818078536308297e-05,4.340817467773978e-05,4.419852189669501e-05,0.0001794678490134527,war,WAR (complex64),0.04151445774370774,0.016395043397121847,0.010415922921031932,0.011935994467053292,0.03688247504621761,cahn_hilliard_2d_o4,CH4
280.0,0.0007414510365389709,0.00010263646848532268,3.5954879467037304e-05,4.019103313211833e-05,0.00013564862525233852,war,WAR (complex64),0.03638994917404583,0.019508527676941733,0.009213604229926781,0.01314020116248367,0.0285959016486367,cahn_hilliard_2d_o4,CH4
285.0,0.0009286266916553079,6.818116539140121e-05,2.1756470926451392e-05,3.140983795129883e-05,6.903047497643585e-05,war,WAR (complex64),0.02383637154050563,0.011649905801946714,0.007274537209540407,0.010780910344841445,0.023733316158306948,cahn_hilliard_2d_o4,CH4
290.0,0.00016989352546260147,4.731773789914171e-05,1.520315476572099e-05,3.2982948637158576e-05,5.305895375258618e-05,war,WAR (complex64),0.02277580548570834,0.011705738999370718,0.006781573633632393,0.011649893777602897,0.012988803892673813,cahn_hilliard_2d_o4,CH4
295.0,0.0009392842000097456,4.43757389278029e-05,1.3842656448976726e-05,3.581826996567228e-05,4.4477793546455944e-05,war,WAR (complex64),0.07586998556258567,0.011302002641412524,0.005036720562048608,0.007512926467548981,0.019265535999863952,cahn_hilliard_2d_o4,CH4
300.0,0.0017507119578034902,3.748893753826082e-05,1.162273911853603e-05,3.012492570865687e-05,4.762081771977274e-05,war,WAR (complex64),0.07962527584272083,0.011172930413651869,0.0045599786658966175,0.007032795961727778,0.016590760335902444,cahn_hilliard_2d_o4,CH4
305.0,8.375912220600592e-05,3.730445493948985e-05,1.074628716713812e-05,2.7886714716073797e-05,4.764228204043298e-05,war,WAR (complex64),0.01708192841522518,0.01096678121943144,0.005298715663990052,0.005499977354651967,0.011217751692218982,cahn_hilliard_2d_o4,CH4
310.0,8.589746936898542e-05,4.064289138667642e-05,2.846954913378068e-05,4.026094189926053e-05,6.425393095959072e-05,war,WAR (complex64),0.017873062664133854,0.012029237812569824,0.00943064645014252,0.009941618323974319,0.012135294242033415,cahn_hilliard_2d_o4,CH4
315.0,0.00030745367002057154,3.938505509240037e-05,1.262509887801792e-05,3.869330505725749e-05,4.3368676660349343e-05,war,WAR (complex64),0.020194558200387583,0.012689583847383223,0.003997208034317493,0.008030778730019878,0.014470349001027377,cahn_hilliard_2d_o4,CH4
320.0,0.000909668277791102,6.240289755506856e-05,2.5556925548502376e-05,2.647004441897978e-05,0.00011957467601293137,war,WAR (complex64),0.02975571643612352,0.014599546435764032,0.005568877405279295,0.010149151738699702,0.02091032730083301,cahn_hilliard_2d_o4,CH4
325.0,0.000278194683229818,5.4565703867233944e-05,2.625455541846928e-05,4.555561779640811e-05,0.00018464448810511308,war,WAR (complex64),0.043285653641618405,0.01210747868861848,0.008956662312711488,0.010116956632246118,0.024143520397608923,cahn_hilliard_2d_o4,CH4
330.0,0.00010234029963227656,3.747145602833625e-05,1.0114718870470294e-05,1.8552410024918997e-05,8.62865905331721e-05,war,WAR (complex64),0.018675278050924903,0.010719390491233615,0.0035074606982306443,0.008166071442282485,0.011148696520260125,cahn_hilliard_2d_o4,CH4
335.0,0.00011716084706334148,5.909403006484998e-05,2.8543860234993933e-05,3.506581141197172e-05,7.231277200569363e-05,war,WAR (complex64),0.022987723777401457,0.011258664782311507,0.007632176280651705,0.008696836076063164,0.011756480313165165,cahn_hilliard_2d_o4,CH4
340.0,0.015087552411694067,0.0008395849045657851,3.0693010675745904e-05,0.0006803693229340013,0.0018235615766461618,war,WAR (complex64),0.15196621870607047,0.02776961517160712,0.01464702173773279,0.01494148240168793,0.056435380581209886,cahn_hilliard_2d_o4,CH4
345.0,0.00011846728025342423,5.028970152677764e-05,2.3276110675284945e-05,2.3338535846410384e-05,5.164024976399075e-05,war,WAR (complex64),0.02567901701966699,0.010783908502479459,0.005446101398625042,0.01051416296893507,0.012294416792858531,cahn_hilliard_2d_o4,CH4
350.0,0.00904844002187707,2.781034139754525e-05,9.377688355618511e-06,2.354368871569694e-05,2.8307120201508403e-05,war,WAR (complex64),0.11692292398977383,0.010548611171494858,0.0034813534438412515,0.0071197842404338825,0.011071565725773811,cahn_hilliard_2d_o4,CH4
355.0,0.00013666120844387788,2.9932862503061597e-05,9.12924595072625e-06,2.320993533137727e-05,3.354965996848638e-05,war,WAR (complex64),0.015400193914565685,0.010394323710288367,0.002854628297374107,0.009616381618574539,0.01167364796052224,cahn_hilliard_2d_o4,CH4
360.0,5.5041921844910686e-05,2.1995783802242947e-05,1.6173826331140086e-05,1.972704351915733e-05,2.66391819408541e-05,war,WAR (complex64),0.01096830908532968,0.009589363783794158,0.006726650010541243,0.008627700910537793,0.010601299783448901,cahn_hilliard_2d_o4,CH4
365.0,0.0011594225687212808,2.2574468799992052e-05,1.470121979696189e-05,1.8936667499595083e-05,3.8832129732893255e-05,war,WAR (complex64),0.09045814118094014,0.007930975292178247,0.00560364766934449,0.006785134318975663,0.01145465623514851,cahn_hilliard_2d_o4,CH4
370.0,0.0007782512618450717,3.293808378094642e-05,1.7563755463620153e-05,3.0100718611777987e-05,9.996450092828497e-05,war,WAR (complex64),0.01790987853486469,0.013060992506871521,0.00820003073824543,0.00875654380747157,0.013611478153861356,cahn_hilliard_2d_o4,CH4
375.0,0.00011442687840842837,2.5766212607856986e-05,1.1343383805644421e-05,2.3001699337359373e-05,4.522545648647163e-05,war,WAR (complex64),0.017297319798873265,0.009576025876456841,0.0032512224767018865,0.005198833599428856,0.012223938052600102,cahn_hilliard_2d_o4,CH4
380.0,0.015006392428659246,0.0009264160246701287,2.3030502956705253e-05,5.754428004542936e-05,0.0012081805254198234,war,WAR (complex64),0.12272160249039682,0.06606959919013074,0.006047751091459066,0.01660272096684904,0.09126296433613586,cahn_hilliard_2d_o4,CH4
385.0,0.0002725391078201707,4.729372618714741e-05,2.0540313936979365e-05,4.7199505153197314e-05,0.00020814824988368914,war,WAR (complex64),0.037323091430466755,0.011168911564108978,0.005329862605889685,0.0074108449463781865,0.019357728423200424,cahn_hilliard_2d_o4,CH4
390.0,0.00023589238762131116,2.8824901930259266e-05,1.6409733590133933e-05,2.3043490726437238e-05,7.208992696821685e-05,war,WAR (complex64),0.015265841124688085,0.009331815847420571,0.007229740702284914,0.00925108603794542,0.010530307807406514,cahn_hilliard_2d_o4,CH4
395.0,0.00139051792542259,4.0585108438237785e-05,1.4903573747736974e-05,2.23595353988818e-05,0.00010752637025370735,war,WAR (complex64),0.04884467492010734,0.01362839702093852,0.0064171651498185255,0.009691705591996941,0.022382678055993838,cahn_hilliard_2d_o4,CH4
400.0,0.0016080637322237077,4.0127089607130835e-05,9.888707804862256e-06,1.6459469932738718e-05,0.0001498079318020006,war,WAR (complex64),0.04635594071482179,0.008571035744493636,0.004065196766943204,0.00796705933036677,0.012234361270441424,cahn_hilliard_2d_o4,CH4
405.0,0.003780453978261391,0.0001288792362492392,1.499540522606361e-05,1.691024384008414e-05,0.00032258898758719394,war,WAR (complex64),0.08132021730812057,0.0172964560783552,0.009476866832671068,0.009517017477472186,0.02009800779305655,cahn_hilliard_2d_o4,CH4
410.0,0.0003848180903443202,3.182699869045921e-05,1.184829903979893e-05,1.6600415506659614e-05,0.00024162143000352278,war,WAR (complex64),0.025537810351251192,0.010126005678047651,0.006472218893226904,0.008596415025426088,0.014632020040049213,cahn_hilliard_2d_o4,CH4
415.0,0.00110960091914353,2.1001995382033373e-05,9.861945265488995e-06,2.047052781126252e-05,2.211333248142075e-05,war,WAR (complex64),0.024934878283801875,0.006860610746774141,0.0031592568079954523,0.005674835670240791,0.008174990741142085,cahn_hilliard_2d_o4,CH4
420.0,0.0008524032611914974,1.774614041906549e-05,1.2164243985936451e-05,1.5525186051171012e-05,3.782048257935377e-05,war,WAR (complex64),0.02464004750766198,0.008812122329139424,0.002948998632946707,0.005545138733458946,0.012139568480503456,cahn_hilliard_2d_o4,CH4
425.0,0.00024387864695327882,1.8207209202648457e-05,7.451962378141679e-06,1.1013408895140677e-05,5.253449966616191e-05,war,WAR (complex64),0.025926915031430242,0.008099895942449097,0.0025336298374606914,0.0061156852922307145,0.008384218640221517,cahn_hilliard_2d_o4,CH4
430.0,0.00017229503300397682,1.5721581212732396e-05,6.941340644546013e-06,1.4937954258058492e-05,5.058826943922611e-05,war,WAR (complex64),0.024243605784837786,0.006240130052122185,0.002458643771262271,0.006121667906798759,0.013769298649362384,cahn_hilliard_2d_o4,CH4
435.0,4.278667032445026e-05,2.2503290403434713e-05,1.4405928599615674e-05,2.0483297642838748e-05,2.680178652410474e-05,war,WAR (complex64),0.01210438128010366,0.009114491660457894,0.004195045689715973,0.006834186935005959,0.01166472190504485,cahn_hilliard_2d_o4,CH4
440.0,0.007108351769421811,0.00011631163331250165,1.3997195948356355e-05,1.564088975373377e-05,0.002241763933351351,war,WAR (complex64),0.09993126857335431,0.019394830753289898,0.007462316593611969,0.009585177749558596,0.07171494551874537,cahn_hilliard_2d_o4,CH4
445.0,0.00018085176945963703,2.4306300355913705e-05,1.3987746604222712e-05,1.4007645604191897e-05,2.5839316031022713e-05,war,WAR (complex64),0.024319163245396756,0.009626555829064845,0.004070985668061979,0.008835214250575568,0.01256120535738767,cahn_hilliard_2d_o4,CH4
450.0,0.0002660678765135232,1.4463405082970074e-05,8.311823230741379e-06,1.2958024661919193e-05,2.055069560494404e-05,war,WAR (complex64),0.01462867653353944,0.009345712767938769,0.003149922063281525,0.006096408284498719,0.009524906737981863,cahn_hilliard_2d_o4,CH4
455.0,6.793650051717285e-05,5.496678897583603e-05,7.401076703968546e-06,1.2247343695487597e-05,6.61992921415969e-05,war,WAR (complex64),0.016233141083187564,0.012786750285524813,0.003019785320824624,0.008074951222390127,0.015200711102285257,cahn_hilliard_2d_o4,CH4
460.0,0.004040436126025582,2.3975389816081775e-05,1.3470232177597264e-05,1.645889341141235e-05,2.6706952546712817e-05,war,WAR (complex64),0.15723210946219981,0.009702568603017851,0.007440042183221748,0.00822278077243743,0.00992599685033005,cahn_hilliard_2d_o4,CH4
465.0,0.0002683303602708547,6.776538869110271e-05,1.1611018069802812e-05,2.1352095949379343e-05,0.00010247620676902071,war,WAR (complex64),0.014455474213718794,0.008359846536220614,0.006359991983091879,0.007064011805236328,0.013458299048077446,cahn_hilliard_2d_o4,CH4
470.0,2.194943499338823e-05,1.2490064840337693e-05,9.402269731657354e-06,1.15427875665254e-05,1.4013299711092873e-05,war,WAR (complex64),0.010136194919554887,0.0060180798963786935,0.005882499139255742,0.00590528651995728,0.0072834949359710755,cahn_hilliard_2d_o4,CH4
475.0,0.0015875538135354448,0.00021560315030517608,1.6567166767932623e-05,2.3947189761072432e-05,0.000286410700856599,war,WAR (complex64),0.027231098950411436,0.020063456605660737,0.007118144797371364,0.00944147080891976,0.0244552014255208,cahn_hilliard_2d_o4,CH4
480.0,5.5106839951520986e-05,1.3438462607657926e-05,1.0400360524518974e-05,1.235447746795641e-05,2.570454127161528e-05,war,WAR (complex64),0.009308801955838098,0.007451864149928035,0.004338904403025074,0.00708244338466707,0.009234693056246902,cahn_hilliard_2d_o4,CH4
485.0,3.3392138849422995e-05,2.162127152432444e-05,6.363402495869424e-06,1.0850973752955123e-05,3.305866673537125e-05,war,WAR (complex64),0.012449417929982531,0.0068106583429830315,0.0025320507659440388,0.006546110757537947,0.01145463770609035,cahn_hilliard_2d_o4,CH4
490.0,0.0003276123348970705,2.7798905034194194e-05,9.815059835134524e-06,1.457391732182706e-05,0.00020123950595548606,war,WAR (complex64),0.03917156164518366,0.0071795347532672416,0.006335976871805116,0.006681658982028977,0.030158706148701007,cahn_hilliard_2d_o4,CH4
495.0,8.589760095670899e-05,2.1274373539612012e-05,1.4987441227878135e-05,2.007784810530538e-05,3.0314942774249847e-05,war,WAR (complex64),0.014116613484688064,0.007163666317785263,0.005956003972142363,0.0064850007301564,0.007217759226129329,cahn_hilliard_2d_o4,CH4
500.0,0.0019051317996510839,1.7744281287406536e-05,5.516880866245769e-06,1.1992426000352383e-05,2.245585645653579e-05,war,WAR (complex64),0.06954958990049358,0.007388695409259405,0.0026321058222614434,0.006870928937942947,0.010174091513164361,cahn_hilliard_2d_o4,CH4
505.0,1.763601375552707e-05,1.2037263359848559e-05,1.0079558011308777e-05,1.054249861844512e-05,1.6039604043337386e-05,war,WAR (complex64),0.008373434477102763,0.006478183891242516,0.004642151046480664,0.005204202330088568,0.006793585543042484,cahn_hilliard_2d_o4,CH4
510.0,1.3563027748214429e-05,1.0763085026752867e-05,8.915631256679207e-06,9.900755353864624e-06,1.1709756161872012e-05,war,WAR (complex64),0.007252916134923338,0.006493809394976622,0.0028625334124565693,0.005318050207866162,0.006664317203551231,cahn_hilliard_2d_o4,CH4
515.0,0.00010443984689990576,3.201819436857447e-05,1.115544135743994e-05,1.7564401828671604e-05,3.912693384255105e-05,war,WAR (complex64),0.010342932914611441,0.008456779031289564,0.006253314123983264,0.006871823438396128,0.00982674571136476,cahn_hilliard_2d_o4,CH4
520.0,0.0013384626935243654,4.9422452765937456e-05,8.905951491527571e-06,1.583888185274467e-05,0.0004019632299040085,war,WAR (complex64),0.049904044201262585,0.010304072234567014,0.006238093586365128,0.007771387378769579,0.01606370081494693,cahn_hilliard_2d_o4,CH4
525.0,3.590162419877571e-05,1.4153488087115472e-05,1.3658257103244287e-05,1.3661633053901294e-05,1.7546301994917196e-05,war,WAR (complex64),0.008974755734588249,0.006797409808243817,0.0052524443968950535,0.006235296452664268,0.007663272935968318,cahn_hilliard_2d_o4,CH4
530.0,6.124219394774466e-05,1.4533605436525898e-05,7.635647021851072e-06,1.1732756962202638e-05,1.9702099807271133e-05,war,WAR (complex64),0.019104211686491644,0.006793566745723221,0.0034972224310048892,0.005356110873274006,0.008357090377132536,cahn_hilliard_2d_o4,CH4
535.0,0.00018642136393874785,9.912081567112723e-05,5.232090825727248e-06,1.1714845058301662e-05,0.0001065003509595907,war,WAR (complex64),0.024752777033767347,0.012140859042368609,0.002315269490178161,0.005772003120426722,0.01270633798870415,cahn_hilliard_2d_o4,CH4
540.0,0.00021029623172748896,1.8220535068722038e-05,5.3256280833001095e-06,1.4451048740093124e-05,2.4476926385087626e-05,war,WAR (complex64),0.013507411038504051,0.007479294706900421,0.002867378261061292,0.005342923345777611,0.009503182485111398,cahn_hilliard_2d_o4,CH4
545.0,2.2782750941154684e-05,1.6809504019506874e-05,8.421880183693359e-06,1.3154537120576836e-05,1.7508680810693336e-05,war,WAR (complex64),0.008785516455114125,0.006043417592178654,0.005987946354607731,0.006031735235413178,0.007544934907411784,cahn_hilliard_2d_o4,CH4
550.0,0.0009219869244316731,0.0002753312283910977,1.1832209080540473e-05,2.7180753956589324e-05,0.0008261319377963537,war,WAR (complex64),0.045318710454337705,0.027129102071643603,0.008900267009284141,0.009785773684609408,0.0436867961927179,cahn_hilliard_2d_o4,CH4
555.0,0.00016128512650766787,1.612309160061743e-05,1.0341283913445872e-05,1.232664618478233e-05,3.682856412432709e-05,war,WAR (complex64),0.022493481777086745,0.010859735776020224,0.004738441901413956,0.008193225981342539,0.011611457174024176,cahn_hilliard_2d_o4,CH4
560.0,3.150730040251399e-05,1.0134750358189017e-05,8.724648022168678e-06,8.951402264018436e-06,2.1635894972654148e-05,war,WAR (complex64),0.009318044558540182,0.007588864425236526,0.004683115478042356,0.005933328577580075,0.00833051506939994,cahn_hilliard_2d_o4,CH4
565.0,1.6399227302432397e-05,7.6175119561290295e-06,4.694876490201397e-06,6.873544437920117e-06,8.889752397097651e-06,war,WAR (complex64),0.007488842314614367,0.005062435242524209,0.0022564962215196444,0.004214559100479429,0.006899071966637615,cahn_hilliard_2d_o4,CH4
570.0,3.679619762500259e-05,1.4543445135893499e-05,6.829798147044597e-06,8.077303135140667e-06,2.62401937690846e-05,war,WAR (complex64),0.00886113639804878,0.006723643303673377,0.005465695728470428,0.005770249779809653,0.007936472869064291,cahn_hilliard_2d_o4,CH4
575.0,3.476581929776336e-05,1.0865381458607401e-05,5.863646682538424e-06,7.334729005271553e-06,1.292217344034057e-05,war,WAR (complex64),0.01084476934446622,0.006313357134584386,0.0024119028123737746,0.0060233769513308435,0.007337485123723433,cahn_hilliard_2d_o4,CH4
580.0,0.00011981683631279197,1.1953123750512571e-05,8.615995414092144e-06,9.045354649047003e-06,1.3356922109276514e-05,war,WAR (complex64),0.026792740812563203,0.006051805688856327,0.0055278546291556655,0.005743087506729471,0.007658332757282347,cahn_hilliard_2d_o4,CH4
585.0,3.869729584593029e-05,1.1350761522892828e-05,6.66406327533435e-06,8.131659338145353e-06,1.235703195470703e-05,war,WAR (complex64),0.01636947607288896,0.005812991897629319,0.00351898015880414,0.004829294966962662,0.0073866064628828115,cahn_hilliard_2d_o4,CH4
590.0,3.384362694781057e-05,1.0833362645310021e-05,9.035119199304658e-06,1.0299007773424964e-05,1.6958807096985727e-05,war,WAR (complex64),0.011171634409937669,0.007364066632330926,0.0033632921669856874,0.004962264872656905,0.008571289575399692,cahn_hilliard_2d_o4,CH4
595.0,0.0001227008648865032,2.637832945676618e-05,9.19664272429808e-06,1.0950269648700633e-05,7.332706596805964e-05,war,WAR (complex64),0.02624720211280011,0.008187164819814146,0.005529533443484335,0.007171124723535784,0.01924863854868798,cahn_hilliard_2d_o4,CH4
600.0,3.33271967504466e-05,1.0381345898398743e-05,5.911802392093082e-06,1.0379040386897858e-05,1.5046328200233698e-05,war,WAR (complex64),0.0076823907901137365,0.0054033809079467995,0.003086767200156789,0.005251388198471315,0.006749522815491401,cahn_hilliard_2d_o4,CH4
605.0,0.0018503605094699613,1.021950682662941e-05,3.679469414328125e-06,8.221935027118618e-06,5.868207652536001e-05,war,WAR (complex64),0.03854964754641222,0.006408795513340036,0.002278755858722842,0.004848428953515226,0.012382380597288644,cahn_hilliard_2d_o4,CH4
610.0,2.103523460548513e-05,1.4454177710272378e-05,3.2066460047594717e-06,1.337025146948502e-05,2.013141101487719e-05,war,WAR (complex64),0.00839631422349228,0.006525351869017871,0.0021856301663909323,0.005136498956653256,0.007375555913697979,cahn_hilliard_2d_o4,CH4
615.0,9.05713852510159e-06,7.752426399540396e-06,6.414352367050496e-06,6.714563608661502e-06,8.459645081295094e-06,war,WAR (complex64),0.007591402047712628,0.0055841224869853405,0.0039652488793745595,0.004384474021388874,0.005775865903386152,cahn_hilliard_2d_o4,CH4
620.0,0.0002110959499173106,1.3314871381693576e-05,4.002632470943152e-06,6.518793801158272e-06,1.700936756552868e-05,war,WAR (complex64),0.017204129189388996,0.005959641942163255,0.0022608462340454444,0.005151168528982149,0.00792999705708593,cahn_hilliard_2d_o4,CH4
625.0,0.00018748977165440386,1.9585183345114715e-05,6.6449320582034104e-06,8.152167886746683e-06,0.00011770316569189766,war,WAR (complex64),0.017957952940838327,0.012402572201968172,0.00474192608712128,0.006483599081431133,0.012424610468553098,cahn_hilliard_2d_o4,CH4
630.0,0.001110167440918956,2.765605394034275e-05,4.107703383488937e-06,7.848353752907631e-06,2.997921015047789e-05,war,WAR (complex64),0.046749803512842344,0.007513152959052843,0.002410419702433078,0.005753248817372984,0.01167460658314701,cahn_hilliard_2d_o4,CH4
635.0,0.0002398448976029636,1.454284320147411e-05,3.3048464938376945e-06,6.956047720487921e-06,0.00014487135353765662,war,WAR (complex64),0.028666216628935638,0.008077669232090334,0.0025924247472960695,0.004112828977640316,0.01214374430162859,cahn_hilliard_2d_o4,CH4
640.0,5.086229184894973e-05,9.665092451306965e-06,5.800393212442998e-06,7.965417027889964e-06,1.4979015579440461e-05,war,WAR (complex64),0.006944269140884448,0.005720871900273431,0.0038850313739293672,0.0047570165515116785,0.006402557739144005,cahn_hilliard_2d_o4,CH4
645.0,7.008877923214311e-05,3.2320497426107e-05,6.7774330693417e-06,2.0357465295286816e-05,3.653638069443314e-05,war,WAR (complex64),0.012015541262352668,0.007820058230367275,0.005090733244215217,0.006790310548046462,0.009968260643907047,cahn_hilliard_2d_o4,CH4
650.0,1.0261699858199578e-05,6.083976183057181e-06,3.1224038875872867e-06,4.871732596385972e-06,6.920860157419364e-06,war,WAR (complex64),0.00599206590975956,0.0049144083969056675,0.002506339597362037,0.002849181944922007,0.005677631205174481,cahn_hilliard_2d_o4,CH4
655.0,0.0001447901144894823,7.939267402208083e-06,5.5722089376509265e-06,6.5737918151575355e-06,0.0001018019282788784,war,WAR (complex64),0.009297126054372227,0.006200787820582735,0.0054871838705822015,0.0059160982543459304,0.007703327912826185,cahn_hilliard_2d_o4,CH4
660.0,0.0007504209603280704,1.1455445588397068e-05,4.918599192464713e-06,6.781212193319443e-06,3.651739265574344e-05,war,WAR (complex64),0.022365173334923247,0.00537566713843317,0.004627948445952672,0.00507322627586676,0.006431000104031132,cahn_hilliard_2d_o4,CH4
665.0,5.716878449091884e-05,9.099077664547125e-06,5.523648273148982e-06,6.181218096287173e-06,9.173570741106154e-06,war,WAR (complex64),0.0176051542127826,0.005098744365046078,0.002866555025756181,0.005035531791322795,0.0062238265581093825,cahn_hilliard_2d_o4,CH4
670.0,4.2285380716261095e-05,9.637893674817472e-06,3.454062833795062e-06,9.180657928944775e-06,1.7008456442911923e-05,war,WAR (complex64),0.012000449339405795,0.005398466805988422,0.002710513613775819,0.0052099173329376225,0.00990311711911351,cahn_hilliard_2d_o4,CH4
675.0,9.377852487567317e-05,1.047575683292327e-05,3.093879792156297e-06,5.349406280516149e-06,2.034448698666772e-05,war,WAR (complex64),0.02645260742354052,0.005457543067288363,0.0023084486708216346,0.004618423802727841,0.007362292186485791,cahn_hilliard_2d_o4,CH4
680.0,0.00033177694901648637,7.22855713834824e-06,3.071275139013652e-06,5.076159124382274e-06,2.0861189196739363e-05,war,WAR (complex64),0.012492889261118563,0.00507243368122,0.002415773438232632,0.0032466425777095687,0.007644779991257024,cahn_hilliard_2d_o4,CH4
685.0,3.748803963533749e-05,1.2040936601846986e-05,2.5616242516194476e-06,5.662687259180676e-06,2.3360300052671504e-05,war,WAR (complex64),0.016953554467627658,0.006953509345698857,0.002362056491296989,0.004101389844492793,0.01161568484376427,cahn_hilliard_2d_o4,CH4
690.0,1.813615081799122e-05,1.3879327560827543e-05,5.834611252941324e-06,1.1511210353301095e-05,1.741493701244403e-05,war,WAR (complex64),0.006986942610957188,0.0053190776899315045,0.004870668115530168,0.005174040781469427,0.005546593861041487,cahn_hilliard_2d_o4,CH4
695.0,0.00027310756083457076,1.1844933099179614e-05,7.505691008255007e-06,9.784819112842995e-06,6.279009156984738e-05,war,WAR (complex64),0.024943012395010376,0.008941139248618234,0.004979453613887188,0.006024349878598314,0.018010474854958904,cahn_hilliard_2d_o4,CH4
700.0,0.0001759222707831758,1.960051942348997e-05,2.7544688400512964e-06,4.113225510901435e-06,4.4416816462673365e-05,war,WAR (complex64),0.020138092637543372,0.0072576306468491595,0.002169859173328033,0.0043661173358807565,0.019180938659447703,cahn_hilliard_2d_o4,CH4
705.0,9.154381138190262e-06,5.750084289489409e-06,3.5788801149431714e-06,5.409975079511881e-06,7.800194673825428e-06,war,WAR (complex64),0.005931967472695076,0.004337408319134772,0.0025131015707952373,0.004274180297351855,0.004873705274482682,cahn_hilliard_2d_o4,CH4
710.0,0.0003877796610515286,3.313951546460318e-05,5.630998189428522e-06,1.7105554033758984e-05,3.561563279713298e-05,war,WAR (complex64),0.02170589036772012,0.008617067836310067,0.00458183522496176,0.008420595709809306,0.01285892070756609,cahn_hilliard_2d_o4,CH4
715.0,4.0598588778373766e-05,7.467923801986056e-06,4.254081408169458e-06,4.769171832427093e-06,1.505368372316054e-05,war,WAR (complex64),0.013589421622547861,0.00513095392013317,0.002783278611017032,0.0043826313902538445,0.0071593908878538745,cahn_hilliard_2d_o4,CH4
720.0,0.0004935581581506211,1.0707989647470467e-05,4.112978651479628e-06,6.074310119725095e-06,2.8550193567806202e-05,war,WAR (complex64),0.02757631746147005,0.005861062122576211,0.003161767069728809,0.005301628058977258,0.008225514962558775,cahn_hilliard_2d_o4,CH4
725.0,9.925349842546167e-06,6.497884106331901e-06,3.568341165461956e-06,6.019858651233302e-06,8.476138769851248e-06,war,WAR (complex64),0.005565782371876496,0.004380863994331227,0.0034777395627617236,0.003702282786746587,0.00533204411203508,cahn_hilliard_2d_o4,CH4
730.0,0.0003247792105989121,9.458776575652615e-06,4.500796279775835e-06,5.005624136816772e-06,1.0485994399584372e-05,war,WAR (complex64),0.019185746334712227,0.005110732663442083,0.002123885286872567,0.0036419288380717366,0.007544399806682617,cahn_hilliard_2d_o4,CH4
735.0,0.00020723455336942243,7.938118908127806e-06,4.07446511612767e-06,5.139969032976451e-06,4.376435998994298e-05,war,WAR (complex64),0.013867628409784779,0.004582951412172666,0.002945079643597266,0.003266219196364981,0.009641289683133667,cahn_hilliard_2d_o4,CH4
740.0,0.00020711513590471238,7.066681454502708e-06,4.780885295584204e-06,5.081504102709733e-06,7.097321583341568e-06,war,WAR (complex64),0.021795956300206806,0.004464768435528413,0.0027033541696029765,0.003985972087405614,0.004912727334503732,cahn_hilliard_2d_o4,CH4
745.0,5.1590485054854686e-05,4.85796545833562e-06,3.682960691377529e-06,3.895702638246206e-06,2.661382631911449e-05,war,WAR (complex64),0.01070511969504818,0.004367324725079559,0.0020308028231567138,0.0036898784188506557,0.00852628861722973,cahn_hilliard_2d_o4,CH4
750.0,8.09788948295135e-06,5.13563625692431e-06,3.4778628476103836e-06,3.535053799006638e-06,5.197185583302919e-06,war,WAR (complex64),0.004579120331264472,0.004300456835981426,0.0028536385407307192,0.0029038813601726344,0.004484145200714703,cahn_hilliard_2d_o4,CH4
755.0,9.664200336988978e-05,4.779426191761492e-06,3.3793162601016504e-06,4.024484233523953e-06,7.062536257500418e-05,war,WAR (complex64),0.014408734874833727,0.004357182679902683,0.0023426138327858207,0.004324485807368817,0.010743550895592946,cahn_hilliard_2d_o4,CH4
760.0,1.2323533187289532e-05,8.268042268765481e-06,3.6788315352167307e-06,4.815930799382976e-06,9.57728162465545e-06,war,WAR (complex64),0.006789190343725657,0.0043772050988620265,0.0026138388373798736,0.0036293580505908814,0.006256234145639135,cahn_hilliard_2d_o4,CH4
765.0,0.018504529739870747,3.166736073891828e-05,3.518096856806589e-06,1.814551835934547e-05,7.341943798920607e-05,war,WAR (complex64),0.1435631748986148,0.0059970016440503045,0.004095420891227207,0.0056499643838066925,0.008001327789785285,cahn_hilliard_2d_o4,CH4
770.0,0.00012787974319538648,7.050517485804456e-06,2.949261808070101e-06,4.360390724914882e-06,8.188440316682212e-05,war,WAR (complex64),0.008386945047557211,0.003740709819806051,0.002513062722928181,0.0032238332367908362,0.005386373823276475,cahn_hilliard_2d_o4,CH4
775.0,4.0754497652976794e-05,2.6101598030737354e-05,3.7505140033794157e-06,6.854845278653626e-06,2.995142441766626e-05,war,WAR (complex64),0.008906409253701158,0.00593475086975321,0.0032503032135400792,0.004920463441646496,0.006568116048654931,cahn_hilliard_2d_o4,CH4
780.0,0.00012857706585367234,5.9731206678792695e-06,2.0108706804724975e-06,4.611147534672103e-06,1.1949080781471702e-05,war,WAR (complex64),0.013707585940938996,0.004826344321493305,0.0022706362893659183,0.0030857694025496567,0.0051194874791713986,cahn_hilliard_2d_o4,CH4
785.0,7.051022211171173e-05,5.624731413239247e-06,3.2790273920873127e-06,3.692167101804138e-06,6.12935038768029e-06,war,WAR (complex64),0.009523848347445322,0.004064406917021383,0.002364237285385807,0.003960610832398606,0.0046439122104726714,cahn_hilliard_2d_o4,CH4
790.0,2.474433872959196e-05,5.323795913211313e-06,2.8489305203736424e-06,5.275107643029869e-06,2.1625074167726838e-05,war,WAR (complex64),0.004646725241890349,0.003262828852013624,0.0028221784939016833,0.0032035923388280536,0.004271340592071756,cahn_hilliard_2d_o4,CH4
795.0,1.9726613042525276e-05,4.464780901124723e-06,3.0253672809944787e-06,3.676894110901257e-06,5.389768982186198e-06,war,WAR (complex64),0.007394990253685524,0.003720984580000285,0.002217919749360323,0.0034430284091354437,0.0051200182841148086,cahn_hilliard_2d_o4,CH4
800.0,0.00016734409331415189,4.902619049950367e-06,1.6667328395265708e-06,4.8258036639491435e-06,0.00010421203659701834,war,WAR (complex64),0.01951079094343163,0.004658042759832225,0.00205032874510397,0.003834375132596234,0.018729146409302636,cahn_hilliard_2d_o4,CH4
805.0,5.17493098001888e-05,5.7431764895252105e-06,1.7252458550888222e-06,4.362778100655788e-06,1.4818282508284398e-05,war,WAR (complex64),0.00990006098930891,0.004798958352392061,0.0020047015553968832,0.0027550690925832056,0.00640243112824587,cahn_hilliard_2d_o4,CH4
810.0,0.0008551957000578243,1.0087380879988343e-05,3.311948126013618e-06,4.808006952275354e-06,2.0084193590101157e-05,war,WAR (complex64),0.023583616679072446,0.005716695909735226,0.0036964822718218594,0.0044303024619684606,0.005732971174904926,cahn_hilliard_2d_o4,CH4
815.0,3.4057676736721636e-05,5.263465720812443e-06,1.879916816776277e-06,4.20069718438245e-06,7.242886085375948e-06,war,WAR (complex64),0.010038618661879873,0.003926116967155737,0.001700798997737846,0.0026101556953530025,0.00462001035343609,cahn_hilliard_2d_o4,CH4
820.0,5.5133177647509615e-06,3.983992449577886e-06,2.2978661497322943e-06,3.767961271113955e-06,4.229872488221977e-06,war,WAR (complex64),0.004458971840275318,0.0038448932321362766,0.0023355831500233865,0.003385710141511228,0.004231363003986632,cahn_hilliard_2d_o4,CH4
825.0,0.00015309364515015032,4.073970275590256e-06,1.4817723596015731e-06,2.687718130723835e-06,9.782468599158983e-05,war,WAR (complex64),0.028569202687606546,0.004200144524688444,0.0018302430302136919,0.0031450304848727475,0.012752969132662799,cahn_hilliard_2d_o4,CH4
830.0,2.201471850012922e-05,3.8366763892155824e-06,3.0458955361600975e-06,3.110563522540571e-06,3.930615167843917e-06,war,WAR (complex64),0.004510477058261031,0.004305603664619193,0.0025009347068489104,0.003482297108092093,0.004324828806184314,cahn_hilliard_2d_o4,CH4
835.0,2.2712304239980707e-05,4.468017906355133e-06,3.697325831618113e-06,4.388286581624581e-06,5.339881085437041e-06,war,WAR (complex64),0.008285526975880041,0.003832761426850145,0.0028173447529714693,0.0035092291309254883,0.004271123080464753,cahn_hilliard_2d_o4,CH4
840.0,7.07462382510811e-05,1.3630170574610356e-05,3.9598525176193086e-06,5.52148962149388e-06,1.7392966355724637e-05,war,WAR (complex64),0.01706703511810914,0.0057728177185421975,0.0030779284584562653,0.005772292981937096,0.006115757538663242,cahn_hilliard_2d_o4,CH4
845.0,2.6038483371146603e-05,5.2454388345793145e-06,3.6001952485286807e-06,4.811156630396155e-06,5.2608072360905335e-06,war,WAR (complex64),0.005223539316382895,0.0037190640155125056,0.0020948874466605355,0.00309010486379503,0.004204349427733259,cahn_hilliard_2d_o4,CH4
850.0,0.00010997778223553562,4.309778982921836e-06,2.172441607020528e-06,3.7264751288634897e-06,4.627959298050774e-06,war,WAR (complex64),0.012666030600317986,0.003300265565223965,0.0023642637740825243,0.002393911677977236,0.004328428532188072,cahn_hilliard_2d_o4,CH4
855.0,1.0685085681433035e-05,3.2422265492603806e-06,1.313927799891362e-06,2.5712567840884897e-06,6.7665779580662105e-06,war,WAR (complex64),0.004622957450527699,0.004061022210159403,0.001637757956649957,0.0018805479369782977,0.004281490862590953,cahn_hilliard_2d_o4,CH4
860.0,2.2157840093100145e-05,4.990897991992076e-06,2.485381789631943e-06,3.4552106160647963e-06,1.6800094785273067e-05,war,WAR (complex64),0.005753520010104769,0.0037775010260757257,0.0017024927172017428,0.003452835325111066,0.004320642026515031,cahn_hilliard_2d_o4,CH4
865.0,2.4486587966081427e-05,6.049563241714543e-06,2.385758763347973e-06,4.889907710760302e-06,8.545555375787307e-06,war,WAR (complex64),0.005523330900487925,0.004267331966066487,0.002033811042822202,0.0035797371527207154,0.004631569814493456,cahn_hilliard_2d_o4,CH4
870.0,6.504773467753589e-05,9.986418963857528e-06,2.0025879793198136e-06,2.2667823368113842e-06,1.9300319969577175e-05,war,WAR (complex64),0.009791564584860657,0.0034862732901368544,0.002037832213300252,0.0028834505187390435,0.003806839253326222,cahn_hilliard_2d_o4,CH4
875.0,1.4563358132705352e-05,4.798595775710718e-06,3.6146073660840845e-06,3.838590766751142e-06,7.259094092679639e-06,war,WAR (complex64),0.011801005837576409,0.0038598392099351217,0.0031682046566677913,0.003596368541075506,0.004086960070055485,cahn_hilliard_2d_o4,CH4
880.0,3.631754783329832e-05,5.529718578031664e-06,1.6010627186880956e-06,2.999978179899254e-06,5.760550172365055e-06,war,WAR (complex64),0.009445027799101145,0.0038446248566306055,0.0017925756253063764,0.00375683332761721,0.004524804546077069,cahn_hilliard_2d_o4,CH4
885.0,1.0552894500773196e-05,3.5219564263639828e-06,1.392533861606111e-06,2.860765937934917e-06,3.897413506843334e-06,war,WAR (complex64),0.005528740437547685,0.003498393894773692,0.001675870038037637,0.0022236373596031585,0.0036992927810710467,cahn_hilliard_2d_o4,CH4
890.0,4.539796825548993e-06,3.1109069297080033e-06,1.6319564263406145e-06,2.4617434762443515e-06,3.142756604967921e-06,war,WAR (complex64),0.0035985463987547105,0.002767412781596515,0.0020574063814786034,0.0020702206556115154,0.003351226073199458,cahn_hilliard_2d_o4,CH4
895.0,8.567136875032041e-06,4.783240010007154e-06,2.1805256747068772e-06,4.306954386134807e-06,5.187266334154799e-06,war,WAR (complex64),0.003637328747683281,0.003483155487881931,0.002816488203416431,0.0034689858352314066,0.0036001216128288393,cahn_hilliard_2d_o4,CH4
900.0,1.99788732871914e-05,3.783436531859055e-06,2.1185884542945927e-06,3.0694841540506465e-06,4.434026401630497e-06,war,WAR (complex64),0.004970595828835787,0.0041246036540804115,0.0015304847077733685,0.003464649182057913,0.00458883518370819,cahn_hilliard_2d_o4,CH4
905.0,1.0223448530539175e-05,8.37487211154059e-06,2.121906732981308e-06,5.80435212398812e-06,8.416742286089146e-06,war,WAR (complex64),0.00667313131420614,0.003940434122652525,0.002345255231214709,0.003916317750254954,0.00448736184255916,cahn_hilliard_2d_o4,CH4
910.0,5.722616812372768e-05,1.0765685206458638e-05,4.348232275295739e-06,4.3822859916989725e-06,2.957616650529259e-05,war,WAR (complex64),0.014084186964985413,0.003943514431898543,0.0021261322681647155,0.0027748334046324087,0.01015158729974863,cahn_hilliard_2d_o4,CH4
915.0,7.580684713760717e-06,3.2630148464273194e-06,2.6120714531330973e-06,2.6567129774356717e-06,5.083275759009711e-06,war,WAR (complex64),0.004425035112051172,0.0033339714175642707,0.0015721855354661046,0.003170176350973653,0.003968567419572709,cahn_hilliard_2d_o4,CH4
920.0,1.7088015019090016e-05,2.811646529461208e-06,1.7058333075716624e-06,1.8023396014249292e-06,2.898354923030867e-06,war,WAR (complex64),0.008751796517885229,0.0026893213467948365,0.0016651872269098412,0.002501829092888021,0.003386459679333664,cahn_hilliard_2d_o4,CH4
925.0,3.5563485194192695e-06,2.5919514526542144e-06,1.7301005124189492e-06,2.0843229453815754e-06,2.7742168745836697e-06,war,WAR (complex64),0.004056374805026885,0.0025926521888941815,0.0015437423929111022,0.002151171231917543,0.002826280935604989,cahn_hilliard_2d_o4,CH4
930.0,9.608933347890754e-06,2.7579164517292924e-06,1.8583033003151413e-06,1.8897903929173898e-06,3.736136512444739e-06,war,WAR (complex64),0.004175302231007534,0.0029075090647291972,0.0021423317809111187,0.0027503873122078615,0.00327727952067232,cahn_hilliard_2d_o4,CH4
935.0,7.413404338660185e-05,2.2762438686440214e-06,1.3379693259529656e-06,1.9154373028898927e-06,2.856467450955811e-06,war,WAR (complex64),0.010554309350922442,0.0028451040943105878,0.0016188614720597388,0.0017103631482747112,0.0028774706381661697,cahn_hilliard_2d_o4,CH4
940.0,8.537791266944792e-06,3.3856129224649714e-06,1.634021016766458e-06,2.7683325491834598e-06,5.806908255825745e-06,war,WAR (complex64),0.004931876969638786,0.002689147279030517,0.0024508361669119795,0.0025663874495886426,0.0032517172636439317,cahn_hilliard_2d_o4,CH4
945.0,1.4305103459252925e-05,2.8485808824258687e-06,2.5929925531740733e-06,2.7447613094678062e-06,3.647183757509109e-06,war,WAR (complex64),0.004024788225283516,0.00265140331902333,0.0022898137620745752,0.002461183894284298,0.003289796540479627,cahn_hilliard_2d_o4,CH4
950.0,2.1747924171585542e-05,3.4138667436113657e-06,2.6254627787453432e-06,2.9659875303597996e-06,7.26704975148682e-06,war,WAR (complex64),0.004929401175974787,0.0035645433323714384,0.0018849301054234175,0.0024209532762015625,0.0035833029439792828,cahn_hilliard_2d_o4,CH4
955.0,9.170482752307715e-06,3.4398725670411933e-06,1.4584985223600805e-06,2.9339040997943713e-06,5.9778572872045235e-06,war,WAR (complex64),0.003966663617646217,0.0036823518898385426,0.0021098739707535487,0.0028288803041088125,0.0037518951194959673,cahn_hilliard_2d_o4,CH4
960.0,2.0669561811961426e-05,2.201304788128784e-06,1.2188986609837111e-06,1.6420619494334181e-06,3.715311806752263e-06,war,WAR (complex64),0.005106593199597161,0.002571029407166884,0.0017936860399461426,0.001869197131530998,0.0026814377935975115,cahn_hilliard_2d_o4,CH4
965.0,9.30658818525307e-06,2.983741993773446e-06,1.8775552704673608e-06,2.715360874159821e-06,6.60842049575624e-06,war,WAR (complex64),0.006907848141782988,0.003364196500855712,0.0026960785510759693,0.002988528970719702,0.004628960357959475,cahn_hilliard_2d_o4,CH4
970.0,5.781830214069224e-06,3.0091697740076963e-06,1.5158587237985622e-06,1.9866493336462623e-06,5.550435980803527e-06,war,WAR (complex64),0.00425466771145426,0.0027284068842695804,0.0020906776278079237,0.0024650268885029543,0.0032204533911822783,cahn_hilliard_2d_o4,CH4
975.0,6.135713152973985e-05,4.498785703602076e-06,1.6439131799478467e-06,2.0448252323174975e-06,1.7745300415979572e-05,war,WAR (complex64),0.018825952368561504,0.00368419604901511,0.0022000611815806443,0.003153358803212831,0.009408386003534394,cahn_hilliard_2d_o4,CH4
980.0,2.3456760042054355e-05,3.6798835246703593e-06,1.5757869969052862e-06,1.9935608098511566e-06,5.6606437809087635e-06,war,WAR (complex64),0.006039948589935595,0.0032472254926753036,0.0025638391605541,0.0031327595561872913,0.0034348206027406463,cahn_hilliard_2d_o4,CH4
985.0,9.84749385528225e-06,3.1102383136195752e-06,2.259895781949699e-06,2.734998610089303e-06,7.125250561201778e-06,war,WAR (complex64),0.005887972589048779,0.002918209046459079,0.0025493359562798715,0.0028139721175692717,0.0038102444475101235,cahn_hilliard_2d_o4,CH4
990.0,2.1753858455885967e-05,2.139710121095207e-06,1.5190958486015357e-06,2.1004816284362295e-06,3.2310718865272168e-06,war,WAR (complex64),0.010595392380412166,0.002798696910239704,0.0013910340437816894,0.002499236216370664,0.0033967754689889214,cahn_hilliard_2d_o4,CH4
995.0,6.400255068905375e-05,4.2302153616910787e-05,1.540066434437615e-06,4.579318172781287e-06,4.631021730151346e-05,war,WAR (complex64),0.016654439089407516,0.006263482698125561,0.0012196183241771086,0.0039341606916285755,0.007754540965992817,cahn_hilliard_2d_o4,CH4
1000.0,4.73619830025389e-06,2.934540563419779e-06,9.774093708977766e-07,2.1091680590486645e-06,4.303106837212086e-06,war,WAR (complex64),0.0039463984639811845,0.002523768915521045,0.0013979686969697795,0.0020460833995024985,0.0034600669177920996,cahn_hilliard_2d_o4,CH4
1005.0,6.883980275643705e-06,2.254131083189047e-06,1.161858700153416e-06,1.3810329359046053e-06,2.6065010660297035e-06,war,WAR (complex64),0.004665986504073714,0.002188086475513188,0.0015061198902045637,0.0017701901112951478,0.002956279084050603,cahn_hilliard_2d_o4,CH4
1010.0,0.0001046372279427147,2.6577064874884482e-06,9.457799507663275e-07,2.552297594714278e-06,2.93902142516224e-06,war,WAR (complex64),0.006598146070843962,0.0031962917641664263,0.001627094337882449,0.0024095848372014425,0.003542851993622212,cahn_hilliard_2d_o4,CH4
1015.0,7.331548865857591e-05,7.2975974112053295e-06,3.710653119477191e-06,5.159382694104387e-06,7.577475485564977e-06,war,WAR (complex64),0.008205631959744074,0.004578151438424572,0.003617220996670566,0.0038557638447306725,0.005301683986714147,cahn_hilliard_2d_o4,CH4
1020.0,0.00017171477840312007,5.619840688085122e-06,2.324927556627285e-06,4.860869236355852e-06,2.0806134070770328e-05,war,WAR (complex64),0.013420928714513825,0.0030604567980703997,0.0022473397884235128,0.0026505953152062217,0.00446818422733912,cahn_hilliard_2d_o4,CH4
1025.0,1.3617672579476097e-05,2.9618156601368723e-06,1.428880330770807e-06,1.8920408406588982e-06,4.003557529049057e-06,war,WAR (complex64),0.007120085780471267,0.0022585391138031105,0.001557745921398222,0.0016406390510695465,0.0035662180091775254,cahn_hilliard_2d_o4,CH4
1030.0,1.8076620740676777e-05,2.1978466229712066e-06,9.144055153932632e-07,1.4132169983981937e-06,4.724320016003404e-06,war,WAR (complex64),0.005619444837932686,0.002081871072492207,0.0014099961519120944,0.001799503081314039,0.0022725020061008885,cahn_hilliard_2d_o4,CH4
1035.0,2.285313370397139e-06,1.6929706712693585e-06,1.3589413224945345e-06,1.3748067465718257e-06,2.150032167628886e-06,war,WAR (complex64),0.0027964500960443984,0.0019531822520525793,0.0015564451399917908,0.001869374693298639,0.0026608823287649656,cahn_hilliard_2d_o4,CH4
1040.0,3.3417065827775484e-05,2.2108675869243893e-06,1.6515087416025363e-06,1.7139089394604091e-06,8.046687895137793e-06,war,WAR (complex64),0.003217311488259997,0.0028487035031970606,0.0023819671785155028,0.002621118439790723,0.003205596548933505,cahn_hilliard_2d_o4,CH4
1045.0,3.458926378293022e-05,2.425146041364785e-06,1.3077487766400275e-06,1.5348596787218361e-06,1.0882489345574385e-05,war,WAR (complex64),0.007797162845105614,0.002841886579057576,0.001363735964574793,0.0019732109566238834,0.007252903064561539,cahn_hilliard_2d_o4,CH4
1050.0,5.004090664443574e-06,1.7746034738191795e-06,1.2063149440469601e-06,1.608706156988691e-06,2.2020305821241242e-06,war,WAR (complex64),0.0035329404128433507,0.002606943348493157,0.001370278534652713,0.0022428246261081606,0.0030659981987805145,cahn_hilliard_2d_o4,CH4
1055.0,3.87551191793074e-05,2.414221752829612e-06,1.2523082536178727e-06,1.744200470838413e-06,3.6822356813800004e-06,war,WAR (complex64),0.0068785122146336666,0.0024480881621603673,0.002027065180759506,0.0021399554030919676,0.002854222584667355,cahn_hilliard_2d_o4,CH4
1060.0,8.122001751693318e-06,2.275993859543891e-06,1.0457058466779288e-06,1.0949525637682435e-06,6.695593593301192e-06,war,WAR (complex64),0.006158976526966752,0.0026223026773965863,0.001898251560225172,0.001956505852396504,0.0034749449824470918,cahn_hilliard_2d_o4,CH4
1065.0,3.317083067751917e-05,4.962518283814257e-06,1.997104826652399e-06,2.9507398682366053e-06,1.9408155318927334e-05,war,WAR (complex64),0.010222814436866123,0.0031269169772887274,0.0020656549698792525,0.0023172979993508697,0.004380028584026813,cahn_hilliard_2d_o4,CH4
1070.0,1.3078431907042131e-05,1.6956720188352313e-06,1.3856531813912575e-06,1.4584956184368228e-06,9.535031133436582e-06,war,WAR (complex64),0.005723076174609834,0.0024750143269778196,0.0014555812433934949,0.002213708937136274,0.003267990327300126,cahn_hilliard_2d_o4,CH4
1075.0,1.0462567680976978e-05,3.3550674127025743e-06,1.0449097071544714e-06,1.9543387650326815e-06,3.8156348018049454e-06,war,WAR (complex64),0.004269557638943533,0.0020151452086384965,0.001523570486499639,0.0018667904558714115,0.004045468026105052,cahn_hilliard_2d_o4,CH4
1080.0,9.493909935545424e-06,1.1402393681827825e-06,8.388072304685731e-07,1.038208842594383e-06,6.883708748366588e-06,war,WAR (complex64),0.003722474412462269,0.0018687871381489864,0.0014439668965128113,0.0014860621788039363,0.0030209775465451566,cahn_hilliard_2d_o4,CH4
1085.0,0.00011535148414638309,1.5142110556595822e-06,8.380164262052198e-07,1.0609509468343703e-06,4.9826712072960965e-06,war,WAR (complex64),0.008326885452700068,0.002179496327843725,0.0013280890648077798,0.0019283003229861899,0.003992054268715447,cahn_hilliard_2d_o4,CH4
1090.0,0.00017374086394485413,1.7323809857385343e-06,1.0124275149114738e-06,1.0167291130874062e-06,3.304611047784089e-06,war,WAR (complex64),0.012821366899413192,0.0019237930272690221,0.001377698058411944,0.0018619265135392873,0.002609398179228837,cahn_hilliard_2d_o4,CH4
1095.0,2.3680590628017114e-06,1.703540196395359e-06,1.110601874870408e-06,1.5517173615609707e-06,1.827761338965803e-06,war,WAR (complex64),0.00271805131439793,0.002506735425229961,0.0012502134478588958,0.0021876925154123527,0.002558837917086595,cahn_hilliard_2d_o4,CH4
1100.0,7.242271220954583e-06,1.7876424919004228e-06,1.0878898090073402e-06,1.345603720780971e-06,3.784062982011259e-06,war,WAR (complex64),0.0029056225339673886,0.0025189238341730017,0.0012276173742220339,0.0018833344000641495,0.0028430034231686826,cahn_hilliard_2d_o4,CH4
1105.0,4.14121874043235e-06,1.1357574232070128e-06,1.0042509988672228e-06,1.0729472381481357e-06,2.154669654802331e-06,war,WAR (complex64),0.0024294537542124107,0.0019699310005686266,0.001195578397157641,0.001874651615776338,0.0022155610794011,cahn_hilliard_2d_o4,CH4
1110.0,6.497844609926747e-06,1.3233715540400336e-06,1.154721908975682e-06,1.2590817148907378e-06,1.6974236956971913e-06,war,WAR (complex64),0.00482371313995589,0.0020538592797393488,0.0013903473582273253,0.0018844750261574506,0.002115784682209619,cahn_hilliard_2d_o4,CH4
1115.0,7.416751754788424e-06,2.5282742387853566e-06,1.0093461709270397e-06,2.0472024880201206e-06,2.8172951599766303e-06,war,WAR (complex64),0.0034234626632245074,0.003042893494594889,0.001330188756801786,0.002244413606321584,0.003057586552692716,cahn_hilliard_2d_o4,CH4
1120.0,1.8796438325189957e-05,3.7262089431167334e-06,1.8036223004847648e-06,2.109743158313661e-06,1.623233762759757e-05,war,WAR (complex64),0.004722103677813983,0.0022771403715362124,0.0016200531552616004,0.001734391958723347,0.0041114731263721645,cahn_hilliard_2d_o4,CH4
1125.0,3.0400578947150977e-06,2.273224617926612e-06,9.102852498030499e-07,1.6489221823433073e-06,2.8581458488954994e-06,war,WAR (complex64),0.0024727615682267994,0.0021803940040158293,0.0011791898602457663,0.0018900811349935006,0.0024716401674242747,cahn_hilliard_2d_o4,CH4
1130.0,8.611610273595843e-06,6.1563979689823756e-06,6.770615829972147e-07,1.4955944610731625e-06,8.222086265162809e-06,war,WAR (complex64),0.004936707860651008,0.0029951164387803115,0.0014458476281969622,0.0020627213049938227,0.0036020714489545806,cahn_hilliard_2d_o4,CH4
1135.0,1.0892061739161265e-05,4.784832355637124e-06,1.2319879972551346e-06,1.356986278551653e-06,6.914487637234556e-06,war,WAR (complex64),0.00520911864081077,0.0026664025582126476,0.00220582605770473,0.0023297990555585573,0.0030050550093231455,cahn_hilliard_2d_o4,CH4
1140.0,6.668535433524735e-06,2.017457394260971e-06,9.411092320323262e-07,1.493575959311058e-06,2.4579739060621405e-06,war,WAR (complex64),0.0032219127595948297,0.0017260373718470585,0.0013749847781759487,0.001707635792533629,0.002927128551872599,cahn_hilliard_2d_o4,CH4
1145.0,2.2672922834309114e-05,4.134206174372701e-06,6.478098597499873e-07,1.0237209491551433e-06,4.671594286267132e-06,war,WAR (complex64),0.0062592359791527235,0.0019497893200633044,0.0012453546898217476,0.001786493920442344,0.0027302549158904252,cahn_hilliard_2d_o4,CH4
1150.0,2.6534144069111354e-06,1.3529693372206106e-06,9.636142283101758e-07,1.0225136318791507e-06,1.8373637225577872e-06,war,WAR (complex64),0.002245089212301608,0.001693760279454541,0.0013544630573696706,0.001590992640768164,0.0019036474276568239,cahn_hilliard_2d_o4,CH4
1155.0,4.865756553289843e-06,1.632464509269501e-06,7.626574878504542e-07,1.4670719819776353e-06,3.2989087585829193e-06,war,WAR (complex64),0.002586219493123453,0.0022615581239591193,0.00128392125910595,0.0015496846781515403,0.002563170244773564,cahn_hilliard_2d_o4,CH4
1160.0,1.266102337366001e-05,1.6721423121629306e-06,1.0833279671389252e-06,1.5274868485761731e-06,1.7814390581695603e-06,war,WAR (complex64),0.004753934898080304,0.0022024442407230053,0.0014254883287051693,0.0014434006913652247,0.0026892829357157075,cahn_hilliard_2d_o4,CH4
1165.0,4.3591992333619285e-06,1.8841399419197037e-06,1.0798195927357738e-06,1.6495392960427068e-06,3.7674373141381085e-06,war,WAR (complex64),0.002615399853515206,0.0019351120945643664,0.0015422100241638842,0.001673123657614959,0.002119790787918503,cahn_hilliard_2d_o4,CH4
1170.0,1.879497722692345e-05,2.6159714130799404e-06,7.38255061365885e-07,1.0614608155946677e-06,5.92804539177876e-06,war,WAR (complex64),0.0064694411235251825,0.002725762959722811,0.0011599317031291672,0.002141877631178103,0.0027496698364231622,cahn_hilliard_2d_o4,CH4
1175.0,1.9628694996845706e-06,1.4813955620206501e-06,1.1487564903451884e-06,1.166712011979452e-06,1.7489870683802704e-06,war,WAR (complex64),0.001967779429312219,0.001707815513380374,0.0012141734734634458,0.0014378971944023161,0.0017824468063647092,cahn_hilliard_2d_o4,CH4
1180.0,2.0891371686446376e-06,1.8176986143616355e-06,1.441567928634675e-06,1.8001090703616483e-06,1.920008492680263e-06,war,WAR (complex64),0.002253457507955613,0.0016698569128505392,0.001456506808077218,0.0016581159105833344,0.0019128723875316772,cahn_hilliard_2d_o4,CH4
1185.0,5.905864815932565e-05,2.6097612268649972e-05,2.913807348279689e-06,1.1722267378080259e-05,2.8549637582126825e-05,war,WAR (complex64),0.012838426648952192,0.007036027292324991,0.0028926617170988546,0.00616330110969209,0.007267715903052906,cahn_hilliard_2d_o4,CH4
1190.0,2.2492136754601622e-06,1.3313851852525279e-06,6.904337114329374e-07,1.0896443591418545e-06,1.7659567035370137e-06,war,WAR (complex64),0.0019465226678219805,0.0018905429970981363,0.0012217007473219427,0.001408908594347181,0.0019396752952272752,cahn_hilliard_2d_o4,CH4
1195.0,2.361607155429921e-06,1.1527494542446545e-06,7.156042014188796e-07,7.343919028125415e-07,1.5256743420430904e-06,war,WAR (complex64),0.0020241162967366624,0.0017200685018900351,0.0013128542007401548,0.0014632450085249377,0.002020265573464508,cahn_hilliard_2d_o4,CH4
1200.0,3.8176249048067225e-05,2.2610909642121886e-06,6.386763438884348e-07,1.7353858993488517e-06,1.1952838072681267e-05,war,WAR (complex64),0.0031289178757754775,0.0019481902759271954,0.0012342412144538478,0.0014035987489490088,0.0031027398875755723,cahn_hilliard_2d_o4,CH4
0.0,0.9998692870140076,0.8143057227134705,0.7860732674598694,0.8005276322364807,0.9548097252845764,real_sinh_autodiff,Real AD (float32),1.4696801900863647,1.3314138650894165,1.1299504041671753,1.2425190210342407,1.3884179592132568,cahn_hilliard_2d_o4,CH4
5.0,0.606381708121651,0.5966661994331284,0.5327340774483216,0.585598565817412,0.5990423410934943,real_sinh_autodiff,Real AD (float32),1.0771474080231216,1.0320067539151836,0.9612120972412765,0.979885027210214,1.0510475699868842,cahn_hilliard_2d_o4,CH4
10.0,0.588112940787101,0.4733167384217895,0.4336216340478909,0.46941907125392446,0.5317823847906479,real_sinh_autodiff,Real AD (float32),1.3145977971313043,1.2505436486957004,1.0940478171446721,1.1856662200145451,1.2989089667077467,cahn_hilliard_2d_o4,CH4
15.0,0.3930237082761156,0.2959102854161386,0.28009804720122716,0.2915188710149429,0.30277398852167675,real_sinh_autodiff,Real AD (float32),1.0099718246163516,0.9908498922315567,0.6930142253655177,0.839375484332458,1.0017771218010456,cahn_hilliard_2d_o4,CH4
20.0,0.2591795343415359,0.2306407442998081,0.196261320459559,0.2304658895566495,0.24802479596731436,real_sinh_autodiff,Real AD (float32),0.8469673721802331,0.6761133195128568,0.6261489078453615,0.6472274032729248,0.7834967244863514,cahn_hilliard_2d_o4,CH4
25.0,0.22677389190525504,0.19856717948669858,0.1415144664982554,0.16187139955696497,0.2235904054659825,real_sinh_autodiff,Real AD (float32),0.7591750502300179,0.5614852379177392,0.43703337062008235,0.5277084664250817,0.5870110527434578,cahn_hilliard_2d_o4,CH4
30.0,0.21333134001582263,0.19040508613931714,0.08094358847826687,0.11577413991582719,0.19722261719963355,real_sinh_autodiff,Real AD (float32),0.6410156851229429,0.5905695048511056,0.2821961883430692,0.44618329901994624,0.5946973872063794,cahn_hilliard_2d_o4,CH4
35.0,0.21811276501235313,0.1893059959367237,0.07456318820487749,0.07881155753144256,0.21775917501814657,real_sinh_autodiff,Real AD (float32),0.6321791375438256,0.5507099522286347,0.19825276644650872,0.3490683293882111,0.5790594269669526,cahn_hilliard_2d_o4,CH4
40.0,0.17870788615241975,0.14990234176662218,0.050665058212880205,0.053229559429314774,0.1785015899879504,real_sinh_autodiff,Real AD (float32),0.5543577052503169,0.41150291672718486,0.17285071338961655,0.2823837425769637,0.439592963201715,cahn_hilliard_2d_o4,CH4
45.0,0.19494921632455617,0.12700775848332632,0.03877624640997031,0.0396612319933231,0.13401217179205613,real_sinh_autodiff,Real AD (float32),0.5232164433305468,0.33885542436294275,0.19242035440315447,0.2161023146407507,0.5182966807637487,cahn_hilliard_2d_o4,CH4
50.0,0.1656391022542025,0.11141250607246775,0.030255221377726668,0.036128406854440034,0.12687213201871347,real_sinh_autodiff,Real AD (float32),0.5377239731842659,0.2129559112431999,0.11297891041809051,0.19033082555419711,0.26801693381383634,cahn_hilliard_2d_o4,CH4
55.0,0.19204634911731666,0.08381385923857003,0.0250055870535018,0.03396569932441237,0.11234384119793582,real_sinh_autodiff,Real AD (float32),0.4120819099936614,0.21495865900154598,0.11506466465730786,0.14373758117678662,0.27673956950700335,cahn_hilliard_2d_o4,CH4
60.0,0.15686075908732283,0.07309554407979567,0.032364961541817935,0.06055618029183941,0.09679566000142602,real_sinh_autodiff,Real AD (float32),0.4381734332909473,0.21822526242371734,0.13645792492540054,0.17410805700517457,0.23334070271202045,cahn_hilliard_2d_o4,CH4
65.0,0.16228980357424425,0.05158417497616658,0.019780447543991494,0.026559250981471348,0.08446629148902768,real_sinh_autodiff,Real AD (float32),0.49573921553816486,0.1911653029424016,0.15251562664873552,0.16967845047779254,0.19279648617860143,cahn_hilliard_2d_o4,CH4
70.0,0.1769210803998075,0.04048113063004032,0.0217947657478654,0.03978632751665892,0.07510742547228,real_sinh_autodiff,Real AD (float32),0.49163728479054186,0.15240625590485238,0.13513030928182806,0.13591226260920922,0.2705156068159356,cahn_hilliard_2d_o4,CH4
75.0,0.15633308617062167,0.04374509531963187,0.016155843225855903,0.01758697046998091,0.06638489162669402,real_sinh_autodiff,Real AD (float32),0.5046491374558658,0.16156887436270137,0.12324805328741506,0.12331090199642988,0.26543461358647263,cahn_hilliard_2d_o4,CH4
80.0,0.14859215861083774,0.035693773339983095,0.014819702644975584,0.015255092903269707,0.05736214106914181,real_sinh_autodiff,Real AD (float32),0.4996504038946347,0.21448952039953392,0.10278207643910742,0.11963134669985266,0.23011181028479696,cahn_hilliard_2d_o4,CH4
85.0,0.19180713919757375,0.03716235816664166,0.011916342306075757,0.014602137277785195,0.04813580264369994,real_sinh_autodiff,Real AD (float32),0.5116952436752964,0.19722833739424683,0.1097496169622123,0.13013014392437605,0.3146333365963437,cahn_hilliard_2d_o4,CH4
90.0,0.12405439335769897,0.0353897202236232,0.012534273822702521,0.01620448980160315,0.07796883722089454,real_sinh_autodiff,Real AD (float32),0.41393434674243057,0.1565793508808955,0.13173062394378432,0.15515241346739922,0.24061226649973233,cahn_hilliard_2d_o4,CH4
95.0,0.10012326837902707,0.04544869730133452,0.013087997570330195,0.017862052892392205,0.0927521959220733,real_sinh_autodiff,Real AD (float32),0.4782380809568889,0.28980892468854946,0.11672989310957903,0.16081416285307545,0.35129958213793,cahn_hilliard_2d_o4,CH4
100.0,0.09114470276029937,0.02268485695007978,0.01218369101929581,0.020411900897993083,0.0747941610800694,real_sinh_autodiff,Real AD (float32),0.34129434526958324,0.16068381335409881,0.15161530462538095,0.16001649887493316,0.19371137899735733,cahn_hilliard_2d_o4,CH4
105.0,0.0641213986443807,0.03930860128256754,0.009719368486329363,0.014746747707255823,0.04452886698247724,real_sinh_autodiff,Real AD (float32),0.2759939905091279,0.20229800767808184,0.1104317612343462,0.14469808595304826,0.21870553508274118,cahn_hilliard_2d_o4,CH4
110.0,0.04449645457446018,0.03934431047356872,0.012043001213466117,0.01884861431560477,0.04297610128050824,real_sinh_autodiff,Real AD (float32),0.26075125342783595,0.22783068421892452,0.1331321954210018,0.15322011070607236,0.235000257079369,cahn_hilliard_2d_o4,CH4
115.0,0.04011367613863438,0.03469872320535248,0.0190294750382366,0.031907184798598824,0.03500491552943448,real_sinh_autodiff,Real AD (float32),0.21490031641976196,0.18020672093410356,0.12085207845033431,0.16027494746933302,0.21486356073345605,cahn_hilliard_2d_o4,CH4
120.0,0.0541153433971355,0.016870326611403808,0.011608177681401087,0.014854092666988493,0.041930055207217515,real_sinh_autodiff,Real AD (float32),0.37660184704308763,0.1325034756688573,0.10727899267252314,0.11986179254163322,0.20860656968314428,cahn_hilliard_2d_o4,CH4
125.0,0.04432529927454843,0.019184026312276524,0.008634087019668918,0.01446947334476747,0.025806040674737418,real_sinh_autodiff,Real AD (float32),0.16709398449444846,0.1250324577039963,0.06451857074066705,0.0973484435758715,0.1371250797886557,cahn_hilliard_2d_o4,CH4
130.0,0.04303251396771892,0.014064363818697285,0.009652868698625585,0.011369323683329397,0.01819700291536979,real_sinh_autodiff,Real AD (float32),0.20854880102490833,0.09658154879602374,0.07007870196701024,0.08989000673452717,0.13455711620961183,cahn_hilliard_2d_o4,CH4
135.0,0.044975078235155945,0.013840121650935865,0.009756811900792528,0.011436767633856381,0.03220783390062654,real_sinh_autodiff,Real AD (float32),0.25741312132980815,0.11680369100845749,0.08764938170975156,0.09350837159786113,0.19728126033835658,cahn_hilliard_2d_o4,CH4
140.0,0.037562268955286957,0.020857592012233993,0.016681416844323,0.018223322239838344,0.02251210937487315,real_sinh_autodiff,Real AD (float32),0.19239392149559656,0.13189880643711174,0.10248243794085178,0.12570961253472943,0.17211825074442025,cahn_hilliard_2d_o4,CH4
145.0,0.020515570421826685,0.01798869238326405,0.007846612142712468,0.008777859134981693,0.02019894051083105,real_sinh_autodiff,Real AD (float32),0.1517121443949307,0.12267374787404615,0.06166210439536982,0.08617104311948477,0.1375783765326592,cahn_hilliard_2d_o4,CH4
150.0,0.019079914953874646,0.009605196384714692,0.006679026541747265,0.008165352999124362,0.0137251628048019,real_sinh_autodiff,Real AD (float32),0.1760761459754352,0.10364052601828007,0.07427156004781611,0.08636767579226048,0.13435695267124248,cahn_hilliard_2d_o4,CH4
155.0,0.04116028637831613,0.013415219513800453,0.006066377975137171,0.008331197587690457,0.01688265152245338,real_sinh_autodiff,Real AD (float32),0.20582011293348845,0.10884466144371908,0.06658441823381377,0.08867237457726017,0.20515044875314448,cahn_hilliard_2d_o4,CH4
160.0,0.02951908873438659,0.01384243646206579,0.0061550174326500725,0.007974389273779066,0.014841027752249783,real_sinh_autodiff,Real AD (float32),0.19532872900196935,0.13854683741006013,0.0810341237235969,0.10960227187462285,0.15095178865581546,cahn_hilliard_2d_o4,CH4
165.0,0.027730078183466553,0.011239512728621089,0.008922175357380893,0.010774227271110588,0.014784110460451088,real_sinh_autodiff,Real AD (float32),0.21824170111859498,0.13522836824743784,0.07847571084900413,0.08330450367479256,0.18168191638842535,cahn_hilliard_2d_o4,CH4
170.0,0.01636472207175421,0.008723690712057194,0.007916593940754191,0.008479809621501454,0.013172366178838008,real_sinh_autodiff,Real AD (float32),0.20069886345768545,0.10598592642161646,0.08633499664353414,0.09685026899672684,0.1530626659267602,cahn_hilliard_2d_o4,CH4
175.0,0.01491960429351984,0.01057477788253963,0.004166221550707045,0.00846415408728786,0.01170493660380376,real_sinh_autodiff,Real AD (float32),0.17314912190113382,0.1296775660999395,0.08200911690937668,0.11522048862329594,0.13924097939749885,cahn_hilliard_2d_o4,CH4
180.0,0.051457132581773285,0.012654026950921536,0.004284117427712554,0.006883054126593745,0.013403378442434817,real_sinh_autodiff,Real AD (float32),0.264877917309326,0.11570434975157527,0.09570068002553074,0.11083792567921291,0.18518397015111984,cahn_hilliard_2d_o4,CH4
185.0,0.02251838037391081,0.008228576366587432,0.006900553771004077,0.007162441027435096,0.008613124230115687,real_sinh_autodiff,Real AD (float32),0.23497755989419103,0.09155589768768915,0.08721303986739891,0.09145325332414621,0.1283713959511029,cahn_hilliard_2d_o4,CH4
190.0,0.010735250402529208,0.009678719325834676,0.006049411500366525,0.0072545564172740344,0.009984656781416204,real_sinh_autodiff,Real AD (float32),0.1620983445339862,0.11939045173351547,0.09900004525731414,0.11916685474458608,0.128805480614195,cahn_hilliard_2d_o4,CH4
195.0,0.05425813030880371,0.010330830279812584,0.004916494863361241,0.007967172852301056,0.015305637345692045,real_sinh_autodiff,Real AD (float32),0.45630436928895096,0.12121403282599225,0.07983029670236666,0.10146938541131527,0.1335717974524476,cahn_hilliard_2d_o4,CH4
200.0,0.04036514589676966,0.0077761294720271965,0.0032144983986534966,0.005698611204255135,0.009252387523194548,real_sinh_autodiff,Real AD (float32),0.14348607578783112,0.09091943543429956,0.0746054663557871,0.0822640635856145,0.1395749557956642,cahn_hilliard_2d_o4,CH4
205.0,0.020692691893302417,0.005988381752713565,0.0034021417305090036,0.005555569591952556,0.008307867405691878,real_sinh_autodiff,Real AD (float32),0.12659105516093644,0.09366282472824605,0.08417551503834364,0.09035908452720837,0.09509663741645745,cahn_hilliard_2d_o4,CH4
210.0,0.014725833146994657,0.005802569285121033,0.0031207428126688976,0.005597610336292909,0.010416503414609842,real_sinh_autodiff,Real AD (float32),0.1330717331142626,0.10567371009568315,0.07764069336587857,0.0789124324686043,0.10814427705228198,cahn_hilliard_2d_o4,CH4
215.0,0.011306826830190818,0.0064798329654023965,0.00588804666695356,0.006324613894844841,0.006780228003045223,real_sinh_autodiff,Real AD (float32),0.21660575724840866,0.09775889958446653,0.07937893502223822,0.09089728987106428,0.10184476718991053,cahn_hilliard_2d_o4,CH4
220.0,0.015404861394047877,0.009020730696429785,0.0028265169191507436,0.007631218556091271,0.015269315770592477,real_sinh_autodiff,Real AD (float32),0.15607700371111338,0.10158213962821955,0.07718986315194594,0.09662830990426909,0.140373063360956,cahn_hilliard_2d_o4,CH4
225.0,0.01594727156317528,0.006251873726860858,0.004028312635809777,0.006057719086374693,0.011288042318368966,real_sinh_autodiff,Real AD (float32),0.201904853103668,0.1243582249192825,0.08027920086998482,0.08425981907446914,0.12965646088483368,cahn_hilliard_2d_o4,CH4
230.0,0.009700619453517774,0.004803224069398332,0.002850749036198155,0.0036307978125465832,0.006921583164903662,real_sinh_autodiff,Real AD (float32),0.1156773852409411,0.09951117732592338,0.07482939271421682,0.0798919963324917,0.10272158229895875,cahn_hilliard_2d_o4,CH4
235.0,0.007723021514435556,0.004988757751892652,0.0025874366780047286,0.004922744572468218,0.006498980727231933,real_sinh_autodiff,Real AD (float32),0.14610810657637527,0.07556612366224057,0.06224056857960626,0.07076777914310395,0.08217825450523293,cahn_hilliard_2d_o4,CH4
240.0,0.010799531897073378,0.009424529850967398,0.002469909363038974,0.006038825844174488,0.009618179490832093,real_sinh_autodiff,Real AD (float32),0.16482601189885218,0.11398629252099766,0.06760846553957428,0.0685673050901971,0.12714311285699503,cahn_hilliard_2d_o4,CH4
245.0,0.02288951865010361,0.007729570569815519,0.0026689788645443456,0.007053453895025968,0.013433499609467938,real_sinh_autodiff,Real AD (float32),0.18782062490662507,0.10945686916381975,0.0852660144092998,0.0989336734118077,0.1701144861785176,cahn_hilliard_2d_o4,CH4
250.0,0.044629338286311375,0.008481937036055553,0.006581509807900526,0.00821074300358738,0.03586606226092473,real_sinh_autodiff,Real AD (float32),0.2229017022265332,0.1358243771292236,0.08056902288356735,0.1267902211550713,0.14285258014810745,cahn_hilliard_2d_o4,CH4
255.0,0.007447307891331213,0.004740758666488944,0.003689907675227607,0.003891565746296402,0.0050857149928125985,real_sinh_autodiff,Real AD (float32),0.10511362147886684,0.08518983690208251,0.06322040752966576,0.07778686792498045,0.09116416159190317,cahn_hilliard_2d_o4,CH4
260.0,0.01707963528545224,0.005912616857264666,0.0026739678180494834,0.004102646377433802,0.0074251162505806715,real_sinh_autodiff,Real AD (float32),0.12945464629541445,0.07302283466494015,0.06234216806271586,0.06256390966141583,0.08385701747765041,cahn_hilliard_2d_o4,CH4
265.0,0.02170468193011515,0.008123148712600527,0.002260899725054851,0.005651210080951427,0.00910027676902701,real_sinh_autodiff,Real AD (float32),0.1854288191908279,0.1122276822692886,0.06636246236626332,0.07374061141741592,0.11643685041595041,cahn_hilliard_2d_o4,CH4
270.0,0.007273807605946634,0.005065065298561408,0.0023857184398221876,0.0044198864830018066,0.005097995057130529,real_sinh_autodiff,Real AD (float32),0.1322176206194416,0.08423619144419664,0.05976116334047156,0.07182638883161828,0.08562236832269818,cahn_hilliard_2d_o4,CH4
275.0,0.011243334256035159,0.003947484877806029,0.00216387155646837,0.003920562576755658,0.010950757377633144,real_sinh_autodiff,Real AD (float32),0.1352002217705442,0.09187468624402913,0.05353218579027939,0.08046542747394085,0.1186680086700904,cahn_hilliard_2d_o4,CH4
280.0,0.022672740983382213,0.004161016486279864,0.0019899706004074804,0.0032259579926274574,0.0077431333619148645,real_sinh_autodiff,Real AD (float32),0.1286115059919963,0.08561524482393845,0.05725336536576586,0.06515056065100167,0.12612855538845283,cahn_hilliard_2d_o4,CH4
285.0,0.028758289286982885,0.011610559823482802,0.004454567659817595,0.00932645212235255,0.011910105554549579,real_sinh_autodiff,Real AD (float32),0.25882475616787304,0.10811493663024592,0.07502855639682142,0.0841554595828492,0.12530604517843963,cahn_hilliard_2d_o4,CH4
290.0,0.0059431004302747115,0.004150816031057407,0.0018917608579073477,0.0036580376405293416,0.005877860884523698,real_sinh_autodiff,Real AD (float32),0.11491270573200545,0.08733302440162242,0.06536514869650371,0.0696223153747293,0.09604240648682172,cahn_hilliard_2d_o4,CH4
295.0,0.008275091077306103,0.0050941247768964614,0.0024225690884057353,0.004544375305647774,0.006028094287404518,real_sinh_autodiff,Real AD (float32),0.18403582272897126,0.0901835626010256,0.056325809806401055,0.08530562277302772,0.10865258445391775,cahn_hilliard_2d_o4,CH4
300.0,0.011246532213957125,0.01039812983220166,0.002755794345359718,0.007188701647785991,0.011232919447096331,real_sinh_autodiff,Real AD (float32),0.13656844252252365,0.10235597358262952,0.07025644792346789,0.09948715518390461,0.11075326300973126,cahn_hilliard_2d_o4,CH4
305.0,0.005979263372154909,0.0052959100561312325,0.005100723825331343,0.005166682771659981,0.005439105904938654,real_sinh_autodiff,Real AD (float32),0.11310033981199635,0.07564589096304769,0.06239757047629158,0.06500364778468694,0.10633364060453161,cahn_hilliard_2d_o4,CH4
310.0,0.00607338329784813,0.005335543565361482,0.0020777535098047825,0.004082279256858273,0.005363420300361037,real_sinh_autodiff,Real AD (float32),0.09798064847383234,0.06803915626338239,0.06209882647610336,0.06475583277350186,0.07881200818272066,cahn_hilliard_2d_o4,CH4
315.0,0.013322872740144912,0.004525349137784658,0.0018517921347989015,0.003798016469672383,0.012040526220714899,real_sinh_autodiff,Real AD (float32),0.11993978372801786,0.08625076465364477,0.053792497234060405,0.05980503630165457,0.10569504882721048,cahn_hilliard_2d_o4,CH4
320.0,0.021206566153038276,0.004152655932203363,0.002791866794383235,0.0038882540278014476,0.0042964634762162526,real_sinh_autodiff,Real AD (float32),0.13368069594404708,0.07833127393884898,0.05540645518432212,0.06082883892535096,0.09280181879034488,cahn_hilliard_2d_o4,CH4
325.0,0.011829372531043814,0.006243524046679015,0.0016540083239365184,0.005419670401618105,0.010238865161283816,real_sinh_autodiff,Real AD (float32),0.1420691530299764,0.10452986174627615,0.04946422754904542,0.0801106341561008,0.10821665996310063,cahn_hilliard_2d_o4,CH4
330.0,0.00507440729083026,0.003327018103407815,0.003179974706180644,0.003238924920020298,0.004213555478874939,real_sinh_autodiff,Real AD (float32),0.08846997209333032,0.07875449696675808,0.053167845184966825,0.06485463273194599,0.08639665151197388,cahn_hilliard_2d_o4,CH4
335.0,0.007298840654903581,0.004969273184714729,0.003202258443567334,0.003531094666299543,0.006606396223297384,real_sinh_autodiff,Real AD (float32),0.10099805313047791,0.06889970006009437,0.05462486052203708,0.06882571249456237,0.0978843248642849,cahn_hilliard_2d_o4,CH4
340.0,0.004514337511580401,0.004032190606925349,0.0030810539707112334,0.0034207620309903305,0.004299939815088549,real_sinh_autodiff,Real AD (float32),0.08971491829031003,0.0724463470762921,0.05781299883813266,0.06702666424779002,0.07344458423091199,cahn_hilliard_2d_o4,CH4
345.0,0.018710105326688542,0.0059983858963682775,0.0015558965213242645,0.005880702434159026,0.009383851866910617,real_sinh_autodiff,Real AD (float32),0.2733503614602479,0.08044275499124451,0.05021827275546408,0.07942643903109194,0.08996063576920782,cahn_hilliard_2d_o4,CH4
350.0,0.00651917238022724,0.004375320696743696,0.0015210329277383352,0.0033614304233586284,0.004705020530482048,real_sinh_autodiff,Real AD (float32),0.10686132190883448,0.06938961072617669,0.050745021449705774,0.06117187182910203,0.070625200436681,cahn_hilliard_2d_o4,CH4
355.0,0.01352928055869715,0.003047580449773951,0.0015153988265697946,0.0030001637247734753,0.004328595065343933,real_sinh_autodiff,Real AD (float32),0.2106837554369612,0.07786347821080328,0.053765288534817865,0.05658440496920672,0.07897181282830552,cahn_hilliard_2d_o4,CH4
360.0,0.05528875618812103,0.0073315773289040955,0.0014883719330811643,0.004153219975200129,0.007705389501541959,real_sinh_autodiff,Real AD (float32),0.34037491074041154,0.10188445594261743,0.04408398349410498,0.06757284230293178,0.13541788531976834,cahn_hilliard_2d_o4,CH4
365.0,0.012679234168679394,0.0038261302459717587,0.0029951638103658776,0.003377033761322226,0.004954262925287402,real_sinh_autodiff,Real AD (float32),0.13899216024509883,0.08755263781962408,0.05947002926362795,0.06979951596939082,0.09006072154121772,cahn_hilliard_2d_o4,CH4
370.0,0.02615754164457361,0.0030254838174614373,0.0018568920643817644,0.002772736554982222,0.0045091974431506684,real_sinh_autodiff,Real AD (float32),0.12425539944600865,0.07010908814783269,0.04824564436156474,0.04906935598341904,0.07574915374038074,cahn_hilliard_2d_o4,CH4
375.0,0.007514241185347479,0.0030442042376694687,0.0014764821861659094,0.003001342993947944,0.0074066840513770885,real_sinh_autodiff,Real AD (float32),0.14753049097110815,0.083822014788752,0.055863072803200256,0.06007817883696148,0.10981414796146241,cahn_hilliard_2d_o4,CH4
380.0,0.0176529026248811,0.004117339418676425,0.0015688073624001157,0.0033189537129536427,0.00452476781990984,real_sinh_autodiff,Real AD (float32),0.10986306760777625,0.08199958717072807,0.055787134217901574,0.05872522569965552,0.09015593089041414,cahn_hilliard_2d_o4,CH4
385.0,0.005279755919872162,0.002727322434815051,0.0014236974556355358,0.00257296990087599,0.0038681315461739935,real_sinh_autodiff,Real AD (float32),0.08399528281345524,0.07473907677916325,0.04633189348518629,0.049235770177053675,0.07549254246828296,cahn_hilliard_2d_o4,CH4
390.0,0.004504366573132661,0.0031240074328535523,0.002641798454954033,0.0027096754086337214,0.003980817315806813,real_sinh_autodiff,Real AD (float32),0.12329298076774863,0.08987421253897204,0.055411644673835844,0.08623181073133968,0.09081982094243306,cahn_hilliard_2d_o4,CH4
395.0,0.03734190947628359,0.004844274294784729,0.0023022968135372923,0.0036934497996336073,0.009553242223344117,real_sinh_autodiff,Real AD (float32),0.11943253158346952,0.08606751065739547,0.0720473125965329,0.07998150870052342,0.1143017701406287,cahn_hilliard_2d_o4,CH4
400.0,0.007207608156836468,0.004337008951371477,0.001696446616890503,0.0032244428995216717,0.005760590691664395,real_sinh_autodiff,Real AD (float32),0.1367299825667611,0.08157392967334014,0.051042779478619765,0.05535168818008649,0.0917042755555243,cahn_hilliard_2d_o4,CH4
405.0,0.01657273789598099,0.0031939911672025467,0.002032207572664606,0.002835917434668785,0.003607128535804908,real_sinh_autodiff,Real AD (float32),0.2273283004240941,0.0837809816236467,0.04510941986179968,0.05911967131780659,0.08399115025604742,cahn_hilliard_2d_o4,CH4
410.0,0.005090095931976531,0.00400646578089532,0.0013853001213572917,0.002849534024538592,0.004783463026628589,real_sinh_autodiff,Real AD (float32),0.09221007809683072,0.08216595799369673,0.048135741952844105,0.06247869548031776,0.08459019675428782,cahn_hilliard_2d_o4,CH4
415.0,0.006101213901071487,0.00356602585940913,0.001340623847810445,0.002550992224887089,0.003628509655493422,real_sinh_autodiff,Real AD (float32),0.12556222015978727,0.08639468696229764,0.048052847432950054,0.053707173822911645,0.10342280543347215,cahn_hilliard_2d_o4,CH4
420.0,0.017570055028752394,0.0029170803814363724,0.0012343974948374457,0.0022326847305277997,0.003387708473425414,real_sinh_autodiff,Real AD (float32),0.2572308941418246,0.06319532647117884,0.04624657487203281,0.048014185229598084,0.06895453446586647,cahn_hilliard_2d_o4,CH4
425.0,0.011000292839334635,0.003839723311567291,0.0012281031346394894,0.0035210193688503416,0.005531446697012771,real_sinh_autodiff,Real AD (float32),0.10372081730124987,0.0815172611823282,0.04117331219367523,0.06691440702693405,0.09088723543882186,cahn_hilliard_2d_o4,CH4
430.0,0.005717030621778314,0.0030733528955764547,0.0013897146654739156,0.0025300682508622536,0.0046240437355276505,real_sinh_autodiff,Real AD (float32),0.08244690287403184,0.059463369818707396,0.04702646745241751,0.04897657535783123,0.07638003462211712,cahn_hilliard_2d_o4,CH4
435.0,0.023785784004468166,0.0030881899706555124,0.0022591656778961646,0.002272150134430051,0.003199887816811643,real_sinh_autodiff,Real AD (float32),0.15167579063399625,0.08200392084959275,0.055901817277422224,0.07244659996481584,0.08821484096743287,cahn_hilliard_2d_o4,CH4
440.0,0.00387794710409411,0.0025948312344859035,0.001284605533653219,0.002129893710598278,0.0034810680632551853,real_sinh_autodiff,Real AD (float32),0.09367581946383167,0.06855997204884935,0.05049818954115377,0.06278506418762708,0.06952615171617695,cahn_hilliard_2d_o4,CH4
445.0,0.01416040685060573,0.003107652036381738,0.0011590886960877974,0.002986502341671708,0.004213592011513448,real_sinh_autodiff,Real AD (float32),0.1493542702752192,0.07417509101679541,0.04205528812148835,0.05931935472763346,0.08877445348937879,cahn_hilliard_2d_o4,CH4
450.0,0.020643619871704117,0.0031519870200421825,0.0020879024085539246,0.002888076674671203,0.004946590237225965,real_sinh_autodiff,Real AD (float32),0.2605230647590335,0.06380717904814286,0.05281479210152317,0.059384409189878674,0.0766759731638444,cahn_hilliard_2d_o4,CH4
455.0,0.005836808253013423,0.003323412382620204,0.0017571042071273916,0.002192482403518223,0.00350486471599028,real_sinh_autodiff,Real AD (float32),0.1082101992544986,0.08045962293331874,0.054229988793033236,0.055605556848883755,0.08942545033418209,cahn_hilliard_2d_o4,CH4
460.0,0.006285459227417568,0.002703718044744636,0.0014930891567527388,0.0026549563885997873,0.0032309275348883907,real_sinh_autodiff,Real AD (float32),0.11481050979293247,0.057240737491294984,0.05088912833332783,0.051822571208671946,0.0771366935040619,cahn_hilliard_2d_o4,CH4
465.0,0.009077391259487888,0.0023737447363888185,0.0011639823899509817,0.0019364399444794325,0.003117588596377867,real_sinh_autodiff,Real AD (float32),0.14636796959796144,0.055872986026080707,0.04376943261426516,0.044271577876435035,0.06346713160614216,cahn_hilliard_2d_o4,CH4
470.0,0.021913505951903414,0.019217254708853892,0.0012224516509563538,0.0025059001384377813,0.021372404412000813,real_sinh_autodiff,Real AD (float32),0.22062748640118496,0.08624754878632623,0.04719772041348817,0.06593301501656022,0.12940614072503,cahn_hilliard_2d_o4,CH4
475.0,0.0036935836145932147,0.002526644452940527,0.0011418312397622205,0.0018179814764221374,0.002661953709060122,real_sinh_autodiff,Real AD (float32),0.08340420268276506,0.06557138344301497,0.03954866935264077,0.04731209245906589,0.06992548407837987,cahn_hilliard_2d_o4,CH4
480.0,0.00459406111580253,0.0021968050699686568,0.0019207970805180871,0.0020878697332052157,0.003392536034003183,real_sinh_autodiff,Real AD (float32),0.07147607753686847,0.058219650744422057,0.037210875292517286,0.0462546006085216,0.063233496653351,cahn_hilliard_2d_o4,CH4
485.0,0.0065912857713682285,0.002810317891218136,0.0012182126824822346,0.0024812272821311447,0.00533606466154796,real_sinh_autodiff,Real AD (float32),0.08974704454337222,0.06843241630776238,0.04440254169417988,0.059986536260796836,0.08010319902286225,cahn_hilliard_2d_o4,CH4
490.0,0.004099338113588339,0.002295166466082253,0.0013754984202596213,0.00194151587009755,0.002965461598540815,real_sinh_autodiff,Real AD (float32),0.08526889419453275,0.06260093259261712,0.04369661343474496,0.05667479394847821,0.06572229897116214,cahn_hilliard_2d_o4,CH4
495.0,0.0032145176961777245,0.002606741225755152,0.0022806401490538127,0.002396392908480564,0.0031796114545931567,real_sinh_autodiff,Real AD (float32),0.08355107610785485,0.06416079010310961,0.045530827538380565,0.05494923692304623,0.07014505140200239,cahn_hilliard_2d_o4,CH4
500.0,0.011052872308897215,0.005938785818949835,0.0009684425368638786,0.003290321714599409,0.007939495260292858,real_sinh_autodiff,Real AD (float32),0.12998856850536059,0.07827828561805318,0.03830631605406675,0.055820628102727934,0.0917718351639876,cahn_hilliard_2d_o4,CH4
505.0,0.0034499712979952405,0.002524188538885914,0.001504873318345875,0.0016958632798659981,0.0029937500681397676,real_sinh_autodiff,Real AD (float32),0.08283052335224489,0.07172277611815787,0.04224587409087068,0.0647252694363262,0.08120206448015191,cahn_hilliard_2d_o4,CH4
510.0,0.008125833890315726,0.0035639077352032393,0.0010742355876794262,0.0015921845930233327,0.003611977452819949,real_sinh_autodiff,Real AD (float32),0.07211436571732176,0.05960599721706232,0.050820963198363024,0.0522582667162296,0.06278238197560672,cahn_hilliard_2d_o4,CH4
515.0,0.0035119413882078185,0.0018138063577690605,0.001012669550716353,0.0016314228491054494,0.00277518429632204,real_sinh_autodiff,Real AD (float32),0.10426112634088873,0.055943386036740816,0.04214728983385798,0.045326440242352106,0.06734347392387295,cahn_hilliard_2d_o4,CH4
520.0,0.0072494916965479975,0.0024680633326748126,0.0022162137784108287,0.0022652885378877724,0.005542255236053259,real_sinh_autodiff,Real AD (float32),0.07559795615654455,0.05245016849293297,0.04757811179104128,0.04984738068713252,0.05800879693282046,cahn_hilliard_2d_o4,CH4
525.0,0.0029371397546846777,0.002421651348370444,0.0013348627798481058,0.0017750463931601728,0.0026753220749302265,real_sinh_autodiff,Real AD (float32),0.07551218301538974,0.0595829744834344,0.04733687552348931,0.05727813648354235,0.06480999921166687,cahn_hilliard_2d_o4,CH4
530.0,0.047629492433616416,0.0026830712003331064,0.0018082245595960858,0.0024251487672943047,0.005775206335915746,real_sinh_autodiff,Real AD (float32),0.26175572925568463,0.07669261775852641,0.05043806998006074,0.05766117514132496,0.10650389021685017,cahn_hilliard_2d_o4,CH4
535.0,0.010716234701497625,0.003525369252349217,0.0014649766289188916,0.002107451878081478,0.006386755207447325,real_sinh_autodiff,Real AD (float32),0.10965940201272097,0.061200186778043245,0.04804881029246754,0.05916823890964167,0.08211213709192405,cahn_hilliard_2d_o4,CH4
540.0,0.00386681218134505,0.002498536671709342,0.001088291403628117,0.001702783021327367,0.003107554481583909,real_sinh_autodiff,Real AD (float32),0.08116581168117756,0.06193171037327051,0.04624917711058125,0.05033907822432605,0.06239677431799442,cahn_hilliard_2d_o4,CH4
545.0,0.0054535458635778,0.0031731115358768908,0.0009916381170455857,0.0018098988041325465,0.004086289260445727,real_sinh_autodiff,Real AD (float32),0.06188891735378419,0.05883121713312407,0.04479127525064969,0.05786724176317488,0.06151289384426092,cahn_hilliard_2d_o4,CH4
550.0,0.0029149299941165483,0.0017213284307614496,0.0009804045951695621,0.001670967076113444,0.002067406083116251,real_sinh_autodiff,Real AD (float32),0.06836472206968013,0.04555755239947133,0.04328023111253699,0.045009238395929525,0.05270350248188869,cahn_hilliard_2d_o4,CH4
555.0,0.006130427705368225,0.0030923667647296737,0.0012286969556788991,0.0021133781640202635,0.004488929183760112,real_sinh_autodiff,Real AD (float32),0.08508805881411394,0.052140156421494575,0.03902157699055922,0.03904078283921627,0.0598062665502923,cahn_hilliard_2d_o4,CH4
560.0,0.003326772585338587,0.0015584596596635693,0.0008792830106266927,0.001290050644893514,0.0023220181690120833,real_sinh_autodiff,Real AD (float32),0.07783407278822396,0.05295828080897632,0.03969221696429778,0.04028754802767702,0.055376474666580716,cahn_hilliard_2d_o4,CH4
565.0,0.005631759068219222,0.0019802541244169076,0.0009237905223641347,0.0016748269679807116,0.005084551045437819,real_sinh_autodiff,Real AD (float32),0.12245741490525247,0.0640906567478313,0.0402098909196329,0.04796517585782031,0.08495521162033627,cahn_hilliard_2d_o4,CH4
570.0,0.0035202682883805716,0.0016073614530206194,0.0008756033457115892,0.0013793307332954957,0.001884787254389732,real_sinh_autodiff,Real AD (float32),0.08461385619670889,0.0534865952143668,0.036428112496251844,0.045858248708262404,0.0628643322534825,cahn_hilliard_2d_o4,CH4
575.0,0.0031623046804930117,0.0020810480384235346,0.0008146061125468195,0.0012044258464869388,0.00283735752386635,real_sinh_autodiff,Real AD (float32),0.07237804512192557,0.06122901161356168,0.03824931793663524,0.05555831018701361,0.06981172904490326,cahn_hilliard_2d_o4,CH4
580.0,0.003104102734844979,0.0015018843428021439,0.0008669175079806699,0.001501681326720111,0.0030175307808860486,real_sinh_autodiff,Real AD (float32),0.07964425271301101,0.05126455884232632,0.03891865671679936,0.039691326643004614,0.06303408579277513,cahn_hilliard_2d_o4,CH4
585.0,0.0024266341410665326,0.001900277057426952,0.0008848462915908582,0.0016449542313683285,0.0019695884147545323,real_sinh_autodiff,Real AD (float32),0.08287135978976706,0.05254104957896541,0.034223858268815535,0.04274734765343168,0.06540089401361619,cahn_hilliard_2d_o4,CH4
590.0,0.021786834002121874,0.002000835811215126,0.001023349023624587,0.001994826165492331,0.010128972152199926,real_sinh_autodiff,Real AD (float32),0.13799801940112416,0.0671509044231156,0.053569998429685836,0.05375430911319587,0.10692197992617605,cahn_hilliard_2d_o4,CH4
595.0,0.0037153322911307267,0.001892156127559581,0.0014190526745774038,0.001852398679822578,0.0024640556389861996,real_sinh_autodiff,Real AD (float32),0.06756516513871166,0.05755416823087649,0.04473643943593203,0.052749621521430694,0.06548423617028427,cahn_hilliard_2d_o4,CH4
600.0,0.0030355482799193294,0.0015005430104728977,0.0011425782509829738,0.001229036044452226,0.0029802229458194083,real_sinh_autodiff,Real AD (float32),0.08274843128715224,0.06346814477108552,0.03781135185141774,0.04665899955707483,0.06374513000784564,cahn_hilliard_2d_o4,CH4
605.0,0.00936695657741552,0.001993768375655576,0.0013985464327210036,0.001596623009426927,0.0022103301831959015,real_sinh_autodiff,Real AD (float32),0.0948595120812766,0.07676487841813749,0.05090342122235657,0.06974377455933166,0.08667968957677581,cahn_hilliard_2d_o4,CH4
610.0,0.012839526095185504,0.0017570430515145051,0.0008699387628394047,0.0014274488548822782,0.0021717689395182355,real_sinh_autodiff,Real AD (float32),0.07224474458663492,0.05662252473177771,0.03554168604297756,0.051235533151907875,0.06391427219204411,cahn_hilliard_2d_o4,CH4
615.0,0.0021678894717069835,0.0014398378373229159,0.0009964983635461586,0.001333434135885227,0.0021661049455437495,real_sinh_autodiff,Real AD (float32),0.07249433223243716,0.04848114920105326,0.03663085005784985,0.04463531979467143,0.06388832371304837,cahn_hilliard_2d_o4,CH4
620.0,0.002485854506482268,0.0014416480458070556,0.0007901080179221289,0.001154858758534216,0.0018796940592593408,real_sinh_autodiff,Real AD (float32),0.07130976419264487,0.056883969817767374,0.03446210275456542,0.0401560277310636,0.06286526025653513,cahn_hilliard_2d_o4,CH4
625.0,0.0035433651556164773,0.0020084094449232767,0.0012393476166958147,0.0013667871281763486,0.0022115664074810683,real_sinh_autodiff,Real AD (float32),0.09744470858649909,0.06684941303060322,0.04675269779866898,0.055562990154503715,0.09567232883513861,cahn_hilliard_2d_o4,CH4
630.0,0.004442983166232964,0.0012943897660005273,0.0010183594325315942,0.0010547144633689777,0.002062305434309202,real_sinh_autodiff,Real AD (float32),0.07811504780163532,0.05383571195254961,0.0402969160135671,0.048514704515485445,0.05958217296918147,cahn_hilliard_2d_o4,CH4
635.0,0.0021552336867077626,0.001596357713148613,0.0007800605896218602,0.001376727042450339,0.0018492694245080088,real_sinh_autodiff,Real AD (float32),0.06033516713513633,0.054079462354367974,0.03336625162592104,0.04945715369767674,0.05615254312155482,cahn_hilliard_2d_o4,CH4
640.0,0.0027872485821355208,0.0018842242541592487,0.0007762207460220619,0.0014888745648078349,0.0025002507426222812,real_sinh_autodiff,Real AD (float32),0.06733745101722183,0.053654465620145676,0.03519490125551981,0.047010344836075094,0.061132526459284436,cahn_hilliard_2d_o4,CH4
645.0,0.002162188789045163,0.0015923483061382748,0.0007314923183389206,0.0015584870413796442,0.0019987139052316857,real_sinh_autodiff,Real AD (float32),0.07019022030458257,0.06021435124658585,0.03439761681871794,0.043483611560954254,0.06584516943816075,cahn_hilliard_2d_o4,CH4
650.0,0.013835545745761024,0.002109631059601508,0.0009488641330824412,0.0017904586349768304,0.004819338744304779,real_sinh_autodiff,Real AD (float32),0.14433482331096578,0.0585521156397545,0.04279185176249502,0.05434986703440528,0.06912285498683096,cahn_hilliard_2d_o4,CH4
655.0,0.004643320363988847,0.002272323484659019,0.0007353645268959195,0.00147918543094504,0.002507054174142509,real_sinh_autodiff,Real AD (float32),0.11471802245472947,0.05135677913833837,0.03444984168233093,0.046893871060027646,0.08651813194120439,cahn_hilliard_2d_o4,CH4
660.0,0.0026715605780109493,0.0012977665015946808,0.0008519622605657012,0.0010624860174077591,0.0017081255300342025,real_sinh_autodiff,Real AD (float32),0.06034115872673463,0.050005622992896556,0.03916219114872916,0.04641306571042416,0.05533001484850986,cahn_hilliard_2d_o4,CH4
665.0,0.0021340363454289074,0.0012452798617659485,0.0008385799939436656,0.0011764910075742578,0.0020889219922430075,real_sinh_autodiff,Real AD (float32),0.07310353947794618,0.05209598350995287,0.03787233520914659,0.04696293826799353,0.05932726206914961,cahn_hilliard_2d_o4,CH4
670.0,0.001752530142821081,0.001225619467282074,0.0006709282123137745,0.0009861277711542622,0.0015507826053022399,real_sinh_autodiff,Real AD (float32),0.06041489269672203,0.04506726112156771,0.03213375627962647,0.04029995805084317,0.05399942887533757,cahn_hilliard_2d_o4,CH4
675.0,0.0019904293655075866,0.0012355856036665165,0.0009972995942870951,0.0012230012058398675,0.0016488511598234598,real_sinh_autodiff,Real AD (float32),0.05886816775738628,0.051447649935595446,0.04435409613879522,0.04605111643713324,0.053283333962016795,cahn_hilliard_2d_o4,CH4
680.0,0.0023233131061516357,0.0013830222688605133,0.0007552930959325673,0.000937470584241774,0.002139070497818827,real_sinh_autodiff,Real AD (float32),0.07297975451241323,0.06456262248546808,0.036206727747396826,0.040314271817978975,0.07208966527864566,cahn_hilliard_2d_o4,CH4
685.0,0.002489954425620398,0.0012470466852514625,0.0008290309780339393,0.0012193292579703162,0.002328143879508594,real_sinh_autodiff,Real AD (float32),0.05220352950913272,0.05167992170573708,0.03684329609200632,0.041372734521848656,0.05197287685349984,cahn_hilliard_2d_o4,CH4
690.0,0.004779660722392712,0.0018281779787094772,0.0009209044488518947,0.0013084408354704193,0.002062429201361315,real_sinh_autodiff,Real AD (float32),0.11267827939283469,0.05164314579626953,0.050339524782645334,0.05078500686251012,0.05529727120558677,cahn_hilliard_2d_o4,CH4
695.0,0.0065987292011933174,0.0015268972947519535,0.0006992149271832132,0.0011305554231481783,0.00195701599688613,real_sinh_autodiff,Real AD (float32),0.08916615933442563,0.05057428089122727,0.034907373591219634,0.04336197509101641,0.05697590158334592,cahn_hilliard_2d_o4,CH4
700.0,0.0035406641806470266,0.0011251300724464956,0.0006353956823499441,0.0010182396950560002,0.0017718834495938187,real_sinh_autodiff,Real AD (float32),0.06626426490646722,0.05204537055520054,0.0322164913754528,0.05185740546974904,0.05694800619063533,cahn_hilliard_2d_o4,CH4
705.0,0.002585337769896597,0.0015866781267664368,0.000743400281147884,0.0010256696640700614,0.0022840164916403454,real_sinh_autodiff,Real AD (float32),0.0641894944960999,0.05641702922716174,0.03074324449922058,0.047336499036901014,0.05923811403744814,cahn_hilliard_2d_o4,CH4
710.0,0.002048766319900773,0.0010980758429268499,0.0006137187577184113,0.0008175443684233675,0.001945191426580615,real_sinh_autodiff,Real AD (float32),0.05491354549793236,0.04248289796910629,0.03281460907342845,0.03770870320520701,0.04991219015877792,cahn_hilliard_2d_o4,CH4
715.0,0.004487150489940382,0.0012433098349457078,0.0006064138645100407,0.0011508545614488722,0.0013694269288471073,real_sinh_autodiff,Real AD (float32),0.10145353258212239,0.043954950253833405,0.030015919826980497,0.042019312938067245,0.049159711494599155,cahn_hilliard_2d_o4,CH4
720.0,0.006448965108871196,0.0014141819122082356,0.0006558559309658425,0.0009609437919685092,0.001883915690144554,real_sinh_autodiff,Real AD (float32),0.1992155525123737,0.05240536449687902,0.030761980354989345,0.0459136263677717,0.05262924890299722,cahn_hilliard_2d_o4,CH4
725.0,0.05743200311279499,0.0015281014306427233,0.0007728580837641258,0.001337196369780403,0.001981986067047842,real_sinh_autodiff,Real AD (float32),0.09103255732039263,0.04858331948304236,0.030245251394736227,0.04585214415084177,0.05536760093392683,cahn_hilliard_2d_o4,CH4
730.0,0.001782964014382686,0.001153461331617788,0.0010229123657991698,0.0010438304851486037,0.0016173981670108348,real_sinh_autodiff,Real AD (float32),0.052355928060223704,0.04569980956706447,0.03803813610872399,0.0447324338276885,0.046112369769308166,cahn_hilliard_2d_o4,CH4
735.0,0.0028420318696674054,0.0012745044524937294,0.000873519242611994,0.0010894042296445534,0.00199159970193705,real_sinh_autodiff,Real AD (float32),0.10356386757422786,0.04660805626003875,0.0409128669988543,0.04586980690344972,0.0634472248933461,cahn_hilliard_2d_o4,CH4
740.0,0.007596815446861307,0.0010752596628986174,0.0008160196302151629,0.000876730689171478,0.0034477407256795723,real_sinh_autodiff,Real AD (float32),0.1256953215934176,0.05300429998236388,0.03743004193869653,0.03750719830761078,0.053426070799202335,cahn_hilliard_2d_o4,CH4
745.0,0.00219902883394602,0.0012261727766186132,0.0007334641569975926,0.0008336464025634676,0.0015785431635380448,real_sinh_autodiff,Real AD (float32),0.060486905016051154,0.04758107768558425,0.026173441274628742,0.04344541049695038,0.05496115538336519,cahn_hilliard_2d_o4,CH4
750.0,0.002141517616534501,0.0011127766194887838,0.0005921175054987402,0.0008005539097352403,0.0018507948921846083,real_sinh_autodiff,Real AD (float32),0.06656759906862146,0.043235798201594455,0.027952020327732134,0.038285978005690176,0.043591389617255324,cahn_hilliard_2d_o4,CH4
755.0,0.0018934351983682916,0.0010285223700927117,0.0006638439934108224,0.0008885407116946846,0.0014560644332910248,real_sinh_autodiff,Real AD (float32),0.05506840524046111,0.04596500647567128,0.037617254721727604,0.04323142834458278,0.05208058955664579,cahn_hilliard_2d_o4,CH4
760.0,0.0054636659164899746,0.0016831526275898066,0.000783830400551731,0.0011480344034329587,0.0017011032388729126,real_sinh_autodiff,Real AD (float32),0.09280109330407312,0.053025300260732856,0.04148994087962496,0.0516361237344878,0.05560336130074826,cahn_hilliard_2d_o4,CH4
765.0,0.003258044668685166,0.0011667881646450903,0.0006277359633767615,0.000838920484651082,0.00209718192463999,real_sinh_autodiff,Real AD (float32),0.10193033972689748,0.04817224307197577,0.038954341731190965,0.04185827504279092,0.059397965413881634,cahn_hilliard_2d_o4,CH4
770.0,0.006213154334775928,0.0016171736830810667,0.0006398871256318478,0.00109095446251714,0.002005569868036,real_sinh_autodiff,Real AD (float32),0.0683823723724115,0.04774397725278655,0.03015093622680574,0.04563308052739896,0.06634291796651999,cahn_hilliard_2d_o4,CH4
775.0,0.0016124087217240864,0.0013809580704120944,0.0005232873098673658,0.0012827032411024135,0.001596417943649561,real_sinh_autodiff,Real AD (float32),0.07227649938231606,0.045127045969961664,0.030069432565335483,0.04076886879993,0.04615482875448424,cahn_hilliard_2d_o4,CH4
780.0,0.0014067877884372424,0.0010510450203502892,0.0005339370751842022,0.0010457337492235901,0.0012818895572843107,real_sinh_autodiff,Real AD (float32),0.04975839076695018,0.04143833839608308,0.02744009454742755,0.040290796979520406,0.04920905065385372,cahn_hilliard_2d_o4,CH4
785.0,0.0052992915746981565,0.0012645739905937582,0.0005150851779616537,0.0008151598054155882,0.001397014397288521,real_sinh_autodiff,Real AD (float32),0.09386152805200668,0.04625818703760814,0.030043885749157312,0.044875850163850296,0.0502549035982162,cahn_hilliard_2d_o4,CH4
790.0,0.0029577823768329008,0.0009750574089218493,0.000512548104911117,0.0007521041852415835,0.00178369984904178,real_sinh_autodiff,Real AD (float32),0.08605491188183428,0.04465934766540738,0.027854705865552887,0.04276956113544006,0.047392327000957,cahn_hilliard_2d_o4,CH4
795.0,0.0012975116635228928,0.0009336582460473702,0.0006455637753413215,0.0007352879115118397,0.0012285816312240455,real_sinh_autodiff,Real AD (float32),0.05009011846619968,0.044491488789617534,0.04124791773494473,0.042399796128735324,0.0447542952956655,cahn_hilliard_2d_o4,CH4
800.0,0.005180384530865167,0.0016593041067169952,0.0004922309296755379,0.0009079173170332969,0.0020127123032616665,real_sinh_autodiff,Real AD (float32),0.06265237453901994,0.05575637696270702,0.028266845253945575,0.047790671790699846,0.05636456979535042,cahn_hilliard_2d_o4,CH4
805.0,0.0036639876834759695,0.0008841517047229495,0.0005295152844289342,0.0007169411436817644,0.003219123684293675,real_sinh_autodiff,Real AD (float32),0.08279615048940331,0.042470651005756005,0.024475085339617585,0.0385083257248431,0.05488764918455191,cahn_hilliard_2d_o4,CH4
810.0,0.006537938959138375,0.0008427768413453218,0.0006761739685009055,0.0007387304182364579,0.0013745915408701949,real_sinh_autodiff,Real AD (float32),0.06395816358593648,0.04318359919861335,0.03424706755366239,0.04010441167404285,0.043776281545821395,cahn_hilliard_2d_o4,CH4
815.0,0.004632104056891506,0.0012566511495547964,0.0006915347143202415,0.0007010687496123429,0.0012983970268048315,real_sinh_autodiff,Real AD (float32),0.05650421871936641,0.044136738812488974,0.03638873430997673,0.039551792665229624,0.051115904495171866,cahn_hilliard_2d_o4,CH4
820.0,0.0015532138310277272,0.0009429498858530373,0.0004553796331714252,0.0006816502359878585,0.0011679591216353406,real_sinh_autodiff,Real AD (float32),0.04661392843060397,0.04283282686124248,0.027890326114937657,0.03994738495914615,0.046299620979845066,cahn_hilliard_2d_o4,CH4
825.0,0.0014584493298098625,0.0008643165621289356,0.0004971431122897557,0.0006800311106086537,0.0011978546891005545,real_sinh_autodiff,Real AD (float32),0.05718552665502606,0.039578257084166055,0.033579858651878486,0.03743219808096123,0.04418674179316226,cahn_hilliard_2d_o4,CH4
830.0,0.0011339691794568765,0.0010935781372798947,0.0006373074756259036,0.0008633936687496552,0.001131251631456124,real_sinh_autodiff,Real AD (float32),0.07650654702063718,0.04080976923599239,0.03065044048708847,0.03891783779324205,0.048569639777520386,cahn_hilliard_2d_o4,CH4
835.0,0.003709943051711796,0.0012125915935161775,0.0004673620478165223,0.0007129936396979338,0.0013177044844969014,real_sinh_autodiff,Real AD (float32),0.07411665222983356,0.03782627134645491,0.02924444640979875,0.037592543784088356,0.04098008051713881,cahn_hilliard_2d_o4,CH4
840.0,0.0013699431609833835,0.0009988454760288506,0.0004634792389078542,0.0009443801577716258,0.0011744264039060498,real_sinh_autodiff,Real AD (float32),0.04614699913474888,0.04354831823244936,0.028141684451281308,0.04039061495964086,0.04418738448576284,cahn_hilliard_2d_o4,CH4
845.0,0.001221316901364149,0.0008188222607682905,0.00046954089146494424,0.0007275185940177384,0.001111905914351841,real_sinh_autodiff,Real AD (float32),0.047198487406261,0.03817806877349045,0.026119235151650325,0.0381249219869021,0.04315054711914822,cahn_hilliard_2d_o4,CH4
850.0,0.0011510180398591199,0.0008289403690229827,0.0004341271778657741,0.000624785658554267,0.0011299308475030308,real_sinh_autodiff,Real AD (float32),0.046243549097153454,0.039913803915224755,0.024728327249627695,0.03832950428831992,0.041345307423533706,cahn_hilliard_2d_o4,CH4
855.0,0.0022959027209851265,0.0009116087058990946,0.0004623833775658751,0.0006187321920953596,0.0018386003497784216,real_sinh_autodiff,Real AD (float32),0.13711937493040227,0.041049293128841216,0.030332993348806486,0.03446013993392975,0.04457661600427397,cahn_hilliard_2d_o4,CH4
860.0,0.0011374549192920142,0.0010347057128499372,0.00046810491560796483,0.0005958066457270679,0.0010397659412704281,real_sinh_autodiff,Real AD (float32),0.04674264615911997,0.039873703710018166,0.02798852488152192,0.03429791268002679,0.041183161515124196,cahn_hilliard_2d_o4,CH4
865.0,0.0012955087101672658,0.0009983816072565805,0.00043864564512514936,0.0009381060134068632,0.0010682180129084231,real_sinh_autodiff,Real AD (float32),0.05221976866015498,0.03780164801093308,0.02396007052768844,0.035895218720246216,0.04140755834772925,cahn_hilliard_2d_o4,CH4
870.0,0.001080551994608201,0.0008783785380793796,0.00047548924564118925,0.0008525781417219973,0.0010523907091631833,real_sinh_autodiff,Real AD (float32),0.05213316663466813,0.04562300066961699,0.024066822397289606,0.03769005479772689,0.04908859594749207,cahn_hilliard_2d_o4,CH4
875.0,0.0012113290639870573,0.0009333841373966311,0.00042797480375569337,0.0008264393970515259,0.0011132736180692242,real_sinh_autodiff,Real AD (float32),0.04673320908067583,0.03674127710723928,0.0256040012527192,0.03524834647026251,0.03761972362796917,cahn_hilliard_2d_o4,CH4
880.0,0.001195217539188036,0.0009298602833567827,0.0006250958337552884,0.0006819302425602961,0.0010555089807821095,real_sinh_autodiff,Real AD (float32),0.04789884625851446,0.04003981210675763,0.025051929040192187,0.03498588638488057,0.046025755509923015,cahn_hilliard_2d_o4,CH4
885.0,0.0012087443996454546,0.0008472201276171766,0.0004994102508513365,0.0007954759858813635,0.0010727483238889514,real_sinh_autodiff,Real AD (float32),0.047083626468908395,0.042439542911110996,0.024844562568881703,0.034757761361628066,0.04664642058377383,cahn_hilliard_2d_o4,CH4
890.0,0.03192264890661699,0.001122484921582729,0.0010549234728194027,0.00105867116952632,0.0012012934882559858,real_sinh_autodiff,Real AD (float32),0.07905934938657191,0.04754330298053439,0.034279032748098646,0.0473042867548658,0.05912932558449022,cahn_hilliard_2d_o4,CH4
895.0,0.0017050317132594524,0.0009414857508842232,0.0005726562603561298,0.0006236675755131387,0.0013636518733154586,real_sinh_autodiff,Real AD (float32),0.049766320503760286,0.039565568533843125,0.025173043135943617,0.036070919409054054,0.04288792240336242,cahn_hilliard_2d_o4,CH4
900.0,0.0011218090904089272,0.0007256276497235265,0.00039879435109673345,0.0005700086450453523,0.0009937555742814976,real_sinh_autodiff,Real AD (float32),0.04925649907846538,0.040930090572113796,0.0238853602331288,0.03302706645560332,0.041343461408946285,cahn_hilliard_2d_o4,CH4
905.0,0.0013132100078737884,0.0007304229958047332,0.0005658036256524927,0.0007172196606044768,0.0009889561457206756,real_sinh_autodiff,Real AD (float32),0.06269196069708081,0.04102801649202891,0.026462419432677714,0.040033033921646255,0.04135831841597432,cahn_hilliard_2d_o4,CH4
910.0,0.0009917278208523333,0.000734070835021683,0.000484655834012297,0.0006899820502999429,0.0009226958781340442,real_sinh_autodiff,Real AD (float32),0.04564270317682096,0.04282752919931103,0.02225818602267325,0.03237231968047428,0.04288423212917805,cahn_hilliard_2d_o4,CH4
915.0,0.0010677649713637266,0.0008349818738431001,0.00040107178279921,0.0007575860135066978,0.0010655390849301065,real_sinh_autodiff,Real AD (float32),0.05024768655564149,0.03563422336820026,0.021565523137450953,0.03422688006201199,0.040556907657163896,cahn_hilliard_2d_o4,CH4
920.0,0.0036626337035093022,0.0009646004116582677,0.0004309616234274834,0.0005822977382411575,0.0011949625190553878,real_sinh_autodiff,Real AD (float32),0.04856772467877767,0.034115756055828964,0.021501317927257086,0.030456713826812316,0.04065409968005855,cahn_hilliard_2d_o4,CH4
925.0,0.0010307834043454393,0.000879915347611738,0.0004150447382475024,0.000535393084401799,0.0009411839930616587,real_sinh_autodiff,Real AD (float32),0.041798510119894945,0.038423139787029964,0.02646977781764746,0.03177804533335367,0.039906815665546595,cahn_hilliard_2d_o4,CH4
930.0,0.001102653188030646,0.0009345114296941643,0.00038267477025160696,0.0005730656246011241,0.0010643249627002858,real_sinh_autodiff,Real AD (float32),0.04493495116889188,0.03794809507231037,0.03539776729962701,0.03719413210354876,0.04169675488381875,cahn_hilliard_2d_o4,CH4
935.0,0.0010297505343664244,0.0007012325577385434,0.000403246692609604,0.0005704442207399723,0.0009338878520290134,real_sinh_autodiff,Real AD (float32),0.0433690393068675,0.0339376327396771,0.028286658528680123,0.033537462906828505,0.04174646276917097,cahn_hilliard_2d_o4,CH4
940.0,0.0010187505506142438,0.000987982834297145,0.0004832121705830098,0.0007133085243220363,0.0009910771028438757,real_sinh_autodiff,Real AD (float32),0.04319484379832187,0.039259019965254126,0.024374058331654434,0.036906490868423604,0.040128217055686456,cahn_hilliard_2d_o4,CH4
945.0,0.001019337554555118,0.0008026036618577861,0.00034994074511138636,0.0007608693340396093,0.0009606864439835441,real_sinh_autodiff,Real AD (float32),0.04450906800789389,0.03575304075725991,0.02484721528321409,0.030717392889633648,0.040505758776312496,cahn_hilliard_2d_o4,CH4
950.0,0.0009605183241981569,0.0007215473652971446,0.00041271427053111634,0.0005830700328253873,0.0008435391017176707,real_sinh_autodiff,Real AD (float32),0.04320517514199806,0.03819975795541214,0.02324768676985656,0.03621226977838113,0.03923786447943197,cahn_hilliard_2d_o4,CH4
955.0,0.0012710042190892076,0.0008224554409818029,0.0004282229028236207,0.0005700031439141103,0.0010634343229423682,real_sinh_autodiff,Real AD (float32),0.04692313206155934,0.03643423520122342,0.023477991691344104,0.036007873170379165,0.04061108547929276,cahn_hilliard_2d_o4,CH4
960.0,0.0019991049860950795,0.0009785352190127088,0.0005473481453080382,0.00088441861560511,0.0011013917947535156,real_sinh_autodiff,Real AD (float32),0.08556268423786752,0.03886825393843224,0.03663704948479135,0.038416174132486595,0.04410133512228889,cahn_hilliard_2d_o4,CH4
965.0,0.0009444243295259991,0.0006956366449511025,0.00035456500553798624,0.0005051775417785197,0.0009325174188722944,real_sinh_autodiff,Real AD (float32),0.04122645172584329,0.037046999593293474,0.021694471982034443,0.0336108105881584,0.038820686608661954,cahn_hilliard_2d_o4,CH4
970.0,0.0009390244170482449,0.0007483610366570653,0.00034689583526313313,0.0005019493071008405,0.000836777385551395,real_sinh_autodiff,Real AD (float32),0.04501899501761032,0.03714221921028803,0.028279127376001537,0.0342463771586251,0.037167019942874344,cahn_hilliard_2d_o4,CH4
975.0,0.0010403653286397312,0.0008008794905091697,0.0004045508279959075,0.00046561922042555554,0.0009218250358033294,real_sinh_autodiff,Real AD (float32),0.037005209606573435,0.029501346023034246,0.028561586033334623,0.029061701699396987,0.03181585319080871,cahn_hilliard_2d_o4,CH4
980.0,0.0009353176561786164,0.0006588841944954214,0.00032314448991213997,0.0005013518198107404,0.0009283553617600574,real_sinh_autodiff,Real AD (float32),0.03846366185497056,0.035881973190597834,0.02111366663168215,0.030291295518649456,0.0377842517287291,cahn_hilliard_2d_o4,CH4
985.0,0.0010049028373447556,0.0008126596633444613,0.00036758860117805473,0.0005077630236577996,0.0009291139894416898,real_sinh_autodiff,Real AD (float32),0.04836979652152149,0.03692548145089618,0.02122997923385584,0.03578027667887402,0.04211060267682399,cahn_hilliard_2d_o4,CH4
990.0,0.0010380112911509774,0.0007864928434417814,0.00033066558698434357,0.0005245107499296952,0.0009025212821545464,real_sinh_autodiff,Real AD (float32),0.04228427385421181,0.03486432126443723,0.019840210368603253,0.03180561545166956,0.03603965393599178,cahn_hilliard_2d_o4,CH4
995.0,0.0015485185972822105,0.0006449242682617241,0.00030904226670784205,0.0005510540698329655,0.0011736624942841356,real_sinh_autodiff,Real AD (float32),0.06460300018901843,0.037751984173842054,0.022744604279372308,0.034870402863451715,0.0397744905193099,cahn_hilliard_2d_o4,CH4
1000.0,0.0008727648431501117,0.000724268916588435,0.00036823795129840246,0.0006379184700743906,0.0008249542931025015,real_sinh_autodiff,Real AD (float32),0.040908579428252496,0.030476327357175086,0.02239447213267184,0.02946394926032259,0.032300890514571655,cahn_hilliard_2d_o4,CH4
1005.0,0.0011215137699498601,0.0008400942595867103,0.0003305996856904766,0.0004890167593298503,0.0008905672881514868,real_sinh_autodiff,Real AD (float32),0.04653554363485238,0.0362379135155215,0.022216806182015797,0.03483797079131512,0.04181866982663962,cahn_hilliard_2d_o4,CH4
1010.0,0.0013713507305705298,0.0009063301480824582,0.0003180547095955528,0.000695579913377536,0.0011212518447701353,real_sinh_autodiff,Real AD (float32),0.049588317870320434,0.04430525955508991,0.020367259845695734,0.030914157453502,0.04718731084996527,cahn_hilliard_2d_o4,CH4
1015.0,0.0010096983906837458,0.0006305216350685583,0.00042841629613585617,0.0004341799517638058,0.0008259781719883957,real_sinh_autodiff,Real AD (float32),0.042647141170014446,0.034091181436461594,0.02996055695201917,0.03229493146235677,0.0368207490341962,cahn_hilliard_2d_o4,CH4
1020.0,0.0009996296119724648,0.0006102899582447679,0.00033982555897599503,0.0004665307222955052,0.0007741088828244766,real_sinh_autodiff,Real AD (float32),0.041106125760344225,0.033782933546812347,0.022895639867368152,0.02835714737353207,0.035567095825990006,cahn_hilliard_2d_o4,CH4
1025.0,0.0008879699772592999,0.0007066028121300665,0.0003969011683673776,0.0004759978037272517,0.000814635159691042,real_sinh_autodiff,Real AD (float32),0.04381399329231668,0.03072029287686245,0.027104230388401998,0.02754379430326145,0.03289241629554779,cahn_hilliard_2d_o4,CH4
1030.0,0.001515854483723604,0.0007022441081579422,0.00031965630530287486,0.0004284449568776275,0.0010660265193483216,real_sinh_autodiff,Real AD (float32),0.052690519253724366,0.03550292815270701,0.021168820608098073,0.03444800776415592,0.03610859261705701,cahn_hilliard_2d_o4,CH4
1035.0,0.0009014687011411207,0.0006101525663907329,0.00047638883182163805,0.0005040344206542141,0.0007364503824605612,real_sinh_autodiff,Real AD (float32),0.05283450925965571,0.03409088579484347,0.029417846854738687,0.03311737324735351,0.03547236447405306,cahn_hilliard_2d_o4,CH4
1040.0,0.0008743514570018021,0.0006003614424925333,0.00033304618143771206,0.00042523081662451017,0.0008493761324840104,real_sinh_autodiff,Real AD (float32),0.04288477069747458,0.031020961737661886,0.01977122021901383,0.030030961307173434,0.04182087605176421,cahn_hilliard_2d_o4,CH4
1045.0,0.001027394100702522,0.0005742482148153495,0.00031814642903812203,0.0004951611435816581,0.000852390173221347,real_sinh_autodiff,Real AD (float32),0.03923340656120701,0.031191129213712282,0.027353655273136674,0.03051364579507864,0.038730871272021926,cahn_hilliard_2d_o4,CH4
1050.0,0.0009371067101065019,0.0006359768058304037,0.00034046392646321457,0.00042636714009275666,0.000725938714621092,real_sinh_autodiff,Real AD (float32),0.041693125158009714,0.03334515718614025,0.030227862180078644,0.03329780363309433,0.03858387159048193,cahn_hilliard_2d_o4,CH4
1055.0,0.0008519014439881596,0.0005797924956252237,0.00027533195773964705,0.0005124289394849178,0.0007410346935689837,real_sinh_autodiff,Real AD (float32),0.03994329323814102,0.03216533911809536,0.01933651390786377,0.02824274695586064,0.03336194835799622,cahn_hilliard_2d_o4,CH4
1060.0,0.0010801787073889209,0.000904757865131379,0.00031275542608118174,0.0004405131604348193,0.0009157334236848828,real_sinh_autodiff,Real AD (float32),0.03684224400498774,0.03456398468964817,0.019247283364310495,0.028878297233040705,0.036664928327528955,cahn_hilliard_2d_o4,CH4
1065.0,0.0010563184153091893,0.000607209775386734,0.00030330254638939497,0.000458365208852356,0.0007148470503937134,real_sinh_autodiff,Real AD (float32),0.054319441155584916,0.03020436545906288,0.022989810495994654,0.02677484881793541,0.03744715138546181,cahn_hilliard_2d_o4,CH4
1070.0,0.000905078004845445,0.0006600716110964609,0.0003604725448748646,0.000415667710862364,0.0007137633177528229,real_sinh_autodiff,Real AD (float32),0.039470821603215134,0.03442736937491377,0.022852410387872658,0.02615755284764794,0.037471306408595764,cahn_hilliard_2d_o4,CH4
1075.0,0.0007805402059395574,0.0005814360608804872,0.0003120417179812307,0.00040076121534988893,0.0007297776495788326,real_sinh_autodiff,Real AD (float32),0.03791327754051103,0.03239780623028079,0.02441225480643145,0.02755798879438979,0.03340153949079476,cahn_hilliard_2d_o4,CH4
1080.0,0.0009058053034366866,0.0006160665356165562,0.00047843689302324715,0.0005497185564235772,0.0007589637381130082,real_sinh_autodiff,Real AD (float32),0.04375760551312705,0.0351582047549488,0.027952011562508,0.034819752777807716,0.03969708417050095,cahn_hilliard_2d_o4,CH4
1085.0,0.0008896028930641625,0.0005516167544468827,0.0002903959590744037,0.0004628470166205056,0.0007162901718105455,real_sinh_autodiff,Real AD (float32),0.047465221180317665,0.02911478279677582,0.02654606982683255,0.02827302142233711,0.029726534872434724,cahn_hilliard_2d_o4,CH4
1090.0,0.0007957260820491208,0.0006143625993220148,0.00033326754673007207,0.0003827440537973713,0.000642497586766832,real_sinh_autodiff,Real AD (float32),0.040232604375900184,0.02897500053977945,0.022988768937240677,0.027676939134676722,0.03129560184692796,cahn_hilliard_2d_o4,CH4
1095.0,0.001053140208139061,0.0005749969737728022,0.0002832269088930973,0.0005191989661762603,0.0007595490287513828,real_sinh_autodiff,Real AD (float32),0.0402896171048847,0.03252489860016464,0.022459278448506252,0.027209483266197605,0.03594266017805599,cahn_hilliard_2d_o4,CH4
1100.0,0.0012418739284460647,0.0005164084187331534,0.0002910632329644485,0.0003960343739272424,0.0007133949604838255,real_sinh_autodiff,Real AD (float32),0.03972298889540062,0.03484511542407305,0.017874191501104444,0.026980183348539872,0.03758353717717022,cahn_hilliard_2d_o4,CH4
1105.0,0.0008490237526867075,0.0005264771179254781,0.00027819549619999295,0.00039808057866935634,0.0007042374699877552,real_sinh_autodiff,Real AD (float32),0.03458827209395867,0.029319764213304136,0.017600772396347796,0.026391990663284546,0.030733632561395687,cahn_hilliard_2d_o4,CH4
1110.0,0.0007959508536399451,0.0006450688378917934,0.00030297757819412226,0.00039220851789646867,0.0006645822443176638,real_sinh_autodiff,Real AD (float32),0.037749323447775075,0.027972522377028942,0.02733207212465832,0.02765717246249446,0.03153058281389949,cahn_hilliard_2d_o4,CH4
1115.0,0.0007458358572002884,0.0005209736585268318,0.0002740206457872133,0.0003824406779932893,0.0006289451396656346,real_sinh_autodiff,Real AD (float32),0.04128188668516641,0.029427202614445744,0.018726334432932954,0.02841758029660375,0.03302452536820926,cahn_hilliard_2d_o4,CH4
1120.0,0.0008047708389407963,0.0005507157785840848,0.00028628016383421955,0.0004468655976390303,0.0006198731363776079,real_sinh_autodiff,Real AD (float32),0.036406403657301016,0.03017529215600525,0.020522182007720165,0.026319584200799804,0.03596638338660495,cahn_hilliard_2d_o4,CH4
1125.0,0.0008523337522928612,0.0005497566423618636,0.0002450816712644787,0.0004000379276845056,0.0008249662137043944,real_sinh_autodiff,Real AD (float32),0.04490664158992152,0.028785416050032528,0.0194366724880576,0.027903696633679666,0.03912943282947581,cahn_hilliard_2d_o4,CH4
1130.0,0.0009451977033075529,0.0008414198551885963,0.0002923880833594859,0.00034602813228060825,0.000842146043293413,real_sinh_autodiff,Real AD (float32),0.03759618893499604,0.027761546529610933,0.021332506939462623,0.026090826043991957,0.0320699728411763,cahn_hilliard_2d_o4,CH4
1135.0,0.0010260237454859397,0.0005022250558666647,0.0002807654764393025,0.00038857535475666545,0.0005985923953607033,real_sinh_autodiff,Real AD (float32),0.03790489073495431,0.02627104471724,0.018776954677974602,0.025369856113127136,0.032403774001990286,cahn_hilliard_2d_o4,CH4
1140.0,0.0008721491870475965,0.0005807222071338713,0.00030431915062148355,0.00034851629795921876,0.0007278939476471571,real_sinh_autodiff,Real AD (float32),0.04900372050973346,0.030333068939441658,0.016478019221623383,0.026963313180251042,0.04040677277734891,cahn_hilliard_2d_o4,CH4
1145.0,0.0007217130085078824,0.0006313481686839052,0.0002729286342821221,0.0005825787143494923,0.0006572271973868297,real_sinh_autodiff,Real AD (float32),0.037975284794026426,0.028477030343872414,0.01682797472418038,0.02525225160187029,0.028665201472513016,cahn_hilliard_2d_o4,CH4
1150.0,0.0008164727180485611,0.0006182163423078484,0.00028358695745849926,0.00038610969345191117,0.0006983548494775583,real_sinh_autodiff,Real AD (float32),0.043836128527356646,0.029627584900871206,0.018988793412984362,0.027042149248412844,0.03381007582843072,cahn_hilliard_2d_o4,CH4
1155.0,0.0007770921060053573,0.000589047720576144,0.00025210148172261977,0.00044535127931401086,0.0006073412959190265,real_sinh_autodiff,Real AD (float32),0.04433696406406094,0.030014291621628893,0.02160168118414542,0.02812757282158308,0.03296655056868,cahn_hilliard_2d_o4,CH4
1160.0,0.0013123673287819895,0.0005392232240530497,0.000286639206742288,0.00032722177637938807,0.0008645154997190211,real_sinh_autodiff,Real AD (float32),0.039407871101744894,0.031525460977923817,0.022905061043542386,0.029215352002804413,0.03854822977258704,cahn_hilliard_2d_o4,CH4
1165.0,0.0009764201779417958,0.0006143541069381153,0.00026163515221842707,0.00033797934813389977,0.0007698991830717277,real_sinh_autodiff,Real AD (float32),0.03948047377387626,0.029057501232271108,0.02020624076581644,0.026395940715165392,0.03056483798697525,cahn_hilliard_2d_o4,CH4
1170.0,0.000727470339026384,0.0004713948345132836,0.00024651227644793166,0.0004266175379878793,0.0005871861945398574,real_sinh_autodiff,Real AD (float32),0.03785014552379949,0.031962396362694136,0.017075304845434156,0.02596139027438038,0.03714391083256629,cahn_hilliard_2d_o4,CH4
1175.0,0.0007794134646119967,0.0005532796681678201,0.00035583348952989487,0.00042002433052208877,0.0006027342101375153,real_sinh_autodiff,Real AD (float32),0.04014598416727438,0.028601568717087526,0.024017617463014607,0.024201063765021798,0.03259902625906734,cahn_hilliard_2d_o4,CH4
1180.0,0.0007563555610710365,0.0005645681848989592,0.0003667090113433005,0.0005264462755893196,0.0006429537317826226,real_sinh_autodiff,Real AD (float32),0.04264994978273604,0.032472427415730996,0.030019112581275244,0.030199645508184172,0.036803588975444654,cahn_hilliard_2d_o4,CH4
1185.0,0.0007857409331650638,0.0005769866355483154,0.00023203865519897925,0.00034191270865851093,0.0006455966046432917,real_sinh_autodiff,Real AD (float32),0.04483911147229293,0.027003755740130767,0.01801476314965826,0.025331998252232292,0.03256154942514181,cahn_hilliard_2d_o4,CH4
1190.0,0.0007509795848957661,0.0005517378663252676,0.00034588434653027634,0.00040660748678949285,0.0005952486078024023,real_sinh_autodiff,Real AD (float32),0.04331808532308131,0.026805237971762437,0.019207602522448484,0.026580138379665098,0.03732578524753927,cahn_hilliard_2d_o4,CH4
1195.0,0.0011492806667781114,0.0005202121574685849,0.0002592344086549162,0.00032904334257604945,0.0007026376801922554,real_sinh_autodiff,Real AD (float32),0.03548654057828635,0.03003988746079124,0.01876314640343721,0.028305598196788212,0.031584523077982825,cahn_hilliard_2d_o4,CH4
1200.0,0.0007392299877315838,0.00048365408216285646,0.0003304745977546509,0.0003563130177947499,0.0007196509903822936,real_sinh_autodiff,Real AD (float32),0.037679873286827203,0.03471060788826642,0.020430105199423995,0.02301167229526211,0.03737211701541338,cahn_hilliard_2d_o4,CH4
0.0,0.7554891109466553,0.6917290091514587,0.6525524854660034,0.6785306334495544,0.6920122504234314,war,WAR (complex64),1.3516380786895752,1.151803731918335,1.0219477415084839,1.0682364702224731,1.3399040699005127,cahn_hilliard_2d_o6,CH6
5.0,0.6640306760662865,0.6088605933109822,0.6039923263722083,0.605486587359215,0.6248487721344921,war,WAR (complex64),1.0232946469047868,1.0001145684986017,0.9927226411878197,1.000057956055829,1.0038478512442597,cahn_hilliard_2d_o6,CH6
10.0,0.3731712408639702,0.29266525210285915,0.1991607856876229,0.21028971575849045,0.31286363630985464,war,WAR (complex64),0.9604421953139272,0.8494866373893231,0.5941163669240318,0.8261307056966521,0.9471561230720363,cahn_hilliard_2d_o6,CH6
15.0,0.04376033883680792,0.03412441766520082,0.01893635692495917,0.022383131393537835,0.03888958259761684,war,WAR (complex64),0.3278357921430406,0.2691451718604234,0.2274537854505755,0.23714352240657952,0.3024223099482885,cahn_hilliard_2d_o6,CH6
20.0,0.010346610156184044,0.0072313317391959845,0.004702512762759688,0.006734166848929905,0.00842482555824278,war,WAR (complex64),0.15910104063210143,0.1411840620783516,0.10206036073747579,0.11346771757402065,0.1492930599231297,cahn_hilliard_2d_o6,CH6
25.0,0.0063499750347217375,0.004545634162408163,0.0029997410864615803,0.0036440657813908823,0.005967166314795663,war,WAR (complex64),0.1290051028875202,0.12083988168090705,0.08770185446330966,0.10222168544485152,0.12798765867089662,cahn_hilliard_2d_o6,CH6
30.0,0.019065198107118157,0.0034935001678204833,0.0025950726366892763,0.002790353161578199,0.004813293998623716,war,WAR (complex64),0.2903798230259386,0.11902634216254035,0.08396639995590723,0.11846570197605595,0.1203383271195015,cahn_hilliard_2d_o6,CH6
35.0,0.006882968170777233,0.0042642350411913705,0.0021204986660859145,0.0027169451968826284,0.005174310175424961,war,WAR (complex64),0.1307001043664697,0.11746677880836234,0.08732218930565713,0.10876855460779361,0.12134725106271929,cahn_hilliard_2d_o6,CH6
40.0,0.04450246919642884,0.0034797869862173017,0.0016481849712878431,0.0025306582095268636,0.004020208887530937,war,WAR (complex64),0.2088381967819655,0.10431896990486442,0.09390080141665111,0.10294257898884632,0.1251256195900435,cahn_hilliard_2d_o6,CH6
45.0,0.13420616539502453,0.002902162700681608,0.0013561648510172378,0.002344217142711997,0.03488611323971273,war,WAR (complex64),0.48968760459845434,0.12316622599700788,0.09702855546876533,0.11275432038283643,0.42697313177707596,cahn_hilliard_2d_o6,CH6
50.0,0.006112309963074945,0.0045386886215851106,0.0014410728487782502,0.0025921251621185016,0.004855100907298054,war,WAR (complex64),0.15040024453664844,0.11073261017194376,0.09809958831830522,0.10959457428588251,0.1279147039813672,cahn_hilliard_2d_o6,CH6
55.0,0.04070200444854799,0.0020951536973672527,0.0011546799407434144,0.001522550638653118,0.0032583420856352905,war,WAR (complex64),0.5628169239730695,0.109731337775369,0.09696408092057034,0.10209118467573419,0.12696074494322981,cahn_hilliard_2d_o6,CH6
60.0,0.0029533531358561997,0.0018973000854803684,0.0009629235210346462,0.0012049688399717944,0.0024284575632776075,war,WAR (complex64),0.14380927002119648,0.11234168683988037,0.08268084609793384,0.09746550818014216,0.12754805292001092,cahn_hilliard_2d_o6,CH6
65.0,0.0026273293062239345,0.0011397129550608529,0.0008644424598740557,0.0010279101166447548,0.001447865802368591,war,WAR (complex64),0.12213028469715959,0.10279414877055035,0.07711013079092778,0.08823535730313664,0.10884615563474291,cahn_hilliard_2d_o6,CH6
70.0,0.002571838865246518,0.0008919543316837635,0.0008205383711261693,0.0008860449495583772,0.0012043646271528597,war,WAR (complex64),0.1282561612611496,0.09012773531651784,0.06707290677925737,0.08619283549938417,0.10460330451295129,cahn_hilliard_2d_o6,CH6
75.0,0.0300556373480573,0.0011360499531494655,0.0007850439395939594,0.0008441843691633881,0.0023215033645467217,war,WAR (complex64),0.751669071156049,0.08241972694723683,0.05990642788837451,0.08130944767895433,0.12491345882454404,cahn_hilliard_2d_o6,CH6
80.0,0.0033751876625145536,0.0007117004213292354,0.0005400299998344306,0.0006929288570727565,0.002003522186127876,war,WAR (complex64),0.1491148045115059,0.07602278163924593,0.059223825829289305,0.07363055221516128,0.11880707292811027,cahn_hilliard_2d_o6,CH6
85.0,0.0019262278415842304,0.0011480334873921472,0.000584766624581707,0.0005877520836646154,0.0015695488807114157,war,WAR (complex64),0.12074881269110045,0.07543527288522979,0.05204216425872761,0.06850484715267117,0.09549864752934573,cahn_hilliard_2d_o6,CH6
90.0,0.002871859257897602,0.0011677729776063887,0.0005383973305445014,0.0005838959824465552,0.001681139758752175,war,WAR (complex64),0.17346483814331676,0.08886072425650515,0.04770038668295917,0.06488580202074361,0.11873204961264333,cahn_hilliard_2d_o6,CH6
95.0,0.0191692638583654,0.001098879842903701,0.0004955715990629442,0.0005142139561104341,0.004871902712106466,war,WAR (complex64),0.40716913727133147,0.08438765035044181,0.054258695453336,0.060609570111220375,0.11401659021752085,cahn_hilliard_2d_o6,CH6
100.0,0.030447313872851534,0.0008925875672940237,0.00047372308942111586,0.0005209658368474738,0.0013843996208579021,war,WAR (complex64),0.1225003755565764,0.07757947096536692,0.05018314161582518,0.057872951549787104,0.1147557510766675,cahn_hilliard_2d_o6,CH6
105.0,0.020437181780869965,0.0006285327027086559,0.000408662763836848,0.000537042450694142,0.0007716937298459657,war,WAR (complex64),0.23737058964359678,0.07379963492333251,0.042745346094256086,0.05480596503515825,0.07647136821386391,cahn_hilliard_2d_o6,CH6
110.0,0.003538106804479339,0.0007260938863536643,0.00035939230822003466,0.00040947599254579194,0.0011619275127578287,war,WAR (complex64),0.15760812291242343,0.07233099638742668,0.05167201840927767,0.07124465908593847,0.10558050451764911,cahn_hilliard_2d_o6,CH6
115.0,0.010463677504712587,0.0006900216104908108,0.00036388714418852247,0.0005376391009343636,0.001963121907811869,war,WAR (complex64),0.12673664764698542,0.06750855761825503,0.05772494801417299,0.06667474068239197,0.1200164271855634,cahn_hilliard_2d_o6,CH6
120.0,0.0036042881057338928,0.0009117096248208863,0.0003250215156819092,0.0005683407279316586,0.001549414930634762,war,WAR (complex64),0.15493182825318855,0.06603405206093299,0.0626388408909707,0.06537992027100581,0.12254785860173788,cahn_hilliard_2d_o6,CH6
125.0,0.0015559273921544278,0.0008379188724286346,0.00029918598911853154,0.0005379748808758692,0.0012820732789775263,war,WAR (complex64),0.11642083510770658,0.060512433857960325,0.05121473024686341,0.060199096832991086,0.06136712281722862,cahn_hilliard_2d_o6,CH6
130.0,0.013546930739117275,0.0004894124610940529,0.00030683819929300146,0.000480680866581076,0.001188177625459144,war,WAR (complex64),0.40674651315457966,0.05937842418720998,0.04491615316668432,0.05726222208722149,0.10439579173939378,cahn_hilliard_2d_o6,CH6
135.0,0.0016747721888834115,0.0004956020073872279,0.00023981253736719406,0.00038026062839407315,0.0010055046586325905,war,WAR (complex64),0.10291420008472359,0.056362207920663744,0.04237163947130404,0.054639645637377346,0.08962782830590295,cahn_hilliard_2d_o6,CH6
140.0,0.000933992337362661,0.0003897935217659892,0.00022547056393847922,0.00033465000351990066,0.0004141809493492629,war,WAR (complex64),0.09745445985646091,0.0540153519242472,0.03879451773791945,0.05361963475327612,0.06689949331626346,cahn_hilliard_2d_o6,CH6
145.0,0.0018671915108663013,0.00031577073463164273,0.00023190128705652863,0.00031537553269861445,0.000814671032264379,war,WAR (complex64),0.09293130762526909,0.05735762150396835,0.034616578253328895,0.05160145980893322,0.0697344772121414,cahn_hilliard_2d_o6,CH6
150.0,0.03739683717614387,0.0007440015697646633,0.0002680163284884845,0.0002774905820892386,0.0009870161546025077,war,WAR (complex64),0.23784663453700997,0.0855529800526142,0.03757929516225873,0.051773131775653625,0.10224034929692416,cahn_hilliard_2d_o6,CH6
155.0,0.03921981356793249,0.0009097945271871027,0.0002521448233622064,0.0002564540151294322,0.003874405331372888,war,WAR (complex64),0.29681505194682767,0.08095100120084217,0.03263536783207862,0.046644756518360676,0.16909333661982928,cahn_hilliard_2d_o6,CH6
160.0,0.001973871671328999,0.0006434385968571208,0.00022733709647045007,0.0002343697670424886,0.0006489357494170566,war,WAR (complex64),0.08065910026280342,0.07885768037787903,0.0329658483163792,0.04293110038976552,0.07931241928886615,cahn_hilliard_2d_o6,CH6
165.0,0.0006855508502281771,0.00042953215172653714,0.00023579230100723094,0.00032025969095267294,0.0005550389511211941,war,WAR (complex64),0.07149492901341116,0.06747876673762544,0.03699045278966577,0.04219336212488987,0.07128827632368179,cahn_hilliard_2d_o6,CH6
170.0,0.003545303474371988,0.00047649118547091787,0.00019721604354477074,0.0003492958780969062,0.0005510889928462804,war,WAR (complex64),0.07405616181472091,0.05835145998925081,0.039492560785877096,0.051994763362345875,0.06509713850910134,cahn_hilliard_2d_o6,CH6
175.0,0.0008426697789987621,0.00035535613143780094,0.0002471834625905642,0.00031429863687097747,0.0005764733535023556,war,WAR (complex64),0.07074435728338804,0.06109281990235328,0.03458883060620745,0.04759010891015574,0.06230024681455646,cahn_hilliard_2d_o6,CH6
180.0,0.0011297063446190437,0.0003183358337677148,0.00023792275630130563,0.00027673344959242924,0.0004520118660344643,war,WAR (complex64),0.06891824239383672,0.05897584961066317,0.036768832033658355,0.04387819233906629,0.06361500925779796,cahn_hilliard_2d_o6,CH6
185.0,0.0007781420878853148,0.00024248287473445428,0.00018061441185810323,0.0001831994360080058,0.00027242393190756326,war,WAR (complex64),0.061996691297727925,0.04043439216997679,0.03170138566074713,0.03896181470838056,0.05623548530306264,cahn_hilliard_2d_o6,CH6
190.0,0.0009611242080021391,0.00022445067720759345,0.0001620014812770268,0.00022220772144178734,0.0002286919137883569,war,WAR (complex64),0.061937118829251465,0.03908323535927382,0.03319001724346088,0.03760905039911541,0.05477194659507209,cahn_hilliard_2d_o6,CH6
195.0,0.004873196615075752,0.00019689948021945987,0.00016730860592420148,0.00019670616236435942,0.00020428133926020752,war,WAR (complex64),0.10610301369475433,0.0429762726835525,0.031652317572388754,0.03939151581697551,0.05316939234995152,cahn_hilliard_2d_o6,CH6
200.0,0.0050017888537833306,0.00020493892258988006,0.0001452925284026319,0.00018938968991823738,0.0003190557551376204,war,WAR (complex64),0.13006334612495957,0.04266533816833867,0.025915351780465803,0.03538641939501497,0.04963096472485182,cahn_hilliard_2d_o6,CH6
205.0,0.0006916736642772087,0.00021800374086386093,0.00013235497750028989,0.00017432909599221668,0.0006160949314851523,war,WAR (complex64),0.09227084034472839,0.04736768927172927,0.02548410295253055,0.04373805691643489,0.06989551408804688,cahn_hilliard_2d_o6,CH6
210.0,0.0004185455724393467,0.00016425713168453243,0.00012471275252848074,0.00014818112184855625,0.0001657622749106393,war,WAR (complex64),0.07440865982522366,0.034617734968350446,0.023422238233718203,0.02873642818080055,0.045704889228062796,cahn_hilliard_2d_o6,CH6
215.0,0.0009903452536156579,0.00017080615577906786,0.00011511228806516355,0.00016312190772046174,0.0004183921879386931,war,WAR (complex64),0.06102843515270797,0.045047435355346804,0.02403748285167405,0.033124218308846154,0.04782621217579409,cahn_hilliard_2d_o6,CH6
220.0,0.00034388588483399746,0.00014515161172243114,0.00012216793046506433,0.00013266404375622846,0.00014711616252393247,war,WAR (complex64),0.05945162304795991,0.032070215964771984,0.02356747675529821,0.024348043813078712,0.04495422030589855,cahn_hilliard_2d_o6,CH6
225.0,0.0002919741009072693,0.00013748282160045916,0.00010604705165139408,0.000119599630379943,0.00018615778849805624,war,WAR (complex64),0.056346398402771496,0.030112368821326563,0.02054103155184841,0.024453054410024405,0.04323296866769537,cahn_hilliard_2d_o6,CH6
230.0,0.09237199533662331,0.00030769348920438376,0.00010646927685152104,0.00012700365062875795,0.0019496790818851395,war,WAR (complex64),0.47444317816211645,0.04875281948067963,0.020222953973827566,0.0476583954402605,0.16712367324390748,cahn_hilliard_2d_o6,CH6
235.0,0.036986805532186744,0.0023159448445883852,0.00016260727176521179,0.00025320985580232886,0.007827834665428255,war,WAR (complex64),0.34154355615915394,0.12791127643668534,0.04076254624353168,0.046439199066905225,0.1904079137979793,cahn_hilliard_2d_o6,CH6
240.0,0.0014121912359550473,0.00023450502915293813,0.00015648993894559426,0.00017962521693360163,0.0010269994559783046,war,WAR (complex64),0.08629315131832897,0.04236321880476993,0.021497861938943492,0.04229715467695286,0.06767886365138955,cahn_hilliard_2d_o6,CH6
245.0,0.0007166572375580767,0.000509634049125396,9.542134174363362e-05,0.00021089023654524214,0.0005892542672020981,war,WAR (complex64),0.07004437279363665,0.05353995623214661,0.035826597819542894,0.04290566386255067,0.06498270013310334,cahn_hilliard_2d_o6,CH6
250.0,0.09287540921492737,0.0003984865212639874,0.0002122026835368782,0.00037336961528990867,0.0008990573471055294,war,WAR (complex64),0.45685245632495114,0.04938008870926939,0.04069760000408923,0.04461550163326851,0.06044403921282531,cahn_hilliard_2d_o6,CH6
255.0,0.0029929684465779733,0.0003012078559882059,9.994845042788747e-05,0.0001850727651510626,0.0003238246206524004,war,WAR (complex64),0.1071114437173236,0.04795431747291579,0.03684299657767924,0.040154253594415434,0.05353381712587794,cahn_hilliard_2d_o6,CH6
260.0,0.0012599878258045846,0.000242223625758005,9.328063503354469e-05,0.00017540139677995806,0.0002633718683863563,war,WAR (complex64),0.079615807720041,0.043026123321693734,0.035222433790772875,0.0424746430144512,0.04890235073822582,cahn_hilliard_2d_o6,CH6
265.0,0.0012794771302901695,0.00023829677795264966,0.00017292781408432414,0.0002181759613226927,0.0009345972134610506,war,WAR (complex64),0.05908517815397486,0.04626682316905432,0.040150615793264545,0.041875010461327064,0.05534282641852677,cahn_hilliard_2d_o6,CH6
270.0,0.03860088323731889,0.0009562058668414408,0.00018336408863804597,0.0002041863089239057,0.029747537284961077,war,WAR (complex64),0.27088739478354407,0.04920189727720663,0.03924662394711484,0.044154483678323954,0.1752718275205203,cahn_hilliard_2d_o6,CH6
275.0,0.00218316023485925,0.0006553215339836544,0.00019235062959670595,0.0002106600758780669,0.001753771208375098,war,WAR (complex64),0.10210881816091345,0.041074536870453066,0.034169293551130915,0.04039372195284443,0.07899351443200697,cahn_hilliard_2d_o6,CH6
280.0,0.000548208740794356,0.00037648564419995,0.00016075419826247362,0.0001819222052606723,0.0003932943930011696,war,WAR (complex64),0.06645471655679633,0.03870859788554238,0.03323136790333796,0.037290701344533154,0.06048451191828026,cahn_hilliard_2d_o6,CH6
285.0,0.000601427029149946,0.000235492589093255,0.00012872084936565957,0.00016352674559512968,0.00025870477988808663,war,WAR (complex64),0.06067761413065852,0.03776057441538276,0.030406999396121723,0.03255084596949652,0.05437141504583665,cahn_hilliard_2d_o6,CH6
290.0,0.00043856556334731197,0.00020420810124068488,0.00012181484665445059,0.00015464088582484465,0.00023319600074639925,war,WAR (complex64),0.05506463722016886,0.03669434164034175,0.031185613753573704,0.0337246090137164,0.047632300221110965,cahn_hilliard_2d_o6,CH6
295.0,0.0004005553355661118,0.00017671980594859105,0.00014584049691533126,0.00016383633215326588,0.00023676090014222815,war,WAR (complex64),0.051744208701884294,0.03521331381355814,0.028396102928595904,0.03005613701695653,0.04432053372049018,cahn_hilliard_2d_o6,CH6
300.0,0.00055649939083457,0.00014928330404593115,0.00011516092787538083,0.0001406797575750478,0.00016079913881840365,war,WAR (complex64),0.049744519361231206,0.03438911091674843,0.027941828110805814,0.02865728664161446,0.04095486141245899,cahn_hilliard_2d_o6,CH6
305.0,0.0003076865242721033,0.00012719248126742835,9.298682419813182e-05,0.0001252871235981925,0.0001731311822829731,war,WAR (complex64),0.04736932307045025,0.03441214267142118,0.024567700322708705,0.032794513974389344,0.03978644205039828,cahn_hilliard_2d_o6,CH6
310.0,0.0004324932252760444,0.00017529803548249607,0.00010922583981833468,0.00013072562122417835,0.00028350318489570964,war,WAR (complex64),0.04802558025910428,0.03234228145874183,0.02278437358642633,0.028232073019683532,0.036704007955336564,cahn_hilliard_2d_o6,CH6
315.0,0.0018956470519935604,0.00012869088680257887,0.00010143160721903119,0.00010629814080669305,0.00024070490926399125,war,WAR (complex64),0.0687436294646186,0.03569473217972036,0.03050370716021733,0.03289175162205057,0.042479336566578166,cahn_hilliard_2d_o6,CH6
320.0,0.0003441758498384057,0.00013845565464586267,8.956578101626926e-05,0.0001304095042631364,0.00014952160107624965,war,WAR (complex64),0.04269717753469281,0.031485015787328846,0.02778296350176784,0.02861432921634655,0.03393270024034427,cahn_hilliard_2d_o6,CH6
325.0,0.00018165165869024052,9.684675449484659e-05,8.328953494401565e-05,9.460068465587248e-05,0.00011378807243056585,war,WAR (complex64),0.04043351705244108,0.030594060380436983,0.02424822646569477,0.026235976646086515,0.03458961153401598,cahn_hilliard_2d_o6,CH6
330.0,0.0001718546668551544,9.217148726988856e-05,8.152228906426654e-05,8.533639390172071e-05,0.00013494690207230132,war,WAR (complex64),0.03888108081227582,0.028943546262216138,0.023714541063061558,0.026126742336164254,0.03593400819292504,cahn_hilliard_2d_o6,CH6
335.0,0.00016638975424655624,0.00010451433805073082,6.906617357646378e-05,7.880357963592838e-05,0.00012746207669089043,war,WAR (complex64),0.03704232877924521,0.027751522691839843,0.02159128506164149,0.02677015339236413,0.03525521081843735,cahn_hilliard_2d_o6,CH6
340.0,0.06972977499517151,0.0001789148918923478,7.153941128591165e-05,8.332229740524895e-05,0.00031026524418098814,war,WAR (complex64),0.2115886672411197,0.02817889301028988,0.020520882563993304,0.02609483587283974,0.03819452116714379,cahn_hilliard_2d_o6,CH6
345.0,0.003910225594742949,0.000124449828121717,7.474909603736896e-05,7.677577075888117e-05,0.0017918498923504224,war,WAR (complex64),0.07471747040581135,0.03500957995429849,0.019549269513529168,0.028967379048172145,0.07262274038957818,cahn_hilliard_2d_o6,CH6
350.0,0.0013216204275481233,0.0001606582984954203,5.873250827315851e-05,6.935646482393578e-05,0.00020942784911632566,war,WAR (complex64),0.05200235298086488,0.029188265477447874,0.01931948910051207,0.02443563993909946,0.03363483408981145,cahn_hilliard_2d_o6,CH6
355.0,0.0009082533535405634,0.00011225403895796468,6.16978742514023e-05,7.809849948559893e-05,0.0004296967712592031,war,WAR (complex64),0.05229133820895936,0.03171370099283499,0.01762038721010499,0.02392018179605016,0.04419978463777655,cahn_hilliard_2d_o6,CH6
360.0,0.0011854325044784318,0.00014326338285105143,5.545362135949154e-05,0.0001334566954391705,0.0006969626681881128,war,WAR (complex64),0.05972405965849216,0.035427826214872844,0.016457722694811678,0.02461979299802833,0.04128149592426439,cahn_hilliard_2d_o6,CH6
365.0,0.0006288325624642699,0.00010582086412142861,5.952244441985792e-05,9.46942325176497e-05,0.0005285171820880947,war,WAR (complex64),0.04327254108048413,0.030619549191480543,0.015822156131740806,0.022897122061408474,0.033591071703274154,cahn_hilliard_2d_o6,CH6
370.0,0.003038446653606682,0.00019410923783641748,5.1437295736180095e-05,8.690758368817021e-05,0.0004655584260655471,war,WAR (complex64),0.07731876408379554,0.031287163402616225,0.015489266609967254,0.020918412432729988,0.035298709552319715,cahn_hilliard_2d_o6,CH6
375.0,0.0005340941178794794,0.00010092146013576165,5.135279941939078e-05,9.162224624264719e-05,0.00037686577628956506,war,WAR (complex64),0.04515527787022458,0.026449956969429964,0.015470312930001187,0.018998556469810822,0.03096637329851599,cahn_hilliard_2d_o6,CH6
380.0,0.0003344059476279195,8.245857417239579e-05,4.8919795571941933e-05,6.229391228219996e-05,8.524704346600413e-05,war,WAR (complex64),0.033094665328877754,0.028300267035739818,0.014976568119980571,0.01997360209742277,0.0290008936800307,cahn_hilliard_2d_o6,CH6
385.0,0.00023205012868485477,7.95897709441841e-05,4.660228299242359e-05,6.732204559362621e-05,0.00017517527963375844,war,WAR (complex64),0.034044283710051845,0.027115394172779958,0.015411509853305038,0.019360134450368185,0.03002045505245054,cahn_hilliard_2d_o6,CH6
390.0,0.002700836754060299,0.00022628915972904234,4.162624474431696e-05,4.58730369754147e-05,0.00027132117006036064,war,WAR (complex64),0.05443885308366467,0.029714153893695756,0.014409426918761577,0.02528722771793395,0.031442705699977605,cahn_hilliard_2d_o6,CH6
395.0,0.0025452923081168703,0.0001771540250676278,3.9444554701094415e-05,4.033371010130555e-05,0.00043056080507162175,war,WAR (complex64),0.11916329751205129,0.02950915806125356,0.013806989832364456,0.021810809271493516,0.03165311155548345,cahn_hilliard_2d_o6,CH6
400.0,0.1265251433703437,0.000158506700301829,3.934554858171523e-05,4.792935423650382e-05,0.004561102144984727,war,WAR (complex64),0.30947871978389874,0.029561724117030418,0.013100916296988004,0.02258287083826169,0.2857522818726606,cahn_hilliard_2d_o6,CH6
405.0,0.0074979472928442216,0.00015494290020013406,3.673974427887828e-05,8.837805674450765e-05,0.001159757623188024,war,WAR (complex64),0.09806288039284675,0.030505339678612374,0.0131692678617404,0.02308568002284695,0.08090589985533976,cahn_hilliard_2d_o6,CH6
410.0,0.0009719348294563849,0.00022602317024069313,0.00010344047479040465,0.0001233701275119646,0.00030208049616328394,war,WAR (complex64),0.06302254079436334,0.03387418310072134,0.017331329760521142,0.01745810702373974,0.04567076793875493,cahn_hilliard_2d_o6,CH6
415.0,0.0005842224590290596,0.0004153646555540472,9.726935741881471e-05,0.00014563726170255617,0.000539208161670865,war,WAR (complex64),0.04744831974549004,0.03738220443387469,0.013981502440829734,0.021350401796858,0.04484019483056445,cahn_hilliard_2d_o6,CH6
420.0,0.00793855287091671,0.00043040626520666336,7.024048826120078e-05,0.00012180883146433992,0.0009051571376066748,war,WAR (complex64),0.23194574592305112,0.03326708055545449,0.0186687916706079,0.03258182289135769,0.04126723136558651,cahn_hilliard_2d_o6,CH6
425.0,0.00034288752466443174,0.00015511439758266032,3.7497019117820835e-05,0.00010396358876211046,0.0003369795990401589,war,WAR (complex64),0.05536671870087622,0.030730518220437236,0.013172713647247862,0.019964468992607804,0.036130889886627354,cahn_hilliard_2d_o6,CH6
430.0,0.00031171886292474495,9.587057497837446e-05,8.737844498530128e-05,9.502800657101367e-05,0.00020053961219350746,war,WAR (complex64),0.04386091196008127,0.030553881206602386,0.013735862875306195,0.017270084902841567,0.03287553418084901,cahn_hilliard_2d_o6,CH6
435.0,0.17592653858034632,8.989141086990057e-05,7.030582878086677e-05,8.863228147150825e-05,0.00023742960626464647,war,WAR (complex64),0.4775563784368795,0.0316355625088106,0.01858237045452791,0.027676255524354546,0.039792968138708,cahn_hilliard_2d_o6,CH6
440.0,0.004857480549678936,8.796526685419787e-05,6.234880765703232e-05,8.286057818203569e-05,0.0001865766139010528,war,WAR (complex64),0.13535814888489467,0.027877711433416125,0.013304074932815593,0.027755044880032703,0.036721687876133294,cahn_hilliard_2d_o6,CH6
445.0,0.0013165074753418225,7.72517976361109e-05,5.6073352359142206e-05,7.587213909623379e-05,0.00016666093313011835,war,WAR (complex64),0.05668032948134464,0.026835366219844687,0.014105209762701541,0.026203099353274365,0.0337707393714607,cahn_hilliard_2d_o6,CH6
450.0,0.0006432729249349258,8.197819674585261e-05,5.239107477159353e-05,6.924891491836015e-05,0.00015747751715715442,war,WAR (complex64),0.045004704486277164,0.02520854189651373,0.02004668174147128,0.023288717853738133,0.03293976449892172,cahn_hilliard_2d_o6,CH6
455.0,0.00043752750947002303,0.00011840031862917101,4.509931526705303e-05,6.26318525044662e-05,0.00013047025518486542,war,WAR (complex64),0.040974542600388617,0.024866885596097402,0.022200458749847125,0.024226245911117713,0.030915167319074895,cahn_hilliard_2d_o6,CH6
460.0,0.00034328224652239786,0.00011204830067200693,4.4945299543083836e-05,6.229686238242551e-05,0.00012132996185927165,war,WAR (complex64),0.03638465436381047,0.022381439579070087,0.010652050652118354,0.021952542183486863,0.030404125718419793,cahn_hilliard_2d_o6,CH6
465.0,0.00029031495416588943,6.613827242017208e-05,3.919272150943725e-05,6.0996135896991424e-05,0.0001279633078845288,war,WAR (complex64),0.03237294148128684,0.02164838633544449,0.014529112720659314,0.020221762825060573,0.028211246109324968,cahn_hilliard_2d_o6,CH6
470.0,0.00024364941932975473,9.87235594548432e-05,3.982135440781313e-05,6.221730604824709e-05,0.00010325357576649468,war,WAR (complex64),0.02882816702113345,0.021325123807230277,0.009924896354364974,0.02063461508851407,0.027646179066511466,cahn_hilliard_2d_o6,CH6
475.0,0.013377521457549921,0.00010366468929202571,3.671980434523003e-05,6.765552944400105e-05,0.0002166367088452251,war,WAR (complex64),0.3006427833442656,0.026282928709960365,0.018828561431352222,0.020930985112086707,0.027617168199628266,cahn_hilliard_2d_o6,CH6
480.0,0.0018456330951117496,0.0001146864920114212,3.6231071202895196e-05,5.557276033356005e-05,0.0001830944802855238,war,WAR (complex64),0.08366264843358623,0.023876776417130034,0.018114126266409906,0.023336611915134742,0.025814638667730528,cahn_hilliard_2d_o6,CH6
485.0,0.00032417330751468855,8.436156917430514e-05,3.150954562806128e-05,5.209996379481624e-05,0.00016475225260884234,war,WAR (complex64),0.058313011507704605,0.022149204043771256,0.017119390526567215,0.021285117107158618,0.02510376557638713,cahn_hilliard_2d_o6,CH6
490.0,0.00017106509423931742,7.537902529199645e-05,2.7642293892828318e-05,4.7767983144868236e-05,0.00016040189013059815,war,WAR (complex64),0.044914843324185744,0.020368045769242685,0.01807215543107446,0.019455565206785052,0.025083989456296554,cahn_hilliard_2d_o6,CH6
495.0,0.0001731954495349927,7.17411935419789e-05,2.8342464507345844e-05,4.690954894049892e-05,0.00012405975418322448,war,WAR (complex64),0.037190296659961604,0.020982245286862822,0.01586312846690182,0.01867261597578913,0.022973545766494033,cahn_hilliard_2d_o6,CH6
500.0,0.00013821149137615267,7.329640292016851e-05,2.824953108583317e-05,4.70166411348926e-05,0.00011045195533702175,war,WAR (complex64),0.03147237851870956,0.018917104564024612,0.01784481403376188,0.018212260757773168,0.022794784417908408,cahn_hilliard_2d_o6,CH6
505.0,0.00010969681699400553,6.58560923895502e-05,3.2702319480484724e-05,4.7448878145924606e-05,0.00010563006575507394,war,WAR (complex64),0.027185783203913634,0.020158971217886415,0.015465773422273768,0.01716830937069386,0.0238616942836382,cahn_hilliard_2d_o6,CH6
510.0,0.00010511903567195585,8.542038646138272e-05,4.9156684651101846e-05,5.538446103367952e-05,9.791963683755102e-05,war,WAR (complex64),0.025837577582476262,0.018394590958924564,0.015600424704013554,0.015891484742318475,0.025780565889442043,cahn_hilliard_2d_o6,CH6
515.0,9.829954091632179e-05,7.1181694673672e-05,4.657719937391077e-05,6.725041441772473e-05,7.72063626634883e-05,war,WAR (complex64),0.029347542062772607,0.019010966333088165,0.01529204477200386,0.016642869282888224,0.0251440879062704,cahn_hilliard_2d_o6,CH6
520.0,0.00012199284381490875,7.275597558332074e-05,4.108023026402583e-05,4.511157750479697e-05,8.105517759714035e-05,war,WAR (complex64),0.023270708147730777,0.017495647652421797,0.015661100292706318,0.01587945951977688,0.02125224044648881,cahn_hilliard_2d_o6,CH6
525.0,9.830103921445206e-05,6.559338822215292e-05,2.9888748442171204e-05,6.554731774745164e-05,8.512498532272309e-05,war,WAR (complex64),0.02233688852107561,0.020363945704807405,0.014940539783710072,0.017372681014853765,0.02045315697513555,cahn_hilliard_2d_o6,CH6
530.0,0.00021204495851015454,7.834865771831131e-05,5.636380836406827e-05,6.087486441312895e-05,0.00016830281827360103,war,WAR (complex64),0.04009893393839623,0.01987537809828991,0.01424007307122834,0.014479252036101802,0.021533754611712315,cahn_hilliard_2d_o6,CH6
535.0,0.00010550956052915088,9.005538744233419e-05,5.1829112648147796e-05,5.849004246322573e-05,9.210547377718132e-05,war,WAR (complex64),0.026036972984567645,0.01765647175405516,0.013743413033368752,0.014709833934507529,0.018349088096957594,cahn_hilliard_2d_o6,CH6
540.0,0.00046743038619886967,7.547970871000495e-05,5.416257006657663e-05,5.6499561762123224e-05,0.00014644082590194892,war,WAR (complex64),0.0362877420141223,0.01665580066965019,0.014374192837184196,0.01573572815638217,0.018803171688719953,cahn_hilliard_2d_o6,CH6
545.0,0.00046247920051904035,7.818848170327017e-05,3.064671406717979e-05,5.0902419465731194e-05,0.0001569298797906348,war,WAR (complex64),0.02441563267260406,0.016009069532710814,0.012176596101424597,0.014716810567544062,0.020553849920182086,cahn_hilliard_2d_o6,CH6
550.0,8.69387602797645e-05,6.461381106280507e-05,5.770066459116136e-05,6.328725386883087e-05,6.664010684522718e-05,war,WAR (complex64),0.02401436995496799,0.018660808335352278,0.012711410965613318,0.015537001653603697,0.020215020730541863,cahn_hilliard_2d_o6,CH6
555.0,0.0002464594636520763,6.260104286633032e-05,4.719950630493963e-05,6.0809573156633076e-05,6.902119665575071e-05,war,WAR (complex64),0.03296119436471634,0.018524712053910965,0.012366109680124204,0.016691248072935167,0.019332316934555133,cahn_hilliard_2d_o6,CH6
560.0,7.843711786007674e-05,5.7715761638178774e-05,4.4672213847078265e-05,4.491508512011808e-05,5.7901408347084126e-05,war,WAR (complex64),0.020249989719615467,0.01811800528690626,0.011735625085918631,0.015664980268871916,0.019614507232098125,cahn_hilliard_2d_o6,CH6
565.0,7.408464727123962e-05,5.469206222959103e-05,4.3904611183618796e-05,4.5965670496881627e-05,5.841261856377962e-05,war,WAR (complex64),0.021726136216065898,0.016058087341912095,0.011652225281667785,0.014828834640349023,0.019766483265781856,cahn_hilliard_2d_o6,CH6
570.0,0.0008761596144803605,6.301385220137018e-05,4.038494149083146e-05,5.834275408834888e-05,9.433588804923611e-05,war,WAR (complex64),0.02893307689133396,0.015295777357061679,0.012751486386441406,0.014979276141878087,0.020413011941116783,cahn_hilliard_2d_o6,CH6
575.0,0.0020926827657539357,4.9620182146819494e-05,4.0116233771500144e-05,4.8354820938451703e-05,0.0009355265157371076,war,WAR (complex64),0.0648155688039607,0.014749253256886004,0.01168224832881982,0.014227298017163905,0.05115463158893014,cahn_hilliard_2d_o6,CH6
580.0,0.0031095824499463107,0.00021151786344536278,4.4487161200959424e-05,5.024828804914425e-05,0.0004911488681168086,war,WAR (complex64),0.08688716212073753,0.015796345412771914,0.013226983770935941,0.01484344950175273,0.02638249679531002,cahn_hilliard_2d_o6,CH6
585.0,0.0003239807104838769,4.930072543108515e-05,3.9970826627037184e-05,4.464715032422532e-05,0.00012851626619894943,war,WAR (complex64),0.03962952869565041,0.015796629263202105,0.013242885827419532,0.01381638540267463,0.016285213583630626,cahn_hilliard_2d_o6,CH6
590.0,0.0010669515740745566,5.2191771438591456e-05,3.795988475562415e-05,4.339315873343781e-05,5.3180294578338606e-05,war,WAR (complex64),0.10331456186649163,0.013538542767723233,0.01109888722605592,0.013517451196012194,0.030513566121844516,cahn_hilliard_2d_o6,CH6
595.0,0.000130105609613767,4.249396955927325e-05,3.6804546316953314e-05,4.248801466040149e-05,4.302068171616441e-05,war,WAR (complex64),0.030037736941181756,0.014634970118067732,0.01057075414540816,0.013039481693483646,0.02769986194832426,cahn_hilliard_2d_o6,CH6
600.0,5.208787862710417e-05,4.058496886206043e-05,3.4475808835245774e-05,3.744991227421625e-05,4.360404902939627e-05,war,WAR (complex64),0.025758926434826687,0.012858648383726058,0.01194138060293978,0.012218931869998593,0.023640671242660234,cahn_hilliard_2d_o6,CH6
605.0,4.407735287774031e-05,4.3126795318826e-05,3.2676841209354965e-05,3.2754384240510854e-05,4.319556912249556e-05,war,WAR (complex64),0.02463440170884352,0.01382302720577175,0.01043581885826847,0.01346086987929353,0.01970535600946393,cahn_hilliard_2d_o6,CH6
610.0,4.062064118312349e-05,3.679383283771877e-05,3.2013955490108204e-05,3.384201038115697e-05,3.7602352406571694e-05,war,WAR (complex64),0.02336170846334509,0.012312731301855947,0.009474540444411424,0.01205376910485045,0.019084655508305112,cahn_hilliard_2d_o6,CH6
615.0,6.656930693616228e-05,3.7497756109756413e-05,2.901606228449063e-05,3.71868197496979e-05,3.9448799875360675e-05,war,WAR (complex64),0.022735095415953144,0.013331931130969006,0.009597438076680752,0.009922482657735276,0.018986484587894842,cahn_hilliard_2d_o6,CH6
620.0,3.754125799272372e-05,3.577448970070796e-05,2.5877643679138524e-05,3.057523236969271e-05,3.61164416573234e-05,war,WAR (complex64),0.021741039704578843,0.012195008932617305,0.009587891681373929,0.011544124889980717,0.017532344266154583,cahn_hilliard_2d_o6,CH6
625.0,5.859179507074181e-05,3.627868297964815e-05,2.6341654551195398e-05,3.244037227818822e-05,4.032919696342416e-05,war,WAR (complex64),0.021623788485909613,0.015401415207590008,0.010208354784033393,0.011544982660430877,0.015676331345916686,cahn_hilliard_2d_o6,CH6
630.0,3.434216996414114e-05,3.119720661308222e-05,2.4279773069192475e-05,3.037697713855439e-05,3.2476873892867405e-05,war,WAR (complex64),0.020685708915057277,0.012628509704653226,0.009310453076195515,0.012116455995104266,0.015660197613973435,cahn_hilliard_2d_o6,CH6
635.0,5.2017802500792076e-05,3.5775219020835074e-05,2.3173711091460813e-05,3.055211348059692e-05,3.592693682056232e-05,war,WAR (complex64),0.020096401622433698,0.01269420685035587,0.008840770825782595,0.00977938675732081,0.01904909901810384,cahn_hilliard_2d_o6,CH6
640.0,4.278884788111774e-05,3.503296569735263e-05,2.086586771860522e-05,3.133563859195578e-05,3.561976899235434e-05,war,WAR (complex64),0.019243745166193066,0.013330273828079667,0.009091606495401788,0.012305063767579012,0.015484227406358061,cahn_hilliard_2d_o6,CH6
645.0,0.03169461528338575,3.106620405749268e-05,2.0224243304919945e-05,2.8452106891317478e-05,3.632087973870573e-05,war,WAR (complex64),0.07555801625589946,0.014797145666328542,0.010405892710552216,0.0117687354758263,0.019197623560651293,cahn_hilliard_2d_o6,CH6
650.0,0.0003181510814913054,2.97517868155771e-05,1.9176858121762644e-05,2.7289528131214013e-05,3.273398176390693e-05,war,WAR (complex64),0.02811444057558955,0.014948040207068887,0.011241570140260324,0.012584461801863882,0.018445688181668203,cahn_hilliard_2d_o6,CH6
655.0,5.916878807414656e-05,2.9958987664151277e-05,1.931760287262991e-05,2.880832860437865e-05,3.158365746075199e-05,war,WAR (complex64),0.0185475604400575,0.012434177541152943,0.011208694336543045,0.012066872674396878,0.013053319717596084,cahn_hilliard_2d_o6,CH6
660.0,4.0908188556563276e-05,3.086327739092979e-05,1.9028869659240053e-05,2.5682195744125728e-05,3.861310225412866e-05,war,WAR (complex64),0.01768467123152093,0.012565387125854205,0.010381159478622603,0.01253469274942626,0.014367341650798534,cahn_hilliard_2d_o6,CH6
665.0,5.997836358877621e-05,4.095108872166778e-05,1.9663115666970056e-05,2.6810019013645366e-05,4.1290420256069026e-05,war,WAR (complex64),0.01730036167828956,0.012637406221024614,0.009714365269634158,0.011718183900274888,0.013983760452193203,cahn_hilliard_2d_o6,CH6
670.0,6.433742337721995e-05,2.9172796619935054e-05,1.7352357099079232e-05,2.5970563858563214e-05,3.646267672966209e-05,war,WAR (complex64),0.017011929379957116,0.012190731175993326,0.009465582904281136,0.011289622718675417,0.015417863109101211,cahn_hilliard_2d_o6,CH6
675.0,0.0011217562053525692,3.288359531499229e-05,1.707070553753337e-05,2.28159224736189e-05,3.548260113924085e-05,war,WAR (complex64),0.016971343284580602,0.011051704532338677,0.009472752999860804,0.010740806551998447,0.011946873397070987,cahn_hilliard_2d_o6,CH6
680.0,0.0005389778615339934,3.3391449577113906e-05,1.6148544454889127e-05,2.9958654253877522e-05,8.339258387317587e-05,war,WAR (complex64),0.032839697062675685,0.016664624151265076,0.009497964126000253,0.013463262202864144,0.022899592084340312,cahn_hilliard_2d_o6,CH6
685.0,3.734862141331031e-05,3.126716777534683e-05,2.2725269744818076e-05,2.3540936587594903e-05,3.157514640284712e-05,war,WAR (complex64),0.015984162076247845,0.013078709038932207,0.009591051195925198,0.011228802044393173,0.01594555041146484,cahn_hilliard_2d_o6,CH6
690.0,3.677208571461408e-05,2.7848049424417086e-05,1.5850640578368536e-05,2.1045355974811432e-05,3.001128781007011e-05,war,WAR (complex64),0.01566371134084308,0.010741397583194043,0.008813671851946344,0.010458428569851325,0.014140250723099155,cahn_hilliard_2d_o6,CH6
695.0,4.122982133124555e-05,2.9786558263822058e-05,1.6000851629341415e-05,2.518798038652951e-05,2.993846943749844e-05,war,WAR (complex64),0.015400732958965692,0.010704106210263629,0.008510615488591375,0.010582866175433815,0.012845744543440852,cahn_hilliard_2d_o6,CH6
700.0,5.010387629523013e-05,2.5178294899659083e-05,1.511500232506891e-05,2.029705560633666e-05,2.9416890370059373e-05,war,WAR (complex64),0.015229424220312543,0.011029524995124352,0.00917605387724215,0.010465814634742582,0.011115413586288467,cahn_hilliard_2d_o6,CH6
705.0,8.535908008690178e-05,2.6231218041340978e-05,1.405834897351587e-05,2.3993660869289088e-05,2.632552642878346e-05,war,WAR (complex64),0.014870649843738816,0.010939556065474499,0.008342225549846548,0.010564380744990153,0.011215422611375998,cahn_hilliard_2d_o6,CH6
710.0,0.018481620651919745,2.6249269343651585e-05,1.55657314086972e-05,2.4467537378158134e-05,2.6351435282174643e-05,war,WAR (complex64),0.19362760722164407,0.011117789574847657,0.008547607494392083,0.009429214258942728,0.014365072448215733,cahn_hilliard_2d_o6,CH6
715.0,0.0006526864208025175,2.4475438476519398e-05,2.008679600626155e-05,2.0127413160132163e-05,2.4695827152121268e-05,war,WAR (complex64),0.036535611005407816,0.010570315753770503,0.007741879565913837,0.010438260367156378,0.015990248731293212,cahn_hilliard_2d_o6,CH6
720.0,6.578836121943953e-05,2.37326375286311e-05,1.5043544257584249e-05,2.3316057358111253e-05,2.5948740219637544e-05,war,WAR (complex64),0.02052638635308698,0.012944010214717378,0.007908558056024154,0.009459172788988524,0.014520469183347613,cahn_hilliard_2d_o6,CH6
725.0,0.000289089498898988,2.4306267040322737e-05,1.977562243848772e-05,2.2290204238947523e-05,5.2162298068847124e-05,war,WAR (complex64),0.022638859155717346,0.013907352418149145,0.007987804710859978,0.009635196667544631,0.018157319648032598,cahn_hilliard_2d_o6,CH6
730.0,0.00036598572425360147,2.5641106289975218e-05,2.278675288159454e-05,2.3831624562031615e-05,4.1096010991227826e-05,war,WAR (complex64),0.02500679437258334,0.016194956717261243,0.008672951852890859,0.00996618044565489,0.01703556342769844,cahn_hilliard_2d_o6,CH6
735.0,3.63000731996405e-05,2.292636586450185e-05,2.0253999162500113e-05,2.0884126256109573e-05,2.9761617644903347e-05,war,WAR (complex64),0.015556057722603173,0.012030593501623624,0.007940417803942735,0.009191179537022975,0.014786646978678238,cahn_hilliard_2d_o6,CH6
740.0,3.416163763110992e-05,2.2057771694134347e-05,1.284211412858746e-05,2.1619159236151335e-05,2.6420809457387557e-05,war,WAR (complex64),0.013835926183407694,0.009702231321653518,0.007444921950375586,0.009562553294508044,0.013447742595725815,cahn_hilliard_2d_o6,CH6
745.0,3.433139111093901e-05,2.35061982106983e-05,1.4542878488131908e-05,1.979654232347116e-05,2.3786924007192665e-05,war,WAR (complex64),0.01301803145587266,0.011292644120728158,0.007147735162974379,0.009696740263588507,0.012938272633650065,cahn_hilliard_2d_o6,CH6
750.0,0.00011274332383818867,2.053612437581216e-05,1.443605256969598e-05,2.001590184716923e-05,3.162662669513621e-05,war,WAR (complex64),0.026054037421218645,0.01263124218371142,0.007469519502173471,0.012087606294955302,0.01289393201846658,cahn_hilliard_2d_o6,CH6
755.0,0.0006516299826682611,2.8094361317969294e-05,2.127987009340949e-05,2.7386049266812772e-05,3.206861991964761e-05,war,WAR (complex64),0.020147786568282335,0.01312819397509611,0.008067372952976047,0.01010837868887069,0.013321229488204127,cahn_hilliard_2d_o6,CH6
760.0,0.00015124686356265585,2.0842693362269876e-05,1.33648225393538e-05,1.9528998383756588e-05,3.239685352165752e-05,war,WAR (complex64),0.015290516544223228,0.011551550998783787,0.00858822431765853,0.009007037149412082,0.011938388482891419,cahn_hilliard_2d_o6,CH6
765.0,7.666459491818956e-05,2.4505442582480433e-05,1.1158991510495026e-05,1.939251589609173e-05,2.88282639754395e-05,war,WAR (complex64),0.012032239845593973,0.010863663522136779,0.0075104805771814415,0.009841836961947138,0.011115617841356848,cahn_hilliard_2d_o6,CH6
770.0,4.2143320947507496e-05,2.7624061297121447e-05,2.03703560985037e-05,2.1136717127020702e-05,3.296957950793274e-05,war,WAR (complex64),0.012228020583072608,0.010743509472073219,0.00737294955792399,0.010532842113483406,0.010782206410957246,cahn_hilliard_2d_o6,CH6
775.0,2.7469588674646404e-05,2.404015033364608e-05,1.6837176192346254e-05,1.8897337824951646e-05,2.606981110437646e-05,war,WAR (complex64),0.011769706746761857,0.010141731224462327,0.006643843482811808,0.008998914873048214,0.010867259103346533,cahn_hilliard_2d_o6,CH6
780.0,2.6716766503280006e-05,2.5111820169548116e-05,1.1925589654664402e-05,1.6682623825504885e-05,2.6588755649433106e-05,war,WAR (complex64),0.011969448866616305,0.009980910456341096,0.007357006991338311,0.0074996351171435945,0.010575140418881832,cahn_hilliard_2d_o6,CH6
785.0,0.0002258285928020097,2.4917365630741614e-05,1.5364686989236705e-05,1.7678921716461973e-05,3.465478777859558e-05,war,WAR (complex64),0.04707207298911155,0.010366860152364349,0.007034628957035798,0.00907451601785786,0.011695887271628215,cahn_hilliard_2d_o6,CH6
790.0,2.6628626102830683e-05,2.37111413743342e-05,1.4867125965499565e-05,1.698047989319787e-05,2.4369618257257764e-05,war,WAR (complex64),0.012785585863151597,0.009957769929965277,0.007318851582041143,0.009505589365582717,0.010145845664124692,cahn_hilliard_2d_o6,CH6
795.0,6.567460330265936e-05,2.022189587830722e-05,1.572075673358355e-05,1.8793513251092696e-05,2.6163763409301577e-05,war,WAR (complex64),0.016187471869329225,0.00927348599233151,0.007530246840129563,0.008559265536021946,0.010499148380341378,cahn_hilliard_2d_o6,CH6
800.0,0.0003370123914289202,1.8105983417987913e-05,1.5969707960452644e-05,1.644220973743433e-05,2.5822600904833055e-05,war,WAR (complex64),0.037740637960309346,0.00871212606342882,0.00690547399379361,0.008703529246308187,0.009675635077481697,cahn_hilliard_2d_o6,CH6
805.0,2.4960753030545524e-05,1.741182021665705e-05,1.6311703443965523e-05,1.7303430590618855e-05,2.4482440555875767e-05,war,WAR (complex64),0.011978325337674487,0.009366439074489082,0.007226274983635518,0.007726693703087008,0.00991203889633242,cahn_hilliard_2d_o6,CH6
810.0,0.00017562547851016267,2.1950689876806812e-05,1.5135774185627046e-05,1.5388598588565107e-05,5.3856461572385525e-05,war,WAR (complex64),0.01950139152254282,0.010354910797086623,0.00676682784508085,0.008562823271656323,0.018648473101312478,cahn_hilliard_2d_o6,CH6
815.0,0.00014616168028663262,2.2462739937289235e-05,1.402832291180995e-05,1.643379049065546e-05,3.191613991039064e-05,war,WAR (complex64),0.015505806310445226,0.010007964470960654,0.0067449681683602524,0.008341994652312322,0.012323740434468716,cahn_hilliard_2d_o6,CH6
820.0,2.405692407077704e-05,2.1061372820554265e-05,1.037977505030619e-05,1.7280207393518395e-05,2.1214375508906065e-05,war,WAR (complex64),0.011744369553126025,0.009377020735200558,0.006634086347785946,0.007776506288223713,0.011021705160533805,cahn_hilliard_2d_o6,CH6
825.0,0.00015599908345153283,1.8440833836295793e-05,1.37235106274853e-05,1.3825378594890732e-05,2.1828802085937722e-05,war,WAR (complex64),0.02104482179202931,0.009368261642727421,0.006500482986396144,0.008091747670627399,0.009638139791638016,cahn_hilliard_2d_o6,CH6
830.0,0.0012917106429252074,1.7606118294835384e-05,1.453566908684288e-05,1.4645035834224046e-05,2.168326156910638e-05,war,WAR (complex64),0.04579014396722631,0.00904260234180718,0.006471998577337293,0.008040220922689679,0.00947233191047254,cahn_hilliard_2d_o6,CH6
835.0,5.244130034984278e-05,1.807639656266859e-05,1.4144618055731572e-05,1.4585409389835532e-05,2.0302955493203252e-05,war,WAR (complex64),0.019403901367073977,0.009083607389141317,0.006264832478651345,0.008164109533101644,0.009125953460591956,cahn_hilliard_2d_o6,CH6
840.0,9.388179881141826e-05,1.8591128660824127e-05,1.5330642858640694e-05,1.5578792285685177e-05,2.047902623932274e-05,war,WAR (complex64),0.01828613361634006,0.009636105088759376,0.008638697590218528,0.00931154214437444,0.015795587082768646,cahn_hilliard_2d_o6,CH6
845.0,6.10798389658509e-05,1.8648186144266093e-05,1.377556129684764e-05,1.498248117800543e-05,2.1063236022795842e-05,war,WAR (complex64),0.014869956050498226,0.009888141391488494,0.007358673509908706,0.008655438962636973,0.01321850921792891,cahn_hilliard_2d_o6,CH6
850.0,1.9477714598384863e-05,1.5538369525647497e-05,1.276121312797642e-05,1.3674689497893901e-05,1.7533744598194035e-05,war,WAR (complex64),0.013959259754206341,0.007781199356587922,0.006825295076163583,0.00717764941668136,0.008747600506812503,cahn_hilliard_2d_o6,CH6
855.0,1.9863714167753838e-05,1.4987917866546929e-05,1.2293950664273659e-05,1.3743055615277204e-05,1.7786452510937055e-05,war,WAR (complex64),0.013626734351769821,0.008146061317076814,0.006201705010514419,0.00776265753847917,0.008895769856969389,cahn_hilliard_2d_o6,CH6
860.0,1.8208510728288558e-05,1.2518923240936293e-05,1.1491802606557757e-05,1.2213126109073467e-05,1.6392553889110824e-05,war,WAR (complex64),0.013327518044381752,0.008702563519169577,0.006424681992735271,0.00830740425525474,0.009364352607131055,cahn_hilliard_2d_o6,CH6
865.0,3.539895607532245e-05,1.8402520214873214e-05,1.1828724577340465e-05,1.5422052336008576e-05,2.5297095705637106e-05,war,WAR (complex64),0.012607282191531156,0.011051911458840748,0.00769334462588921,0.008756918009499008,0.011105583796058248,cahn_hilliard_2d_o6,CH6
870.0,2.0234364300712694e-05,1.6499430871290743e-05,1.0878397651710696e-05,1.484086801354037e-05,1.7079460573987278e-05,war,WAR (complex64),0.012415995686734961,0.00881553895153428,0.008360193062096065,0.008414521131002406,0.012378992533220194,cahn_hilliard_2d_o6,CH6
875.0,1.7866355686208254e-05,1.6916349681917505e-05,1.0419398828377524e-05,1.6789868660691705e-05,1.73465597500238e-05,war,WAR (complex64),0.012193489292555634,0.007560013545354538,0.006983403928559854,0.007216954132563734,0.008276696797516529,cahn_hilliard_2d_o6,CH6
880.0,1.8548061995932608e-05,1.401869531220323e-05,1.0378079379849605e-05,1.3834727222269432e-05,1.543170140823733e-05,war,WAR (complex64),0.012161887018874998,0.008406557350885979,0.005935125088808072,0.007211238570806769,0.008998529510603684,cahn_hilliard_2d_o6,CH6
885.0,2.856966724893869e-05,1.4996895103426126e-05,1.0187670188379794e-05,1.1841739515569225e-05,1.8188981859030935e-05,war,WAR (complex64),0.01209420431672204,0.007998085164272651,0.006060727201882099,0.007723615037240122,0.008675548359864248,cahn_hilliard_2d_o6,CH6
890.0,7.241968340595472e-05,1.670054366146785e-05,1.0279735481569576e-05,1.278749872152448e-05,1.7263968333475254e-05,war,WAR (complex64),0.014041488369489982,0.009092840340990055,0.005654321359139879,0.009003257935157511,0.011817235773845896,cahn_hilliard_2d_o6,CH6
895.0,2.2770014476394114e-05,1.7050719540941852e-05,9.40509314505671e-06,1.3346585191814866e-05,1.855817206301926e-05,war,WAR (complex64),0.011555801599889792,0.009325000374388768,0.007092145026816375,0.008057181970853255,0.009713222788995897,cahn_hilliard_2d_o6,CH6
900.0,3.070997121346763e-05,1.7082205309336277e-05,9.827974091641039e-06,1.5650129885513566e-05,2.5200605776082145e-05,war,WAR (complex64),0.011265569703985298,0.009224443880256871,0.007339586497932802,0.00770559345648581,0.009578685834237979,cahn_hilliard_2d_o6,CH6
905.0,1.810667229556837e-05,1.4663401103174604e-05,9.65845834012225e-06,1.161500386071779e-05,1.6045748543610075e-05,war,WAR (complex64),0.011185815918383678,0.00865845316296463,0.006720030323279175,0.008639190673660962,0.009570988020941648,cahn_hilliard_2d_o6,CH6
910.0,1.7575756895960045e-05,1.3828353102304727e-05,9.099224821692882e-06,1.274200812489155e-05,1.4617721026473339e-05,war,WAR (complex64),0.010961198869931953,0.008279469890925303,0.006428053145584812,0.007517817375078498,0.00844593368068766,cahn_hilliard_2d_o6,CH6
915.0,2.058863394604944e-05,1.4398861570702055e-05,9.742038863834322e-06,1.098340884889036e-05,1.5306385487243863e-05,war,WAR (complex64),0.01101395582592435,0.007491839626082357,0.006952956771960249,0.007430540075392566,0.008125041351862287,cahn_hilliard_2d_o6,CH6
920.0,1.641910474543004e-05,1.1259757500034341e-05,9.895714668945721e-06,1.0118635154945393e-05,1.4154293540471007e-05,war,WAR (complex64),0.010779278279496452,0.00694722598951929,0.00613635044249111,0.006279059540272115,0.007644145597426684,cahn_hilliard_2d_o6,CH6
925.0,1.994679677391126e-05,1.3948762209757593e-05,9.024590045646254e-06,1.0287825527472785e-05,1.4924443825719057e-05,war,WAR (complex64),0.010671033672897505,0.007366441414823314,0.005756007125403666,0.006775587564282357,0.0076499473178390925,cahn_hilliard_2d_o6,CH6
930.0,1.6663791068511345e-05,1.352158339013459e-05,8.68998895504476e-06,1.1915943836412145e-05,1.4037887722966923e-05,war,WAR (complex64),0.010275415101029708,0.008519586082531694,0.0073591858671094015,0.007550347168967845,0.008618369956834966,cahn_hilliard_2d_o6,CH6
935.0,0.00022606774664120176,1.3475048919722029e-05,9.092897141013636e-06,1.0524003062640666e-05,1.4590326403098859e-05,war,WAR (complex64),0.015093093743658161,0.0075429370929645575,0.005663204148415394,0.007048655404986277,0.010189918569184773,cahn_hilliard_2d_o6,CH6
940.0,1.759681949127293e-05,1.4492085933209595e-05,8.431425073067415e-06,9.566541394552032e-06,1.4538666224132001e-05,war,WAR (complex64),0.010300423226562798,0.007305845449307529,0.00558596127955547,0.006946134074711576,0.00813915706792913,cahn_hilliard_2d_o6,CH6
945.0,1.4701695384177472e-05,1.2013611159497998e-05,8.324248305452405e-06,1.1480580079271511e-05,1.3489890629029588e-05,war,WAR (complex64),0.00997444174296633,0.007476152642794145,0.0065692036108855635,0.0069044683373114405,0.008029455159031819,cahn_hilliard_2d_o6,CH6
950.0,2.1908715343515313e-05,1.2963574217375581e-05,8.268872620178344e-06,1.1323530244514266e-05,1.491206376434482e-05,war,WAR (complex64),0.0098047000144304,0.007761812116718365,0.006774107562017984,0.006882451124605419,0.007879589032337946,cahn_hilliard_2d_o6,CH6
955.0,2.2104142834762407e-05,1.2498483780194425e-05,7.620600160388663e-06,1.155863345364912e-05,1.4178239210500399e-05,war,WAR (complex64),0.00975026591380479,0.007113180227746866,0.006418686051525009,0.0070111754172253,0.007432231403228187,cahn_hilliard_2d_o6,CH6
960.0,1.648285176533351e-05,1.1674630338544194e-05,7.836557296257728e-06,1.0906093996275934e-05,1.5300155239057854e-05,war,WAR (complex64),0.01007250919795403,0.008176502083436721,0.005592881805836208,0.005716307880821013,0.008386184738012354,cahn_hilliard_2d_o6,CH6
965.0,1.3696625488170597e-05,1.0300690962570205e-05,7.62938574157636e-06,9.156516466560194e-06,1.3664677640199047e-05,war,WAR (complex64),0.00966166005316937,0.006741477304187398,0.005678483760531736,0.005972383172382408,0.007482467348603938,cahn_hilliard_2d_o6,CH6
970.0,1.5071037595037188e-05,9.541415008779054e-06,8.158074769175032e-06,9.445985261946458e-06,1.2479086049366461e-05,war,WAR (complex64),0.009618193874678093,0.006573038724425468,0.00581967078982419,0.006409568837766761,0.007237660431345718,cahn_hilliard_2d_o6,CH6
975.0,1.483664038582234e-05,1.1491587575013898e-05,7.553065128145567e-06,9.891372224506848e-06,1.4703338207143147e-05,war,WAR (complex64),0.009470667798599418,0.006811617273116975,0.006024130701957287,0.006373354077759448,0.007534745483567169,cahn_hilliard_2d_o6,CH6
980.0,2.3694822142768327e-05,2.0078421215487196e-05,7.646122633045077e-06,1.3912665816215936e-05,2.2735548563478372e-05,war,WAR (complex64),0.009837794373797589,0.007937179609790132,0.006156198586930126,0.007434318490284283,0.009091777477347409,cahn_hilliard_2d_o6,CH6
985.0,0.0021069355968424985,1.3456925057114903e-05,8.031483405298517e-06,1.1725967047486031e-05,1.8959677060582454e-05,war,WAR (complex64),0.06529418656181449,0.007008746858167238,0.006205531948860503,0.0062799028128550415,0.009421406162294393,cahn_hilliard_2d_o6,CH6
990.0,4.1726624796138803e-05,1.353836518288714e-05,7.202080063831659e-06,1.1263498485338374e-05,1.4706085293726418e-05,war,WAR (complex64),0.018410686475590972,0.009300820245954217,0.0059202625533546094,0.006551295594035325,0.009411684238470663,cahn_hilliard_2d_o6,CH6
995.0,1.429107576166019e-05,1.2578924109967016e-05,7.388379530736773e-06,8.656123791897467e-06,1.3057795125222905e-05,war,WAR (complex64),0.009006791892256462,0.0071891046741501905,0.0055743810238945675,0.006300863108148768,0.008591976940894062,cahn_hilliard_2d_o6,CH6
1000.0,1.3198381397987494e-05,9.642250212219765e-06,7.839995366098472e-06,9.151900199183998e-06,1.0943748120030089e-05,war,WAR (complex64),0.0093053430250502,0.00726071040446095,0.006371727315822729,0.007239696899297805,0.007743735770286816,cahn_hilliard_2d_o6,CH6
1005.0,2.5592644610388588e-05,1.256348467924002e-05,7.410953827964818e-06,8.86076620450126e-06,1.2572411385518774e-05,war,WAR (complex64),0.008888040631420898,0.006876012599537986,0.00625870670437766,0.006486024036548905,0.007486157760260289,cahn_hilliard_2d_o6,CH6
1010.0,1.3866505050310825e-05,1.1586456660897763e-05,6.91439387442391e-06,9.058864990695704e-06,1.2436188582194012e-05,war,WAR (complex64),0.00884493189647385,0.006539036836414262,0.006213561342444525,0.00649335641749288,0.00670801146012603,cahn_hilliard_2d_o6,CH6
1015.0,1.3394816214205476e-05,8.654377331666679e-06,6.70028472968007e-06,8.272501300979299e-06,1.1092544797206693e-05,war,WAR (complex64),0.008463433138709476,0.006651952143932499,0.006182340870616105,0.006626932098238913,0.006857421249828242,cahn_hilliard_2d_o6,CH6
1020.0,1.4720345917752018e-05,1.147850780265037e-05,6.713839270059352e-06,9.189682905063041e-06,1.1965172214683947e-05,war,WAR (complex64),0.008575757082718422,0.006430979643918307,0.00528446027526018,0.0056196304172883614,0.006775932270519852,cahn_hilliard_2d_o6,CH6
1025.0,1.2653239189719396e-05,8.981603815822486e-06,6.6361281472599845e-06,8.025367245487147e-06,1.2424356422484805e-05,war,WAR (complex64),0.008641717117791515,0.006587894900422003,0.005385760699816604,0.005908005985139111,0.006611537879028179,cahn_hilliard_2d_o6,CH6
1030.0,1.8819408017005576e-05,1.1201927915014889e-05,6.571728972539717e-06,8.803726947272679e-06,1.1883795613808432e-05,war,WAR (complex64),0.008195130063757937,0.006683626859409045,0.006035162117029556,0.006650230443492418,0.006727570424590467,cahn_hilliard_2d_o6,CH6
1035.0,1.1732561073135205e-05,8.491003788986623e-06,6.250131495325919e-06,7.680094849827583e-06,1.108383639761882e-05,war,WAR (complex64),0.008351476541195718,0.006590477424956487,0.005213578105753249,0.006330007915772531,0.006636750172814996,cahn_hilliard_2d_o6,CH6
1040.0,1.4786476484747866e-05,1.0948404920065147e-05,7.072290964148293e-06,8.448760561995707e-06,1.2444286622603056e-05,war,WAR (complex64),0.008304175642458092,0.007665093792037521,0.00632980007244802,0.006457419745968311,0.007690319076903546,cahn_hilliard_2d_o6,CH6
1045.0,1.3817743408451773e-05,1.0958994253037967e-05,6.129865187004166e-06,8.345390999725519e-06,1.3122430600123001e-05,war,WAR (complex64),0.008411588348118662,0.007484074625832899,0.005789280167287474,0.006258372631878909,0.00792512205844218,cahn_hilliard_2d_o6,CH6
1050.0,1.6464236492391873e-05,1.1176223037221771e-05,7.293639496819713e-06,8.491465647809693e-06,1.3826196387112484e-05,war,WAR (complex64),0.0084168181478618,0.006304121474335779,0.006204435203639179,0.006275972400627855,0.006556257364986083,cahn_hilliard_2d_o6,CH6
1055.0,1.6789522766293197e-05,1.2007117989372423e-05,6.517213664020326e-06,7.94012970081735e-06,1.3096002133079386e-05,war,WAR (complex64),0.00812212273907371,0.007130366160681573,0.005835186228624409,0.0063833008376151966,0.007525789215040274,cahn_hilliard_2d_o6,CH6
1060.0,5.661003459062508e-05,8.903446932020472e-06,7.388390438658031e-06,8.04838292591166e-06,1.1883898575435288e-05,war,WAR (complex64),0.018997200637527144,0.007193436017116465,0.0055173849299306335,0.006400982080663759,0.008229654886896242,cahn_hilliard_2d_o6,CH6
1065.0,3.397806274209693e-05,1.2705899586220329e-05,5.855635595536135e-06,8.402626336303787e-06,1.4438106954980855e-05,war,WAR (complex64),0.008460125659273624,0.00658899406631436,0.005277517910783852,0.006233609248083568,0.007882633642714323,cahn_hilliard_2d_o6,CH6
1070.0,1.6420925131035085e-05,9.754742329181277e-06,5.956528702519132e-06,7.9881787434884e-06,1.2282796336479542e-05,war,WAR (complex64),0.007917621732803165,0.006379390908457973,0.005848057052335442,0.0062731269692471395,0.00668322738432958,cahn_hilliard_2d_o6,CH6
1075.0,1.633340500246672e-05,8.625062015414703e-06,6.516091391402687e-06,7.501907205865173e-06,1.3507435013171648e-05,war,WAR (complex64),0.008540697579064687,0.0065659143375087145,0.005476494028256495,0.006243828125772692,0.007778643352469229,cahn_hilliard_2d_o6,CH6
1080.0,2.2585329176107858e-05,1.020418363546944e-05,6.250070999290443e-06,8.004314882449313e-06,1.0647287913482972e-05,war,WAR (complex64),0.014219474303449275,0.007049110240571699,0.005895344228917251,0.006183211200721871,0.007997103028268723,cahn_hilliard_2d_o6,CH6
1085.0,1.3337703366447657e-05,9.483189470155647e-06,5.696952763502113e-06,7.556834851860565e-06,1.0974016858509565e-05,war,WAR (complex64),0.007748434449214572,0.006558265275720356,0.0059901856233606976,0.006128821187738112,0.00773739776792021,cahn_hilliard_2d_o6,CH6
1090.0,1.0972127929321785e-05,9.590517886209065e-06,6.850267573184894e-06,7.936979983833081e-06,9.742714720870489e-06,war,WAR (complex64),0.008311880191653584,0.006191808108429594,0.005850570088511966,0.005994068612977435,0.006194979512678542,cahn_hilliard_2d_o6,CH6
1095.0,1.252092813502427e-05,8.52221382279566e-06,5.4158162414013325e-06,6.870841282253808e-06,1.1790213522923827e-05,war,WAR (complex64),0.008861398751332085,0.005930575644131979,0.005509391121759042,0.005782879357931363,0.007651942068785713,cahn_hilliard_2d_o6,CH6
1100.0,2.5607628319674244e-05,9.260961254295088e-06,6.120728462245187e-06,8.136266563175273e-06,1.1579555254243656e-05,war,WAR (complex64),0.007841773357578323,0.006939653520694488,0.005969926148183114,0.0064419799558135945,0.006963661491688076,cahn_hilliard_2d_o6,CH6
1105.0,1.640349970955254e-05,7.903330284895164e-06,6.007129685401164e-06,7.389072202967613e-06,9.44816228800104e-06,war,WAR (complex64),0.008073822062697775,0.007212979445717251,0.005241792037096722,0.005801098122332475,0.007886474905520188,cahn_hilliard_2d_o6,CH6
1110.0,1.1557867390512441e-05,8.575188333755565e-06,5.491405545904857e-06,8.00309264606665e-06,1.094568170112079e-05,war,WAR (complex64),0.007514778794443022,0.005877406680563765,0.005694835850348079,0.005752893885261601,0.006285758384528913,cahn_hilliard_2d_o6,CH6
1115.0,1.759424528584793e-05,7.336201012259216e-06,5.579350557147372e-06,6.959136939100235e-06,9.688308576309778e-06,war,WAR (complex64),0.0072645516470639685,0.006687049474220447,0.005457290215600967,0.005705628316418179,0.0070141537382534536,cahn_hilliard_2d_o6,CH6
1120.0,1.3293681888634946e-05,9.99642559321367e-06,7.417118983706053e-06,8.994576939023032e-06,1.1340735615230696e-05,war,WAR (complex64),0.009204603901892094,0.006450250584051249,0.005543268535801105,0.005982483964575745,0.007627660677792069,cahn_hilliard_2d_o6,CH6
1125.0,1.0598114384709447e-05,8.526817645678219e-06,7.3642917185778634e-06,7.96349473311564e-06,9.407951836310162e-06,war,WAR (complex64),0.0076856192913006835,0.005751738039148801,0.005381285903605798,0.005445755984819136,0.007532368985299608,cahn_hilliard_2d_o6,CH6
1130.0,1.2300247568807017e-05,7.423267709061815e-06,5.259451170372736e-06,6.992626612858311e-06,8.369615909349002e-06,war,WAR (complex64),0.007387192358746106,0.006447469001376487,0.0053911302702381505,0.005772498169975756,0.006710218190818372,cahn_hilliard_2d_o6,CH6
1135.0,1.4587284054961264e-05,7.179267652542223e-06,6.239042245428901e-06,6.3078345549629525e-06,8.840792059541762e-06,war,WAR (complex64),0.007270398960231455,0.006257776876131033,0.00526283401765531,0.005669256225038976,0.0064498944283009375,cahn_hilliard_2d_o6,CH6
1140.0,1.550599843509048e-05,8.830458183400346e-06,5.630477290423573e-06,7.658770672020094e-06,1.1897679747143011e-05,war,WAR (complex64),0.008147728358509342,0.007128783292608606,0.005664009371131519,0.0056998940856581096,0.00793457853101401,cahn_hilliard_2d_o6,CH6
1145.0,0.00011159360282542035,8.2520493191097e-06,5.356675963521946e-06,7.057196213372149e-06,9.663057301624998e-06,war,WAR (complex64),0.01614122430861239,0.005965521519154406,0.005396982219173674,0.005705809012862653,0.007174844572570641,cahn_hilliard_2d_o6,CH6
1150.0,3.1664446734144455e-05,8.797720853726532e-06,5.372180724683918e-06,7.136060510753311e-06,1.3074896623108913e-05,war,WAR (complex64),0.007002001001235517,0.005943336733514089,0.005055083304264981,0.005617542663028277,0.005959357608424172,cahn_hilliard_2d_o6,CH6
1155.0,2.085887908920995e-05,8.068387657940087e-06,5.565483030223681e-06,7.2580734601422455e-06,1.235426464755888e-05,war,WAR (complex64),0.008010268366856357,0.005546048288096175,0.005286642001189971,0.005517756077495248,0.007257928430297642,cahn_hilliard_2d_o6,CH6
1160.0,2.7266657841397688e-05,7.2989967304435765e-06,6.114444769659615e-06,6.130552162861549e-06,1.3238915825243322e-05,war,WAR (complex64),0.006992894370285476,0.006005470304003139,0.005044996721588629,0.005701976136173675,0.006919056059408666,cahn_hilliard_2d_o6,CH6
1165.0,0.0003975791176535355,8.161207249051784e-06,6.56236579206619e-06,6.574439045975095e-06,1.5966776297984133e-05,war,WAR (complex64),0.024024665211295135,0.007291310577556331,0.005106709771289267,0.006508147523998824,0.007536693333184681,cahn_hilliard_2d_o6,CH6
1170.0,9.400986981264028e-05,7.0173101156987176e-06,5.744401513285384e-06,6.933865440784756e-06,2.4623155215823184e-05,war,WAR (complex64),0.01122906811065986,0.006607821334163711,0.005005929740667374,0.005238092064557787,0.007231846757467399,cahn_hilliard_2d_o6,CH6
1175.0,1.9692180849810676e-05,7.487712029478007e-06,5.452612529137329e-06,5.954177439720704e-06,1.4575540045691482e-05,war,WAR (complex64),0.007514092740722545,0.0067468384230780255,0.005152287635629455,0.00569403412743264,0.006802294690416055,cahn_hilliard_2d_o6,CH6
1180.0,4.2778281365826243e-05,1.5099562501674031e-05,5.975709943638057e-06,6.8763216920685445e-06,2.0302520356862864e-05,war,WAR (complex64),0.00932754125949818,0.00676360681273575,0.00497255402945769,0.006725778091969947,0.0070417389751629735,cahn_hilliard_2d_o6,CH6
1185.0,6.289009790987174e-05,8.34643136796896e-06,4.8917868321133466e-06,5.924759034883386e-06,3.205943010429767e-05,war,WAR (complex64),0.014438157157704365,0.006840757035658063,0.004941451491948812,0.0053387196072135846,0.014064486661511767,cahn_hilliard_2d_o6,CH6
1190.0,4.232111462697138e-05,8.564117298276525e-06,5.274553198166819e-06,6.1574244734636166e-06,1.1489473317222324e-05,war,WAR (complex64),0.008998531081315653,0.006610321101903671,0.004892470260402318,0.005157304820715882,0.006630057948215692,cahn_hilliard_2d_o6,CH6
1195.0,9.147109555898864e-06,7.947582840087642e-06,6.4483474345499925e-06,7.613329378501009e-06,8.210452236755728e-06,war,WAR (complex64),0.008376524479954559,0.0052399283716503256,0.004884700738468616,0.005178995827381269,0.005580333930858152,cahn_hilliard_2d_o6,CH6
1200.0,1.5978629936632566e-05,7.714180386430252e-06,5.545755803205187e-06,6.516016467242553e-06,8.297728792965227e-06,war,WAR (complex64),0.007083487899041207,0.006095479307948488,0.004793938417368602,0.005518716833131243,0.006134076641050832,cahn_hilliard_2d_o6,CH6
0.0,0.8745958209037781,0.6838240027427673,0.6618329286575317,0.6775578260421753,0.8316531181335449,real_sinh_autodiff,Real AD (float32),1.4696801900863647,1.3314138650894165,1.1299504041671753,1.2425190210342407,1.3884179592132568,cahn_hilliard_2d_o6,CH6
5.0,0.7894456726577685,0.6721933793499802,0.6311467507131852,0.6593652954257585,0.7212283425172556,real_sinh_autodiff,Real AD (float32),1.105522688411341,1.0983449602423156,1.069922548180442,1.0937225316876948,1.1012994097938749,cahn_hilliard_2d_o6,CH6
10.0,0.7013857574495125,0.636695325427077,0.6218196020535133,0.6270892114133301,0.6493786030643853,real_sinh_autodiff,Real AD (float32),1.038618167248245,1.0182600275476283,1.0091820327965741,1.017707250772413,1.0320702531173778,cahn_hilliard_2d_o6,CH6
15.0,0.6315734309098954,0.6279371763101432,0.6031960760936304,0.6121327636155245,0.6289146337143199,real_sinh_autodiff,Real AD (float32),1.0247107244872287,1.0131483797642544,1.0088171124245437,1.012538928006394,1.0186236698290787,cahn_hilliard_2d_o6,CH6
20.0,0.58169892338065,0.5729403061934406,0.5477693551161178,0.5691012814502147,0.5757177078932362,real_sinh_autodiff,Real AD (float32),1.0010070754516884,0.9933418099495599,0.9721407510127921,0.9912919644558721,0.9968461832248031,cahn_hilliard_2d_o6,CH6
25.0,0.5690475481267839,0.5212953512517349,0.506300974261693,0.5114161967503366,0.5396509407008168,real_sinh_autodiff,Real AD (float32),1.0549479476106416,0.983982849099504,0.9625335813834099,0.9756508401884609,0.9964037842728135,cahn_hilliard_2d_o6,CH6
30.0,0.5287364919987071,0.4903709642636197,0.45827695097815296,0.48274468395454967,0.5078617871441918,real_sinh_autodiff,Real AD (float32),1.0240510731011296,1.0002041176271017,0.9737467674549871,0.9792861799886117,1.0222589022263122,cahn_hilliard_2d_o6,CH6
35.0,0.47457691537815144,0.44938996409610443,0.43547520345036583,0.4452087225739109,0.467420501619491,real_sinh_autodiff,Real AD (float32),1.0329354860224886,1.0054853846577818,0.9779860639633785,0.9889666807475052,1.0090068772211276,cahn_hilliard_2d_o6,CH6
40.0,0.49345041467217154,0.4649240643704125,0.43703721057410244,0.4446247577271651,0.48160808514911196,real_sinh_autodiff,Real AD (float32),1.0334145515947897,1.031020549089307,0.981797719198252,0.9828164818238095,1.0328930699513004,cahn_hilliard_2d_o6,CH6
45.0,0.4854397607206471,0.44740094423563903,0.42749332023488207,0.43875760012723586,0.4753028827857957,real_sinh_autodiff,Real AD (float32),1.1772326774384025,1.000982534139462,0.989077595284593,0.9935990141003983,1.058307483753019,cahn_hilliard_2d_o6,CH6
50.0,0.48210096709091466,0.45576768789407324,0.40505046944872564,0.42948735557174306,0.4603391876576849,real_sinh_autodiff,Real AD (float32),1.2038105122900213,1.0508652527880509,1.0109963849303358,1.0337021706169955,1.0857786473972282,cahn_hilliard_2d_o6,CH6
55.0,0.46059009337241,0.4455759453673472,0.4122458008446631,0.4178944335820106,0.45393795683239435,real_sinh_autodiff,Real AD (float32),1.090743605959818,1.0303560583248985,0.9627372922094997,1.027913533153311,1.0547189988429917,cahn_hilliard_2d_o6,CH6
60.0,0.472266339383248,0.46116639257994807,0.3863904461465984,0.45020040807678036,0.4658821040675098,real_sinh_autodiff,Real AD (float32),1.223964224528649,1.0640087847175095,1.038043298902253,1.0567162896692388,1.0823705011931015,cahn_hilliard_2d_o6,CH6
65.0,0.4674224150839403,0.4311822831490911,0.3887576192124034,0.42281924386146874,0.4324647947857498,real_sinh_autodiff,Real AD (float32),1.1184540634381965,1.083833658905751,1.0024706309913582,1.0825434149858488,1.114870425324085,cahn_hilliard_2d_o6,CH6
70.0,0.4579970843993355,0.4342900909197344,0.37882071583681776,0.4194999122975735,0.44033700395823444,real_sinh_autodiff,Real AD (float32),1.1839313562226537,1.1086252460072188,1.0852226686971613,1.1084154814015827,1.1144402222900847,cahn_hilliard_2d_o6,CH6
75.0,0.46415099199004695,0.43058946346054044,0.37993675402798543,0.42416466036257594,0.4441724850810272,real_sinh_autodiff,Real AD (float32),1.227152298217876,1.1481337760514243,1.060238565375679,1.064621338980055,1.1612732032181985,cahn_hilliard_2d_o6,CH6
80.0,0.4605372736166613,0.4331187572289864,0.3685313741712827,0.4150237458155676,0.43369100899755064,real_sinh_autodiff,Real AD (float32),1.2074905150430417,1.0854218291407638,1.0280987930928296,1.0517971179043728,1.104873000181869,cahn_hilliard_2d_o6,CH6
85.0,0.4599018087789805,0.4331271357615186,0.33594022412937546,0.4322547147640913,0.44617964864363213,real_sinh_autodiff,Real AD (float32),1.1749849662846503,1.0576327064173763,0.9481383833361386,1.0080695385742235,1.0600557605960628,cahn_hilliard_2d_o6,CH6
90.0,0.45374827500239345,0.44844241925280204,0.35182047034723385,0.3994771486418822,0.45051647504812586,real_sinh_autodiff,Real AD (float32),1.2892597465156423,1.095710008736317,0.9182850707575997,1.072750580455494,1.1194026901104543,cahn_hilliard_2d_o6,CH6
95.0,0.43411360740952054,0.41541115268003354,0.3472471952388072,0.4060723179479719,0.4241953033521282,real_sinh_autodiff,Real AD (float32),1.22356502149082,1.086204403738452,0.9109615566423621,1.060590128172523,1.0908661961594222,cahn_hilliard_2d_o6,CH6
100.0,0.4390534277931475,0.4316269828885389,0.3172058498386319,0.3855521086250707,0.43758749695487964,real_sinh_autodiff,Real AD (float32),1.1396957536945636,1.0848640715945805,1.077981397747644,1.0796304307635527,1.1054902941551894,cahn_hilliard_2d_o6,CH6
105.0,0.43735167065954716,0.41058350565011276,0.3095282930719927,0.38548661331657313,0.4288210505417533,real_sinh_autodiff,Real AD (float32),1.1511511042071392,1.089391250674931,0.9329237158564813,1.066822254752739,1.118852796793086,cahn_hilliard_2d_o6,CH6
110.0,0.45053376780606624,0.40870653651551525,0.300805758721451,0.39781204496040456,0.41850843243810415,real_sinh_autodiff,Real AD (float32),1.153211684032714,1.0434932227919336,0.9748765397299506,1.0352560900439238,1.065110905884868,cahn_hilliard_2d_o6,CH6
115.0,0.4358770223175916,0.38296053322396045,0.30200470272138846,0.37520579371605833,0.39485613462866787,real_sinh_autodiff,Real AD (float32),1.3130096688778004,1.2138968392690923,0.8439657936308406,0.9682735117770682,1.218887965926284,cahn_hilliard_2d_o6,CH6
120.0,0.41569431351548597,0.36824367374411276,0.3051201726850733,0.3521727916947439,0.3851975273287837,real_sinh_autodiff,Real AD (float32),1.157676708340306,1.059731044955079,0.9826585538018453,1.0037316094327773,1.117764539146858,cahn_hilliard_2d_o6,CH6
125.0,0.41204185983265335,0.3351566929683948,0.2592376930712335,0.29399444264212593,0.34460089893915496,real_sinh_autodiff,Real AD (float32),1.281961919697342,1.0489223129854774,0.8895513910608819,0.9886189774841069,1.1497262020216057,cahn_hilliard_2d_o6,CH6
130.0,0.39142807020075554,0.35151382391422564,0.2579965310009545,0.29369956252050383,0.3640091286477302,real_sinh_autodiff,Real AD (float32),1.0454576736755565,0.948815108221796,0.8238793332025277,0.9344981047512227,0.9990718953187017,cahn_hilliard_2d_o6,CH6
135.0,0.35389852994181287,0.3195140559407873,0.23176027177235284,0.2339720604789718,0.3205321070703034,real_sinh_autodiff,Real AD (float32),1.054062884470171,0.9486184062177075,0.8082047608651705,0.8266760897939418,0.9786818973993149,cahn_hilliard_2d_o6,CH6
140.0,0.3087201523697163,0.2497178650783927,0.24625646392958608,0.24681250952634007,0.2814484549749724,real_sinh_autodiff,Real AD (float32),1.2277084039577184,0.9698922515075072,0.9422219416407875,0.963636048521278,0.9838144231613887,cahn_hilliard_2d_o6,CH6
145.0,0.24970411326017017,0.23771962411780426,0.22217465884279491,0.22766382555753079,0.24064552194507427,real_sinh_autodiff,Real AD (float32),0.924723549231993,0.88904171424506,0.7304828728298022,0.824925033714615,0.905643134560517,cahn_hilliard_2d_o6,CH6
150.0,0.24423106191492677,0.22332859496357121,0.20872313831970962,0.21712363041568422,0.2256184745174231,real_sinh_autodiff,Real AD (float32),0.8667585295400885,0.7793593461020529,0.6296680294518844,0.6451295705925342,0.7862851890136943,cahn_hilliard_2d_o6,CH6
155.0,0.23096896330996253,0.21447518542404126,0.20239407232066103,0.20657079760616873,0.22601495126487636,real_sinh_autodiff,Real AD (float32),0.8899443116704987,0.7835522041667393,0.7551889425964026,0.7787511678996388,0.8282342999309334,cahn_hilliard_2d_o6,CH6
160.0,0.2402767080672385,0.20901028290451745,0.19223171992813817,0.19853628664937653,0.21792040450538833,real_sinh_autodiff,Real AD (float32),0.7980657524365156,0.7413555873131717,0.6576374481992735,0.7322610860310848,0.7927429226285725,cahn_hilliard_2d_o6,CH6
165.0,0.21417897091808855,0.19409029012594237,0.18489270489672224,0.19376654079636094,0.20478700549037931,real_sinh_autodiff,Real AD (float32),0.8706816491619834,0.7143814170732093,0.673699472796109,0.7130086174386573,0.7462936387063821,cahn_hilliard_2d_o6,CH6
170.0,0.2143295637785901,0.2023994055962594,0.17919161686262655,0.19769287151652953,0.21210493660656837,real_sinh_autodiff,Real AD (float32),0.8245871551882932,0.7021498312034729,0.654250890772967,0.6931259152587976,0.7198897786065146,cahn_hilliard_2d_o6,CH6
175.0,0.21104671891490218,0.18941276937019458,0.17340523316642267,0.18709250449618312,0.20396798404246635,real_sinh_autodiff,Real AD (float32),0.7886392486696047,0.7550550440894294,0.6173148417414883,0.7491099645071694,0.7596299614592272,cahn_hilliard_2d_o6,CH6
180.0,0.2024242346062417,0.18948998093993324,0.17365245209006303,0.17471261775586794,0.19059633390153294,real_sinh_autodiff,Real AD (float32),0.7356132464443425,0.702796344141702,0.6240206819110784,0.6608895617652583,0.7272982701316842,cahn_hilliard_2d_o6,CH6
185.0,0.19501835625165706,0.18634345353908674,0.17320663018496132,0.18092167751875227,0.19434879509702835,real_sinh_autodiff,Real AD (float32),0.7537698204203644,0.7091735559288671,0.6918000770906132,0.6989703564749353,0.7383404919599063,cahn_hilliard_2d_o6,CH6
190.0,0.20186385264744994,0.17800898678494637,0.1759506857959991,0.17764276050398575,0.18044817401644023,real_sinh_autodiff,Real AD (float32),0.7442218019208628,0.7199850749262433,0.6571446817299987,0.6850489122123526,0.7331096570597928,cahn_hilliard_2d_o6,CH6
195.0,0.1964703845708644,0.18457137215105315,0.17434447770498157,0.17507025530685705,0.18542953780659044,real_sinh_autodiff,Real AD (float32),0.6951154714786474,0.6899241326704766,0.6187700743603077,0.6444332312912752,0.6943059733474038,cahn_hilliard_2d_o6,CH6
200.0,0.1786171533122653,0.17212871090251305,0.15790451989362744,0.1611187105519551,0.1782731100393369,real_sinh_autodiff,Real AD (float32),0.7346872580718411,0.6402824690780402,0.6087712659313063,0.629325659058608,0.6883048019729614,cahn_hilliard_2d_o6,CH6
205.0,0.2129911777394705,0.17237210645355908,0.14545394344371668,0.14831393506569893,0.17583261659168897,real_sinh_autodiff,Real AD (float32),0.8316079750588292,0.6015885898281248,0.5966393514131156,0.6011348283900118,0.6131758364853146,cahn_hilliard_2d_o6,CH6
210.0,0.18158643760434126,0.1620710786799709,0.1528661873179417,0.15978141575954746,0.1768529772452065,real_sinh_autodiff,Real AD (float32),0.6650657948391611,0.6384147010649959,0.5771490492174365,0.5914372010195303,0.6637423979614316,cahn_hilliard_2d_o6,CH6
215.0,0.1889147457902486,0.17548156624438374,0.14875902251609757,0.16024556895911918,0.1795976272746662,real_sinh_autodiff,Real AD (float32),0.6316410280359928,0.589329301727083,0.5133226756462094,0.5318805845024126,0.5894310313902535,cahn_hilliard_2d_o6,CH6
220.0,0.17915198602099602,0.16003166134783753,0.139039326557443,0.15691126985842832,0.17127637823482111,real_sinh_autodiff,Real AD (float32),0.6001249734907113,0.5487319682908011,0.5085987900103155,0.5373415784107206,0.5995755821423343,cahn_hilliard_2d_o6,CH6
225.0,0.1662899012463689,0.15711296344602826,0.13178448351431754,0.15667945816197765,0.15828180585755428,real_sinh_autodiff,Real AD (float32),0.64214057036834,0.5875627221500161,0.5040016893222007,0.578305472613339,0.5959343123770259,cahn_hilliard_2d_o6,CH6
230.0,0.1804281404748297,0.15573747732777918,0.13020393723921997,0.14790707781601092,0.15679294827183457,real_sinh_autodiff,Real AD (float32),0.5971236610297139,0.5716883651634288,0.4811842134727219,0.55504233636849,0.5753123186607779,cahn_hilliard_2d_o6,CH6
235.0,0.1693202560726473,0.1460409061826066,0.13877235257560133,0.14431827861051252,0.15117133202440974,real_sinh_autodiff,Real AD (float32),0.5909339240378501,0.5380812612244982,0.44255944497045197,0.5329051080975254,0.5428190584023168,cahn_hilliard_2d_o6,CH6
240.0,0.1576830443157883,0.15445540963444157,0.1412846210459642,0.1523226425209604,0.15761011378771977,real_sinh_autodiff,Real AD (float32),0.6106760733875296,0.521681416519191,0.42002087667928567,0.5099397752658429,0.5818341244831625,cahn_hilliard_2d_o6,CH6
245.0,0.16810556760213763,0.1485824581928715,0.12311575705394738,0.14167367021485427,0.15825864687705476,real_sinh_autodiff,Real AD (float32),0.5864836254737146,0.4790251288939889,0.4588871074982825,0.460038096742286,0.550293136967862,cahn_hilliard_2d_o6,CH6
250.0,0.16435260567411453,0.13903088850541137,0.11878683614281281,0.13474459521374155,0.15330473029225394,real_sinh_autodiff,Real AD (float32),0.6545868022520916,0.49217635656232267,0.39257611257333347,0.47829156699216774,0.5747271061267764,cahn_hilliard_2d_o6,CH6
255.0,0.2958345327577988,0.1621022211314291,0.1290550225907695,0.141950010228947,0.16713641146748326,real_sinh_autodiff,Real AD (float32),0.6213719864876638,0.5224706709786954,0.42671625824572734,0.4458283027566062,0.5693419231556713,cahn_hilliard_2d_o6,CH6
260.0,0.21074213587221705,0.15655830663414144,0.12197299950699224,0.1317721080013767,0.17023229846418542,real_sinh_autodiff,Real AD (float32),0.5615877104738253,0.47615165840771134,0.4259358232949424,0.4435787449881008,0.5190550753502039,cahn_hilliard_2d_o6,CH6
265.0,0.16013347085934582,0.14708679793439805,0.12175698737101313,0.14002248052908928,0.1535017688384596,real_sinh_autodiff,Real AD (float32),0.5411005103091455,0.4713455958077649,0.37202815903739983,0.4651293919146022,0.4958993014032625,cahn_hilliard_2d_o6,CH6
270.0,0.17373183167811374,0.1408332070601461,0.1068642815549224,0.14038959260061729,0.149830197532432,real_sinh_autodiff,Real AD (float32),0.5541431525731167,0.41827347519941077,0.3634140125323443,0.3698684307364605,0.4469774058732425,cahn_hilliard_2d_o6,CH6
275.0,0.16223752289081964,0.13063920542107763,0.11618388249672755,0.13006711113361474,0.1468047952590277,real_sinh_autodiff,Real AD (float32),0.5889163375244291,0.4032081531472566,0.3173394346352283,0.36347754758703127,0.5255299300217706,cahn_hilliard_2d_o6,CH6
280.0,0.1470996971004474,0.1325543430476417,0.11497133600426118,0.11958177757748137,0.14462588823129813,real_sinh_autodiff,Real AD (float32),0.545997947693339,0.3992607683943308,0.3230401692968849,0.37786024204877905,0.49846109210541983,cahn_hilliard_2d_o6,CH6
285.0,0.152751445505554,0.11782611974232683,0.1142226743620229,0.11426212901433644,0.14993283007240327,real_sinh_autodiff,Real AD (float32),0.5499613284340623,0.4291708558105094,0.3295408848043438,0.3708811979337703,0.5105067861164106,cahn_hilliard_2d_o6,CH6
290.0,0.16965134446746166,0.14654692430583674,0.11363070040983693,0.11384540788705644,0.14987021794857772,real_sinh_autodiff,Real AD (float32),0.5769582583706917,0.4239389975854293,0.34176608798282293,0.36117321099469585,0.5024207868142352,cahn_hilliard_2d_o6,CH6
295.0,0.1454679408829169,0.13772895039204844,0.10740000359175365,0.13044556369524615,0.142806764539709,real_sinh_autodiff,Real AD (float32),0.5194216966948572,0.42872625602388403,0.31992875424310874,0.3880833807737876,0.4872432861393798,cahn_hilliard_2d_o6,CH6
300.0,0.16021629091455306,0.12294976394616289,0.11443128184239788,0.11840088726379944,0.14122011867617645,real_sinh_autodiff,Real AD (float32),0.5054494663024924,0.3507620081256272,0.27838431489320203,0.324110127133792,0.48741488745924033,cahn_hilliard_2d_o6,CH6
305.0,0.1662643216818766,0.14216694488319323,0.09894985704319606,0.10218949908063407,0.14384979231561587,real_sinh_autodiff,Real AD (float32),0.5536756042968181,0.4395454082024978,0.26637078629745914,0.39072064309388754,0.48490417863101476,cahn_hilliard_2d_o6,CH6
310.0,0.14484926263659728,0.13808371260100577,0.09625529647250605,0.09934692999543664,0.14108582796284738,real_sinh_autodiff,Real AD (float32),0.46332144368057926,0.3645301323322903,0.2588697963481618,0.342713992887857,0.45827061832316424,cahn_hilliard_2d_o6,CH6
315.0,0.1667815821417073,0.1162369856153438,0.09372305617748164,0.1085676763007876,0.14498685649871484,real_sinh_autodiff,Real AD (float32),0.5271755054240931,0.38217499773490227,0.2607385594522788,0.30789795824099464,0.45421769925037037,cahn_hilliard_2d_o6,CH6
320.0,0.1593400457889659,0.10188268323796523,0.09249516542234777,0.09987420168636893,0.1511824249411228,real_sinh_autodiff,Real AD (float32),0.48283054954547217,0.3024682706676553,0.271393705749448,0.28822834185368523,0.46888222313763683,cahn_hilliard_2d_o6,CH6
325.0,0.14629668534648027,0.10393347385341813,0.09790060829890704,0.10328405872333137,0.1454760026551474,real_sinh_autodiff,Real AD (float32),0.525912648320473,0.29535206932819985,0.26470303201690143,0.2754944563703254,0.4468660501947376,cahn_hilliard_2d_o6,CH6
330.0,0.15196210253667836,0.10329946158509115,0.09281939082147266,0.0994748942578438,0.13470670016870379,real_sinh_autodiff,Real AD (float32),0.5410199583276099,0.2976447218699418,0.28507217807494556,0.29686210055978135,0.48390124039220267,cahn_hilliard_2d_o6,CH6
335.0,0.14184812128468746,0.09914478466766675,0.09820142031169365,0.09902469489638602,0.1406890048880542,real_sinh_autodiff,Real AD (float32),0.5389044215291258,0.43536406880543027,0.269387677225138,0.3075245777676697,0.44543545514084165,cahn_hilliard_2d_o6,CH6
340.0,0.14362798055016288,0.13623147767253982,0.09440055313787804,0.09730145817767855,0.14244428626268052,real_sinh_autodiff,Real AD (float32),0.5211904497831232,0.3159727840969996,0.2848758746504477,0.29612388896683306,0.4744192103326082,cahn_hilliard_2d_o6,CH6
345.0,0.14148946887072691,0.10618745333534423,0.09404873303637577,0.09708674967791778,0.1334901139958553,real_sinh_autodiff,Real AD (float32),0.5171002544037115,0.3163606346191564,0.29813857255872733,0.31177183883350007,0.47433317488174376,cahn_hilliard_2d_o6,CH6
350.0,0.13815934174335687,0.11571867185063264,0.09045653073155376,0.09708973087409066,0.13805556615786926,real_sinh_autodiff,Real AD (float32),0.48273358608013023,0.4242460018540407,0.26752511695359205,0.27271019574744415,0.454385449068249,cahn_hilliard_2d_o6,CH6
355.0,0.14183917501935123,0.09362881316700918,0.08385744160520354,0.09322996035973853,0.1374872782393259,real_sinh_autodiff,Real AD (float32),0.4724697051900621,0.329124041757452,0.2730735995524835,0.2977776930914532,0.4685087362643343,cahn_hilliard_2d_o6,CH6
360.0,0.14095038447416117,0.0961089333033535,0.07786510097381658,0.09204315671273626,0.13765506974803093,real_sinh_autodiff,Real AD (float32),0.4923496806801615,0.41066325135763243,0.2539485554285582,0.29422559894803596,0.48413185920854435,cahn_hilliard_2d_o6,CH6
365.0,0.13916544219201074,0.09860663906235363,0.08515390918739627,0.09078163506367486,0.13796663163650588,real_sinh_autodiff,Real AD (float32),0.5085654274357064,0.3605329797862919,0.2614528583959794,0.29528300918239414,0.4430772406961441,cahn_hilliard_2d_o6,CH6
370.0,0.1405168132226367,0.1224115254798435,0.08630709711880204,0.11573913069813313,0.1380535794373137,real_sinh_autodiff,Real AD (float32),0.4821221119649466,0.3122652300642318,0.2921143111830941,0.29639312830765185,0.43029218687998044,cahn_hilliard_2d_o6,CH6
375.0,0.143571065366906,0.11229709202214264,0.0836200394828374,0.10839040079197185,0.14047136977082686,real_sinh_autodiff,Real AD (float32),0.6287419939246777,0.42485076246008013,0.2543094816790451,0.3091331879965276,0.4581057016130449,cahn_hilliard_2d_o6,CH6
380.0,0.13851616869636738,0.11175650783973805,0.10006201599478531,0.10178555011973583,0.1372235801077576,real_sinh_autodiff,Real AD (float32),0.4453237890394845,0.367856813308602,0.30195637968698874,0.33186963877873343,0.4225474135262143,cahn_hilliard_2d_o6,CH6
385.0,0.1538002223025704,0.10189021264924435,0.08645475226278804,0.0920158309282558,0.14175371709033704,real_sinh_autodiff,Real AD (float32),0.46619613711893065,0.37185460345509697,0.3088142665580935,0.36015715368002826,0.4552012350340681,cahn_hilliard_2d_o6,CH6
390.0,0.14499458254780628,0.08677848939037344,0.07851001782788534,0.08245147744215856,0.13981795883544862,real_sinh_autodiff,Real AD (float32),0.48433265805560355,0.36593839891172386,0.30166128105415146,0.31639261009163816,0.4486159449296538,cahn_hilliard_2d_o6,CH6
395.0,0.13816013674574876,0.0881790990148824,0.0725544091359119,0.0822501150944312,0.13449727938885112,real_sinh_autodiff,Real AD (float32),0.4820951978566651,0.44797359752453575,0.3368263631733921,0.34225755109115363,0.4727166404270987,cahn_hilliard_2d_o6,CH6
400.0,0.13622001621665042,0.11477707983695598,0.0731320353755682,0.07378012874763845,0.13348217383961236,real_sinh_autodiff,Real AD (float32),0.45867081255093983,0.42687246351630215,0.3264613777136907,0.33696695857860703,0.4282782847334816,cahn_hilliard_2d_o6,CH6
405.0,0.1452349529101077,0.08441993281142485,0.07654842246454076,0.07656073408439087,0.13800434010836696,real_sinh_autodiff,Real AD (float32),0.5041371327068911,0.428158249709528,0.33075086538537424,0.3740859788114708,0.4757811995732535,cahn_hilliard_2d_o6,CH6
410.0,0.13741595658337405,0.08305028891196713,0.07587963461136436,0.07655575267629912,0.1356690637315087,real_sinh_autodiff,Real AD (float32),0.46002427053217193,0.4173351580516396,0.3126509916413885,0.386946034358551,0.4210499945528379,cahn_hilliard_2d_o6,CH6
415.0,0.13900651797159266,0.07472231962165116,0.06925635660582881,0.07169160659664345,0.1330995369946347,real_sinh_autodiff,Real AD (float32),0.5083536565197853,0.47831354271908794,0.3320842296561246,0.422808911219694,0.4995308481866887,cahn_hilliard_2d_o6,CH6
420.0,0.14953301495407204,0.09646632847255075,0.07079906489655877,0.0823855757454553,0.13852871025631902,real_sinh_autodiff,Real AD (float32),0.5293636992016181,0.4467970487561314,0.3526065535878009,0.4217870545752353,0.4563414894505926,cahn_hilliard_2d_o6,CH6
425.0,0.13832327130992864,0.09390226275159845,0.06912431824262681,0.07115361205187107,0.13714774237934724,real_sinh_autodiff,Real AD (float32),0.5828234476949101,0.4346600663333789,0.3500784907073505,0.39908933436878385,0.4382270657956041,cahn_hilliard_2d_o6,CH6
430.0,0.14389329216039656,0.1066367002789291,0.06611143683680383,0.06848641547013817,0.1297849881016827,real_sinh_autodiff,Real AD (float32),0.4777641306135737,0.4553121637284746,0.3600510297935145,0.4312448050891869,0.46261424110450566,cahn_hilliard_2d_o6,CH6
435.0,0.13718611106086004,0.08042990710062595,0.06501641937308578,0.07191867420624419,0.13394321234152046,real_sinh_autodiff,Real AD (float32),0.5584435268839596,0.44223678665958555,0.3880506828890275,0.42499420122097703,0.4602305265909237,cahn_hilliard_2d_o6,CH6
440.0,0.13712240179458016,0.06975239905687713,0.06412744405564164,0.06923463961368276,0.13579565192907736,real_sinh_autodiff,Real AD (float32),0.5585705919521791,0.43038905818654954,0.39939324057091324,0.40452661597354495,0.47328166920134923,cahn_hilliard_2d_o6,CH6
445.0,0.14388385383403482,0.07395682358047674,0.0677091865633791,0.06800001332849855,0.13293659360094295,real_sinh_autodiff,Real AD (float32),0.5650365160832306,0.44849024353210915,0.40837386110989354,0.4381043571641274,0.4797909359798292,cahn_hilliard_2d_o6,CH6
450.0,0.13469651759349874,0.08172486058875081,0.06588259934962466,0.07123648895420497,0.127444396257101,real_sinh_autodiff,Real AD (float32),0.562751501947671,0.46435067455040424,0.435832464564032,0.4637007894434892,0.4834350136427718,cahn_hilliard_2d_o6,CH6
455.0,0.13292883099836253,0.13042812505484083,0.0750585151597392,0.08525958864931929,0.1316385749699762,real_sinh_autodiff,Real AD (float32),0.6654187394110951,0.4488868872059744,0.43990971062690976,0.4418124104128989,0.47874221137888007,cahn_hilliard_2d_o6,CH6
460.0,0.13979689593874328,0.12326354818659173,0.06479719196511013,0.11802792527521896,0.13036263270031545,real_sinh_autodiff,Real AD (float32),0.5323858238780507,0.494180533476015,0.44067897325698474,0.46939302084262496,0.5017439610877462,cahn_hilliard_2d_o6,CH6
465.0,0.13801313612763522,0.09021321262929687,0.06738410512554151,0.08535497671522156,0.13646500444254836,real_sinh_autodiff,Real AD (float32),0.5955837664844977,0.44570322157184983,0.41551136981951714,0.4358183091183861,0.4637123163578168,cahn_hilliard_2d_o6,CH6
470.0,0.14340241444556398,0.07377312719377556,0.06370438082739814,0.07138476151379697,0.1263303502360541,real_sinh_autodiff,Real AD (float32),0.5300560468301592,0.46391538402648497,0.4029610456654084,0.4601876909967289,0.49770623977260847,cahn_hilliard_2d_o6,CH6
475.0,0.13402772133707713,0.06698268875389739,0.06493152947562343,0.06518096269555129,0.12900049088182905,real_sinh_autodiff,Real AD (float32),0.555803480012398,0.4616262874934964,0.4303966324472655,0.453707268247541,0.4886348952903014,cahn_hilliard_2d_o6,CH6
480.0,0.1318232155832678,0.06564415667629023,0.06067669997145838,0.06409182763895936,0.1282982410620735,real_sinh_autodiff,Real AD (float32),0.5342385669245034,0.43543994218124743,0.42032836909336696,0.4324579899509413,0.510315853351216,cahn_hilliard_2d_o6,CH6
485.0,0.13185520189122923,0.06756547534846238,0.060689183690816446,0.06221877112221612,0.1250340937728732,real_sinh_autodiff,Real AD (float32),0.5709945195449532,0.47575818548718735,0.42668709900590485,0.43505842919799553,0.5226131061556691,cahn_hilliard_2d_o6,CH6
490.0,0.13312393850711593,0.07072283133515612,0.05960596427280177,0.06267562338410014,0.12855302069946833,real_sinh_autodiff,Real AD (float32),0.5513307213871094,0.48910359591720476,0.44953032222255285,0.474692596868727,0.4899630538698554,cahn_hilliard_2d_o6,CH6
495.0,0.13355847767478876,0.06953090555061625,0.06386466883322349,0.06486019736873837,0.12380674068144985,real_sinh_autodiff,Real AD (float32),0.5496299130491288,0.47605963779845184,0.42726880766316705,0.4728616718579232,0.4863825174726715,cahn_hilliard_2d_o6,CH6
500.0,0.12830318011701586,0.06372306031238208,0.06194636701768488,0.06295830468609646,0.12640225484257311,real_sinh_autodiff,Real AD (float32),0.5800545159562469,0.4941405227905537,0.40922269107864284,0.4243678393322513,0.49850065820094436,cahn_hilliard_2d_o6,CH6
505.0,0.13155120917050542,0.06623519609305746,0.06550142306633229,0.0662209441919377,0.12914442337560697,real_sinh_autodiff,Real AD (float32),0.5603341342082978,0.4857240023757631,0.42853404270119977,0.44340524439311696,0.5208234190171163,cahn_hilliard_2d_o6,CH6
510.0,0.13330049170370367,0.0835260573675735,0.06275761217093588,0.06935064027362405,0.1310218197644153,real_sinh_autodiff,Real AD (float32),0.5855652485141509,0.47672917596039016,0.42493886219583227,0.4427268045117983,0.5762897639185068,cahn_hilliard_2d_o6,CH6
515.0,0.13154324615753316,0.08226366723775869,0.06117479338566286,0.06313699032761476,0.12888733618335937,real_sinh_autodiff,Real AD (float32),0.5625190177020326,0.47607422981415576,0.4127863863798707,0.4528865852652085,0.5572831076820314,cahn_hilliard_2d_o6,CH6
520.0,0.13346428663936807,0.0786938129119176,0.058247338405193555,0.0661849766666911,0.1297759208180391,real_sinh_autodiff,Real AD (float32),0.5846838861776272,0.5116593994275297,0.4093786921456259,0.4724303994627452,0.5493980794259616,cahn_hilliard_2d_o6,CH6
525.0,0.1317775913751832,0.0749701607945515,0.06013684550159746,0.06324599716110041,0.12853423835065458,real_sinh_autodiff,Real AD (float32),0.5584775184069812,0.5155679622512918,0.4096021306759854,0.44479091549617317,0.5529108062289227,cahn_hilliard_2d_o6,CH6
530.0,0.1341430672881012,0.07135544500164831,0.05978013246394548,0.06330609698528351,0.12798898019431154,real_sinh_autodiff,Real AD (float32),0.6120283206087761,0.5521460386917171,0.42551974716029345,0.4642784667540299,0.5535189596628071,cahn_hilliard_2d_o6,CH6
535.0,0.12829952537102232,0.06290735863935656,0.05784285347275927,0.05951974124443875,0.1273852050205237,real_sinh_autodiff,Real AD (float32),0.5746492709328144,0.5585244163308418,0.43356916555036934,0.4544355496127855,0.566989546039201,cahn_hilliard_2d_o6,CH6
540.0,0.13051084831174975,0.05764849501818493,0.056690279810845456,0.05735362468268255,0.12406900572337072,real_sinh_autodiff,Real AD (float32),0.5553529925568869,0.54606007956846,0.39563287168715655,0.46032825292664137,0.553686020467832,cahn_hilliard_2d_o6,CH6
545.0,0.13354738262424926,0.06634798060951771,0.05678672454586736,0.059811044363208714,0.12899768020115443,real_sinh_autodiff,Real AD (float32),0.5947432177762645,0.5321166688159628,0.4279299934242165,0.4407087617306581,0.5564762967099458,cahn_hilliard_2d_o6,CH6
550.0,0.12565227447128532,0.06084661685659111,0.056266310837034025,0.05948869922063215,0.12488404929671922,real_sinh_autodiff,Real AD (float32),0.5667539799184569,0.529844354696047,0.4346565693318311,0.47042860070817016,0.5632343881379144,cahn_hilliard_2d_o6,CH6
555.0,0.12818009881956346,0.0584415009891137,0.05519035847338704,0.056462182430075517,0.12507850726692618,real_sinh_autodiff,Real AD (float32),0.5711919846269958,0.555119333801922,0.41708975748661326,0.4921290739231325,0.5628252335732592,cahn_hilliard_2d_o6,CH6
560.0,0.12982424315203034,0.06549822300890287,0.052889195678999246,0.05776833821811278,0.12509290147793814,real_sinh_autodiff,Real AD (float32),0.6201145025796528,0.5576724864649584,0.43590879950988304,0.45347566591438715,0.5924869147982504,cahn_hilliard_2d_o6,CH6
565.0,0.12983195164904826,0.06897850816426455,0.05405366622327309,0.05775829476259316,0.12579978382600845,real_sinh_autodiff,Real AD (float32),0.6412627347295778,0.5557044935042055,0.45200327654803,0.45295610499417055,0.568870788091436,cahn_hilliard_2d_o6,CH6
570.0,0.13190899572431797,0.06416085894847533,0.05643200584139819,0.061486003320245265,0.1288155748131797,real_sinh_autodiff,Real AD (float32),0.6276679048619189,0.5601081901981004,0.43558653719714796,0.45342224862551866,0.590221378921436,cahn_hilliard_2d_o6,CH6
575.0,0.1324252799600452,0.06124092581850408,0.05413925302484346,0.05846695078914209,0.12168997796521733,real_sinh_autodiff,Real AD (float32),0.5703040249516884,0.5578400137452985,0.4065149256537779,0.4410656616492979,0.5613999910483912,cahn_hilliard_2d_o6,CH6
580.0,0.13782760017596585,0.06408526759055154,0.05386053145942067,0.05556453071978605,0.12594841847149454,real_sinh_autodiff,Real AD (float32),0.5833019009351391,0.5527419568054119,0.41831123579947177,0.4232462544918412,0.5778954909168117,cahn_hilliard_2d_o6,CH6
585.0,0.1318661639004056,0.05908641965866429,0.05612897054687566,0.058990740382667974,0.13137561473453832,real_sinh_autodiff,Real AD (float32),0.602197695846492,0.5771352560605841,0.4443832519598743,0.461192621101324,0.5906000861486809,cahn_hilliard_2d_o6,CH6
590.0,0.12875626461115952,0.056996240567880156,0.053791446993635327,0.05429831793958806,0.127407976738213,real_sinh_autodiff,Real AD (float32),0.5980801416653319,0.572596304502459,0.471160345600488,0.47165204837333013,0.5911248601278215,cahn_hilliard_2d_o6,CH6
595.0,0.12657048194361897,0.05602292100533963,0.054368010416222315,0.05476075460202819,0.12544270433729815,real_sinh_autodiff,Real AD (float32),0.6028659375414762,0.5704460432556878,0.42887366892662143,0.46002136358496004,0.6015660683167288,cahn_hilliard_2d_o6,CH6
600.0,0.1278594426016852,0.12438379677936534,0.05153324674674111,0.056549855848744696,0.12446470853319008,real_sinh_autodiff,Real AD (float32),0.6295303190392424,0.5760321284545424,0.4200915924381307,0.43954332067033314,0.6112111509615367,cahn_hilliard_2d_o6,CH6
605.0,0.1317973631622574,0.07798832208761673,0.05216227338742182,0.054960801708326124,0.12772915871621923,real_sinh_autodiff,Real AD (float32),0.7064965876069185,0.5714362461548015,0.4665171602783522,0.4730835704498691,0.6132176853527274,cahn_hilliard_2d_o6,CH6
610.0,0.12492565084902939,0.07305554095664078,0.05029173457547901,0.06566030792433002,0.12372652428332796,real_sinh_autodiff,Real AD (float32),0.7329921313594931,0.5767067892536165,0.4438106340095634,0.47651706608950195,0.5976528757276878,cahn_hilliard_2d_o6,CH6
615.0,0.12156745997936563,0.06955306141795761,0.05394863240833117,0.06346883348599887,0.11893469150863994,real_sinh_autodiff,Real AD (float32),0.6125214705989923,0.5589267891936619,0.44497963702965326,0.5030607037982656,0.5665026295680607,cahn_hilliard_2d_o6,CH6
620.0,0.1241286311847521,0.06323526390146156,0.05348620972203849,0.05777413298915368,0.12074339055636372,real_sinh_autodiff,Real AD (float32),0.5693284533321445,0.558424845165874,0.4323342552483199,0.4729911961717749,0.5634099039494253,cahn_hilliard_2d_o6,CH6
625.0,0.12712655778190032,0.05627753569414074,0.052863214692133675,0.053833788246307225,0.1232157414904545,real_sinh_autodiff,Real AD (float32),0.5877850850632051,0.5451317831695297,0.46871146692220184,0.49062674940640844,0.5595391012368328,cahn_hilliard_2d_o6,CH6
630.0,0.12500075791820917,0.05445434736461207,0.05327733252403041,0.053645514125290734,0.12002635368791414,real_sinh_autodiff,Real AD (float32),0.5806380358575239,0.5505363168623936,0.4555257111337091,0.4625326170257076,0.5580031238261988,cahn_hilliard_2d_o6,CH6
635.0,0.12394606575656657,0.05276806710327389,0.051208804257772945,0.05188429663973322,0.12090242482339177,real_sinh_autodiff,Real AD (float32),0.5755592385564895,0.5379303571245795,0.4143392355612738,0.5100836385313938,0.5622480441311498,cahn_hilliard_2d_o6,CH6
640.0,0.12667655090414812,0.054995363692829605,0.05072003350860062,0.054898732985784564,0.12267935762458616,real_sinh_autodiff,Real AD (float32),0.579052149119005,0.5530392459879068,0.4040620277059298,0.47379440795659217,0.5678305411410628,cahn_hilliard_2d_o6,CH6
645.0,0.12302323674881435,0.05036911571411045,0.04937312458016091,0.05010094896055975,0.12046255978901492,real_sinh_autodiff,Real AD (float32),0.5935229654697263,0.550054374592739,0.42934876441259595,0.4909929076807265,0.5703833258230493,cahn_hilliard_2d_o6,CH6
650.0,0.12405022056485879,0.053688940648964456,0.049722107435082805,0.052956838874446736,0.11834607312432571,real_sinh_autodiff,Real AD (float32),0.606875002283905,0.5676373485542894,0.4603456481777627,0.4988922793992535,0.5918641552513298,cahn_hilliard_2d_o6,CH6
655.0,0.12703636041529484,0.05096907174727915,0.04924614722667288,0.05054754639643413,0.12190331524854567,real_sinh_autodiff,Real AD (float32),0.6649468248657581,0.5575602064392459,0.45216918161221176,0.4828590513586018,0.585855378117923,cahn_hilliard_2d_o6,CH6
660.0,0.12636148930251576,0.05477682537786048,0.050903240051822216,0.05127773227822475,0.11911976842896653,real_sinh_autodiff,Real AD (float32),0.6092321991677938,0.5760632640642623,0.43008144307154444,0.49614469110743414,0.596130980365563,cahn_hilliard_2d_o6,CH6
665.0,0.11971751980716372,0.05639145872136194,0.05400904983152681,0.05514394224853594,0.11317004415671741,real_sinh_autodiff,Real AD (float32),0.6147369241753086,0.5635538554580414,0.45010623815154627,0.4826154255095027,0.5669141028236429,cahn_hilliard_2d_o6,CH6
670.0,0.12097717484393465,0.05537152139206004,0.048569979558143475,0.04946372762436876,0.11107951962301175,real_sinh_autodiff,Real AD (float32),0.5947269491399033,0.5782412235548886,0.48555782298459454,0.4911730818872585,0.5830980570907063,cahn_hilliard_2d_o6,CH6
675.0,0.1261179051846069,0.050544591987282124,0.04738743604572523,0.04856390521824833,0.10740552773738446,real_sinh_autodiff,Real AD (float32),0.6048878449530921,0.5707033613199847,0.46209294821008573,0.46384550669629704,0.5929095605887966,cahn_hilliard_2d_o6,CH6
680.0,0.12052089548389315,0.05590895084059226,0.04813856573083546,0.04937429481209744,0.10790241584649962,real_sinh_autodiff,Real AD (float32),0.5890064424636333,0.5638045188098337,0.44131902611269314,0.44258599429742695,0.5771389788994863,cahn_hilliard_2d_o6,CH6
685.0,0.11454103243628012,0.049711420683441976,0.04935622784765618,0.04950497390155555,0.10504185170293133,real_sinh_autodiff,Real AD (float32),0.5874873371442211,0.5714218827100624,0.4039074467498806,0.4213400027027081,0.5751384747396914,cahn_hilliard_2d_o6,CH6
690.0,0.11473922588691307,0.048880900119570005,0.046726389760291344,0.04829474441438497,0.10068505104969107,real_sinh_autodiff,Real AD (float32),0.6202018681990603,0.5726615646717995,0.3957597266668491,0.44332632030330654,0.5819265152925893,cahn_hilliard_2d_o6,CH6
695.0,0.11446953790699968,0.05419383372448083,0.047747338172152265,0.05006213809384773,0.10119700205600157,real_sinh_autodiff,Real AD (float32),0.5903608049714257,0.556317171759817,0.40280328106843655,0.40880294572328185,0.5688667308930564,cahn_hilliard_2d_o6,CH6
700.0,0.1084302763904697,0.04833405803233899,0.045976572629128604,0.04812292579553191,0.0971988832506695,real_sinh_autodiff,Real AD (float32),0.5823920268278406,0.5773492940764814,0.39095186452582137,0.41370418710174767,0.5823170067781008,cahn_hilliard_2d_o6,CH6
705.0,0.10844837498078676,0.05462232072080982,0.04703763842141497,0.047924183837739144,0.09671243862252867,real_sinh_autodiff,Real AD (float32),0.6271596553105492,0.6013004108890707,0.3724540210577635,0.4067700957704925,0.6207143016859756,cahn_hilliard_2d_o6,CH6
710.0,0.11424797376418806,0.051629289740210596,0.04518718303007772,0.04985109244196286,0.09503615574195669,real_sinh_autodiff,Real AD (float32),0.6224383422274281,0.5935558341984043,0.3740518298931447,0.41058598457270584,0.6074658378619213,cahn_hilliard_2d_o6,CH6
715.0,0.10515665128095744,0.04928629079182658,0.04666993029672895,0.04809272355884693,0.10325675642858076,real_sinh_autodiff,Real AD (float32),0.6286627712056194,0.5837237933382776,0.3345299653106361,0.4047591728459823,0.5913829900980059,cahn_hilliard_2d_o6,CH6
720.0,0.1050589572411719,0.04691051731747747,0.04419619305630388,0.04684164496547309,0.09197483078580278,real_sinh_autodiff,Real AD (float32),0.6212101745584581,0.561415963308937,0.3550135709768023,0.3995956345042469,0.5886697246591738,cahn_hilliard_2d_o6,CH6
725.0,0.10062832901884601,0.04831942189086942,0.04273208424041812,0.04728024403938221,0.09122484592501567,real_sinh_autodiff,Real AD (float32),0.6134964064984789,0.5764794270555007,0.34180395133738956,0.4160462062735554,0.605958437920105,cahn_hilliard_2d_o6,CH6
730.0,0.10739792904156868,0.04977117526348074,0.043267730798584175,0.0489517172390846,0.08260118461272986,real_sinh_autodiff,Real AD (float32),0.5951502183917264,0.5831282049620082,0.339962404120847,0.5101774913007876,0.5927660849322413,cahn_hilliard_2d_o6,CH6
735.0,0.12234890222006937,0.050608475016092426,0.04382425959881376,0.046621401469055364,0.07953203242385082,real_sinh_autodiff,Real AD (float32),0.5999732796829469,0.5949023931779459,0.331285028856413,0.4413354433611474,0.5996464490433265,cahn_hilliard_2d_o6,CH6
740.0,0.1126124321799784,0.04651284103609572,0.04411423577901256,0.04617965762704536,0.07922726621738493,real_sinh_autodiff,Real AD (float32),0.5859085644966104,0.5801858514687681,0.3117689762855281,0.3690607419827815,0.5822991328781616,cahn_hilliard_2d_o6,CH6
745.0,0.09479736672301736,0.049694114622354756,0.04291919524561495,0.04644720027751162,0.07897305392318947,real_sinh_autodiff,Real AD (float32),0.6010025545092217,0.5755551991955803,0.3084973262890049,0.3536961590192268,0.5872122281441408,cahn_hilliard_2d_o6,CH6
750.0,0.09277147023449728,0.05582188953117989,0.04154100644172155,0.04699698564621123,0.07979395002217213,real_sinh_autodiff,Real AD (float32),0.5939164922126332,0.5821994426966847,0.2995579699985296,0.34097132055887297,0.5899224908300682,cahn_hilliard_2d_o6,CH6
755.0,0.09138925513226213,0.045997699808166294,0.04323262868495368,0.044924886697783266,0.07719187687328054,real_sinh_autodiff,Real AD (float32),0.6003957820639144,0.5906246110804821,0.29398152343888,0.338404794483605,0.5996986613807151,cahn_hilliard_2d_o6,CH6
760.0,0.090139642862305,0.06297692145237666,0.04553720491927062,0.050312482874058095,0.07863127631310804,real_sinh_autodiff,Real AD (float32),0.607832337196541,0.5993586222975044,0.30689170798019416,0.3517594397299732,0.6013727083226938,cahn_hilliard_2d_o6,CH6
765.0,0.08521631754257693,0.05707670220944411,0.045003332234284425,0.04894558555008207,0.07945830514169294,real_sinh_autodiff,Real AD (float32),0.6306624986454202,0.5935666899470068,0.3234726415398696,0.33657710715933886,0.6027006202724475,cahn_hilliard_2d_o6,CH6
770.0,0.09297942478095923,0.048690025483393885,0.04216397498532052,0.042857572347903744,0.08011678917440168,real_sinh_autodiff,Real AD (float32),0.6194202536028255,0.5833777536428152,0.2929440327918142,0.33987497192712135,0.5956114732181409,cahn_hilliard_2d_o6,CH6
775.0,0.08950602620364752,0.046828029526010534,0.04288721381065061,0.043383249187837314,0.07311791494214429,real_sinh_autodiff,Real AD (float32),0.6229241909929103,0.5906103885364897,0.3089643401378944,0.3146817530737451,0.5979488849272969,cahn_hilliard_2d_o6,CH6
780.0,0.0859935185811803,0.04736579559367822,0.04309432545895688,0.04334923693747857,0.08286379202011047,real_sinh_autodiff,Real AD (float32),0.6081712738665276,0.5861497950651965,0.28913802292268526,0.3239421261174344,0.5878617459737394,cahn_hilliard_2d_o6,CH6
785.0,0.0845150138661213,0.04736990637219336,0.04117049918563871,0.04293368025837056,0.07660620459767843,real_sinh_autodiff,Real AD (float32),0.6368558968063515,0.5720585103755599,0.27444680663308557,0.3129975241774429,0.5945809614419257,cahn_hilliard_2d_o6,CH6
790.0,0.08135271644877669,0.05981439093188791,0.04211242369756424,0.0467364196738055,0.07037561332395173,real_sinh_autodiff,Real AD (float32),0.6006220620268397,0.5829470861514419,0.28203661131279734,0.3046655385239827,0.5961750017931594,cahn_hilliard_2d_o6,CH6
795.0,0.08095722371768652,0.045130536588556806,0.04084976895207399,0.044492743314950185,0.07246074130591464,real_sinh_autodiff,Real AD (float32),0.6052154299690792,0.5902844852983063,0.2617081786215748,0.31140081341561987,0.5904780273756808,cahn_hilliard_2d_o6,CH6
800.0,0.08038354819554847,0.04392139298101874,0.040828775481519274,0.04379063975904422,0.06836612935264035,real_sinh_autodiff,Real AD (float32),0.6230036551620652,0.574280011442261,0.25361443335302297,0.29546516674035717,0.5918399209898072,cahn_hilliard_2d_o6,CH6
805.0,0.07910782314224726,0.04559487492912533,0.04007878311834445,0.04268684649730493,0.06810896075513417,real_sinh_autodiff,Real AD (float32),0.6140829479965045,0.5747192249351795,0.24943312696377773,0.28925000302626847,0.5925221372323282,cahn_hilliard_2d_o6,CH6
810.0,0.0810992502743157,0.04574786297768624,0.04207290341868012,0.04522781747898404,0.06532654928485015,real_sinh_autodiff,Real AD (float32),0.6309627983135214,0.5880432403995408,0.2518604225504995,0.2928007319972982,0.5934810626957248,cahn_hilliard_2d_o6,CH6
815.0,0.08562778558432274,0.04543360826764653,0.0402835346462995,0.04204563187730589,0.06550456122838298,real_sinh_autodiff,Real AD (float32),0.6235291708251373,0.5846671155758769,0.24600076193413614,0.29886594940512773,0.5943106979663463,cahn_hilliard_2d_o6,CH6
820.0,0.08112880773828106,0.045077018488982094,0.041861812610458106,0.04390996270659806,0.06599156573039908,real_sinh_autodiff,Real AD (float32),0.6263070995585757,0.5780660401106538,0.24807126967889154,0.29886215961011,0.6036602924747663,cahn_hilliard_2d_o6,CH6
825.0,0.08090013739545629,0.045074437985454525,0.040758339024459925,0.04472424776073544,0.06415421221809232,real_sinh_autodiff,Real AD (float32),0.609238544073313,0.5849545034517023,0.24894276533671109,0.3031057158273994,0.6048081966425269,cahn_hilliard_2d_o6,CH6
830.0,0.08084275906944166,0.04354356964732854,0.03941824317896355,0.042663331334278215,0.06481171262147643,real_sinh_autodiff,Real AD (float32),0.6218567706044283,0.5941015111309328,0.24673578012882386,0.2904103657703011,0.6098228175418019,cahn_hilliard_2d_o6,CH6
835.0,0.07840336895934051,0.04443241908318785,0.04029644306790867,0.042827089957778376,0.0644865934362556,real_sinh_autodiff,Real AD (float32),0.6243170874213391,0.5769789890934831,0.24425715546242793,0.28766186044372405,0.5962756259382772,cahn_hilliard_2d_o6,CH6
840.0,0.07882754836914684,0.05433411823514349,0.03808933272947161,0.044483735320281756,0.061246946625361884,real_sinh_autodiff,Real AD (float32),0.5971198504331505,0.574737864148893,0.24096518819010637,0.30125456979025145,0.5954921567116584,cahn_hilliard_2d_o6,CH6
845.0,0.07636130976260458,0.049120837816972164,0.039338672757341174,0.04465168376611089,0.05908894517266878,real_sinh_autodiff,Real AD (float32),0.6010288006550589,0.5819156447889651,0.24157173470494236,0.2962955041759031,0.587477204386783,cahn_hilliard_2d_o6,CH6
850.0,0.07589476852484138,0.04302193784137764,0.04024107739223204,0.04252956035870923,0.05910124319203556,real_sinh_autodiff,Real AD (float32),0.6116599524719493,0.5843085783988851,0.24959298939401398,0.28013793506708023,0.6088675074411285,cahn_hilliard_2d_o6,CH6
855.0,0.0779088676309207,0.044552901814892944,0.04111043273368181,0.04159300092560259,0.05709230973238425,real_sinh_autodiff,Real AD (float32),0.6296407317441616,0.5797413854874862,0.24662728297904488,0.2948771011867012,0.5934728241458381,cahn_hilliard_2d_o6,CH6
860.0,0.0795948900389239,0.043936425058431164,0.0427839213515021,0.04344399007784093,0.05815308780224937,real_sinh_autodiff,Real AD (float32),0.6131292424031619,0.5793689664236515,0.25001138050325533,0.3064661729920418,0.6026584593673443,cahn_hilliard_2d_o6,CH6
865.0,0.07669170721082053,0.04329028070395057,0.04237162128103665,0.04319729440267313,0.056169572506561516,real_sinh_autodiff,Real AD (float32),0.624745411038241,0.5873641640437803,0.24487888213548936,0.28717983769298,0.6117862968015343,cahn_hilliard_2d_o6,CH6
870.0,0.07627281175298142,0.04411402592940007,0.03796239858480981,0.04194037973687149,0.05607847815372722,real_sinh_autodiff,Real AD (float32),0.6071163004912551,0.583426767784148,0.24266880258160764,0.2992577349179693,0.5837252879651927,cahn_hilliard_2d_o6,CH6
875.0,0.07494817541869134,0.04311047597410163,0.0394153232361985,0.04223687045879751,0.055698241897125626,real_sinh_autodiff,Real AD (float32),0.6032994289798954,0.5893670324974043,0.2510566495186054,0.29900221745424604,0.5925431831172046,cahn_hilliard_2d_o6,CH6
880.0,0.07490770285234302,0.041447328403643735,0.038145360160535956,0.04053921278966567,0.05655525746055128,real_sinh_autodiff,Real AD (float32),0.6058282666025145,0.5582598250838202,0.24953389480734037,0.28556748976881086,0.588118408871223,cahn_hilliard_2d_o6,CH6
885.0,0.07529380887161306,0.04154910640707764,0.03758399301854583,0.039626048685294984,0.05664596872091166,real_sinh_autodiff,Real AD (float32),0.617540412404858,0.5783780147064913,0.24751224422866,0.27391563036613337,0.595442570343805,cahn_hilliard_2d_o6,CH6
890.0,0.07302503842935755,0.041255314505732193,0.0374494689770509,0.0395900865648798,0.05678769952229384,real_sinh_autodiff,Real AD (float32),0.6060952064986731,0.5838331081936864,0.253879533922855,0.28501588832740676,0.5944395488647456,cahn_hilliard_2d_o6,CH6
895.0,0.07338055435353878,0.04184686920871109,0.036596232887250044,0.04177856693431299,0.054974084728389924,real_sinh_autodiff,Real AD (float32),0.5966693234529002,0.5803219632283954,0.2648794950758488,0.2868057609430306,0.5864951137600757,cahn_hilliard_2d_o6,CH6
900.0,0.07397211926760164,0.04375216092921259,0.03813566565870499,0.041742001697794295,0.05557907323035665,real_sinh_autodiff,Real AD (float32),0.6036308670590719,0.577582431626067,0.2720963063914104,0.2853453054126823,0.5920142791259929,cahn_hilliard_2d_o6,CH6
905.0,0.07317291710884453,0.04374590541920703,0.038736458039539984,0.04012925435343352,0.0543487437458563,real_sinh_autodiff,Real AD (float32),0.5975638383193791,0.5688926726110988,0.26866291792513947,0.2911107082430553,0.5806057753029525,cahn_hilliard_2d_o6,CH6
910.0,0.07314376128326763,0.04572766976573365,0.036232674574238545,0.04165917373615398,0.0542683136093028,real_sinh_autodiff,Real AD (float32),0.6043103481476874,0.5765891472480346,0.27580935774118237,0.28788633596246893,0.6033392179811111,cahn_hilliard_2d_o6,CH6
915.0,0.0717512970886745,0.043880938730023855,0.04102266639722003,0.04150589444967809,0.05546869682269098,real_sinh_autodiff,Real AD (float32),0.5989284860346517,0.5801903573520182,0.26652557660875487,0.27886129752739225,0.5953508087416903,cahn_hilliard_2d_o6,CH6
920.0,0.07030415996293413,0.04253300376322086,0.036958785440381295,0.03917286683455491,0.05214832701359481,real_sinh_autodiff,Real AD (float32),0.6152558663716674,0.5742470733751976,0.27476100837501605,0.2901532083871106,0.5984419075524136,cahn_hilliard_2d_o6,CH6
925.0,0.07091539088552372,0.042173403052391964,0.03660806615244092,0.04094308436009195,0.05295891323908185,real_sinh_autodiff,Real AD (float32),0.5934598471200652,0.5712006948756557,0.26194699059808846,0.28716760878370584,0.5898342279127334,cahn_hilliard_2d_o6,CH6
930.0,0.07016399772211705,0.0414804088873241,0.03874709677323526,0.03992865753534742,0.05612989385932708,real_sinh_autodiff,Real AD (float32),0.6196395021553307,0.5691938549248271,0.27949930357114555,0.2868628623284476,0.6012363359134588,cahn_hilliard_2d_o6,CH6
935.0,0.07203565784371178,0.04289232180569867,0.039026918465547324,0.04164543202718311,0.051630845499744824,real_sinh_autodiff,Real AD (float32),0.5959234010349779,0.5684612426367197,0.2791406181946664,0.28644948896871036,0.5904284001713287,cahn_hilliard_2d_o6,CH6
940.0,0.07360860160808855,0.04463691993164182,0.03787647097815937,0.04138448959495534,0.05130906921459614,real_sinh_autodiff,Real AD (float32),0.600339695048302,0.578512730108366,0.2787485065237529,0.2822577449245721,0.5838516684012871,cahn_hilliard_2d_o6,CH6
945.0,0.07180719605641124,0.04210846234013758,0.0371030456337283,0.039742853027580675,0.052595146723521655,real_sinh_autodiff,Real AD (float32),0.5966025935581635,0.569560022925606,0.2819319610951689,0.2881760580470025,0.584167903300109,cahn_hilliard_2d_o6,CH6
950.0,0.06950094519999793,0.04198232358646242,0.038352550366460146,0.0404018441993003,0.05099856393584575,real_sinh_autodiff,Real AD (float32),0.6212795443899066,0.5762543318055092,0.2721022621765308,0.2860047860429506,0.6022364834624878,cahn_hilliard_2d_o6,CH6
955.0,0.07192818569867239,0.04163296902239539,0.03537069713840426,0.04060537524813639,0.05469987235896135,real_sinh_autodiff,Real AD (float32),0.6110440315017318,0.5732022796508425,0.2746075457944556,0.2768505753702704,0.5879672532075578,cahn_hilliard_2d_o6,CH6
960.0,0.07092930475884639,0.042137546240782454,0.03651768262112071,0.041935105866977046,0.055452276179676,real_sinh_autodiff,Real AD (float32),0.586613741661841,0.5636250994385794,0.27340843823634087,0.28549648876539147,0.5836433681116769,cahn_hilliard_2d_o6,CH6
965.0,0.06807464591573002,0.042112074534772816,0.035825167677701136,0.039098135280359214,0.05420410445489592,real_sinh_autodiff,Real AD (float32),0.6024308317650164,0.5767438942535285,0.2856736210231465,0.2861000393556596,0.5977019023336272,cahn_hilliard_2d_o6,CH6
970.0,0.0737266590222757,0.04148920202390654,0.03614984874840669,0.038258398781716434,0.0517243359034388,real_sinh_autodiff,Real AD (float32),0.6053047294984595,0.5749386242811525,0.2863608461647741,0.2871627862383665,0.5908923465956741,cahn_hilliard_2d_o6,CH6
975.0,0.06970239450990748,0.04085804217633295,0.03615462878040281,0.03718076266450659,0.04932673317397508,real_sinh_autodiff,Real AD (float32),0.5997462496003154,0.5745455915863683,0.2743177289286099,0.29481411292566084,0.5946150521651544,cahn_hilliard_2d_o6,CH6
980.0,0.0685916922266479,0.04153368496486333,0.037184834640351855,0.03887603602854293,0.05061761568155081,real_sinh_autodiff,Real AD (float32),0.5972906006938294,0.5779573933731849,0.2839710392532647,0.2916544798297153,0.5929119244339013,cahn_hilliard_2d_o6,CH6
985.0,0.0693737156781176,0.04095323299572148,0.03460692897141597,0.039664144207234624,0.05065458850582661,real_sinh_autodiff,Real AD (float32),0.5992614100903769,0.572350232559475,0.27596534082574775,0.2902205820203016,0.5918940422327555,cahn_hilliard_2d_o6,CH6
990.0,0.0741551928162086,0.040529415146546774,0.037660404337785225,0.03919847890860849,0.05101170374061387,real_sinh_autodiff,Real AD (float32),0.5984722001619979,0.5778132404204708,0.2787421355874491,0.2870333211629685,0.5912996063644668,cahn_hilliard_2d_o6,CH6
995.0,0.06695657137685225,0.04135296146400001,0.038046426387014644,0.04070217457957948,0.04976324717837708,real_sinh_autodiff,Real AD (float32),0.6118752365311667,0.5834211192353964,0.2821598200819025,0.29347247281662464,0.608851810542315,cahn_hilliard_2d_o6,CH6
1000.0,0.06676495721981833,0.039746892072845354,0.03820571984370689,0.038868206625942384,0.04836390921128164,real_sinh_autodiff,Real AD (float32),0.6051230943739051,0.5712831688072412,0.2746707205755459,0.2888945866510172,0.5946919798332102,cahn_hilliard_2d_o6,CH6
1005.0,0.06825438238472505,0.04368727475875848,0.03512728010166488,0.039454393601686226,0.05055734822734706,real_sinh_autodiff,Real AD (float32),0.5895063726900497,0.572486687439389,0.27651978646456093,0.2987609299387814,0.5889113863191218,cahn_hilliard_2d_o6,CH6
1010.0,0.06542762469391533,0.04255002581475191,0.03501170919051085,0.03935799667942337,0.04980209063518981,real_sinh_autodiff,Real AD (float32),0.6025782875119513,0.5755716641751445,0.2743973749876543,0.2981824030162312,0.592059452436773,cahn_hilliard_2d_o6,CH6
1015.0,0.06750237203443264,0.04211690843525386,0.03545228672272401,0.04003392506592987,0.047991683874558266,real_sinh_autodiff,Real AD (float32),0.6051182820573358,0.5722707263260652,0.2833423468609228,0.30004740627463644,0.5979037017569859,cahn_hilliard_2d_o6,CH6
1020.0,0.06659199231978961,0.04130712030344476,0.03478838589254285,0.03975211749685634,0.04947087625372922,real_sinh_autodiff,Real AD (float32),0.6025549624396692,0.5777508216305721,0.2779469674310704,0.30151597630532434,0.5944692476570433,cahn_hilliard_2d_o6,CH6
1025.0,0.06504502894539733,0.0399396291756248,0.034094862362358445,0.037276032340301586,0.04790270260038908,real_sinh_autodiff,Real AD (float32),0.6010012718701988,0.5746269885240759,0.28255148432833294,0.2987300729462608,0.5837850490187574,cahn_hilliard_2d_o6,CH6
1030.0,0.06587170578333096,0.040684045646148914,0.03604801933384131,0.039320320170415375,0.04596852839877382,real_sinh_autodiff,Real AD (float32),0.5940202508883194,0.5701456610478705,0.27406606885263146,0.3050009006250335,0.5814185798862128,cahn_hilliard_2d_o6,CH6
1035.0,0.06538891939102948,0.04108991544977508,0.036644658865439605,0.0377970915483274,0.04852287703783799,real_sinh_autodiff,Real AD (float32),0.5952223693872364,0.568125893703658,0.27346542971363985,0.30092517940083185,0.5931093421417799,cahn_hilliard_2d_o6,CH6
1040.0,0.06803740295999547,0.040857694563173716,0.03673062157708479,0.038022075799910494,0.04817574670998741,real_sinh_autodiff,Real AD (float32),0.607084954854564,0.5843830546748767,0.27559275339106976,0.30635498535327615,0.5878900037161184,cahn_hilliard_2d_o6,CH6
1045.0,0.06869225609836874,0.040959744181215826,0.035522741278749194,0.04007783890220544,0.04828870920298863,real_sinh_autodiff,Real AD (float32),0.5968755096729169,0.575636801235508,0.2887024814031338,0.31040148376826016,0.5835291297831648,cahn_hilliard_2d_o6,CH6
1050.0,0.0689472693815416,0.04032989565549942,0.03499078370890601,0.03794687311033699,0.049151473288150144,real_sinh_autodiff,Real AD (float32),0.5943012694437287,0.5685973345680144,0.282414161005728,0.3094201296888911,0.5818908586244244,cahn_hilliard_2d_o6,CH6
1055.0,0.0653287217094978,0.03967232308163152,0.03491439049562805,0.037685803309073264,0.049597516540382344,real_sinh_autodiff,Real AD (float32),0.6032746220541136,0.5719313616505047,0.28285035765929994,0.3169746469712679,0.5850637294212104,cahn_hilliard_2d_o6,CH6
1060.0,0.06443526029832526,0.04190950058884854,0.035379944920606234,0.038020115065155694,0.046289898870711325,real_sinh_autodiff,Real AD (float32),0.5885066342903424,0.5715805893043212,0.28064639084046683,0.31277446913429297,0.5847455185363707,cahn_hilliard_2d_o6,CH6
1065.0,0.06359787879325153,0.03910498155206263,0.034818678091432666,0.03838339946561329,0.048189788156724526,real_sinh_autodiff,Real AD (float32),0.5978079006588598,0.5803527913031961,0.2788284893778102,0.32701031666462843,0.5813110444126608,cahn_hilliard_2d_o6,CH6
1070.0,0.06659113602546976,0.042742716396185994,0.03867290831808676,0.03920951408597645,0.04767654263893677,real_sinh_autodiff,Real AD (float32),0.6010413492882533,0.5690141297273067,0.28293777112460894,0.31587312379098753,0.5795162296020555,cahn_hilliard_2d_o6,CH6
1075.0,0.06392487781342211,0.041269404699130194,0.035782927707775906,0.03730584592299641,0.04655819182193172,real_sinh_autodiff,Real AD (float32),0.5952834849711512,0.5681641035099136,0.28359146513322686,0.3189878167323506,0.5787355020944451,cahn_hilliard_2d_o6,CH6
1080.0,0.06499822228940887,0.0393382719442836,0.03569535286937554,0.03827007200750232,0.048995241325761045,real_sinh_autodiff,Real AD (float32),0.6021736537281664,0.5674437142139315,0.2831710448356548,0.33378591293368076,0.5816476495901527,cahn_hilliard_2d_o6,CH6
1085.0,0.06304928081215672,0.03831199229105383,0.03506505550566431,0.037967089255230096,0.047254718120037766,real_sinh_autodiff,Real AD (float32),0.5974485016133839,0.5717720691432527,0.298894765143916,0.3340961863175323,0.5844467999764845,cahn_hilliard_2d_o6,CH6
1090.0,0.06283073255460596,0.04157275772059752,0.03437645873454549,0.03848828918891085,0.04655330970593276,real_sinh_autodiff,Real AD (float32),0.5952102844600669,0.5741018542938445,0.28651836090122995,0.33398511828343747,0.5904497606452681,cahn_hilliard_2d_o6,CH6
1095.0,0.06271982983312904,0.03917019030432095,0.03457522519253272,0.03797317228161264,0.04704952171610369,real_sinh_autodiff,Real AD (float32),0.5877700147243524,0.57795698662441,0.2791618915211573,0.3501738360881882,0.5797635691114521,cahn_hilliard_2d_o6,CH6
1100.0,0.06190064194349671,0.038799425222856454,0.03529886412955148,0.03849413639786448,0.047418729375713155,real_sinh_autodiff,Real AD (float32),0.5870205723719132,0.5749819239237363,0.27863543802823154,0.33644310066604816,0.5845405763039492,cahn_hilliard_2d_o6,CH6
1105.0,0.06361037768202105,0.03954355231665936,0.03307316004307744,0.03814397417014925,0.045968399882392694,real_sinh_autodiff,Real AD (float32),0.602868481039235,0.5674717359466293,0.2833965478955899,0.32594909836886776,0.5910916686235684,cahn_hilliard_2d_o6,CH6
1110.0,0.06414241143419175,0.03939203912508149,0.03322937175403633,0.0372160289439255,0.04441043872182398,real_sinh_autodiff,Real AD (float32),0.5992013775226542,0.5685800638916361,0.28470774327953496,0.3288791240890356,0.5877943042274637,cahn_hilliard_2d_o6,CH6
1115.0,0.06366921057475994,0.0404071204306995,0.034210566722119265,0.039704561522751855,0.04471025704589685,real_sinh_autodiff,Real AD (float32),0.5972588291888106,0.5739014836179651,0.2849932935638427,0.33492051954488034,0.586897697792795,cahn_hilliard_2d_o6,CH6
1120.0,0.06374996926579377,0.0394436756745041,0.03513883638315398,0.03937368179903804,0.04670622250287601,real_sinh_autodiff,Real AD (float32),0.5854930326878675,0.572184644089853,0.29013497137935357,0.3469561633007832,0.5826832767115175,cahn_hilliard_2d_o6,CH6
1125.0,0.06291091016535041,0.03939799587146621,0.03427867988741022,0.03717370617133141,0.045235756426587295,real_sinh_autodiff,Real AD (float32),0.5943628306288551,0.5739494966108899,0.2946944140087182,0.3334176477849549,0.5849935767013154,cahn_hilliard_2d_o6,CH6
1130.0,0.0645314589437931,0.03890952606266042,0.03366043986374963,0.038092075631410025,0.04685362059985826,real_sinh_autodiff,Real AD (float32),0.5887876295489138,0.5790916673406518,0.29192041916781675,0.3277563500971475,0.5853159111373861,cahn_hilliard_2d_o6,CH6
1135.0,0.06006826567172399,0.038091663583093315,0.034725810790741676,0.03674546122289953,0.043986830497844395,real_sinh_autodiff,Real AD (float32),0.6012133371842231,0.5695612062814389,0.2900634669096624,0.33791610395777477,0.5870325729670998,cahn_hilliard_2d_o6,CH6
1140.0,0.06222960617342281,0.03970535046888534,0.03453839491810034,0.036251728338901515,0.04580756998958591,real_sinh_autodiff,Real AD (float32),0.5837744577456704,0.5732644007288724,0.28713649908973554,0.33480067024338817,0.5761535891341869,cahn_hilliard_2d_o6,CH6
1145.0,0.06032670282421582,0.039493911682394064,0.03358832919379196,0.03708259105378392,0.04669879167442793,real_sinh_autodiff,Real AD (float32),0.5956960563297216,0.5676846851848797,0.29359097052605826,0.34994625048932704,0.5940032030289024,cahn_hilliard_2d_o6,CH6
1150.0,0.06201254755777856,0.03934665114742284,0.03342829767341068,0.03805402194450692,0.04475269440447476,real_sinh_autodiff,Real AD (float32),0.5792076098603504,0.5569025182667116,0.2873754346571168,0.3492827100697161,0.5790226223273245,cahn_hilliard_2d_o6,CH6
1155.0,0.061940289954047975,0.03815849350065263,0.03466020089146737,0.03692473887340096,0.043508034534729054,real_sinh_autodiff,Real AD (float32),0.5959587865133215,0.5674561882734348,0.28416011537526653,0.34101120155346937,0.5853628771711694,cahn_hilliard_2d_o6,CH6
1160.0,0.06312706857587336,0.03750146731263351,0.03265988589687298,0.03552361904310936,0.04535038888784615,real_sinh_autodiff,Real AD (float32),0.588076740204892,0.5692911938720809,0.28745385910008536,0.341642896521907,0.5862234914289033,cahn_hilliard_2d_o6,CH6
1165.0,0.06092784754006712,0.03951063966323111,0.033463516415102826,0.036347045017788876,0.04406030100751924,real_sinh_autodiff,Real AD (float32),0.5826342411088121,0.5722859489444756,0.2968233107174422,0.3543376378659528,0.5812449299217141,cahn_hilliard_2d_o6,CH6
1170.0,0.060809312842268495,0.03818747400627653,0.03519579820985206,0.0374588032133957,0.04450797115844386,real_sinh_autodiff,Real AD (float32),0.589006387269752,0.5756140163464649,0.2962331093761851,0.35912231152022367,0.5868971261529768,cahn_hilliard_2d_o6,CH6
1175.0,0.061092116393631525,0.03988351630925961,0.03366970754538746,0.036734173211401475,0.04367728683128785,real_sinh_autodiff,Real AD (float32),0.5912436154497716,0.5660010385060541,0.29223124227396596,0.3568729799810425,0.5898834876754302,cahn_hilliard_2d_o6,CH6
1180.0,0.05962011037299081,0.038349491932116064,0.034072540348746176,0.035696306822870644,0.0454408930042563,real_sinh_autodiff,Real AD (float32),0.5853722488011847,0.5677900116712528,0.2952445912645226,0.3502461560606515,0.5837016552783878,cahn_hilliard_2d_o6,CH6
1185.0,0.058810800492674266,0.03835250611705352,0.03454344090860673,0.03624558848423958,0.04457314007237253,real_sinh_autodiff,Real AD (float32),0.6002871316175216,0.5709934074707117,0.29351214192909464,0.35338656198642654,0.5908513072999716,cahn_hilliard_2d_o6,CH6
1190.0,0.06016846891285082,0.038141181612773745,0.03331310331750454,0.03680889044359152,0.04363882023894161,real_sinh_autodiff,Real AD (float32),0.5832685923129199,0.571297128728281,0.289195695659512,0.3615768474842762,0.5744451349414772,cahn_hilliard_2d_o6,CH6
1195.0,0.06280719659988347,0.038480154337660916,0.03341314291636633,0.0371139604497318,0.0444792027049764,real_sinh_autodiff,Real AD (float32),0.6047063278817827,0.5634071080886426,0.3023629011966276,0.35948090259303744,0.5894057827975826,cahn_hilliard_2d_o6,CH6
1200.0,0.060284329116107,0.03787600064060696,0.0339584854149922,0.0362554584611169,0.04475692278397791,real_sinh_autodiff,Real AD (float32),0.5900265689489389,0.5664895188921296,0.2958512635006092,0.36114482965890105,0.5775639591617083,cahn_hilliard_2d_o6,CH6
