task_id,variant,time_s,median_l2,q25_l2,q75_l2,median_best_l2,q25_best_l2,q75_best_l2,n_seeds
poly_d2_o4,complex_sinh,0.000000,9.8014568573e-01,9.7185815484e-01,9.9163730105e-01,9.8014568573e-01,9.7185815484e-01,9.9163730105e-01,5
poly_d2_o4,complex_sinh,6.704983,9.6856996861e-01,9.5632923186e-01,9.8474119326e-01,9.6856996861e-01,9.5632923186e-01,9.8474119326e-01,5
poly_d2_o4,complex_sinh,13.409966,8.7418416571e-01,8.4656890058e-01,9.5525356197e-01,8.7418416571e-01,8.4656890058e-01,9.5525356197e-01,5
poly_d2_o4,complex_sinh,20.114950,6.1437076956e-01,4.7171694537e-01,8.4590496092e-01,6.1437076956e-01,4.7171694537e-01,8.4590496092e-01,5
poly_d2_o4,complex_sinh,26.819933,3.1949911649e-01,2.3304828210e-01,6.3834699273e-01,3.1949911649e-01,2.3304828210e-01,6.3834699273e-01,5
poly_d2_o4,complex_sinh,33.524916,2.1506822178e-01,1.5928326853e-01,4.2200786578e-01,1.8800194210e-01,1.5928326853e-01,4.2200786578e-01,5
poly_d2_o4,complex_sinh,40.229899,1.3165577297e-01,1.2172538530e-01,2.6680006801e-01,1.3165577297e-01,1.2172538530e-01,2.6680006801e-01,5
poly_d2_o4,complex_sinh,46.934883,9.2957725691e-02,9.1798572819e-02,2.5765526253e-01,9.1798572819e-02,8.9647306921e-02,2.1272353666e-01,5
poly_d2_o4,complex_sinh,53.639866,1.1522467308e-01,1.0004012820e-01,1.7632762073e-01,8.9647306921e-02,8.4176761714e-02,1.7632762073e-01,5
poly_d2_o4,complex_sinh,60.344849,1.2634942723e-01,7.2047611241e-02,1.5138656612e-01,8.9647306921e-02,7.2047611241e-02,1.5138656612e-01,5
poly_d2_o4,complex_sinh,67.049832,1.0751331081e-01,6.1717264913e-02,1.4567104868e-01,8.9647306921e-02,6.1717264913e-02,1.4124636301e-01,5
poly_d2_o4,complex_sinh,73.754816,9.8310976122e-02,5.7800217506e-02,1.1446023334e-01,8.9647306921e-02,5.7800217506e-02,1.1446023334e-01,5
poly_d2_o4,complex_sinh,80.459799,9.7770745431e-02,5.6589652661e-02,1.0362808096e-01,8.9647306921e-02,5.6589652661e-02,1.0028479125e-01,5
poly_d2_o4,complex_sinh,87.164782,8.6908920287e-02,8.2664703666e-02,9.6239545294e-02,8.2414302509e-02,5.6457206160e-02,8.9647306921e-02,5
poly_d2_o4,complex_sinh,93.869765,7.7269929195e-02,6.6058907227e-02,1.1276975113e-01,6.6058907227e-02,5.6065317256e-02,8.9647306921e-02,5
poly_d2_o4,complex_sinh,100.574749,5.7032310433e-02,5.5658954188e-02,1.1169641964e-01,5.7032310433e-02,5.5279938009e-02,8.9647306921e-02,5
poly_d2_o4,complex_sinh,107.279732,8.6779793827e-02,5.9825735031e-02,9.3102307577e-02,5.5513121967e-02,5.5279938009e-02,8.9647306921e-02,5
poly_d2_o4,complex_sinh,113.984715,7.4790095025e-02,5.7759293373e-02,9.4798724601e-02,5.5279938009e-02,4.6023650860e-02,8.9647306921e-02,5
poly_d2_o4,complex_sinh,120.689698,5.5307046878e-02,4.7931988013e-02,9.1490500106e-02,5.5062379439e-02,4.3810743488e-02,8.9647306921e-02,5
poly_d2_o4,complex_sinh,127.394682,5.7368250679e-02,5.5105919238e-02,8.9580717969e-02,5.5020344326e-02,4.3810743488e-02,8.9496060814e-02,5
poly_d2_o4,complex_sinh,134.099665,5.5206041334e-02,5.4188615761e-02,8.8745718475e-02,5.5020344326e-02,4.3810743488e-02,8.8611435574e-02,5
poly_d2_o4,complex_sinh,140.804648,5.5211510712e-02,4.5941970224e-02,8.7551830224e-02,5.5020344326e-02,4.3810743488e-02,8.7551830224e-02,5
poly_d2_o4,complex_sinh,147.509631,8.2564554763e-02,4.5909958767e-02,8.6826692962e-02,5.4862588061e-02,4.3810743488e-02,8.6826692962e-02,5
poly_d2_o4,complex_sinh,154.214615,5.4172807728e-02,5.1959335669e-02,8.4843721973e-02,5.4172807728e-02,4.3810743488e-02,8.4843721973e-02,5
poly_d2_o4,complex_sinh,160.919598,5.3008277172e-02,4.6736910162e-02,8.4652981122e-02,5.3008277172e-02,4.3810743488e-02,8.4238476182e-02,5
poly_d2_o4,complex_sinh,167.624581,5.3151944620e-02,4.9786198817e-02,8.5450956968e-02,5.2956289309e-02,4.3810743488e-02,8.3966190530e-02,5
poly_d2_o4,complex_sinh,174.329564,6.6424617743e-02,6.5920772648e-02,8.1657455921e-02,5.2956289309e-02,4.3810743488e-02,8.1657455921e-02,5
poly_d2_o4,complex_sinh,181.034547,5.2757260662e-02,4.9661527563e-02,8.1621183307e-02,5.2478836026e-02,4.3810743488e-02,8.1030870961e-02,5
poly_d2_o4,complex_sinh,187.739531,5.0833754284e-02,4.7679046088e-02,8.2011017457e-02,5.0833754284e-02,4.3810743488e-02,8.0011468491e-02,5
poly_d2_o4,complex_sinh,194.444514,6.4591075108e-02,5.0566222739e-02,7.9427465918e-02,5.0566222739e-02,4.3810743488e-02,7.9405845512e-02,5
poly_d2_o4,complex_sinh,201.149497,5.4574875178e-02,4.7573429074e-02,8.0581839615e-02,5.0305888350e-02,4.3810743488e-02,7.9405845512e-02,5
poly_d2_o4,complex_sinh,207.854480,5.1176365557e-02,4.9694705967e-02,7.9117051972e-02,4.8238799392e-02,4.3810743488e-02,7.8724234292e-02,5
poly_d2_o4,complex_sinh,214.559464,4.8900044858e-02,4.7531473461e-02,7.6905205113e-02,4.7525687057e-02,4.3810743488e-02,7.6905205113e-02,5
poly_d2_o4,complex_sinh,221.264447,4.7656945804e-02,4.7202260062e-02,7.8336076563e-02,4.7452196723e-02,4.3810743488e-02,7.5988403293e-02,5
poly_d2_o4,complex_sinh,227.969430,5.0272020281e-02,4.6371659105e-02,7.4433812342e-02,4.7376491599e-02,4.3810743488e-02,7.4146057927e-02,5
poly_d2_o4,complex_sinh,234.674413,5.0619271312e-02,4.5799274063e-02,7.6776838866e-02,4.5627488266e-02,4.3810743488e-02,7.4009048184e-02,5
poly_d2_o4,complex_sinh,241.379397,4.7518348905e-02,4.5985485556e-02,7.5321476314e-02,4.5627488266e-02,4.3810743488e-02,7.4009048184e-02,5
poly_d2_o4,complex_sinh,248.084380,4.5402632521e-02,4.5030892527e-02,7.4142825069e-02,4.5402522062e-02,4.3810743488e-02,7.4006546033e-02,5
poly_d2_o4,complex_sinh,254.789363,4.6512025394e-02,4.6400166506e-02,7.3500478922e-02,4.5065334452e-02,4.3810743488e-02,7.3500478922e-02,5
poly_d2_o4,complex_sinh,261.494346,4.4722236078e-02,4.3792260450e-02,7.1687503374e-02,4.3810743488e-02,4.3792260450e-02,7.1687503374e-02,5
poly_d2_o4,complex_sinh,268.199330,4.5801380593e-02,4.3047538046e-02,7.1460073146e-02,4.3810743488e-02,4.3047538046e-02,7.1341155936e-02,5
poly_d2_o4,complex_sinh,274.904313,4.5431282729e-02,4.2354887761e-02,7.0707375276e-02,4.3810743488e-02,4.2354887761e-02,7.0707375276e-02,5
poly_d2_o4,complex_sinh,281.609296,4.4029370440e-02,4.1341477920e-02,6.9510136454e-02,4.3810743488e-02,4.1341477920e-02,6.9510136454e-02,5
poly_d2_o4,complex_sinh,288.314279,4.3471183743e-02,4.2024276813e-02,6.9151011332e-02,4.3458216678e-02,4.1241323528e-02,6.8506641445e-02,5
poly_d2_o4,complex_sinh,295.019263,4.2869151471e-02,4.1223060292e-02,6.8445371997e-02,4.2857187178e-02,4.0567905025e-02,6.8075536248e-02,5
poly_d2_o4,complex_sinh,301.724246,4.8634504352e-02,3.9583319082e-02,6.6722430898e-02,4.2600899877e-02,3.9577670298e-02,6.6722430898e-02,5
poly_d2_o4,complex_sinh,308.429229,4.3546699298e-02,3.9460571324e-02,6.5570435085e-02,4.2600899877e-02,3.9242928434e-02,6.5570435085e-02,5
poly_d2_o4,complex_sinh,315.134212,4.3070019039e-02,3.8614737318e-02,6.4316156323e-02,4.2600899877e-02,3.8614737318e-02,6.4316156323e-02,5
poly_d2_o4,complex_sinh,321.839196,4.2267265252e-02,3.9056169468e-02,6.1993837050e-02,4.1623580954e-02,3.8579968959e-02,6.1993837050e-02,5
poly_d2_o4,complex_sinh,328.544179,4.3730614390e-02,3.8758341260e-02,6.3661041805e-02,4.1623580954e-02,3.8094879718e-02,6.1750117220e-02,5
poly_d2_o4,complex_sinh,335.249162,4.1727705797e-02,3.6213073848e-02,6.1530501979e-02,4.1623580954e-02,3.6213073848e-02,6.1209755248e-02,5
poly_d2_o4,complex_sinh,341.954145,4.2751102909e-02,3.8263793308e-02,6.3620877610e-02,4.1295703347e-02,3.6058943324e-02,6.1209755248e-02,5
poly_d2_o4,complex_sinh,348.659128,4.0404466984e-02,3.8281150020e-02,6.1686054011e-02,4.0404466984e-02,3.6058943324e-02,6.1209755248e-02,5
poly_d2_o4,complex_sinh,355.364112,4.1766146130e-02,3.5332180052e-02,5.9789280015e-02,4.0301789876e-02,3.5332180052e-02,5.9789280015e-02,5
poly_d2_o4,complex_sinh,362.069095,4.0179466792e-02,3.4533154903e-02,5.8147703374e-02,3.9641598469e-02,3.4533154903e-02,5.8147703374e-02,5
poly_d2_o4,complex_sinh,368.774078,3.9276618618e-02,3.7898239449e-02,5.5694946791e-02,3.8914936882e-02,3.4410574879e-02,5.5694946791e-02,5
poly_d2_o4,complex_sinh,375.479061,3.8879849349e-02,3.4144243635e-02,5.5836858714e-02,3.8773549985e-02,3.3990024341e-02,5.5660454532e-02,5
poly_d2_o4,complex_sinh,382.184045,3.7859449034e-02,3.2451367475e-02,5.3910748628e-02,3.7859449034e-02,3.1920432537e-02,5.3910748628e-02,5
poly_d2_o4,complex_sinh,388.889028,3.8169184852e-02,3.3090346162e-02,5.4615932845e-02,3.7576699901e-02,3.1920432537e-02,5.3362073401e-02,5
poly_d2_o4,complex_sinh,395.594011,3.8059238063e-02,3.3800715720e-02,5.4924380235e-02,3.7576699901e-02,3.1920432537e-02,5.0938321623e-02,5
poly_d2_o4,complex_sinh,402.298994,3.8929754811e-02,3.2644780589e-02,4.8800048473e-02,3.7576699901e-02,3.1789036417e-02,4.8777946688e-02,5
poly_d2_o4,complex_sinh,409.003978,3.7825470092e-02,3.1054748861e-02,4.7201425959e-02,3.7534980630e-02,3.1054748861e-02,4.7201425959e-02,5
poly_d2_o4,complex_sinh,415.708961,3.6885933807e-02,3.0913753997e-02,4.6211150577e-02,3.6885933807e-02,3.0808260950e-02,4.6211150577e-02,5
poly_d2_o4,complex_sinh,422.413944,3.7414477349e-02,3.0547745328e-02,4.5987167323e-02,3.6554499457e-02,3.0499160731e-02,4.5913929476e-02,5
poly_d2_o4,complex_sinh,429.118927,3.5941094695e-02,2.9480279164e-02,4.6613602203e-02,3.5926626423e-02,2.9468541856e-02,4.5079207675e-02,5
poly_d2_o4,complex_sinh,435.823911,3.5511746542e-02,3.0119841953e-02,4.7176929604e-02,3.5489590101e-02,2.9468541856e-02,4.5079207675e-02,5
poly_d2_o4,complex_sinh,442.528894,3.4054881273e-02,2.8411489680e-02,4.5253243487e-02,3.4054881273e-02,2.8339931252e-02,4.5012250263e-02,5
poly_d2_o4,complex_sinh,449.233877,3.4968742458e-02,2.9327349963e-02,4.4137873682e-02,3.4052961542e-02,2.8260355222e-02,4.4137873682e-02,5
poly_d2_o4,complex_sinh,455.938860,3.4346897557e-02,2.8249765551e-02,4.4696835806e-02,3.4052961542e-02,2.8220410738e-02,4.3701865137e-02,5
poly_d2_o4,complex_sinh,462.643844,3.3547915592e-02,2.9141443438e-02,4.1606360582e-02,3.3484816592e-02,2.8095349433e-02,4.1606360582e-02,5
poly_d2_o4,complex_sinh,469.348827,3.4592295852e-02,2.6784769777e-02,4.0338366337e-02,3.3484816592e-02,2.6573672671e-02,4.0338366337e-02,5
poly_d2_o4,complex_sinh,476.053810,3.2541085598e-02,2.6730953859e-02,3.9492790669e-02,3.2368067630e-02,2.6573672671e-02,3.9184359150e-02,5
poly_d2_o4,complex_sinh,482.758793,3.2745961773e-02,2.7742044413e-02,4.1045777099e-02,3.2237609325e-02,2.6573672671e-02,3.9184359150e-02,5
poly_d2_o4,complex_sinh,489.463777,3.2925980983e-02,2.7166683129e-02,3.9420089931e-02,3.2237609325e-02,2.6573672671e-02,3.9184359150e-02,5
poly_d2_o4,complex_sinh,496.168760,3.1932655723e-02,2.5827913583e-02,3.8285467791e-02,3.1932655723e-02,2.5810776472e-02,3.8285467791e-02,5
poly_d2_o4,complex_sinh,502.873743,3.1638040019e-02,2.5682055396e-02,3.7034935216e-02,3.1638040019e-02,2.5515899634e-02,3.7034935216e-02,5
poly_d2_o4,complex_sinh,509.578726,3.1719863427e-02,2.5406736164e-02,3.5715183586e-02,3.1513815400e-02,2.5256808794e-02,3.5715183586e-02,5
poly_d2_o4,complex_sinh,516.283709,3.0717325986e-02,2.4926167664e-02,3.5101626805e-02,3.0717325986e-02,2.4918953186e-02,3.5101626805e-02,5
poly_d2_o4,complex_sinh,522.988693,2.9986005363e-02,2.4302078727e-02,3.5075653504e-02,2.9986005363e-02,2.4254099898e-02,3.4861353431e-02,5
poly_d2_o4,complex_sinh,529.693676,2.9128203327e-02,2.3209451003e-02,3.4381455965e-02,2.9128203327e-02,2.3209451003e-02,3.4381455965e-02,5
poly_d2_o4,complex_sinh,536.398659,2.9177553615e-02,2.3491184589e-02,3.3857663064e-02,2.9018609242e-02,2.3154701918e-02,3.3857663064e-02,5
poly_d2_o4,complex_sinh,543.103642,2.8287940354e-02,2.3207159101e-02,3.2721082459e-02,2.8287940354e-02,2.3152137239e-02,3.2721082459e-02,5
poly_d2_o4,complex_sinh,549.808626,2.7536808271e-02,2.3435439946e-02,3.2034710647e-02,2.7499838048e-02,2.3150336838e-02,3.2034710647e-02,5
poly_d2_o4,complex_sinh,556.513609,2.7776100663e-02,2.2149941927e-02,3.1874673936e-02,2.7466017567e-02,2.2094389989e-02,3.1735221545e-02,5
poly_d2_o4,complex_sinh,563.218592,2.7062427508e-02,2.2224951814e-02,3.0095981667e-02,2.7062427508e-02,2.2094389989e-02,3.0095981667e-02,5
poly_d2_o4,complex_sinh,569.923575,2.7155374295e-02,2.1682462401e-02,2.9810742288e-02,2.6933536482e-02,2.1682462401e-02,2.9810742288e-02,5
poly_d2_o4,complex_sinh,576.628559,2.6621149781e-02,2.1303569671e-02,2.8932482177e-02,2.6621149781e-02,2.1303569671e-02,2.8932482177e-02,5
poly_d2_o4,complex_sinh,583.333542,2.6491891958e-02,2.1438229804e-02,2.8428710395e-02,2.6491891958e-02,2.1106418928e-02,2.8416848607e-02,5
poly_d2_o4,complex_sinh,590.038525,2.5794509743e-02,2.0983806782e-02,2.7743191504e-02,2.5794509743e-02,2.0983806782e-02,2.7720783642e-02,5
poly_d2_o4,complex_sinh,596.743508,2.5293514803e-02,2.0437445559e-02,2.6898471857e-02,2.5293514803e-02,2.0437445559e-02,2.6898471857e-02,5
poly_d2_o4,complex_sinh,603.448492,2.4595192950e-02,2.0088260392e-02,2.6281722329e-02,2.4595192950e-02,2.0088260392e-02,2.6281722329e-02,5
poly_d2_o4,complex_sinh,610.153475,2.4072218742e-02,1.9761838472e-02,2.5573273753e-02,2.4072218742e-02,1.9761838472e-02,2.5573273753e-02,5
poly_d2_o4,complex_sinh,616.858458,2.3572841892e-02,1.9436524120e-02,2.4961475131e-02,2.3572841892e-02,1.9436524120e-02,2.4961475131e-02,5
poly_d2_o4,complex_sinh,623.563441,2.3081101098e-02,1.9088706303e-02,2.4386194453e-02,2.3081101098e-02,1.9088706303e-02,2.4386194453e-02,5
poly_d2_o4,complex_sinh,630.268425,2.2594878575e-02,1.8702661726e-02,2.3721767586e-02,2.2594878575e-02,1.8702661726e-02,2.3721767586e-02,5
poly_d2_o4,complex_sinh,636.973408,2.2125707672e-02,1.8392019121e-02,2.3123913866e-02,2.2125707672e-02,1.8392019121e-02,2.3123913866e-02,5
poly_d2_o4,complex_sinh,643.678391,2.1696721443e-02,1.8250989193e-02,2.2521799898e-02,2.1696721443e-02,1.8250989193e-02,2.2521799898e-02,5
poly_d2_o4,complex_sinh,650.383374,2.1293220354e-02,1.8013279737e-02,2.1946037663e-02,2.1293220354e-02,1.8013279737e-02,2.1946037663e-02,5
poly_d2_o4,complex_sinh,657.088358,2.0883523599e-02,1.7731537026e-02,2.1396041432e-02,2.0883523599e-02,1.7731537026e-02,2.1396041432e-02,5
poly_d2_o4,complex_sinh,663.793341,2.0463767887e-02,1.7465060961e-02,2.0869047095e-02,2.0463767887e-02,1.7465060961e-02,2.0869047095e-02,5
poly_d2_o4,complex_sinh,670.498324,2.0052377023e-02,1.7201122434e-02,2.0363599634e-02,2.0052377023e-02,1.7201122434e-02,2.0363599634e-02,5
poly_d2_o4,complex_sinh,677.203307,1.9650895527e-02,1.6942745137e-02,1.9878674223e-02,1.9650895527e-02,1.6942745137e-02,1.9878674223e-02,5
poly_d2_o4,complex_sinh,683.908291,1.9258487607e-02,1.6689790316e-02,1.9412231225e-02,1.9258487607e-02,1.6689790316e-02,1.9412231225e-02,5
poly_d2_o4,complex_sinh,690.613274,1.8875085527e-02,1.6442162973e-02,1.8964481318e-02,1.8875085527e-02,1.6442162973e-02,1.8964481318e-02,5
poly_d2_o4,complex_sinh,697.318257,1.8500632917e-02,1.6200122080e-02,1.8533408684e-02,1.8500632917e-02,1.6200122080e-02,1.8533408684e-02,5
poly_d2_o4,complex_sinh,704.023240,1.8118330637e-02,1.5963340005e-02,1.8134852310e-02,1.8118330637e-02,1.5963340005e-02,1.8134852310e-02,5
poly_d2_o4,complex_sinh,710.728223,1.7719312207e-02,1.5731752580e-02,1.7777605624e-02,1.7719312207e-02,1.5731752580e-02,1.7777605624e-02,5
poly_d2_o4,complex_sinh,717.433207,1.7334408445e-02,1.5505628631e-02,1.7428906009e-02,1.7334408445e-02,1.5505628631e-02,1.7428906009e-02,5
poly_d2_o4,complex_sinh,724.138190,1.6963625409e-02,1.5284608333e-02,1.7088549587e-02,1.6963625409e-02,1.5284608333e-02,1.7088549587e-02,5
poly_d2_o4,complex_sinh,730.843173,1.6606317666e-02,1.5068742322e-02,1.6756231810e-02,1.6606317666e-02,1.5068742322e-02,1.6756231810e-02,5
poly_d2_o4,complex_sinh,737.548156,1.6261462649e-02,1.4858061227e-02,1.6431872991e-02,1.6261462649e-02,1.4858061227e-02,1.6431872991e-02,5
poly_d2_o4,complex_sinh,744.253140,1.5929279087e-02,1.4652243956e-02,1.6115014646e-02,1.5929279087e-02,1.4652243956e-02,1.6115014646e-02,5
poly_d2_o4,complex_sinh,750.958123,1.5608560559e-02,1.4451524574e-02,1.5805549126e-02,1.5608560559e-02,1.4451524574e-02,1.5805549126e-02,5
poly_d2_o4,complex_sinh,757.663106,1.5298890960e-02,1.4255545230e-02,1.5503567224e-02,1.5298890960e-02,1.4255545230e-02,1.5503567224e-02,5
poly_d2_o4,complex_sinh,764.368089,1.5000343026e-02,1.4064169386e-02,1.5209027399e-02,1.5000343026e-02,1.4064169386e-02,1.5209027399e-02,5
poly_d2_o4,complex_sinh,771.073073,1.4711752596e-02,1.3877689014e-02,1.4921805513e-02,1.4711752596e-02,1.3877689014e-02,1.4921805513e-02,5
poly_d2_o4,complex_sinh,777.778056,1.4433077163e-02,1.3695613921e-02,1.4641598363e-02,1.4433077163e-02,1.3695613921e-02,1.4641598363e-02,5
poly_d2_o4,complex_sinh,784.483039,1.4163795911e-02,1.3518037580e-02,1.4368715722e-02,1.4163795911e-02,1.3518037580e-02,1.4368715722e-02,5
poly_d2_o4,complex_sinh,791.188022,1.3903256765e-02,1.3344875097e-02,1.4102439695e-02,1.3903256765e-02,1.3344875097e-02,1.4102439695e-02,5
poly_d2_o4,complex_sinh,797.893006,1.3651833678e-02,1.3175819115e-02,1.3842885362e-02,1.3651833678e-02,1.3175819115e-02,1.3842885362e-02,5
poly_d2_o4,complex_sinh,804.597989,1.3408552927e-02,1.3011167875e-02,1.3589988917e-02,1.3408552927e-02,1.3011167875e-02,1.3589988917e-02,5
poly_d2_o4,complex_sinh,811.302972,1.3173194661e-02,1.2850631293e-02,1.3343426799e-02,1.3173194661e-02,1.2850631293e-02,1.3343426799e-02,5
poly_d2_o4,complex_sinh,818.007955,1.2945753342e-02,1.2693974519e-02,1.3103295590e-02,1.2945753342e-02,1.2693974519e-02,1.3103295590e-02,5
poly_d2_o4,complex_sinh,824.712939,1.2725254705e-02,1.2541425208e-02,1.2869274882e-02,1.2725254705e-02,1.2541425208e-02,1.2869274882e-02,5
poly_d2_o4,complex_sinh,831.417922,1.2511824201e-02,1.2392565586e-02,1.2641194151e-02,1.2511824201e-02,1.2392565586e-02,1.2641194151e-02,5
poly_d2_o4,complex_sinh,838.122905,1.2305146161e-02,1.2247487669e-02,1.2419250862e-02,1.2305146161e-02,1.2247487669e-02,1.2419250862e-02,5
poly_d2_o4,complex_sinh,844.827888,1.2106144842e-02,1.2104820821e-02,1.2202940368e-02,1.2106144842e-02,1.2104820821e-02,1.2202940368e-02,5
poly_d2_o4,complex_sinh,851.532872,1.1968195840e-02,1.1911240901e-02,1.1992272538e-02,1.1968195840e-02,1.1911240901e-02,1.1992272538e-02,5
poly_d2_o4,complex_sinh,858.237855,1.1787180967e-02,1.1753837997e-02,1.1833935294e-02,1.1787180967e-02,1.1723398128e-02,1.1833935294e-02,5
poly_d2_o4,complex_sinh,864.942838,1.1703026569e-02,1.1587295520e-02,1.1706662388e-02,1.1671123233e-02,1.1587295520e-02,1.1703026569e-02,5
poly_d2_o4,complex_sinh,871.647821,1.1575363588e-02,1.1392859425e-02,1.1659387835e-02,1.1575363588e-02,1.1392859425e-02,1.1659387835e-02,5
poly_d2_o4,complex_sinh,878.352804,1.1451117273e-02,1.1203411222e-02,1.1612107245e-02,1.1451117273e-02,1.1203411222e-02,1.1612107245e-02,5
poly_d2_o4,complex_sinh,885.057788,1.1329863361e-02,1.1028678310e-02,1.1564858589e-02,1.1329863361e-02,1.1028678310e-02,1.1564858589e-02,5
poly_d2_o4,complex_sinh,891.762771,1.1211747372e-02,1.0868040758e-02,1.1517660283e-02,1.1211747372e-02,1.0868040758e-02,1.1517660283e-02,5
poly_d2_o4,complex_sinh,898.467754,1.1096663055e-02,1.0712161702e-02,1.1470575653e-02,1.1096663055e-02,1.0712161702e-02,1.1470575653e-02,5
poly_d2_o4,complex_sinh,905.172737,1.0984381255e-02,1.0561119996e-02,1.1423631239e-02,1.0984381255e-02,1.0561119996e-02,1.1423631239e-02,5
poly_d2_o4,complex_sinh,911.877721,1.0875081170e-02,1.0414350814e-02,1.1376863413e-02,1.0875081170e-02,1.0414350814e-02,1.1376863413e-02,5
poly_d2_o4,complex_sinh,918.582704,1.0768469483e-02,1.0271987733e-02,1.1330204591e-02,1.0768469483e-02,1.0271987733e-02,1.1330204591e-02,5
poly_d2_o4,complex_sinh,925.287687,1.0664548597e-02,1.0133798594e-02,1.1283712901e-02,1.0664548597e-02,1.0133798594e-02,1.1283712901e-02,5
poly_d2_o4,complex_sinh,931.992670,1.0563382977e-02,9.9994375736e-03,1.1237474333e-02,1.0563382977e-02,9.9994375736e-03,1.1237474333e-02,5
poly_d2_o4,complex_sinh,938.697654,1.0464595924e-02,9.8693364754e-03,1.1191513544e-02,1.0464595924e-02,9.8693364754e-03,1.1191513544e-02,5
poly_d2_o4,complex_sinh,945.402637,1.0368470396e-02,9.7431141287e-03,1.1145861423e-02,1.0368470396e-02,9.7431141287e-03,1.1145861423e-02,5
poly_d2_o4,complex_sinh,952.107620,1.0274601435e-02,9.6204240122e-03,1.1100526555e-02,1.0274601435e-02,9.6204240122e-03,1.1100526555e-02,5
poly_d2_o4,complex_sinh,958.812603,1.0182958614e-02,9.5012757719e-03,1.1055542485e-02,1.0182958614e-02,9.5012757719e-03,1.1055542485e-02,5
poly_d2_o4,complex_sinh,965.517587,1.0093709581e-02,9.3852461179e-03,1.1010922377e-02,1.0093709581e-02,9.3852461179e-03,1.1010922377e-02,5
poly_d2_o4,complex_sinh,972.222570,1.0006568842e-02,9.2725099441e-03,1.0966628519e-02,1.0006568842e-02,9.2725099441e-03,1.0966628519e-02,5
poly_d2_o4,complex_sinh,978.927553,9.9215229335e-03,9.1628032385e-03,1.0922727182e-02,9.9215229335e-03,9.1628032385e-03,1.0922727182e-02,5
poly_d2_o4,complex_sinh,985.632536,9.8386239241e-03,9.0558924371e-03,1.0879188828e-02,9.8386239241e-03,9.0558924371e-03,1.0879188828e-02,5
poly_d2_o4,complex_sinh,992.337520,9.7575940967e-03,8.9519687943e-03,1.0836044147e-02,9.7575940967e-03,8.9519687943e-03,1.0836044147e-02,5
poly_d2_o4,complex_sinh,999.042503,9.6785078063e-03,8.8506810875e-03,1.0793289847e-02,9.6785078063e-03,8.8506810875e-03,1.0793289847e-02,5
poly_d2_o4,complex_sinh,1005.747486,9.6012832579e-03,8.7519791605e-03,1.0750899841e-02,9.6012832579e-03,8.7519791605e-03,1.0750899841e-02,5
poly_d2_o4,complex_sinh,1012.452469,9.5257239867e-03,8.6557866366e-03,1.0708910335e-02,9.5257239867e-03,8.6557866366e-03,1.0708910335e-02,5
poly_d2_o4,complex_sinh,1019.157453,9.4519984715e-03,8.5618682973e-03,1.0667327321e-02,9.4519984715e-03,8.5618682973e-03,1.0667327321e-02,5
poly_d2_o4,complex_sinh,1025.862436,9.3798426314e-03,8.4702834663e-03,1.0626094754e-02,9.3798426314e-03,8.4702834663e-03,1.0626094754e-02,5
poly_d2_o4,complex_sinh,1032.567419,9.3092492233e-03,8.3808423693e-03,1.0585241621e-02,9.3092492233e-03,8.3808423693e-03,1.0585241621e-02,5
poly_d2_o4,complex_sinh,1039.272402,9.2402285273e-03,8.2934027165e-03,1.0544731622e-02,9.2402285273e-03,8.2934027165e-03,1.0544731622e-02,5
poly_d2_o4,complex_sinh,1045.977385,9.1725994105e-03,8.2080515112e-03,1.0504575109e-02,9.1725994105e-03,8.2080515112e-03,1.0504575109e-02,5
poly_d2_o4,complex_sinh,1052.682369,9.1063617334e-03,8.1245125550e-03,1.0464756122e-02,9.1063617334e-03,8.1245125550e-03,1.0464756122e-02,5
poly_d2_o4,complex_sinh,1059.387352,9.0414478639e-03,8.0427918218e-03,1.0425239710e-02,9.0414478639e-03,8.0427918218e-03,1.0425239710e-02,5
poly_d2_o4,complex_sinh,1066.092335,8.9777269088e-03,7.9627734603e-03,1.0386044378e-02,8.9777269088e-03,7.9627734603e-03,1.0386044378e-02,5
poly_d2_o4,complex_sinh,1072.797318,8.9152630060e-03,7.8843060598e-03,1.0347122156e-02,8.9152630060e-03,7.8843060598e-03,1.0347122156e-02,5
poly_d2_o4,complex_sinh,1079.502302,8.8538781821e-03,7.8073972060e-03,1.0308571852e-02,8.8538781821e-03,7.8073972060e-03,1.0308571852e-02,5
poly_d2_o4,complex_sinh,1086.207285,8.7935365934e-03,7.7318882793e-03,1.0270319905e-02,8.7935365934e-03,7.7318882793e-03,1.0270319905e-02,5
poly_d2_o4,complex_sinh,1092.912268,8.7342274968e-03,7.6576828786e-03,1.0232264395e-02,8.7342274968e-03,7.6576828786e-03,1.0232264395e-02,5
poly_d2_o4,complex_sinh,1099.617251,8.6758242732e-03,7.5847763086e-03,1.0194399716e-02,8.6758242732e-03,7.5847763086e-03,1.0194399716e-02,5
poly_d2_o4,complex_sinh,1106.322235,8.6182968340e-03,7.5129842338e-03,1.0156700061e-02,8.6182968340e-03,7.5129842338e-03,1.0156700061e-02,5
poly_d2_o4,complex_sinh,1113.027218,8.5615422451e-03,7.4422651067e-03,1.0119132254e-02,8.5615422451e-03,7.4422651067e-03,1.0119132254e-02,5
poly_d2_o4,complex_sinh,1119.732201,8.5054858403e-03,7.3725628360e-03,1.0081660252e-02,8.5054858403e-03,7.3725628360e-03,1.0081660252e-02,5
poly_d2_o4,complex_sinh,1126.437184,8.4501231816e-03,7.3036887121e-03,1.0044264343e-02,8.4501231816e-03,7.3036887121e-03,1.0044264343e-02,5
poly_d2_o4,complex_sinh,1133.142168,8.3953317359e-03,7.2356412189e-03,1.0006899391e-02,8.3953317359e-03,7.2356412189e-03,1.0006899391e-02,5
poly_d2_o4,complex_sinh,1139.847151,8.3410810165e-03,7.1683000856e-03,9.9695245851e-03,8.3410810165e-03,7.1683000856e-03,9.9695245851e-03,5
poly_d2_o4,complex_sinh,1146.552134,8.2872968120e-03,7.1016158053e-03,9.9321075440e-03,8.2872968120e-03,7.1016158053e-03,9.9321075440e-03,5
poly_d2_o4,complex_sinh,1153.257117,8.2338946175e-03,7.0354625517e-03,9.8945880457e-03,8.2338946175e-03,7.0354625517e-03,9.8945880457e-03,5
poly_d2_o4,complex_sinh,1159.962101,8.1808685233e-03,6.9697579679e-03,9.8569372790e-03,8.1808685233e-03,6.9697579679e-03,9.8569372790e-03,5
poly_d2_o4,complex_sinh,1166.667084,8.1280680128e-03,6.9044122918e-03,9.8191458922e-03,8.1280680128e-03,6.9044122918e-03,9.8191458922e-03,5
poly_d2_o4,complex_sinh,1173.372067,8.0754464319e-03,6.8393663690e-03,9.7810792251e-03,8.0754464319e-03,6.8393663690e-03,9.7810792251e-03,5
poly_d2_o4,complex_sinh,1180.077050,8.0229233909e-03,6.7745680311e-03,9.7427717524e-03,8.0229233909e-03,6.7745680311e-03,9.7427717524e-03,5
poly_d2_o4,complex_sinh,1186.782034,7.9704754030e-03,6.7098131568e-03,9.7041344300e-03,7.9704754030e-03,6.7098131568e-03,9.7041344300e-03,5
poly_d2_o4,complex_sinh,1193.487017,7.9180044336e-03,6.6451047126e-03,9.6651019665e-03,7.9180044336e-03,6.6451047126e-03,9.6651019665e-03,5
poly_d2_o4,complex_sinh,1200.192000,7.8463793262e-03,6.5625473330e-03,9.5996585972e-03,7.8463793262e-03,6.5625473330e-03,9.5996585972e-03,5
poly_d2_o4,siren,0.000000,1.0002514759e+00,1.0000278598e+00,1.0037303545e+00,1.0002514759e+00,1.0000278598e+00,1.0037303545e+00,5
poly_d2_o4,siren,6.704408,1.0001488948e+00,1.0000173852e+00,1.0026992555e+00,1.0001488948e+00,1.0000173852e+00,1.0026992555e+00,5
poly_d2_o4,siren,13.408816,1.0000224114e+00,1.0000164871e+00,1.0004929604e+00,1.0000127556e+00,9.9999830972e-01,1.0004929604e+00,5
poly_d2_o4,siren,20.113223,1.0000060480e+00,1.0000043369e+00,1.0000225724e+00,1.0000060480e+00,9.9999707378e-01,1.0000225724e+00,5
poly_d2_o4,siren,26.817631,1.0000022557e+00,1.0000011460e+00,1.0000034530e+00,9.9999707378e-01,9.9999216871e-01,9.9999937745e-01,5
poly_d2_o4,siren,33.522039,1.0000015964e+00,9.9999832309e-01,1.0000019129e+00,9.9999707378e-01,9.9999216871e-01,9.9999780146e-01,5
poly_d2_o4,siren,40.226447,9.9999805329e-01,9.9996899383e-01,9.9999890925e-01,9.9996655616e-01,9.9995684004e-01,9.9999216871e-01,5
poly_d2_o4,siren,46.930855,1.0000021737e+00,9.9999430463e-01,1.0000030504e+00,9.9995684004e-01,9.9989629561e-01,9.9999123087e-01,5
poly_d2_o4,siren,53.635263,9.9999859485e-01,9.9999833764e-01,1.0000027991e+00,9.9995684004e-01,9.9989629561e-01,9.9999123087e-01,5
poly_d2_o4,siren,60.339670,9.9999980295e-01,9.9999702793e-01,1.0000013558e+00,9.9995684004e-01,9.9989629561e-01,9.9998286171e-01,5
poly_d2_o4,siren,67.044078,1.0000015163e+00,9.9999982964e-01,1.0000016068e+00,9.9995684004e-01,9.9989629561e-01,9.9998286171e-01,5
poly_d2_o4,siren,73.748486,1.0000001018e+00,9.9999709306e-01,1.0000003832e+00,9.9995684004e-01,9.9989629561e-01,9.9998286171e-01,5
poly_d2_o4,siren,80.452894,9.9999769360e-01,9.9999690438e-01,1.0000000526e+00,9.9995684004e-01,9.9989629561e-01,9.9998286171e-01,5
poly_d2_o4,siren,87.157302,1.0000003254e+00,9.9999985464e-01,1.0000044392e+00,9.9995684004e-01,9.9989629561e-01,9.9998286171e-01,5
poly_d2_o4,siren,93.861709,1.0000015528e+00,9.9999653965e-01,1.0000047672e+00,9.9995684004e-01,9.9989629561e-01,9.9996688984e-01,5
poly_d2_o4,siren,100.566117,9.9999168792e-01,9.9997763813e-01,1.0000050750e+00,9.9992668487e-01,9.9989629561e-01,9.9995684004e-01,5
poly_d2_o4,siren,107.270525,1.0000047699e+00,9.9999554167e-01,1.0000052001e+00,9.9992668487e-01,9.9989629561e-01,9.9995684004e-01,5
poly_d2_o4,siren,113.974933,1.0000028617e+00,9.9999544483e-01,1.0000050209e+00,9.9992668487e-01,9.9989629561e-01,9.9995684004e-01,5
poly_d2_o4,siren,120.679341,1.0000045625e+00,9.9999714035e-01,1.0000059733e+00,9.9992668487e-01,9.9989629561e-01,9.9995684004e-01,5
poly_d2_o4,siren,127.383749,1.0000058899e+00,9.9999750209e-01,1.0000062852e+00,9.9992668487e-01,9.9989629561e-01,9.9995684004e-01,5
poly_d2_o4,siren,134.088156,1.0000066024e+00,9.9999755292e-01,1.0000071977e+00,9.9992668487e-01,9.9989629561e-01,9.9995684004e-01,5
poly_d2_o4,siren,140.792564,1.0000064810e+00,9.9999773624e-01,1.0000069226e+00,9.9992668487e-01,9.9989629561e-01,9.9995684004e-01,5
poly_d2_o4,siren,147.496972,1.0000068312e+00,9.9999795803e-01,1.0000072447e+00,9.9992668487e-01,9.9989629561e-01,9.9995684004e-01,5
poly_d2_o4,siren,154.201380,1.0000018883e+00,9.9999822184e-01,1.0000068736e+00,9.9992668487e-01,9.9989629561e-01,9.9995684004e-01,5
poly_d2_o4,siren,160.905788,9.9999833836e-01,9.9999311016e-01,1.0000077023e+00,9.9992668487e-01,9.9989629561e-01,9.9995684004e-01,5
poly_d2_o4,siren,167.610196,1.0000118546e+00,1.0000041507e+00,1.0000175995e+00,9.9992668487e-01,9.9989629561e-01,9.9995684004e-01,5
poly_d2_o4,siren,174.314603,1.0000074702e+00,1.0000022923e+00,1.0000181225e+00,9.9992668487e-01,9.9989629561e-01,9.9995684004e-01,5
poly_d2_o4,siren,181.019011,1.0000093705e+00,1.0000024770e+00,1.0000109487e+00,9.9992668487e-01,9.9989629561e-01,9.9995684004e-01,5
poly_d2_o4,siren,187.723419,1.0000083718e+00,1.0000024819e+00,1.0000099972e+00,9.9992668487e-01,9.9989629561e-01,9.9995684004e-01,5
poly_d2_o4,siren,194.427827,1.0000090695e+00,1.0000028130e+00,1.0000104506e+00,9.9992668487e-01,9.9989629561e-01,9.9995684004e-01,5
poly_d2_o4,siren,201.132235,1.0000093297e+00,1.0000032308e+00,1.0000109899e+00,9.9992668487e-01,9.9989629561e-01,9.9995684004e-01,5
poly_d2_o4,siren,207.836642,1.0000084535e+00,1.0000036517e+00,1.0000115228e+00,9.9992668487e-01,9.9989629561e-01,9.9995684004e-01,5
poly_d2_o4,siren,214.541050,1.0000120359e+00,1.0000040066e+00,1.0000121762e+00,9.9992668487e-01,9.9989629561e-01,9.9995684004e-01,5
poly_d2_o4,siren,221.245458,1.0000073859e+00,1.0000042774e+00,1.0000125207e+00,9.9992668487e-01,9.9989629561e-01,9.9995684004e-01,5
poly_d2_o4,siren,227.949866,1.0000077302e+00,1.0000044794e+00,1.0000129767e+00,9.9992668487e-01,9.9989629561e-01,9.9995684004e-01,5
poly_d2_o4,siren,234.654274,1.0000071225e+00,1.0000046869e+00,1.0000133934e+00,9.9992668487e-01,9.9989629561e-01,9.9995684004e-01,5
poly_d2_o4,siren,241.358682,1.0000065049e+00,1.0000048257e+00,1.0000137645e+00,9.9992668487e-01,9.9989629561e-01,9.9995684004e-01,5
poly_d2_o4,siren,248.063089,1.0000057897e+00,9.9999891011e-01,1.0000140893e+00,9.9992668487e-01,9.9989629561e-01,9.9995684004e-01,5
poly_d2_o4,siren,254.767497,1.0000049753e+00,1.0000036765e+00,1.0000148259e+00,9.9992668487e-01,9.9989629561e-01,9.9995684004e-01,5
poly_d2_o4,siren,261.471905,1.0000181794e+00,1.0000024460e+00,1.0000252251e+00,9.9992668487e-01,9.9989629561e-01,9.9995684004e-01,5
poly_d2_o4,siren,268.176313,1.0000168661e+00,1.0000029535e+00,1.0000266154e+00,9.9992668487e-01,9.9989629561e-01,9.9995684004e-01,5
poly_d2_o4,siren,274.880721,1.0000136116e+00,1.0000031001e+00,1.0000185750e+00,9.9992668487e-01,9.9989629561e-01,9.9995684004e-01,5
poly_d2_o4,siren,281.585128,1.0000094519e+00,1.0000032053e+00,1.0000188413e+00,9.9992668487e-01,9.9989629561e-01,9.9995684004e-01,5
poly_d2_o4,siren,288.289536,1.0000082952e+00,1.0000033535e+00,1.0000198030e+00,9.9992668487e-01,9.9989629561e-01,9.9995684004e-01,5
poly_d2_o4,siren,294.993944,1.0000073503e+00,1.0000035156e+00,1.0000203728e+00,9.9992668487e-01,9.9989629561e-01,9.9995684004e-01,5
poly_d2_o4,siren,301.698352,1.0000063054e+00,1.0000036762e+00,1.0000207769e+00,9.9992668487e-01,9.9989629561e-01,9.9995684004e-01,5
poly_d2_o4,siren,308.402760,1.0000054507e+00,1.0000038215e+00,1.0000210586e+00,9.9992668487e-01,9.9989629561e-01,9.9995684004e-01,5
poly_d2_o4,siren,315.107168,1.0000047047e+00,1.0000039527e+00,1.0000212571e+00,9.9992668487e-01,9.9989629561e-01,9.9995684004e-01,5
poly_d2_o4,siren,321.811575,1.0000120577e+00,9.9998758412e-01,1.0000213917e+00,9.9992668487e-01,9.9989629561e-01,9.9995684004e-01,5
poly_d2_o4,siren,328.515983,1.0000016483e+00,9.9997501786e-01,1.0000214747e+00,9.9992668487e-01,9.9989629561e-01,9.9995684004e-01,5
poly_d2_o4,siren,335.220391,1.0000084034e+00,1.0000012323e+00,1.0000215318e+00,9.9992668487e-01,9.9989629561e-01,9.9995684004e-01,5
poly_d2_o4,siren,341.924799,1.0000079823e+00,1.0000042154e+00,1.0000215756e+00,9.9992668487e-01,9.9989629561e-01,9.9995684004e-01,5
poly_d2_o4,siren,348.629207,1.0000080824e+00,1.0000033056e+00,1.0000216172e+00,9.9992668487e-01,9.9989629561e-01,9.9995684004e-01,5
poly_d2_o4,siren,355.333615,1.0000076773e+00,1.0000034564e+00,1.0000216639e+00,9.9992668487e-01,9.9989629561e-01,9.9995684004e-01,5
poly_d2_o4,siren,362.038022,1.0000070645e+00,1.0000033150e+00,1.0000217223e+00,9.9992668487e-01,9.9989629561e-01,9.9995684004e-01,5
poly_d2_o4,siren,368.742430,1.0000065231e+00,1.0000031385e+00,1.0000218004e+00,9.9992668487e-01,9.9989629561e-01,9.9995684004e-01,5
poly_d2_o4,siren,375.446838,1.0000060411e+00,1.0000029426e+00,1.0000340770e+00,9.9992668487e-01,9.9989629561e-01,9.9995684004e-01,5
poly_d2_o4,siren,382.151246,1.0000055923e+00,1.0000027376e+00,1.0000224966e+00,9.9992668487e-01,9.9989629561e-01,9.9995684004e-01,5
poly_d2_o4,siren,388.855654,1.0000040247e+00,1.0000025277e+00,1.0000267116e+00,9.9992668487e-01,9.9989629561e-01,9.9995684004e-01,5
poly_d2_o4,siren,395.560061,1.0000092583e+00,1.0000023152e+00,1.0000268969e+00,9.9992668487e-01,9.9989629561e-01,9.9995684004e-01,5
poly_d2_o4,siren,402.264469,1.0000085348e+00,1.0000021610e+00,1.0000273605e+00,9.9992668487e-01,9.9989629561e-01,9.9995684004e-01,5
poly_d2_o4,siren,408.968877,1.0000274458e+00,1.0000048730e+00,1.0000415855e+00,9.9992668487e-01,9.9989629561e-01,9.9995684004e-01,5
poly_d2_o4,siren,415.673285,1.0000195550e+00,1.0000053110e+00,1.0000277564e+00,9.9992668487e-01,9.9989629561e-01,9.9995684004e-01,5
poly_d2_o4,siren,422.377693,1.0000044692e+00,1.0000038838e+00,1.0000281020e+00,9.9992668487e-01,9.9989629561e-01,9.9995684004e-01,5
poly_d2_o4,siren,429.082101,1.0000038993e+00,1.0000029134e+00,1.0000284775e+00,9.9992668487e-01,9.9989629561e-01,9.9995684004e-01,5
poly_d2_o4,siren,435.786508,1.0000033710e+00,1.0000028346e+00,1.0000288701e+00,9.9992668487e-01,9.9989629561e-01,9.9995658936e-01,5
poly_d2_o4,siren,442.490916,1.0000028863e+00,1.0000024292e+00,1.0000292683e+00,9.9992668487e-01,9.9989629561e-01,9.9995639365e-01,5
poly_d2_o4,siren,449.195324,1.0000024348e+00,1.0000020618e+00,1.0000296677e+00,9.9992668487e-01,9.9989629561e-01,9.9995639365e-01,5
poly_d2_o4,siren,455.899732,1.0000017208e+00,1.0000014866e+00,1.0000300645e+00,9.9992668487e-01,9.9989629561e-01,9.9995639365e-01,5
poly_d2_o4,siren,462.604140,1.0000013971e+00,9.9995778182e-01,1.0000304561e+00,9.9992668487e-01,9.9989629561e-01,9.9995639365e-01,5
poly_d2_o4,siren,469.308547,1.0000010928e+00,9.9999421596e-01,1.0000308399e+00,9.9992668487e-01,9.9989629561e-01,9.9995639365e-01,5
poly_d2_o4,siren,476.012955,1.0000008048e+00,9.9999947543e-01,1.0000312145e+00,9.9992668487e-01,9.9989629561e-01,9.9995639365e-01,5
poly_d2_o4,siren,482.717363,1.0000005297e+00,9.9999764522e-01,1.0000315795e+00,9.9992668487e-01,9.9989629561e-01,9.9995639365e-01,5
poly_d2_o4,siren,489.421771,1.0000002682e+00,9.9999750250e-01,1.0000319319e+00,9.9992668487e-01,9.9989629561e-01,9.9995639365e-01,5
poly_d2_o4,siren,496.126179,1.0000000179e+00,9.9999720632e-01,1.0000322733e+00,9.9992668487e-01,9.9989629561e-01,9.9995639365e-01,5
poly_d2_o4,siren,502.830587,9.9999977810e-01,9.9999693132e-01,1.0000326028e+00,9.9992668487e-01,9.9989629561e-01,9.9995639365e-01,5
poly_d2_o4,siren,509.534994,9.9999955022e-01,9.9999664102e-01,1.0000329192e+00,9.9992668487e-01,9.9989629561e-01,9.9995639365e-01,5
poly_d2_o4,siren,516.239402,9.9999933190e-01,9.9999635084e-01,1.0000332242e+00,9.9992668487e-01,9.9989629561e-01,9.9995638837e-01,5
poly_d2_o4,siren,522.943810,9.9999912366e-01,9.9999606285e-01,1.0000335165e+00,9.9992668487e-01,9.9989629561e-01,9.9995519334e-01,5
poly_d2_o4,siren,529.648218,9.9999892349e-01,9.9999577645e-01,1.0000337974e+00,9.9992668487e-01,9.9989629561e-01,9.9994761495e-01,5
poly_d2_o4,siren,536.352626,9.9999831174e-01,9.9999549287e-01,1.0000340680e+00,9.9992668487e-01,9.9989629561e-01,9.9994657625e-01,5
poly_d2_o4,siren,543.057034,9.9999610404e-01,9.9999517670e-01,1.0000343257e+00,9.9992668487e-01,9.9989629561e-01,9.9994657625e-01,5
poly_d2_o4,siren,549.761441,1.0000006033e+00,9.9999719991e-01,1.0000345732e+00,9.9992668487e-01,9.9989629561e-01,9.9994657625e-01,5
poly_d2_o4,siren,556.465849,9.9999977073e-01,9.9999375413e-01,1.0000342718e+00,9.9992668487e-01,9.9989629561e-01,9.9994657625e-01,5
poly_d2_o4,siren,563.170257,9.9999970907e-01,9.9999423758e-01,1.0000354623e+00,9.9992668487e-01,9.9989629561e-01,9.9994657625e-01,5
poly_d2_o4,siren,569.874665,9.9999936219e-01,9.9999357597e-01,1.0000377908e+00,9.9992668487e-01,9.9989629561e-01,9.9994657625e-01,5
poly_d2_o4,siren,576.579073,9.9999910261e-01,9.9999330953e-01,1.0000389429e+00,9.9992668487e-01,9.9989629561e-01,9.9994657625e-01,5
poly_d2_o4,siren,583.283480,9.9999888856e-01,9.9999307582e-01,1.0000387830e+00,9.9992668487e-01,9.9989629561e-01,9.9994657625e-01,5
poly_d2_o4,siren,589.987888,9.9999869922e-01,9.9999282576e-01,1.0000388980e+00,9.9992668487e-01,9.9989629561e-01,9.9994657625e-01,5
poly_d2_o4,siren,596.692296,9.9999853151e-01,9.9999258158e-01,1.0000390376e+00,9.9992668487e-01,9.9989629561e-01,9.9994657625e-01,5
poly_d2_o4,siren,603.396704,9.9999837991e-01,9.9999234372e-01,1.0000392003e+00,9.9992668487e-01,9.9989629561e-01,9.9994657625e-01,5
poly_d2_o4,siren,610.101112,9.9999824089e-01,9.9999211327e-01,1.0000393570e+00,9.9992668487e-01,9.9989629561e-01,9.9994657625e-01,5
poly_d2_o4,siren,616.805520,9.9999811438e-01,9.9999188879e-01,1.0000395141e+00,9.9992668487e-01,9.9989629561e-01,9.9994657625e-01,5
poly_d2_o4,siren,623.509927,9.9999799664e-01,9.9999167030e-01,1.0000396705e+00,9.9992668487e-01,9.9989629561e-01,9.9994657625e-01,5
poly_d2_o4,siren,630.214335,9.9999788724e-01,9.9999145809e-01,1.0000398249e+00,9.9992668487e-01,9.9989629561e-01,9.9994657625e-01,5
poly_d2_o4,siren,636.918743,9.9999778550e-01,9.9999125124e-01,1.0000399767e+00,9.9992668487e-01,9.9989629561e-01,9.9994657625e-01,5
poly_d2_o4,siren,643.623151,9.9999768982e-01,9.9999105027e-01,1.0000401255e+00,9.9992668487e-01,9.9989629561e-01,9.9994657625e-01,5
poly_d2_o4,siren,650.327559,9.9999760036e-01,9.9999085470e-01,1.0000402703e+00,9.9992668487e-01,9.9989629561e-01,9.9994657625e-01,5
poly_d2_o4,siren,657.031966,9.9999751596e-01,9.9999066408e-01,1.0000404114e+00,9.9992668487e-01,9.9989629561e-01,9.9994657625e-01,5
poly_d2_o4,siren,663.736374,9.9999743594e-01,9.9999047926e-01,1.0000405482e+00,9.9992668487e-01,9.9989629561e-01,9.9994657625e-01,5
poly_d2_o4,siren,670.440782,9.9999736089e-01,9.9999029934e-01,1.0000406809e+00,9.9992668487e-01,9.9989629561e-01,9.9994657625e-01,5
poly_d2_o4,siren,677.145190,9.9999728961e-01,9.9999012433e-01,1.0000408098e+00,9.9992668487e-01,9.9989629561e-01,9.9994657625e-01,5
poly_d2_o4,siren,683.849598,9.9999722209e-01,9.9998995474e-01,1.0000409342e+00,9.9992668487e-01,9.9989629561e-01,9.9994657625e-01,5
poly_d2_o4,siren,690.554006,9.9999715820e-01,9.9998978965e-01,1.0000410547e+00,9.9992668487e-01,9.9989629561e-01,9.9994657625e-01,5
poly_d2_o4,siren,697.258413,9.9999709730e-01,9.9998962948e-01,1.0000411713e+00,9.9992668487e-01,9.9989629561e-01,9.9994657625e-01,5
poly_d2_o4,siren,703.962821,9.9999703960e-01,9.9998947412e-01,1.0000412836e+00,9.9992668487e-01,9.9989629561e-01,9.9994657625e-01,5
poly_d2_o4,siren,710.667229,9.9999698461e-01,9.9998932305e-01,1.0000413922e+00,9.9992668487e-01,9.9989629561e-01,9.9994657625e-01,5
poly_d2_o4,siren,717.371637,9.9999693207e-01,9.9998917683e-01,1.0000414970e+00,9.9992668487e-01,9.9989629561e-01,9.9994657625e-01,5
poly_d2_o4,siren,724.076045,9.9999688219e-01,9.9998903484e-01,1.0000415981e+00,9.9992668487e-01,9.9989629561e-01,9.9994657625e-01,5
poly_d2_o4,siren,730.780453,9.9999683440e-01,9.9998889693e-01,1.0000416959e+00,9.9992668487e-01,9.9989629561e-01,9.9994657625e-01,5
poly_d2_o4,siren,737.484860,9.9999678878e-01,9.9998876361e-01,1.0000417900e+00,9.9992668487e-01,9.9989629561e-01,9.9994657625e-01,5
poly_d2_o4,siren,744.189268,9.9999674529e-01,9.9998863408e-01,1.0000418809e+00,9.9992668487e-01,9.9989629561e-01,9.9994657625e-01,5
poly_d2_o4,siren,750.893676,9.9999670351e-01,9.9998850856e-01,1.0000419688e+00,9.9992668487e-01,9.9989629561e-01,9.9994657625e-01,5
poly_d2_o4,siren,757.598084,9.9999666364e-01,9.9998838702e-01,1.0000420533e+00,9.9992668487e-01,9.9989629561e-01,9.9994657625e-01,5
poly_d2_o4,siren,764.302492,9.9999662536e-01,9.9998826898e-01,1.0000421352e+00,9.9992668487e-01,9.9989629561e-01,9.9994657625e-01,5
poly_d2_o4,siren,771.006899,9.9999658855e-01,9.9998815485e-01,1.0000422140e+00,9.9992668487e-01,9.9989629561e-01,9.9994657625e-01,5
poly_d2_o4,siren,777.711307,9.9999655336e-01,9.9998804418e-01,1.0000422901e+00,9.9992668487e-01,9.9989629561e-01,9.9994657625e-01,5
poly_d2_o4,siren,784.415715,9.9999651946e-01,9.9998793677e-01,1.0000423637e+00,9.9992668487e-01,9.9989629561e-01,9.9994657625e-01,5
poly_d2_o4,siren,791.120123,9.9999648688e-01,9.9998783302e-01,1.0000424345e+00,9.9992668487e-01,9.9989629561e-01,9.9994657625e-01,5
poly_d2_o4,siren,797.824531,9.9999645560e-01,9.9998773225e-01,1.0000425030e+00,9.9992668487e-01,9.9989629561e-01,9.9994657625e-01,5
poly_d2_o4,siren,804.528939,9.9999642541e-01,9.9998763465e-01,1.0000425692e+00,9.9992668487e-01,9.9989629561e-01,9.9994657625e-01,5
poly_d2_o4,siren,811.233346,9.9999639643e-01,9.9998754014e-01,1.0000426330e+00,9.9992668487e-01,9.9989629561e-01,9.9994657625e-01,5
poly_d2_o4,siren,817.937754,9.9999636850e-01,9.9998744820e-01,1.0000426948e+00,9.9992668487e-01,9.9989629561e-01,9.9994657625e-01,5
poly_d2_o4,siren,824.642162,9.9999634151e-01,9.9998735924e-01,1.0000427544e+00,9.9992668487e-01,9.9989629561e-01,9.9994657625e-01,5
poly_d2_o4,siren,831.346570,9.9999631558e-01,9.9998727297e-01,1.0000428119e+00,9.9992668487e-01,9.9989629561e-01,9.9994657625e-01,5
poly_d2_o4,siren,838.050978,9.9999629050e-01,9.9998718923e-01,1.0000428677e+00,9.9992668487e-01,9.9989629561e-01,9.9994657625e-01,5
poly_d2_o4,siren,844.755385,9.9999626630e-01,9.9998710835e-01,1.0000429214e+00,9.9992668487e-01,9.9989629561e-01,9.9994657625e-01,5
poly_d2_o4,siren,851.459793,9.9999624297e-01,9.9998702979e-01,1.0000429735e+00,9.9992668487e-01,9.9989629561e-01,9.9994657625e-01,5
poly_d2_o4,siren,858.164201,9.9999622038e-01,9.9998695370e-01,1.0000430238e+00,9.9992668487e-01,9.9989629561e-01,9.9994657625e-01,5
poly_d2_o4,siren,864.868609,9.9999619861e-01,9.9998688001e-01,1.0000430724e+00,9.9992668487e-01,9.9989629561e-01,9.9994657625e-01,5
poly_d2_o4,siren,871.573017,9.9999617755e-01,9.9998680842e-01,1.0000431195e+00,9.9992668487e-01,9.9989629561e-01,9.9994657625e-01,5
poly_d2_o4,siren,878.277425,9.9999615715e-01,9.9998673924e-01,1.0000431650e+00,9.9992668487e-01,9.9989629561e-01,9.9994657625e-01,5
poly_d2_o4,siren,884.981832,9.9999613748e-01,9.9998667207e-01,1.0000432090e+00,9.9992668487e-01,9.9989629561e-01,9.9994657625e-01,5
poly_d2_o4,siren,891.686240,9.9999611840e-01,9.9998660686e-01,1.0000432517e+00,9.9992668487e-01,9.9989629561e-01,9.9994657625e-01,5
poly_d2_o4,siren,898.390648,9.9999609994e-01,9.9998654381e-01,1.0000432929e+00,9.9992668487e-01,9.9989629561e-01,9.9994657625e-01,5
poly_d2_o4,siren,905.095056,9.9999608209e-01,9.9998648253e-01,1.0000433328e+00,9.9992668487e-01,9.9989629561e-01,9.9994657625e-01,5
poly_d2_o4,siren,911.799464,9.9999606476e-01,9.9998642314e-01,1.0000433715e+00,9.9992668487e-01,9.9989629561e-01,9.9994657625e-01,5
poly_d2_o4,siren,918.503872,9.9999604800e-01,9.9998636557e-01,1.0000434089e+00,9.9992668487e-01,9.9989629561e-01,9.9994657625e-01,5
poly_d2_o4,siren,925.208279,9.9999603174e-01,9.9998630958e-01,1.0000434453e+00,9.9992668487e-01,9.9989629561e-01,9.9994657625e-01,5
poly_d2_o4,siren,931.912687,9.9999601596e-01,9.9998625543e-01,1.0000434804e+00,9.9992668487e-01,9.9989629561e-01,9.9994657625e-01,5
poly_d2_o4,siren,938.617095,9.9999600069e-01,9.9998620279e-01,1.0000435145e+00,9.9992668487e-01,9.9989629561e-01,9.9994657625e-01,5
poly_d2_o4,siren,945.321503,9.9999598585e-01,9.9998615163e-01,1.0000435476e+00,9.9992668487e-01,9.9989629561e-01,9.9994657625e-01,5
poly_d2_o4,siren,952.025911,9.9999597144e-01,9.9998610208e-01,1.0000435796e+00,9.9992668487e-01,9.9989629561e-01,9.9994657625e-01,5
poly_d2_o4,siren,958.730318,9.9999595747e-01,9.9998605385e-01,1.0000436108e+00,9.9992668487e-01,9.9989629561e-01,9.9994657625e-01,5
poly_d2_o4,siren,965.434726,9.9999594387e-01,9.9998600705e-01,1.0000436410e+00,9.9992668487e-01,9.9989629561e-01,9.9994657625e-01,5
poly_d2_o4,siren,972.139134,9.9999593069e-01,9.9998596160e-01,1.0000436702e+00,9.9992668487e-01,9.9989629561e-01,9.9994657625e-01,5
poly_d2_o4,siren,978.843542,9.9999591786e-01,9.9998591734e-01,1.0000436988e+00,9.9992668487e-01,9.9989629561e-01,9.9994657625e-01,5
poly_d2_o4,siren,985.547950,9.9999590537e-01,9.9998587444e-01,1.0000437264e+00,9.9992668487e-01,9.9989629561e-01,9.9994657625e-01,5
poly_d2_o4,siren,992.252358,9.9999589327e-01,9.9998583267e-01,1.0000437533e+00,9.9992668487e-01,9.9989629561e-01,9.9994657625e-01,5
poly_d2_o4,siren,998.956765,9.9999588146e-01,9.9998579200e-01,1.0000437794e+00,9.9992668487e-01,9.9989629561e-01,9.9994657625e-01,5
poly_d2_o4,siren,1005.661173,9.9999586996e-01,9.9998575256e-01,1.0000438048e+00,9.9992668487e-01,9.9989629561e-01,9.9994657625e-01,5
poly_d2_o4,siren,1012.365581,9.9999585877e-01,9.9998571409e-01,1.0000438296e+00,9.9992668487e-01,9.9989629561e-01,9.9994657625e-01,5
poly_d2_o4,siren,1019.069989,9.9999584784e-01,9.9998567660e-01,1.0000438537e+00,9.9992668487e-01,9.9989629561e-01,9.9994657625e-01,5
poly_d2_o4,siren,1025.774397,9.9999583721e-01,9.9998564007e-01,1.0000438771e+00,9.9992668487e-01,9.9989629561e-01,9.9994657625e-01,5
poly_d2_o4,siren,1032.478804,9.9999582684e-01,9.9998560438e-01,1.0000439000e+00,9.9992668487e-01,9.9989629561e-01,9.9994657625e-01,5
poly_d2_o4,siren,1039.183212,9.9999581669e-01,9.9998556967e-01,1.0000439223e+00,9.9992668487e-01,9.9989629561e-01,9.9994657625e-01,5
poly_d2_o4,siren,1045.887620,9.9999580681e-01,9.9998553574e-01,1.0000439440e+00,9.9992668487e-01,9.9989629561e-01,9.9994657625e-01,5
poly_d2_o4,siren,1052.592028,9.9999579713e-01,9.9998550261e-01,1.0000439653e+00,9.9992668487e-01,9.9989629561e-01,9.9994657625e-01,5
poly_d2_o4,siren,1059.296436,9.9999578767e-01,9.9998547028e-01,1.0000439860e+00,9.9992668487e-01,9.9989629561e-01,9.9994657625e-01,5
poly_d2_o4,siren,1066.000844,9.9999577841e-01,9.9998543860e-01,1.0000440063e+00,9.9992668487e-01,9.9989629561e-01,9.9994657625e-01,5
poly_d2_o4,siren,1072.705251,9.9999576933e-01,9.9998540766e-01,1.0000440262e+00,9.9992668487e-01,9.9989629561e-01,9.9994657625e-01,5
poly_d2_o4,siren,1079.409659,9.9999576044e-01,9.9998537734e-01,1.0000440456e+00,9.9992668487e-01,9.9989629561e-01,9.9994657625e-01,5
poly_d2_o4,siren,1086.114067,9.9999575172e-01,9.9998534759e-01,1.0000440647e+00,9.9992668487e-01,9.9989629561e-01,9.9994657625e-01,5
poly_d2_o4,siren,1092.818475,9.9999574314e-01,9.9998531848e-01,1.0000440834e+00,9.9992668487e-01,9.9989629561e-01,9.9994657625e-01,5
poly_d2_o4,siren,1099.522883,9.9999573473e-01,9.9998528986e-01,1.0000441017e+00,9.9992668487e-01,9.9989629561e-01,9.9994657625e-01,5
poly_d2_o4,siren,1106.227291,9.9999572645e-01,9.9998526175e-01,1.0000441198e+00,9.9992668487e-01,9.9989629561e-01,9.9994657625e-01,5
poly_d2_o4,siren,1112.931698,9.9999571828e-01,9.9998523412e-01,1.0000441375e+00,9.9992668487e-01,9.9989629561e-01,9.9994657625e-01,5
poly_d2_o4,siren,1119.636106,9.9999571024e-01,9.9998520688e-01,1.0000441550e+00,9.9992668487e-01,9.9989629561e-01,9.9994657625e-01,5
poly_d2_o4,siren,1126.340514,9.9999570229e-01,9.9998518006e-01,1.0000441722e+00,9.9992668487e-01,9.9989629561e-01,9.9994657625e-01,5
poly_d2_o4,siren,1133.044922,9.9999569445e-01,9.9998515359e-01,1.0000441892e+00,9.9992668487e-01,9.9989629561e-01,9.9994657625e-01,5
poly_d2_o4,siren,1139.749330,9.9999568669e-01,9.9998512743e-01,1.0000442060e+00,9.9992668487e-01,9.9989629561e-01,9.9994657625e-01,5
poly_d2_o4,siren,1146.453737,9.9999567899e-01,9.9998510158e-01,1.0000442226e+00,9.9992668487e-01,9.9989629561e-01,9.9994657625e-01,5
poly_d2_o4,siren,1153.158145,9.9999567137e-01,9.9998507597e-01,1.0000442391e+00,9.9992668487e-01,9.9989629561e-01,9.9994657625e-01,5
poly_d2_o4,siren,1159.862553,9.9999566379e-01,9.9998505059e-01,1.0000442554e+00,9.9992668487e-01,9.9989629561e-01,9.9994657625e-01,5
poly_d2_o4,siren,1166.566961,9.9999565627e-01,9.9998502540e-01,1.0000442716e+00,9.9992668487e-01,9.9989629561e-01,9.9994657625e-01,5
poly_d2_o4,siren,1173.271369,9.9999564877e-01,9.9998500036e-01,1.0000442877e+00,9.9992668487e-01,9.9989629561e-01,9.9994657625e-01,5
poly_d2_o4,siren,1179.975777,9.9999564130e-01,9.9998497545e-01,1.0000443038e+00,9.9992668487e-01,9.9989629561e-01,9.9994657625e-01,5
poly_d2_o4,siren,1186.680184,9.9999563384e-01,9.9998495062e-01,1.0000443198e+00,9.9992668487e-01,9.9989629561e-01,9.9994657625e-01,5
poly_d2_o4,siren,1193.384592,9.9999562638e-01,9.9998492585e-01,1.0000443358e+00,9.9992668487e-01,9.9989629561e-01,9.9994657625e-01,5
poly_d2_o4,siren,1200.089000,9.9999468590e-01,9.9998477907e-01,1.0000410442e+00,9.9992668487e-01,9.9989629561e-01,9.9994657625e-01,5
poly_d2_o4,fourier,0.000000,1.0031257508e+00,9.9501951004e-01,1.0219652862e+00,1.0031257508e+00,9.9501951004e-01,1.0219652862e+00,5
poly_d2_o4,fourier,6.706028,1.0031257508e+00,9.9501951004e-01,1.0219652862e+00,1.0031257508e+00,9.9501951004e-01,1.0219652862e+00,5
poly_d2_o4,fourier,13.412056,1.0026295477e+00,9.9538382468e-01,1.0168443251e+00,1.0026295477e+00,9.9501951004e-01,1.0168443251e+00,5
poly_d2_o4,fourier,20.118084,1.0012830839e+00,9.9637118653e-01,1.0029923316e+00,1.0012830839e+00,9.9501951004e-01,1.0029923316e+00,5
poly_d2_o4,fourier,26.824112,9.9559503851e-01,9.9417846254e-01,9.9605168713e-01,9.9499664209e-01,9.9309458050e-01,9.9559503851e-01,5
poly_d2_o4,fourier,33.530140,9.9502955426e-01,9.9170424361e-01,9.9586329604e-01,9.9309458050e-01,9.9170424361e-01,9.9496147128e-01,5
poly_d2_o4,fourier,40.236168,9.9432916105e-01,9.9050412507e-01,9.9592539349e-01,9.9309458050e-01,9.9050412507e-01,9.9432916105e-01,5
poly_d2_o4,fourier,46.942196,9.9372698021e-01,9.8957032756e-01,9.9583800055e-01,9.9309458050e-01,9.8957032756e-01,9.9372698021e-01,5
poly_d2_o4,fourier,53.648223,9.9339981337e-01,9.8879688269e-01,9.9569995494e-01,9.9309458050e-01,9.8879688269e-01,9.9339981337e-01,5
poly_d2_o4,fourier,60.354251,9.9310355645e-01,9.8805300666e-01,9.9548160361e-01,9.9309458050e-01,9.8805300666e-01,9.9310355645e-01,5
poly_d2_o4,fourier,67.060279,9.9283907185e-01,9.8734122678e-01,9.9517580536e-01,9.9283907185e-01,9.8734122678e-01,9.9309458050e-01,5
poly_d2_o4,fourier,73.766307,9.9263552340e-01,9.8658030332e-01,9.9478622872e-01,9.9263552340e-01,9.8658030332e-01,9.9309458050e-01,5
poly_d2_o4,fourier,80.472335,9.9245137284e-01,9.8580422060e-01,9.9419366170e-01,9.9245137284e-01,9.8580422060e-01,9.9309458050e-01,5
poly_d2_o4,fourier,87.178363,9.9229441111e-01,9.8503493380e-01,9.9356922712e-01,9.9229441111e-01,9.8503493380e-01,9.9309458050e-01,5
poly_d2_o4,fourier,93.884391,9.9213913120e-01,9.8426910139e-01,9.9293762160e-01,9.9213913120e-01,9.8426910139e-01,9.9293762160e-01,5
poly_d2_o4,fourier,100.590419,9.9198715366e-01,9.8351012647e-01,9.9229029520e-01,9.9198715366e-01,9.8351012647e-01,9.9229029520e-01,5
poly_d2_o4,fourier,107.296447,9.9163893384e-01,9.8274694889e-01,9.9183567910e-01,9.9163893384e-01,9.8274694889e-01,9.9183567910e-01,5
poly_d2_o4,fourier,114.002475,9.9098501560e-01,9.8198105096e-01,9.9168452598e-01,9.9098501560e-01,9.8198105096e-01,9.9168452598e-01,5
poly_d2_o4,fourier,120.708503,9.9031885499e-01,9.8120263560e-01,9.9153067770e-01,9.9031885499e-01,9.8120263560e-01,9.9153067770e-01,5
poly_d2_o4,fourier,127.414531,9.8964886130e-01,9.8042043389e-01,9.9137574205e-01,9.8964886130e-01,9.8042043389e-01,9.9137574205e-01,5
poly_d2_o4,fourier,134.120559,9.8896587365e-01,9.7962477250e-01,9.9121714397e-01,9.8896587365e-01,9.7962477250e-01,9.9121714397e-01,5
poly_d2_o4,fourier,140.826587,9.8827567384e-01,9.7882238029e-01,9.9105495840e-01,9.8827567384e-01,9.7882238029e-01,9.9105495840e-01,5
poly_d2_o4,fourier,147.532615,9.8757609404e-01,9.7801066454e-01,9.9061823811e-01,9.8757609404e-01,9.7801066454e-01,9.9061823811e-01,5
poly_d2_o4,fourier,154.238642,9.8686362585e-01,9.7718704482e-01,9.9017168152e-01,9.8686362585e-01,9.7718704482e-01,9.9017168152e-01,5
poly_d2_o4,fourier,160.944670,9.8614643334e-01,9.7635881465e-01,9.8972107099e-01,9.8614643334e-01,9.7635881465e-01,9.8972107099e-01,5
poly_d2_o4,fourier,167.650698,9.8541006401e-01,9.7551368629e-01,9.8925813455e-01,9.8541006401e-01,9.7551368629e-01,9.8925813455e-01,5
poly_d2_o4,fourier,174.356726,9.8466823954e-01,9.7466421753e-01,9.8879225848e-01,9.8466823954e-01,9.7466421753e-01,9.8879225848e-01,5
poly_d2_o4,fourier,181.062754,9.8391163768e-01,9.7380210350e-01,9.8831826786e-01,9.8391163768e-01,9.7380210350e-01,9.8831826786e-01,5
poly_d2_o4,fourier,187.768782,9.8314265693e-01,9.7293080875e-01,9.8783910379e-01,9.8314265693e-01,9.7293080875e-01,9.8783910379e-01,5
poly_d2_o4,fourier,194.474810,9.8236420279e-01,9.7205189447e-01,9.8735549731e-01,9.8236420279e-01,9.7205189447e-01,9.8735549731e-01,5
poly_d2_o4,fourier,201.180838,9.8156553087e-01,9.7115848869e-01,9.8686493901e-01,9.8156553087e-01,9.7115848869e-01,9.8686493901e-01,5
poly_d2_o4,fourier,207.886866,9.8076037204e-01,9.7026060341e-01,9.8637226931e-01,9.8076037204e-01,9.7026060341e-01,9.8637226931e-01,5
poly_d2_o4,fourier,214.592894,9.7993295534e-01,9.6934596824e-01,9.8587282714e-01,9.7993295534e-01,9.6934596824e-01,9.8587282714e-01,5
poly_d2_o4,fourier,221.298922,9.7909472816e-01,9.6842488093e-01,9.8537112184e-01,9.7909472816e-01,9.6842488093e-01,9.8537112184e-01,5
poly_d2_o4,fourier,228.004950,9.7824040829e-01,9.6749287105e-01,9.8486540010e-01,9.7824040829e-01,9.6749287105e-01,9.8486540010e-01,5
poly_d2_o4,fourier,234.710978,9.7736638973e-01,9.6654891364e-01,9.8435605226e-01,9.7736638973e-01,9.6654891364e-01,9.8435605226e-01,5
poly_d2_o4,fourier,241.417006,9.7648387149e-01,9.6559937174e-01,9.8384486300e-01,9.7648387149e-01,9.6559937174e-01,9.8384486300e-01,5
poly_d2_o4,fourier,248.123034,9.7557190133e-01,9.6463226342e-01,9.8332911932e-01,9.7557190133e-01,9.6463226342e-01,9.8332911932e-01,5
poly_d2_o4,fourier,254.829061,9.7465160461e-01,9.6366058600e-01,9.8281230634e-01,9.7465160461e-01,9.6366058600e-01,9.8281230634e-01,5
poly_d2_o4,fourier,261.535089,9.7370759721e-01,9.6267462440e-01,9.8229203812e-01,9.7370759721e-01,9.6267462440e-01,9.8229203812e-01,5
poly_d2_o4,fourier,268.241117,9.7426006624e-01,9.6167943711e-01,9.8177012427e-01,9.7326576576e-01,9.6167943711e-01,9.8177012427e-01,5
poly_d2_o4,fourier,274.947145,9.7613311046e-01,9.6067532624e-01,9.8124642776e-01,9.7326576576e-01,9.6067532624e-01,9.8124642776e-01,5
poly_d2_o4,fourier,281.653173,9.7389520716e-01,9.5965640411e-01,9.8072029050e-01,9.7220246263e-01,9.5965640411e-01,9.8072029050e-01,5
poly_d2_o4,fourier,288.359201,9.7099210293e-01,9.5863288430e-01,9.8019346102e-01,9.7099210293e-01,9.5863288430e-01,9.8019346102e-01,5
poly_d2_o4,fourier,295.065229,9.7070445386e-01,9.5759139979e-01,9.7966397828e-01,9.7070445386e-01,9.5759139979e-01,9.7966397828e-01,5
poly_d2_o4,fourier,301.771257,9.7025822522e-01,9.5654385165e-01,9.7913393530e-01,9.7025822522e-01,9.5654385165e-01,9.7913393530e-01,5
poly_d2_o4,fourier,308.477285,9.6954886159e-01,9.5548412063e-01,9.7860235232e-01,9.6954886159e-01,9.5548412063e-01,9.7860235232e-01,5
poly_d2_o4,fourier,315.183313,9.6859502692e-01,9.5441247102e-01,9.7806961578e-01,9.6859502692e-01,9.5441247102e-01,9.7806961578e-01,5
poly_d2_o4,fourier,321.889341,9.6751458648e-01,9.5333439426e-01,9.7753618525e-01,9.6751458648e-01,9.5333439426e-01,9.7753618525e-01,5
poly_d2_o4,fourier,328.595369,9.6654428528e-01,9.5223873139e-01,9.7700123899e-01,9.6654428528e-01,9.5223873139e-01,9.7700123899e-01,5
poly_d2_o4,fourier,335.301397,9.6557851375e-01,9.5113853228e-01,9.7646604595e-01,9.6557851375e-01,9.5113853228e-01,9.7646604595e-01,5
poly_d2_o4,fourier,342.007425,9.6460124701e-01,9.5002300726e-01,9.7592959096e-01,9.6460124701e-01,9.5002300726e-01,9.7592959096e-01,5
poly_d2_o4,fourier,348.713453,9.6360710311e-01,9.4889887355e-01,9.7539284375e-01,9.6360710311e-01,9.4889887355e-01,9.7539284375e-01,5
poly_d2_o4,fourier,355.419480,9.6259625764e-01,9.4776513586e-01,9.7485560885e-01,9.6259625764e-01,9.4776513586e-01,9.7485560885e-01,5
poly_d2_o4,fourier,362.125508,9.6156209861e-01,9.4661734145e-01,9.7431775919e-01,9.6156209861e-01,9.4661734145e-01,9.7431775919e-01,5
poly_d2_o4,fourier,368.831536,9.6052026977e-01,9.4546521602e-01,9.7377982728e-01,9.6052026977e-01,9.4546521602e-01,9.7377982728e-01,5
poly_d2_o4,fourier,375.537564,9.5944935346e-01,9.4429486501e-01,9.7324117901e-01,9.5944935346e-01,9.4429486501e-01,9.7324117901e-01,5
poly_d2_o4,fourier,382.243592,9.5836871784e-01,9.4311948829e-01,9.7270263468e-01,9.5836871784e-01,9.4311948829e-01,9.7270263468e-01,5
poly_d2_o4,fourier,388.949620,9.5726836988e-01,9.4193176436e-01,9.7216388849e-01,9.5726836988e-01,9.4193176436e-01,9.7216388849e-01,5
poly_d2_o4,fourier,395.655648,9.5614965277e-01,9.4073371082e-01,9.7162516529e-01,9.5614965277e-01,9.4073371082e-01,9.7162516529e-01,5
poly_d2_o4,fourier,402.361676,9.5502035262e-01,9.3952931268e-01,9.7108650581e-01,9.5502035262e-01,9.3952931268e-01,9.7108650581e-01,5
poly_d2_o4,fourier,409.067704,9.5386413351e-01,9.3830903751e-01,9.7054801948e-01,9.5386413351e-01,9.3830903751e-01,9.7054801948e-01,5
poly_d2_o4,fourier,415.773732,9.5270047708e-01,9.3708490538e-01,9.7000980563e-01,9.5270047708e-01,9.3708490538e-01,9.7000980563e-01,5
poly_d2_o4,fourier,422.479760,9.5151229875e-01,9.3584642567e-01,9.6947190777e-01,9.5151229875e-01,9.3584642567e-01,9.6947190777e-01,5
poly_d2_o4,fourier,429.185788,9.5031078330e-01,9.3460125162e-01,9.6893434592e-01,9.5031078330e-01,9.3460125162e-01,9.6893434592e-01,5
poly_d2_o4,fourier,435.891816,9.4909354629e-01,9.3334729233e-01,9.6839714545e-01,9.4909354629e-01,9.3334729233e-01,9.6839714545e-01,5
poly_d2_o4,fourier,442.597844,9.4785417511e-01,9.3208188241e-01,9.6786051360e-01,9.4785417511e-01,9.3208188241e-01,9.6786051360e-01,5
poly_d2_o4,fourier,449.303872,9.4660749544e-01,9.3081310637e-01,9.6732432352e-01,9.4660749544e-01,9.3081310637e-01,9.6732432352e-01,5
poly_d2_o4,fourier,456.009899,9.4533111844e-01,9.2952944875e-01,9.6678920305e-01,9.4533111844e-01,9.2952944875e-01,9.6678920305e-01,5
poly_d2_o4,fourier,462.715927,9.4404683689e-01,9.2824288868e-01,9.6625467862e-01,9.4404683689e-01,9.2824288868e-01,9.6625467862e-01,5
poly_d2_o4,fourier,469.421955,9.4274201590e-01,9.2694646870e-01,9.6572135915e-01,9.4274201590e-01,9.2694646870e-01,9.6572135915e-01,5
poly_d2_o4,fourier,476.127983,9.4142050830e-01,9.2564274562e-01,9.6518901374e-01,9.4142050830e-01,9.2564274562e-01,9.6518901374e-01,5
poly_d2_o4,fourier,482.834011,9.4008754394e-01,9.2433387093e-01,9.6465766798e-01,9.4008754394e-01,9.2433387093e-01,9.6465766798e-01,5
poly_d2_o4,fourier,489.540039,9.3872955027e-01,9.2301404084e-01,9.6412800359e-01,9.3872955027e-01,9.2301404084e-01,9.6412800359e-01,5
poly_d2_o4,fourier,496.246067,9.3736481263e-01,9.2169200289e-01,9.6359913847e-01,9.3736481263e-01,9.2169200289e-01,9.6359913847e-01,5
poly_d2_o4,fourier,502.952095,9.3597544262e-01,9.2035961507e-01,9.6307237080e-01,9.3597544262e-01,9.2035961507e-01,9.6307237080e-01,5
poly_d2_o4,fourier,509.658123,9.3457543733e-01,9.1902373792e-01,9.6254663885e-01,9.3457543733e-01,9.1902373792e-01,9.6254663885e-01,5
poly_d2_o4,fourier,516.364151,9.3316006038e-01,9.1768184641e-01,9.6202271930e-01,9.3316006038e-01,9.1768184641e-01,9.6202271930e-01,5
poly_d2_o4,fourier,523.070179,9.3172545456e-01,9.1633306031e-01,9.6150063889e-01,9.3172545456e-01,9.1633306031e-01,9.6150063889e-01,5
poly_d2_o4,fourier,529.776207,9.3028390211e-01,9.1498217859e-01,9.6097984134e-01,9.3028390211e-01,9.1498217859e-01,9.6097984134e-01,5
poly_d2_o4,fourier,536.482235,9.2881568291e-01,9.1362204937e-01,9.6046196259e-01,9.2881568291e-01,9.1362204937e-01,9.6046196259e-01,5
poly_d2_o4,fourier,543.188263,9.2734166680e-01,9.1226108270e-01,9.5994520844e-01,9.2734166680e-01,9.1226108270e-01,9.5994520844e-01,5
poly_d2_o4,fourier,549.894291,9.2584858912e-01,9.1089464176e-01,9.5943128751e-01,9.2584858912e-01,9.1089464176e-01,9.5943128751e-01,5
poly_d2_o4,fourier,556.600318,9.2434262165e-01,9.0952578878e-01,9.5891915559e-01,9.2434262165e-01,9.0952578878e-01,9.5891915559e-01,5
poly_d2_o4,fourier,563.306346,9.2282607421e-01,9.0815499518e-01,9.5840917261e-01,9.2282607421e-01,9.0815499518e-01,9.5840917261e-01,5
poly_d2_o4,fourier,570.012374,9.2128962137e-01,9.0678047620e-01,9.5790205640e-01,9.2128962137e-01,9.0678047620e-01,9.5790205640e-01,5
poly_d2_o4,fourier,576.718402,9.1974808763e-01,9.0540608080e-01,9.5739620935e-01,9.1974808763e-01,9.0540608080e-01,9.5739620935e-01,5
poly_d2_o4,fourier,583.424430,9.1818445524e-01,9.0402772172e-01,9.5689445464e-01,9.1818445524e-01,9.0402772172e-01,9.5689445464e-01,5
poly_d2_o4,fourier,590.130458,9.1661341537e-01,9.0264948672e-01,9.5639422453e-01,9.1661341537e-01,9.0264948672e-01,9.5639422453e-01,5
poly_d2_o4,fourier,596.836486,9.1502857689e-01,9.0126994489e-01,9.5589741428e-01,9.1502857689e-01,9.0126994489e-01,9.5589741428e-01,5
poly_d2_o4,fourier,603.542514,9.1342916849e-01,8.9988958773e-01,9.5540328699e-01,9.1342916849e-01,8.9988958773e-01,9.5540328699e-01,5
poly_d2_o4,fourier,610.248542,9.1182359207e-01,8.9850974437e-01,9.5491128496e-01,9.1182359207e-01,8.9850974437e-01,9.5491128496e-01,5
poly_d2_o4,fourier,616.954570,9.1019707428e-01,8.9712937015e-01,9.5442352629e-01,9.1019707428e-01,8.9712937015e-01,9.5442352629e-01,5
poly_d2_o4,fourier,623.660598,9.0856648720e-01,8.9575018473e-01,9.5393737558e-01,9.0856648720e-01,8.9575018473e-01,9.5393737558e-01,5
poly_d2_o4,fourier,630.366626,9.0691947335e-01,8.9437032673e-01,9.5345587193e-01,9.0691947335e-01,8.9437032673e-01,9.5345587193e-01,5
poly_d2_o4,fourier,637.072654,9.0526330721e-01,8.9299170355e-01,9.5297670599e-01,9.0526330721e-01,8.9299170355e-01,9.5297670599e-01,5
poly_d2_o4,fourier,643.778682,9.0359796022e-01,8.9161426114e-01,9.5250087444e-01,9.0359796022e-01,8.9161426114e-01,9.5250087444e-01,5
poly_d2_o4,fourier,650.484709,9.0191708223e-01,8.9023872088e-01,9.5202907818e-01,9.0191708223e-01,8.9023872088e-01,9.5202907818e-01,5
poly_d2_o4,fourier,657.190737,9.0023269469e-01,8.8886525916e-01,9.5155927434e-01,9.0023269469e-01,8.8886525916e-01,9.5155927434e-01,5
poly_d2_o4,fourier,663.896765,8.9852969573e-01,8.8749440633e-01,9.5109516225e-01,8.9852969573e-01,8.8749440633e-01,9.5109516225e-01,5
poly_d2_o4,fourier,670.602793,8.9682240825e-01,8.8612613179e-01,9.5063292805e-01,8.9682240825e-01,8.8612613179e-01,9.5063292805e-01,5
poly_d2_o4,fourier,677.308821,8.9510366561e-01,8.8476091596e-01,9.5017541866e-01,8.9510366561e-01,8.8476091596e-01,9.5017541866e-01,5
poly_d2_o4,fourier,684.014849,8.9337425833e-01,8.8339920697e-01,9.4972132719e-01,8.9337425833e-01,8.8339920697e-01,9.4972132719e-01,5
poly_d2_o4,fourier,690.720877,8.9163956213e-01,8.8204049354e-01,9.4927037901e-01,8.9163956213e-01,8.8204049354e-01,9.4927037901e-01,5
poly_d2_o4,fourier,697.426905,8.8988915100e-01,8.8068670662e-01,9.4882479176e-01,8.8988915100e-01,8.8068670662e-01,9.4882479176e-01,5
poly_d2_o4,fourier,704.132933,8.8813652623e-01,8.7933606581e-01,9.4838122808e-01,8.8813652623e-01,8.7933606581e-01,9.4838122808e-01,5
poly_d2_o4,fourier,710.838961,8.8637143621e-01,8.7799097458e-01,9.4794399321e-01,8.8637143621e-01,8.7799097458e-01,9.4794399321e-01,5
poly_d2_o4,fourier,717.544989,8.8460146346e-01,8.7665014105e-01,9.4750935324e-01,8.8460146346e-01,8.7665014105e-01,9.4750935324e-01,5
poly_d2_o4,fourier,724.251017,8.8282523155e-01,8.7531402199e-01,9.4707915217e-01,8.8282523155e-01,8.7531402199e-01,9.4707915217e-01,5
poly_d2_o4,fourier,730.957045,8.8103986133e-01,8.7398444333e-01,9.4665366097e-01,8.8103986133e-01,8.7398444333e-01,9.4665366097e-01,5
poly_d2_o4,fourier,737.663073,8.7925333393e-01,8.7265861537e-01,9.4623089237e-01,8.7925333393e-01,8.7265861537e-01,9.4623089237e-01,5
poly_d2_o4,fourier,744.369101,8.7745536119e-01,8.7134146726e-01,9.4581485919e-01,8.7745536119e-01,8.7134146726e-01,9.4581485919e-01,5
poly_d2_o4,fourier,751.075128,8.7565692466e-01,8.7002858321e-01,9.4540104014e-01,8.7565692466e-01,8.7002858321e-01,9.4540104014e-01,5
poly_d2_o4,fourier,757.781156,8.7385273757e-01,8.6872313248e-01,9.4499325589e-01,8.7385273757e-01,8.6872313248e-01,9.4499325589e-01,5
poly_d2_o4,fourier,764.487184,8.7204520872e-01,8.6742460272e-01,9.4458928491e-01,8.7204520872e-01,8.6742460272e-01,9.4458928491e-01,5
poly_d2_o4,fourier,771.193212,8.7023643409e-01,8.6613167570e-01,9.4418942948e-01,8.7023643409e-01,8.6613167570e-01,9.4418942948e-01,5
poly_d2_o4,fourier,777.899240,8.6842323910e-01,8.6484932460e-01,9.4379544910e-01,8.6842323910e-01,8.6484932460e-01,9.4379544910e-01,5
poly_d2_o4,fourier,784.605268,8.6661137386e-01,8.6357180706e-01,9.4340374575e-01,8.6661137386e-01,8.6357180706e-01,9.4340374575e-01,5
poly_d2_o4,fourier,791.311296,8.6479640171e-01,8.6230550220e-01,9.4301968637e-01,8.6479640171e-01,8.6230550220e-01,9.4301968637e-01,5
poly_d2_o4,fourier,798.017324,8.6298305857e-01,8.6104606713e-01,9.4263828896e-01,8.6298305857e-01,8.6104606713e-01,9.4263828896e-01,5
poly_d2_o4,fourier,804.723352,8.6117062996e-01,8.5979543169e-01,9.4226240695e-01,8.6117062996e-01,8.5979543169e-01,9.4226240695e-01,5
poly_d2_o4,fourier,811.429380,8.5935929475e-01,8.5855572068e-01,9.4189142188e-01,8.5935929475e-01,8.5855572068e-01,9.4189142188e-01,5
poly_d2_o4,fourier,818.135408,8.5755066047e-01,8.5732170561e-01,9.4152377245e-01,8.5755066047e-01,8.5732170561e-01,9.4152377245e-01,5
poly_d2_o4,fourier,824.841436,8.5610396913e-01,8.5574551200e-01,9.4116336670e-01,8.5610396913e-01,8.5574551200e-01,9.4116336670e-01,5
poly_d2_o4,fourier,831.547464,8.5489229117e-01,8.5394465630e-01,9.4080537660e-01,8.5489229117e-01,8.5394465630e-01,9.4080537660e-01,5
poly_d2_o4,fourier,838.253492,8.5369377918e-01,8.5214891850e-01,9.4045442344e-01,8.5369377918e-01,8.5214891850e-01,9.4045442344e-01,5
poly_d2_o4,fourier,844.959520,8.5250566912e-01,8.5035898462e-01,9.4010724129e-01,8.5250566912e-01,8.5035898462e-01,9.4010724129e-01,5
poly_d2_o4,fourier,851.665547,8.5132663072e-01,8.4857445193e-01,9.3976488097e-01,8.5132663072e-01,8.4857445193e-01,9.3976488097e-01,5
poly_d2_o4,fourier,858.371575,8.5016294038e-01,8.4679942194e-01,9.3942833523e-01,8.5016294038e-01,8.4679942194e-01,9.3942833523e-01,5
poly_d2_o4,fourier,865.077603,8.4900563214e-01,8.4503025185e-01,9.3909417429e-01,8.4900563214e-01,8.4503025185e-01,9.3909417429e-01,5
poly_d2_o4,fourier,871.783631,8.4786600411e-01,8.4327250766e-01,9.3876835378e-01,8.4786600411e-01,8.4327250766e-01,9.3876835378e-01,5
poly_d2_o4,fourier,878.489659,8.4673496284e-01,8.4152298276e-01,9.3844496494e-01,8.4673496284e-01,8.4152298276e-01,9.3844496494e-01,5
poly_d2_o4,fourier,885.195687,8.4561700693e-01,8.3978405866e-01,9.3812769527e-01,8.4561700693e-01,8.3978405866e-01,9.3812769527e-01,5
poly_d2_o4,fourier,891.901715,8.4451310535e-01,8.3805796341e-01,9.3781506847e-01,8.4451310535e-01,8.3805796341e-01,9.3781506847e-01,5
poly_d2_o4,fourier,898.607743,8.4341718205e-01,8.3633983210e-01,9.3750619038e-01,8.4341718205e-01,8.3633983210e-01,9.3750619038e-01,5
poly_d2_o4,fourier,905.313771,8.4234139944e-01,8.3464018733e-01,9.3720417634e-01,8.4234139944e-01,8.3464018733e-01,9.3720417634e-01,5
poly_d2_o4,fourier,912.019799,8.4127256987e-01,8.3294897243e-01,9.3690453023e-01,8.4127256987e-01,8.3294897243e-01,9.3690453023e-01,5
poly_d2_o4,fourier,918.725827,8.4022075332e-01,8.3127493132e-01,9.3661217413e-01,8.4022075332e-01,8.3127493132e-01,9.3661217413e-01,5
poly_d2_o4,fourier,925.431855,8.3918039128e-01,8.2961427024e-01,9.3632305999e-01,8.3918039128e-01,8.2961427024e-01,9.3632305999e-01,5
poly_d2_o4,fourier,932.137883,8.3815160984e-01,8.2796619373e-01,9.3603888671e-01,8.3815160984e-01,8.2796619373e-01,9.3603888671e-01,5
poly_d2_o4,fourier,938.843911,8.3714034206e-01,8.2633843845e-01,9.3576024258e-01,8.3714034206e-01,8.2633843845e-01,9.3576024258e-01,5
poly_d2_o4,fourier,945.549939,8.3613614716e-01,8.2471995178e-01,9.3548432032e-01,8.3613614716e-01,8.2471995178e-01,9.3548432032e-01,5
poly_d2_o4,fourier,952.255966,8.3515288358e-01,8.2312520196e-01,9.3521599675e-01,8.3515288358e-01,8.2312520196e-01,9.3521599675e-01,5
poly_d2_o4,fourier,958.961994,8.3417798679e-01,8.2154215697e-01,9.3494986203e-01,8.3417798679e-01,8.2154215697e-01,9.3494986203e-01,5
poly_d2_o4,fourier,965.668022,8.3321849172e-01,8.1997731757e-01,9.3468961406e-01,8.3321849172e-01,8.1997731757e-01,9.3468961406e-01,5
poly_d2_o4,fourier,972.374050,8.3227266184e-01,8.1843122230e-01,9.3443319439e-01,8.3227266184e-01,8.1843122230e-01,9.3443319439e-01,5
poly_d2_o4,fourier,979.080078,8.3133577617e-01,8.1689677750e-01,9.3418048730e-01,8.3133577617e-01,8.1689677750e-01,9.3418048730e-01,5
poly_d2_o4,fourier,985.786106,8.3041826197e-01,8.1538826943e-01,9.3393349036e-01,8.3041826197e-01,8.1538826943e-01,9.3393349036e-01,5
poly_d2_o4,fourier,992.492134,8.2950745068e-01,8.1388965081e-01,9.3368853918e-01,8.2950745068e-01,8.1388965081e-01,9.3368853918e-01,5
poly_d2_o4,fourier,999.198162,8.2861434298e-01,8.1241394505e-01,9.3345014857e-01,8.2861434298e-01,8.1241394505e-01,9.3345014857e-01,5
poly_d2_o4,fourier,1005.904190,8.2773110087e-01,8.1095319320e-01,9.3321409603e-01,8.2773110087e-01,8.1095319320e-01,9.3321409603e-01,5
poly_d2_o4,fourier,1012.610218,8.2685949953e-01,8.0950802211e-01,9.3298249292e-01,8.2685949953e-01,8.0950802211e-01,9.3298249292e-01,5
poly_d2_o4,fourier,1019.316246,8.2600269600e-01,8.0808484664e-01,9.3275487999e-01,8.2600269600e-01,8.0808484664e-01,9.3275487999e-01,5
poly_d2_o4,fourier,1026.022274,8.2515205849e-01,8.0667122019e-01,9.3252973770e-01,8.2515205849e-01,8.0667122019e-01,9.3252973770e-01,5
poly_d2_o4,fourier,1032.728302,8.2432028111e-01,8.0528307464e-01,9.3231008920e-01,8.2432028111e-01,8.0528307464e-01,9.3231008920e-01,5
poly_d2_o4,fourier,1039.434330,8.2349431071e-01,8.0390534405e-01,9.3209211107e-01,8.2349431071e-01,8.0390534405e-01,9.3209211107e-01,5
poly_d2_o4,fourier,1046.140358,8.2268114960e-01,8.0254626776e-01,9.3187887037e-01,8.2268114960e-01,8.0254626776e-01,9.3187887037e-01,5
poly_d2_o4,fourier,1052.846385,8.2187789939e-01,8.0120357219e-01,9.3166810711e-01,8.2187789939e-01,8.0120357219e-01,9.3166810711e-01,5
poly_d2_o4,fourier,1059.552413,8.2108222312e-01,7.9987211929e-01,9.3146031722e-01,8.2108222312e-01,7.9987211929e-01,9.3146031722e-01,5
poly_d2_o4,fourier,1066.258441,8.2029984369e-01,7.9856107836e-01,9.3125612076e-01,8.2029984369e-01,7.9856107836e-01,9.3125612076e-01,5
poly_d2_o4,fourier,1072.964469,8.1952214111e-01,7.9725761085e-01,9.3105331284e-01,8.1952214111e-01,7.9725761085e-01,9.3105331284e-01,5
poly_d2_o4,fourier,1079.670497,8.1875673802e-01,7.9597182358e-01,9.3085491744e-01,8.1875673802e-01,7.9597182358e-01,9.3085491744e-01,5
poly_d2_o4,fourier,1086.376525,8.1799686985e-01,7.9469546491e-01,9.3065770363e-01,8.1799686985e-01,7.9469546491e-01,9.3065770363e-01,5
poly_d2_o4,fourier,1093.082553,8.1724457272e-01,7.9343019956e-01,9.3046336167e-01,8.1724457272e-01,7.9343019956e-01,9.3046336167e-01,5
poly_d2_o4,fourier,1099.788581,8.1649985636e-01,7.9217731648e-01,9.3027105728e-01,8.1649985636e-01,7.9217731648e-01,9.3027105728e-01,5
poly_d2_o4,fourier,1106.494609,8.1575888198e-01,7.9093036791e-01,9.3008032920e-01,8.1575888198e-01,7.9093036791e-01,9.3008032920e-01,5
poly_d2_o4,fourier,1113.200637,8.1502654675e-01,7.8969662694e-01,9.2989208503e-01,8.1502654675e-01,7.8969662694e-01,9.2989208503e-01,5
poly_d2_o4,fourier,1119.906665,8.1429656874e-01,7.8846733363e-01,9.2970461523e-01,8.1429656874e-01,7.8846733363e-01,9.2970461523e-01,5
poly_d2_o4,fourier,1126.612693,8.1357161752e-01,7.8724619880e-01,9.2951922573e-01,8.1357161752e-01,7.8724619880e-01,9.2951922573e-01,5
poly_d2_o4,fourier,1133.318721,8.1284941664e-01,7.8603019252e-01,9.2933457537e-01,8.1284941664e-01,7.8603019252e-01,9.2933457537e-01,5
poly_d2_o4,fourier,1140.024749,8.1212971346e-01,7.8481853835e-01,9.2915102045e-01,8.1212971346e-01,7.8481853835e-01,9.2915102045e-01,5
poly_d2_o4,fourier,1146.730777,8.1141190192e-01,7.8360966655e-01,9.2896829362e-01,8.1141190192e-01,7.8360966655e-01,9.2896829362e-01,5
poly_d2_o4,fourier,1153.436804,8.1069491338e-01,7.8240249809e-01,9.2878598025e-01,8.1069491338e-01,7.8240249809e-01,9.2878598025e-01,5
poly_d2_o4,fourier,1160.142832,8.0997750979e-01,7.8119484399e-01,9.2860416484e-01,8.0997750979e-01,7.8119484399e-01,9.2860416484e-01,5
poly_d2_o4,fourier,1166.848860,8.0925939424e-01,7.7998619862e-01,9.2842237070e-01,8.0925939424e-01,7.7998619862e-01,9.2842237070e-01,5
poly_d2_o4,fourier,1173.554888,8.0853962362e-01,7.7877514813e-01,9.2824049451e-01,8.0853962362e-01,7.7877514813e-01,9.2824049451e-01,5
poly_d2_o4,fourier,1180.260916,8.0781624607e-01,7.7755807145e-01,9.2805818514e-01,8.0781624607e-01,7.7755807145e-01,9.2805818514e-01,5
poly_d2_o4,fourier,1186.966944,8.0709122637e-01,7.7633914830e-01,9.2787546468e-01,8.0709122637e-01,7.7633914830e-01,9.2787546468e-01,5
poly_d2_o4,fourier,1193.672972,8.0635793473e-01,7.7510702013e-01,9.2769147936e-01,8.0635793473e-01,7.7510702013e-01,9.2769147936e-01,5
poly_d2_o4,fourier,1200.379000,8.0600347763e-01,7.7540858997e-01,9.2755586949e-01,8.0577777409e-01,7.7416341340e-01,9.2751979819e-01,5
poly_d2_o4,mscale,0.000000,1.3751428353e+00,1.2375376287e+00,1.4473747795e+00,1.3751428353e+00,1.2375376287e+00,1.4473747795e+00,5
poly_d2_o4,mscale,6.706587,1.3751428353e+00,1.2375376287e+00,1.4473747795e+00,1.3751428353e+00,1.2375376287e+00,1.4473747795e+00,5
poly_d2_o4,mscale,13.413173,1.3751428353e+00,1.2375376287e+00,1.4473747795e+00,1.3751428353e+00,1.2375376287e+00,1.4473747795e+00,5
poly_d2_o4,mscale,20.119760,1.2022078270e+00,1.1436806671e+00,1.2951436623e+00,1.2022078270e+00,1.1436806671e+00,1.2951436623e+00,5
poly_d2_o4,mscale,26.826346,1.0505232677e+00,1.0411057070e+00,1.1257212879e+00,1.0505232677e+00,1.0411057070e+00,1.1257212879e+00,5
poly_d2_o4,mscale,33.532933,1.0268841282e+00,1.0165332293e+00,1.0733040885e+00,1.0165332293e+00,1.0054012644e+00,1.0733040885e+00,5
poly_d2_o4,mscale,40.239520,1.0540967210e+00,1.0005495684e+00,1.0559507025e+00,1.0054012644e+00,1.0005495684e+00,1.0540967210e+00,5
poly_d2_o4,mscale,46.946106,1.0261589337e+00,9.9507993159e-01,1.0573008568e+00,1.0054012644e+00,9.9389348608e-01,1.0261589337e+00,5
poly_d2_o4,mscale,53.652693,9.9713292986e-01,9.9263365475e-01,1.0384947297e+00,9.9389348608e-01,9.9263365475e-01,1.0054012644e+00,5
poly_d2_o4,mscale,60.359279,9.9276071304e-01,9.6811468754e-01,1.0244246397e+00,9.8914441646e-01,9.6811468754e-01,1.0054012644e+00,5
poly_d2_o4,mscale,67.065866,9.7904407751e-01,9.5567984069e-01,1.0169815139e+00,9.7749016399e-01,9.5567984069e-01,1.0054012644e+00,5
poly_d2_o4,mscale,73.772453,9.6738131494e-01,9.4440054888e-01,1.0103424739e+00,9.6738131494e-01,9.4440054888e-01,1.0050922580e+00,5
poly_d2_o4,mscale,80.479039,9.6207716455e-01,9.3660169389e-01,1.0062838003e+00,9.6207716455e-01,9.3660169389e-01,1.0037339610e+00,5
poly_d2_o4,mscale,87.185626,9.5675793290e-01,9.2893260529e-01,1.0022142159e+00,9.5675793290e-01,9.2893260529e-01,1.0022142159e+00,5
poly_d2_o4,mscale,93.892212,9.5071973969e-01,9.2253126858e-01,9.9765466053e-01,9.5071973969e-01,9.2253126858e-01,9.9765466053e-01,5
poly_d2_o4,mscale,100.598799,9.4471965411e-01,9.1617404390e-01,9.9311584880e-01,9.4471965411e-01,9.1617404390e-01,9.9311584880e-01,5
poly_d2_o4,mscale,107.305385,9.4000273942e-01,9.1055793697e-01,9.8818872490e-01,9.4000273942e-01,9.1055793697e-01,9.8818872490e-01,5
poly_d2_o4,mscale,114.011972,9.3547523211e-01,9.0507582889e-01,9.8322738080e-01,9.3547523211e-01,9.0507582889e-01,9.8322738080e-01,5
poly_d2_o4,mscale,120.718559,9.3103907050e-01,9.0000003821e-01,9.7826135750e-01,9.3103907050e-01,9.0000003821e-01,9.7826135750e-01,5
poly_d2_o4,mscale,127.425145,9.2665242348e-01,8.9511356037e-01,9.7330692146e-01,9.2665242348e-01,8.9511356037e-01,9.7330692146e-01,5
poly_d2_o4,mscale,134.131732,9.2246920305e-01,8.9040154273e-01,9.6835308525e-01,9.2246920305e-01,8.9040154273e-01,9.6835308525e-01,5
poly_d2_o4,mscale,140.838318,9.1846295848e-01,8.8584951044e-01,9.6340095854e-01,9.1846295848e-01,8.8584951044e-01,9.6340095854e-01,5
poly_d2_o4,mscale,147.544905,9.1451947278e-01,8.8137621780e-01,9.5847969460e-01,9.1451947278e-01,8.8137621780e-01,9.5847969460e-01,5
poly_d2_o4,mscale,154.251492,9.1067262133e-01,8.7703056875e-01,9.5359465259e-01,9.1067262133e-01,8.7703056875e-01,9.5359465259e-01,5
poly_d2_o4,mscale,160.958078,9.0685512840e-01,8.7272463898e-01,9.4873929320e-01,9.0685512840e-01,8.7272463898e-01,9.4873929320e-01,5
poly_d2_o4,mscale,167.664665,9.0311013656e-01,8.6853025776e-01,9.4393456448e-01,9.0311013656e-01,8.6853025776e-01,9.4393456448e-01,5
poly_d2_o4,mscale,174.371251,8.9938085714e-01,8.6435603506e-01,9.3915416850e-01,8.9938085714e-01,8.6435603506e-01,9.3915416850e-01,5
poly_d2_o4,mscale,181.077838,8.9568386554e-01,8.6027028351e-01,9.3442813510e-01,8.9568386554e-01,8.6027028351e-01,9.3442813510e-01,5
poly_d2_o4,mscale,187.784425,8.9200207079e-01,8.5620446742e-01,9.2972653662e-01,8.9200207079e-01,8.5620446742e-01,9.2972653662e-01,5
poly_d2_o4,mscale,194.491011,8.8832468567e-01,8.5219854205e-01,9.2506255007e-01,8.8832468567e-01,8.5219854205e-01,9.2506255007e-01,5
poly_d2_o4,mscale,201.197598,8.8466041870e-01,8.4822058429e-01,9.2042539083e-01,8.8466041870e-01,8.4822058429e-01,9.2042539083e-01,5
poly_d2_o4,mscale,207.904184,8.8099552543e-01,8.4428359180e-01,9.1581827134e-01,8.8099552543e-01,8.4428359180e-01,9.1581827134e-01,5
poly_d2_o4,mscale,214.610771,8.7733790902e-01,8.4037754324e-01,9.1123826477e-01,8.7733790902e-01,8.4037754324e-01,9.1123826477e-01,5
poly_d2_o4,mscale,221.317358,8.7368194504e-01,8.3650127648e-01,9.0668433768e-01,8.7368194504e-01,8.3650127648e-01,9.0668433768e-01,5
poly_d2_o4,mscale,228.023944,8.7002719066e-01,8.3265652947e-01,9.0215705470e-01,8.7002719066e-01,8.3265652947e-01,9.0215705470e-01,5
poly_d2_o4,mscale,234.730531,8.6637916754e-01,8.2883477140e-01,8.9765352481e-01,8.6637916754e-01,8.2883477140e-01,8.9765352481e-01,5
poly_d2_o4,mscale,241.437117,8.6272793544e-01,8.2504389117e-01,8.9317553564e-01,8.6272793544e-01,8.2504389117e-01,8.9317553564e-01,5
poly_d2_o4,mscale,248.143704,8.5908857404e-01,8.2127203228e-01,8.8872043486e-01,8.5908857404e-01,8.2127203228e-01,8.8872043486e-01,5
poly_d2_o4,mscale,254.850291,8.5544312666e-01,8.1753128703e-01,8.8429273419e-01,8.5544312666e-01,8.1753128703e-01,8.8429273419e-01,5
poly_d2_o4,mscale,261.556877,8.5181314833e-01,8.1380758019e-01,8.7988709281e-01,8.5181314833e-01,8.1380758019e-01,8.7988709281e-01,5
poly_d2_o4,mscale,268.263464,8.4817671620e-01,8.1011264986e-01,8.7550993880e-01,8.4817671620e-01,8.1011264986e-01,8.7550993880e-01,5
poly_d2_o4,mscale,274.970050,8.4455503138e-01,8.0643536405e-01,8.7115513298e-01,8.4455503138e-01,8.0643536405e-01,8.7115513298e-01,5
poly_d2_o4,mscale,281.676637,8.4093380357e-01,8.0278448414e-01,8.6682763906e-01,8.4093380357e-01,8.0278448414e-01,8.6682763906e-01,5
poly_d2_o4,mscale,288.383223,8.3732416051e-01,7.9915326994e-01,8.6252359673e-01,8.3732416051e-01,7.9915326994e-01,8.6252359673e-01,5
poly_d2_o4,mscale,295.089810,8.3372122698e-01,7.9554618384e-01,8.5824712995e-01,8.3372122698e-01,7.9554618384e-01,8.5824712995e-01,5
poly_d2_o4,mscale,301.796397,8.3012838026e-01,7.9196096591e-01,8.5399661226e-01,8.3012838026e-01,7.9196096591e-01,8.5399661226e-01,5
poly_d2_o4,mscale,308.502983,8.2654622418e-01,7.8839703302e-01,8.4977149802e-01,8.2654622418e-01,7.8839703302e-01,8.4977149802e-01,5
poly_d2_o4,mscale,315.209570,8.2297354773e-01,7.8485675125e-01,8.4557410237e-01,8.2297354773e-01,7.8485675125e-01,8.4557410237e-01,5
poly_d2_o4,mscale,321.916156,8.1941441695e-01,7.8133529303e-01,8.4416313959e-01,8.1941441695e-01,7.8133529303e-01,8.4228138929e-01,5
poly_d2_o4,mscale,328.622743,8.1586558108e-01,7.7819173791e-01,8.4735368107e-01,8.1586558108e-01,7.7819173791e-01,8.4228138929e-01,5
poly_d2_o4,mscale,335.329330,8.1233176481e-01,7.7524779863e-01,8.4413054066e-01,8.1233176481e-01,7.7524779863e-01,8.4217348365e-01,5
poly_d2_o4,mscale,342.035916,8.0881000216e-01,7.7231890752e-01,8.4100106662e-01,8.0881000216e-01,7.7231890752e-01,8.3912993674e-01,5
poly_d2_o4,mscale,348.742503,8.0530350766e-01,7.6940108178e-01,8.3734018903e-01,8.0530350766e-01,7.6940108178e-01,8.3609738896e-01,5
poly_d2_o4,mscale,355.449089,8.0181190220e-01,7.6649840176e-01,8.3140907389e-01,8.0181190220e-01,7.6649840176e-01,8.3140907389e-01,5
poly_d2_o4,mscale,362.155676,7.9833540962e-01,7.6360692781e-01,8.2647502476e-01,7.9833540962e-01,7.6360692781e-01,8.2647502476e-01,5
poly_d2_o4,mscale,368.862263,7.9487680853e-01,7.6072889377e-01,8.2156932466e-01,7.9487680853e-01,7.6072889377e-01,8.2156932466e-01,5
poly_d2_o4,mscale,375.568849,7.9143412757e-01,7.5786247451e-01,8.1669231151e-01,7.9143412757e-01,7.5786247451e-01,8.1669231151e-01,5
poly_d2_o4,mscale,382.275436,7.8801218839e-01,7.5500946863e-01,8.1213946414e-01,7.8801218839e-01,7.5500946863e-01,8.1213946414e-01,5
poly_d2_o4,mscale,388.982022,7.8460932530e-01,7.5216899012e-01,8.0789906655e-01,7.8460932530e-01,7.5216899012e-01,8.0789906655e-01,5
poly_d2_o4,mscale,395.688609,7.8122462250e-01,7.4934180866e-01,8.0377634121e-01,7.8122462250e-01,7.4934180866e-01,8.0377634121e-01,5
poly_d2_o4,mscale,402.395196,7.7785972298e-01,7.4652885014e-01,7.9986838431e-01,7.7785972298e-01,7.4652885014e-01,7.9986838431e-01,5
poly_d2_o4,mscale,409.101782,7.7451214859e-01,7.4372867622e-01,7.9599198951e-01,7.7451214859e-01,7.4372867622e-01,7.9599198951e-01,5
poly_d2_o4,mscale,415.808369,7.7118885425e-01,7.4094578363e-01,7.9220393380e-01,7.7118885425e-01,7.4094578363e-01,7.9220393380e-01,5
poly_d2_o4,mscale,422.514955,7.6788044712e-01,7.3817396314e-01,7.8843390512e-01,7.6788044712e-01,7.3817396314e-01,7.8843390512e-01,5
poly_d2_o4,mscale,429.221542,7.6459953256e-01,7.3542097283e-01,7.8476911913e-01,7.6459953256e-01,7.3542097283e-01,7.8476911913e-01,5
poly_d2_o4,mscale,435.928128,7.6133263633e-01,7.3267824969e-01,7.8112353303e-01,7.6133263633e-01,7.3267824969e-01,7.8112353303e-01,5
poly_d2_o4,mscale,442.634715,7.5809476287e-01,7.2995550871e-01,7.7754635115e-01,7.5809476287e-01,7.2995550871e-01,7.7754635115e-01,5
poly_d2_o4,mscale,449.341302,7.5487293977e-01,7.2724399639e-01,7.7399845023e-01,7.5487293977e-01,7.2724399639e-01,7.7399845023e-01,5
poly_d2_o4,mscale,456.047888,7.5167882028e-01,7.2455133835e-01,7.7049895491e-01,7.5167882028e-01,7.2455133835e-01,7.7049895491e-01,5
poly_d2_o4,mscale,462.754475,7.4850444812e-01,7.2187200964e-01,7.6703480497e-01,7.4850444812e-01,7.2187200964e-01,7.6703480497e-01,5
poly_d2_o4,mscale,469.461061,7.4535548227e-01,7.1920999022e-01,7.6360775632e-01,7.4535548227e-01,7.1920999022e-01,7.6360775632e-01,5
poly_d2_o4,mscale,476.167648,7.4223105100e-01,7.1656387763e-01,7.6022278630e-01,7.4223105100e-01,7.1656387763e-01,7.6022278630e-01,5
poly_d2_o4,mscale,482.874235,7.3912807725e-01,7.1393354196e-01,7.5686504572e-01,7.3912807725e-01,7.1393354196e-01,7.5686504572e-01,5
poly_d2_o4,mscale,489.580821,7.3605446474e-01,7.1132297542e-01,7.5355540651e-01,7.3605446474e-01,7.1132297542e-01,7.5355540651e-01,5
poly_d2_o4,mscale,496.287408,7.3299796125e-01,7.0872534282e-01,7.5026442325e-01,7.3299796125e-01,7.0872534282e-01,7.5026442325e-01,5
poly_d2_o4,mscale,502.993994,7.2997681755e-01,7.0615086366e-01,7.4702926253e-01,7.2997681755e-01,7.0615086366e-01,7.4702926253e-01,5
poly_d2_o4,mscale,509.700581,7.2696812587e-01,7.0358619061e-01,7.4380805192e-01,7.2696812587e-01,7.0358619061e-01,7.4380805192e-01,5
poly_d2_o4,mscale,516.407168,7.2400172859e-01,7.0104976280e-01,7.4064176088e-01,7.2400172859e-01,7.0104976280e-01,7.4064176088e-01,5
poly_d2_o4,mscale,523.113754,7.2104794787e-01,6.9852247880e-01,7.3749276816e-01,7.2104794787e-01,6.9852247880e-01,7.3749276816e-01,5
poly_d2_o4,mscale,529.820341,7.1813243595e-01,6.9602200278e-01,7.3439013296e-01,7.1813243595e-01,6.9602200278e-01,7.3439013296e-01,5
poly_d2_o4,mscale,536.526927,7.1523499289e-01,6.9353362692e-01,7.3131222514e-01,7.1523499289e-01,6.9353362692e-01,7.3131222514e-01,5
poly_d2_o4,mscale,543.233514,7.1237085013e-01,6.9106976796e-01,7.2827251077e-01,7.1237085013e-01,6.9106976796e-01,7.2827251077e-01,5
poly_d2_o4,mscale,549.940101,7.0953087160e-01,6.8862219962e-01,7.2526514098e-01,7.0953087160e-01,6.8862219962e-01,7.2526514098e-01,5
poly_d2_o4,mscale,556.646687,7.0671871691e-01,6.8619492519e-01,7.2228791070e-01,7.0671871691e-01,6.8619492519e-01,7.2228791070e-01,5
poly_d2_o4,mscale,563.353274,7.0393763205e-01,6.8378785066e-01,7.1935115332e-01,7.0393763205e-01,6.8378785066e-01,7.1935115332e-01,5
poly_d2_o4,mscale,570.059860,7.0117825800e-01,6.8139768844e-01,7.1643602473e-01,7.0117825800e-01,6.8139768844e-01,7.1643602473e-01,5
poly_d2_o4,mscale,576.766447,6.9845794211e-01,6.7903341780e-01,7.1356948782e-01,6.9845794211e-01,6.7903341780e-01,7.1356948782e-01,5
poly_d2_o4,mscale,583.473034,6.9575217371e-01,6.7668161004e-01,7.1071591133e-01,6.9575217371e-01,6.7668161004e-01,7.1071591133e-01,5
poly_d2_o4,mscale,590.179620,6.9309345519e-01,6.7436174947e-01,7.0791991127e-01,6.9309345519e-01,6.7436174947e-01,7.0791991127e-01,5
poly_d2_o4,mscale,596.886207,6.9044489658e-01,6.7204984206e-01,7.0513491085e-01,6.9044489658e-01,6.7204984206e-01,7.0513491085e-01,5
poly_d2_o4,mscale,603.592793,6.8784499754e-01,6.6977525148e-01,7.0240151146e-01,6.8784499754e-01,6.6977525148e-01,7.0240151146e-01,5
poly_d2_o4,mscale,610.299380,6.8525818168e-01,6.6750902400e-01,6.9968561846e-01,6.8525818168e-01,6.6750902400e-01,6.9968561846e-01,5
poly_d2_o4,mscale,617.005966,6.8271406180e-01,6.6527546947e-01,6.9701373092e-01,6.8271406180e-01,6.6527546947e-01,6.9701373092e-01,5
poly_d2_o4,mscale,623.712553,6.8019066922e-01,6.6305546488e-01,6.9436792108e-01,6.8019066922e-01,6.6305546488e-01,6.9436792108e-01,5
poly_d2_o4,mscale,630.419140,6.7770265700e-01,6.6086368083e-01,6.9175702201e-01,6.7770265700e-01,6.6086368083e-01,6.9175702201e-01,5
poly_d2_o4,mscale,637.125726,6.7524352750e-01,6.5869130170e-01,6.8918062881e-01,6.7524352750e-01,6.5869130170e-01,6.8918062881e-01,5
poly_d2_o4,mscale,643.832313,6.7281183942e-01,6.5654185092e-01,6.8663034829e-01,6.7281183942e-01,6.5654185092e-01,6.8663034829e-01,5
poly_d2_o4,mscale,650.538899,6.7041770173e-01,6.5441811853e-01,6.8412378477e-01,6.7041770173e-01,6.5441811853e-01,6.8412378477e-01,5
poly_d2_o4,mscale,657.245486,6.6804500141e-01,6.5231142523e-01,6.8163403233e-01,6.6804500141e-01,6.5231142523e-01,6.8163403233e-01,5
poly_d2_o4,mscale,663.952073,6.6572813583e-01,6.5023714887e-01,6.7919734010e-01,6.6572813583e-01,6.5023714887e-01,6.7919734010e-01,5
poly_d2_o4,mscale,670.658659,6.6342026770e-01,6.4817360133e-01,6.7676935851e-01,6.6342026770e-01,6.4817360133e-01,6.7676935851e-01,5
poly_d2_o4,mscale,677.365246,6.6115734857e-01,6.4614993917e-01,6.7440134965e-01,6.6115734857e-01,6.4614993917e-01,6.7440134965e-01,5
poly_d2_o4,mscale,684.071832,6.5890214823e-01,6.4413259510e-01,6.7204313568e-01,6.5890214823e-01,6.4413259510e-01,6.7204313568e-01,5
poly_d2_o4,mscale,690.778419,6.5669766250e-01,6.4215772985e-01,6.6973537117e-01,6.5669766250e-01,6.4215772985e-01,6.6973537117e-01,5
poly_d2_o4,mscale,697.485006,6.5450820071e-01,6.4019136704e-01,6.6744641003e-01,6.5450820071e-01,6.4019136704e-01,6.6744641003e-01,5
poly_d2_o4,mscale,704.191592,6.5236108363e-01,6.3826144158e-01,6.6519863237e-01,6.5236108363e-01,6.3826144158e-01,6.6519863237e-01,5
poly_d2_o4,mscale,710.898179,6.5023805118e-01,6.3634675778e-01,6.6297899089e-01,6.5023805118e-01,6.3634675778e-01,6.6297899089e-01,5
poly_d2_o4,mscale,717.604765,6.4814789240e-01,6.3446213989e-01,6.6079092693e-01,6.4814789240e-01,6.3446213989e-01,6.6079092693e-01,5
poly_d2_o4,mscale,724.311352,6.4609082572e-01,6.3259999872e-01,6.5864060158e-01,6.4609082572e-01,6.3259999872e-01,6.5864060158e-01,5
poly_d2_o4,mscale,731.017939,6.4405736299e-01,6.3076063501e-01,6.5651190254e-01,6.4405736299e-01,6.3076063501e-01,6.5651190254e-01,5
poly_d2_o4,mscale,737.724525,6.4206667582e-01,6.2895089780e-01,6.5443066179e-01,6.4206667582e-01,6.2895089780e-01,6.5443066179e-01,5
poly_d2_o4,mscale,744.431112,6.4008981677e-01,6.2715678654e-01,6.5236088282e-01,6.4008981677e-01,6.2715678654e-01,6.5236088282e-01,5
poly_d2_o4,mscale,751.137698,6.3816523506e-01,6.2540035169e-01,6.5034828310e-01,6.3816523506e-01,6.2540035169e-01,6.5034828310e-01,5
poly_d2_o4,mscale,757.844285,6.3624644006e-01,6.2365184817e-01,6.4834189245e-01,6.3624644006e-01,6.2365184817e-01,6.4834189245e-01,5
poly_d2_o4,mscale,764.550872,6.3438606883e-01,6.2194899725e-01,6.4640141695e-01,6.3438606883e-01,6.2194899725e-01,6.4640141695e-01,5
poly_d2_o4,mscale,771.257458,6.3253301619e-01,6.2025079588e-01,6.4447260793e-01,6.3253301619e-01,6.2025079588e-01,6.4447260793e-01,5
poly_d2_o4,mscale,777.964045,6.3072820928e-01,6.1859773820e-01,6.4258314418e-01,6.3072820928e-01,6.1859773820e-01,6.4258314418e-01,5
poly_d2_o4,mscale,784.670631,6.2894000986e-01,6.1695382851e-01,6.4071207877e-01,6.2894000986e-01,6.1695382851e-01,6.4071207877e-01,5
poly_d2_o4,mscale,791.377218,6.2719020632e-01,6.1534662797e-01,6.3887725402e-01,6.2719020632e-01,6.1534662797e-01,6.3887725402e-01,5
poly_d2_o4,mscale,798.083804,6.2546635750e-01,6.1375615443e-01,6.3707322442e-01,6.2546635750e-01,6.1375615443e-01,6.3707322442e-01,5
poly_d2_o4,mscale,804.790391,6.2377111465e-01,6.1219450406e-01,6.3529490766e-01,6.2377111465e-01,6.1219450406e-01,6.3529490766e-01,5
poly_d2_o4,mscale,811.496978,6.2211132805e-01,6.1065739073e-01,6.3355672418e-01,6.2211132805e-01,6.1065739073e-01,6.3355672418e-01,5
poly_d2_o4,mscale,818.203564,6.2047007847e-01,6.0914095217e-01,6.3183401071e-01,6.2047007847e-01,6.0914095217e-01,6.3183401071e-01,5
poly_d2_o4,mscale,824.910151,6.1887346672e-01,6.0765680206e-01,6.3016086827e-01,6.1887346672e-01,6.0765680206e-01,6.3016086827e-01,5
poly_d2_o4,mscale,831.616737,6.1728535938e-01,6.0618526141e-01,6.2849304203e-01,6.1728535938e-01,6.0618526141e-01,6.2849304203e-01,5
poly_d2_o4,mscale,838.323324,6.1575014584e-01,6.0475414879e-01,6.2688424636e-01,6.1575014584e-01,6.0475414879e-01,6.2688424636e-01,5
poly_d2_o4,mscale,845.029911,6.1421875044e-01,6.0332736884e-01,6.2527956884e-01,6.1421875044e-01,6.0332736884e-01,6.2527956884e-01,5
poly_d2_o4,mscale,851.736497,6.1273994895e-01,6.0194862870e-01,6.2372538935e-01,6.1273994895e-01,6.0194862870e-01,6.2372538935e-01,5
poly_d2_o4,mscale,858.443084,6.1126969275e-01,6.0057303928e-01,6.2218391730e-01,6.1126969275e-01,6.0057303928e-01,6.2218391730e-01,5
poly_d2_o4,mscale,865.149670,6.0984228863e-01,5.9924273337e-01,6.2068234115e-01,6.0984228863e-01,5.9924273337e-01,6.2068234115e-01,5
poly_d2_o4,mscale,871.856257,6.0843262091e-01,5.9792302925e-01,6.1920269768e-01,6.0843262091e-01,5.9792302925e-01,6.1920269768e-01,5
poly_d2_o4,mscale,878.562844,6.0705514657e-01,5.9663345798e-01,6.1775224571e-01,6.0705514657e-01,5.9663345798e-01,6.1775224571e-01,5
poly_d2_o4,mscale,885.269430,6.0570397166e-01,5.9536040065e-01,6.1633224840e-01,6.0570397166e-01,5.9536040065e-01,6.1633224840e-01,5
poly_d2_o4,mscale,891.976017,6.0437518949e-01,5.9411185330e-01,6.1493151442e-01,6.0437518949e-01,5.9411185330e-01,6.1493151442e-01,5
poly_d2_o4,mscale,898.682603,6.0308117402e-01,5.9288861767e-01,6.1356934808e-01,6.0308117402e-01,5.9288861767e-01,6.1356934808e-01,5
poly_d2_o4,mscale,905.389190,6.0179995591e-01,5.9168172871e-01,6.1221729516e-01,6.0179995591e-01,5.9168172871e-01,6.1221729516e-01,5
poly_d2_o4,mscale,912.095777,6.0056126513e-01,5.9050735658e-01,6.1091263481e-01,6.0056126513e-01,5.9050735658e-01,6.1091263481e-01,5
poly_d2_o4,mscale,918.802363,5.9932630755e-01,5.8934134633e-01,6.0961075474e-01,5.9932630755e-01,5.8934134633e-01,6.0961075474e-01,5
poly_d2_o4,mscale,925.508950,5.9814149938e-01,5.8821463976e-01,6.0836024572e-01,5.9814149938e-01,5.8821463976e-01,6.0836024572e-01,5
poly_d2_o4,mscale,932.215536,5.9695903345e-01,5.8709008724e-01,6.0711410684e-01,5.9695903345e-01,5.8709008724e-01,6.0711410684e-01,5
poly_d2_o4,mscale,938.922123,5.9581915981e-01,5.8600830472e-01,6.0590895928e-01,5.9581915981e-01,5.8600830472e-01,6.0590895928e-01,5
poly_d2_o4,mscale,945.628709,5.9468869857e-01,5.8492997789e-01,6.0471637527e-01,5.9468869857e-01,5.8492997789e-01,6.0471637527e-01,5
poly_d2_o4,mscale,952.335296,5.9359087861e-01,5.8388595164e-01,6.0355530254e-01,5.9359087861e-01,5.8388595164e-01,6.0355530254e-01,5
poly_d2_o4,mscale,959.041883,5.9251006983e-01,5.8285234811e-01,6.0241452467e-01,5.9251006983e-01,5.8285234811e-01,6.0241452467e-01,5
poly_d2_o4,mscale,965.748469,5.9145279890e-01,5.8184480076e-01,6.0129603516e-01,5.9145279890e-01,5.8184480076e-01,6.0129603516e-01,5
poly_d2_o4,mscale,972.455056,5.9041954342e-01,5.8085411728e-01,6.0020483658e-01,5.9041954342e-01,5.8085411728e-01,6.0020483658e-01,5
poly_d2_o4,mscale,979.161642,5.8940143222e-01,5.7988180485e-01,5.9912746053e-01,5.8940143222e-01,5.7988180485e-01,5.9912746053e-01,5
poly_d2_o4,mscale,985.868229,5.8841383457e-01,5.7893228446e-01,5.9808398344e-01,5.8841383457e-01,5.7893228446e-01,5.9808398344e-01,5
poly_d2_o4,mscale,992.574816,5.8743345281e-01,5.7799389767e-01,5.9704628170e-01,5.8743345281e-01,5.7799389767e-01,5.9704628170e-01,5
poly_d2_o4,mscale,999.281402,5.8648898386e-01,5.7708348496e-01,5.9604778169e-01,5.8648898386e-01,5.7708348496e-01,5.9604778169e-01,5
poly_d2_o4,mscale,1005.987989,5.8554603342e-01,5.7617762924e-01,5.9505095156e-01,5.8554603342e-01,5.7617762924e-01,5.9505095156e-01,5
poly_d2_o4,mscale,1012.694575,5.8464042840e-01,5.7530441658e-01,5.9409158843e-01,5.8464042840e-01,5.7530441658e-01,5.9409158843e-01,5
poly_d2_o4,mscale,1019.401162,5.8373763232e-01,5.7443252731e-01,5.9313684544e-01,5.8373763232e-01,5.7443252731e-01,5.9313684544e-01,5
poly_d2_o4,mscale,1026.107749,5.8286376414e-01,5.7359082204e-01,5.9221072323e-01,5.8286376414e-01,5.7359082204e-01,5.9221072323e-01,5
poly_d2_o4,mscale,1032.814335,5.8199871374e-01,5.7275300582e-01,5.9129525081e-01,5.8199871374e-01,5.7275300582e-01,5.9129525081e-01,5
poly_d2_o4,mscale,1039.520922,5.8115470066e-01,5.7193826087e-01,5.9040054235e-01,5.8115470066e-01,5.7193826087e-01,5.9040054235e-01,5
poly_d2_o4,mscale,1046.227508,5.8032458697e-01,5.7113226892e-01,5.8952167255e-01,5.8032458697e-01,5.7113226892e-01,5.8952167255e-01,5
poly_d2_o4,mscale,1052.934095,5.7950857969e-01,5.7034291236e-01,5.8865629840e-01,5.7950857969e-01,5.7034291236e-01,5.8865629840e-01,5
poly_d2_o4,mscale,1059.640682,5.7871067590e-01,5.6956638519e-01,5.8781071858e-01,5.7871067590e-01,5.6956638519e-01,5.8781071858e-01,5
poly_d2_o4,mscale,1066.347268,5.7792065868e-01,5.6880064062e-01,5.8697249882e-01,5.7792065868e-01,5.6880064062e-01,5.8697249882e-01,5
poly_d2_o4,mscale,1073.053855,5.7715153897e-01,5.6805076303e-01,5.8615702910e-01,5.7715153897e-01,5.6805076303e-01,5.8615702910e-01,5
poly_d2_o4,mscale,1079.760441,5.7638528419e-01,5.6730673087e-01,5.8534383408e-01,5.7638528419e-01,5.6730673087e-01,5.8534383408e-01,5
poly_d2_o4,mscale,1086.467028,5.7564181425e-01,5.6658061967e-01,5.8455502387e-01,5.7564181425e-01,5.6658061967e-01,5.8455502387e-01,5
poly_d2_o4,mscale,1093.173615,5.7489930330e-01,5.6585634881e-01,5.8376727666e-01,5.7489930330e-01,5.6585634881e-01,5.8376727666e-01,5
poly_d2_o4,mscale,1099.880201,5.7417598790e-01,5.6515060595e-01,5.8299902523e-01,5.7417598790e-01,5.6515060595e-01,5.8299902523e-01,5
poly_d2_o4,mscale,1106.586788,5.7345558543e-01,5.6444574331e-01,5.8223448707e-01,5.7345558543e-01,5.6444574331e-01,5.8223448707e-01,5
poly_d2_o4,mscale,1113.293374,5.7274834133e-01,5.6375532857e-01,5.8148303160e-01,5.7274834133e-01,5.6375532857e-01,5.8148303160e-01,5
poly_d2_o4,mscale,1119.999961,5.7204662911e-01,5.6306767301e-01,5.8073779117e-01,5.7204662911e-01,5.6306767301e-01,5.8073779117e-01,5
poly_d2_o4,mscale,1126.706547,5.7135305532e-01,5.6238938410e-01,5.8000063819e-01,5.7135305532e-01,5.6238938410e-01,5.8000063819e-01,5
poly_d2_o4,mscale,1133.413134,5.7066632847e-01,5.6171550870e-01,5.7927093718e-01,5.7066632847e-01,5.6171550870e-01,5.7927093718e-01,5
poly_d2_o4,mscale,1140.119721,5.6998397181e-01,5.6104686900e-01,5.7854550977e-01,5.6998397181e-01,5.6104686900e-01,5.7854550977e-01,5
poly_d2_o4,mscale,1146.826307,5.6930843161e-01,5.6038295165e-01,5.7782728294e-01,5.6930843161e-01,5.6038295165e-01,5.7782728294e-01,5
poly_d2_o4,mscale,1153.532894,5.6863482134e-01,5.5972149257e-01,5.7711093013e-01,5.6863482134e-01,5.5972149257e-01,5.7711093013e-01,5
poly_d2_o4,mscale,1160.239480,5.6796667288e-01,5.5906382790e-01,5.7640015740e-01,5.6796667288e-01,5.5906382790e-01,5.7640015740e-01,5
poly_d2_o4,mscale,1166.946067,5.6729933955e-01,5.5840707429e-01,5.7569026006e-01,5.6729933955e-01,5.5840707429e-01,5.7569026006e-01,5
poly_d2_o4,mscale,1173.652654,5.6663442303e-01,5.5775170669e-01,5.7498252325e-01,5.6663442303e-01,5.5775170669e-01,5.7498252325e-01,5
poly_d2_o4,mscale,1180.359240,5.6597028585e-01,5.5709707310e-01,5.7427565899e-01,5.6597028585e-01,5.5709707310e-01,5.7427565899e-01,5
poly_d2_o4,mscale,1187.065827,5.6530476728e-01,5.5643989131e-01,5.7356693938e-01,5.6530476728e-01,5.5643989131e-01,5.7356693938e-01,5
poly_d2_o4,mscale,1193.772413,5.6463962460e-01,5.5578348477e-01,5.7285851000e-01,5.6463962460e-01,5.5578348477e-01,5.7285851000e-01,5
poly_d2_o4,mscale,1200.479000,5.6300390985e-01,5.5454734663e-01,5.6926497417e-01,5.6300390985e-01,5.5454734663e-01,5.6926497417e-01,5
chirp_a2,complex_sinh,0.000000,1.2259033451e+00,1.2131622252e+00,1.2399258692e+00,1.2259033451e+00,1.2131622252e+00,1.2399258692e+00,5
chirp_a2,complex_sinh,6.704201,1.1438583128e+00,1.1256518944e+00,1.1609817367e+00,1.1438583128e+00,1.1256518944e+00,1.1609817367e+00,5
chirp_a2,complex_sinh,13.408402,1.0185868526e+00,1.0069747694e+00,1.0615320937e+00,1.0185868526e+00,1.0069747694e+00,1.0615320937e+00,5
chirp_a2,complex_sinh,20.112603,9.3849377695e-01,9.3533463286e-01,1.0086450386e+00,9.3849377695e-01,9.3533463286e-01,1.0086450386e+00,5
chirp_a2,complex_sinh,26.816804,8.9495593623e-01,8.9489401489e-01,9.5822067578e-01,8.9495593623e-01,8.9489401489e-01,9.5822067578e-01,5
chirp_a2,complex_sinh,33.521006,8.6436167015e-01,8.5517039805e-01,9.2407584927e-01,8.6436167015e-01,8.5466820150e-01,9.2407584927e-01,5
chirp_a2,complex_sinh,40.225207,8.4414198529e-01,8.3332598324e-01,8.9848632078e-01,8.4414198529e-01,8.3332598324e-01,8.9750586345e-01,5
chirp_a2,complex_sinh,46.929408,8.2599965974e-01,7.8219363580e-01,8.4854104055e-01,8.2599965974e-01,7.8219363580e-01,8.4854104055e-01,5
chirp_a2,complex_sinh,53.633609,8.0632905110e-01,7.8646879722e-01,8.3110231513e-01,8.0258362030e-01,7.6298466882e-01,8.2908478288e-01,5
chirp_a2,complex_sinh,60.337810,7.7738446297e-01,7.2340566696e-01,7.7905499141e-01,7.7738446297e-01,7.2340566696e-01,7.7905499141e-01,5
chirp_a2,complex_sinh,67.042011,7.5551700732e-01,6.8909785722e-01,7.6399646221e-01,7.5151457154e-01,6.7734335617e-01,7.6399646221e-01,5
chirp_a2,complex_sinh,73.746212,7.3833792321e-01,6.7092323419e-01,7.6450449381e-01,7.2623663789e-01,6.7092323419e-01,7.3833792321e-01,5
chirp_a2,complex_sinh,80.450413,7.2216953849e-01,6.1614495463e-01,7.5046750535e-01,7.2009734958e-01,6.1614495463e-01,7.2216953849e-01,5
chirp_a2,complex_sinh,87.154615,6.7270469695e-01,6.4244703170e-01,7.0871288419e-01,6.7270469695e-01,6.1270057786e-01,7.0871288419e-01,5
chirp_a2,complex_sinh,93.858816,6.2502429168e-01,5.7958288849e-01,6.7639447291e-01,6.2502429168e-01,5.7958288849e-01,6.7639447291e-01,5
chirp_a2,complex_sinh,100.563017,6.4404289411e-01,5.7643082654e-01,6.8138846385e-01,6.2116900338e-01,5.3126899231e-01,6.7015053457e-01,5
chirp_a2,complex_sinh,107.267218,5.8908298966e-01,5.4386059379e-01,6.4414912854e-01,5.8908298966e-01,5.1896246765e-01,6.4414912854e-01,5
chirp_a2,complex_sinh,113.971419,6.0946514094e-01,5.4565629657e-01,6.1169980399e-01,5.5293988667e-01,4.8670823736e-01,6.0946514094e-01,5
chirp_a2,complex_sinh,120.675620,5.6413723957e-01,4.9457447972e-01,6.3066610896e-01,5.5293988667e-01,4.8007801707e-01,5.7986792183e-01,5
chirp_a2,complex_sinh,127.379821,5.1580858507e-01,4.7335772956e-01,5.9358375634e-01,5.1580858507e-01,4.4909272608e-01,5.7986792183e-01,5
chirp_a2,complex_sinh,134.084022,5.5401340600e-01,4.8745952950e-01,5.5619455495e-01,5.1023316870e-01,4.2751574692e-01,5.5619455495e-01,5
chirp_a2,complex_sinh,140.788223,4.9682263300e-01,4.5673913270e-01,5.3187779704e-01,4.9682263300e-01,4.2377980978e-01,5.2007629281e-01,5
chirp_a2,complex_sinh,147.492425,4.8362492951e-01,4.3207215394e-01,5.7414705063e-01,4.5940339606e-01,4.2371597046e-01,5.2007629281e-01,5
chirp_a2,complex_sinh,154.196626,4.6853218246e-01,3.8643216808e-01,5.3461180183e-01,4.5940339606e-01,3.8643216808e-01,5.2007629281e-01,5
chirp_a2,complex_sinh,160.900827,4.2779653406e-01,4.0973560195e-01,4.9857928071e-01,4.2505293854e-01,3.8243314641e-01,4.9857928071e-01,5
chirp_a2,complex_sinh,167.605028,4.4943219928e-01,3.6313912765e-01,5.2341302035e-01,4.2505293854e-01,3.6313912765e-01,4.8550942177e-01,5
chirp_a2,complex_sinh,174.309229,4.0184076855e-01,3.7158977389e-01,5.0283528837e-01,4.0184076855e-01,3.4898067187e-01,4.8550942177e-01,5
chirp_a2,complex_sinh,181.013430,3.9324752368e-01,3.5508378483e-01,4.8517681992e-01,3.6610403556e-01,3.3201918467e-01,4.6833457061e-01,5
chirp_a2,complex_sinh,187.717631,4.0426291599e-01,3.3539408027e-01,4.7548381576e-01,3.6610403556e-01,3.3118591904e-01,4.6822013133e-01,5
chirp_a2,complex_sinh,194.421832,3.7604319591e-01,3.6618815802e-01,4.3890109978e-01,3.6610403556e-01,3.1389902632e-01,4.3890109978e-01,5
chirp_a2,complex_sinh,201.126034,3.8253642794e-01,3.1559681159e-01,4.3506289752e-01,3.6610403556e-01,3.1389902632e-01,4.0885653313e-01,5
chirp_a2,complex_sinh,207.830235,3.6049144234e-01,3.3091519424e-01,4.2636008458e-01,3.6049144234e-01,2.9729397906e-01,4.0885653313e-01,5
chirp_a2,complex_sinh,214.534436,3.2065565797e-01,3.1979191733e-01,3.9156394026e-01,3.2065565797e-01,2.9360788799e-01,3.9098756135e-01,5
chirp_a2,complex_sinh,221.238637,3.5113597264e-01,2.8305131007e-01,4.1941907885e-01,3.1503563322e-01,2.8305131007e-01,3.9098756135e-01,5
chirp_a2,complex_sinh,227.942838,3.3656274506e-01,2.7395690080e-01,3.8157292786e-01,3.1094941318e-01,2.7334317900e-01,3.8157292786e-01,5
chirp_a2,complex_sinh,234.647039,3.1575515424e-01,2.8764164098e-01,3.8338835522e-01,3.1094941318e-01,2.6604152066e-01,3.6355999238e-01,5
chirp_a2,complex_sinh,241.351240,3.3465822003e-01,2.9593668440e-01,3.4500646640e-01,2.8752213771e-01,2.6554735196e-01,3.4500646640e-01,5
chirp_a2,complex_sinh,248.055441,2.9035445988e-01,2.5521633192e-01,3.8256628604e-01,2.8720255462e-01,2.5209034315e-01,3.3070711200e-01,5
chirp_a2,complex_sinh,254.759642,3.1550762197e-01,2.5401513154e-01,3.4155159834e-01,2.8279754518e-01,2.5209034315e-01,3.3070711200e-01,5
chirp_a2,complex_sinh,261.463844,2.7435340472e-01,2.7106519031e-01,3.5111098417e-01,2.7106519031e-01,2.4587984534e-01,3.2400781968e-01,5
chirp_a2,complex_sinh,268.168045,2.8412183043e-01,2.5422175026e-01,3.1864950341e-01,2.6637000146e-01,2.4587984534e-01,3.1854662077e-01,5
chirp_a2,complex_sinh,274.872246,3.0719340296e-01,2.4105016186e-01,3.2186604946e-01,2.6061954439e-01,2.3834016432e-01,3.0402312336e-01,5
chirp_a2,complex_sinh,281.576447,2.5780662466e-01,2.5427953374e-01,3.0340020741e-01,2.5727914008e-01,2.2006228885e-01,2.8759825226e-01,5
chirp_a2,complex_sinh,288.280648,2.6203691359e-01,2.1100200470e-01,3.0011497485e-01,2.4260923514e-01,2.1100200470e-01,2.8759825226e-01,5
chirp_a2,complex_sinh,294.984849,2.5217853506e-01,2.2182034156e-01,3.0971582191e-01,2.4260923514e-01,2.0793915128e-01,2.8221037748e-01,5
chirp_a2,complex_sinh,301.689050,2.4940175663e-01,2.1686944495e-01,2.9941044077e-01,2.3062400247e-01,2.0793915128e-01,2.8221037748e-01,5
chirp_a2,complex_sinh,308.393251,2.5335046098e-01,2.2139183453e-01,2.7538316514e-01,2.2327591599e-01,1.9785042103e-01,2.7538316514e-01,5
chirp_a2,complex_sinh,315.097453,2.1791994828e-01,2.1537614498e-01,2.7947375795e-01,2.1791994828e-01,1.9785042103e-01,2.5787215237e-01,5
chirp_a2,complex_sinh,321.801654,2.1244093269e-01,2.0080415836e-01,2.6972371567e-01,2.0788898765e-01,1.9730299724e-01,2.5787215237e-01,5
chirp_a2,complex_sinh,328.505855,2.4162559666e-01,2.0034696543e-01,2.5995454190e-01,1.9929942924e-01,1.8928319326e-01,2.5710815241e-01,5
chirp_a2,complex_sinh,335.210056,1.9607798792e-01,1.9433855407e-01,2.2951278007e-01,1.9578862252e-01,1.8928313340e-01,2.2951278007e-01,5
chirp_a2,complex_sinh,341.914257,2.0538050466e-01,1.9228465219e-01,2.3586701523e-01,1.9550368244e-01,1.7684906891e-01,2.2852806808e-01,5
chirp_a2,complex_sinh,348.618458,2.1853510081e-01,1.9439243485e-01,2.3575243514e-01,1.9291526241e-01,1.7050265558e-01,2.2852806808e-01,5
chirp_a2,complex_sinh,355.322659,1.9354082307e-01,1.8481692947e-01,2.4755858881e-01,1.8745502384e-01,1.7050265558e-01,2.1396575315e-01,5
chirp_a2,complex_sinh,362.026860,2.0173715521e-01,1.7589624336e-01,2.2680111991e-01,1.7309134598e-01,1.6470616502e-01,2.1396575315e-01,5
chirp_a2,complex_sinh,368.731061,1.7083821289e-01,1.6997993033e-01,2.1647630182e-01,1.6997993033e-01,1.6470616502e-01,2.1396575315e-01,5
chirp_a2,complex_sinh,375.435263,1.6716035268e-01,1.6470919001e-01,2.2226188219e-01,1.6451920617e-01,1.6138743690e-01,2.1016878255e-01,5
chirp_a2,complex_sinh,382.139464,1.6814847621e-01,1.6119177240e-01,2.1334801725e-01,1.6024185703e-01,1.5938928014e-01,2.0121761072e-01,5
chirp_a2,complex_sinh,388.843665,1.6299723270e-01,1.5991092972e-01,2.0705346448e-01,1.5938928014e-01,1.4321842996e-01,1.9521421035e-01,5
chirp_a2,complex_sinh,395.547866,1.5813191325e-01,1.5482742630e-01,1.9336231636e-01,1.5710205124e-01,1.4321842996e-01,1.8944816606e-01,5
chirp_a2,complex_sinh,402.252067,1.5567082366e-01,1.4744750842e-01,1.9654148871e-01,1.5063887582e-01,1.4321842996e-01,1.8897197780e-01,5
chirp_a2,complex_sinh,408.956268,1.4926644138e-01,1.4646455314e-01,1.8024572170e-01,1.4646455314e-01,1.4321842996e-01,1.7755129590e-01,5
chirp_a2,complex_sinh,415.660469,1.4390652183e-01,1.4105275292e-01,1.7619216596e-01,1.4169653543e-01,1.3284970113e-01,1.7613838460e-01,5
chirp_a2,complex_sinh,422.364670,1.5469770013e-01,1.4102025876e-01,1.7946111401e-01,1.4008076963e-01,1.3284970113e-01,1.6618860898e-01,5
chirp_a2,complex_sinh,429.068872,1.3892733605e-01,1.3360188369e-01,1.8169290717e-01,1.3402009612e-01,1.2935266826e-01,1.6618860898e-01,5
chirp_a2,complex_sinh,435.773073,1.4191869336e-01,1.3091896221e-01,1.6253087733e-01,1.3298914241e-01,1.2453340935e-01,1.6253087733e-01,5
chirp_a2,complex_sinh,442.477274,1.5922068549e-01,1.2108963560e-01,1.5949275659e-01,1.2647076863e-01,1.2108963560e-01,1.4904996082e-01,5
chirp_a2,complex_sinh,449.181475,1.2988662778e-01,1.2565490102e-01,1.5557133423e-01,1.2511964901e-01,1.1719011912e-01,1.4904996082e-01,5
chirp_a2,complex_sinh,455.885676,1.2980892147e-01,1.2532597073e-01,1.5337044332e-01,1.2038029034e-01,1.1719011912e-01,1.4904996082e-01,5
chirp_a2,complex_sinh,462.589877,1.2353490103e-01,1.1992837703e-01,1.4497177854e-01,1.1903305363e-01,1.1072642323e-01,1.3948721046e-01,5
chirp_a2,complex_sinh,469.294078,1.2726656166e-01,1.2331777325e-01,1.4222332762e-01,1.1210367866e-01,1.0792713799e-01,1.3948721046e-01,5
chirp_a2,complex_sinh,475.998279,1.2850515618e-01,1.1296862765e-01,1.3775179260e-01,1.0905381714e-01,1.0188693650e-01,1.3637896290e-01,5
chirp_a2,complex_sinh,482.702480,1.0686821104e-01,1.0623898123e-01,1.3691552938e-01,1.0658697987e-01,1.0188693650e-01,1.3559099631e-01,5
chirp_a2,complex_sinh,489.406682,1.0681975950e-01,1.0268493261e-01,1.2953243311e-01,1.0188693650e-01,1.0064492674e-01,1.2843948393e-01,5
chirp_a2,complex_sinh,496.110883,1.0291984725e-01,1.0266088198e-01,1.2187952322e-01,9.8537371135e-02,9.5010253164e-02,1.2187952322e-01,5
chirp_a2,complex_sinh,502.815084,9.7620704835e-02,9.4534659418e-02,1.1635645257e-01,9.5435499223e-02,9.4013685869e-02,1.1635645257e-01,5
chirp_a2,complex_sinh,509.519285,9.8194578463e-02,9.4027091308e-02,1.1790573737e-01,9.5435499223e-02,9.3374692994e-02,1.1426906457e-01,5
chirp_a2,complex_sinh,516.223486,9.2585120957e-02,8.9916637837e-02,1.1369791379e-01,9.0143669376e-02,8.8866466664e-02,1.1235228421e-01,5
chirp_a2,complex_sinh,522.927687,9.6728347584e-02,8.7292091468e-02,1.0817737407e-01,8.8866466664e-02,8.5902193685e-02,1.0817737407e-01,5
chirp_a2,complex_sinh,529.631888,9.6005841152e-02,9.1237195038e-02,1.0505583341e-01,8.5899776031e-02,8.3947059646e-02,1.0505583341e-01,5
chirp_a2,complex_sinh,536.336089,8.8118170545e-02,8.7813923226e-02,1.0704178885e-01,8.3973268669e-02,8.3882816074e-02,1.0367605786e-01,5
chirp_a2,complex_sinh,543.040291,8.6055150923e-02,8.2083962621e-02,1.0581369837e-01,8.1655717845e-02,8.0936340230e-02,9.9791380192e-02,5
chirp_a2,complex_sinh,549.744492,8.2344701614e-02,8.0090163563e-02,9.6857485597e-02,8.0090163563e-02,7.6943341411e-02,9.6810525063e-02,5
chirp_a2,complex_sinh,556.448693,8.3038395093e-02,8.1988029349e-02,9.9709219261e-02,7.6880100095e-02,7.1975629040e-02,9.6032223542e-02,5
chirp_a2,complex_sinh,563.152894,7.9875826228e-02,7.9406435053e-02,9.5569971726e-02,7.3687200883e-02,7.1975629040e-02,9.0490061077e-02,5
chirp_a2,complex_sinh,569.857095,8.4843622504e-02,8.4681871252e-02,8.7942433366e-02,7.2559264036e-02,7.1821379947e-02,8.7655356381e-02,5
chirp_a2,complex_sinh,576.561296,7.5561062059e-02,7.0966489812e-02,8.8464774456e-02,7.0727010672e-02,6.8946358507e-02,8.6769576744e-02,5
chirp_a2,complex_sinh,583.265497,7.6961725359e-02,7.1833020503e-02,8.3471720843e-02,6.8946358507e-02,6.7994889756e-02,7.9062493120e-02,5
chirp_a2,complex_sinh,589.969698,6.9772473256e-02,6.8348539089e-02,7.9365827363e-02,6.6092985293e-02,6.4047971991e-02,7.9062493120e-02,5
chirp_a2,complex_sinh,596.673899,7.0002882681e-02,6.9954779616e-02,8.0111687479e-02,6.5109369211e-02,6.4047971991e-02,7.6280063459e-02,5
chirp_a2,complex_sinh,603.378101,6.9665605127e-02,6.9115924400e-02,7.8475469501e-02,6.1269468009e-02,5.6896976552e-02,7.6280063459e-02,5
chirp_a2,complex_sinh,610.082302,6.6850882464e-02,6.1715287924e-02,7.4945485088e-02,5.9393028361e-02,5.6896976552e-02,7.3285512316e-02,5
chirp_a2,complex_sinh,616.786503,5.6225574227e-02,5.6202158947e-02,7.3852176859e-02,5.6185655866e-02,5.5859889472e-02,7.1463004133e-02,5
chirp_a2,complex_sinh,623.490704,5.5028508532e-02,5.2721351532e-02,6.8359323864e-02,5.4588276806e-02,5.2721351532e-02,6.4089125597e-02,5
chirp_a2,complex_sinh,630.194905,5.3326874870e-02,5.2526785989e-02,6.8492485273e-02,5.1734370807e-02,5.1121970267e-02,6.4089125597e-02,5
chirp_a2,complex_sinh,636.899106,5.4309674320e-02,5.2413719834e-02,7.2374465779e-02,5.0196962206e-02,4.9972516474e-02,6.4089125597e-02,5
chirp_a2,complex_sinh,643.603307,5.2981796795e-02,5.0866168146e-02,5.8418414957e-02,5.0196962206e-02,4.9720017275e-02,5.8418414957e-02,5
chirp_a2,complex_sinh,650.307508,5.5583604275e-02,5.0083403030e-02,6.2707790168e-02,4.9229399848e-02,4.8311980194e-02,5.7679390172e-02,5
chirp_a2,complex_sinh,657.011709,5.3512172971e-02,5.1065268804e-02,5.8385237790e-02,4.7591358098e-02,4.6407556919e-02,5.2284200801e-02,5
chirp_a2,complex_sinh,663.715911,5.1139405931e-02,4.5088983757e-02,5.6135014988e-02,4.5088983757e-02,4.3911382108e-02,5.2284200801e-02,5
chirp_a2,complex_sinh,670.420112,4.7074272791e-02,4.5794313677e-02,5.4307336066e-02,4.4666466162e-02,4.3911382108e-02,5.0244409690e-02,5
chirp_a2,complex_sinh,677.124313,4.7058323586e-02,4.2094241992e-02,5.4361543782e-02,4.2094241992e-02,4.1997350748e-02,5.0244409690e-02,5
chirp_a2,complex_sinh,683.828514,4.5435855090e-02,3.8372620900e-02,5.0494256589e-02,4.1997350748e-02,3.8372620900e-02,4.8258826515e-02,5
chirp_a2,complex_sinh,690.532715,3.9349018401e-02,3.6714910883e-02,5.0039608589e-02,3.9016098521e-02,3.6385398468e-02,4.7996130736e-02,5
chirp_a2,complex_sinh,697.236916,4.4962485232e-02,3.4547466580e-02,4.6922776700e-02,3.5065666144e-02,3.4437023630e-02,4.0520230239e-02,5
chirp_a2,complex_sinh,703.941117,3.6198255805e-02,3.4392097116e-02,4.3330468671e-02,3.5016763058e-02,3.4001131928e-02,4.0520230239e-02,5
chirp_a2,complex_sinh,710.645318,3.6864567484e-02,3.2715027714e-02,4.2016680317e-02,3.3897584343e-02,3.2556599311e-02,4.0520230239e-02,5
chirp_a2,complex_sinh,717.349520,3.5331780409e-02,3.3499074030e-02,4.0234391742e-02,3.2563560364e-02,3.2556599311e-02,3.9860152063e-02,5
chirp_a2,complex_sinh,724.053721,3.3595533769e-02,3.2924417822e-02,4.0207889712e-02,3.2358932044e-02,3.2229319733e-02,3.9156047727e-02,5
chirp_a2,complex_sinh,730.757922,3.4749810961e-02,3.3514328363e-02,3.6898240843e-02,3.0797751051e-02,2.9768719971e-02,3.4749810961e-02,5
chirp_a2,complex_sinh,737.462123,3.3426938857e-02,3.2119207658e-02,3.4639812691e-02,3.0195192281e-02,2.9768719971e-02,3.1553982252e-02,5
chirp_a2,complex_sinh,744.166324,2.9339308235e-02,2.8805876260e-02,3.3881838723e-02,2.9339308235e-02,2.6230926098e-02,3.1553982252e-02,5
chirp_a2,complex_sinh,750.870525,2.9898852779e-02,2.9488208676e-02,3.2372521053e-02,2.7673851444e-02,2.6230926098e-02,3.1209193036e-02,5
chirp_a2,complex_sinh,757.574726,2.8533849719e-02,2.7062079227e-02,3.3349987856e-02,2.5737724753e-02,2.5677346188e-02,3.0380737530e-02,5
chirp_a2,complex_sinh,764.278927,2.7126298000e-02,2.4810173936e-02,2.9806702500e-02,2.5731030510e-02,2.4768406608e-02,2.9607657769e-02,5
chirp_a2,complex_sinh,770.983128,2.6046513452e-02,2.5701593180e-02,2.8129733910e-02,2.4768406608e-02,2.1659555478e-02,2.6353460183e-02,5
chirp_a2,complex_sinh,777.687330,2.4184843681e-02,2.3737575493e-02,2.7803206717e-02,2.3755011887e-02,2.1659555478e-02,2.6242646830e-02,5
chirp_a2,complex_sinh,784.391531,2.2396358136e-02,2.1876388579e-02,2.5806890721e-02,2.2396358136e-02,2.1148583816e-02,2.5710717986e-02,5
chirp_a2,complex_sinh,791.095732,2.3030067216e-02,2.2032599995e-02,2.3957475660e-02,2.1805724002e-02,2.0239721084e-02,2.3498597149e-02,5
chirp_a2,complex_sinh,797.799933,2.2862376242e-02,2.0216700762e-02,2.6040242881e-02,2.0216700762e-02,1.9781276265e-02,2.1687020364e-02,5
chirp_a2,complex_sinh,804.504134,2.1919824360e-02,2.0117427298e-02,2.4234905663e-02,1.8732976940e-02,1.8335099261e-02,2.1687020364e-02,5
chirp_a2,complex_sinh,811.208335,2.0703744860e-02,1.9624127976e-02,2.4289462625e-02,1.7987217007e-02,1.6300273386e-02,2.1295284327e-02,5
chirp_a2,complex_sinh,817.912536,1.9608189869e-02,1.8096459368e-02,2.1918867003e-02,1.7987217007e-02,1.6300273386e-02,1.9493672639e-02,5
chirp_a2,complex_sinh,824.616737,2.0677289200e-02,1.8443277574e-02,2.1473090565e-02,1.6290624561e-02,1.5661268586e-02,1.9458857138e-02,5
chirp_a2,complex_sinh,831.320939,1.7942523172e-02,1.7467726848e-02,1.9392943681e-02,1.5661268586e-02,1.4110238352e-02,1.8271788387e-02,5
chirp_a2,complex_sinh,838.025140,1.7101470008e-02,1.4052260578e-02,1.8406449075e-02,1.4110238352e-02,1.4052260578e-02,1.7686291420e-02,5
chirp_a2,complex_sinh,844.729341,1.4808861446e-02,1.4193424508e-02,1.7242120573e-02,1.4065649567e-02,1.3734282699e-02,1.7140318387e-02,5
chirp_a2,complex_sinh,851.433542,1.5222808692e-02,1.4389057697e-02,1.6486864987e-02,1.4055283305e-02,1.3734282699e-02,1.6432476778e-02,5
chirp_a2,complex_sinh,858.137743,1.5002583621e-02,1.2782284914e-02,1.5585886733e-02,1.3559452949e-02,1.2782284914e-02,1.5002583621e-02,5
chirp_a2,complex_sinh,864.841944,1.4453400194e-02,1.2230133813e-02,1.4814176066e-02,1.2696881161e-02,1.1836869661e-02,1.3811588036e-02,5
chirp_a2,complex_sinh,871.546145,1.3733956492e-02,1.2099074186e-02,1.3757418586e-02,1.2696881161e-02,1.1831295963e-02,1.2925168563e-02,5
chirp_a2,complex_sinh,878.250346,1.3271308451e-02,1.1269716992e-02,1.4123515047e-02,1.0735584740e-02,1.0610105401e-02,1.2011265450e-02,5
chirp_a2,complex_sinh,884.954547,1.2513347577e-02,1.0535614044e-02,1.2584946356e-02,1.0610105401e-02,1.0535614044e-02,1.2011265450e-02,5
chirp_a2,complex_sinh,891.658749,1.1876667915e-02,1.0436192684e-02,1.2157193442e-02,1.0320552038e-02,1.0102054659e-02,1.1100767122e-02,5
chirp_a2,complex_sinh,898.362950,1.0755036227e-02,1.0338741738e-02,1.1148182232e-02,1.0102054659e-02,9.8314359336e-03,1.0172301493e-02,5
chirp_a2,complex_sinh,905.067151,9.4271359524e-03,9.2270900827e-03,1.1251218977e-02,9.4271359524e-03,8.5381674813e-03,1.0135470903e-02,5
chirp_a2,complex_sinh,911.771352,9.6454600156e-03,8.7962414332e-03,9.8844939851e-03,9.0813972529e-03,8.5381674813e-03,9.0855588932e-03,5
chirp_a2,complex_sinh,918.475553,9.0950537111e-03,8.9838928506e-03,1.0202294111e-02,8.3318104434e-03,8.0804243269e-03,9.0095239997e-03,5
chirp_a2,complex_sinh,925.179754,8.4252951506e-03,7.5913164301e-03,8.9806179152e-03,7.8303257151e-03,7.4921477077e-03,8.4600207113e-03,5
chirp_a2,complex_sinh,931.883955,8.7077166917e-03,6.8945402927e-03,9.1324185094e-03,7.4921477077e-03,6.8945402927e-03,7.7492616221e-03,5
chirp_a2,complex_sinh,938.588156,7.8656270173e-03,6.9674177218e-03,7.9218212210e-03,7.4921477077e-03,6.7611875380e-03,7.7492616221e-03,5
chirp_a2,complex_sinh,945.292358,8.2297479797e-03,6.9418298157e-03,8.4231035005e-03,6.7383887111e-03,6.3199662102e-03,7.0365965250e-03,5
chirp_a2,complex_sinh,951.996559,6.9153101531e-03,6.1734324728e-03,7.0107118939e-03,6.2767913227e-03,5.9743915697e-03,6.3199662102e-03,5
chirp_a2,complex_sinh,958.700760,7.0447391108e-03,6.1113620570e-03,7.0709753575e-03,6.0474357009e-03,5.9743915697e-03,6.3199662102e-03,5
chirp_a2,complex_sinh,965.404961,6.1471275480e-03,5.3284393093e-03,6.4050553986e-03,5.3284393093e-03,5.2679466053e-03,5.7838721999e-03,5
chirp_a2,complex_sinh,972.109162,6.1659748078e-03,4.9826811005e-03,6.9076505000e-03,5.0878137569e-03,4.9826811005e-03,5.7838721999e-03,5
chirp_a2,complex_sinh,978.813363,5.3471524870e-03,4.8267161119e-03,5.9572967804e-03,4.7916498743e-03,4.4143260634e-03,5.7723877193e-03,5
chirp_a2,complex_sinh,985.517564,5.4452390307e-03,4.4260034031e-03,5.5779670585e-03,4.7792279242e-03,4.3970113179e-03,5.3065255200e-03,5
chirp_a2,complex_sinh,992.221765,4.3529545285e-03,4.2355287739e-03,5.8999745092e-03,4.3503103076e-03,4.2293483786e-03,5.3065255200e-03,5
chirp_a2,complex_sinh,998.925966,4.2754360666e-03,4.1725855142e-03,5.5026172092e-03,4.2293483786e-03,3.7955437376e-03,4.9275744482e-03,5
chirp_a2,complex_sinh,1005.630168,4.1429354302e-03,3.9447625436e-03,4.6753223153e-03,3.7155778303e-03,3.6179252788e-03,4.4536905773e-03,5
chirp_a2,complex_sinh,1012.334369,4.0769391245e-03,3.7213986899e-03,4.6454312128e-03,3.6042119445e-03,3.5015382710e-03,4.4536905773e-03,5
chirp_a2,complex_sinh,1019.038570,4.0458020645e-03,3.8902191684e-03,4.5781236016e-03,3.5851942857e-03,3.4669708930e-03,4.4536905773e-03,5
chirp_a2,complex_sinh,1025.742771,3.8741079676e-03,3.2848220720e-03,4.0955897643e-03,3.4428325431e-03,3.2848220720e-03,4.0929879066e-03,5
chirp_a2,complex_sinh,1032.446972,3.0138594300e-03,2.8078854344e-03,4.0028876180e-03,2.8325567206e-03,2.8078854344e-03,3.7314078596e-03,5
chirp_a2,complex_sinh,1039.151173,3.2391315444e-03,2.9457889811e-03,3.8252944589e-03,2.8325567206e-03,2.6779153179e-03,3.1303995134e-03,5
chirp_a2,complex_sinh,1045.855374,2.9573157739e-03,2.4327259793e-03,3.9129168171e-03,2.8325567206e-03,2.4282569451e-03,3.1303995134e-03,5
chirp_a2,complex_sinh,1052.559575,3.2370765331e-03,2.5967220094e-03,3.3623286596e-03,2.8128489186e-03,2.4282569451e-03,3.1303995134e-03,5
chirp_a2,complex_sinh,1059.263777,2.9584618317e-03,2.9138275903e-03,3.4050704374e-03,2.6987645898e-03,2.4282569451e-03,3.1303995134e-03,5
chirp_a2,complex_sinh,1065.967978,2.8752991070e-03,2.4634176169e-03,2.9645927051e-03,2.6987645898e-03,2.3841168406e-03,2.8752991070e-03,5
chirp_a2,complex_sinh,1072.672179,2.6236646070e-03,2.2568147595e-03,3.4766417535e-03,2.3992084362e-03,2.2568147595e-03,2.7640585497e-03,5
chirp_a2,complex_sinh,1079.376380,2.4930807357e-03,2.4723411141e-03,2.7703480966e-03,2.3992084362e-03,2.1718051511e-03,2.4895792550e-03,5
chirp_a2,complex_sinh,1086.080581,2.6097677046e-03,2.3167232119e-03,2.6186476840e-03,2.3992084362e-03,2.1444353439e-03,2.4457689930e-03,5
chirp_a2,complex_sinh,1092.784782,2.8527729993e-03,2.5046508815e-03,2.9672296092e-03,2.1831463758e-03,2.1108998236e-03,2.4265886217e-03,5
chirp_a2,complex_sinh,1099.488983,2.6504370331e-03,2.5520612773e-03,2.9143327527e-03,2.1831463758e-03,2.1108998236e-03,2.3940254152e-03,5
chirp_a2,complex_sinh,1106.193184,2.4851727044e-03,2.4819550404e-03,2.6033075475e-03,2.1517138036e-03,1.8689919092e-03,2.3940254152e-03,5
chirp_a2,complex_sinh,1112.897385,2.3288548625e-03,2.1023229170e-03,2.5692835626e-03,2.1021544368e-03,1.6332465012e-03,2.3940254152e-03,5
chirp_a2,complex_sinh,1119.601587,2.1619858056e-03,1.7715804202e-03,2.8290139227e-03,1.8586859913e-03,1.6332465012e-03,2.0851137948e-03,5
chirp_a2,complex_sinh,1126.305788,2.2231288454e-03,1.8605223214e-03,2.3151973674e-03,1.8150788873e-03,1.6332465012e-03,2.0758736032e-03,5
chirp_a2,complex_sinh,1133.009989,2.3486991222e-03,2.2309122732e-03,2.7826857454e-03,1.8150788873e-03,1.6332465012e-03,2.0258261353e-03,5
chirp_a2,complex_sinh,1139.714190,2.4227717659e-03,2.1439875179e-03,2.6218788582e-03,1.8150788873e-03,1.6332465012e-03,2.0258261353e-03,5
chirp_a2,complex_sinh,1146.418391,2.2679749204e-03,2.1621974943e-03,2.2963220422e-03,1.8150788873e-03,1.6332465012e-03,2.0258261353e-03,5
chirp_a2,complex_sinh,1153.122592,2.2504897016e-03,2.1464043463e-03,2.6728856693e-03,1.8150788873e-03,1.6332465012e-03,2.0258261353e-03,5
chirp_a2,complex_sinh,1159.826793,2.1694537092e-03,1.8139819514e-03,2.2807034692e-03,1.8150788873e-03,1.6332465012e-03,2.0258261353e-03,5
chirp_a2,complex_sinh,1166.530994,2.3604608563e-03,2.1193950046e-03,2.7491239586e-03,1.8150788873e-03,1.6332465012e-03,2.0258261353e-03,5
chirp_a2,complex_sinh,1173.235196,2.4212323052e-03,2.2311781927e-03,2.5411904289e-03,1.8150788873e-03,1.6332465012e-03,2.0258261353e-03,5
chirp_a2,complex_sinh,1179.939397,2.5080905123e-03,1.9822754419e-03,2.6129137027e-03,1.8150788873e-03,1.6332465012e-03,1.9740025363e-03,5
chirp_a2,complex_sinh,1186.643598,2.3410207247e-03,1.9040320272e-03,2.9667484063e-03,1.8150788873e-03,1.6332465012e-03,1.9740025363e-03,5
chirp_a2,complex_sinh,1193.347799,2.8051941666e-03,2.2021050165e-03,3.3790295445e-03,1.8150788873e-03,1.6332465012e-03,1.9740025363e-03,5
chirp_a2,complex_sinh,1200.052000,2.6387449906e-03,2.2920877531e-03,2.7139092249e-03,1.8150788873e-03,1.6332465012e-03,1.9740025363e-03,5
chirp_a2,siren,0.000000,1.3893503803e+00,1.3803089785e+00,1.4677981902e+00,1.3893503803e+00,1.3803089785e+00,1.4677981902e+00,5
chirp_a2,siren,6.704140,1.3517701635e+00,1.3360888111e+00,1.3809374440e+00,1.3517701635e+00,1.3360888111e+00,1.3809374440e+00,5
chirp_a2,siren,13.408279,1.3496422542e+00,1.3350781324e+00,1.3580067056e+00,1.3496422542e+00,1.3346788469e+00,1.3503463007e+00,5
chirp_a2,siren,20.112419,1.3471980277e+00,1.3341838923e+00,1.3488541113e+00,1.3449144781e+00,1.3319841853e+00,1.3488541113e+00,5
chirp_a2,siren,26.816559,1.3387751272e+00,1.3339811523e+00,1.3497661050e+00,1.3387751272e+00,1.3319841853e+00,1.3487984403e+00,5
chirp_a2,siren,33.520698,1.3411574349e+00,1.3321225484e+00,1.3504505387e+00,1.3381892556e+00,1.3316210312e+00,1.3487984403e+00,5
chirp_a2,siren,40.224838,1.3394297182e+00,1.3357207491e+00,1.3575115913e+00,1.3381892556e+00,1.3316210312e+00,1.3487984403e+00,5
chirp_a2,siren,46.928978,1.3394120462e+00,1.3358748549e+00,1.3573085224e+00,1.3381892556e+00,1.3316210312e+00,1.3487984403e+00,5
chirp_a2,siren,53.633117,1.3405980812e+00,1.3364406083e+00,1.3641608313e+00,1.3381892556e+00,1.3316210312e+00,1.3487984403e+00,5
chirp_a2,siren,60.337257,1.3393002942e+00,1.3386807199e+00,1.3678999103e+00,1.3381892556e+00,1.3316210312e+00,1.3487984403e+00,5
chirp_a2,siren,67.041397,1.3390749989e+00,1.3372704339e+00,1.3700507563e+00,1.3373029946e+00,1.3316210312e+00,1.3487984403e+00,5
chirp_a2,siren,73.745536,1.3403524919e+00,1.3341476322e+00,1.3722666778e+00,1.3373029946e+00,1.3316210312e+00,1.3487984403e+00,5
chirp_a2,siren,80.449676,1.3356531188e+00,1.3076432229e+00,1.3717127823e+00,1.3316210312e+00,1.3076432229e+00,1.3487984403e+00,5
chirp_a2,siren,87.153816,1.3728031666e+00,1.3347043030e+00,1.4026891220e+00,1.3316210312e+00,1.2449869996e+00,1.3487984403e+00,5
chirp_a2,siren,93.857955,1.3710146126e+00,1.3394387778e+00,1.4122630151e+00,1.3316210312e+00,1.2449869996e+00,1.3487984403e+00,5
chirp_a2,siren,100.562095,1.3705060567e+00,1.3381115013e+00,1.4115283405e+00,1.3316210312e+00,1.2449869996e+00,1.3487984403e+00,5
chirp_a2,siren,107.266235,1.3677287165e+00,1.3365785521e+00,1.4116526388e+00,1.3316210312e+00,1.2449869996e+00,1.3487984403e+00,5
chirp_a2,siren,113.970374,1.3674116119e+00,1.3350232365e+00,1.4084769468e+00,1.3316210312e+00,1.2449869996e+00,1.3487984403e+00,5
chirp_a2,siren,120.674514,1.3674558927e+00,1.3329760554e+00,1.4088171880e+00,1.3316210312e+00,1.2449869996e+00,1.3487984403e+00,5
chirp_a2,siren,127.378654,1.3384438773e+00,1.3153449006e+00,1.3690147047e+00,1.2449869996e+00,1.1346312215e+00,1.3316210312e+00,5
chirp_a2,siren,134.082793,1.3707504255e+00,1.3356752103e+00,1.4676079365e+00,1.2449869996e+00,1.1346312215e+00,1.3316210312e+00,5
chirp_a2,siren,140.786933,1.3644600125e+00,1.3276246560e+00,1.5059218805e+00,1.2449869996e+00,1.1346312215e+00,1.3275068683e+00,5
chirp_a2,siren,147.491073,1.3676730730e+00,1.3282810102e+00,1.5156235111e+00,1.2449869996e+00,1.1346312215e+00,1.3257473106e+00,5
chirp_a2,siren,154.195212,1.3659057909e+00,1.3288853962e+00,1.5156244670e+00,1.2449869996e+00,1.1346312215e+00,1.3236049428e+00,5
chirp_a2,siren,160.899352,1.3686110955e+00,1.3282574772e+00,1.5156246234e+00,1.2449869996e+00,1.1346312215e+00,1.3236049428e+00,5
chirp_a2,siren,167.603492,1.3635005221e+00,1.3544028198e+00,1.5156246459e+00,1.1346312215e+00,1.1258210579e+00,1.3236049428e+00,5
chirp_a2,siren,174.307631,1.3631216584e+00,1.3615237507e+00,1.5156246487e+00,1.1346312215e+00,1.1258210579e+00,1.3236049428e+00,5
chirp_a2,siren,181.011771,1.3604636750e+00,1.3257849965e+00,1.5156246490e+00,1.1258210579e+00,1.0969376035e+00,1.1346312215e+00,5
chirp_a2,siren,187.715911,1.4774249324e+00,1.3718669808e+00,1.5156246490e+00,1.1258210579e+00,1.0969376035e+00,1.1346312215e+00,5
chirp_a2,siren,194.420050,1.5156246490e+00,1.3832408523e+00,1.5183992382e+00,1.0969376035e+00,1.0965335883e+00,1.1258210579e+00,5
chirp_a2,siren,201.124190,1.5156622329e+00,1.4107908937e+00,1.5183992400e+00,1.0969376035e+00,1.0965335883e+00,1.1258210579e+00,5
chirp_a2,siren,207.828330,1.5168061045e+00,1.4884987808e+00,1.5183992402e+00,1.0969376035e+00,1.0965335883e+00,1.1258210579e+00,5
chirp_a2,siren,214.532469,1.5184212763e+00,1.5183992402e+00,1.5224109342e+00,1.0969376035e+00,1.0965335883e+00,1.1258210579e+00,5
chirp_a2,siren,221.236609,1.5183992402e+00,1.5164233745e+00,1.5305230879e+00,1.0969376035e+00,1.0965335883e+00,1.1258210579e+00,5
chirp_a2,siren,227.940749,1.5183992402e+00,1.5157294499e+00,1.5350738219e+00,1.0969376035e+00,1.0965335883e+00,1.1258210579e+00,5
chirp_a2,siren,234.644888,1.5183992402e+00,1.5156363584e+00,1.5366830656e+00,1.0969376035e+00,1.0965335883e+00,1.1258210579e+00,5
chirp_a2,siren,241.349028,1.5183992402e+00,1.5156257210e+00,1.5372217515e+00,1.0969376035e+00,1.0965335883e+00,1.1258210579e+00,5
chirp_a2,siren,248.053168,1.5183992402e+00,1.5156246586e+00,1.5373873994e+00,1.0969376035e+00,1.0965335883e+00,1.1258210579e+00,5
chirp_a2,siren,254.757307,1.5183992402e+00,1.5156245691e+00,1.5374357569e+00,1.0969376035e+00,1.0965335883e+00,1.1258210579e+00,5
chirp_a2,siren,261.461447,1.5183987607e+00,1.5156245629e+00,1.5374487512e+00,1.0969376035e+00,1.0965335883e+00,1.1258210579e+00,5
chirp_a2,siren,268.165587,1.5183992052e+00,1.5156245626e+00,1.5374519926e+00,1.0969376035e+00,1.0965335883e+00,1.1258210579e+00,5
chirp_a2,siren,274.869726,1.5183991988e+00,1.5156245626e+00,1.5374527313e+00,1.0969376035e+00,1.0965335883e+00,1.1258210579e+00,5
chirp_a2,siren,281.573866,1.5183990712e+00,1.5156245626e+00,1.5374528825e+00,1.0969376035e+00,1.0965335883e+00,1.1258210579e+00,5
chirp_a2,siren,288.278006,1.5183991859e+00,1.5156245626e+00,1.5374529112e+00,1.0969376035e+00,1.0965335883e+00,1.1258210579e+00,5
chirp_a2,siren,294.982145,1.5160413059e+00,1.5156245626e+00,1.5374529161e+00,1.0969376035e+00,1.0965335883e+00,1.1258210579e+00,5
chirp_a2,siren,301.686285,1.5232064493e+00,1.5156245626e+00,1.5374529168e+00,1.0969376035e+00,1.0965335883e+00,1.1258210579e+00,5
chirp_a2,siren,308.390425,1.5184673189e+00,1.5156245626e+00,1.5374529169e+00,1.0969376035e+00,1.0965335883e+00,1.1258210579e+00,5
chirp_a2,siren,315.094564,1.5183999009e+00,1.5156245626e+00,1.5374529169e+00,1.0969376035e+00,1.0965335883e+00,1.1258210579e+00,5
chirp_a2,siren,321.798704,1.5183994133e+00,1.5156245626e+00,1.5374529169e+00,1.0969376035e+00,1.0965335883e+00,1.1258210579e+00,5
chirp_a2,siren,328.502844,1.5183994120e+00,1.5156245626e+00,1.5374529169e+00,1.0969376035e+00,1.0965335883e+00,1.1258210579e+00,5
chirp_a2,siren,335.206983,1.5183994120e+00,1.5156245626e+00,1.5383671719e+00,1.0969376035e+00,1.0965335883e+00,1.1258210579e+00,5
chirp_a2,siren,341.911123,1.5183994120e+00,1.5156242641e+00,1.5463123358e+00,1.0969376035e+00,1.0965335883e+00,1.1258210579e+00,5
chirp_a2,siren,348.615263,1.5183994120e+00,1.5156245486e+00,1.5463107170e+00,1.0969376035e+00,1.0965335883e+00,1.1258210579e+00,5
chirp_a2,siren,355.319402,1.5183994120e+00,1.5156245553e+00,1.5463123120e+00,1.0969376035e+00,1.0965335883e+00,1.1258210579e+00,5
chirp_a2,siren,362.023542,1.5183994120e+00,1.5156246808e+00,1.5463123375e+00,1.0969376035e+00,1.0965335883e+00,1.1258210579e+00,5
chirp_a2,siren,368.727682,1.5183994120e+00,1.5156247137e+00,1.5437543495e+00,1.0969376035e+00,1.0965335883e+00,1.1258210579e+00,5
chirp_a2,siren,375.431821,1.5183994120e+00,1.5156245817e+00,1.5405515019e+00,1.0969376035e+00,1.0965335883e+00,1.1258210579e+00,5
chirp_a2,siren,382.135961,1.5183994120e+00,1.5156242297e+00,1.5389246920e+00,1.0969376035e+00,1.0965335883e+00,1.1258210579e+00,5
chirp_a2,siren,388.840101,1.5183994120e+00,1.5156244015e+00,1.5381236728e+00,1.0969376035e+00,1.0965335883e+00,1.1258210579e+00,5
chirp_a2,siren,395.544240,1.5183994120e+00,1.5156250586e+00,1.5377481739e+00,1.0969376035e+00,1.0965335883e+00,1.1258210579e+00,5
chirp_a2,siren,402.248380,1.5199503443e+00,1.5183994120e+00,1.5375775034e+00,1.0969376035e+00,1.0965335883e+00,1.1258210579e+00,5
chirp_a2,siren,408.952520,1.5183994120e+00,1.5134865489e+00,1.5375035110e+00,1.0969376035e+00,1.0965335883e+00,1.1258210579e+00,5
chirp_a2,siren,415.656659,1.5183994120e+00,1.5156004111e+00,1.5374726375e+00,1.0969376035e+00,1.0965335883e+00,1.1258210579e+00,5
chirp_a2,siren,422.360799,1.5183994120e+00,1.5156245835e+00,1.5374603563e+00,1.0969376035e+00,1.0965335883e+00,1.1258210579e+00,5
chirp_a2,siren,429.064939,1.5183994120e+00,1.5156247121e+00,1.5374557431e+00,1.0969376035e+00,1.0965335883e+00,1.1258210579e+00,5
chirp_a2,siren,435.769078,1.5183994120e+00,1.5156247121e+00,1.5374540730e+00,1.0969376035e+00,1.0965335883e+00,1.1258210579e+00,5
chirp_a2,siren,442.473218,1.5183994120e+00,1.5156247121e+00,1.5374535077e+00,1.0969376035e+00,1.0965335883e+00,1.1258210579e+00,5
chirp_a2,siren,449.177358,1.5183994120e+00,1.5156247121e+00,1.5374533262e+00,1.0969376035e+00,1.0965335883e+00,1.1258210579e+00,5
chirp_a2,siren,455.881497,1.5183994120e+00,1.5156247121e+00,1.5374532710e+00,1.0969376035e+00,1.0965335883e+00,1.1258210579e+00,5
chirp_a2,siren,462.585637,1.5183994125e+00,1.5156247121e+00,1.5374532554e+00,1.0969376035e+00,1.0965335883e+00,1.1258210579e+00,5
chirp_a2,siren,469.289777,1.5174791939e+00,1.5156247121e+00,1.5374532512e+00,1.0969376035e+00,1.0965335883e+00,1.1258210579e+00,5
chirp_a2,siren,475.993916,1.5192989928e+00,1.5156247121e+00,1.5374532501e+00,1.0969376035e+00,1.0965335883e+00,1.1258210579e+00,5
chirp_a2,siren,482.698056,1.5184207683e+00,1.5156247121e+00,1.5374532499e+00,1.0969376035e+00,1.0965335883e+00,1.1258210579e+00,5
chirp_a2,siren,489.402196,1.5183993303e+00,1.5156247121e+00,1.5374532498e+00,1.0969376035e+00,1.0965335883e+00,1.1258210579e+00,5
chirp_a2,siren,496.106335,1.5183993338e+00,1.5156247121e+00,1.5374532498e+00,1.0969376035e+00,1.0965335883e+00,1.1258210579e+00,5
chirp_a2,siren,502.810475,1.5183993338e+00,1.5156247121e+00,1.5374532498e+00,1.0969376035e+00,1.0965335883e+00,1.1258210579e+00,5
chirp_a2,siren,509.514615,1.5183993338e+00,1.5156247121e+00,1.5374532498e+00,1.0969376035e+00,1.0965335883e+00,1.1258210579e+00,5
chirp_a2,siren,516.218754,1.5264774079e+00,1.5183993338e+00,1.5374532498e+00,1.0969376035e+00,1.0965335883e+00,1.1258210579e+00,5
chirp_a2,siren,522.922894,1.5201501787e+00,1.5183993338e+00,1.5374532498e+00,1.0969376035e+00,1.0965335883e+00,1.1258210579e+00,5
chirp_a2,siren,529.627034,1.5183993338e+00,1.5156247121e+00,1.5374532498e+00,1.0969376035e+00,1.0965335883e+00,1.1258210579e+00,5
chirp_a2,siren,536.331173,1.5183993338e+00,1.5156247121e+00,1.5374532498e+00,1.0969376035e+00,1.0965335883e+00,1.1258210579e+00,5
chirp_a2,siren,543.035313,1.5183993338e+00,1.5156246716e+00,1.5374532498e+00,1.0969376035e+00,1.0965335883e+00,1.1258210579e+00,5
chirp_a2,siren,549.739453,1.5183993338e+00,1.5156246468e+00,1.5299767544e+00,1.0969376035e+00,1.0965335883e+00,1.1258210579e+00,5
chirp_a2,siren,556.443592,1.5183993338e+00,1.5156246635e+00,1.5386132381e+00,1.0969376035e+00,1.0965335883e+00,1.1258210579e+00,5
chirp_a2,siren,563.147732,1.5183993338e+00,1.5156247499e+00,1.5383299896e+00,1.0969376035e+00,1.0965335883e+00,1.1258210579e+00,5
chirp_a2,siren,569.851872,1.5183993338e+00,1.5156247058e+00,1.5376220441e+00,1.0969376035e+00,1.0965335883e+00,1.1258210579e+00,5
chirp_a2,siren,576.556011,1.5183993338e+00,1.5156277672e+00,1.5374867714e+00,1.0969376035e+00,1.0965335883e+00,1.1258210579e+00,5
chirp_a2,siren,583.260151,1.5183993338e+00,1.5115225803e+00,1.5374594569e+00,1.0969376035e+00,1.0965335883e+00,1.1258210579e+00,5
chirp_a2,siren,589.964291,1.5183993338e+00,1.5156828106e+00,1.5374543335e+00,1.0969376035e+00,1.0965335883e+00,1.1258210579e+00,5
chirp_a2,siren,596.668430,1.5183993338e+00,1.5156243544e+00,1.5374534770e+00,1.0969376035e+00,1.0965335883e+00,1.1258210579e+00,5
chirp_a2,siren,603.372570,1.5183993395e+00,1.5156246323e+00,1.5374533419e+00,1.0969376035e+00,1.0965335883e+00,1.1258210579e+00,5
chirp_a2,siren,610.076709,1.5183992978e+00,1.5156246323e+00,1.5374533231e+00,1.0969376035e+00,1.0965335883e+00,1.1258210579e+00,5
chirp_a2,siren,616.780849,1.5183992971e+00,1.5156246323e+00,1.5374533207e+00,1.0969376035e+00,1.0965335883e+00,1.1258210579e+00,5
chirp_a2,siren,623.484989,1.5184236781e+00,1.5156246323e+00,1.5374533204e+00,1.0969376035e+00,1.0965335883e+00,1.1258210579e+00,5
chirp_a2,siren,630.189128,1.5196719977e+00,1.5156246323e+00,1.5374533204e+00,1.0969376035e+00,1.0965335883e+00,1.1258210579e+00,5
chirp_a2,siren,636.893268,1.5184158040e+00,1.5156246323e+00,1.5374533204e+00,1.0969376035e+00,1.0965335883e+00,1.1258210579e+00,5
chirp_a2,siren,643.597408,1.5183996501e+00,1.5156246323e+00,1.5374533204e+00,1.0969376035e+00,1.0965335883e+00,1.1258210579e+00,5
chirp_a2,siren,650.301547,1.5183995836e+00,1.5156246323e+00,1.5374533204e+00,1.0969376035e+00,1.0965335883e+00,1.1258210579e+00,5
chirp_a2,siren,657.005687,1.5183995837e+00,1.5156246323e+00,1.5374533204e+00,1.0969376035e+00,1.0965335883e+00,1.1258210579e+00,5
chirp_a2,siren,663.709827,1.5183995837e+00,1.5156246323e+00,1.5374533204e+00,1.0969376035e+00,1.0965335883e+00,1.1258210579e+00,5
chirp_a2,siren,670.413966,1.5183995837e+00,1.5156246323e+00,1.5374533204e+00,1.0969376035e+00,1.0965335883e+00,1.1258210579e+00,5
chirp_a2,siren,677.118106,1.5183995837e+00,1.5156246324e+00,1.5374664752e+00,1.0969376035e+00,1.0965335883e+00,1.1258210579e+00,5
chirp_a2,siren,683.822246,1.5183995837e+00,1.5156246324e+00,1.5369118105e+00,1.0969376035e+00,1.0965335883e+00,1.1258210579e+00,5
chirp_a2,siren,690.526385,1.5183995837e+00,1.5156246324e+00,1.5348757405e+00,1.0969376035e+00,1.0965335883e+00,1.1258210579e+00,5
chirp_a2,siren,697.230525,1.5183995837e+00,1.5156246324e+00,1.5374209297e+00,1.0969376035e+00,1.0965335883e+00,1.1258210579e+00,5
chirp_a2,siren,703.934665,1.5183995838e+00,1.5156246324e+00,1.5374455086e+00,1.0969376035e+00,1.0965335883e+00,1.1258210579e+00,5
chirp_a2,siren,710.638804,1.5183995838e+00,1.5176225697e+00,1.5374514916e+00,1.0969376035e+00,1.0965335883e+00,1.1258210579e+00,5
chirp_a2,siren,717.342944,1.5183995838e+00,1.5156246324e+00,1.5374529200e+00,1.0969376035e+00,1.0965335883e+00,1.1258210579e+00,5
chirp_a2,siren,724.047084,1.5183995838e+00,1.5156246324e+00,1.5374532403e+00,1.0969376035e+00,1.0965335883e+00,1.1258210579e+00,5
chirp_a2,siren,730.751223,1.5183995838e+00,1.5156246324e+00,1.5374533062e+00,1.0969376035e+00,1.0965335883e+00,1.1258210579e+00,5
chirp_a2,siren,737.455363,1.5183995838e+00,1.5156251854e+00,1.5374533191e+00,1.0969376035e+00,1.0965335883e+00,1.1258210579e+00,5
chirp_a2,siren,744.159503,1.5183999753e+00,1.5156246897e+00,1.5374533214e+00,1.0969376035e+00,1.0965335883e+00,1.1258210579e+00,5
chirp_a2,siren,750.863642,1.5183997199e+00,1.5156246887e+00,1.5374533218e+00,1.0969376035e+00,1.0965335883e+00,1.1258210579e+00,5
chirp_a2,siren,757.567782,1.5183997161e+00,1.5156246583e+00,1.5374533219e+00,1.0969376035e+00,1.0965335883e+00,1.1258210579e+00,5
chirp_a2,siren,764.271922,1.5183997162e+00,1.5156249382e+00,1.5374533219e+00,1.0969376035e+00,1.0965335883e+00,1.1258210579e+00,5
chirp_a2,siren,770.976061,1.5183997162e+00,1.5156246875e+00,1.5374533219e+00,1.0969376035e+00,1.0965335883e+00,1.1258210579e+00,5
chirp_a2,siren,777.680201,1.5184006175e+00,1.5156244909e+00,1.5374533219e+00,1.0969376035e+00,1.0965335883e+00,1.1258210579e+00,5
chirp_a2,siren,784.384341,1.5183996203e+00,1.5156247475e+00,1.5374533219e+00,1.0969376035e+00,1.0965335883e+00,1.1258210579e+00,5
chirp_a2,siren,791.088480,1.5183996188e+00,1.5141664629e+00,1.5374533219e+00,1.0969376035e+00,1.0965335883e+00,1.1258210579e+00,5
chirp_a2,siren,797.792620,1.5183996810e+00,1.5175025319e+00,1.5374533219e+00,1.0969376035e+00,1.0965335883e+00,1.1258210579e+00,5
chirp_a2,siren,804.496760,1.5183995402e+00,1.5156271651e+00,1.5374533219e+00,1.0969376035e+00,1.0965335883e+00,1.1258210579e+00,5
chirp_a2,siren,811.200899,1.5183996965e+00,1.5156247413e+00,1.5374533219e+00,1.0969376035e+00,1.0965335883e+00,1.1258210579e+00,5
chirp_a2,siren,817.905039,1.5183993713e+00,1.5156247570e+00,1.5374533219e+00,1.0969376035e+00,1.0965335883e+00,1.1258210579e+00,5
chirp_a2,siren,824.609179,1.5185055101e+00,1.5156247571e+00,1.5374533219e+00,1.0969376035e+00,1.0965335883e+00,1.1258210579e+00,5
chirp_a2,siren,831.313318,1.5183987572e+00,1.5156247571e+00,1.5374533219e+00,1.0969376035e+00,1.0965335883e+00,1.1258210579e+00,5
chirp_a2,siren,838.017458,1.5183995655e+00,1.5156247571e+00,1.5374533219e+00,1.0969376035e+00,1.0965335883e+00,1.1258210579e+00,5
chirp_a2,siren,844.721598,1.5183995720e+00,1.5156247571e+00,1.5374533219e+00,1.0969376035e+00,1.0965335883e+00,1.1258210579e+00,5
chirp_a2,siren,851.425737,1.5183995720e+00,1.5156247571e+00,1.5374533219e+00,1.0969376035e+00,1.0965335883e+00,1.1258210579e+00,5
chirp_a2,siren,858.129877,1.5183995720e+00,1.5156247571e+00,1.5374533219e+00,1.0969376035e+00,1.0965335883e+00,1.1258210579e+00,5
chirp_a2,siren,864.834017,1.5183995720e+00,1.5156247571e+00,1.5374533219e+00,1.0969376035e+00,1.0965335883e+00,1.1258210579e+00,5
chirp_a2,siren,871.538156,1.5183995720e+00,1.5156247571e+00,1.5374533201e+00,1.0969376035e+00,1.0965335883e+00,1.1258210579e+00,5
chirp_a2,siren,878.242296,1.5183995720e+00,1.5156247571e+00,1.5396349723e+00,1.0969376035e+00,1.0965335883e+00,1.1258210579e+00,5
chirp_a2,siren,884.946436,1.5183995720e+00,1.5156247571e+00,1.5435441274e+00,1.0969376035e+00,1.0965335883e+00,1.1258210579e+00,5
chirp_a2,siren,891.650575,1.5183995720e+00,1.5156247572e+00,1.5394789718e+00,1.0969376035e+00,1.0965335883e+00,1.1258210579e+00,5
chirp_a2,siren,898.354715,1.5183995720e+00,1.5156247572e+00,1.5379641679e+00,1.0969376035e+00,1.0965335883e+00,1.1258210579e+00,5
chirp_a2,siren,905.058855,1.5183995720e+00,1.5156247572e+00,1.5375742082e+00,1.0969376035e+00,1.0965335883e+00,1.1258210579e+00,5
chirp_a2,siren,911.762994,1.5183995720e+00,1.5156247572e+00,1.5374806911e+00,1.0969376035e+00,1.0965335883e+00,1.1258210579e+00,5
chirp_a2,siren,918.467134,1.5183995720e+00,1.5156247572e+00,1.5374589558e+00,1.0969376035e+00,1.0965335883e+00,1.1258210579e+00,5
chirp_a2,siren,925.171274,1.5183995721e+00,1.5156247572e+00,1.5374542672e+00,1.0969376035e+00,1.0965335883e+00,1.1258210579e+00,5
chirp_a2,siren,931.875413,1.5183995721e+00,1.5156247572e+00,1.5374532921e+00,1.0969376035e+00,1.0965335883e+00,1.1258210579e+00,5
chirp_a2,siren,938.579553,1.5183995721e+00,1.5156247572e+00,1.5374530992e+00,1.0969376035e+00,1.0965335883e+00,1.1258210579e+00,5
chirp_a2,siren,945.283693,1.5183995721e+00,1.5156247572e+00,1.5374530640e+00,1.0969376035e+00,1.0965335883e+00,1.1258210579e+00,5
chirp_a2,siren,951.987832,1.5183995721e+00,1.5156247572e+00,1.5374530579e+00,1.0969376035e+00,1.0965335883e+00,1.1258210579e+00,5
chirp_a2,siren,958.691972,1.5183995721e+00,1.5156250010e+00,1.5374530569e+00,1.0969376035e+00,1.0965335883e+00,1.1258210579e+00,5
chirp_a2,siren,965.396112,1.5183995721e+00,1.5156247341e+00,1.5374530567e+00,1.0969376035e+00,1.0965335883e+00,1.1258210579e+00,5
chirp_a2,siren,972.100251,1.5183995721e+00,1.5156247342e+00,1.5374530567e+00,1.0969376035e+00,1.0965335883e+00,1.1258210579e+00,5
chirp_a2,siren,978.804391,1.5183995721e+00,1.5156247343e+00,1.5374530567e+00,1.0969376035e+00,1.0965335883e+00,1.1258210579e+00,5
chirp_a2,siren,985.508531,1.5183995721e+00,1.5156247315e+00,1.5374530567e+00,1.0969376035e+00,1.0965335883e+00,1.1258210579e+00,5
chirp_a2,siren,992.212670,1.5183995721e+00,1.5156247678e+00,1.5374530567e+00,1.0969376035e+00,1.0965335883e+00,1.1258210579e+00,5
chirp_a2,siren,998.916810,1.5183995721e+00,1.5156247674e+00,1.5374530567e+00,1.0969376035e+00,1.0965335883e+00,1.1258210579e+00,5
chirp_a2,siren,1005.620950,1.5183995721e+00,1.5156246401e+00,1.5374530567e+00,1.0969376035e+00,1.0965335883e+00,1.1258210579e+00,5
chirp_a2,siren,1012.325089,1.5183999007e+00,1.5156248173e+00,1.5374530567e+00,1.0969376035e+00,1.0965335883e+00,1.1258210579e+00,5
chirp_a2,siren,1019.029229,1.5183994998e+00,1.5156249178e+00,1.5374530567e+00,1.0969376035e+00,1.0965335883e+00,1.1258210579e+00,5
chirp_a2,siren,1025.733369,1.5183994972e+00,1.5160494789e+00,1.5374530567e+00,1.0969376035e+00,1.0965335883e+00,1.1258210579e+00,5
chirp_a2,siren,1032.437508,1.5183994975e+00,1.5157390318e+00,1.5374530567e+00,1.0969376035e+00,1.0965335883e+00,1.1258210579e+00,5
chirp_a2,siren,1039.141648,1.5183995015e+00,1.5156249887e+00,1.5374530567e+00,1.0969376035e+00,1.0965335883e+00,1.1258210579e+00,5
chirp_a2,siren,1045.845788,1.5183994587e+00,1.5156248511e+00,1.5374530567e+00,1.0969376035e+00,1.0965335883e+00,1.1258210579e+00,5
chirp_a2,siren,1052.549927,1.5183994592e+00,1.5156248525e+00,1.5374530567e+00,1.0969376035e+00,1.0965335883e+00,1.1258210579e+00,5
chirp_a2,siren,1059.254067,1.5183995660e+00,1.5156248525e+00,1.5374530567e+00,1.0969376035e+00,1.0965335883e+00,1.1258210579e+00,5
chirp_a2,siren,1065.958207,1.5183995564e+00,1.5156248525e+00,1.5374530567e+00,1.0969376035e+00,1.0965335883e+00,1.1258210579e+00,5
chirp_a2,siren,1072.662346,1.5183983619e+00,1.5156248525e+00,1.5374674006e+00,1.0969376035e+00,1.0965335883e+00,1.1258210579e+00,5
chirp_a2,siren,1079.366486,1.5181732251e+00,1.5156248525e+00,1.5374692006e+00,1.0969376035e+00,1.0965335883e+00,1.1258210579e+00,5
chirp_a2,siren,1086.070626,1.5183968669e+00,1.5156248525e+00,1.5374529106e+00,1.0969376035e+00,1.0965335883e+00,1.1258210579e+00,5
chirp_a2,siren,1092.774765,1.5183993446e+00,1.5156248525e+00,1.5374528711e+00,1.0969376035e+00,1.0965335883e+00,1.1258210579e+00,5
chirp_a2,siren,1099.478905,1.5183993156e+00,1.5156248525e+00,1.5374528702e+00,1.0969376035e+00,1.0965335883e+00,1.1258210579e+00,5
chirp_a2,siren,1106.183045,1.5183993157e+00,1.5156248525e+00,1.5373889227e+00,1.0969376035e+00,1.0965335883e+00,1.1258210579e+00,5
chirp_a2,siren,1112.887184,1.5183993157e+00,1.5156248525e+00,1.5369603970e+00,1.0969376035e+00,1.0965335883e+00,1.1258210579e+00,5
chirp_a2,siren,1119.591324,1.5183993157e+00,1.5156248526e+00,1.5372586205e+00,1.0969376035e+00,1.0965335883e+00,1.1258210579e+00,5
chirp_a2,siren,1126.295464,1.5183993157e+00,1.5156248526e+00,1.5373972136e+00,1.0969376035e+00,1.0965335883e+00,1.1258210579e+00,5
chirp_a2,siren,1132.999603,1.5183993157e+00,1.5156248526e+00,1.5374379543e+00,1.0969376035e+00,1.0965335883e+00,1.1258210579e+00,5
chirp_a2,siren,1139.703743,1.5183993157e+00,1.5156246883e+00,1.5374492381e+00,1.0969376035e+00,1.0965335883e+00,1.1258210579e+00,5
chirp_a2,siren,1146.407883,1.5183993157e+00,1.5156249584e+00,1.5374522015e+00,1.0969376035e+00,1.0965335883e+00,1.1258210579e+00,5
chirp_a2,siren,1153.112022,1.5183993157e+00,1.5156254652e+00,1.5374529135e+00,1.0969376035e+00,1.0965335883e+00,1.1258210579e+00,5
chirp_a2,siren,1159.816162,1.5183993158e+00,1.5156251095e+00,1.5374530761e+00,1.0969376035e+00,1.0965335883e+00,1.1258210579e+00,5
chirp_a2,siren,1166.520302,1.5183993158e+00,1.5156249011e+00,1.5374531095e+00,1.0969376035e+00,1.0965335883e+00,1.1258210579e+00,5
chirp_a2,siren,1173.224441,1.5183993158e+00,1.5156247067e+00,1.5374531159e+00,1.0969376035e+00,1.0965335883e+00,1.1258210579e+00,5
chirp_a2,siren,1179.928581,1.5183993158e+00,1.5156243306e+00,1.5374531170e+00,1.0969376035e+00,1.0965335883e+00,1.1258210579e+00,5
chirp_a2,siren,1186.632721,1.5183993708e+00,1.5161236237e+00,1.5374531172e+00,1.0969376035e+00,1.0965335883e+00,1.1258210579e+00,5
chirp_a2,siren,1193.336860,1.5183993615e+00,1.5156259322e+00,1.5374531172e+00,1.0969376035e+00,1.0965335883e+00,1.1258210579e+00,5
chirp_a2,siren,1200.041000,1.5196367204e+00,1.5167942759e+00,1.5388007242e+00,1.0969376035e+00,1.0965335883e+00,1.1258210579e+00,5
chirp_a2,fourier,0.000000,1.3633058621e+00,1.3076031328e+00,1.4425473135e+00,1.3633058621e+00,1.3076031328e+00,1.4425473135e+00,5
chirp_a2,fourier,6.704385,1.4374160428e+00,1.3958434559e+00,1.4576308063e+00,1.3255398010e+00,1.3076031328e+00,1.3958434559e+00,5
chirp_a2,fourier,13.408771,1.3962516901e+00,1.3560427181e+00,1.4034241739e+00,1.3255398010e+00,1.3076031328e+00,1.3430224510e+00,5
chirp_a2,fourier,20.113156,1.3915433935e+00,1.3474912326e+00,1.3948725939e+00,1.3255398010e+00,1.3076031328e+00,1.3430224510e+00,5
chirp_a2,fourier,26.817542,1.3853121023e+00,1.3420132323e+00,1.3869232811e+00,1.3255398010e+00,1.3076031328e+00,1.3420132323e+00,5
chirp_a2,fourier,33.521927,1.3769392332e+00,1.3391713793e+00,1.3818917359e+00,1.3255398010e+00,1.3076031328e+00,1.3391713793e+00,5
chirp_a2,fourier,40.226313,1.3696363026e+00,1.3369676306e+00,1.3762709777e+00,1.3255398010e+00,1.3076031328e+00,1.3369676306e+00,5
chirp_a2,fourier,46.930698,1.3630461288e+00,1.3345055466e+00,1.3699007249e+00,1.3195756612e+00,1.3076031328e+00,1.3345055466e+00,5
chirp_a2,fourier,53.635084,1.3569236655e+00,1.3315139413e+00,1.3627911241e+00,1.3113494112e+00,1.3076031328e+00,1.3315139413e+00,5
chirp_a2,fourier,60.339469,1.3511017229e+00,1.3279275829e+00,1.3549867486e+00,1.3076031328e+00,1.3029106034e+00,1.3279275829e+00,5
chirp_a2,fourier,67.043855,1.3454915772e+00,1.3237382935e+00,1.3464881509e+00,1.3076031328e+00,1.2943059640e+00,1.3237382935e+00,5
chirp_a2,fourier,73.748240,1.3372854836e+00,1.3190033378e+00,1.3400347560e+00,1.3076031328e+00,1.2855712524e+00,1.3190033378e+00,5
chirp_a2,fourier,80.452626,1.3273968218e+00,1.3138022683e+00,1.3346840649e+00,1.3076031328e+00,1.2767541311e+00,1.3138022683e+00,5
chirp_a2,fourier,87.157011,1.3168103574e+00,1.3081913329e+00,1.3293977515e+00,1.3076031328e+00,1.2678910900e+00,1.3081913329e+00,5
chirp_a2,fourier,93.861397,1.3054150768e+00,1.3022136463e+00,1.3241568296e+00,1.3022136463e+00,1.2590152818e+00,1.3076031328e+00,5
chirp_a2,fourier,100.565782,1.2959363516e+00,1.2932347521e+00,1.3189505239e+00,1.2959363516e+00,1.2501543869e+00,1.3076031328e+00,5
chirp_a2,fourier,107.270168,1.2894084413e+00,1.2802644988e+00,1.3137553939e+00,1.2894084413e+00,1.2423035930e+00,1.3076031328e+00,5
chirp_a2,fourier,113.974553,1.2826723115e+00,1.2657552467e+00,1.3085561565e+00,1.2826723115e+00,1.2423035930e+00,1.3074174772e+00,5
chirp_a2,fourier,120.678939,1.2757724044e+00,1.2461262966e+00,1.3033453882e+00,1.2757724044e+00,1.2423035930e+00,1.3033453882e+00,5
chirp_a2,fourier,127.383324,1.2687531523e+00,1.2278539516e+00,1.2981203825e+00,1.2687531523e+00,1.2278539516e+00,1.2981203825e+00,5
chirp_a2,fourier,134.087709,1.2616406410e+00,1.2091817153e+00,1.2928774143e+00,1.2616406410e+00,1.2091817153e+00,1.2928774143e+00,5
chirp_a2,fourier,140.792095,1.2544775770e+00,1.1988301708e+00,1.2876246165e+00,1.2544775770e+00,1.1988301708e+00,1.2876246165e+00,5
chirp_a2,fourier,147.496480,1.2472674923e+00,1.1907445832e+00,1.2823685090e+00,1.2472674923e+00,1.1907445832e+00,1.2823685090e+00,5
chirp_a2,fourier,154.200866,1.2400088745e+00,1.1828259489e+00,1.2771100619e+00,1.2400088745e+00,1.1828259489e+00,1.2771100619e+00,5
chirp_a2,fourier,160.905251,1.2327026302e+00,1.1750904715e+00,1.2718656439e+00,1.2327026302e+00,1.1750904715e+00,1.2718656439e+00,5
chirp_a2,fourier,167.609637,1.2253362825e+00,1.1675353159e+00,1.2666280042e+00,1.2253362825e+00,1.1675353159e+00,1.2666280042e+00,5
chirp_a2,fourier,174.314022,1.2178340336e+00,1.1601746001e+00,1.2614060771e+00,1.2178340336e+00,1.1601746001e+00,1.2614060771e+00,5
chirp_a2,fourier,181.018408,1.2101394081e+00,1.1530205829e+00,1.2562063845e+00,1.2101394081e+00,1.1530205829e+00,1.2562063845e+00,5
chirp_a2,fourier,187.722793,1.2023335081e+00,1.1460575275e+00,1.2510523252e+00,1.2023335081e+00,1.1460575275e+00,1.2510523252e+00,5
chirp_a2,fourier,194.427179,1.1946104439e+00,1.1393036498e+00,1.2459371273e+00,1.1946104439e+00,1.1393036498e+00,1.2459371273e+00,5
chirp_a2,fourier,201.131564,1.2104225729e+00,1.1871157064e+00,1.2369642205e+00,1.1871157064e+00,1.1381732463e+00,1.2369642205e+00,5
chirp_a2,fourier,207.835950,1.1798118749e+00,1.1659302799e+00,1.2278698025e+00,1.1798118749e+00,1.1381732463e+00,1.2278698025e+00,5
chirp_a2,fourier,214.540335,1.1726316295e+00,1.1534263920e+00,1.2188272663e+00,1.1726316295e+00,1.1381732463e+00,1.2188272663e+00,5
chirp_a2,fourier,221.244721,1.1655243874e+00,1.1475723875e+00,1.2098501699e+00,1.1655243874e+00,1.1381732463e+00,1.2098501699e+00,5
chirp_a2,fourier,227.949106,1.1584645855e+00,1.1422859168e+00,1.2009546341e+00,1.1584645855e+00,1.1381732463e+00,1.2009546341e+00,5
chirp_a2,fourier,234.653492,1.1514303183e+00,1.1374690732e+00,1.1921453307e+00,1.1514303183e+00,1.1372838075e+00,1.1921453307e+00,5
chirp_a2,fourier,241.357877,1.1444118149e+00,1.1329681572e+00,1.1834437156e+00,1.1444118149e+00,1.1329681572e+00,1.1834437156e+00,5
chirp_a2,fourier,248.062263,1.1374139436e+00,1.1287007977e+00,1.1748632812e+00,1.1374139436e+00,1.1287007977e+00,1.1748632812e+00,5
chirp_a2,fourier,254.766648,1.1304396164e+00,1.1246124458e+00,1.1664260889e+00,1.1304396164e+00,1.1246124458e+00,1.1664260889e+00,5
chirp_a2,fourier,261.471034,1.1234935707e+00,1.1206741987e+00,1.1581412585e+00,1.1234935707e+00,1.1206741987e+00,1.1581412585e+00,5
chirp_a2,fourier,268.175419,1.1165803854e+00,1.1149943819e+00,1.1500253108e+00,1.1165803854e+00,1.1149943819e+00,1.1500253108e+00,5
chirp_a2,fourier,274.879804,1.1420819489e+00,1.1057224623e+00,1.1687479147e+00,1.1099486232e+00,1.1022774421e+00,1.1420819489e+00,5
chirp_a2,fourier,281.584190,1.1343159528e+00,1.1031873506e+00,1.1617989017e+00,1.1099486232e+00,1.1021617563e+00,1.1343159528e+00,5
chirp_a2,fourier,288.288575,1.1267415950e+00,1.0896735483e+00,1.1556439899e+00,1.1099486232e+00,1.0803635388e+00,1.1267415950e+00,5
chirp_a2,fourier,294.992961,1.1193595123e+00,1.0945473808e+00,1.1503970926e+00,1.1099486232e+00,1.0803635388e+00,1.1193595123e+00,5
chirp_a2,fourier,301.697346,1.1121681016e+00,1.0890383517e+00,1.1460977283e+00,1.1099486232e+00,1.0803635388e+00,1.1121681016e+00,5
chirp_a2,fourier,308.401732,1.1051283705e+00,1.0825027899e+00,1.1424181662e+00,1.1051283705e+00,1.0800862258e+00,1.1099486232e+00,5
chirp_a2,fourier,315.106117,1.1377838266e+00,1.1051849259e+00,1.1391328817e+00,1.1027183587e+00,1.0793630123e+00,1.1099486232e+00,5
chirp_a2,fourier,321.810503,1.1204713969e+00,1.0839637364e+00,1.1361117407e+00,1.1027183587e+00,1.0793630123e+00,1.1099486232e+00,5
chirp_a2,fourier,328.514888,1.1157348710e+00,1.0795421830e+00,1.1332903575e+00,1.1027183587e+00,1.0790100079e+00,1.1099486232e+00,5
chirp_a2,fourier,335.219274,1.1099708400e+00,1.0741231899e+00,1.1306265236e+00,1.1027183587e+00,1.0741231899e+00,1.1099486232e+00,5
chirp_a2,fourier,341.923659,1.1047384295e+00,1.0690600948e+00,1.1280859830e+00,1.1027183587e+00,1.0690600948e+00,1.1099486232e+00,5
chirp_a2,fourier,348.628045,1.0932698899e+00,1.0641677601e+00,1.0997667647e+00,1.0932698899e+00,1.0641677601e+00,1.0997667647e+00,5
chirp_a2,fourier,355.332430,1.0949746428e+00,1.0593903658e+00,1.1233058610e+00,1.0927979195e+00,1.0593903658e+00,1.0949746428e+00,5
chirp_a2,fourier,362.036816,1.0903098257e+00,1.0547612982e+00,1.1210360066e+00,1.0903098257e+00,1.0547612982e+00,1.0927979195e+00,5
chirp_a2,fourier,368.741201,1.0857715511e+00,1.0543766848e+00,1.1188384974e+00,1.0857715511e+00,1.0540494829e+00,1.0927979195e+00,5
chirp_a2,fourier,375.445587,1.0813571977e+00,1.0736120511e+00,1.1166998172e+00,1.0813571977e+00,1.0540494829e+00,1.0927979195e+00,5
chirp_a2,fourier,382.149972,1.0770584287e+00,1.0681554382e+00,1.1146139128e+00,1.0770584287e+00,1.0540494829e+00,1.0927979195e+00,5
chirp_a2,fourier,388.854358,1.0728676986e+00,1.0633629435e+00,1.1125834847e+00,1.0728676986e+00,1.0540494829e+00,1.0927979195e+00,5
chirp_a2,fourier,395.558743,1.0687875132e+00,1.0590761832e+00,1.1106006099e+00,1.0687875132e+00,1.0540494829e+00,1.0927979195e+00,5
chirp_a2,fourier,402.263128,1.0648113712e+00,1.0550925323e+00,1.1136293025e+00,1.0648113712e+00,1.0540494829e+00,1.0927979195e+00,5
chirp_a2,fourier,408.967514,1.0609313668e+00,1.0513089320e+00,1.0653820623e+00,1.0586452203e+00,1.0513089320e+00,1.0609313668e+00,5
chirp_a2,fourier,415.671899,1.0571536503e+00,1.0476679208e+00,1.1389708369e+00,1.0476679208e+00,1.0471472678e+00,1.0571536503e+00,5
chirp_a2,fourier,422.376285,1.0441354011e+00,1.0415212158e+00,1.1360332271e+00,1.0441354011e+00,1.0415212158e+00,1.0471472678e+00,5
chirp_a2,fourier,429.080670,1.0998452508e+00,1.0406906632e+00,1.1321118578e+00,1.0406906632e+00,1.0306359970e+00,1.0471472678e+00,5
chirp_a2,fourier,435.785056,1.0936418346e+00,1.0373198174e+00,1.1284317364e+00,1.0373198174e+00,1.0306359970e+00,1.0471472678e+00,5
chirp_a2,fourier,442.489441,1.0893949969e+00,1.0340190123e+00,1.1251316497e+00,1.0340190123e+00,1.0306359970e+00,1.0471472678e+00,5
chirp_a2,fourier,449.193827,1.0853574890e+00,1.0307787292e+00,1.1220478837e+00,1.0307787292e+00,1.0306359970e+00,1.0471472678e+00,5
chirp_a2,fourier,455.898212,1.0817848778e+00,1.0249196013e+00,1.1191140744e+00,1.0306359970e+00,1.0249196013e+00,1.0471472678e+00,5
chirp_a2,fourier,462.602598,1.0784744453e+00,1.0617606085e+00,1.1163023049e+00,1.0306359970e+00,9.4795265550e-01,1.0471472678e+00,5
chirp_a2,fourier,469.306983,1.0753448903e+00,1.0589703602e+00,1.1135868596e+00,1.0306359970e+00,9.4795265550e-01,1.0471472678e+00,5
chirp_a2,fourier,476.011369,1.0723625882e+00,1.0517645979e+00,1.1109533948e+00,1.0306359970e+00,9.4795265550e-01,1.0471472678e+00,5
chirp_a2,fourier,482.715754,1.0695083179e+00,1.0477460515e+00,1.1083942807e+00,1.0306359970e+00,9.4795265550e-01,1.0471472678e+00,5
chirp_a2,fourier,489.420140,1.0667599388e+00,1.0442735213e+00,1.1059011763e+00,1.0306359970e+00,9.4795265550e-01,1.0471472678e+00,5
chirp_a2,fourier,496.124525,1.0641063612e+00,1.0411786751e+00,1.1034705499e+00,1.0306359970e+00,9.4795265550e-01,1.0471472678e+00,5
chirp_a2,fourier,502.828911,1.0615424970e+00,1.0383290527e+00,1.1010800638e+00,1.0306359970e+00,9.4795265550e-01,1.0471472678e+00,5
chirp_a2,fourier,509.533296,1.0590594153e+00,1.0356455706e+00,1.0843472701e+00,1.0306359970e+00,9.4795265550e-01,1.0471472678e+00,5
chirp_a2,fourier,516.237682,1.0566496158e+00,1.0330844881e+00,1.1131606044e+00,1.0306359970e+00,9.4795265550e-01,1.0471472678e+00,5
chirp_a2,fourier,522.942067,1.0543106884e+00,1.0306245557e+00,1.1119053894e+00,1.0306359970e+00,9.4795265550e-01,1.0471472678e+00,5
chirp_a2,fourier,529.646453,1.0520383384e+00,1.0282448980e+00,1.1106795145e+00,1.0306359970e+00,9.4795265550e-01,1.0471472678e+00,5
chirp_a2,fourier,536.350838,1.0498234360e+00,1.0259329852e+00,1.1094796346e+00,1.0306359970e+00,9.4795265550e-01,1.0471472678e+00,5
chirp_a2,fourier,543.055223,1.0476648880e+00,1.0236810388e+00,1.1079299786e+00,1.0306359970e+00,9.4795265550e-01,1.0471472678e+00,5
chirp_a2,fourier,549.759609,1.0455608165e+00,1.0214848883e+00,1.1056983050e+00,1.0306359970e+00,9.4795265550e-01,1.0471472678e+00,5
chirp_a2,fourier,556.463994,1.0435068469e+00,1.0193367037e+00,1.1035930840e+00,1.0306359970e+00,9.4795265550e-01,1.0471472678e+00,5
chirp_a2,fourier,563.168380,1.0415017610e+00,1.0172357967e+00,1.1015826738e+00,1.0306359970e+00,9.4795265550e-01,1.0471472678e+00,5
chirp_a2,fourier,569.872765,1.0395439645e+00,1.0151768756e+00,1.0996501268e+00,1.0306359970e+00,9.4795265550e-01,1.0471472678e+00,5
chirp_a2,fourier,576.577151,1.0376316748e+00,1.0131595123e+00,1.0977796781e+00,1.0306359970e+00,9.4795265550e-01,1.0471472678e+00,5
chirp_a2,fourier,583.281536,1.0357609448e+00,1.0111783462e+00,1.0959659867e+00,1.0306359970e+00,9.4795265550e-01,1.0471472678e+00,5
chirp_a2,fourier,589.985922,1.0337417566e+00,1.0092330570e+00,1.0942009045e+00,1.0306359970e+00,9.4795265550e-01,1.0471472678e+00,5
chirp_a2,fourier,596.690307,1.0699305928e+00,1.0073223548e+00,1.0924814799e+00,1.0306359970e+00,9.4795265550e-01,1.0471472678e+00,5
chirp_a2,fourier,603.394693,1.0557740277e+00,1.0054461419e+00,1.0908025933e+00,1.0306359970e+00,9.4795265550e-01,1.0471472678e+00,5
chirp_a2,fourier,610.099078,1.0508450693e+00,9.9160277404e-01,1.0891618487e+00,1.0306359970e+00,9.4547975971e-01,1.0471472678e+00,5
chirp_a2,fourier,616.803464,1.0481365105e+00,1.0094497113e+00,1.0875590784e+00,1.0306359970e+00,9.3294734309e-01,1.0471472678e+00,5
chirp_a2,fourier,623.507849,1.0459800850e+00,1.0169944377e+00,1.0859902011e+00,1.0306359970e+00,9.3294734309e-01,1.0471472678e+00,5
chirp_a2,fourier,630.212235,1.0440256641e+00,1.0141115877e+00,1.0844512979e+00,1.0306359970e+00,9.3294734309e-01,1.0471472678e+00,5
chirp_a2,fourier,636.916620,1.0422107666e+00,1.0116682739e+00,1.0829428761e+00,1.0306359970e+00,9.3294734309e-01,1.0471472678e+00,5
chirp_a2,fourier,643.621006,1.0404950567e+00,1.0096294980e+00,1.0814628047e+00,1.0306359970e+00,9.3294734309e-01,1.0471472678e+00,5
chirp_a2,fourier,650.325391,1.0388564396e+00,1.0077800892e+00,1.0800078431e+00,1.0306359970e+00,9.3294734309e-01,1.0471472678e+00,5
chirp_a2,fourier,657.029777,1.0372846406e+00,1.0060542338e+00,1.0785787475e+00,1.0306359970e+00,9.3294734309e-01,1.0471472678e+00,5
chirp_a2,fourier,663.734162,1.0357704182e+00,1.0044128541e+00,1.0771014361e+00,1.0306359970e+00,9.3294734309e-01,1.0471472678e+00,5
chirp_a2,fourier,670.438547,1.0343059059e+00,1.0028381335e+00,1.0666939217e+00,1.0281074518e+00,9.3294734309e-01,1.0306359970e+00,5
chirp_a2,fourier,677.142933,1.0328864906e+00,1.0013216169e+00,1.0839933923e+00,1.0281074518e+00,9.3294734309e-01,1.0306359970e+00,5
chirp_a2,fourier,683.847318,1.0315085684e+00,9.9985064445e-01,1.0813726459e+00,1.0281074518e+00,9.3294734309e-01,1.0306359970e+00,5
chirp_a2,fourier,690.551704,1.0301673467e+00,9.9841883109e-01,1.0797828417e+00,1.0281074518e+00,9.3294734309e-01,1.0301673467e+00,5
chirp_a2,fourier,697.256089,1.0288610250e+00,9.9702506143e-01,1.0782944798e+00,1.0281074518e+00,9.3294734309e-01,1.0288610250e+00,5
chirp_a2,fourier,703.960475,1.0275872529e+00,9.9566399989e-01,1.0769142909e+00,1.0275872529e+00,9.3294734309e-01,1.0281074518e+00,5
chirp_a2,fourier,710.664860,1.0263425001e+00,9.9433277544e-01,1.0756071162e+00,1.0263425001e+00,9.3294734309e-01,1.0281074518e+00,5
chirp_a2,fourier,717.369246,1.0251249302e+00,9.9302958012e-01,1.0743523600e+00,1.0251249302e+00,9.3294734309e-01,1.0281074518e+00,5
chirp_a2,fourier,724.073631,1.0239367961e+00,9.9175399582e-01,1.0731421530e+00,1.0239367961e+00,9.3294734309e-01,1.0281074518e+00,5
chirp_a2,fourier,730.778017,1.0227713485e+00,9.9050311057e-01,1.0719672579e+00,1.0227713485e+00,9.3294734309e-01,1.0281074518e+00,5
chirp_a2,fourier,737.482402,1.0216286842e+00,9.8927648280e-01,1.0708228082e+00,1.0216286842e+00,9.3294734309e-01,1.0281074518e+00,5
chirp_a2,fourier,744.186788,1.0205097041e+00,9.8807427805e-01,1.0697060440e+00,1.0205097041e+00,9.3294734309e-01,1.0281074518e+00,5
chirp_a2,fourier,750.891173,1.0194127747e+00,9.8689426037e-01,1.0686150431e+00,1.0194127747e+00,9.3294734309e-01,1.0281074518e+00,5
chirp_a2,fourier,757.595559,1.0183368173e+00,9.8573535629e-01,1.0675467490e+00,1.0183368173e+00,9.3294734309e-01,1.0281074518e+00,5
chirp_a2,fourier,764.299944,1.0172817614e+00,9.8459772898e-01,1.0664997153e+00,1.0172817614e+00,9.3294734309e-01,1.0281074518e+00,5
chirp_a2,fourier,771.004330,1.0162453417e+00,9.8348032613e-01,1.0654743027e+00,1.0162453417e+00,9.3294734309e-01,1.0281074518e+00,5
chirp_a2,fourier,777.708715,1.0152290857e+00,9.8238258825e-01,1.0644676955e+00,1.0152290857e+00,9.3294734309e-01,1.0281074518e+00,5
chirp_a2,fourier,784.413101,1.0142313517e+00,9.8130476295e-01,1.0634799567e+00,1.0142313517e+00,9.3294734309e-01,1.0281074518e+00,5
chirp_a2,fourier,791.117486,1.0132515299e+00,9.8024619736e-01,1.0625106099e+00,1.0132515299e+00,9.3294734309e-01,1.0281074518e+00,5
chirp_a2,fourier,797.821872,1.0121138218e+00,9.7920548630e-01,1.0615577883e+00,1.0121138218e+00,9.3294734309e-01,1.0281074518e+00,5
chirp_a2,fourier,804.526257,1.0124628602e+00,9.7818291157e-01,1.0606214429e+00,1.0002071876e+00,9.3294734309e-01,1.0281074518e+00,5
chirp_a2,fourier,811.230642,1.0140345265e+00,9.7716602051e-01,1.0597008430e+00,1.0002071876e+00,9.3294734309e-01,1.0281074518e+00,5
chirp_a2,fourier,817.935028,1.0128615610e+00,9.5760298174e-01,1.0587972489e+00,1.0002071876e+00,9.3294734309e-01,1.0281074518e+00,5
chirp_a2,fourier,824.639413,1.0118432901e+00,9.8019961055e-01,1.0579090471e+00,1.0002071876e+00,9.3294734309e-01,1.0281074518e+00,5
chirp_a2,fourier,831.343799,1.0109002962e+00,9.7669643189e-01,1.0570336248e+00,1.0002071876e+00,9.3294734309e-01,1.0281074518e+00,5
chirp_a2,fourier,838.048184,1.0099942864e+00,9.7571756551e-01,1.0561722945e+00,1.0002071876e+00,9.3294734309e-01,1.0281074518e+00,5
chirp_a2,fourier,844.752570,1.0091179756e+00,9.7474629062e-01,1.0553251669e+00,1.0002071876e+00,9.3294734309e-01,1.0281074518e+00,5
chirp_a2,fourier,851.456955,1.0082669921e+00,9.7381049353e-01,1.0544915407e+00,1.0002071876e+00,9.3294734309e-01,1.0281074518e+00,5
chirp_a2,fourier,858.161341,1.0074382254e+00,9.7290819795e-01,1.0536722398e+00,1.0002071876e+00,9.3294734309e-01,1.0281074518e+00,5
chirp_a2,fourier,864.865726,1.0066287534e+00,9.7203071896e-01,1.0528644465e+00,1.0002071876e+00,9.3294734309e-01,1.0281074518e+00,5
chirp_a2,fourier,871.570112,1.0058376815e+00,9.7117626400e-01,1.0520699214e+00,1.0002071876e+00,9.3294734309e-01,1.0281074518e+00,5
chirp_a2,fourier,878.274497,1.0050632883e+00,9.7034070129e-01,1.0512873999e+00,1.0002071876e+00,9.3294734309e-01,1.0281074518e+00,5
chirp_a2,fourier,884.978883,1.0043034096e+00,9.6952234926e-01,1.0505189274e+00,1.0002071876e+00,9.3294734309e-01,1.0281074518e+00,5
chirp_a2,fourier,891.683268,1.0035575901e+00,9.6872132456e-01,1.0497625780e+00,1.0002071876e+00,9.3294734309e-01,1.0281074518e+00,5
chirp_a2,fourier,898.387654,1.0028259782e+00,9.6793556916e-01,1.0490177292e+00,1.0002071876e+00,9.3294734309e-01,1.0281074518e+00,5
chirp_a2,fourier,905.092039,1.0021068599e+00,9.6716437507e-01,1.0482845340e+00,1.0002071876e+00,9.3294734309e-01,1.0281074518e+00,5
chirp_a2,fourier,911.796425,1.0014000459e+00,9.6640813433e-01,1.0475625718e+00,1.0002071876e+00,9.3294734309e-01,1.0281074518e+00,5
chirp_a2,fourier,918.500810,1.0007054311e+00,9.6566486179e-01,1.0468514364e+00,1.0002071876e+00,9.3294734309e-01,1.0281074518e+00,5
chirp_a2,fourier,925.205196,1.0000225784e+00,9.6493458304e-01,1.0461498548e+00,1.0000225784e+00,9.3294734309e-01,1.0281074518e+00,5
chirp_a2,fourier,931.909581,9.9935137147e-01,9.6421701528e-01,1.0454577899e+00,9.9935137147e-01,9.3294734309e-01,1.0281074518e+00,5
chirp_a2,fourier,938.613966,9.9869142486e-01,9.6351148789e-01,1.0447760668e+00,9.9869142486e-01,9.3294734309e-01,1.0281074518e+00,5
chirp_a2,fourier,945.318352,9.9804108654e-01,9.6281752704e-01,1.0441045852e+00,9.9804108654e-01,9.3294734309e-01,1.0281074518e+00,5
chirp_a2,fourier,952.022737,9.9740004621e-01,9.6213488429e-01,1.0434430404e+00,9.9740004621e-01,9.3294734309e-01,1.0281074518e+00,5
chirp_a2,fourier,958.727123,9.9676874861e-01,9.6146435558e-01,1.0427911778e+00,9.9676874861e-01,9.3294734309e-01,1.0281074518e+00,5
chirp_a2,fourier,965.431508,9.9614755189e-01,9.6080399190e-01,1.0421489332e+00,9.9614755189e-01,9.3294734309e-01,1.0281074518e+00,5
chirp_a2,fourier,972.135894,9.9553557675e-01,9.6015408598e-01,1.0415163928e+00,9.9553557675e-01,9.3294734309e-01,1.0281074518e+00,5
chirp_a2,fourier,978.840279,9.9493236601e-01,9.5951420696e-01,1.0408930365e+00,9.9493236601e-01,9.3294734309e-01,1.0281074518e+00,5
chirp_a2,fourier,985.544665,9.9433825598e-01,9.5888467569e-01,1.0402779794e+00,9.9433825598e-01,9.3294734309e-01,1.0281074518e+00,5
chirp_a2,fourier,992.249050,9.9375264527e-01,9.5826408426e-01,1.0396718335e+00,9.9375264527e-01,9.3294734309e-01,1.0281074518e+00,5
chirp_a2,fourier,998.953436,9.9317569708e-01,9.5765253918e-01,1.0390738468e+00,9.9317569708e-01,9.3294734309e-01,1.0281074518e+00,5
chirp_a2,fourier,1005.657821,9.9260677426e-01,9.5704988778e-01,1.0384838561e+00,9.9260677426e-01,9.3294734309e-01,1.0281074518e+00,5
chirp_a2,fourier,1012.362207,9.9204501799e-01,9.5645536537e-01,1.0379017112e+00,9.9204501799e-01,9.3294734309e-01,1.0281074518e+00,5
chirp_a2,fourier,1019.066592,9.9148965832e-01,9.5586905539e-01,1.0373269792e+00,9.9148965832e-01,9.3294734309e-01,1.0281074518e+00,5
chirp_a2,fourier,1025.770978,9.9094119816e-01,9.5529113647e-01,1.0367596062e+00,9.9094119816e-01,9.3294734309e-01,1.0281074518e+00,5
chirp_a2,fourier,1032.475363,9.9039954493e-01,9.5472079887e-01,1.0361998714e+00,9.9039954493e-01,9.3294734309e-01,1.0281074518e+00,5
chirp_a2,fourier,1039.179749,9.8986401413e-01,9.5415713852e-01,1.0356463033e+00,9.8986401413e-01,9.3294734309e-01,1.0281074518e+00,5
chirp_a2,fourier,1045.884134,9.8933507222e-01,9.5360250004e-01,1.0350988557e+00,9.8933507222e-01,9.3294734309e-01,1.0281074518e+00,5
chirp_a2,fourier,1052.588520,9.8881170204e-01,9.5305346672e-01,1.0345576067e+00,9.8881170204e-01,9.3294734309e-01,1.0281074518e+00,5
chirp_a2,fourier,1059.292905,9.8829363992e-01,9.5251051366e-01,1.0340217414e+00,9.8829363992e-01,9.3294734309e-01,1.0281074518e+00,5
chirp_a2,fourier,1065.997291,9.8777998263e-01,9.5197306846e-01,1.0334908881e+00,9.8777998263e-01,9.3294734309e-01,1.0281074518e+00,5
chirp_a2,fourier,1072.701676,9.8727101642e-01,9.5144105393e-01,1.0329651094e+00,9.8727101642e-01,9.3294734309e-01,1.0281074518e+00,5
chirp_a2,fourier,1079.406061,9.8676618312e-01,9.5091425590e-01,1.0324442323e+00,9.8676618312e-01,9.3294734309e-01,1.0281074518e+00,5
chirp_a2,fourier,1086.110447,9.8626495068e-01,9.5039120012e-01,1.0319271066e+00,9.8626495068e-01,9.3294734309e-01,1.0281074518e+00,5
chirp_a2,fourier,1092.814832,9.8576725057e-01,9.4987229948e-01,1.0314139804e+00,9.8576725057e-01,9.3294734309e-01,1.0281074518e+00,5
chirp_a2,fourier,1099.519218,9.8527288563e-01,9.4935637415e-01,1.0309036625e+00,9.8527288563e-01,9.3294734309e-01,1.0281074518e+00,5
chirp_a2,fourier,1106.223603,9.8478090668e-01,9.4884307315e-01,1.0303960613e+00,9.8478090668e-01,9.3294734309e-01,1.0281074518e+00,5
chirp_a2,fourier,1112.927989,9.8429099208e-01,9.4833194180e-01,1.0298910335e+00,9.8429099208e-01,9.3294734309e-01,1.0281074518e+00,5
chirp_a2,fourier,1119.632374,9.8380207911e-01,9.4782285771e-01,1.0293882744e+00,9.8380207911e-01,9.3294734309e-01,1.0281074518e+00,5
chirp_a2,fourier,1126.336760,9.8331424978e-01,9.4731510165e-01,1.0288865291e+00,9.8331424978e-01,9.3294734309e-01,1.0281074518e+00,5
chirp_a2,fourier,1133.041145,9.8282679367e-01,9.4680837868e-01,1.0283863330e+00,9.8282679367e-01,9.3294734309e-01,1.0281074518e+00,5
chirp_a2,fourier,1139.745531,9.8233938293e-01,9.4630201114e-01,1.0278878811e+00,9.8233938293e-01,9.3294734309e-01,1.0278878811e+00,5
chirp_a2,fourier,1146.449916,9.8185140212e-01,9.4579488675e-01,1.0303044258e+00,9.8185140212e-01,9.3294734309e-01,1.0277113481e+00,5
chirp_a2,fourier,1153.154302,9.7886144396e-01,9.5558322976e-01,1.0276637349e+00,9.7876204235e-01,9.3294734309e-01,1.0253661613e+00,5
chirp_a2,fourier,1159.858687,9.8345807287e-01,9.4649113986e-01,1.0274267372e+00,9.7876204235e-01,9.3294734309e-01,1.0253661613e+00,5
chirp_a2,fourier,1166.563073,9.8203569878e-01,9.4572982453e-01,1.0269590439e+00,9.7876204235e-01,9.3294734309e-01,1.0253661613e+00,5
chirp_a2,fourier,1173.267458,9.8140648304e-01,9.4529631977e-01,1.0264946112e+00,9.7876204235e-01,9.3294734309e-01,1.0253661613e+00,5
chirp_a2,fourier,1179.971844,9.8094062855e-01,9.4480560497e-01,1.0260285590e+00,9.7876204235e-01,9.3294734309e-01,1.0253661613e+00,5
chirp_a2,fourier,1186.676229,9.8047525536e-01,9.4432875990e-01,1.0255643051e+00,9.7876204235e-01,9.3294734309e-01,1.0253661613e+00,5
chirp_a2,fourier,1193.380615,9.8001524793e-01,9.4385582950e-01,1.0251000146e+00,9.7876204235e-01,9.3294734309e-01,1.0251000146e+00,5
chirp_a2,fourier,1200.085000,9.8189402606e-01,9.4656900951e-01,1.0264063029e+00,9.7876204235e-01,9.3294734309e-01,1.0248253841e+00,5
chirp_a2,mscale,0.000000,1.5084296669e+00,1.4380442365e+00,1.7552399257e+00,1.5084296669e+00,1.4380442365e+00,1.7552399257e+00,5
chirp_a2,mscale,6.704788,1.5398706133e+00,1.4459207237e+00,1.9466129159e+00,1.4459207237e+00,1.4380442365e+00,1.5398706133e+00,5
chirp_a2,mscale,13.409575,1.9033881797e+00,1.8416900560e+00,2.0667860110e+00,1.4384277542e+00,1.4380442365e+00,1.4758915669e+00,5
chirp_a2,mscale,20.114363,2.1270591580e+00,2.0149629562e+00,2.2629960255e+00,1.4384277542e+00,1.4380442365e+00,1.4758915669e+00,5
chirp_a2,mscale,26.819151,2.2993515453e+00,2.1284070461e+00,2.3835300841e+00,1.4384277542e+00,1.4380442365e+00,1.4758915669e+00,5
chirp_a2,mscale,33.523939,2.4180958986e+00,2.2260570518e+00,2.4750890444e+00,1.4384277542e+00,1.4380442365e+00,1.4758915669e+00,5
chirp_a2,mscale,40.228726,2.5147564901e+00,2.3195422119e+00,2.5571852869e+00,1.4384277542e+00,1.4380442365e+00,1.4758915669e+00,5
chirp_a2,mscale,46.933514,2.6048576772e+00,2.4083764030e+00,2.6311910603e+00,1.4384277542e+00,1.4380442365e+00,1.4758915669e+00,5
chirp_a2,mscale,53.638302,2.6882891541e+00,2.4903660784e+00,2.6987302593e+00,1.4384277542e+00,1.4380442365e+00,1.4758915669e+00,5
chirp_a2,mscale,60.343089,2.7608499071e+00,2.5642718252e+00,2.7642571888e+00,1.4384277542e+00,1.4380442365e+00,1.4758915669e+00,5
chirp_a2,mscale,67.047877,2.8174303879e+00,2.6288113931e+00,2.8313738602e+00,1.4384277542e+00,1.4380442365e+00,1.4758915669e+00,5
chirp_a2,mscale,73.752665,2.8664404746e+00,2.6830018927e+00,2.8883991880e+00,1.4384277542e+00,1.4380442365e+00,1.4758915669e+00,5
chirp_a2,mscale,80.457453,2.8244544700e+00,2.7264528258e+00,2.9350091186e+00,1.4384277542e+00,1.4380442365e+00,1.4758915669e+00,5
chirp_a2,mscale,87.162240,2.8357316092e+00,2.7593994544e+00,2.9717369163e+00,1.4384277542e+00,1.4380442365e+00,1.4758915669e+00,5
chirp_a2,mscale,93.867028,2.8591226444e+00,2.7826114466e+00,2.9903825873e+00,1.4384277542e+00,1.4380442365e+00,1.4758915669e+00,5
chirp_a2,mscale,100.571816,2.8746243246e+00,2.7980321297e+00,2.9723796690e+00,1.4384277542e+00,1.4380442365e+00,1.4758915669e+00,5
chirp_a2,mscale,107.276603,2.8828568958e+00,2.7883524087e+00,2.9484970636e+00,1.4384277542e+00,1.4380442365e+00,1.4758915669e+00,5
chirp_a2,mscale,113.981391,2.8850377903e+00,2.7050800586e+00,2.9571250341e+00,1.4384277542e+00,1.4380442365e+00,1.4758915669e+00,5
chirp_a2,mscale,120.686179,2.8825211251e+00,2.7052798018e+00,2.9607447871e+00,1.4384277542e+00,1.4380442365e+00,1.4758915669e+00,5
chirp_a2,mscale,127.390966,2.8764164306e+00,2.7086585793e+00,2.9601538482e+00,1.4384277542e+00,1.4380442365e+00,1.4758915669e+00,5
chirp_a2,mscale,134.095754,2.8675998176e+00,2.7111089010e+00,2.9560636788e+00,1.4384277542e+00,1.4380442365e+00,1.4758915669e+00,5
chirp_a2,mscale,140.800542,2.8568154669e+00,2.7113807853e+00,2.9493044025e+00,1.4384277542e+00,1.4380442365e+00,1.4758915669e+00,5
chirp_a2,mscale,147.505330,2.8444856043e+00,2.7103953864e+00,2.9404307852e+00,1.4384277542e+00,1.4380442365e+00,1.4758915669e+00,5
chirp_a2,mscale,154.210117,2.8309004108e+00,2.7085404936e+00,2.9678652483e+00,1.4384277542e+00,1.4380442365e+00,1.4758915669e+00,5
chirp_a2,mscale,160.914905,2.8162450357e+00,2.7060389878e+00,2.8906971480e+00,1.4384277542e+00,1.4380442365e+00,1.4758915669e+00,5
chirp_a2,mscale,167.619693,2.8006234554e+00,2.7030171418e+00,2.8800950176e+00,1.4384277542e+00,1.4380442365e+00,1.4758915669e+00,5
chirp_a2,mscale,174.324480,2.6995305405e+00,2.6907052927e+00,2.8668858348e+00,1.4384277542e+00,1.4380442365e+00,1.4758915669e+00,5
chirp_a2,mscale,181.029268,2.6956237198e+00,2.6037084802e+00,2.8543916286e+00,1.4384277542e+00,1.4380442365e+00,1.4758915669e+00,5
chirp_a2,mscale,187.734056,2.6913229792e+00,2.5898758996e+00,2.8401523305e+00,1.4384277542e+00,1.4380442365e+00,1.4758915669e+00,5
chirp_a2,mscale,194.438844,2.6866371493e+00,2.5794897614e+00,2.8247752299e+00,1.4384277542e+00,1.4380442365e+00,1.4758915669e+00,5
chirp_a2,mscale,201.143631,2.6815759945e+00,2.5679326486e+00,2.8085077196e+00,1.4384277542e+00,1.4380442365e+00,1.4758915669e+00,5
chirp_a2,mscale,207.848419,2.6761343596e+00,2.5551233445e+00,2.7915268759e+00,1.4384277542e+00,1.4380442365e+00,1.4758915669e+00,5
chirp_a2,mscale,214.553207,2.6703100512e+00,2.5414565673e+00,2.7739397811e+00,1.4384277542e+00,1.4380442365e+00,1.4758915669e+00,5
chirp_a2,mscale,221.257994,2.5964369083e+00,2.4439031778e+00,2.7558367116e+00,1.4384277542e+00,1.4380442365e+00,1.4758915669e+00,5
chirp_a2,mscale,227.962782,2.4583462696e+00,2.4445391438e+00,2.7373094641e+00,1.4384277542e+00,1.4380442365e+00,1.4758915669e+00,5
chirp_a2,mscale,234.667570,2.4443734379e+00,2.4378216044e+00,2.7184055951e+00,1.4384277542e+00,1.4380442365e+00,1.4758915669e+00,5
chirp_a2,mscale,241.372358,2.4435167265e+00,2.4347244066e+00,2.6991819605e+00,1.4384277542e+00,1.4380442365e+00,1.4758915669e+00,5
chirp_a2,mscale,248.077145,2.4420167089e+00,2.4323844665e+00,2.7022115656e+00,1.4384277542e+00,1.4380442365e+00,1.4758915669e+00,5
chirp_a2,mscale,254.781933,2.4398917941e+00,2.4291796248e+00,2.6001353957e+00,1.4384277542e+00,1.4380442365e+00,1.4758915669e+00,5
chirp_a2,mscale,261.486721,2.4371429684e+00,2.4254305057e+00,2.5684768660e+00,1.4384277542e+00,1.4380442365e+00,1.4758915669e+00,5
chirp_a2,mscale,268.191508,2.4338045909e+00,2.4212837856e+00,2.5517073757e+00,1.4384277542e+00,1.4380442365e+00,1.4758915669e+00,5
chirp_a2,mscale,274.896296,2.4298875213e+00,2.4167690075e+00,2.5341365136e+00,1.4384277542e+00,1.4380442365e+00,1.4758915669e+00,5
chirp_a2,mscale,281.601084,2.4254058983e+00,2.4118881013e+00,2.5166233221e+00,1.4384277542e+00,1.4380442365e+00,1.4758915669e+00,5
chirp_a2,mscale,288.305872,2.4203747961e+00,2.4066416612e+00,2.4989631891e+00,1.4384277542e+00,1.4380442365e+00,1.4758915669e+00,5
chirp_a2,mscale,295.010659,2.4147697197e+00,2.4010318086e+00,2.4811504098e+00,1.4384277542e+00,1.4380442365e+00,1.4758915669e+00,5
chirp_a2,mscale,301.715447,2.4153105274e+00,2.3950448669e+00,2.4454451394e+00,1.4384277542e+00,1.4380442365e+00,1.4758915669e+00,5
chirp_a2,mscale,308.420235,2.3900033892e+00,2.3134478781e+00,2.4442654793e+00,1.4384277542e+00,1.4380442365e+00,1.4758915669e+00,5
chirp_a2,mscale,315.125022,2.3086792121e+00,2.2833484162e+00,2.3927974817e+00,1.4384277542e+00,1.4380442365e+00,1.4758915669e+00,5
chirp_a2,mscale,321.829810,2.3538165216e+00,2.2998588911e+00,2.3792811715e+00,1.4384277542e+00,1.4380442365e+00,1.4758915669e+00,5
chirp_a2,mscale,328.534598,2.3483391012e+00,2.2920523553e+00,2.3631683997e+00,1.4384277542e+00,1.4380442365e+00,1.4758915669e+00,5
chirp_a2,mscale,335.239385,2.3420195105e+00,2.2839649823e+00,2.3473116703e+00,1.4384277542e+00,1.4380442365e+00,1.4758915669e+00,5
chirp_a2,mscale,341.944173,2.3313500591e+00,2.2756702028e+00,2.3352945648e+00,1.4384277542e+00,1.4380442365e+00,1.4758915669e+00,5
chirp_a2,mscale,348.648961,2.3152513456e+00,2.2671140344e+00,2.3287975781e+00,1.4384277542e+00,1.4380442365e+00,1.4758915669e+00,5
chirp_a2,mscale,355.353749,2.2990637795e+00,2.2492809481e+00,2.3188526992e+00,1.4384277542e+00,1.4380442365e+00,1.4758915669e+00,5
chirp_a2,mscale,362.058536,2.2828051240e+00,2.2094328360e+00,2.2987919852e+00,1.4384277542e+00,1.4380442365e+00,1.4758915669e+00,5
chirp_a2,mscale,368.763324,2.2664670847e+00,2.1999494860e+00,2.2787015670e+00,1.4384277542e+00,1.4380442365e+00,1.4758915669e+00,5
chirp_a2,mscale,375.468112,2.2500784722e+00,2.1922625754e+00,2.2585958502e+00,1.4384277542e+00,1.4380442365e+00,1.4758915669e+00,5
chirp_a2,mscale,382.172899,2.2336462273e+00,2.1841611848e+00,2.2384744646e+00,1.4384277542e+00,1.4380442365e+00,1.4758915669e+00,5
chirp_a2,mscale,388.877687,2.2171713961e+00,2.1757084601e+00,2.2181806679e+00,1.4384277542e+00,1.4380442365e+00,1.4758915669e+00,5
chirp_a2,mscale,395.582475,2.1669121634e+00,2.1538425355e+00,2.2006658395e+00,1.4384277542e+00,1.4380442365e+00,1.4758915669e+00,5
chirp_a2,mscale,402.287263,2.1577928386e+00,2.0962962520e+00,2.1841352679e+00,1.4384277542e+00,1.4380442365e+00,1.4758915669e+00,5
chirp_a2,mscale,408.992050,2.1483296096e+00,2.0737388407e+00,2.1675820989e+00,1.4384277542e+00,1.4380442365e+00,1.4758915669e+00,5
chirp_a2,mscale,415.696838,2.1385373365e+00,2.0560986862e+00,2.1510163220e+00,1.4384277542e+00,1.4380442365e+00,1.4758915669e+00,5
chirp_a2,mscale,422.401626,2.1284180976e+00,2.0384079756e+00,2.1344212627e+00,1.4384277542e+00,1.4380442365e+00,1.4758915669e+00,5
chirp_a2,mscale,429.106413,2.1177940141e+00,2.0207282431e+00,2.1179770732e+00,1.4384277542e+00,1.4380442365e+00,1.4758915669e+00,5
chirp_a2,mscale,435.811201,2.1011439236e+00,2.0030679211e+00,2.1072321130e+00,1.4384277542e+00,1.4380442365e+00,1.4758915669e+00,5
chirp_a2,mscale,442.515989,2.0844788003e+00,1.9854283289e+00,2.0961912845e+00,1.4384277542e+00,1.4380442365e+00,1.4758915669e+00,5
chirp_a2,mscale,449.220777,2.0677897837e+00,1.9677658765e+00,2.0848652422e+00,1.4384277542e+00,1.4380442365e+00,1.4758915669e+00,5
chirp_a2,mscale,455.925564,2.0492865900e+00,1.9501004731e+00,2.0732647972e+00,1.4384277542e+00,1.4380442365e+00,1.4758915669e+00,5
chirp_a2,mscale,462.630352,2.0464789719e+00,1.9324292435e+00,2.0614014589e+00,1.4384277542e+00,1.4380442365e+00,1.4758915669e+00,5
chirp_a2,mscale,469.335140,2.0117860294e+00,1.9184750306e+00,2.0492451096e+00,1.4384277542e+00,1.4380442365e+00,1.4758915669e+00,5
chirp_a2,mscale,476.039927,1.9967466100e+00,1.8937315119e+00,2.0368402769e+00,1.4384277542e+00,1.4380442365e+00,1.4758915669e+00,5
chirp_a2,mscale,482.744715,1.9815081801e+00,1.8970577262e+00,2.0241917183e+00,1.4384277542e+00,1.4380442365e+00,1.4758915669e+00,5
chirp_a2,mscale,489.449503,1.9666993550e+00,1.8794362334e+00,2.0193239259e+00,1.4384277542e+00,1.4380442365e+00,1.4758915669e+00,5
chirp_a2,mscale,496.154291,1.9654897190e+00,1.8619350854e+00,1.9798575855e+00,1.4384277542e+00,1.4380442365e+00,1.4758915669e+00,5
chirp_a2,mscale,502.859078,1.9134738232e+00,1.8447310330e+00,1.9639821801e+00,1.4384277542e+00,1.4380442365e+00,1.4758915669e+00,5
chirp_a2,mscale,509.563866,1.9016415731e+00,1.8276253431e+00,1.9528094843e+00,1.4384277542e+00,1.4380442365e+00,1.4758915669e+00,5
chirp_a2,mscale,516.268654,1.8871275640e+00,1.8105961923e+00,1.9407866704e+00,1.4384277542e+00,1.4380442365e+00,1.4758915669e+00,5
chirp_a2,mscale,522.973441,1.8731791838e+00,1.7936395832e+00,1.9285893941e+00,1.4384277542e+00,1.4380442365e+00,1.4758915669e+00,5
chirp_a2,mscale,529.678229,1.8593015873e+00,1.7767453806e+00,1.9162935541e+00,1.4384277542e+00,1.4380442365e+00,1.4758915669e+00,5
chirp_a2,mscale,536.383017,1.8453020121e+00,1.7599208832e+00,1.9039024490e+00,1.4384277542e+00,1.4380442365e+00,1.4758915669e+00,5
chirp_a2,mscale,543.087804,1.8312139226e+00,1.7431614324e+00,1.8914018496e+00,1.4384277542e+00,1.4380442365e+00,1.4758915669e+00,5
chirp_a2,mscale,549.792592,1.8170497297e+00,1.7264731029e+00,1.8787812863e+00,1.4384277542e+00,1.4380442365e+00,1.4758915669e+00,5
chirp_a2,mscale,556.497380,1.8028220144e+00,1.7098679171e+00,1.8660467315e+00,1.4384277542e+00,1.4380442365e+00,1.4758915669e+00,5
chirp_a2,mscale,563.202168,1.7885338996e+00,1.6933264061e+00,1.8531988978e+00,1.4384277542e+00,1.4380442365e+00,1.4758915669e+00,5
chirp_a2,mscale,569.906955,1.7741937013e+00,1.6768616269e+00,1.8402432990e+00,1.4384277542e+00,1.4380442365e+00,1.4758915669e+00,5
chirp_a2,mscale,576.611743,1.7598049780e+00,1.6604840578e+00,1.8271971433e+00,1.4384277542e+00,1.4380442365e+00,1.4758915669e+00,5
chirp_a2,mscale,583.316531,1.7453732494e+00,1.6441917900e+00,1.8140343145e+00,1.4384277542e+00,1.4380442365e+00,1.4758915669e+00,5
chirp_a2,mscale,590.021318,1.7309122769e+00,1.6279843247e+00,1.8007743536e+00,1.4384277542e+00,1.4380442365e+00,1.4758915669e+00,5
chirp_a2,mscale,596.726106,1.7164117197e+00,1.6118688706e+00,1.7874180445e+00,1.4384277542e+00,1.4380442365e+00,1.4758915669e+00,5
chirp_a2,mscale,603.430894,1.7018811844e+00,1.5958478021e+00,1.7739816756e+00,1.4384277542e+00,1.4380442365e+00,1.4758915669e+00,5
chirp_a2,mscale,610.135682,1.6873373942e+00,1.5799350895e+00,1.7604669425e+00,1.4384277542e+00,1.4380442365e+00,1.4758915669e+00,5
chirp_a2,mscale,616.840469,1.6727673961e+00,1.5641303690e+00,1.7468828802e+00,1.4384277542e+00,1.4380442365e+00,1.4758915669e+00,5
chirp_a2,mscale,623.545257,1.6609981661e+00,1.5484169197e+00,1.7332393821e+00,1.4384277542e+00,1.4380442365e+00,1.4758915669e+00,5
chirp_a2,mscale,630.250045,1.6309370522e+00,1.5328059408e+00,1.7195410410e+00,1.4384277542e+00,1.4380442365e+00,1.4758915669e+00,5
chirp_a2,mscale,636.954832,1.6181666689e+00,1.5017281546e+00,1.7058118951e+00,1.4384277542e+00,1.4380442365e+00,1.4758915669e+00,5
chirp_a2,mscale,643.659620,1.6054211638e+00,1.5221734565e+00,1.6963334887e+00,1.4384277542e+00,1.4380442365e+00,1.4642899535e+00,5
chirp_a2,mscale,650.364408,1.5925613722e+00,1.4991550812e+00,1.6780927785e+00,1.4384277542e+00,1.4380442365e+00,1.4506024244e+00,5
chirp_a2,mscale,657.069196,1.5797814182e+00,1.4844487555e+00,1.6622683962e+00,1.4380442365e+00,1.4369950986e+00,1.4384277542e+00,5
chirp_a2,mscale,663.773983,1.5669165059e+00,1.4702503595e+00,1.6497460545e+00,1.4380442365e+00,1.4234730353e+00,1.4384277542e+00,5
chirp_a2,mscale,670.478771,1.5540041827e+00,1.4562046181e+00,1.6366091988e+00,1.4380442365e+00,1.4100386534e+00,1.4384277542e+00,5
chirp_a2,mscale,677.183559,1.5410606750e+00,1.4422402055e+00,1.6233262503e+00,1.4380442365e+00,1.4024377230e+00,1.4384277542e+00,5
chirp_a2,mscale,683.888346,1.5281032064e+00,1.4283362049e+00,1.6100104670e+00,1.4283362049e+00,1.3347935218e+00,1.4384277542e+00,5
chirp_a2,mscale,690.593134,1.5151365293e+00,1.4145190579e+00,1.5967182179e+00,1.4145190579e+00,1.3347935218e+00,1.4384277542e+00,5
chirp_a2,mscale,697.297922,1.5021736874e+00,1.4007924836e+00,1.5834467588e+00,1.4007924836e+00,1.3347935218e+00,1.4384277542e+00,5
chirp_a2,mscale,704.002709,1.4892320546e+00,1.3871583734e+00,1.5701974740e+00,1.3871583734e+00,1.3347935218e+00,1.4384277542e+00,5
chirp_a2,mscale,710.707497,1.4763132998e+00,1.3736226117e+00,1.5569870676e+00,1.3736226117e+00,1.3347935218e+00,1.4384277542e+00,5
chirp_a2,mscale,717.412285,1.4634058515e+00,1.3601868546e+00,1.5438132820e+00,1.3601868546e+00,1.3290145215e+00,1.4384277542e+00,5
chirp_a2,mscale,724.117073,1.4505300498e+00,1.3440208448e+00,1.5306854796e+00,1.3440208448e+00,1.3169153948e+00,1.4384277542e+00,5
chirp_a2,mscale,730.821860,1.4376933723e+00,1.3340596957e+00,1.5176093951e+00,1.3153457132e+00,1.3049105125e+00,1.4363028266e+00,5
chirp_a2,mscale,737.526648,1.4249017986e+00,1.3319063713e+00,1.5045894982e+00,1.3153457132e+00,1.2930139735e+00,1.4249017986e+00,5
chirp_a2,mscale,744.231436,1.4121590559e+00,1.3201909919e+00,1.4916312575e+00,1.3150805989e+00,1.2812237751e+00,1.4121590559e+00,5
chirp_a2,mscale,750.936223,1.3994723910e+00,1.3069015611e+00,1.4787548147e+00,1.3069015611e+00,1.2695403912e+00,1.3994723910e+00,5
chirp_a2,mscale,757.641011,1.3868495329e+00,1.2940790017e+00,1.4659451398e+00,1.2940790017e+00,1.2579557278e+00,1.3868495329e+00,5
chirp_a2,mscale,764.345799,1.3742953708e+00,1.2814378696e+00,1.4531980842e+00,1.2814378696e+00,1.2464835973e+00,1.3742953708e+00,5
chirp_a2,mscale,771.050587,1.3618157073e+00,1.2689373575e+00,1.4405260967e+00,1.2689373575e+00,1.2351243132e+00,1.3618157073e+00,5
chirp_a2,mscale,777.755374,1.3494012020e+00,1.2565751718e+00,1.4279347317e+00,1.2565751718e+00,1.2238813087e+00,1.3494012020e+00,5
chirp_a2,mscale,784.460162,1.3370647890e+00,1.2443573591e+00,1.4154319317e+00,1.2443573591e+00,1.2127554124e+00,1.3370647890e+00,5
chirp_a2,mscale,791.164950,1.3248126692e+00,1.2322869360e+00,1.4030167141e+00,1.2322869360e+00,1.2017490388e+00,1.3248126692e+00,5
chirp_a2,mscale,797.869737,1.3126491252e+00,1.2203415387e+00,1.3906951043e+00,1.2203415387e+00,1.1908724679e+00,1.3126491252e+00,5
chirp_a2,mscale,804.574525,1.3005753853e+00,1.2085339054e+00,1.3784696858e+00,1.2085339054e+00,1.1801145660e+00,1.3005753853e+00,5
chirp_a2,mscale,811.279313,1.2885968325e+00,1.1968653978e+00,1.3663619752e+00,1.1968653978e+00,1.1694741206e+00,1.2885968325e+00,5
chirp_a2,mscale,817.984101,1.2767147632e+00,1.1853362483e+00,1.3543420285e+00,1.1853362483e+00,1.1589546441e+00,1.2767147632e+00,5
chirp_a2,mscale,824.688888,1.2649437976e+00,1.1739471236e+00,1.3424244661e+00,1.1739471236e+00,1.1485627903e+00,1.2649437976e+00,5
chirp_a2,mscale,831.393676,1.2532643243e+00,1.1627021223e+00,1.3306147838e+00,1.1627021223e+00,1.1382932223e+00,1.2532643243e+00,5
chirp_a2,mscale,838.098464,1.2416892010e+00,1.1515966276e+00,1.3189163814e+00,1.1515966276e+00,1.1281526967e+00,1.2416892010e+00,5
chirp_a2,mscale,844.803251,1.2302213054e+00,1.1406386404e+00,1.3073319670e+00,1.1406386404e+00,1.1181382953e+00,1.2302213054e+00,5
chirp_a2,mscale,851.508039,1.2188612238e+00,1.1298132408e+00,1.2958636198e+00,1.1298132408e+00,1.1123830432e+00,1.2188612238e+00,5
chirp_a2,mscale,858.212827,1.2076137372e+00,1.1191235415e+00,1.2845123195e+00,1.1191235415e+00,1.1123830432e+00,1.2076137372e+00,5
chirp_a2,mscale,864.917615,1.1964788818e+00,1.1085724824e+00,1.2732969899e+00,1.1123830432e+00,1.1085724824e+00,1.1964788818e+00,5
chirp_a2,mscale,871.622402,1.1854604775e+00,1.0981596881e+00,1.2622048819e+00,1.1123830432e+00,1.0981596881e+00,1.1854604775e+00,5
chirp_a2,mscale,878.327190,1.1745636596e+00,1.0878847470e+00,1.2512199103e+00,1.1123830432e+00,1.0878847470e+00,1.1745636596e+00,5
chirp_a2,mscale,885.031978,1.1638015907e+00,1.0777509681e+00,1.2403582548e+00,1.1123830432e+00,1.0777509681e+00,1.1638015907e+00,5
chirp_a2,mscale,891.736765,1.1531535057e+00,1.0677546188e+00,1.2296214742e+00,1.1123830432e+00,1.0677546188e+00,1.1531535057e+00,5
chirp_a2,mscale,898.441553,1.1426235813e+00,1.0579025407e+00,1.2190121185e+00,1.1123830432e+00,1.0579025407e+00,1.1426235813e+00,5
chirp_a2,mscale,905.146341,1.1322242716e+00,1.0482050781e+00,1.2085283265e+00,1.1123830432e+00,1.0482050781e+00,1.1322242716e+00,5
chirp_a2,mscale,911.851128,1.1219365598e+00,1.0386369066e+00,1.1981708036e+00,1.1123830432e+00,1.0386369066e+00,1.1219365598e+00,5
chirp_a2,mscale,918.555916,1.1117667138e+00,1.0291971165e+00,1.1879395701e+00,1.1117667138e+00,1.0291971165e+00,1.1123830432e+00,5
chirp_a2,mscale,925.260704,1.1017183163e+00,1.0198949871e+00,1.1778568292e+00,1.1017183163e+00,1.0198949871e+00,1.1123830432e+00,5
chirp_a2,mscale,931.965492,1.0917927818e+00,1.0107188278e+00,1.1678874781e+00,1.0917927818e+00,1.0107188278e+00,1.1123830432e+00,5
chirp_a2,mscale,938.670279,1.0819943796e+00,1.0016601388e+00,1.1580400497e+00,1.0819943796e+00,1.0016601388e+00,1.1123830432e+00,5
chirp_a2,mscale,945.375067,1.0723170567e+00,9.9272753244e-01,1.1483189495e+00,1.0723170567e+00,9.9272753244e-01,1.1123830432e+00,5
chirp_a2,mscale,952.079855,1.0627500232e+00,9.8392275535e-01,1.1387245317e+00,1.0627500232e+00,9.8392275535e-01,1.1123830432e+00,5
chirp_a2,mscale,958.784642,1.0533034752e+00,9.7524510384e-01,1.1292531433e+00,1.0533034752e+00,9.7524510384e-01,1.1123830432e+00,5
chirp_a2,mscale,965.489430,1.0439734252e+00,9.6670066540e-01,1.1199053215e+00,1.0439734252e+00,9.6670066540e-01,1.1123830432e+00,5
chirp_a2,mscale,972.194218,1.0347611326e+00,9.5826737361e-01,1.1106813417e+00,1.0347611326e+00,9.5826737361e-01,1.1102195928e+00,5
chirp_a2,mscale,978.899006,1.0256636236e+00,9.4995261769e-01,1.1015788680e+00,1.0256636236e+00,9.4995261769e-01,1.1015788680e+00,5
chirp_a2,mscale,985.603793,1.0166757537e+00,9.4175216662e-01,1.0926032060e+00,1.0166757537e+00,9.4175216662e-01,1.0926032060e+00,5
chirp_a2,mscale,992.308581,1.0077989721e+00,9.3366882872e-01,1.0837331522e+00,1.0077989721e+00,9.3366882872e-01,1.0837331522e+00,5
chirp_a2,mscale,999.013369,9.9904164448e-01,9.2569334777e-01,1.0749760301e+00,9.9904164448e-01,9.2569334777e-01,1.0749760301e+00,5
chirp_a2,mscale,1005.718156,9.9037913765e-01,9.1782669026e-01,1.0663322150e+00,9.9037913765e-01,9.1782669026e-01,1.0663322150e+00,5
chirp_a2,mscale,1012.422944,9.8180887112e-01,9.1006541791e-01,1.0577949389e+00,9.8180887112e-01,9.1006541791e-01,1.0577949389e+00,5
chirp_a2,mscale,1019.127732,9.7333863563e-01,9.0241680900e-01,1.0493586456e+00,9.7333863563e-01,9.0241680900e-01,1.0493586456e+00,5
chirp_a2,mscale,1025.832520,9.6496639497e-01,8.9487080540e-01,1.0410277956e+00,9.6496639497e-01,8.9487080540e-01,1.0410277956e+00,5
chirp_a2,mscale,1032.537307,9.5668782248e-01,8.8777822781e-01,1.0327952718e+00,9.5668782248e-01,8.8777822781e-01,1.0327952718e+00,5
chirp_a2,mscale,1039.242095,9.4850356737e-01,8.8114308380e-01,1.0246619307e+00,9.4850356737e-01,8.8114308380e-01,1.0246619307e+00,5
chirp_a2,mscale,1045.946883,9.4041111066e-01,8.7459052842e-01,1.0166264215e+00,9.4041111066e-01,8.7459052842e-01,1.0166264215e+00,5
chirp_a2,mscale,1052.651670,9.3240194397e-01,8.6811469207e-01,1.0086687504e+00,9.3240194397e-01,8.6811469207e-01,1.0086687504e+00,5
chirp_a2,mscale,1059.356458,9.2447631759e-01,8.6171558947e-01,1.0007930803e+00,9.2447631759e-01,8.6171558947e-01,1.0007930803e+00,5
chirp_a2,mscale,1066.061246,9.1661736860e-01,8.5538747624e-01,9.9299835855e-01,9.1661736860e-01,8.5538747624e-01,9.9299835855e-01,5
chirp_a2,mscale,1072.766034,9.0882727687e-01,8.4912659291e-01,9.8527706295e-01,9.0882727687e-01,8.4912659291e-01,9.8527706295e-01,5
chirp_a2,mscale,1079.470821,9.0109858874e-01,8.4292815276e-01,9.7762349724e-01,9.0109858874e-01,8.4292815276e-01,9.7762349724e-01,5
chirp_a2,mscale,1086.175609,8.9343227829e-01,8.3679091600e-01,9.7003388672e-01,8.9343227829e-01,8.3679091600e-01,9.7003388672e-01,5
chirp_a2,mscale,1092.880397,8.8581929795e-01,8.3070596109e-01,9.6250151448e-01,8.8581929795e-01,8.3070596109e-01,9.6250151448e-01,5
chirp_a2,mscale,1099.585184,8.7825478298e-01,8.2467402878e-01,9.5502552881e-01,8.7825478298e-01,8.2467402878e-01,9.5502552881e-01,5
chirp_a2,mscale,1106.289972,8.7073052735e-01,8.1867983617e-01,9.4759210353e-01,8.7073052735e-01,8.1867983617e-01,9.4759210353e-01,5
chirp_a2,mscale,1112.994760,8.6324539523e-01,8.1272403383e-01,9.4019298420e-01,8.6324539523e-01,8.1272403383e-01,9.4019298420e-01,5
chirp_a2,mscale,1119.699547,8.5578997232e-01,8.0680061413e-01,9.3282551568e-01,8.5578997232e-01,8.0680061413e-01,9.3282551568e-01,5
chirp_a2,mscale,1126.404335,8.4834968861e-01,8.0090085827e-01,9.2548297822e-01,8.4834968861e-01,8.0090085827e-01,9.2548297822e-01,5
chirp_a2,mscale,1133.109123,8.4092279051e-01,7.9502196588e-01,9.1815825969e-01,8.4092279051e-01,7.9502196588e-01,9.1815825969e-01,5
chirp_a2,mscale,1139.813911,8.3350265700e-01,7.8915782337e-01,9.1084466062e-01,8.3350265700e-01,7.8915782337e-01,9.1084466062e-01,5
chirp_a2,mscale,1146.518698,8.2608964788e-01,7.8330508296e-01,9.0353029898e-01,8.2608964788e-01,7.8330508296e-01,9.0353029898e-01,5
chirp_a2,mscale,1153.223486,8.1866849195e-01,7.7744964688e-01,8.9621235307e-01,8.1866849195e-01,7.7744964688e-01,8.9621235307e-01,5
chirp_a2,mscale,1159.928274,8.1123074734e-01,7.7158093122e-01,8.8889361745e-01,8.1123074734e-01,7.7158093122e-01,8.8889361745e-01,5
chirp_a2,mscale,1166.633061,8.0376595422e-01,7.6569972283e-01,8.8154446297e-01,8.0376595422e-01,7.6569972283e-01,8.8154446297e-01,5
chirp_a2,mscale,1173.337849,7.9627826699e-01,7.5979659891e-01,8.7416276576e-01,7.9627826699e-01,7.5979659891e-01,8.7416276576e-01,5
chirp_a2,mscale,1180.042637,7.8873422683e-01,7.5386977629e-01,8.6673745270e-01,7.8873422683e-01,7.5386977629e-01,8.6673745270e-01,5
chirp_a2,mscale,1186.747425,7.8113296205e-01,7.4790680078e-01,8.5926378899e-01,7.8113296205e-01,7.4790680078e-01,8.5926378899e-01,5
chirp_a2,mscale,1193.452212,7.7346800588e-01,7.4190408062e-01,8.5173145250e-01,7.7346800588e-01,7.4190408062e-01,8.5173145250e-01,5
chirp_a2,mscale,1200.157000,7.6690527897e-01,7.3642783359e-01,8.4592523908e-01,7.6690527897e-01,7.3630585954e-01,8.4550275937e-01,5
maxwell_a4,complex_sinh,0.000000,1.3541969852e+00,1.2869140051e+00,1.3715332203e+00,1.3541969852e+00,1.2869140051e+00,1.3715332203e+00,5
maxwell_a4,complex_sinh,6.704307,1.3147705108e+00,1.2271649011e+00,1.3242662130e+00,1.3125087926e+00,1.2271649011e+00,1.3214158820e+00,5
maxwell_a4,complex_sinh,13.408615,1.2790189893e+00,1.1601207424e+00,1.2812809488e+00,1.2790189893e+00,1.1601207424e+00,1.2812809488e+00,5
maxwell_a4,complex_sinh,20.112922,1.2330823195e+00,1.0883714052e+00,1.2434142086e+00,1.2330823195e+00,1.0883714052e+00,1.2434142086e+00,5
maxwell_a4,complex_sinh,26.817229,1.1821588418e+00,1.0095898733e+00,1.2086520520e+00,1.1821588418e+00,1.0095898733e+00,1.2086520520e+00,5
maxwell_a4,complex_sinh,33.521536,1.1264974217e+00,9.2448404450e-01,1.1748461433e+00,1.1264974217e+00,9.2448404450e-01,1.1748461433e+00,5
maxwell_a4,complex_sinh,40.225844,1.0628383386e+00,8.8123462271e-01,1.1475663757e+00,1.0628383386e+00,8.8123462271e-01,1.1475663757e+00,5
maxwell_a4,complex_sinh,46.930151,1.0074594688e+00,8.0716905569e-01,1.1158007679e+00,1.0074594688e+00,8.0716905569e-01,1.1158007679e+00,5
maxwell_a4,complex_sinh,53.634458,9.4274279658e-01,7.6268067651e-01,1.0878348979e+00,9.4274279658e-01,7.5695021500e-01,1.0878348979e+00,5
maxwell_a4,complex_sinh,60.338765,8.8449920147e-01,7.0273762984e-01,1.0536771454e+00,8.8449920147e-01,7.0273762984e-01,1.0536771454e+00,5
maxwell_a4,complex_sinh,67.043073,8.2516784675e-01,6.4301466001e-01,1.0201673064e+00,8.2516784675e-01,6.4301466001e-01,1.0201673064e+00,5
maxwell_a4,complex_sinh,73.747380,7.8140260714e-01,6.1428531339e-01,9.8436571954e-01,7.8140260714e-01,6.1428531339e-01,9.8436571954e-01,5
maxwell_a4,complex_sinh,80.451687,7.4220903566e-01,5.6347557603e-01,9.5799911458e-01,7.4220903566e-01,5.6347557603e-01,9.5799911458e-01,5
maxwell_a4,complex_sinh,87.155994,7.1027615324e-01,5.2195611763e-01,9.2706277161e-01,7.1027615324e-01,5.2195611763e-01,9.2100504068e-01,5
maxwell_a4,complex_sinh,93.860302,6.8172574517e-01,5.0903563108e-01,8.9260120806e-01,6.8172574517e-01,5.0765574748e-01,8.9260120806e-01,5
maxwell_a4,complex_sinh,100.564609,6.4824849604e-01,4.7051080237e-01,8.4178011536e-01,6.4824849604e-01,4.7051080237e-01,8.3794789679e-01,5
maxwell_a4,complex_sinh,107.268916,6.2442577485e-01,4.4381006272e-01,8.3300878180e-01,6.2442577485e-01,4.4381006272e-01,8.3275153685e-01,5
maxwell_a4,complex_sinh,113.973223,5.9641160006e-01,4.2650051667e-01,7.7420695092e-01,5.9641160006e-01,4.2640723666e-01,7.7420695092e-01,5
maxwell_a4,complex_sinh,120.677531,5.7488504860e-01,3.9718347792e-01,7.8512293415e-01,5.7488504860e-01,3.9718347792e-01,7.7065516424e-01,5
maxwell_a4,complex_sinh,127.381838,5.4623455686e-01,3.7972158693e-01,7.2332439817e-01,5.4623455686e-01,3.7972158693e-01,7.2332439817e-01,5
maxwell_a4,complex_sinh,134.086145,5.2756204842e-01,3.6107711441e-01,6.6849008819e-01,5.2756204842e-01,3.6107711441e-01,6.6849008819e-01,5
maxwell_a4,complex_sinh,140.790453,5.0578081023e-01,3.4892235633e-01,6.8346377164e-01,5.0578081023e-01,3.4892235633e-01,6.6789270065e-01,5
maxwell_a4,complex_sinh,147.494760,4.8567402613e-01,3.3281702807e-01,6.2587741595e-01,4.8567402613e-01,3.3281702807e-01,6.2587741595e-01,5
maxwell_a4,complex_sinh,154.199067,4.6805208979e-01,3.2036598149e-01,6.5117677720e-01,4.6805208979e-01,3.2036598149e-01,6.0106924206e-01,5
maxwell_a4,complex_sinh,160.903374,4.5120539836e-01,3.1330444540e-01,5.8904614673e-01,4.5120539836e-01,3.1330444540e-01,5.8904614673e-01,5
maxwell_a4,complex_sinh,167.607682,4.3539191884e-01,2.9740871183e-01,5.4485955873e-01,4.3539191884e-01,2.9740871183e-01,5.4485955873e-01,5
maxwell_a4,complex_sinh,174.311989,4.2170179888e-01,2.9290939269e-01,5.5212071276e-01,4.2170179888e-01,2.9290939269e-01,5.2604919334e-01,5
maxwell_a4,complex_sinh,181.016296,4.0400385292e-01,2.7962965211e-01,5.0549819040e-01,4.0400385292e-01,2.7962965211e-01,5.0549819040e-01,5
maxwell_a4,complex_sinh,187.720603,3.9476663648e-01,2.7470487252e-01,4.7496772164e-01,3.9476663648e-01,2.7470487252e-01,4.7496772164e-01,5
maxwell_a4,complex_sinh,194.424911,3.7788080319e-01,2.6620878750e-01,4.6811569568e-01,3.7788080319e-01,2.6620878750e-01,4.6811569568e-01,5
maxwell_a4,complex_sinh,201.129218,3.7035790569e-01,2.6108935586e-01,4.4015772375e-01,3.7035790569e-01,2.6108935586e-01,4.4015772375e-01,5
maxwell_a4,complex_sinh,207.833525,3.5452576714e-01,2.5094070503e-01,4.3748979738e-01,3.5452576714e-01,2.5094070503e-01,4.3663595537e-01,5
maxwell_a4,complex_sinh,214.537832,3.4812575442e-01,2.4697490750e-01,4.1150892410e-01,3.4812575442e-01,2.4697171450e-01,4.1150892410e-01,5
maxwell_a4,complex_sinh,221.242140,3.3428043583e-01,2.3849344062e-01,4.0658037682e-01,3.3428043583e-01,2.3849344062e-01,4.0529263380e-01,5
maxwell_a4,complex_sinh,227.946447,3.2787934610e-01,2.3720565787e-01,3.8527990574e-01,3.2787934610e-01,2.3720565787e-01,3.8527990574e-01,5
maxwell_a4,complex_sinh,234.650754,3.1696121781e-01,2.2831835093e-01,3.7284028995e-01,3.1696121781e-01,2.2819831546e-01,3.7231883543e-01,5
maxwell_a4,complex_sinh,241.355061,3.0544779040e-01,2.2265038530e-01,3.6303728089e-01,3.0544779040e-01,2.2254137090e-01,3.6303728089e-01,5
maxwell_a4,complex_sinh,248.059369,3.0096674074e-01,2.1557728253e-01,3.4834584297e-01,3.0096674074e-01,2.1557728253e-01,3.4834584297e-01,5
maxwell_a4,complex_sinh,254.763676,2.9103956064e-01,2.1448389214e-01,3.4199693372e-01,2.9103956064e-01,2.1420331662e-01,3.4199693372e-01,5
maxwell_a4,complex_sinh,261.467983,2.8297151702e-01,2.0901054315e-01,3.2901537194e-01,2.8297151702e-01,2.0891590717e-01,3.2901537194e-01,5
maxwell_a4,complex_sinh,268.172291,2.7487119518e-01,2.0125094298e-01,3.2529548229e-01,2.7487119518e-01,2.0125094298e-01,3.2529548229e-01,5
maxwell_a4,complex_sinh,274.876598,2.7129321908e-01,2.0082233540e-01,3.1304205525e-01,2.7129321908e-01,2.0059539051e-01,3.1304205525e-01,5
maxwell_a4,complex_sinh,281.580905,2.6170071403e-01,1.9606537315e-01,3.0884786580e-01,2.6170071403e-01,1.9597570030e-01,3.0884786580e-01,5
maxwell_a4,complex_sinh,288.285212,2.5643572278e-01,1.8970357908e-01,3.0200958728e-01,2.5643572278e-01,1.8970357908e-01,2.9610202055e-01,5
maxwell_a4,complex_sinh,294.989520,2.5097146209e-01,1.8975291808e-01,2.9065265487e-01,2.5097146209e-01,1.8954331642e-01,2.9065265487e-01,5
maxwell_a4,complex_sinh,301.693827,2.4535877257e-01,1.8466711857e-01,2.8862539579e-01,2.4535877257e-01,1.8436181831e-01,2.8597892594e-01,5
maxwell_a4,complex_sinh,308.398134,2.3996881575e-01,1.7970702434e-01,2.7674600350e-01,2.3996881575e-01,1.7969468944e-01,2.7670362264e-01,5
maxwell_a4,complex_sinh,315.102441,2.3482860068e-01,1.7905958422e-01,2.7169117095e-01,2.3482860068e-01,1.7905958422e-01,2.7169117095e-01,5
maxwell_a4,complex_sinh,321.806749,2.2910921177e-01,1.7456312885e-01,2.6890696891e-01,2.2910921177e-01,1.7428152908e-01,2.6730488734e-01,5
maxwell_a4,complex_sinh,328.511056,2.2382753802e-01,1.6994816760e-01,2.5836472708e-01,2.2382753802e-01,1.6994816760e-01,2.5836472708e-01,5
maxwell_a4,complex_sinh,335.215363,2.1784030031e-01,1.6940422370e-01,2.5429875800e-01,2.1784030031e-01,1.6916566905e-01,2.5429875800e-01,5
maxwell_a4,complex_sinh,341.919670,2.1419033315e-01,1.6443198069e-01,2.4857192536e-01,2.1419033315e-01,1.6441673409e-01,2.4857192536e-01,5
maxwell_a4,complex_sinh,348.623978,2.0990349795e-01,1.6148497287e-01,2.4465164762e-01,2.0990349795e-01,1.6148497287e-01,2.4465164762e-01,5
maxwell_a4,complex_sinh,355.328285,2.0531275084e-01,1.5975211035e-01,2.3694360054e-01,2.0531275084e-01,1.5949287614e-01,2.3672664874e-01,5
maxwell_a4,complex_sinh,362.032592,2.0142226232e-01,1.5702267337e-01,2.3325506931e-01,2.0142226232e-01,1.5702267337e-01,2.3325506931e-01,5
maxwell_a4,complex_sinh,368.736899,1.9736518603e-01,1.5575362570e-01,2.2992197078e-01,1.9736518603e-01,1.5575197180e-01,2.2956910950e-01,5
maxwell_a4,complex_sinh,375.441207,1.9364985140e-01,1.5277016510e-01,2.2512923874e-01,1.9364985140e-01,1.5264133943e-01,2.2425490748e-01,5
maxwell_a4,complex_sinh,382.145514,1.8925763670e-01,1.4911028783e-01,2.1827535683e-01,1.8925763670e-01,1.4911028783e-01,2.1825729638e-01,5
maxwell_a4,complex_sinh,388.849821,1.8631742734e-01,1.4698105560e-01,2.1505139416e-01,1.8631742734e-01,1.4698105560e-01,2.1505139416e-01,5
maxwell_a4,complex_sinh,395.554128,1.8243413678e-01,1.4524419634e-01,2.1131257826e-01,1.8243413678e-01,1.4524419634e-01,2.1131257826e-01,5
maxwell_a4,complex_sinh,402.258436,1.8051790330e-01,1.4390986245e-01,2.0747141632e-01,1.8051790330e-01,1.4387396368e-01,2.0745554475e-01,5
maxwell_a4,complex_sinh,408.962743,1.7734364613e-01,1.4079481558e-01,2.0335196898e-01,1.7734364613e-01,1.4059227643e-01,2.0332808278e-01,5
maxwell_a4,complex_sinh,415.667050,1.7403619411e-01,1.3861489512e-01,1.9868321566e-01,1.7403619411e-01,1.3861489512e-01,1.9852838374e-01,5
maxwell_a4,complex_sinh,422.371358,1.7054537224e-01,1.3729736449e-01,1.9450471568e-01,1.7054537224e-01,1.3729736449e-01,1.9450471568e-01,5
maxwell_a4,complex_sinh,429.075665,1.6754679000e-01,1.3514116956e-01,1.9228101570e-01,1.6754679000e-01,1.3509350742e-01,1.9209194471e-01,5
maxwell_a4,complex_sinh,435.779972,1.6510637584e-01,1.3332066428e-01,1.8897445398e-01,1.6510637584e-01,1.3322038794e-01,1.8787678508e-01,5
maxwell_a4,complex_sinh,442.484279,1.6146689310e-01,1.3137682709e-01,1.8557128809e-01,1.6146689310e-01,1.3136022055e-01,1.8443585373e-01,5
maxwell_a4,complex_sinh,449.188587,1.5903364834e-01,1.2866742240e-01,1.7982229745e-01,1.5903364834e-01,1.2866742240e-01,1.7982229745e-01,5
maxwell_a4,complex_sinh,455.892894,1.5645645645e-01,1.2752788883e-01,1.7656174322e-01,1.5645645645e-01,1.2749623916e-01,1.7656174322e-01,5
maxwell_a4,complex_sinh,462.597201,1.5408175734e-01,1.2570097843e-01,1.7311206728e-01,1.5408175734e-01,1.2570097843e-01,1.7311206728e-01,5
maxwell_a4,complex_sinh,469.301508,1.5232873552e-01,1.2375577198e-01,1.6974053832e-01,1.5232873552e-01,1.2375577198e-01,1.6974053832e-01,5
maxwell_a4,complex_sinh,476.005816,1.4957796566e-01,1.2259658531e-01,1.6606517274e-01,1.4957796566e-01,1.2259658531e-01,1.6606517274e-01,5
maxwell_a4,complex_sinh,482.710123,1.4751417462e-01,1.2082649710e-01,1.6326026256e-01,1.4751417462e-01,1.2082649710e-01,1.6326026256e-01,5
maxwell_a4,complex_sinh,489.414430,1.4515837603e-01,1.1930438638e-01,1.6035308547e-01,1.4515837603e-01,1.1930438638e-01,1.6014243848e-01,5
maxwell_a4,complex_sinh,496.118737,1.4278345712e-01,1.1779424770e-01,1.5722851048e-01,1.4278345712e-01,1.1779424770e-01,1.5697491144e-01,5
maxwell_a4,complex_sinh,502.823045,1.4141421344e-01,1.1686475223e-01,1.5280847951e-01,1.4127625285e-01,1.1682946713e-01,1.5280847951e-01,5
maxwell_a4,complex_sinh,509.527352,1.3861716641e-01,1.1474633217e-01,1.4969257470e-01,1.3861716641e-01,1.1474633217e-01,1.4969257470e-01,5
maxwell_a4,complex_sinh,516.231659,1.3642827308e-01,1.1330122209e-01,1.4675305564e-01,1.3642827308e-01,1.1330122209e-01,1.4675305564e-01,5
maxwell_a4,complex_sinh,522.935966,1.3433172884e-01,1.1195015385e-01,1.4412222211e-01,1.3433172884e-01,1.1195015385e-01,1.4404647481e-01,5
maxwell_a4,complex_sinh,529.640274,1.3259842765e-01,1.1025408034e-01,1.4067570486e-01,1.3259842765e-01,1.1025408034e-01,1.4066766006e-01,5
maxwell_a4,complex_sinh,536.344581,1.3128647220e-01,1.0936549519e-01,1.3836831852e-01,1.3128647220e-01,1.0922368674e-01,1.3836831852e-01,5
maxwell_a4,complex_sinh,543.048888,1.2929475353e-01,1.0770565619e-01,1.3684151736e-01,1.2929475353e-01,1.0768488550e-01,1.3651006144e-01,5
maxwell_a4,complex_sinh,549.753196,1.2729137063e-01,1.0656105916e-01,1.3377034366e-01,1.2729137063e-01,1.0656105916e-01,1.3377034366e-01,5
maxwell_a4,complex_sinh,556.457503,1.2545202514e-01,1.0538099567e-01,1.3102563703e-01,1.2545202514e-01,1.0538099567e-01,1.3102563703e-01,5
maxwell_a4,complex_sinh,563.161810,1.2382759309e-01,1.0394461415e-01,1.2872855659e-01,1.2382759309e-01,1.0394461415e-01,1.2872855659e-01,5
maxwell_a4,complex_sinh,569.866117,1.2208427266e-01,1.0283298432e-01,1.2648154704e-01,1.2208427266e-01,1.0283298432e-01,1.2648154704e-01,5
maxwell_a4,complex_sinh,576.570425,1.2021750426e-01,1.0168833494e-01,1.2428261545e-01,1.2021750426e-01,1.0168833494e-01,1.2428261545e-01,5
maxwell_a4,complex_sinh,583.274732,1.1882223093e-01,1.0039225113e-01,1.2182155518e-01,1.1882223093e-01,1.0039225113e-01,1.2182155518e-01,5
maxwell_a4,complex_sinh,589.979039,1.1744548946e-01,9.9363704467e-02,1.1993485567e-01,1.1740810455e-01,9.9363704467e-02,1.1984314161e-01,5
maxwell_a4,complex_sinh,596.683346,1.1571361776e-01,9.8034809893e-02,1.1787626222e-01,1.1571361776e-01,9.8034809893e-02,1.1787626222e-01,5
maxwell_a4,complex_sinh,603.387654,1.1399033784e-01,9.7034854287e-02,1.1618483972e-01,1.1399033784e-01,9.7034854287e-02,1.1618483972e-01,5
maxwell_a4,complex_sinh,610.091961,1.1253896454e-01,9.6074378921e-02,1.1427897573e-01,1.1253896454e-01,9.6074378921e-02,1.1427897573e-01,5
maxwell_a4,complex_sinh,616.796268,1.1096159317e-01,9.4922815548e-02,1.1228944471e-01,1.1096159317e-01,9.4922815548e-02,1.1228944471e-01,5
maxwell_a4,complex_sinh,623.500575,1.0968781113e-01,9.3937066664e-02,1.1056640491e-01,1.0968781113e-01,9.3937066664e-02,1.1056640491e-01,5
maxwell_a4,complex_sinh,630.204883,1.0851614721e-01,9.2904504007e-02,1.0873744584e-01,1.0851614721e-01,9.2904504007e-02,1.0873744584e-01,5
maxwell_a4,complex_sinh,636.909190,1.0695839930e-01,9.2013992607e-02,1.0713704851e-01,1.0695839930e-01,9.2013992607e-02,1.0713704851e-01,5
maxwell_a4,complex_sinh,643.613497,1.0541867100e-01,9.0889612332e-02,1.0564284567e-01,1.0538311171e-01,9.0885453697e-02,1.0564284567e-01,5
maxwell_a4,complex_sinh,650.317804,1.0333177709e-01,8.9774534196e-02,1.0427693191e-01,1.0333177709e-01,8.9774534196e-02,1.0427693191e-01,5
maxwell_a4,complex_sinh,657.022112,1.0234858523e-01,8.8803279645e-02,1.0307038644e-01,1.0234858523e-01,8.8803279645e-02,1.0307038644e-01,5
maxwell_a4,complex_sinh,663.726419,1.0045316788e-01,8.8008595283e-02,1.0174959276e-01,1.0045316788e-01,8.8008595283e-02,1.0174959276e-01,5
maxwell_a4,complex_sinh,670.430726,9.8886586200e-02,8.7077065756e-02,1.0051702550e-01,9.8839770832e-02,8.7059234222e-02,1.0051702550e-01,5
maxwell_a4,complex_sinh,677.135034,9.7775543190e-02,8.6090537615e-02,9.9351504075e-02,9.7669670195e-02,8.6090537615e-02,9.9351504075e-02,5
maxwell_a4,complex_sinh,683.839341,9.6226801730e-02,8.5284910740e-02,9.8118126962e-02,9.6212708282e-02,8.5284910740e-02,9.8118126962e-02,5
maxwell_a4,complex_sinh,690.543648,9.4941148796e-02,8.4284700237e-02,9.7266884990e-02,9.4941148796e-02,8.4284700237e-02,9.7202664078e-02,5
maxwell_a4,complex_sinh,697.247955,9.3315789559e-02,8.3386567202e-02,9.5776408729e-02,9.3315789559e-02,8.3386567202e-02,9.5776408729e-02,5
maxwell_a4,complex_sinh,703.952263,9.2215014604e-02,8.2446584355e-02,9.4692129464e-02,9.2215014604e-02,8.2446584355e-02,9.4692129464e-02,5
maxwell_a4,complex_sinh,710.656570,9.0568884422e-02,8.1610538167e-02,9.3659534421e-02,9.0568884422e-02,8.1610538167e-02,9.3659534421e-02,5
maxwell_a4,complex_sinh,717.360877,8.9775611403e-02,8.0989753425e-02,9.2522581988e-02,8.9775611403e-02,8.0989753425e-02,9.2522581988e-02,5
maxwell_a4,complex_sinh,724.065184,8.8383253956e-02,8.0118801842e-02,9.1445536035e-02,8.8383253956e-02,8.0118801842e-02,9.1445536035e-02,5
maxwell_a4,complex_sinh,730.769492,8.7285754134e-02,7.9345107658e-02,9.0391219489e-02,8.7117897855e-02,7.9345107658e-02,9.0391219489e-02,5
maxwell_a4,complex_sinh,737.473799,8.6241724349e-02,7.8388572066e-02,8.9189890624e-02,8.6241724349e-02,7.8388572066e-02,8.9189890624e-02,5
maxwell_a4,complex_sinh,744.178106,8.4723021045e-02,7.7606230445e-02,8.8279069019e-02,8.4699409743e-02,7.7606230445e-02,8.8279069019e-02,5
maxwell_a4,complex_sinh,750.882413,8.3774630099e-02,7.6841570384e-02,8.7233017559e-02,8.3774630099e-02,7.6841570384e-02,8.7233017559e-02,5
maxwell_a4,complex_sinh,757.586721,8.2997146005e-02,7.6206301646e-02,8.6286399636e-02,8.2894590964e-02,7.6206301646e-02,8.6286399636e-02,5
maxwell_a4,complex_sinh,764.291028,8.1950456164e-02,7.5248044346e-02,8.5350672821e-02,8.1726999713e-02,7.5248044346e-02,8.5350672821e-02,5
maxwell_a4,complex_sinh,770.995335,8.0650713368e-02,7.4439718686e-02,8.4329486338e-02,8.0650713368e-02,7.4439718686e-02,8.4329486338e-02,5
maxwell_a4,complex_sinh,777.699642,7.9736695762e-02,7.3777466867e-02,8.3352841611e-02,7.9736695762e-02,7.3777466867e-02,8.3352841611e-02,5
maxwell_a4,complex_sinh,784.403950,7.8796562296e-02,7.2986000927e-02,8.2496245697e-02,7.8708771062e-02,7.2986000927e-02,8.2496245697e-02,5
maxwell_a4,complex_sinh,791.108257,7.7784085391e-02,7.2386082795e-02,8.1524354198e-02,7.7784085391e-02,7.2386082795e-02,8.1524354198e-02,5
maxwell_a4,complex_sinh,797.812564,7.6620292326e-02,7.1578667320e-02,8.0628621549e-02,7.6620292326e-02,7.1578667320e-02,8.0628621549e-02,5
maxwell_a4,complex_sinh,804.516872,7.5756177715e-02,7.0884198582e-02,7.9647906586e-02,7.5756177715e-02,7.0884198582e-02,7.9647906586e-02,5
maxwell_a4,complex_sinh,811.221179,7.4822786497e-02,7.0226675354e-02,7.8879136016e-02,7.4822786497e-02,7.0226675354e-02,7.8879136016e-02,5
maxwell_a4,complex_sinh,817.925486,7.3982204036e-02,6.9533511000e-02,7.7890783145e-02,7.3963431238e-02,6.9533511000e-02,7.7890783145e-02,5
maxwell_a4,complex_sinh,824.629793,7.3093255509e-02,6.8799072858e-02,7.6964506799e-02,7.3093255509e-02,6.8799072858e-02,7.6964506799e-02,5
maxwell_a4,complex_sinh,831.334101,7.2227395614e-02,6.8142786269e-02,7.6145649216e-02,7.2227395614e-02,6.8142786269e-02,7.6145649216e-02,5
maxwell_a4,complex_sinh,838.038408,7.1332009408e-02,6.7536684256e-02,7.5303252156e-02,7.1332009408e-02,6.7536684256e-02,7.5303252156e-02,5
maxwell_a4,complex_sinh,844.742715,7.0579459635e-02,6.6878021046e-02,7.4513033960e-02,7.0579459635e-02,6.6878021046e-02,7.4513033960e-02,5
maxwell_a4,complex_sinh,851.447022,6.9939511009e-02,6.6180484110e-02,7.3714203951e-02,6.9927513551e-02,6.6180484110e-02,7.3714203951e-02,5
maxwell_a4,complex_sinh,858.151330,6.9086190911e-02,6.5605345317e-02,7.2896278345e-02,6.9056861597e-02,6.5605345317e-02,7.2896278345e-02,5
maxwell_a4,complex_sinh,864.855637,6.8268265857e-02,6.4842382950e-02,7.2118798825e-02,6.8268265857e-02,6.4839334685e-02,7.2118798825e-02,5
maxwell_a4,complex_sinh,871.559944,6.7284176523e-02,6.4310412762e-02,7.1305228376e-02,6.7281789507e-02,6.4310412762e-02,7.1305228376e-02,5
maxwell_a4,complex_sinh,878.264251,6.6678555268e-02,6.3734134880e-02,7.0577845954e-02,6.6678555268e-02,6.3734134880e-02,7.0577845954e-02,5
maxwell_a4,complex_sinh,884.968559,6.5939522569e-02,6.3131705238e-02,6.9773632863e-02,6.5939522569e-02,6.3131705238e-02,6.9773632863e-02,5
maxwell_a4,complex_sinh,891.672866,6.5382366128e-02,6.2575147581e-02,6.8993528424e-02,6.5369764455e-02,6.2575147581e-02,6.8993528424e-02,5
maxwell_a4,complex_sinh,898.377173,6.4562473059e-02,6.1975116342e-02,6.8207597725e-02,6.4562473059e-02,6.1975116342e-02,6.8207597725e-02,5
maxwell_a4,complex_sinh,905.081480,6.3897459423e-02,6.1366009859e-02,6.7288855169e-02,6.3897459423e-02,6.1366009859e-02,6.7288855169e-02,5
maxwell_a4,complex_sinh,911.785788,6.3197470611e-02,6.0821691308e-02,6.6624446877e-02,6.3139755158e-02,6.0821691308e-02,6.6624446877e-02,5
maxwell_a4,complex_sinh,918.490095,6.2540499654e-02,6.0272214311e-02,6.5723607382e-02,6.2540499654e-02,6.0272214311e-02,6.5723607382e-02,5
maxwell_a4,complex_sinh,925.194402,6.1800243247e-02,5.9752471210e-02,6.4908464965e-02,6.1800243247e-02,5.9752471210e-02,6.4908464965e-02,5
maxwell_a4,complex_sinh,931.898709,6.1186498554e-02,5.9222681260e-02,6.4192723815e-02,6.1186498554e-02,5.9222681260e-02,6.4192723815e-02,5
maxwell_a4,complex_sinh,938.603017,6.0541644288e-02,5.8628430463e-02,6.3329652302e-02,6.0541644288e-02,5.8628430463e-02,6.3329652302e-02,5
maxwell_a4,complex_sinh,945.307324,5.9958882860e-02,5.8063882270e-02,6.2774923661e-02,5.9958882860e-02,5.8063882270e-02,6.2774923661e-02,5
maxwell_a4,complex_sinh,952.011631,5.9302781345e-02,5.7583392206e-02,6.1874642977e-02,5.9302781345e-02,5.7583392206e-02,6.1874642977e-02,5
maxwell_a4,complex_sinh,958.715939,5.8803056420e-02,5.7073251919e-02,6.1207263511e-02,5.8779654969e-02,5.7073251919e-02,6.1207263511e-02,5
maxwell_a4,complex_sinh,965.420246,5.8081764015e-02,5.6561426176e-02,6.0505410796e-02,5.8079586451e-02,5.6561426176e-02,6.0505410796e-02,5
maxwell_a4,complex_sinh,972.124553,5.7511206503e-02,5.6064191284e-02,5.9931068145e-02,5.7511206503e-02,5.6064191284e-02,5.9931068145e-02,5
maxwell_a4,complex_sinh,978.828860,5.7040123693e-02,5.5566167064e-02,5.9093127616e-02,5.7040123693e-02,5.5566167064e-02,5.9093127616e-02,5
maxwell_a4,complex_sinh,985.533168,5.6465811176e-02,5.5103106826e-02,5.8456149503e-02,5.6465811176e-02,5.5103106826e-02,5.8456149503e-02,5
maxwell_a4,complex_sinh,992.237475,5.5905491742e-02,5.4590645019e-02,5.7776284494e-02,5.5905491742e-02,5.4590645019e-02,5.7776284494e-02,5
maxwell_a4,complex_sinh,998.941782,5.5402937478e-02,5.4132780162e-02,5.7111615596e-02,5.5402937478e-02,5.4132780162e-02,5.7111615596e-02,5
maxwell_a4,complex_sinh,1005.646089,5.4812975092e-02,5.3695215743e-02,5.6486131383e-02,5.4812975092e-02,5.3695215743e-02,5.6486131383e-02,5
maxwell_a4,complex_sinh,1012.350397,5.4358081106e-02,5.3228042956e-02,5.5897531053e-02,5.4358081106e-02,5.3228042956e-02,5.5897531053e-02,5
maxwell_a4,complex_sinh,1019.054704,5.3873016778e-02,5.2727982742e-02,5.5241867234e-02,5.3873016778e-02,5.2727982742e-02,5.5241867234e-02,5
maxwell_a4,complex_sinh,1025.759011,5.3358603048e-02,5.2267101175e-02,5.4717576739e-02,5.3358603048e-02,5.2267101175e-02,5.4717576739e-02,5
maxwell_a4,complex_sinh,1032.463318,5.2881469219e-02,5.1833588779e-02,5.4023393055e-02,5.2881469219e-02,5.1833588779e-02,5.4023393055e-02,5
maxwell_a4,complex_sinh,1039.167626,5.2372774696e-02,5.1333744282e-02,5.3468746850e-02,5.2372774696e-02,5.1333744282e-02,5.3468746850e-02,5
maxwell_a4,complex_sinh,1045.871933,5.1895437935e-02,5.0999036350e-02,5.2894284610e-02,5.1895437935e-02,5.0999036350e-02,5.2893465428e-02,5
maxwell_a4,complex_sinh,1052.576240,5.1386895083e-02,5.0526370839e-02,5.2321694292e-02,5.1371250789e-02,5.0526370839e-02,5.2321694292e-02,5
maxwell_a4,complex_sinh,1059.280547,5.0953701942e-02,5.0105398757e-02,5.1774359281e-02,5.0953701942e-02,5.0105398757e-02,5.1774359281e-02,5
maxwell_a4,complex_sinh,1065.984855,5.0529496775e-02,4.9666352936e-02,5.1207531229e-02,5.0529496775e-02,4.9666352936e-02,5.1207531229e-02,5
maxwell_a4,complex_sinh,1072.689162,5.0106634527e-02,4.9293043375e-02,5.0749367075e-02,5.0106634527e-02,4.9293043375e-02,5.0749367075e-02,5
maxwell_a4,complex_sinh,1079.393469,4.9627763278e-02,4.8896911087e-02,5.0134719587e-02,4.9627763278e-02,4.8896911087e-02,5.0134719587e-02,5
maxwell_a4,complex_sinh,1086.097777,4.9290655108e-02,4.8476958046e-02,4.9670368047e-02,4.9290655108e-02,4.8476958046e-02,4.9670368047e-02,5
maxwell_a4,complex_sinh,1092.802084,4.8868126437e-02,4.8074867314e-02,4.9179564228e-02,4.8868126437e-02,4.8074867314e-02,4.9179564228e-02,5
maxwell_a4,complex_sinh,1099.506391,4.8448325784e-02,4.7715600780e-02,4.8588794832e-02,4.8448325784e-02,4.7715600780e-02,4.8588794832e-02,5
maxwell_a4,complex_sinh,1106.210698,4.8084846790e-02,4.7358439390e-02,4.8151448913e-02,4.8084846790e-02,4.7358439390e-02,4.8151448913e-02,5
maxwell_a4,complex_sinh,1112.915006,4.7616725001e-02,4.6956243548e-02,4.7780199219e-02,4.7616725001e-02,4.6956243548e-02,4.7713266324e-02,5
maxwell_a4,complex_sinh,1119.619313,4.7194551204e-02,4.6590834921e-02,4.7239089168e-02,4.7194551204e-02,4.6590834921e-02,4.7239089168e-02,5
maxwell_a4,complex_sinh,1126.323620,4.6737415737e-02,4.6255943839e-02,4.6809874103e-02,4.6737415737e-02,4.6255943839e-02,4.6765364034e-02,5
maxwell_a4,complex_sinh,1133.027927,4.6285087001e-02,4.5894342397e-02,4.6449711304e-02,4.6285087001e-02,4.5894342397e-02,4.6449711304e-02,5
maxwell_a4,complex_sinh,1139.732235,4.5790871565e-02,4.5576608491e-02,4.6147858739e-02,4.5790871565e-02,4.5576608491e-02,4.6147858739e-02,5
maxwell_a4,complex_sinh,1146.436542,4.5416772260e-02,4.5188863139e-02,4.5736624657e-02,4.5416772260e-02,4.5188863139e-02,4.5736624657e-02,5
maxwell_a4,complex_sinh,1153.140849,4.4959617544e-02,4.4857314959e-02,4.5369970113e-02,4.4959617544e-02,4.4857314959e-02,4.5369970113e-02,5
maxwell_a4,complex_sinh,1159.845156,4.4532248170e-02,4.4522164877e-02,4.5127380407e-02,4.4532248170e-02,4.4522164877e-02,4.5126266998e-02,5
maxwell_a4,complex_sinh,1166.549464,4.4171198594e-02,4.4157280484e-02,4.4712964183e-02,4.4171198594e-02,4.4157280484e-02,4.4712827340e-02,5
maxwell_a4,complex_sinh,1173.253771,4.3827246379e-02,4.3715579977e-02,4.4442468264e-02,4.3827246379e-02,4.3715579977e-02,4.4442468264e-02,5
maxwell_a4,complex_sinh,1179.958078,4.3545919608e-02,4.3384249882e-02,4.4067316058e-02,4.3545919608e-02,4.3384249882e-02,4.4067316058e-02,5
maxwell_a4,complex_sinh,1186.662385,4.3231403895e-02,4.2958849199e-02,4.3778354787e-02,4.3231403895e-02,4.2958849199e-02,4.3759913177e-02,5
maxwell_a4,complex_sinh,1193.366693,4.2918300888e-02,4.2586258538e-02,4.3399853614e-02,4.2918300888e-02,4.2534151616e-02,4.3399853614e-02,5
maxwell_a4,complex_sinh,1200.071000,4.2827985253e-02,4.2040093595e-02,4.3058293756e-02,4.2640306930e-02,4.2040093595e-02,4.3058293756e-02,5
maxwell_a4,siren,0.000000,9.7424936024e-01,9.6648528880e-01,9.8426087066e-01,9.7424936024e-01,9.6648528880e-01,9.8426087066e-01,5
maxwell_a4,siren,6.704341,9.2147721508e-01,9.2090479094e-01,9.2683120653e-01,9.2147721508e-01,9.2090479094e-01,9.2683120653e-01,5
maxwell_a4,siren,13.408682,9.1208301817e-01,9.0938206663e-01,9.3012157311e-01,9.1208301817e-01,9.0938206663e-01,9.2279477840e-01,5
maxwell_a4,siren,20.113022,9.0783372380e-01,9.0626379811e-01,9.1121997385e-01,9.0783372380e-01,9.0626379811e-01,9.1121997385e-01,5
maxwell_a4,siren,26.817363,9.0700310917e-01,9.0497829756e-01,9.1037033886e-01,9.0686457517e-01,9.0497829756e-01,9.1037033886e-01,5
maxwell_a4,siren,33.521704,9.3677352870e-01,9.0973629501e-01,9.4968204385e-01,9.0603986885e-01,9.0456272090e-01,9.0973629501e-01,5
maxwell_a4,siren,40.226045,9.5009555031e-01,9.0932696605e-01,9.8350645521e-01,9.0603986885e-01,9.0456272090e-01,9.0932696605e-01,5
maxwell_a4,siren,46.930385,9.4986836708e-01,9.0903296334e-01,1.0004300446e+00,9.0603986885e-01,9.0456272090e-01,9.0903296334e-01,5
maxwell_a4,siren,53.634726,1.0001383465e+00,9.4971160872e-01,1.0003950460e+00,9.0603986885e-01,9.0456272090e-01,9.0889348247e-01,5
maxwell_a4,siren,60.339067,9.9993020491e-01,9.4943842413e-01,1.0007477509e+00,9.0603986885e-01,9.0456272090e-01,9.0889348247e-01,5
maxwell_a4,siren,67.043408,9.9993138657e-01,9.4886613553e-01,1.0007882226e+00,9.0603986885e-01,9.0456272090e-01,9.0889348247e-01,5
maxwell_a4,siren,73.747749,9.9997708842e-01,9.4809242727e-01,1.0011889052e+00,9.0603986885e-01,9.0456272090e-01,9.0889348247e-01,5
maxwell_a4,siren,80.452089,1.0000533692e+00,9.4845680413e-01,1.0014276866e+00,9.0603986885e-01,9.0456272090e-01,9.0889348247e-01,5
maxwell_a4,siren,87.156430,1.0001047550e+00,9.4808704744e-01,1.0014965028e+00,9.0603986885e-01,9.0456272090e-01,9.0889348247e-01,5
maxwell_a4,siren,93.860771,1.0001327469e+00,9.4800560303e-01,1.0014644259e+00,9.0603986885e-01,9.0456272090e-01,9.0889348247e-01,5
maxwell_a4,siren,100.565112,1.0001459876e+00,9.4772895856e-01,1.0012035675e+00,9.0603986885e-01,9.0456272090e-01,9.0889348247e-01,5
maxwell_a4,siren,107.269453,1.0001519285e+00,9.4774520815e-01,1.0010193439e+00,9.0603986885e-01,9.0456272090e-01,9.0889348247e-01,5
maxwell_a4,siren,113.973793,1.0001544224e+00,9.5350246935e-01,1.0008890326e+00,9.0603986885e-01,9.0456272090e-01,9.0889348247e-01,5
maxwell_a4,siren,120.678134,1.0002896559e+00,1.0001553928e+00,1.0007973205e+00,9.0603986885e-01,9.0456272090e-01,9.0889348247e-01,5
maxwell_a4,siren,127.382475,1.0005710069e+00,1.0001557463e+00,1.0007329756e+00,9.0603986885e-01,9.0451158370e-01,9.0889348247e-01,5
maxwell_a4,siren,134.086816,1.0001558724e+00,1.0000500611e+00,1.0006876177e+00,9.0603986885e-01,9.0446592926e-01,9.0889348247e-01,5
maxwell_a4,siren,140.791156,1.0001559142e+00,1.0000656013e+00,1.0006558191e+00,9.0603986885e-01,9.0441822006e-01,9.0889348247e-01,5
maxwell_a4,siren,147.495497,1.0001559267e+00,1.0000550394e+00,1.0006339680e+00,9.0603986885e-01,9.0419838147e-01,9.0889348247e-01,5
maxwell_a4,siren,154.199838,1.0001559304e+00,1.0000455743e+00,1.0006189154e+00,9.0603986885e-01,9.0413816683e-01,9.0889348247e-01,5
maxwell_a4,siren,160.904179,1.0001559315e+00,1.0000379857e+00,1.0006086569e+00,9.0603986885e-01,9.0410885828e-01,9.0889348247e-01,5
maxwell_a4,siren,167.608520,1.0005172689e+00,1.0001559317e+00,1.0006017968e+00,9.0603986885e-01,9.0410885828e-01,9.0889348247e-01,5
maxwell_a4,siren,174.312860,1.0005972887e+00,1.0001559317e+00,1.0012587748e+00,9.0603986885e-01,9.0410885828e-01,9.0889348247e-01,5
maxwell_a4,siren,181.017201,1.0003511092e+00,1.0001559317e+00,1.0005943371e+00,9.0603986885e-01,9.0410885828e-01,9.0889348247e-01,5
maxwell_a4,siren,187.721542,1.0004969541e+00,1.0001559316e+00,1.0005924389e+00,9.0603986885e-01,9.0410885828e-01,9.0889348247e-01,5
maxwell_a4,siren,194.425883,1.0005436830e+00,1.0001559316e+00,1.0005912557e+00,9.0603986885e-01,9.0410885828e-01,9.0889348247e-01,5
maxwell_a4,siren,201.130223,1.0004308654e+00,1.0001559316e+00,1.0005905185e+00,9.0603986885e-01,9.0410885828e-01,9.0889348247e-01,5
maxwell_a4,siren,207.834564,1.0003124097e+00,1.0001559315e+00,1.0005900672e+00,9.0603986885e-01,9.0410885828e-01,9.0889348247e-01,5
maxwell_a4,siren,214.538905,1.0002136613e+00,1.0001559315e+00,1.0005897978e+00,9.0603986885e-01,9.0410885828e-01,9.0889348247e-01,5
maxwell_a4,siren,221.243246,1.0001559314e+00,1.0001334215e+00,1.0005896407e+00,9.0603986885e-01,9.0410885828e-01,9.0889348247e-01,5
maxwell_a4,siren,227.947587,1.0001559314e+00,1.0000694955e+00,1.0005895493e+00,9.0603986885e-01,9.0410885828e-01,9.0889348247e-01,5
maxwell_a4,siren,234.651927,1.0001559313e+00,1.0000202005e+00,1.0005894974e+00,9.0603986885e-01,9.0410885828e-01,9.0889348247e-01,5
maxwell_a4,siren,241.356268,1.0001559313e+00,9.9998864129e-01,1.0005894689e+00,9.0603986885e-01,9.0410885828e-01,9.0889348247e-01,5
maxwell_a4,siren,248.060609,1.0001559312e+00,9.9998663326e-01,1.0005894533e+00,9.0603986885e-01,9.0410885828e-01,9.0889348247e-01,5
maxwell_a4,siren,254.764950,1.0001559312e+00,9.9998480928e-01,1.0005894449e+00,9.0603986885e-01,9.0410885828e-01,9.0889348247e-01,5
maxwell_a4,siren,261.469291,1.0001559311e+00,9.9998315225e-01,1.0005894406e+00,9.0603986885e-01,9.0410885828e-01,9.0889348247e-01,5
maxwell_a4,siren,268.173631,1.0001559311e+00,9.9998165009e-01,1.0005894383e+00,9.0603986885e-01,9.0410885828e-01,9.0889348247e-01,5
maxwell_a4,siren,274.877972,1.0001559310e+00,9.9998028716e-01,1.0005896259e+00,9.0603986885e-01,9.0410885828e-01,9.0889348247e-01,5
maxwell_a4,siren,281.582313,1.0001559310e+00,9.9997904644e-01,1.0005893628e+00,9.0603986885e-01,9.0410885828e-01,9.0889348247e-01,5
maxwell_a4,siren,288.286654,1.0001559727e+00,9.9998595304e-01,1.0005497533e+00,9.0603986885e-01,9.0410885828e-01,9.0889348247e-01,5
maxwell_a4,siren,294.990994,1.0001559462e+00,1.0000077879e+00,1.0005893817e+00,9.0603986885e-01,9.0410885828e-01,9.0889348247e-01,5
maxwell_a4,siren,301.695335,1.0001559383e+00,1.0000320999e+00,1.0005893740e+00,9.0603986885e-01,9.0410885828e-01,9.0889348247e-01,5
maxwell_a4,siren,308.399676,1.0001559375e+00,1.0000582102e+00,1.0005894031e+00,9.0603986885e-01,9.0410885828e-01,9.0889348247e-01,5
maxwell_a4,siren,315.104017,1.0001559072e+00,1.0000854620e+00,1.0005868888e+00,9.0603986885e-01,9.0410885828e-01,9.0889348247e-01,5
maxwell_a4,siren,321.808358,1.0001559337e+00,1.0001133157e+00,1.0007506067e+00,9.0603986885e-01,9.0410885828e-01,9.0889348247e-01,5
maxwell_a4,siren,328.512698,1.0001559352e+00,1.0001413018e+00,1.0007489907e+00,9.0603986885e-01,9.0410885828e-01,9.0889348247e-01,5
maxwell_a4,siren,335.217039,1.0001690167e+00,1.0001559383e+00,1.0005979473e+00,9.0603986885e-01,9.0410885828e-01,9.0889348247e-01,5
maxwell_a4,siren,341.921380,1.0001961526e+00,1.0001559332e+00,1.0005900480e+00,9.0603986885e-01,9.0410885828e-01,9.0889348247e-01,5
maxwell_a4,siren,348.625721,1.0002224576e+00,1.0001559582e+00,1.0005897049e+00,9.0603986885e-01,9.0410885828e-01,9.0889348247e-01,5
maxwell_a4,siren,355.330061,1.0002477188e+00,1.0001559297e+00,1.0005895507e+00,9.0603986885e-01,9.0410885828e-01,9.0889348247e-01,5
maxwell_a4,siren,362.034402,1.0002717748e+00,1.0001559345e+00,1.0005894778e+00,9.0603986885e-01,9.0410885828e-01,9.0889348247e-01,5
maxwell_a4,siren,368.738743,1.0002945381e+00,1.0001559274e+00,1.0005894469e+00,9.0603986885e-01,9.0410885828e-01,9.0889348247e-01,5
maxwell_a4,siren,375.443084,1.0003158165e+00,1.0001558708e+00,1.0005894350e+00,9.0603986885e-01,9.0410885828e-01,9.0889348247e-01,5
maxwell_a4,siren,382.147425,1.0003359796e+00,1.0002389836e+00,1.0005894308e+00,9.0603986885e-01,9.0410885828e-01,9.0889348247e-01,5
maxwell_a4,siren,388.851765,1.0003593453e+00,1.0001484239e+00,1.0005894293e+00,9.0603986885e-01,9.0410885828e-01,9.0889348247e-01,5
maxwell_a4,siren,395.556106,1.0003757871e+00,1.0001590383e+00,1.0005894288e+00,9.0603986885e-01,9.0410885828e-01,9.0889348247e-01,5
maxwell_a4,siren,402.260447,1.0003908828e+00,1.0001558390e+00,1.0005894287e+00,9.0603986885e-01,9.0410885828e-01,9.0889348247e-01,5
maxwell_a4,siren,408.964788,1.0004047178e+00,1.0001559798e+00,1.0005894286e+00,9.0603986885e-01,9.0410885828e-01,9.0889348247e-01,5
maxwell_a4,siren,415.669128,1.0004173530e+00,1.0001559478e+00,1.0005894286e+00,9.0603986885e-01,9.0410885828e-01,9.0889348247e-01,5
maxwell_a4,siren,422.373469,1.0004288088e+00,1.0001559488e+00,1.0005894290e+00,9.0603986885e-01,9.0410885828e-01,9.0889348247e-01,5
maxwell_a4,siren,429.077810,1.0004391439e+00,1.0001559487e+00,1.0005896149e+00,9.0603986885e-01,9.0410885828e-01,9.0889348247e-01,5
maxwell_a4,siren,435.782151,1.0004484440e+00,1.0001559486e+00,1.0005892971e+00,9.0603986885e-01,9.0410885828e-01,9.0889348247e-01,5
maxwell_a4,siren,442.486492,1.0004568240e+00,1.0001559485e+00,1.0005892713e+00,9.0603986885e-01,9.0410885828e-01,9.0889348247e-01,5
maxwell_a4,siren,449.190832,1.0004642326e+00,1.0001559484e+00,1.0005892664e+00,9.0603986885e-01,9.0410885828e-01,9.0889348247e-01,5
maxwell_a4,siren,455.895173,1.0004709066e+00,1.0001554110e+00,1.0005892610e+00,9.0603986885e-01,9.0410885828e-01,9.0889348247e-01,5
maxwell_a4,siren,462.599514,1.0004767196e+00,1.0000411444e+00,1.0005891303e+00,9.0603986885e-01,9.0410885828e-01,9.0889348247e-01,5
maxwell_a4,siren,469.303855,1.0004819264e+00,9.9996799294e-01,1.0005607802e+00,9.0603986885e-01,9.0410885828e-01,9.0889348247e-01,5
maxwell_a4,siren,476.008196,1.0004864314e+00,1.0001217685e+00,1.0006365857e+00,9.0603986885e-01,9.0410885828e-01,9.0889348247e-01,5
maxwell_a4,siren,482.712536,1.0004905018e+00,1.0001692703e+00,1.0009173687e+00,9.0603986885e-01,9.0410885828e-01,9.0889348247e-01,5
maxwell_a4,siren,489.416877,1.0004940094e+00,1.0001570474e+00,1.0007966665e+00,9.0603986885e-01,9.0410885828e-01,9.0889348247e-01,5
maxwell_a4,siren,496.121218,1.0004469245e+00,1.0001562019e+00,1.0006908446e+00,9.0603986885e-01,9.0410885828e-01,9.0889348247e-01,5
maxwell_a4,siren,502.825559,1.0002568933e+00,1.0001561603e+00,1.0006385809e+00,9.0603986885e-01,9.0410885828e-01,9.0889348247e-01,5
maxwell_a4,siren,509.529899,1.0003684187e+00,1.0001561557e+00,1.0006129152e+00,9.0603986885e-01,9.0410885828e-01,9.0889348247e-01,5
maxwell_a4,siren,516.234240,1.0003437976e+00,1.0001561552e+00,1.0006004818e+00,9.0603986885e-01,9.0410885828e-01,9.0889348247e-01,5
maxwell_a4,siren,522.938581,1.0003579067e+00,1.0001561551e+00,1.0005946262e+00,9.0603986885e-01,9.0410885828e-01,9.0889348247e-01,5
maxwell_a4,siren,529.642922,1.0003712886e+00,1.0001561551e+00,1.0005918395e+00,9.0603986885e-01,9.0410885828e-01,9.0889348247e-01,5
maxwell_a4,siren,536.347263,1.0003838802e+00,1.0001897753e+00,1.0005905262e+00,9.0603986885e-01,9.0410885828e-01,9.0889348247e-01,5
maxwell_a4,siren,543.051603,1.0003956397e+00,1.0001561549e+00,1.0005899228e+00,9.0603986885e-01,9.0410885828e-01,9.0889348247e-01,5
maxwell_a4,siren,549.755944,1.0004065045e+00,1.0001561549e+00,1.0005896515e+00,9.0603986885e-01,9.0410885828e-01,9.0889348247e-01,5
maxwell_a4,siren,556.460285,1.0004166066e+00,1.0001561548e+00,1.0005895282e+00,9.0603986885e-01,9.0410885828e-01,9.0889348247e-01,5
maxwell_a4,siren,563.164626,1.0004259533e+00,1.0001561548e+00,1.0005894735e+00,9.0603986885e-01,9.0410885828e-01,9.0889348247e-01,5
maxwell_a4,siren,569.868966,1.0004353974e+00,1.0001561547e+00,1.0005894500e+00,9.0603986885e-01,9.0410885828e-01,9.0889348247e-01,5
maxwell_a4,siren,576.573307,1.0002880554e+00,1.0001561547e+00,1.0005894399e+00,9.0603986885e-01,9.0410885828e-01,9.0889348247e-01,5
maxwell_a4,siren,583.277648,1.0002555365e+00,1.0001561546e+00,1.0005894356e+00,9.0603986885e-01,9.0410885828e-01,9.0889348247e-01,5
maxwell_a4,siren,589.981989,1.0002702158e+00,1.0001561546e+00,1.0005894338e+00,9.0603986885e-01,9.0410885828e-01,9.0889348247e-01,5
maxwell_a4,siren,596.686330,1.0002913486e+00,1.0001561545e+00,1.0005894330e+00,9.0603986885e-01,9.0410885828e-01,9.0889348247e-01,5
maxwell_a4,siren,603.390670,1.0003109021e+00,1.0001561544e+00,1.0005902487e+00,9.0603986885e-01,9.0410885828e-01,9.0889348247e-01,5
maxwell_a4,siren,610.095011,1.0003292854e+00,1.0001561544e+00,1.0005892708e+00,9.0603986885e-01,9.0410885828e-01,9.0889348247e-01,5
maxwell_a4,siren,616.799352,1.0003463997e+00,1.0001561543e+00,1.0005923622e+00,9.0603986885e-01,9.0410885828e-01,9.0889348247e-01,5
maxwell_a4,siren,623.503693,1.0003623321e+00,1.0001561543e+00,1.0005879591e+00,9.0603986885e-01,9.0410885828e-01,9.0889348247e-01,5
maxwell_a4,siren,630.208034,1.0003770983e+00,1.0001561542e+00,1.0005895840e+00,9.0603986885e-01,9.0410885828e-01,9.0889348247e-01,5
maxwell_a4,siren,636.912374,1.0003907301e+00,1.0001561541e+00,1.0005896392e+00,9.0603986885e-01,9.0410885828e-01,9.0889348247e-01,5
maxwell_a4,siren,643.616715,1.0004032793e+00,1.0001561541e+00,1.0005896680e+00,9.0603986885e-01,9.0410885828e-01,9.0889348247e-01,5
maxwell_a4,siren,650.321056,1.0004147850e+00,1.0001561540e+00,1.0005896796e+00,9.0603986885e-01,9.0410885828e-01,9.0889348247e-01,5
maxwell_a4,siren,657.025397,1.0004252990e+00,1.0001561539e+00,1.0005896838e+00,9.0603986885e-01,9.0410885828e-01,9.0889348247e-01,5
maxwell_a4,siren,663.729737,1.0004348448e+00,1.0001561539e+00,1.0005896852e+00,9.0603986885e-01,9.0410885828e-01,9.0889348247e-01,5
maxwell_a4,siren,670.434078,1.0004435194e+00,1.0001561538e+00,1.0005896858e+00,9.0603986885e-01,9.0410885828e-01,9.0889348247e-01,5
maxwell_a4,siren,677.138419,1.0004513806e+00,1.0001561537e+00,1.0005896860e+00,9.0603986885e-01,9.0410885828e-01,9.0889348247e-01,5
maxwell_a4,siren,683.842760,1.0004584730e+00,1.0001561537e+00,1.0005896860e+00,9.0603986885e-01,9.0410885828e-01,9.0889348247e-01,5
maxwell_a4,siren,690.547101,1.0004648515e+00,1.0001561536e+00,1.0005896861e+00,9.0603986885e-01,9.0410885828e-01,9.0889348247e-01,5
maxwell_a4,siren,697.251441,1.0004705911e+00,1.0001561535e+00,1.0005896861e+00,9.0603986885e-01,9.0410885828e-01,9.0889348247e-01,5
maxwell_a4,siren,703.955782,1.0004757444e+00,1.0001561534e+00,1.0005896861e+00,9.0603986885e-01,9.0410885828e-01,9.0889348247e-01,5
maxwell_a4,siren,710.660123,1.0004803419e+00,1.0001561534e+00,1.0005897035e+00,9.0603986885e-01,9.0410885828e-01,9.0889348247e-01,5
maxwell_a4,siren,717.364464,1.0004844515e+00,1.0001561533e+00,1.0005897342e+00,9.0603986885e-01,9.0410885828e-01,9.0889348247e-01,5
maxwell_a4,siren,724.068804,1.0004881149e+00,1.0001561532e+00,1.0005897313e+00,9.0603986885e-01,9.0410885828e-01,9.0889348247e-01,5
maxwell_a4,siren,730.773145,1.0004913658e+00,1.0001561531e+00,1.0005897323e+00,9.0603986885e-01,9.0410885828e-01,9.0889348247e-01,5
maxwell_a4,siren,737.477486,1.0004942508e+00,1.0001561531e+00,1.0005897321e+00,9.0603986885e-01,9.0410885828e-01,9.0889348247e-01,5
maxwell_a4,siren,744.181827,1.0004968118e+00,1.0001561530e+00,1.0005896608e+00,9.0603986885e-01,9.0410885828e-01,9.0889348247e-01,5
maxwell_a4,siren,750.886168,1.0004990808e+00,1.0001561529e+00,1.0005897245e+00,9.0603986885e-01,9.0410885828e-01,9.0889348247e-01,5
maxwell_a4,siren,757.590508,1.0005010847e+00,1.0001561528e+00,1.0005897195e+00,9.0603986885e-01,9.0410885828e-01,9.0889348247e-01,5
maxwell_a4,siren,764.294849,1.0005028552e+00,1.0001561528e+00,1.0005897192e+00,9.0603986885e-01,9.0410885828e-01,9.0889348247e-01,5
maxwell_a4,siren,770.999190,1.0005044166e+00,1.0001561527e+00,1.0005897191e+00,9.0603986885e-01,9.0410885828e-01,9.0889348247e-01,5
maxwell_a4,siren,777.703531,1.0005057877e+00,1.0001561526e+00,1.0005897190e+00,9.0603986885e-01,9.0410885828e-01,9.0889348247e-01,5
maxwell_a4,siren,784.407872,1.0005069907e+00,1.0001561525e+00,1.0005896861e+00,9.0603986885e-01,9.0410885828e-01,9.0889348247e-01,5
maxwell_a4,siren,791.112212,1.0005080473e+00,1.0001561524e+00,1.0005897478e+00,9.0603986885e-01,9.0410885828e-01,9.0889348247e-01,5
maxwell_a4,siren,797.816553,1.0005089738e+00,1.0001561524e+00,1.0005897453e+00,9.0603986885e-01,9.0410885828e-01,9.0889348247e-01,5
maxwell_a4,siren,804.520894,1.0005097813e+00,1.0001561523e+00,1.0005897447e+00,9.0603986885e-01,9.0410885828e-01,9.0889348247e-01,5
maxwell_a4,siren,811.225235,1.0005104878e+00,1.0001561522e+00,1.0005897448e+00,9.0603986885e-01,9.0410885828e-01,9.0889348247e-01,5
maxwell_a4,siren,817.929575,1.0005111052e+00,1.0001561521e+00,1.0005897449e+00,9.0603986885e-01,9.0410885828e-01,9.0889348247e-01,5
maxwell_a4,siren,824.633916,1.0005116426e+00,1.0001561520e+00,1.0005897472e+00,9.0603986885e-01,9.0410885828e-01,9.0889348247e-01,5
maxwell_a4,siren,831.338257,1.0005121101e+00,1.0001561519e+00,1.0005897522e+00,9.0603986885e-01,9.0410885828e-01,9.0889348247e-01,5
maxwell_a4,siren,838.042598,1.0005125171e+00,1.0001561518e+00,1.0005897482e+00,9.0603986885e-01,9.0410885828e-01,9.0889348247e-01,5
maxwell_a4,siren,844.746939,1.0005128712e+00,1.0001561518e+00,1.0005897476e+00,9.0603986885e-01,9.0410885828e-01,9.0889348247e-01,5
maxwell_a4,siren,851.451279,1.0005131773e+00,1.0001561517e+00,1.0005897470e+00,9.0603986885e-01,9.0410885828e-01,9.0889348247e-01,5
maxwell_a4,siren,858.155620,1.0005134433e+00,1.0001561516e+00,1.0005897470e+00,9.0603986885e-01,9.0410885828e-01,9.0889348247e-01,5
maxwell_a4,siren,864.859961,1.0005136739e+00,1.0001561515e+00,1.0005897470e+00,9.0603986885e-01,9.0410885828e-01,9.0889348247e-01,5
maxwell_a4,siren,871.564302,1.0005138731e+00,1.0001561514e+00,1.0005897470e+00,9.0603986885e-01,9.0410885828e-01,9.0889348247e-01,5
maxwell_a4,siren,878.268642,1.0005140454e+00,1.0001561513e+00,1.0005897464e+00,9.0603986885e-01,9.0410885828e-01,9.0889348247e-01,5
maxwell_a4,siren,884.972983,1.0005141946e+00,1.0001561512e+00,1.0005897316e+00,9.0603986885e-01,9.0410885828e-01,9.0889348247e-01,5
maxwell_a4,siren,891.677324,1.0005143236e+00,1.0001561512e+00,1.0005897478e+00,9.0603986885e-01,9.0410885828e-01,9.0889348247e-01,5
maxwell_a4,siren,898.381665,1.0005144344e+00,1.0001561511e+00,1.0005897488e+00,9.0603986885e-01,9.0410885828e-01,9.0889348247e-01,5
maxwell_a4,siren,905.086006,1.0005145302e+00,1.0001561510e+00,1.0005897491e+00,9.0603986885e-01,9.0410885828e-01,9.0889348247e-01,5
maxwell_a4,siren,911.790346,1.0005146128e+00,1.0001561509e+00,1.0005897492e+00,9.0603986885e-01,9.0410885828e-01,9.0889348247e-01,5
maxwell_a4,siren,918.494687,1.0005146839e+00,1.0001561508e+00,1.0005897492e+00,9.0603986885e-01,9.0410885828e-01,9.0889348247e-01,5
maxwell_a4,siren,925.199028,1.0005147450e+00,1.0001561507e+00,1.0005897493e+00,9.0603986885e-01,9.0410885828e-01,9.0889348247e-01,5
maxwell_a4,siren,931.903369,1.0005147975e+00,1.0001561506e+00,1.0005897493e+00,9.0603986885e-01,9.0410885828e-01,9.0889348247e-01,5
maxwell_a4,siren,938.607709,1.0005148428e+00,1.0001561505e+00,1.0005897493e+00,9.0603986885e-01,9.0410885828e-01,9.0889348247e-01,5
maxwell_a4,siren,945.312050,1.0005148815e+00,1.0001561504e+00,1.0005897509e+00,9.0603986885e-01,9.0410885828e-01,9.0889348247e-01,5
maxwell_a4,siren,952.016391,1.0005149148e+00,1.0001561503e+00,1.0005897399e+00,9.0603986885e-01,9.0410885828e-01,9.0889348247e-01,5
maxwell_a4,siren,958.720732,1.0005149435e+00,1.0001561502e+00,1.0005897474e+00,9.0603986885e-01,9.0410885828e-01,9.0889348247e-01,5
maxwell_a4,siren,965.425073,1.0005149680e+00,1.0001561502e+00,1.0005897469e+00,9.0603986885e-01,9.0410885828e-01,9.0889348247e-01,5
maxwell_a4,siren,972.129413,1.0005149892e+00,1.0001561501e+00,1.0005897470e+00,9.0603986885e-01,9.0410885828e-01,9.0889348247e-01,5
maxwell_a4,siren,978.833754,1.0005150074e+00,1.0001561500e+00,1.0005897470e+00,9.0603986885e-01,9.0410885828e-01,9.0889348247e-01,5
maxwell_a4,siren,985.538095,1.0005150230e+00,1.0001561499e+00,1.0005897470e+00,9.0603986885e-01,9.0410885828e-01,9.0889348247e-01,5
maxwell_a4,siren,992.242436,1.0005150363e+00,1.0001561498e+00,1.0005897472e+00,9.0603986885e-01,9.0410885828e-01,9.0889348247e-01,5
maxwell_a4,siren,998.946777,1.0005150478e+00,1.0001561497e+00,1.0005897568e+00,9.0603986885e-01,9.0410885828e-01,9.0889348247e-01,5
maxwell_a4,siren,1005.651117,1.0005150576e+00,1.0001561496e+00,1.0005897284e+00,9.0603986885e-01,9.0410885828e-01,9.0889348247e-01,5
maxwell_a4,siren,1012.355458,1.0005150660e+00,1.0001561495e+00,1.0005897375e+00,9.0603986885e-01,9.0410885828e-01,9.0889348247e-01,5
maxwell_a4,siren,1019.059799,1.0005150732e+00,1.0001561494e+00,1.0005897378e+00,9.0603986885e-01,9.0410885828e-01,9.0889348247e-01,5
maxwell_a4,siren,1025.764140,1.0005150794e+00,1.0001561493e+00,1.0005897379e+00,9.0603986885e-01,9.0410885828e-01,9.0889348247e-01,5
maxwell_a4,siren,1032.468480,1.0005150847e+00,1.0001561492e+00,1.0005897379e+00,9.0603986885e-01,9.0410885828e-01,9.0889348247e-01,5
maxwell_a4,siren,1039.172821,1.0005150892e+00,1.0001561491e+00,1.0005897380e+00,9.0603986885e-01,9.0410885828e-01,9.0889348247e-01,5
maxwell_a4,siren,1045.877162,1.0005150930e+00,1.0001561490e+00,1.0005897377e+00,9.0603986885e-01,9.0410885828e-01,9.0889348247e-01,5
maxwell_a4,siren,1052.581503,1.0005150964e+00,1.0001561489e+00,1.0005897588e+00,9.0603986885e-01,9.0410885828e-01,9.0889348247e-01,5
maxwell_a4,siren,1059.285844,1.0005150992e+00,1.0001561488e+00,1.0005897334e+00,9.0603986885e-01,9.0410885828e-01,9.0889348247e-01,5
maxwell_a4,siren,1065.990184,1.0005151016e+00,1.0001561487e+00,1.0005897336e+00,9.0603986885e-01,9.0410885828e-01,9.0889348247e-01,5
maxwell_a4,siren,1072.694525,1.0005151036e+00,1.0001561486e+00,1.0005897326e+00,9.0603986885e-01,9.0410885828e-01,9.0889348247e-01,5
maxwell_a4,siren,1079.398866,1.0005151054e+00,1.0001561485e+00,1.0005897330e+00,9.0603986885e-01,9.0410885828e-01,9.0889348247e-01,5
maxwell_a4,siren,1086.103207,1.0005151069e+00,1.0001561484e+00,1.0005897411e+00,9.0603986885e-01,9.0410885828e-01,9.0889348247e-01,5
maxwell_a4,siren,1092.807547,1.0005151082e+00,1.0001561483e+00,1.0005897374e+00,9.0603986885e-01,9.0410885828e-01,9.0889348247e-01,5
maxwell_a4,siren,1099.511888,1.0005151093e+00,1.0001561481e+00,1.0005897342e+00,9.0603986885e-01,9.0410885828e-01,9.0889348247e-01,5
maxwell_a4,siren,1106.216229,1.0005151102e+00,1.0001561787e+00,1.0005897281e+00,9.0603986885e-01,9.0410885828e-01,9.0889348247e-01,5
maxwell_a4,siren,1112.920570,1.0005151110e+00,1.0001561578e+00,1.0005897456e+00,9.0603986885e-01,9.0410885828e-01,9.0889348247e-01,5
maxwell_a4,siren,1119.624911,1.0005151117e+00,1.0001561574e+00,1.0005897161e+00,9.0603986885e-01,9.0410885828e-01,9.0889348247e-01,5
maxwell_a4,siren,1126.329251,1.0005151123e+00,1.0001561573e+00,1.0005897326e+00,9.0603986885e-01,9.0410885828e-01,9.0889348247e-01,5
maxwell_a4,siren,1133.033592,1.0005151128e+00,1.0001561572e+00,1.0005896549e+00,9.0603986885e-01,9.0410885828e-01,9.0889348247e-01,5
maxwell_a4,siren,1139.737933,1.0005151132e+00,1.0001561543e+00,1.0005781997e+00,9.0603986885e-01,9.0410885828e-01,9.0889348247e-01,5
maxwell_a4,siren,1146.442274,1.0005151135e+00,1.0001561907e+00,1.0006075387e+00,9.0603986885e-01,9.0410885828e-01,9.0889348247e-01,5
maxwell_a4,siren,1153.146615,1.0005151138e+00,1.0001561558e+00,1.0005929238e+00,9.0603986885e-01,9.0410885828e-01,9.0889348247e-01,5
maxwell_a4,siren,1159.850955,1.0005151141e+00,1.0001561559e+00,1.0005902507e+00,9.0603986885e-01,9.0410885828e-01,9.0889348247e-01,5
maxwell_a4,siren,1166.555296,1.0005151143e+00,1.0001561558e+00,1.0005896519e+00,9.0603986885e-01,9.0410885828e-01,9.0889348247e-01,5
maxwell_a4,siren,1173.259637,1.0005151145e+00,1.0001561557e+00,1.0005895109e+00,9.0603986885e-01,9.0410885828e-01,9.0889348247e-01,5
maxwell_a4,siren,1179.963978,1.0005151146e+00,1.0001561007e+00,1.0005894789e+00,9.0603986885e-01,9.0410885828e-01,9.0889348247e-01,5
maxwell_a4,siren,1186.668318,1.0005151147e+00,1.0001561511e+00,1.0005894713e+00,9.0603986885e-01,9.0410885828e-01,9.0889348247e-01,5
maxwell_a4,siren,1193.372659,1.0005151148e+00,1.0001562568e+00,1.0005894696e+00,9.0603986885e-01,9.0410885828e-01,9.0889348247e-01,5
maxwell_a4,siren,1200.077000,1.0003593241e+00,1.0000811165e+00,1.0006661892e+00,9.0603986885e-01,9.0410885828e-01,9.0889348247e-01,5
maxwell_a4,fourier,0.000000,1.0683608650e+00,1.0563473524e+00,1.0859678811e+00,1.0683608650e+00,1.0563473524e+00,1.0859678811e+00,5
maxwell_a4,fourier,6.704994,1.0823212057e+00,1.0690228405e+00,1.0980596806e+00,1.0683608650e+00,1.0563473524e+00,1.0859678811e+00,5
maxwell_a4,fourier,13.409989,1.1437654854e+00,1.1190907881e+00,1.1560335865e+00,1.0683608650e+00,1.0563473524e+00,1.0859678811e+00,5
maxwell_a4,fourier,20.114983,1.1580438829e+00,1.1156521728e+00,1.1709946608e+00,1.0683608650e+00,1.0563473524e+00,1.0859678811e+00,5
maxwell_a4,fourier,26.819978,1.1584840145e+00,1.1107688631e+00,1.1647811345e+00,1.0683608650e+00,1.0563473524e+00,1.0859678811e+00,5
maxwell_a4,fourier,33.524972,1.1551419864e+00,1.1081165519e+00,1.1625655850e+00,1.0683608650e+00,1.0563473524e+00,1.0859678811e+00,5
maxwell_a4,fourier,40.229966,1.1523711218e+00,1.1059101842e+00,1.1603818741e+00,1.0683608650e+00,1.0563473524e+00,1.0859678811e+00,5
maxwell_a4,fourier,46.934961,1.1499153623e+00,1.1038048497e+00,1.1581979980e+00,1.0683608650e+00,1.0563473524e+00,1.0859678811e+00,5
maxwell_a4,fourier,53.639955,1.1478786235e+00,1.1018059636e+00,1.1559248292e+00,1.0683608650e+00,1.0563473524e+00,1.0859678811e+00,5
maxwell_a4,fourier,60.344950,1.1461403418e+00,1.0999030034e+00,1.1538151835e+00,1.0683608650e+00,1.0563473524e+00,1.0859678811e+00,5
maxwell_a4,fourier,67.049944,1.1446230430e+00,1.0980718135e+00,1.1518876319e+00,1.0683608650e+00,1.0563473524e+00,1.0859678811e+00,5
maxwell_a4,fourier,73.754939,1.1432754302e+00,1.0963007011e+00,1.1501272733e+00,1.0683608650e+00,1.0563473524e+00,1.0859678811e+00,5
maxwell_a4,fourier,80.459933,1.1420693271e+00,1.0945822959e+00,1.1485216072e+00,1.0683608650e+00,1.0563473524e+00,1.0859678811e+00,5
maxwell_a4,fourier,87.164927,1.1409910744e+00,1.0929143715e+00,1.1470659063e+00,1.0683608650e+00,1.0563473524e+00,1.0859678811e+00,5
maxwell_a4,fourier,93.869922,1.1400284543e+00,1.0913132307e+00,1.1457437160e+00,1.0683608650e+00,1.0563473524e+00,1.0859678811e+00,5
maxwell_a4,fourier,100.574916,1.1391649043e+00,1.0897851339e+00,1.1445359018e+00,1.0683608650e+00,1.0563473524e+00,1.0859678811e+00,5
maxwell_a4,fourier,107.279911,1.1383906987e+00,1.0883178086e+00,1.1434320199e+00,1.0683608650e+00,1.0563473524e+00,1.0859678811e+00,5
maxwell_a4,fourier,113.984905,1.1376952425e+00,1.0868908576e+00,1.1424204213e+00,1.0683608650e+00,1.0563473524e+00,1.0859678811e+00,5
maxwell_a4,fourier,120.689899,1.1370677488e+00,1.0855022350e+00,1.1414910233e+00,1.0683608650e+00,1.0563473524e+00,1.0859678811e+00,5
maxwell_a4,fourier,127.394894,1.1364995674e+00,1.0841588786e+00,1.1406366555e+00,1.0683608650e+00,1.0563473524e+00,1.0859678811e+00,5
maxwell_a4,fourier,134.099888,1.1359884790e+00,1.0828688231e+00,1.1398555655e+00,1.0683608650e+00,1.0563473524e+00,1.0859678811e+00,5
maxwell_a4,fourier,140.804883,1.1355237731e+00,1.0816280031e+00,1.1391324526e+00,1.0683608650e+00,1.0563473524e+00,1.0859678811e+00,5
maxwell_a4,fourier,147.509877,1.1351014634e+00,1.0804364449e+00,1.1384608638e+00,1.0683608650e+00,1.0563473524e+00,1.0859678811e+00,5
maxwell_a4,fourier,154.214872,1.1347175756e+00,1.0792920563e+00,1.1378347794e+00,1.0683608650e+00,1.0563473524e+00,1.0859678811e+00,5
maxwell_a4,fourier,160.919866,1.1343680963e+00,1.0781915249e+00,1.1372491897e+00,1.0683608650e+00,1.0563473524e+00,1.0859678811e+00,5
maxwell_a4,fourier,167.624860,1.1340494013e+00,1.0771344795e+00,1.1366988661e+00,1.0683608650e+00,1.0563473524e+00,1.0859678811e+00,5
maxwell_a4,fourier,174.329855,1.1337606554e+00,1.0761208615e+00,1.1361839752e+00,1.0683608650e+00,1.0563473524e+00,1.0859678811e+00,5
maxwell_a4,fourier,181.034849,1.1334985662e+00,1.0751529621e+00,1.1357000213e+00,1.0683608650e+00,1.0563473524e+00,1.0859678811e+00,5
maxwell_a4,fourier,187.739844,1.1332603260e+00,1.0742268487e+00,1.1352438077e+00,1.0683608650e+00,1.0563473524e+00,1.0859678811e+00,5
maxwell_a4,fourier,194.444838,1.1330445416e+00,1.0733382780e+00,1.1348135171e+00,1.0683608650e+00,1.0563473524e+00,1.0859678811e+00,5
maxwell_a4,fourier,201.149832,1.1328504125e+00,1.0724845341e+00,1.1344074652e+00,1.0683608650e+00,1.0563473524e+00,1.0859678811e+00,5
maxwell_a4,fourier,207.854827,1.1326768286e+00,1.0716645773e+00,1.1340239553e+00,1.0683608650e+00,1.0563473524e+00,1.0859678811e+00,5
maxwell_a4,fourier,214.559821,1.1325231829e+00,1.0708790234e+00,1.1336623012e+00,1.0683608650e+00,1.0563473524e+00,1.0859678811e+00,5
maxwell_a4,fourier,221.264816,1.1323891396e+00,1.0701283277e+00,1.1333220571e+00,1.0683608650e+00,1.0563473524e+00,1.0859678811e+00,5
maxwell_a4,fourier,227.969810,1.1322715512e+00,1.0694098006e+00,1.1329998863e+00,1.0683608650e+00,1.0563473524e+00,1.0859678811e+00,5
maxwell_a4,fourier,234.674804,1.1321689398e+00,1.0687213133e+00,1.1326948957e+00,1.0683608650e+00,1.0563473524e+00,1.0859678811e+00,5
maxwell_a4,fourier,241.379799,1.1320799149e+00,1.0680619892e+00,1.1324064638e+00,1.0683608650e+00,1.0563473524e+00,1.0859678811e+00,5
maxwell_a4,fourier,248.084793,1.1320030077e+00,1.0674300668e+00,1.1321340711e+00,1.0683608650e+00,1.0563473524e+00,1.0859678811e+00,5
maxwell_a4,fourier,254.789788,1.1318774156e+00,1.0668245838e+00,1.1319369197e+00,1.0683608650e+00,1.0563473524e+00,1.0859678811e+00,5
maxwell_a4,fourier,261.494782,1.1316370179e+00,1.0662471406e+00,1.1318812022e+00,1.0683608650e+00,1.0563473524e+00,1.0859678811e+00,5
maxwell_a4,fourier,268.199777,1.1314105287e+00,1.0656962290e+00,1.1318339378e+00,1.0683608650e+00,1.0563473524e+00,1.0859678811e+00,5
maxwell_a4,fourier,274.904771,1.1311966924e+00,1.0651708145e+00,1.1317939143e+00,1.0683608650e+00,1.0563473524e+00,1.0859678811e+00,5
maxwell_a4,fourier,281.609765,1.1309947667e+00,1.0646703644e+00,1.1317602444e+00,1.0683608650e+00,1.0563473524e+00,1.0859678811e+00,5
maxwell_a4,fourier,288.314760,1.1308038723e+00,1.0641942522e+00,1.1317321453e+00,1.0683608650e+00,1.0563473524e+00,1.0859678811e+00,5
maxwell_a4,fourier,295.019754,1.1306232902e+00,1.0637417469e+00,1.1317089346e+00,1.0683608650e+00,1.0563473524e+00,1.0859678811e+00,5
maxwell_a4,fourier,301.724749,1.1304527752e+00,1.0633135008e+00,1.1316902092e+00,1.0683608650e+00,1.0563473524e+00,1.0859678811e+00,5
maxwell_a4,fourier,308.429743,1.1302918447e+00,1.0629096407e+00,1.1316754226e+00,1.0683608650e+00,1.0563473524e+00,1.0859678811e+00,5
maxwell_a4,fourier,315.134737,1.1301392692e+00,1.0625276361e+00,1.1316638651e+00,1.0683608650e+00,1.0563473524e+00,1.0859678811e+00,5
maxwell_a4,fourier,321.839732,1.1299945182e+00,1.0621660695e+00,1.1316551431e+00,1.0683608650e+00,1.0563473524e+00,1.0859678811e+00,5
maxwell_a4,fourier,328.544726,1.1298571136e+00,1.0618238286e+00,1.1316489156e+00,1.0683608650e+00,1.0563473524e+00,1.0859678811e+00,5
maxwell_a4,fourier,335.249721,1.1297265818e+00,1.0614997285e+00,1.1316448767e+00,1.0683608650e+00,1.0563473524e+00,1.0859678811e+00,5
maxwell_a4,fourier,341.954715,1.1296024976e+00,1.0611925445e+00,1.1316427568e+00,1.0683608650e+00,1.0563473524e+00,1.0859678811e+00,5
maxwell_a4,fourier,348.659709,1.1294851412e+00,1.0609028227e+00,1.1316424866e+00,1.0683608650e+00,1.0563473524e+00,1.0859678811e+00,5
maxwell_a4,fourier,355.364704,1.1293734153e+00,1.0606279937e+00,1.1316458433e+00,1.0683608650e+00,1.0563473524e+00,1.0859678811e+00,5
maxwell_a4,fourier,362.069698,1.1292669276e+00,1.0603670397e+00,1.1319909081e+00,1.0683608650e+00,1.0563473524e+00,1.0859678811e+00,5
maxwell_a4,fourier,368.774693,1.1291654022e+00,1.0601192374e+00,1.1317671781e+00,1.0683608650e+00,1.0563473524e+00,1.0859678811e+00,5
maxwell_a4,fourier,375.479687,1.1290685576e+00,1.0598839062e+00,1.1312915246e+00,1.0683608650e+00,1.0563473524e+00,1.0859678811e+00,5
maxwell_a4,fourier,382.184682,1.1289761293e+00,1.0596600656e+00,1.1312356625e+00,1.0683608650e+00,1.0563473524e+00,1.0859678811e+00,5
maxwell_a4,fourier,388.889676,1.1288881213e+00,1.0594478349e+00,1.1312428218e+00,1.0683608650e+00,1.0563473524e+00,1.0859678811e+00,5
maxwell_a4,fourier,395.594670,1.1288042102e+00,1.0592464030e+00,1.1312500359e+00,1.0683608650e+00,1.0563473524e+00,1.0859678811e+00,5
maxwell_a4,fourier,402.299665,1.1287239529e+00,1.0590545511e+00,1.1312659420e+00,1.0683608650e+00,1.0563473524e+00,1.0859678811e+00,5
maxwell_a4,fourier,409.004659,1.1286471299e+00,1.0588717598e+00,1.1312799273e+00,1.0683608650e+00,1.0563473524e+00,1.0859678811e+00,5
maxwell_a4,fourier,415.709654,1.1285735758e+00,1.0586974958e+00,1.1312920158e+00,1.0683608650e+00,1.0563473524e+00,1.0859678811e+00,5
maxwell_a4,fourier,422.414648,1.1285031405e+00,1.0585313034e+00,1.1313036101e+00,1.0683608650e+00,1.0563473524e+00,1.0859678811e+00,5
maxwell_a4,fourier,429.119642,1.1284357161e+00,1.0583728318e+00,1.1313146908e+00,1.0683608650e+00,1.0563473524e+00,1.0859678811e+00,5
maxwell_a4,fourier,435.824637,1.1283713148e+00,1.0582222631e+00,1.1313254657e+00,1.0683608650e+00,1.0563473524e+00,1.0859678811e+00,5
maxwell_a4,fourier,442.529631,1.1283095444e+00,1.0580783365e+00,1.1313360400e+00,1.0683608650e+00,1.0563473524e+00,1.0859678811e+00,5
maxwell_a4,fourier,449.234626,1.1282502620e+00,1.0579407125e+00,1.1313464683e+00,1.0683608650e+00,1.0563473524e+00,1.0859678811e+00,5
maxwell_a4,fourier,455.939620,1.1281933697e+00,1.0578090508e+00,1.1313567771e+00,1.0683608650e+00,1.0563473524e+00,1.0859678811e+00,5
maxwell_a4,fourier,462.644615,1.1281387400e+00,1.0576830474e+00,1.1313669748e+00,1.0683608650e+00,1.0563473524e+00,1.0859678811e+00,5
maxwell_a4,fourier,469.349609,1.1280862552e+00,1.0575623399e+00,1.1313770701e+00,1.0683608650e+00,1.0563473524e+00,1.0859678811e+00,5
maxwell_a4,fourier,476.054603,1.1280359894e+00,1.0574470839e+00,1.1313870539e+00,1.0683608650e+00,1.0563473524e+00,1.0859678811e+00,5
maxwell_a4,fourier,482.759598,1.1279877089e+00,1.0573367269e+00,1.1313969379e+00,1.0683608650e+00,1.0563473524e+00,1.0859678811e+00,5
maxwell_a4,fourier,489.464592,1.1279412596e+00,1.0572308523e+00,1.1314067263e+00,1.0683608650e+00,1.0563473524e+00,1.0859678811e+00,5
maxwell_a4,fourier,496.169587,1.1278965485e+00,1.0571292262e+00,1.1314164151e+00,1.0683608650e+00,1.0563473524e+00,1.0859678811e+00,5
maxwell_a4,fourier,502.874581,1.1278535069e+00,1.0570315550e+00,1.1314260038e+00,1.0683608650e+00,1.0563473524e+00,1.0859678811e+00,5
maxwell_a4,fourier,509.579575,1.1278120480e+00,1.0569376929e+00,1.1314354924e+00,1.0683608650e+00,1.0563473524e+00,1.0859678811e+00,5
maxwell_a4,fourier,516.284570,1.1277721773e+00,1.0568476023e+00,1.1314448733e+00,1.0683608650e+00,1.0563473524e+00,1.0859678811e+00,5
maxwell_a4,fourier,522.989564,1.1277338208e+00,1.0567611917e+00,1.1314541507e+00,1.0683608650e+00,1.0563473524e+00,1.0859678811e+00,5
maxwell_a4,fourier,529.694559,1.1276968218e+00,1.0566780124e+00,1.1314633228e+00,1.0683608650e+00,1.0563473524e+00,1.0859678811e+00,5
maxwell_a4,fourier,536.399553,1.1276611010e+00,1.0565979241e+00,1.1314723922e+00,1.0683608650e+00,1.0563473524e+00,1.0859678811e+00,5
maxwell_a4,fourier,543.104547,1.1276266090e+00,1.0565207528e+00,1.1314813610e+00,1.0683608650e+00,1.0563473524e+00,1.0859678811e+00,5
maxwell_a4,fourier,549.809542,1.1275932899e+00,1.0564464272e+00,1.1314902276e+00,1.0683608650e+00,1.0563473524e+00,1.0859678811e+00,5
maxwell_a4,fourier,556.514536,1.1275611027e+00,1.0563747227e+00,1.1314989931e+00,1.0683608650e+00,1.0563473524e+00,1.0859678811e+00,5
maxwell_a4,fourier,563.219531,1.1275300965e+00,1.0563058227e+00,1.1315076459e+00,1.0683608650e+00,1.0563058227e+00,1.0859678811e+00,5
maxwell_a4,fourier,569.924525,1.1275001060e+00,1.0562393542e+00,1.1315161946e+00,1.0683608650e+00,1.0562393542e+00,1.0859678811e+00,5
maxwell_a4,fourier,576.629520,1.1274710819e+00,1.0561751920e+00,1.1315246409e+00,1.0683608650e+00,1.0561751920e+00,1.0859678811e+00,5
maxwell_a4,fourier,583.334514,1.1274429482e+00,1.0561132204e+00,1.1315329848e+00,1.0683608650e+00,1.0561132204e+00,1.0859678811e+00,5
maxwell_a4,fourier,590.039508,1.1274156727e+00,1.0560533666e+00,1.1315412270e+00,1.0683608650e+00,1.0560533666e+00,1.0859678811e+00,5
maxwell_a4,fourier,596.744503,1.1273892399e+00,1.0559955307e+00,1.1315493652e+00,1.0683608650e+00,1.0559955307e+00,1.0859678811e+00,5
maxwell_a4,fourier,603.449497,1.1273636580e+00,1.0559397999e+00,1.1315574004e+00,1.0683608650e+00,1.0559397999e+00,1.0859678811e+00,5
maxwell_a4,fourier,610.154492,1.1273388770e+00,1.0558860035e+00,1.1315653281e+00,1.0683608650e+00,1.0558860035e+00,1.0859678811e+00,5
maxwell_a4,fourier,616.859486,1.1273148240e+00,1.0558339306e+00,1.1315731566e+00,1.0683608650e+00,1.0558339306e+00,1.0859678811e+00,5
maxwell_a4,fourier,623.564480,1.1272914835e+00,1.0557835573e+00,1.1315808874e+00,1.0683608650e+00,1.0557835573e+00,1.0859678811e+00,5
maxwell_a4,fourier,630.269475,1.1272688387e+00,1.0557348106e+00,1.1315885209e+00,1.0683608650e+00,1.0557348106e+00,1.0859678811e+00,5
maxwell_a4,fourier,636.974469,1.1272468490e+00,1.0556876207e+00,1.1315960566e+00,1.0683608650e+00,1.0556876207e+00,1.0859678811e+00,5
maxwell_a4,fourier,643.679464,1.1272255025e+00,1.0556419469e+00,1.1316034927e+00,1.0683608650e+00,1.0556419469e+00,1.0859678811e+00,5
maxwell_a4,fourier,650.384458,1.1272048445e+00,1.0555978609e+00,1.1316108205e+00,1.0683608650e+00,1.0555978609e+00,1.0859678811e+00,5
maxwell_a4,fourier,657.089453,1.1271847901e+00,1.0555551601e+00,1.1316180470e+00,1.0683608650e+00,1.0555551601e+00,1.0859678811e+00,5
maxwell_a4,fourier,663.794447,1.1271653181e+00,1.0555137986e+00,1.1316251812e+00,1.0683608650e+00,1.0555137986e+00,1.0859678811e+00,5
maxwell_a4,fourier,670.499441,1.1271464082e+00,1.0554737074e+00,1.1316322201e+00,1.0683608650e+00,1.0554737074e+00,1.0859678811e+00,5
maxwell_a4,fourier,677.204436,1.1271280541e+00,1.0554348338e+00,1.1316391632e+00,1.0683608650e+00,1.0554348338e+00,1.0859678811e+00,5
maxwell_a4,fourier,683.909430,1.1271102426e+00,1.0553971540e+00,1.1316460116e+00,1.0683608650e+00,1.0553971540e+00,1.0859678811e+00,5
maxwell_a4,fourier,690.614425,1.1270929977e+00,1.0553607101e+00,1.1316527598e+00,1.0683608650e+00,1.0553607101e+00,1.0859678811e+00,5
maxwell_a4,fourier,697.319419,1.1270762646e+00,1.0553254010e+00,1.1316594108e+00,1.0683608650e+00,1.0553254010e+00,1.0859678811e+00,5
maxwell_a4,fourier,704.024413,1.1270600303e+00,1.0552911449e+00,1.1316659664e+00,1.0683608650e+00,1.0552911449e+00,1.0859678811e+00,5
maxwell_a4,fourier,710.729408,1.1270442737e+00,1.0552579037e+00,1.1316724279e+00,1.0683608650e+00,1.0552579037e+00,1.0859678811e+00,5
maxwell_a4,fourier,717.434402,1.1270289795e+00,1.0552256491e+00,1.1316787987e+00,1.0683608650e+00,1.0552256491e+00,1.0859678811e+00,5
maxwell_a4,fourier,724.139397,1.1270141397e+00,1.0551943582e+00,1.1316850763e+00,1.0683608650e+00,1.0551943582e+00,1.0859678811e+00,5
maxwell_a4,fourier,730.844391,1.1269997403e+00,1.0551640178e+00,1.1316912601e+00,1.0683608650e+00,1.0551640178e+00,1.0859678811e+00,5
maxwell_a4,fourier,737.549385,1.1269858099e+00,1.0551346233e+00,1.1316973474e+00,1.0683608650e+00,1.0551346233e+00,1.0859678811e+00,5
maxwell_a4,fourier,744.254380,1.1269722902e+00,1.0551061062e+00,1.1317033442e+00,1.0683608650e+00,1.0551061062e+00,1.0859678811e+00,5
maxwell_a4,fourier,750.959374,1.1269591708e+00,1.0550783943e+00,1.1317092511e+00,1.0683608650e+00,1.0550783943e+00,1.0859678811e+00,5
maxwell_a4,fourier,757.664369,1.1269464324e+00,1.0550514554e+00,1.1317150653e+00,1.0683608650e+00,1.0550514554e+00,1.0859678811e+00,5
maxwell_a4,fourier,764.369363,1.1269340597e+00,1.0550252860e+00,1.1317207875e+00,1.0683608650e+00,1.0550252860e+00,1.0859678811e+00,5
maxwell_a4,fourier,771.074358,1.1269220469e+00,1.0549998648e+00,1.1317264190e+00,1.0683608650e+00,1.0549998648e+00,1.0859678811e+00,5
maxwell_a4,fourier,777.779352,1.1269104131e+00,1.0549752381e+00,1.1317319562e+00,1.0683608650e+00,1.0549752381e+00,1.0859678811e+00,5
maxwell_a4,fourier,784.484346,1.1268991353e+00,1.0549513176e+00,1.1317374072e+00,1.0683608650e+00,1.0549513176e+00,1.0859678811e+00,5
maxwell_a4,fourier,791.189341,1.1268881815e+00,1.0549280615e+00,1.1317427719e+00,1.0683608650e+00,1.0549280615e+00,1.0859678811e+00,5
maxwell_a4,fourier,797.894335,1.1268775522e+00,1.0549054467e+00,1.1317480504e+00,1.0683608650e+00,1.0549054467e+00,1.0859678811e+00,5
maxwell_a4,fourier,804.599330,1.1268672386e+00,1.0548834638e+00,1.1317532440e+00,1.0683608650e+00,1.0548834638e+00,1.0859678811e+00,5
maxwell_a4,fourier,811.304324,1.1268572237e+00,1.0548620896e+00,1.1317583557e+00,1.0683608650e+00,1.0548620896e+00,1.0859678811e+00,5
maxwell_a4,fourier,818.009318,1.1268475195e+00,1.0548413365e+00,1.1317633777e+00,1.0683608650e+00,1.0548413365e+00,1.0859678811e+00,5
maxwell_a4,fourier,824.714313,1.1268381181e+00,1.0548211810e+00,1.1317683106e+00,1.0683608650e+00,1.0548211810e+00,1.0859678811e+00,5
maxwell_a4,fourier,831.419307,1.1268289895e+00,1.0548015809e+00,1.1317731613e+00,1.0683608650e+00,1.0548015809e+00,1.0859678811e+00,5
maxwell_a4,fourier,838.124302,1.1268201272e+00,1.0547825168e+00,1.1317779330e+00,1.0683608650e+00,1.0547825168e+00,1.0859678811e+00,5
maxwell_a4,fourier,844.829296,1.1268115205e+00,1.0547639688e+00,1.1317826278e+00,1.0683608650e+00,1.0547639688e+00,1.0859678811e+00,5
maxwell_a4,fourier,851.534291,1.1268031623e+00,1.0547459218e+00,1.1317872449e+00,1.0683608650e+00,1.0547459218e+00,1.0859678811e+00,5
maxwell_a4,fourier,858.239285,1.1267950460e+00,1.0547283635e+00,1.1317917838e+00,1.0683608650e+00,1.0547283635e+00,1.0859678811e+00,5
maxwell_a4,fourier,864.944279,1.1267871854e+00,1.0547113235e+00,1.1317962352e+00,1.0683608650e+00,1.0547113235e+00,1.0859678811e+00,5
maxwell_a4,fourier,871.649274,1.1267795458e+00,1.0546947410e+00,1.1318006097e+00,1.0683608650e+00,1.0546947410e+00,1.0859678811e+00,5
maxwell_a4,fourier,878.354268,1.1267721264e+00,1.0546785926e+00,1.1318049082e+00,1.0683608650e+00,1.0546785926e+00,1.0859678811e+00,5
maxwell_a4,fourier,885.059263,1.1267649177e+00,1.0546628731e+00,1.1318091297e+00,1.0683608650e+00,1.0546628731e+00,1.0859678811e+00,5
maxwell_a4,fourier,891.764257,1.1267579141e+00,1.0546475736e+00,1.1318132778e+00,1.0683608650e+00,1.0546475736e+00,1.0859678811e+00,5
maxwell_a4,fourier,898.469251,1.1267511100e+00,1.0546326855e+00,1.1318173533e+00,1.0683608650e+00,1.0546326855e+00,1.0859678811e+00,5
maxwell_a4,fourier,905.174246,1.1267445090e+00,1.0546182092e+00,1.1318213518e+00,1.0683608650e+00,1.0546182092e+00,1.0859678811e+00,5
maxwell_a4,fourier,911.879240,1.1267381068e+00,1.0546041179e+00,1.1318252761e+00,1.0683608650e+00,1.0546041179e+00,1.0859678811e+00,5
maxwell_a4,fourier,918.584235,1.1267318870e+00,1.0545903965e+00,1.1318291306e+00,1.0683608650e+00,1.0545903965e+00,1.0859678811e+00,5
maxwell_a4,fourier,925.289229,1.1267258431e+00,1.0545770261e+00,1.1318329164e+00,1.0683608650e+00,1.0545770261e+00,1.0859678811e+00,5
maxwell_a4,fourier,931.994223,1.1267199649e+00,1.0545639974e+00,1.1318366336e+00,1.0683608650e+00,1.0545639974e+00,1.0859678811e+00,5
maxwell_a4,fourier,938.699218,1.1267142491e+00,1.0545513016e+00,1.1318402844e+00,1.0683608650e+00,1.0545513016e+00,1.0859678811e+00,5
maxwell_a4,fourier,945.404212,1.1267086930e+00,1.0545389439e+00,1.1318438675e+00,1.0683608650e+00,1.0545389439e+00,1.0859678811e+00,5
maxwell_a4,fourier,952.109207,1.1267033088e+00,1.0545269323e+00,1.1318473814e+00,1.0683608650e+00,1.0545269323e+00,1.0859678811e+00,5
maxwell_a4,fourier,958.814201,1.1266980706e+00,1.0545152259e+00,1.1318508315e+00,1.0683608650e+00,1.0545152259e+00,1.0859678811e+00,5
maxwell_a4,fourier,965.519196,1.1266929755e+00,1.0545037902e+00,1.1318542209e+00,1.0683608650e+00,1.0545037902e+00,1.0859678811e+00,5
maxwell_a4,fourier,972.224190,1.1266880176e+00,1.0544926320e+00,1.1318575497e+00,1.0683608650e+00,1.0544926320e+00,1.0859678811e+00,5
maxwell_a4,fourier,978.929184,1.1266831933e+00,1.0544817479e+00,1.1318608176e+00,1.0683608650e+00,1.0544817479e+00,1.0859678811e+00,5
maxwell_a4,fourier,985.634179,1.1266784986e+00,1.0544711271e+00,1.1318640261e+00,1.0683608650e+00,1.0544711271e+00,1.0859678811e+00,5
maxwell_a4,fourier,992.339173,1.1266739376e+00,1.0544607826e+00,1.1318671734e+00,1.0683608650e+00,1.0544607826e+00,1.0859678811e+00,5
maxwell_a4,fourier,999.044168,1.1266694981e+00,1.0544506855e+00,1.1318702635e+00,1.0683608650e+00,1.0544506855e+00,1.0859678811e+00,5
maxwell_a4,fourier,1005.749162,1.1266651730e+00,1.0544408229e+00,1.1318732994e+00,1.0683608650e+00,1.0544408229e+00,1.0859678811e+00,5
maxwell_a4,fourier,1012.454156,1.1266609578e+00,1.0544311864e+00,1.1318762886e+00,1.0683608650e+00,1.0544311864e+00,1.0859678811e+00,5
maxwell_a4,fourier,1019.159151,1.1266568479e+00,1.0544217649e+00,1.1318792294e+00,1.0683608650e+00,1.0544217649e+00,1.0859678811e+00,5
maxwell_a4,fourier,1025.864145,1.1266528395e+00,1.0544125515e+00,1.1318821216e+00,1.0683608650e+00,1.0544125515e+00,1.0859678811e+00,5
maxwell_a4,fourier,1032.569140,1.1266489319e+00,1.0544035459e+00,1.1318849659e+00,1.0683608650e+00,1.0544035459e+00,1.0859678811e+00,5
maxwell_a4,fourier,1039.274134,1.1266451255e+00,1.0543947452e+00,1.1318877618e+00,1.0683608650e+00,1.0543947452e+00,1.0859678811e+00,5
maxwell_a4,fourier,1045.979128,1.1266414078e+00,1.0543861277e+00,1.1318905147e+00,1.0683608650e+00,1.0543861277e+00,1.0859678811e+00,5
maxwell_a4,fourier,1052.684123,1.1266377746e+00,1.0543776813e+00,1.1318932267e+00,1.0683608650e+00,1.0543776813e+00,1.0859678811e+00,5
maxwell_a4,fourier,1059.389117,1.1266342211e+00,1.0543694066e+00,1.1318958989e+00,1.0683608650e+00,1.0543694066e+00,1.0859678811e+00,5
maxwell_a4,fourier,1066.094112,1.1266307452e+00,1.0543612926e+00,1.1318985347e+00,1.0683608650e+00,1.0543612926e+00,1.0859678811e+00,5
maxwell_a4,fourier,1072.799106,1.1266273426e+00,1.0543533326e+00,1.1319011350e+00,1.0683608650e+00,1.0543533326e+00,1.0859678811e+00,5
maxwell_a4,fourier,1079.504101,1.1266240145e+00,1.0543455241e+00,1.1319036994e+00,1.0683608650e+00,1.0543455241e+00,1.0859678811e+00,5
maxwell_a4,fourier,1086.209095,1.1266207535e+00,1.0543378457e+00,1.1319062332e+00,1.0683608650e+00,1.0543378457e+00,1.0859678811e+00,5
maxwell_a4,fourier,1092.914089,1.1266175546e+00,1.0543302946e+00,1.1319087376e+00,1.0683608650e+00,1.0543302946e+00,1.0859678811e+00,5
maxwell_a4,fourier,1099.619084,1.1266144130e+00,1.0543228587e+00,1.1319112152e+00,1.0683608650e+00,1.0543228587e+00,1.0859678811e+00,5
maxwell_a4,fourier,1106.324078,1.1266113245e+00,1.0543155272e+00,1.1319136699e+00,1.0683608650e+00,1.0543155272e+00,1.0859678811e+00,5
maxwell_a4,fourier,1113.029073,1.1266082863e+00,1.0543082938e+00,1.1319161024e+00,1.0683608650e+00,1.0543082938e+00,1.0859678811e+00,5
maxwell_a4,fourier,1119.734067,1.1266052970e+00,1.0543011585e+00,1.1319185139e+00,1.0683608650e+00,1.0543011585e+00,1.0859678811e+00,5
maxwell_a4,fourier,1126.439061,1.1266023527e+00,1.0542941026e+00,1.1319209084e+00,1.0683608650e+00,1.0542941026e+00,1.0859678811e+00,5
maxwell_a4,fourier,1133.144056,1.1265994468e+00,1.0542871172e+00,1.1319232866e+00,1.0683608650e+00,1.0542871172e+00,1.0859678811e+00,5
maxwell_a4,fourier,1139.849050,1.1265965759e+00,1.0542801966e+00,1.1319256535e+00,1.0683608650e+00,1.0542801966e+00,1.0859678811e+00,5
maxwell_a4,fourier,1146.554045,1.1265937363e+00,1.0542733310e+00,1.1319280120e+00,1.0683608650e+00,1.0542733310e+00,1.0859678811e+00,5
maxwell_a4,fourier,1153.259039,1.1265909289e+00,1.0542665138e+00,1.1319303645e+00,1.0683608650e+00,1.0542665138e+00,1.0859678811e+00,5
maxwell_a4,fourier,1159.964034,1.1265881431e+00,1.0542597397e+00,1.1319327139e+00,1.0683608650e+00,1.0542597397e+00,1.0859678811e+00,5
maxwell_a4,fourier,1166.669028,1.1265853801e+00,1.0542529997e+00,1.1319350629e+00,1.0683608650e+00,1.0542529997e+00,1.0859678811e+00,5
maxwell_a4,fourier,1173.374022,1.1265826342e+00,1.0542462761e+00,1.1319374143e+00,1.0683608650e+00,1.0542462761e+00,1.0859678811e+00,5
maxwell_a4,fourier,1180.079017,1.1265799016e+00,1.0542395680e+00,1.1319397712e+00,1.0683608650e+00,1.0542395680e+00,1.0859678811e+00,5
maxwell_a4,fourier,1186.784011,1.1265771791e+00,1.0542328647e+00,1.1319421385e+00,1.0683608650e+00,1.0542328647e+00,1.0859678811e+00,5
maxwell_a4,fourier,1193.489006,1.1265744638e+00,1.0542261562e+00,1.1319445179e+00,1.0683608650e+00,1.0542261562e+00,1.0859678811e+00,5
maxwell_a4,fourier,1200.194000,1.1230802140e+00,1.0433418596e+00,1.1264832878e+00,1.0683608650e+00,1.0433418596e+00,1.0859678811e+00,5
maxwell_a4,mscale,0.000000,1.2090926416e+00,1.1526389093e+00,1.2133109114e+00,1.2090926416e+00,1.1526389093e+00,1.2133109114e+00,5
maxwell_a4,mscale,6.704754,1.2090926416e+00,1.1526389093e+00,1.2133109114e+00,1.2090926416e+00,1.1526389093e+00,1.2133109114e+00,5
maxwell_a4,mscale,13.409508,1.1281206113e+00,1.1002875796e+00,1.1437612211e+00,1.1281206113e+00,1.1002875796e+00,1.1437612211e+00,5
maxwell_a4,mscale,20.114263,1.1322377317e+00,1.1159511911e+00,1.1380308359e+00,1.1159511911e+00,1.0980376103e+00,1.1246307819e+00,5
maxwell_a4,mscale,26.819017,1.1494087154e+00,1.0990801532e+00,1.1510734446e+00,1.0990801532e+00,1.0980376103e+00,1.1246307819e+00,5
maxwell_a4,mscale,33.523771,1.1533545254e+00,1.0880745602e+00,1.1704249026e+00,1.0980376103e+00,1.0880745602e+00,1.1246307819e+00,5
maxwell_a4,mscale,40.228525,1.1511708052e+00,1.0901572997e+00,1.1901484654e+00,1.0980376103e+00,1.0836630081e+00,1.1246307819e+00,5
maxwell_a4,mscale,46.933279,1.1466746965e+00,1.1051946193e+00,1.2073309658e+00,1.0980376103e+00,1.0828558178e+00,1.1246307819e+00,5
maxwell_a4,mscale,53.638034,1.1459212385e+00,1.1203339994e+00,1.2192579777e+00,1.0980376103e+00,1.0828558178e+00,1.1246307819e+00,5
maxwell_a4,mscale,60.342788,1.1560253772e+00,1.1366924065e+00,1.2279361089e+00,1.0980376103e+00,1.0828558178e+00,1.1246307819e+00,5
maxwell_a4,mscale,67.047542,1.1774812375e+00,1.1554636527e+00,1.2335138415e+00,1.0980376103e+00,1.0828558178e+00,1.1246307819e+00,5
maxwell_a4,mscale,73.752296,1.1949375195e+00,1.1779564965e+00,1.2373144410e+00,1.0980376103e+00,1.0828558178e+00,1.1246307819e+00,5
maxwell_a4,mscale,80.457050,1.2145547503e+00,1.2066513474e+00,1.2406688543e+00,1.0980376103e+00,1.0828558178e+00,1.1246307819e+00,5
maxwell_a4,mscale,87.161804,1.2455968612e+00,1.2374215149e+00,1.2471775059e+00,1.0980376103e+00,1.0828558178e+00,1.1246307819e+00,5
maxwell_a4,mscale,93.866559,1.2590746763e+00,1.2552439338e+00,1.3048234291e+00,1.0980376103e+00,1.0828558178e+00,1.1246307819e+00,5
maxwell_a4,mscale,100.571313,1.2908959056e+00,1.2851614315e+00,1.3810524026e+00,1.0980376103e+00,1.0828558178e+00,1.1246307819e+00,5
maxwell_a4,mscale,107.276067,1.3401313273e+00,1.3336780867e+00,1.4691796130e+00,1.0980376103e+00,1.0828558178e+00,1.1246307819e+00,5
maxwell_a4,mscale,113.980821,1.4136943958e+00,1.3846965059e+00,1.4849334229e+00,1.0980376103e+00,1.0828558178e+00,1.1246307819e+00,5
maxwell_a4,mscale,120.685575,1.4666772782e+00,1.4478127738e+00,1.5194866908e+00,1.0980376103e+00,1.0828558178e+00,1.1246307819e+00,5
maxwell_a4,mscale,127.390330,1.5226940515e+00,1.5035274296e+00,1.5598287101e+00,1.0980376103e+00,1.0828558178e+00,1.1246307819e+00,5
maxwell_a4,mscale,134.095084,1.5857736404e+00,1.5590417082e+00,1.5890295973e+00,1.0980376103e+00,1.0828558178e+00,1.1246307819e+00,5
maxwell_a4,mscale,140.799838,1.6006974830e+00,1.5983482285e+00,1.6145892350e+00,1.0980376103e+00,1.0828558178e+00,1.1246307819e+00,5
maxwell_a4,mscale,147.504592,1.6146808090e+00,1.6145652943e+00,1.6530328955e+00,1.0980376103e+00,1.0828558178e+00,1.1246307819e+00,5
maxwell_a4,mscale,154.209346,1.6287084948e+00,1.6012662096e+00,1.6459687072e+00,1.0980376103e+00,1.0828558178e+00,1.1246307819e+00,5
maxwell_a4,mscale,160.914101,1.6457137140e+00,1.5874597480e+00,1.6467022877e+00,1.0980376103e+00,1.0828558178e+00,1.1246307819e+00,5
maxwell_a4,mscale,167.618855,1.6423557530e+00,1.6217448122e+00,1.6619019817e+00,1.0980376103e+00,1.0828558178e+00,1.1246307819e+00,5
maxwell_a4,mscale,174.323609,1.6667771931e+00,1.6392847089e+00,1.6983955736e+00,1.0980376103e+00,1.0828558178e+00,1.1246307819e+00,5
maxwell_a4,mscale,181.028363,1.6627824103e+00,1.6346025291e+00,1.7730381190e+00,1.0980376103e+00,1.0828558178e+00,1.1246307819e+00,5
maxwell_a4,mscale,187.733117,1.6538617649e+00,1.6286760358e+00,1.8176905209e+00,1.0980376103e+00,1.0828558178e+00,1.1246307819e+00,5
maxwell_a4,mscale,194.437872,1.6458574663e+00,1.6232715974e+00,1.8061122235e+00,1.0980376103e+00,1.0828558178e+00,1.1246307819e+00,5
maxwell_a4,mscale,201.142626,1.6322638828e+00,1.6206337774e+00,1.7807638218e+00,1.0980376103e+00,1.0828558178e+00,1.1246307819e+00,5
maxwell_a4,mscale,207.847380,1.6228200258e+00,1.6115231628e+00,1.7614511167e+00,1.0980376103e+00,1.0828558178e+00,1.1246307819e+00,5
maxwell_a4,mscale,214.552134,1.6181796661e+00,1.5973847664e+00,1.7551064570e+00,1.0980376103e+00,1.0828558178e+00,1.1246307819e+00,5
maxwell_a4,mscale,221.256888,1.5859780264e+00,1.5821370647e+00,1.7498441303e+00,1.0980376103e+00,1.0828558178e+00,1.1246307819e+00,5
maxwell_a4,mscale,227.961642,1.5745798911e+00,1.5702879216e+00,1.7386069243e+00,1.0980376103e+00,1.0828558178e+00,1.1246307819e+00,5
maxwell_a4,mscale,234.666397,1.5655815896e+00,1.5636253240e+00,1.7278756235e+00,1.0980376103e+00,1.0828558178e+00,1.1246307819e+00,5
maxwell_a4,mscale,241.371151,1.5626404561e+00,1.5530944465e+00,1.7208793889e+00,1.0980376103e+00,1.0828558178e+00,1.1246307819e+00,5
maxwell_a4,mscale,248.075905,1.5597480355e+00,1.5427947062e+00,1.7119749446e+00,1.0980376103e+00,1.0828558178e+00,1.1246307819e+00,5
maxwell_a4,mscale,254.780659,1.5566796359e+00,1.5348622534e+00,1.6975172471e+00,1.0980376103e+00,1.0828558178e+00,1.1246307819e+00,5
maxwell_a4,mscale,261.485413,1.5533417058e+00,1.5274823698e+00,1.6839281085e+00,1.0980376103e+00,1.0828558178e+00,1.1246307819e+00,5
maxwell_a4,mscale,268.190168,1.5498456779e+00,1.5195738883e+00,1.6711307632e+00,1.0980376103e+00,1.0828558178e+00,1.1246307819e+00,5
maxwell_a4,mscale,274.894922,1.5462683016e+00,1.5117127895e+00,1.6590671395e+00,1.0980376103e+00,1.0828558178e+00,1.1246307819e+00,5
maxwell_a4,mscale,281.599676,1.5436046458e+00,1.5044354691e+00,1.6475465957e+00,1.0980376103e+00,1.0828558178e+00,1.1246307819e+00,5
maxwell_a4,mscale,288.304430,1.5406089075e+00,1.4975018865e+00,1.6384483412e+00,1.0980376103e+00,1.0828558178e+00,1.1246307819e+00,5
maxwell_a4,mscale,295.009184,1.5332861163e+00,1.4908677598e+00,1.6319181473e+00,1.0980376103e+00,1.0828558178e+00,1.1246307819e+00,5
maxwell_a4,mscale,301.713939,1.5317115947e+00,1.4848813847e+00,1.6107976400e+00,1.0980376103e+00,1.0828558178e+00,1.1246307819e+00,5
maxwell_a4,mscale,308.418693,1.5269290771e+00,1.4844307684e+00,1.6016745696e+00,1.0980376103e+00,1.0828558178e+00,1.1246307819e+00,5
maxwell_a4,mscale,315.123447,1.5237152981e+00,1.4737960526e+00,1.5936043673e+00,1.0980376103e+00,1.0828558178e+00,1.1246307819e+00,5
maxwell_a4,mscale,321.828201,1.5203282827e+00,1.4663363614e+00,1.5849889990e+00,1.0980376103e+00,1.0828558178e+00,1.1246307819e+00,5
maxwell_a4,mscale,328.532955,1.5169658602e+00,1.4608706846e+00,1.5763256833e+00,1.0980376103e+00,1.0828558178e+00,1.1246307819e+00,5
maxwell_a4,mscale,335.237709,1.5137101167e+00,1.4558335747e+00,1.5679012717e+00,1.0980376103e+00,1.0828558178e+00,1.1246307819e+00,5
maxwell_a4,mscale,341.942464,1.5105525815e+00,1.4509702520e+00,1.5596506366e+00,1.0980376103e+00,1.0828558178e+00,1.1246307819e+00,5
maxwell_a4,mscale,348.647218,1.5074738461e+00,1.4462712063e+00,1.5527701797e+00,1.0980376103e+00,1.0828558178e+00,1.1246307819e+00,5
maxwell_a4,mscale,355.351972,1.5044802264e+00,1.4416898342e+00,1.5451496258e+00,1.0980376103e+00,1.0828558178e+00,1.1246307819e+00,5
maxwell_a4,mscale,362.056726,1.5025729375e+00,1.4372667558e+00,1.5355908381e+00,1.0980376103e+00,1.0828558178e+00,1.1246307819e+00,5
maxwell_a4,mscale,368.761480,1.5027590895e+00,1.4329802762e+00,1.5290852226e+00,1.0980376103e+00,1.0828558178e+00,1.1246307819e+00,5
maxwell_a4,mscale,375.466235,1.5007735514e+00,1.4297422760e+00,1.5222465620e+00,1.0980376103e+00,1.0828558178e+00,1.1246307819e+00,5
maxwell_a4,mscale,382.170989,1.4924226819e+00,1.4349101273e+00,1.5157557423e+00,1.0980376103e+00,1.0828558178e+00,1.1246307819e+00,5
maxwell_a4,mscale,388.875743,1.4882630157e+00,1.4234925549e+00,1.5094781056e+00,1.0980376103e+00,1.0828558178e+00,1.1246307819e+00,5
maxwell_a4,mscale,395.580497,1.4854783385e+00,1.4188258656e+00,1.5034522590e+00,1.0980376103e+00,1.0828558178e+00,1.1246307819e+00,5
maxwell_a4,mscale,402.285251,1.4825119966e+00,1.4149798099e+00,1.4976276393e+00,1.0980376103e+00,1.0828558178e+00,1.1246307819e+00,5
maxwell_a4,mscale,408.990006,1.4754424542e+00,1.4113968687e+00,1.4919967742e+00,1.0980376103e+00,1.0828558178e+00,1.1246307819e+00,5
maxwell_a4,mscale,415.694760,1.4698393571e+00,1.4079457052e+00,1.4865551428e+00,1.0980376103e+00,1.0828558178e+00,1.1246307819e+00,5
maxwell_a4,mscale,422.399514,1.4683886557e+00,1.4077171708e+00,1.4812960363e+00,1.0980376103e+00,1.0828558178e+00,1.1246307819e+00,5
maxwell_a4,mscale,429.104268,1.4683335284e+00,1.4062032776e+00,1.4762126883e+00,1.0980376103e+00,1.0828558178e+00,1.1246307819e+00,5
maxwell_a4,mscale,435.809022,1.4672654437e+00,1.3992136150e+00,1.4712976454e+00,1.0980376103e+00,1.0828558178e+00,1.1246307819e+00,5
maxwell_a4,mscale,442.513777,1.4659420623e+00,1.3939383043e+00,1.4665426191e+00,1.0980376103e+00,1.0828558178e+00,1.1246307819e+00,5
maxwell_a4,mscale,449.218531,1.4619417264e+00,1.3911896576e+00,1.4642961523e+00,1.0980376103e+00,1.0828558178e+00,1.1246307819e+00,5
maxwell_a4,mscale,455.923285,1.4574906785e+00,1.3883989982e+00,1.4626861633e+00,1.0980376103e+00,1.0828558178e+00,1.1246307819e+00,5
maxwell_a4,mscale,462.628039,1.4532069471e+00,1.3854540447e+00,1.4622801113e+00,1.0980376103e+00,1.0828558178e+00,1.1246307819e+00,5
maxwell_a4,mscale,469.332793,1.4497956138e+00,1.3827191788e+00,1.4589430271e+00,1.0980376103e+00,1.0828558178e+00,1.1246307819e+00,5
maxwell_a4,mscale,476.037547,1.4430490462e+00,1.3800185094e+00,1.4559914817e+00,1.0980376103e+00,1.0828558178e+00,1.1246307819e+00,5
maxwell_a4,mscale,482.742302,1.4406025478e+00,1.3773895549e+00,1.4539300123e+00,1.0980376103e+00,1.0828558178e+00,1.1246307819e+00,5
maxwell_a4,mscale,489.447056,1.4366851203e+00,1.3748266264e+00,1.4523698015e+00,1.0980376103e+00,1.0828558178e+00,1.1246307819e+00,5
maxwell_a4,mscale,496.151810,1.4322685744e+00,1.3723241052e+00,1.4508986129e+00,1.0980376103e+00,1.0828558178e+00,1.1246307819e+00,5
maxwell_a4,mscale,502.856564,1.4289652582e+00,1.3698808754e+00,1.4493623239e+00,1.0980376103e+00,1.0828558178e+00,1.1246307819e+00,5
maxwell_a4,mscale,509.561318,1.4257315199e+00,1.3674945377e+00,1.4477766044e+00,1.0980376103e+00,1.0828558178e+00,1.1246307819e+00,5
maxwell_a4,mscale,516.266073,1.4224200574e+00,1.3651638387e+00,1.4461740583e+00,1.0980376103e+00,1.0828558178e+00,1.1246307819e+00,5
maxwell_a4,mscale,522.970827,1.4192051150e+00,1.3628868784e+00,1.4445692457e+00,1.0980376103e+00,1.0828558178e+00,1.1246307819e+00,5
maxwell_a4,mscale,529.675581,1.4161040853e+00,1.3606621248e+00,1.4429695321e+00,1.0980376103e+00,1.0828558178e+00,1.1246307819e+00,5
maxwell_a4,mscale,536.380335,1.4130841203e+00,1.3584902057e+00,1.4413809475e+00,1.0980376103e+00,1.0828558178e+00,1.1246307819e+00,5
maxwell_a4,mscale,543.085089,1.4101501696e+00,1.3563704606e+00,1.4398063079e+00,1.0980376103e+00,1.0828558178e+00,1.1246307819e+00,5
maxwell_a4,mscale,549.789844,1.4072975388e+00,1.3542993867e+00,1.4382457986e+00,1.0980376103e+00,1.0828558178e+00,1.1246307819e+00,5
maxwell_a4,mscale,556.494598,1.4045233371e+00,1.3522732965e+00,1.4367000437e+00,1.0980376103e+00,1.0828558178e+00,1.1246307819e+00,5
maxwell_a4,mscale,563.199352,1.4018241600e+00,1.3502914754e+00,1.4351695117e+00,1.0980376103e+00,1.0828558178e+00,1.1246307819e+00,5
maxwell_a4,mscale,569.904106,1.3991974021e+00,1.3483533333e+00,1.4336546197e+00,1.0980376103e+00,1.0828558178e+00,1.1246307819e+00,5
maxwell_a4,mscale,576.608860,1.3966415397e+00,1.3464574872e+00,1.4321555069e+00,1.0980376103e+00,1.0828558178e+00,1.1246307819e+00,5
maxwell_a4,mscale,583.313615,1.3941542210e+00,1.3446028620e+00,1.4306717960e+00,1.0980376103e+00,1.0828558178e+00,1.1246307819e+00,5
maxwell_a4,mscale,590.018369,1.3917321801e+00,1.3427887405e+00,1.4292033541e+00,1.0980376103e+00,1.0828558178e+00,1.1246307819e+00,5
maxwell_a4,mscale,596.723123,1.3893731542e+00,1.3410137482e+00,1.4277505558e+00,1.0980376103e+00,1.0828558178e+00,1.1246307819e+00,5
maxwell_a4,mscale,603.427877,1.3870754847e+00,1.3392769449e+00,1.4263119462e+00,1.0980376103e+00,1.0828558178e+00,1.1246307819e+00,5
maxwell_a4,mscale,610.132631,1.3848374080e+00,1.3375785740e+00,1.4248883832e+00,1.0980376103e+00,1.0828558178e+00,1.1246307819e+00,5
maxwell_a4,mscale,616.837385,1.3826622081e+00,1.3359183264e+00,1.4234808212e+00,1.0980376103e+00,1.0828558178e+00,1.1246307819e+00,5
maxwell_a4,mscale,623.542140,1.3805417662e+00,1.3342933463e+00,1.4220879031e+00,1.0980376103e+00,1.0828558178e+00,1.1246307819e+00,5
maxwell_a4,mscale,630.246894,1.3784745296e+00,1.3327020822e+00,1.4207094014e+00,1.0980376103e+00,1.0828558178e+00,1.1246307819e+00,5
maxwell_a4,mscale,636.951648,1.3764589944e+00,1.3311443660e+00,1.4193457549e+00,1.0980376103e+00,1.0828558178e+00,1.1246307819e+00,5
maxwell_a4,mscale,643.656402,1.3744935530e+00,1.3296194666e+00,1.4179966185e+00,1.0980376103e+00,1.0828558178e+00,1.1246307819e+00,5
maxwell_a4,mscale,650.361156,1.3725760743e+00,1.3281263239e+00,1.4166620074e+00,1.0980376103e+00,1.0828558178e+00,1.1246307819e+00,5
maxwell_a4,mscale,657.065911,1.3707049709e+00,1.3266642675e+00,1.4153416080e+00,1.0980376103e+00,1.0828558178e+00,1.1246307819e+00,5
maxwell_a4,mscale,663.770665,1.3688791756e+00,1.3252329742e+00,1.4140351232e+00,1.0980376103e+00,1.0828558178e+00,1.1246307819e+00,5
maxwell_a4,mscale,670.475419,1.3670973986e+00,1.3238315848e+00,1.4127431537e+00,1.0980376103e+00,1.0828558178e+00,1.1246307819e+00,5
maxwell_a4,mscale,677.180173,1.3653585050e+00,1.3224583349e+00,1.4114655854e+00,1.0980376103e+00,1.0828558178e+00,1.1246307819e+00,5
maxwell_a4,mscale,683.884927,1.3636604969e+00,1.3211131847e+00,1.4102024402e+00,1.0980376103e+00,1.0828558178e+00,1.1246307819e+00,5
maxwell_a4,mscale,690.589682,1.3620057654e+00,1.3197980043e+00,1.4089549642e+00,1.0980376103e+00,1.0828558178e+00,1.1246307819e+00,5
maxwell_a4,mscale,697.294436,1.3603908655e+00,1.3185099819e+00,1.4077226672e+00,1.0980376103e+00,1.0828558178e+00,1.1246307819e+00,5
maxwell_a4,mscale,703.999190,1.3588133291e+00,1.3172483998e+00,1.4065043921e+00,1.0980376103e+00,1.0828558178e+00,1.1246307819e+00,5
maxwell_a4,mscale,710.703944,1.3572723783e+00,1.3160127141e+00,1.4053011647e+00,1.0980376103e+00,1.0828558178e+00,1.1246307819e+00,5
maxwell_a4,mscale,717.408698,1.3557669224e+00,1.3148022686e+00,1.4041123651e+00,1.0980376103e+00,1.0828558178e+00,1.1246307819e+00,5
maxwell_a4,mscale,724.113453,1.3542959271e+00,1.3136166602e+00,1.4029379797e+00,1.0980376103e+00,1.0828558178e+00,1.1246307819e+00,5
maxwell_a4,mscale,730.818207,1.3528585419e+00,1.3124552150e+00,1.4017782925e+00,1.0980376103e+00,1.0828558178e+00,1.1246307819e+00,5
maxwell_a4,mscale,737.522961,1.3514536895e+00,1.3113172493e+00,1.4006332922e+00,1.0980376103e+00,1.0828558178e+00,1.1246307819e+00,5
maxwell_a4,mscale,744.227715,1.3500802780e+00,1.3102024272e+00,1.3995029677e+00,1.0980376103e+00,1.0828558178e+00,1.1246307819e+00,5
maxwell_a4,mscale,750.932469,1.3487379404e+00,1.3091101884e+00,1.3983875242e+00,1.0980376103e+00,1.0828558178e+00,1.1246307819e+00,5
maxwell_a4,mscale,757.637223,1.3474257355e+00,1.3080401073e+00,1.3972872950e+00,1.0980376103e+00,1.0828558178e+00,1.1246307819e+00,5
maxwell_a4,mscale,764.341978,1.3461442837e+00,1.3069933688e+00,1.3962023645e+00,1.0980376103e+00,1.0828558178e+00,1.1246307819e+00,5
maxwell_a4,mscale,771.046732,1.3448929026e+00,1.3059687948e+00,1.3951342578e+00,1.0980376103e+00,1.0828558178e+00,1.1246307819e+00,5
maxwell_a4,mscale,777.751486,1.3436691484e+00,1.3049653483e+00,1.3940800414e+00,1.0980376103e+00,1.0828558178e+00,1.1246307819e+00,5
maxwell_a4,mscale,784.456240,1.3424724702e+00,1.3039822383e+00,1.3930406796e+00,1.0980376103e+00,1.0828558178e+00,1.1246307819e+00,5
maxwell_a4,mscale,791.160994,1.3413024535e+00,1.3030193455e+00,1.3920162109e+00,1.0980376103e+00,1.0828558178e+00,1.1246307819e+00,5
maxwell_a4,mscale,797.865749,1.3401583539e+00,1.3020762734e+00,1.3910065694e+00,1.0980376103e+00,1.0828558178e+00,1.1246307819e+00,5
maxwell_a4,mscale,804.570503,1.3390393840e+00,1.3011523867e+00,1.3900118768e+00,1.0980376103e+00,1.0828558178e+00,1.1246307819e+00,5
maxwell_a4,mscale,811.275257,1.3379450055e+00,1.3002472999e+00,1.3890322850e+00,1.0980376103e+00,1.0828558178e+00,1.1246307819e+00,5
maxwell_a4,mscale,817.980011,1.3368747270e+00,1.2993608644e+00,1.3880677343e+00,1.0980376103e+00,1.0828558178e+00,1.1246307819e+00,5
maxwell_a4,mscale,824.684765,1.3358278483e+00,1.2984927520e+00,1.3871180552e+00,1.0980376103e+00,1.0828558178e+00,1.1246307819e+00,5
maxwell_a4,mscale,831.389520,1.3348039368e+00,1.2976427060e+00,1.3861836000e+00,1.0980376103e+00,1.0828558178e+00,1.1246307819e+00,5
maxwell_a4,mscale,838.094274,1.3338028735e+00,1.2968108830e+00,1.3852638986e+00,1.0980376103e+00,1.0828558178e+00,1.1246307819e+00,5
maxwell_a4,mscale,844.799028,1.3328254324e+00,1.2959975157e+00,1.3843597953e+00,1.0980376103e+00,1.0828558178e+00,1.1246307819e+00,5
maxwell_a4,mscale,851.503782,1.3318695798e+00,1.2952009563e+00,1.3834703619e+00,1.0980376103e+00,1.0828558178e+00,1.1246307819e+00,5
maxwell_a4,mscale,858.208536,1.3309345285e+00,1.2944209774e+00,1.3825956268e+00,1.0980376103e+00,1.0828558178e+00,1.1246307819e+00,5
maxwell_a4,mscale,864.913291,1.3300198643e+00,1.2936573534e+00,1.3817354401e+00,1.0980376103e+00,1.0828558178e+00,1.1246307819e+00,5
maxwell_a4,mscale,871.618045,1.3291253795e+00,1.2929096754e+00,1.3808898208e+00,1.0980376103e+00,1.0828558178e+00,1.1246307819e+00,5
maxwell_a4,mscale,878.322799,1.3282503819e+00,1.2921776256e+00,1.3800585166e+00,1.0980376103e+00,1.0828558178e+00,1.1246307819e+00,5
maxwell_a4,mscale,885.027553,1.3273942530e+00,1.2914609074e+00,1.3792414552e+00,1.0980376103e+00,1.0828558178e+00,1.1246307819e+00,5
maxwell_a4,mscale,891.732307,1.3265567574e+00,1.2907592593e+00,1.3784386388e+00,1.0980376103e+00,1.0828558178e+00,1.1246307819e+00,5
maxwell_a4,mscale,898.437061,1.3257375898e+00,1.2900725530e+00,1.3776496568e+00,1.0980376103e+00,1.0828558178e+00,1.1246307819e+00,5
maxwell_a4,mscale,905.141816,1.3249362730e+00,1.2894004418e+00,1.3768745177e+00,1.0980376103e+00,1.0828558178e+00,1.1246307819e+00,5
maxwell_a4,mscale,911.846570,1.3241524864e+00,1.2887422726e+00,1.3761129958e+00,1.0980376103e+00,1.0828558178e+00,1.1246307819e+00,5
maxwell_a4,mscale,918.551324,1.3233870638e+00,1.2880994661e+00,1.3753663910e+00,1.0980376103e+00,1.0828558178e+00,1.1246307819e+00,5
maxwell_a4,mscale,925.256078,1.3226383998e+00,1.2874700824e+00,1.3746330985e+00,1.0980376103e+00,1.0828558178e+00,1.1246307819e+00,5
maxwell_a4,mscale,931.960832,1.3219061466e+00,1.2868540675e+00,1.3739133092e+00,1.0980376103e+00,1.0828558178e+00,1.1246307819e+00,5
maxwell_a4,mscale,938.665587,1.3211895115e+00,1.2862509215e+00,1.3732063231e+00,1.0980376103e+00,1.0828558178e+00,1.1246307819e+00,5
maxwell_a4,mscale,945.370341,1.3204883111e+00,1.2856604437e+00,1.3725124518e+00,1.0980376103e+00,1.0828558178e+00,1.1246307819e+00,5
maxwell_a4,mscale,952.075095,1.3198021455e+00,1.2850823282e+00,1.3718312033e+00,1.0980376103e+00,1.0828558178e+00,1.1246307819e+00,5
maxwell_a4,mscale,958.779849,1.3191305700e+00,1.2845163227e+00,1.3711621007e+00,1.0980376103e+00,1.0828558178e+00,1.1246307819e+00,5
maxwell_a4,mscale,965.484603,1.3184732795e+00,1.2839622159e+00,1.3705051340e+00,1.0980376103e+00,1.0828558178e+00,1.1246307819e+00,5
maxwell_a4,mscale,972.189358,1.3178298835e+00,1.2834196463e+00,1.3698601477e+00,1.0980376103e+00,1.0828558178e+00,1.1246307819e+00,5
maxwell_a4,mscale,978.894112,1.3171998666e+00,1.2828882509e+00,1.3692269395e+00,1.0980376103e+00,1.0828558178e+00,1.1246307819e+00,5
maxwell_a4,mscale,985.598866,1.3165830503e+00,1.2823676259e+00,1.3686051373e+00,1.0980376103e+00,1.0828558178e+00,1.1246307819e+00,5
maxwell_a4,mscale,992.303620,1.3159798960e+00,1.2818583109e+00,1.3679954904e+00,1.0980376103e+00,1.0828558178e+00,1.1246307819e+00,5
maxwell_a4,mscale,999.008374,1.3153894058e+00,1.2813595858e+00,1.3673969565e+00,1.0980376103e+00,1.0828558178e+00,1.1246307819e+00,5
maxwell_a4,mscale,1005.713128,1.3148106600e+00,1.2808707129e+00,1.3668093577e+00,1.0980376103e+00,1.0828558178e+00,1.1246307819e+00,5
maxwell_a4,mscale,1012.417883,1.3142433954e+00,1.2803915740e+00,1.3662318457e+00,1.0980376103e+00,1.0828558178e+00,1.1246307819e+00,5
maxwell_a4,mscale,1019.122637,1.3136873458e+00,1.2799218074e+00,1.3656643510e+00,1.0980376103e+00,1.0828558178e+00,1.1246307819e+00,5
maxwell_a4,mscale,1025.827391,1.3131421120e+00,1.2794609882e+00,1.3651065366e+00,1.0980376103e+00,1.0828558178e+00,1.1246307819e+00,5
maxwell_a4,mscale,1032.532145,1.3126071367e+00,1.2790087790e+00,1.3645580780e+00,1.0980376103e+00,1.0828558178e+00,1.1246307819e+00,5
maxwell_a4,mscale,1039.236899,1.3120819993e+00,1.2785648607e+00,1.3640186947e+00,1.0980376103e+00,1.0828558178e+00,1.1246307819e+00,5
maxwell_a4,mscale,1045.941654,1.3115665061e+00,1.2781288842e+00,1.3634880410e+00,1.0980376103e+00,1.0828558178e+00,1.1246307819e+00,5
maxwell_a4,mscale,1052.646408,1.3110603302e+00,1.2777005442e+00,1.3629658952e+00,1.0980376103e+00,1.0828558178e+00,1.1246307819e+00,5
maxwell_a4,mscale,1059.351162,1.3105628449e+00,1.2772794647e+00,1.3624516466e+00,1.0980376103e+00,1.0828558178e+00,1.1246307819e+00,5
maxwell_a4,mscale,1066.055916,1.3100737041e+00,1.2768656529e+00,1.3619453954e+00,1.0980376103e+00,1.0828558178e+00,1.1246307819e+00,5
maxwell_a4,mscale,1072.760670,1.3095929371e+00,1.2764588795e+00,1.3614466689e+00,1.0980376103e+00,1.0828558178e+00,1.1246307819e+00,5
maxwell_a4,mscale,1079.465425,1.3091195030e+00,1.2760582729e+00,1.3609547673e+00,1.0980376103e+00,1.0828558178e+00,1.1246307819e+00,5
maxwell_a4,mscale,1086.170179,1.3086531137e+00,1.2756635490e+00,1.3604691872e+00,1.0980376103e+00,1.0828558178e+00,1.1246307819e+00,5
maxwell_a4,mscale,1092.874933,1.3081930462e+00,1.2752741369e+00,1.3599895390e+00,1.0980376103e+00,1.0828558178e+00,1.1246307819e+00,5
maxwell_a4,mscale,1099.579687,1.3077389023e+00,1.2748897418e+00,1.3595154099e+00,1.0980376103e+00,1.0828558178e+00,1.1246307819e+00,5
maxwell_a4,mscale,1106.284441,1.3072903063e+00,1.2745100179e+00,1.3590464825e+00,1.0980376103e+00,1.0828558178e+00,1.1246307819e+00,5
maxwell_a4,mscale,1112.989196,1.3068468184e+00,1.2741345730e+00,1.3585822192e+00,1.0980376103e+00,1.0828558178e+00,1.1246307819e+00,5
maxwell_a4,mscale,1119.693950,1.3064079635e+00,1.2737630513e+00,1.3581220379e+00,1.0980376103e+00,1.0828558178e+00,1.1246307819e+00,5
maxwell_a4,mscale,1126.398704,1.3059732027e+00,1.2733950395e+00,1.3576656838e+00,1.0980376103e+00,1.0828558178e+00,1.1246307819e+00,5
maxwell_a4,mscale,1133.103458,1.3055421003e+00,1.2730301927e+00,1.3572123464e+00,1.0980376103e+00,1.0828558178e+00,1.1246307819e+00,5
maxwell_a4,mscale,1139.808212,1.3051142104e+00,1.2726680373e+00,1.3567618031e+00,1.0980376103e+00,1.0828558178e+00,1.1246307819e+00,5
maxwell_a4,mscale,1146.512966,1.3046890685e+00,1.2723082344e+00,1.3563134765e+00,1.0980376103e+00,1.0828558178e+00,1.1246307819e+00,5
maxwell_a4,mscale,1153.217721,1.3042659562e+00,1.2719500641e+00,1.3558668251e+00,1.0980376103e+00,1.0828558178e+00,1.1246307819e+00,5
maxwell_a4,mscale,1159.922475,1.3038444473e+00,1.2715932457e+00,1.3554211727e+00,1.0980376103e+00,1.0828558178e+00,1.1246307819e+00,5
maxwell_a4,mscale,1166.627229,1.3034238645e+00,1.2712371875e+00,1.3549760423e+00,1.0980376103e+00,1.0828558178e+00,1.1246307819e+00,5
maxwell_a4,mscale,1173.331983,1.3030038053e+00,1.2708815379e+00,1.3545308309e+00,1.0980376103e+00,1.0828558178e+00,1.1246307819e+00,5
maxwell_a4,mscale,1180.036737,1.3025836941e+00,1.2705258651e+00,1.3540850293e+00,1.0980376103e+00,1.0828558178e+00,1.1246307819e+00,5
maxwell_a4,mscale,1186.741492,1.3021628698e+00,1.2701696697e+00,1.3536380600e+00,1.0980376103e+00,1.0828558178e+00,1.1246307819e+00,5
maxwell_a4,mscale,1193.446246,1.3017408400e+00,1.2698124839e+00,1.3531892465e+00,1.0980376103e+00,1.0828558178e+00,1.1246307819e+00,5
maxwell_a4,mscale,1200.151000,1.2905074859e+00,1.2678032255e+00,1.3490314846e+00,1.0980376103e+00,1.0828558178e+00,1.1246307819e+00,5
