panel,variant,time_s,median_l2,q25_l2,q75_l2,median_best_l2,q25_best_l2,q75_best_l2,n_seeds
chirp_a2,complex_sinh,0.000000,8.3135710446e-03,6.3093981800e-03,8.6474277049e-03,8.3135710446e-03,6.3093981800e-03,8.6474277049e-03,5
chirp_a2,complex_sinh,3.352235,8.3135710446e-03,6.3093981800e-03,8.6474277049e-03,8.3135710446e-03,6.3093981800e-03,8.6474277049e-03,5
chirp_a2,complex_sinh,6.704469,8.3135710446e-03,6.3093981800e-03,8.6474277049e-03,8.3135710446e-03,6.3093981800e-03,8.6474277049e-03,5
chirp_a2,complex_sinh,10.056704,5.2225318285e-03,4.9249970005e-03,5.6415063969e-03,5.2225318285e-03,4.9249970005e-03,5.6415063969e-03,5
chirp_a2,complex_sinh,13.408939,3.2365975839e-03,3.0392196139e-03,3.4560861652e-03,3.2365975839e-03,3.0392196139e-03,3.4560861652e-03,5
chirp_a2,complex_sinh,16.761173,2.3419938614e-03,2.3117692211e-03,2.5500557384e-03,2.3419938614e-03,2.3117692211e-03,2.5500557384e-03,5
chirp_a2,complex_sinh,20.113408,1.9776026635e-03,1.8749372126e-03,2.0384686945e-03,1.9776026635e-03,1.8749372126e-03,2.0384686945e-03,5
chirp_a2,complex_sinh,23.465642,1.7302636882e-03,1.6983864388e-03,1.8446114782e-03,1.6983864388e-03,1.6905040863e-03,1.7302636882e-03,5
chirp_a2,complex_sinh,26.817877,1.5441715790e-03,1.4656173037e-03,1.6901909358e-03,1.5441715790e-03,1.4656173037e-03,1.6901909358e-03,5
chirp_a2,complex_sinh,30.170112,1.3900133524e-03,1.2861981707e-03,1.5037542199e-03,1.3900133524e-03,1.2861981707e-03,1.5037542199e-03,5
chirp_a2,complex_sinh,33.522346,1.2697571751e-03,1.1601310017e-03,1.4163963631e-03,1.2439272115e-03,1.1601310017e-03,1.2697571751e-03,5
chirp_a2,complex_sinh,36.874581,1.0518403899e-03,1.0243054911e-03,1.3071939234e-03,1.0518403899e-03,1.0243054911e-03,1.1828464643e-03,5
chirp_a2,complex_sinh,40.226816,9.7143966634e-04,9.4706401254e-04,1.1273432643e-03,9.7143966634e-04,9.4706401254e-04,1.1273432643e-03,5
chirp_a2,complex_sinh,43.579050,9.3329245372e-04,8.8027682728e-04,9.8873035823e-04,9.0136666097e-04,8.7784234370e-04,9.3329245372e-04,5
chirp_a2,complex_sinh,46.931285,9.6002532006e-04,8.5160800717e-04,1.7089602844e-03,8.7784234370e-04,8.5160800717e-04,9.0136666097e-04,5
chirp_a2,complex_sinh,50.283520,9.4812682659e-04,7.7707281890e-04,1.0469986107e-03,8.7784234370e-04,7.7707281890e-04,9.0136666097e-04,5
chirp_a2,complex_sinh,53.635754,8.8397893476e-04,8.6022087767e-04,1.4806296585e-03,7.8874402302e-04,7.7086662647e-04,8.2921475037e-04,5
chirp_a2,complex_sinh,56.987989,8.1962782339e-04,7.1549821201e-04,1.1439876046e-03,7.5567702825e-04,6.9629295378e-04,7.7086662647e-04,5
chirp_a2,complex_sinh,60.340223,7.0323467403e-04,6.4388358596e-04,8.2914565530e-04,7.0323467403e-04,6.4388358596e-04,7.0456521187e-04,5
chirp_a2,complex_sinh,63.692458,6.5932075072e-04,6.0817686180e-04,8.2812410378e-04,6.2603705301e-04,6.0817686180e-04,6.5932075072e-04,5
chirp_a2,complex_sinh,67.044693,5.7579621738e-04,5.7571048098e-04,6.2406889840e-04,5.7579621738e-04,5.7571048098e-04,6.2406889840e-04,5
chirp_a2,complex_sinh,70.396927,5.4610540291e-04,5.4146640887e-04,5.9484142126e-04,5.4610540291e-04,5.4146640887e-04,5.9484142126e-04,5
chirp_a2,complex_sinh,73.749162,5.6827103379e-04,5.6815053301e-04,7.1854084739e-04,5.2748306690e-04,5.2370217221e-04,5.6815053301e-04,5
chirp_a2,complex_sinh,77.101397,7.2191781370e-04,6.7937978278e-04,8.2521485551e-04,5.2748306690e-04,5.2370217221e-04,5.4422380332e-04,5
chirp_a2,complex_sinh,80.453631,7.1163968990e-04,7.0179526680e-04,9.1983118750e-04,5.2338240414e-04,5.1177245191e-04,5.2708152537e-04,5
chirp_a2,complex_sinh,83.805866,6.2871408679e-04,5.7380833656e-04,7.8997486041e-04,5.0008784521e-04,4.7464388386e-04,5.2708152537e-04,5
chirp_a2,complex_sinh,87.158101,5.3550504310e-04,4.7814739834e-04,6.7062276600e-04,4.7783007404e-04,4.4519297252e-04,5.2398345659e-04,5
chirp_a2,complex_sinh,90.510335,6.9446463183e-04,4.5495554209e-04,1.8423968440e-03,4.5495554209e-04,4.4519297252e-04,4.9261296028e-04,5
chirp_a2,complex_sinh,93.862570,4.7320863956e-04,4.3317518642e-04,6.3387379347e-03,4.4519297252e-04,4.3317518642e-04,4.6312059203e-04,5
chirp_a2,complex_sinh,97.214804,1.2713527362e-03,4.4528016443e-04,1.7139736849e-03,4.1658855440e-04,4.0917609676e-04,4.4528016443e-04,5
chirp_a2,complex_sinh,100.567039,4.5663122475e-04,4.2881727529e-04,6.4392305932e-04,4.0147106644e-04,3.7588812968e-04,4.2881727529e-04,5
chirp_a2,complex_sinh,103.919274,4.1426732324e-04,3.8823752238e-04,4.8951418952e-04,3.8823752238e-04,3.5666760783e-04,4.1426732324e-04,5
chirp_a2,complex_sinh,107.271508,4.0056993833e-04,3.7611715186e-04,4.4845110355e-04,3.7611715186e-04,3.4047916185e-04,4.0056993833e-04,5
chirp_a2,complex_sinh,110.623743,3.8757918179e-04,3.2683965905e-04,4.2968856829e-04,3.7002320985e-04,3.2683965905e-04,3.8757918179e-04,5
chirp_a2,complex_sinh,113.975978,3.7515680678e-04,3.1452807456e-04,5.8482632105e-04,3.7002320985e-04,3.1452807456e-04,3.7515680678e-04,5
chirp_a2,complex_sinh,117.328212,6.7871767210e-04,6.0141329557e-04,6.9545859557e-04,3.6859068564e-04,3.0900387044e-04,3.7002320985e-04,5
chirp_a2,complex_sinh,120.680447,1.7264280697e-03,1.0397768952e-03,2.0712245782e-03,3.6859068564e-04,3.0900387044e-04,3.7002320985e-04,5
chirp_a2,complex_sinh,124.032682,1.3823229885e-03,5.3740130728e-04,2.7444510396e-03,3.6384943847e-04,3.0563634250e-04,3.6916941101e-04,5
chirp_a2,complex_sinh,127.384916,6.4922245137e-04,4.3942934756e-04,7.7568704127e-04,3.4800354420e-04,3.0161592585e-04,3.6311980037e-04,5
chirp_a2,complex_sinh,130.737151,3.5931835089e-04,3.3343912811e-04,4.4678462199e-04,3.3343912811e-04,3.0161592585e-04,3.5716932521e-04,5
chirp_a2,complex_sinh,134.089385,3.4597458631e-04,3.2354431038e-04,8.1242033233e-04,3.2354431038e-04,3.0161592585e-04,3.4597458631e-04,5
chirp_a2,complex_sinh,137.441620,3.3495844182e-04,3.1394312171e-04,1.3822034310e-03,3.1394312171e-04,3.0039028097e-04,3.3495844182e-04,5
chirp_a2,complex_sinh,140.793855,7.2117130181e-04,4.8422045719e-04,1.1754209079e-03,3.1358114613e-04,2.9040135375e-04,3.2598655826e-04,5
chirp_a2,complex_sinh,144.146089,3.7627460250e-04,3.1767916595e-04,8.4462752133e-04,3.1358114613e-04,2.8074458997e-04,3.1767916595e-04,5
chirp_a2,complex_sinh,147.498324,3.4325838990e-04,3.1019622838e-04,5.1510205194e-04,3.0628470015e-04,2.6621423860e-04,3.1019622838e-04,5
chirp_a2,complex_sinh,150.850559,3.0324902881e-04,2.8353447633e-04,3.3317357535e-04,2.9741394935e-04,2.5227682040e-04,3.0324902881e-04,5
chirp_a2,complex_sinh,154.202793,4.5667936085e-04,4.1187253878e-04,8.6895903795e-04,2.9028857536e-04,2.4979045271e-04,2.9950733856e-04,5
chirp_a2,complex_sinh,157.555028,8.3357177417e-04,7.0718409801e-04,4.5878065695e-03,2.8415082409e-04,2.4979045271e-04,2.9950733856e-04,5
chirp_a2,complex_sinh,160.907263,1.1412478352e-03,6.4826667413e-04,3.1479988242e-03,2.7736327361e-04,2.4853937440e-04,2.9950733856e-04,5
chirp_a2,complex_sinh,164.259497,5.7331035173e-04,4.0252727135e-04,5.7967930902e-04,2.6991608681e-04,2.4666567519e-04,2.9950733856e-04,5
chirp_a2,complex_sinh,167.611732,3.0916496249e-04,3.0038969506e-04,3.7063313122e-04,2.6496227853e-04,2.4065447163e-04,2.9878686502e-04,5
chirp_a2,complex_sinh,170.963966,2.9745551205e-04,2.9203399493e-04,1.0441631507e-03,2.6496227853e-04,2.3103358065e-04,2.9203399493e-04,5
chirp_a2,complex_sinh,174.316201,4.2101127877e-04,3.4586188831e-04,1.5491157356e-03,2.6489613307e-04,2.2760207097e-04,2.8588226045e-04,5
chirp_a2,complex_sinh,177.668436,1.1424130266e-03,5.2293302536e-04,1.7793226778e-03,2.6449493957e-04,2.2500115546e-04,2.7744455603e-04,5
chirp_a2,complex_sinh,181.020670,2.6910842751e-04,2.6395546239e-04,2.2791970281e-03,2.6395546239e-04,2.2331858047e-04,2.6910842751e-04,5
chirp_a2,complex_sinh,184.372905,8.7303221196e-04,6.6543182867e-04,9.0191057638e-04,2.5335398092e-04,2.1539664742e-04,2.6717499161e-04,5
chirp_a2,complex_sinh,187.725140,3.0416707630e-04,2.4317829632e-04,3.0443179006e-03,2.4317829632e-04,2.0817729986e-04,2.6717499161e-04,5
chirp_a2,complex_sinh,191.077374,7.6308744812e-04,2.6060450769e-04,8.7283714660e-04,2.3703903460e-04,2.0817729986e-04,2.6060450769e-04,5
chirp_a2,complex_sinh,194.429609,2.5427748059e-04,2.4897251410e-04,7.2771073428e-04,2.3162631811e-04,2.0817729986e-04,2.5427748059e-04,5
chirp_a2,complex_sinh,197.781844,3.7406383771e-04,2.8876691137e-04,8.6255170621e-04,2.3008266106e-04,2.0817729986e-04,2.5274519828e-04,5
chirp_a2,complex_sinh,201.134078,2.9514725978e-04,2.6803262076e-04,7.4130448881e-04,2.3008266106e-04,2.0817729986e-04,2.5274519828e-04,5
chirp_a2,complex_sinh,204.486313,7.2742836119e-04,2.5209984106e-04,7.8986802769e-04,2.3008266106e-04,2.0817729986e-04,2.4861756174e-04,5
chirp_a2,complex_sinh,207.838547,5.1626237527e-04,2.4667772296e-04,6.1657271257e-04,2.3008266106e-04,2.0817729986e-04,2.4177662201e-04,5
chirp_a2,complex_sinh,211.190782,3.5375722024e-04,2.8532753650e-04,5.3603461655e-04,2.2524305149e-04,2.0817729986e-04,2.3792485478e-04,5
chirp_a2,complex_sinh,214.543017,3.7301379418e-04,2.5960322249e-04,2.0026978350e-03,2.1380798305e-04,2.0817729986e-04,2.3701699843e-04,5
chirp_a2,complex_sinh,217.895251,4.5807404887e-04,2.3268120779e-04,7.8723538398e-04,2.0817729986e-04,2.0453009415e-04,2.3268120779e-04,5
chirp_a2,complex_sinh,221.247486,4.3687598183e-04,2.4626640213e-04,5.2028296675e-04,2.0817729986e-04,2.0035402510e-04,2.3227692756e-04,5
chirp_a2,complex_sinh,224.599721,2.6269111242e-04,2.3130888776e-04,2.6467175333e-04,2.0480268724e-04,1.9628372837e-04,2.3130888776e-04,5
chirp_a2,complex_sinh,227.951955,2.1710433132e-04,2.1186194180e-04,2.9118439050e-04,1.9329913707e-04,1.9251022334e-04,2.1710433132e-04,5
chirp_a2,complex_sinh,231.304190,2.0362545938e-04,1.8880926298e-04,2.0377206918e-04,1.8880926298e-04,1.8371781040e-04,2.0377206918e-04,5
chirp_a2,complex_sinh,234.656425,4.6231044296e-04,4.2915089559e-04,4.7797134499e-04,1.8851340570e-04,1.8371781040e-04,2.0288482661e-04,5
chirp_a2,complex_sinh,238.008659,1.1196089728e-03,9.9082662442e-04,1.1219451994e-03,1.8851340570e-04,1.8371781040e-04,2.0288482661e-04,5
chirp_a2,complex_sinh,241.360894,6.7961038418e-04,4.7932680560e-04,8.7670383423e-04,1.8851340570e-04,1.7288818702e-04,1.9759591278e-04,5
chirp_a2,complex_sinh,244.713128,2.7109540341e-04,2.2268416766e-04,3.7124325897e-04,1.8851340570e-04,1.7288818702e-04,1.9090870578e-04,5
chirp_a2,complex_sinh,248.065363,2.1771435164e-04,1.8607367233e-04,2.8980521802e-04,1.8466787709e-04,1.7043366590e-04,1.8607367233e-04,5
chirp_a2,complex_sinh,251.417598,2.1259453091e-04,1.8240944675e-04,2.1378424413e-04,1.7841085933e-04,1.6734549940e-04,1.8240944675e-04,5
chirp_a2,complex_sinh,254.769832,3.0171911786e-04,2.2482151534e-04,3.8847420298e-04,1.7349265232e-04,1.6621704581e-04,1.8038892892e-04,5
chirp_a2,complex_sinh,258.122067,7.7734386201e-04,2.2464290893e-04,8.4095145531e-04,1.7012897404e-04,1.6621704581e-04,1.8038892892e-04,5
chirp_a2,complex_sinh,261.474302,8.1463516741e-04,2.7376062325e-04,3.1456035208e-03,1.6692378361e-04,1.6621704581e-04,1.7973489310e-04,5
chirp_a2,complex_sinh,264.826536,8.3207662161e-04,3.1963806575e-04,1.0120578801e-03,1.6621704581e-04,1.6401782395e-04,1.7738773022e-04,5
chirp_a2,complex_sinh,268.178771,2.1841873539e-04,1.7999229633e-04,3.0219083078e-04,1.6621704581e-04,1.6149442099e-04,1.7480032408e-04,5
chirp_a2,complex_sinh,271.531006,4.5416513944e-04,4.1231781190e-04,4.6926272276e-04,1.6621704581e-04,1.6149442099e-04,1.7019374388e-04,5
chirp_a2,complex_sinh,274.883240,1.1061536441e-03,8.2178300080e-04,1.1459711226e-03,1.6570856265e-04,1.6149442099e-04,1.6621704581e-04,5
chirp_a2,complex_sinh,278.235475,6.4135029515e-04,5.4523254696e-04,1.0346840340e-03,1.6553338842e-04,1.6149442099e-04,1.6621704581e-04,5
chirp_a2,complex_sinh,281.587709,3.9074452085e-04,3.6166017214e-04,1.2852080848e-03,1.6553338842e-04,1.6149442099e-04,1.6601056018e-04,5
chirp_a2,complex_sinh,284.939944,4.2188977069e-04,3.0997012936e-04,1.3173119678e-03,1.6149442099e-04,1.5700473940e-04,1.6553338842e-04,5
chirp_a2,complex_sinh,288.292179,1.0566019430e-03,3.3395627892e-04,2.1014330714e-03,1.6149442099e-04,1.4848747073e-04,1.6553338842e-04,5
chirp_a2,complex_sinh,291.644413,6.0255701308e-04,3.9607948023e-04,1.9079561157e-03,1.5760545256e-04,1.4763040785e-04,1.6553338842e-04,5
chirp_a2,complex_sinh,294.996648,1.2350992105e-03,2.8655029120e-04,1.3178458828e-03,1.5165567288e-04,1.4763040785e-04,1.6553338842e-04,5
chirp_a2,complex_sinh,298.348883,2.0471366320e-04,1.8446596637e-04,8.2926430370e-04,1.4860811831e-04,1.4740727782e-04,1.6106263542e-04,5
chirp_a2,complex_sinh,301.701117,1.9392715185e-04,1.6958249898e-04,2.3552317894e-04,1.4860811831e-04,1.4740727782e-04,1.5246896233e-04,5
chirp_a2,complex_sinh,305.053352,2.0606760373e-04,1.8370898960e-04,2.1299322022e-04,1.4709218502e-04,1.4516980934e-04,1.4860811831e-04,5
chirp_a2,complex_sinh,308.405587,3.5759175218e-04,3.1573616482e-04,5.7702030993e-04,1.4709218502e-04,1.4128114780e-04,1.4860811831e-04,5
chirp_a2,complex_sinh,311.757821,7.8777000912e-04,4.1700436711e-04,1.1402867438e-03,1.4652917966e-04,1.3903070235e-04,1.4777376049e-04,5
chirp_a2,complex_sinh,315.110056,5.8264200899e-04,4.0515726053e-04,1.2672712150e-03,1.4238229238e-04,1.3903070235e-04,1.4363681784e-04,5
chirp_a2,complex_sinh,318.462291,2.5938296819e-04,1.4998300020e-04,1.6051849215e-03,1.3903070235e-04,1.3718752987e-04,1.4091153200e-04,5
chirp_a2,complex_sinh,321.814525,7.3768381067e-04,1.8493221550e-04,8.0023207512e-04,1.3903070235e-04,1.3520528662e-04,1.4091153200e-04,5
chirp_a2,complex_sinh,325.166760,2.0631022508e-04,1.6211374574e-04,3.6282605616e-03,1.3903070235e-04,1.3327771579e-04,1.4091153200e-04,5
chirp_a2,complex_sinh,328.518994,1.0374386299e-03,4.0359879375e-04,1.0856011241e-03,1.3743999349e-04,1.3295484536e-04,1.3903070235e-04,5
chirp_a2,complex_sinh,331.871229,1.5353581965e-03,3.0323071195e-04,6.2024230278e-03,1.3362049753e-04,1.3295484536e-04,1.3903070235e-04,5
chirp_a2,complex_sinh,335.223464,9.6543816323e-04,3.4589878968e-04,1.5072020101e-03,1.3261238696e-04,1.3170888993e-04,1.3860488155e-04,5
chirp_a2,complex_sinh,338.575698,2.5028963458e-04,2.4077402462e-04,1.2314716398e-03,1.3261238696e-04,1.2987131938e-04,1.3813920185e-04,5
chirp_a2,complex_sinh,341.927933,4.2178202233e-04,1.6761478700e-04,5.6453030477e-04,1.3261238696e-04,1.2807858837e-04,1.3802257723e-04,5
chirp_a2,complex_sinh,345.280168,2.1142738906e-04,1.6529887049e-04,2.8226646015e-04,1.3261238696e-04,1.2752524506e-04,1.3802257723e-04,5
chirp_a2,complex_sinh,348.632402,1.6301495277e-04,1.3630663022e-04,2.7225366713e-04,1.3261238696e-04,1.2752524506e-04,1.3802257723e-04,5
chirp_a2,complex_sinh,351.984637,2.9922103298e-04,1.3924739373e-04,3.3601412907e-04,1.3261238696e-04,1.2752524506e-04,1.3802257723e-04,5
chirp_a2,complex_sinh,355.336872,3.1375638144e-04,1.6597930891e-04,6.2421807289e-04,1.3261238696e-04,1.2752524506e-04,1.3802257723e-04,5
chirp_a2,complex_sinh,358.689106,4.9297157090e-04,3.1745563612e-04,7.3771542342e-04,1.3261238696e-04,1.2752524506e-04,1.3802257723e-04,5
chirp_a2,complex_sinh,362.041341,4.6779885093e-04,2.3503960524e-04,2.9866965008e-03,1.3194962953e-04,1.2752524506e-04,1.3612252770e-04,5
chirp_a2,complex_sinh,365.393575,2.4072530926e-04,2.3513923080e-04,6.7699940890e-04,1.2752524506e-04,1.2642027315e-04,1.2920030477e-04,5
chirp_a2,complex_sinh,368.745810,1.5774491882e-04,1.2387519636e-04,4.0062637166e-04,1.2295287259e-04,1.2212663474e-04,1.2752524506e-04,5
chirp_a2,complex_sinh,372.098045,2.2408569971e-04,1.5599631418e-04,3.8073857353e-04,1.2212663474e-04,1.2093531930e-04,1.2752524506e-04,5
chirp_a2,complex_sinh,375.450279,1.6386524249e-04,1.5476944838e-04,4.2493455874e-04,1.2212663474e-04,1.2093531930e-04,1.2752524506e-04,5
chirp_a2,complex_sinh,378.802514,2.2463662682e-04,1.5602442243e-04,2.8337205037e-04,1.2014102989e-04,1.1882991002e-04,1.2752524506e-04,5
chirp_a2,complex_sinh,382.154749,1.7288412078e-04,1.4825173440e-04,4.4743936805e-04,1.1916947227e-04,1.1592154879e-04,1.2752524506e-04,5
chirp_a2,complex_sinh,385.506983,2.5669600860e-04,2.2313362818e-04,2.9556574705e-04,1.1592154879e-04,1.1588353926e-04,1.1883964274e-04,5
chirp_a2,complex_sinh,388.859218,3.0415211392e-04,1.7279097404e-04,8.2642642825e-04,1.1592154879e-04,1.1283308251e-04,1.1883964274e-04,5
chirp_a2,complex_sinh,392.211453,2.1897561015e-04,1.8496673787e-04,9.7056580380e-04,1.1592154879e-04,1.1212359892e-04,1.1883964274e-04,5
chirp_a2,complex_sinh,395.563687,3.5105621524e-04,1.5421370611e-04,4.2296987614e-04,1.1592154879e-04,1.1053140128e-04,1.1883964274e-04,5
chirp_a2,complex_sinh,398.915922,1.4796353566e-04,1.2333385877e-04,2.4504862631e-04,1.1388888861e-04,1.0934666253e-04,1.1883964274e-04,5
chirp_a2,complex_sinh,402.268156,2.4063196907e-04,1.1336064332e-04,2.4815850748e-04,1.0974733633e-04,1.0911821823e-04,1.1883964274e-04,5
chirp_a2,complex_sinh,405.620391,1.4745799991e-04,1.2606739373e-04,2.2231907376e-04,1.0892153161e-04,1.0699696060e-04,1.1868060740e-04,5
chirp_a2,complex_sinh,408.972626,1.6020409661e-04,1.1715288232e-04,2.1225336745e-04,1.0892153161e-04,1.0699696060e-04,1.1787659861e-04,5
chirp_a2,complex_sinh,412.324860,1.2490264677e-04,1.2139804288e-04,2.8642255054e-04,1.0892153161e-04,1.0679422601e-04,1.1711290780e-04,5
chirp_a2,complex_sinh,415.677095,1.6155366957e-04,1.1479475829e-04,1.7881069600e-04,1.0653199020e-04,1.0545515652e-04,1.1711290780e-04,5
chirp_a2,complex_sinh,419.029330,1.0527692506e-04,1.0484239489e-04,1.5052172495e-04,1.0416120161e-04,1.0413287734e-04,1.1711290780e-04,5
chirp_a2,complex_sinh,422.381564,1.4130807031e-04,1.0310649730e-04,2.3019852711e-04,1.0411576153e-04,1.0310649730e-04,1.1308798767e-04,5
chirp_a2,complex_sinh,425.733799,1.3483695448e-04,1.0231387360e-04,1.4044445589e-04,1.0411576153e-04,1.0231387360e-04,1.0873336965e-04,5
chirp_a2,complex_sinh,429.086034,1.3958611952e-04,1.0735487593e-04,1.4886208716e-04,1.0411576153e-04,1.0159426713e-04,1.0735487593e-04,5
chirp_a2,complex_sinh,432.438268,1.3876980466e-04,1.0699749028e-04,2.5054221509e-04,1.0411576153e-04,1.0091068789e-04,1.0699749028e-04,5
chirp_a2,complex_sinh,435.790503,1.3796033812e-04,1.0648115220e-04,1.8204130051e-04,1.0283999690e-04,1.0024861451e-04,1.0648115220e-04,5
chirp_a2,complex_sinh,439.142737,1.1421801563e-04,1.0585390027e-04,1.2211965266e-04,1.0094356072e-04,9.9605749047e-05,1.0585390027e-04,5
chirp_a2,complex_sinh,442.494972,9.9683558577e-05,9.8977886873e-05,1.0523880777e-04,9.9683558577e-05,9.8977886873e-05,1.0523880777e-04,5
chirp_a2,complex_sinh,445.847207,9.9037664167e-05,9.8371690338e-05,1.0463845224e-04,9.9037664167e-05,9.8371690338e-05,1.0463845224e-04,5
chirp_a2,complex_sinh,449.199441,9.8409594052e-05,9.7776012534e-05,1.0404704963e-04,9.8409594052e-05,9.7776012534e-05,1.0404704963e-04,5
chirp_a2,complex_sinh,452.551676,9.7812149342e-05,9.7206923471e-05,1.0347344851e-04,9.7812149342e-05,9.7206923471e-05,1.0347344851e-04,5
chirp_a2,complex_sinh,455.903911,9.7222693167e-05,9.6642625808e-05,1.0290530647e-04,9.7222693167e-05,9.6642625808e-05,1.0290530647e-04,5
chirp_a2,complex_sinh,459.256145,9.6657387692e-05,9.6104193310e-05,1.0235668184e-04,9.6657387692e-05,9.6104193310e-05,1.0235668184e-04,5
chirp_a2,complex_sinh,462.608380,9.6095655606e-05,9.5568760622e-05,1.0181098213e-04,9.6095655606e-05,9.5568760622e-05,1.0181098213e-04,5
chirp_a2,complex_sinh,465.960615,9.5561144391e-05,9.5055940416e-05,1.0128510444e-04,9.5561144391e-05,9.5055940416e-05,1.0128510444e-04,5
chirp_a2,complex_sinh,469.312849,9.5029606279e-05,9.4548196551e-05,1.0076247441e-04,9.5029606279e-05,9.4548196551e-05,1.0076247441e-04,5
chirp_a2,complex_sinh,472.665084,9.4520486792e-05,9.4057841061e-05,1.0025548455e-04,9.4520486792e-05,9.4057841061e-05,1.0025548455e-04,5
chirp_a2,complex_sinh,476.017318,9.4017545949e-05,9.3575544817e-05,9.9753957523e-05,9.4017545949e-05,9.3575544817e-05,9.9753957523e-05,5
chirp_a2,complex_sinh,479.369553,9.3532279524e-05,9.3106097082e-05,9.9264470231e-05,9.3532279524e-05,9.3106097082e-05,9.9264470231e-05,5
chirp_a2,complex_sinh,482.721788,9.3056358464e-05,9.2647182542e-05,9.8782238013e-05,9.3056358464e-05,9.2647182542e-05,9.8782238013e-05,5
chirp_a2,complex_sinh,486.074022,9.2593655870e-05,9.2197236757e-05,9.8309066691e-05,9.2593655870e-05,9.2197236757e-05,9.8309066691e-05,5
chirp_a2,complex_sinh,489.426257,9.2143079073e-05,9.1759894710e-05,9.7844644799e-05,9.2143079073e-05,9.1759894710e-05,9.7844644799e-05,5
chirp_a2,complex_sinh,492.778492,9.1701633923e-05,9.1328139705e-05,9.7386658484e-05,9.1701633923e-05,9.1328139705e-05,9.7386658484e-05,5
chirp_a2,complex_sinh,496.130726,9.1274650791e-05,9.0910599456e-05,9.6938522460e-05,9.1274650791e-05,9.0910599456e-05,9.6938522460e-05,5
chirp_a2,complex_sinh,499.482961,9.0853171342e-05,9.0495762314e-05,9.6494668428e-05,9.0853171342e-05,9.0495762314e-05,9.6494668428e-05,5
chirp_a2,complex_sinh,502.835196,9.0448077957e-05,9.0096279422e-05,9.6061661006e-05,9.0448077957e-05,9.0096279422e-05,9.6061661006e-05,5
chirp_a2,complex_sinh,506.187430,9.0045312651e-05,8.9698559999e-05,9.5631037548e-05,9.0045312651e-05,8.9698559999e-05,9.5631037548e-05,5
chirp_a2,complex_sinh,509.539665,8.9660341834e-05,8.9314204535e-05,9.5211433749e-05,8.9660341834e-05,8.9314204535e-05,9.5211433749e-05,5
chirp_a2,complex_sinh,512.891899,8.9277016883e-05,8.8932950112e-05,9.4793671061e-05,8.9277016883e-05,8.8932950112e-05,9.4793671061e-05,5
chirp_a2,complex_sinh,516.244134,8.8908447335e-05,8.8561812701e-05,9.4385409831e-05,8.8908447335e-05,8.8561812701e-05,9.4385409831e-05,5
chirp_a2,complex_sinh,519.596369,8.8543383963e-05,8.8195504649e-05,9.3979825871e-05,8.8543383963e-05,8.8195504649e-05,9.3979825871e-05,5
chirp_a2,complex_sinh,522.948603,8.8189588740e-05,8.7836275302e-05,9.3581316979e-05,8.8189588740e-05,8.7836275302e-05,9.3581316979e-05,5
chirp_a2,complex_sinh,526.300838,8.7841277360e-05,8.7483010879e-05,9.3186375260e-05,8.7841277360e-05,8.7483010879e-05,9.3186375260e-05,5
chirp_a2,complex_sinh,529.653073,8.7501011325e-05,8.7134595165e-05,9.2796616683e-05,8.7501011325e-05,8.7134595165e-05,9.2796616683e-05,5
chirp_a2,complex_sinh,533.005307,8.7167697094e-05,8.6793038805e-05,9.2410966319e-05,8.7167697094e-05,8.6793038805e-05,9.2410966319e-05,5
chirp_a2,complex_sinh,536.357542,8.6839635170e-05,8.6454453398e-05,9.2028980835e-05,8.6839635170e-05,8.6454453398e-05,9.2028980835e-05,5
chirp_a2,complex_sinh,539.709777,8.6519375354e-05,8.6123064414e-05,9.1651266752e-05,8.6519375354e-05,8.6123064414e-05,9.1651266752e-05,5
chirp_a2,complex_sinh,543.062011,8.6202238678e-05,8.5793243679e-05,9.1276002910e-05,8.6202238678e-05,8.5793243679e-05,9.1276002910e-05,5
chirp_a2,complex_sinh,546.414246,8.5893414249e-05,8.5470420137e-05,9.0904585922e-05,8.5893414249e-05,8.5470420137e-05,9.0904585922e-05,5
chirp_a2,complex_sinh,549.766480,8.5586068793e-05,8.5148811318e-05,9.0534891345e-05,8.5586068793e-05,8.5148811318e-05,9.0534891345e-05,5
chirp_a2,complex_sinh,553.118715,8.5286927745e-05,8.4832470128e-05,9.0168150051e-05,8.5286927745e-05,8.4832470128e-05,9.0168150051e-05,5
chirp_a2,complex_sinh,556.470950,8.4988832256e-05,8.4517844962e-05,8.9802894364e-05,8.4988832256e-05,8.4517844962e-05,8.9802894364e-05,5
chirp_a2,complex_sinh,559.823184,8.4676863516e-05,8.4206356923e-05,1.1550697447e-04,8.4676863516e-05,8.4206356923e-05,8.9793429200e-05,5
chirp_a2,complex_sinh,563.175419,8.4364145560e-05,8.3896800088e-05,1.1493870505e-04,8.4364145560e-05,8.3896800088e-05,8.9793429200e-05,5
chirp_a2,complex_sinh,566.527654,1.1576008827e-04,1.1436368185e-04,1.1880068220e-04,8.4278098085e-05,8.3757127927e-05,8.9793429200e-05,5
chirp_a2,complex_sinh,569.879888,1.3413851342e-04,1.2123585011e-04,1.7943263064e-04,8.4278098085e-05,8.3757127927e-05,8.9793429200e-05,5
chirp_a2,complex_sinh,573.232123,1.8378941687e-04,1.6928212434e-04,2.1613704195e-04,8.4278098085e-05,8.3574811505e-05,8.9175417263e-05,5
chirp_a2,complex_sinh,576.584358,1.3739559468e-04,1.3583334826e-04,1.6696750371e-04,8.4278098085e-05,8.3097027901e-05,8.8256079020e-05,5
chirp_a2,complex_sinh,579.936592,1.3132393379e-04,1.1635564977e-04,1.4829422632e-04,8.4278098085e-05,8.2660438831e-05,8.7810685023e-05,5
chirp_a2,complex_sinh,583.288827,1.2873942037e-04,1.2482936982e-04,1.9779448752e-04,8.4278098085e-05,8.2368536112e-05,8.7810685023e-05,5
chirp_a2,complex_sinh,586.641061,1.8993227170e-04,1.4675923372e-04,2.1881289469e-04,8.4278098085e-05,8.2090749610e-05,8.7810685023e-05,5
chirp_a2,complex_sinh,589.993296,3.0786828099e-04,2.3322642792e-04,5.3963202341e-04,8.4278098085e-05,8.2090749610e-05,8.7810685023e-05,5
chirp_a2,complex_sinh,593.345531,7.7101708365e-04,5.4861686319e-04,9.0990497000e-04,8.4278098085e-05,8.2090749610e-05,8.7810685023e-05,5
chirp_a2,complex_sinh,596.697765,2.9026685447e-04,2.3813603831e-04,7.2296529557e-04,8.4278098085e-05,8.0738149518e-05,8.7810685023e-05,5
chirp_a2,complex_sinh,600.050000,1.2201337346e-04,1.1757426863e-04,4.3103293432e-04,8.4278098085e-05,7.9223966182e-05,8.7810685023e-05,5
chirp_a2,vanilla,0.000000,9.8669798624e-02,6.3565063187e-02,1.0299021000e-01,9.8669798624e-02,6.3565063187e-02,1.0299021000e-01,5
chirp_a2,vanilla,3.352017,9.8669798624e-02,6.3565063187e-02,1.0299021000e-01,9.8669798624e-02,6.3565063187e-02,1.0299021000e-01,5
chirp_a2,vanilla,6.704034,4.9471553566e-02,4.5544245528e-02,5.6574263603e-02,4.5755010561e-02,4.5544245528e-02,4.9471553566e-02,5
chirp_a2,vanilla,10.056050,3.2101844215e-02,2.1283399468e-02,4.6466827915e-02,2.4763452891e-02,2.0698649997e-02,3.6106660495e-02,5
chirp_a2,vanilla,13.408067,1.4838331131e-02,1.3311894023e-02,2.4097289764e-02,1.4838331131e-02,1.2564965909e-02,2.0698649997e-02,5
chirp_a2,vanilla,16.760084,1.8823940003e-02,1.2239347939e-02,2.4728307453e-02,1.3782859131e-02,1.0018130950e-02,1.4652742908e-02,5
chirp_a2,vanilla,20.112101,1.3686357224e-02,1.2441679398e-02,1.7301047581e-02,9.9697582966e-03,9.5637758090e-03,1.3190712359e-02,5
chirp_a2,vanilla,23.464117,1.1878636906e-02,1.0163473913e-02,1.8001795758e-02,9.8716240870e-03,9.4678295208e-03,1.0707949260e-02,5
chirp_a2,vanilla,26.816134,1.8901628254e-02,1.5452155415e-02,3.0973280618e-02,9.8716240870e-03,8.3952985701e-03,1.0707949260e-02,5
chirp_a2,vanilla,30.168151,1.7063138494e-02,9.7236176416e-03,4.3571316027e-02,9.8716240870e-03,5.2863617404e-03,1.0707949260e-02,5
chirp_a2,vanilla,33.520168,1.4010850675e-02,3.3428952448e-03,2.7531151266e-02,9.3585779311e-03,3.3428952448e-03,1.0707949260e-02,5
chirp_a2,vanilla,36.872184,6.1049482231e-03,3.3333596896e-03,8.0788800317e-03,5.4686567154e-03,2.9618949459e-03,7.8116502454e-03,5
chirp_a2,vanilla,40.224201,4.8064750771e-03,4.1905317531e-03,6.7171201647e-03,4.1905317531e-03,2.9618949459e-03,6.7171201647e-03,5
chirp_a2,vanilla,43.576218,9.6413008744e-03,4.5699571416e-03,1.0468402725e-02,3.8075083770e-03,2.9027803508e-03,6.2593494524e-03,5
chirp_a2,vanilla,46.928235,2.6187497071e-02,4.9245720989e-03,4.0690798568e-02,3.8075083770e-03,2.9027803508e-03,6.2593494524e-03,5
chirp_a2,vanilla,50.280251,3.7931748397e-02,2.7048053036e-02,4.3176202175e-02,3.8075083770e-03,2.9027803508e-03,6.2593494524e-03,5
chirp_a2,vanilla,53.632268,1.2362788295e-02,1.1507711602e-02,2.0494822998e-02,3.4665522090e-03,2.7501212413e-03,6.2593494524e-03,5
chirp_a2,vanilla,56.984285,5.4101782953e-03,2.8738801294e-03,1.2030567830e-02,3.1909027498e-03,2.7501212413e-03,6.2593494524e-03,5
chirp_a2,vanilla,60.336302,1.0873526834e-02,3.1661869870e-03,1.2273944632e-02,3.1909027498e-03,2.7501212413e-03,6.2593494524e-03,5
chirp_a2,vanilla,63.688318,2.3513012811e-02,1.0670820988e-02,2.5183541395e-02,3.1909027498e-03,2.7501212413e-03,6.2593494524e-03,5
chirp_a2,vanilla,67.040335,1.6222056250e-02,1.4324164294e-02,1.9421208623e-02,3.1909027498e-03,2.7501212413e-03,6.0903437742e-03,5
chirp_a2,vanilla,70.392352,9.3776598336e-03,7.9580728692e-03,2.3702060018e-02,3.1909027498e-03,2.7501212413e-03,5.8669120454e-03,5
chirp_a2,vanilla,73.744369,3.0376079414e-02,4.3645051808e-03,3.6713979108e-02,2.8887172231e-03,2.7501212413e-03,3.1909027498e-03,5
chirp_a2,vanilla,77.096385,1.1885993010e-02,1.1444710534e-02,1.3785402089e-02,2.7501212413e-03,2.4587011745e-03,3.1909027498e-03,5
chirp_a2,vanilla,80.448402,1.3748484410e-02,7.0099712225e-03,2.5245152760e-02,2.7501212413e-03,2.4587011745e-03,3.1909027498e-03,5
chirp_a2,vanilla,83.800419,9.7020558885e-03,7.5726004751e-03,1.8892947554e-02,2.7466835096e-03,2.4587011745e-03,3.1909027498e-03,5
chirp_a2,vanilla,87.152436,5.3513894875e-03,2.9608447550e-03,9.3717338081e-03,2.6054399042e-03,2.4587011745e-03,3.1909027498e-03,5
chirp_a2,vanilla,90.504453,1.0575152503e-02,6.5105468207e-03,1.1831986685e-02,2.5561953816e-03,2.4587011745e-03,3.1345924516e-03,5
chirp_a2,vanilla,93.856469,1.4419603777e-02,7.4937389084e-03,1.9085366686e-02,2.5560244566e-03,2.4587011745e-03,3.1345924516e-03,5
chirp_a2,vanilla,97.208486,1.0390359005e-02,3.2938000955e-03,1.3247121646e-02,2.5553477062e-03,2.4587011745e-03,2.9472908605e-03,5
chirp_a2,vanilla,100.560503,9.2599807266e-03,7.1295503755e-03,2.0892132531e-02,2.5552593882e-03,2.4587011745e-03,2.9197744843e-03,5
chirp_a2,vanilla,103.912520,1.3961277701e-02,1.3022876424e-02,1.9063121307e-02,2.5552593882e-03,2.4587011745e-03,2.9197744843e-03,5
chirp_a2,vanilla,107.264536,1.6077256263e-02,1.0475385021e-02,1.7150563625e-02,2.5552593882e-03,2.4587011745e-03,2.9197744843e-03,5
chirp_a2,vanilla,110.616553,1.2397275414e-02,7.1896792837e-03,1.4291508828e-02,2.5552593882e-03,2.4587011745e-03,2.9197744843e-03,5
chirp_a2,vanilla,113.968570,8.8744824982e-03,7.3321433655e-03,1.4808892956e-02,2.5552593882e-03,2.4587011745e-03,2.9197744843e-03,5
chirp_a2,vanilla,117.320587,1.5955597382e-02,7.9597654188e-03,1.8288728978e-02,2.5552593882e-03,2.4587011745e-03,2.9197744843e-03,5
chirp_a2,vanilla,120.672603,2.6206749174e-02,1.8438224241e-02,2.8947842691e-02,2.5552593882e-03,2.4587011745e-03,2.9197744843e-03,5
chirp_a2,vanilla,124.024620,1.4577556175e-02,1.0106991462e-02,1.4712422906e-02,2.5552593882e-03,2.4587011745e-03,2.9197744843e-03,5
chirp_a2,vanilla,127.376637,1.3760394314e-02,9.2873954771e-03,1.8180619944e-02,2.5552593882e-03,2.4587011745e-03,2.9197744843e-03,5
chirp_a2,vanilla,130.728654,1.6743889072e-02,1.5068100414e-02,2.1069952677e-02,2.5552593882e-03,2.4587011745e-03,2.8109920857e-03,5
chirp_a2,vanilla,134.080670,9.1427986292e-03,6.5352281538e-03,2.0412039699e-02,2.4587011745e-03,2.1766620152e-03,2.5552593882e-03,5
chirp_a2,vanilla,137.432687,1.4760977663e-02,1.1870007369e-02,1.9220158900e-02,2.4587011745e-03,2.0481963561e-03,2.5552593882e-03,5
chirp_a2,vanilla,140.784704,1.6118169612e-02,1.4158093796e-02,2.2617843012e-02,2.4587011745e-03,2.0481963561e-03,2.5552593882e-03,5
chirp_a2,vanilla,144.136721,2.2124173218e-02,4.6689366535e-03,2.7050985023e-02,2.4587011745e-03,2.0481963561e-03,2.5552593882e-03,5
chirp_a2,vanilla,147.488737,9.6420271042e-03,4.7290788702e-03,1.6229091130e-02,2.4587011745e-03,2.0481963561e-03,2.5552593882e-03,5
chirp_a2,vanilla,150.840754,7.2261470006e-03,4.8081845965e-03,1.1117280051e-02,2.4587011745e-03,2.0481963561e-03,2.5552593882e-03,5
chirp_a2,vanilla,154.192771,5.2768656489e-03,4.3659869860e-03,1.2316105139e-02,2.4587011745e-03,2.0481963561e-03,2.5552593882e-03,5
chirp_a2,vanilla,157.544788,9.4868136778e-03,7.1079846700e-03,1.2478079841e-02,2.4587011745e-03,2.0481963561e-03,2.5552593882e-03,5
chirp_a2,vanilla,160.896804,6.0435364556e-03,5.5724887395e-03,6.4610039836e-03,2.0481963561e-03,1.8193476475e-03,2.4587011745e-03,5
chirp_a2,vanilla,164.248821,5.6029143032e-03,4.9035248965e-03,7.5214186053e-03,2.0481963561e-03,1.7420146404e-03,2.4587011745e-03,5
chirp_a2,vanilla,167.600838,8.4861291943e-03,6.5696601731e-03,8.5626090924e-03,2.0481963561e-03,1.7420146404e-03,2.4587011745e-03,5
chirp_a2,vanilla,170.952855,4.7199651599e-03,3.3305562003e-03,4.7699620491e-03,2.0481963561e-03,1.7420146404e-03,2.4587011745e-03,5
chirp_a2,vanilla,174.304872,6.3686439910e-03,4.6035280786e-03,8.1705229061e-03,2.0481963561e-03,1.7420146404e-03,2.4587011745e-03,5
chirp_a2,vanilla,177.656888,1.1291706029e-02,1.0404126442e-02,1.3519457147e-02,2.0108203250e-03,1.7420146404e-03,2.4587011745e-03,5
chirp_a2,vanilla,181.008905,7.6234267697e-03,3.0065395397e-03,3.0124574097e-02,1.7954345526e-03,1.7420146404e-03,2.4587011745e-03,5
chirp_a2,vanilla,184.360922,1.0724347045e-02,3.5253891630e-03,2.5224734421e-02,1.7470594725e-03,1.7353998391e-03,2.4587011745e-03,5
chirp_a2,vanilla,187.712939,1.3425261567e-02,9.4763049734e-03,2.2088070609e-02,1.7470594725e-03,1.7319956730e-03,2.4587011745e-03,5
chirp_a2,vanilla,191.064955,1.8228278797e-02,8.7620281920e-03,2.8595490245e-02,1.7470594725e-03,1.7319956730e-03,2.4587011745e-03,5
chirp_a2,vanilla,194.416972,1.3495008515e-02,7.3453140826e-03,2.1296133144e-02,1.7470594725e-03,1.7319956730e-03,2.4587011745e-03,5
chirp_a2,vanilla,197.768989,7.1470886875e-03,5.2259874487e-03,1.0801527931e-02,1.7470594725e-03,1.5290301380e-03,2.4587011745e-03,5
chirp_a2,vanilla,201.121006,5.9804816021e-03,4.4687453147e-03,9.2349234231e-03,1.7470594725e-03,1.4971618578e-03,2.4587011745e-03,5
chirp_a2,vanilla,204.473022,6.7419102414e-03,3.9443201033e-03,1.2072570761e-02,1.7470594725e-03,1.4971618578e-03,2.4587011745e-03,5
chirp_a2,vanilla,207.825039,1.0082912215e-02,6.9165509903e-03,1.0572109842e-02,1.7470594725e-03,1.4971618578e-03,2.4587011745e-03,5
chirp_a2,vanilla,211.177056,8.8143474808e-03,5.2781950511e-03,9.8523995985e-03,1.7470594725e-03,1.4971618578e-03,2.4587011745e-03,5
chirp_a2,vanilla,214.529073,5.7337124920e-03,4.2799278238e-03,6.4182025320e-03,1.7470594725e-03,1.4971618578e-03,2.4587011745e-03,5
chirp_a2,vanilla,217.881089,1.0701347147e-02,8.4611120920e-03,1.5674556656e-02,1.7470594725e-03,1.4971618578e-03,2.4587011745e-03,5
chirp_a2,vanilla,221.233106,8.4443608800e-03,6.4365498400e-03,1.3490628542e-02,1.7470594725e-03,1.4971618578e-03,2.4587011745e-03,5
chirp_a2,vanilla,224.585123,2.8867628827e-03,2.4999811416e-03,4.5715940958e-03,1.7470594725e-03,1.3798832726e-03,2.1718936260e-03,5
chirp_a2,vanilla,227.937140,2.7076816834e-03,1.8821801277e-03,4.1713474586e-03,1.7470594725e-03,1.3798832726e-03,1.8795034037e-03,5
chirp_a2,vanilla,231.289156,8.5273912748e-03,7.5438875006e-03,1.2646940640e-02,1.7470594725e-03,1.3798832726e-03,1.8787647345e-03,5
chirp_a2,vanilla,234.641173,7.8925839752e-03,3.9043007394e-03,9.2299498204e-03,1.7470594725e-03,1.2314070719e-03,1.8787647345e-03,5
chirp_a2,vanilla,237.993190,6.7651123946e-03,2.0396441187e-03,8.3339065878e-03,1.7470594725e-03,1.0645170317e-03,1.8787647345e-03,5
chirp_a2,vanilla,241.345207,8.1221686872e-03,2.0750694485e-03,1.1450774963e-02,1.5831262979e-03,9.9767551665e-04,1.7470594725e-03,5
chirp_a2,vanilla,244.697223,8.1963084098e-03,2.5447346674e-03,8.8248028562e-03,1.4499293335e-03,9.9767551665e-04,1.7470594725e-03,5
chirp_a2,vanilla,248.049240,5.5675477556e-03,4.9342281845e-03,7.2280301463e-03,1.4499293335e-03,9.9767551665e-04,1.7470594725e-03,5
chirp_a2,vanilla,251.401257,1.0468381572e-02,8.7179417327e-03,3.2440433855e-02,1.4499293335e-03,9.9767551665e-04,1.7470594725e-03,5
chirp_a2,vanilla,254.753274,5.0589715888e-03,5.0184616680e-03,2.0392977606e-02,1.4499293335e-03,9.9767551665e-04,1.7470594725e-03,5
chirp_a2,vanilla,258.105291,3.7834474901e-03,2.5091047316e-03,7.8144309182e-03,1.4499293335e-03,9.9767551665e-04,1.7470594725e-03,5
chirp_a2,vanilla,261.457307,6.0942486307e-03,1.6010637180e-03,1.3383082851e-02,1.4499293335e-03,9.9767551665e-04,1.7470594725e-03,5
chirp_a2,vanilla,264.809324,6.5330696975e-03,6.1618660348e-03,9.1325928706e-03,1.4499293335e-03,9.9767551665e-04,1.7470594725e-03,5
chirp_a2,vanilla,268.161341,5.9946727840e-03,5.4345931887e-03,9.8188016614e-03,1.4499293335e-03,9.9767551665e-04,1.7470594725e-03,5
chirp_a2,vanilla,271.513358,5.8085491323e-03,4.0531710341e-03,8.3796978142e-03,1.4499293335e-03,9.9767551665e-04,1.4878074809e-03,5
chirp_a2,vanilla,274.865374,6.7382804522e-03,5.3777958223e-03,1.3280915346e-02,9.9767551665e-04,9.5343672673e-04,1.4499293335e-03,5
chirp_a2,vanilla,278.217391,7.9514015676e-03,3.2501118272e-03,1.3067012827e-02,9.9767551665e-04,9.5343672673e-04,1.4499293335e-03,5
chirp_a2,vanilla,281.569408,7.4868977819e-03,5.4338294037e-03,9.1542846383e-03,9.9767551665e-04,9.5343672673e-04,1.4499293335e-03,5
chirp_a2,vanilla,284.921425,7.4883994848e-03,7.3093445162e-03,1.0824811735e-02,9.9767551665e-04,9.5343672673e-04,1.4499293335e-03,5
chirp_a2,vanilla,288.273441,1.2445276836e-02,7.5377107190e-03,1.4395935619e-02,9.9767551665e-04,9.5343672673e-04,1.4499293335e-03,5
chirp_a2,vanilla,291.625458,5.6070691266e-03,5.1817620040e-03,1.2587766681e-02,9.9767551665e-04,9.5343672673e-04,1.4499293335e-03,5
chirp_a2,vanilla,294.977475,5.3915385633e-03,4.1206731523e-03,9.9270923744e-03,9.9767551665e-04,8.0780796681e-04,1.4499293335e-03,5
chirp_a2,vanilla,298.329492,9.1403209447e-03,7.9104275724e-03,1.2566316014e-02,9.9767551665e-04,8.0330820452e-04,1.4499293335e-03,5
chirp_a2,vanilla,301.681508,8.0087499340e-03,2.4972226344e-03,8.7657454471e-03,9.9767551665e-04,8.0330820452e-04,1.4499293335e-03,5
chirp_a2,vanilla,305.033525,4.0819947879e-03,3.1247447252e-03,5.2878967893e-03,9.9767551665e-04,8.0330820452e-04,1.4222485043e-03,5
chirp_a2,vanilla,308.385542,3.5247857835e-03,2.2025107850e-03,4.8095084305e-03,9.9767551665e-04,7.9206155138e-04,1.3728495050e-03,5
chirp_a2,vanilla,311.737559,1.3054489592e-03,1.1244072324e-03,1.6515296984e-03,9.9767551665e-04,7.3664164624e-04,1.3054489592e-03,5
chirp_a2,vanilla,315.089575,2.0415642287e-03,1.9617618210e-03,5.3706111748e-03,9.1311494486e-04,7.2662863243e-04,1.2963555275e-03,5
chirp_a2,vanilla,318.441592,4.4260476356e-03,1.2872692627e-03,6.5300532793e-03,8.5153518331e-04,7.2662863243e-04,1.1198169734e-03,5
chirp_a2,vanilla,321.793609,2.2235670201e-03,1.9905931097e-03,3.7186139411e-03,8.5153518331e-04,7.2662863243e-04,1.1198169734e-03,5
chirp_a2,vanilla,325.145626,3.8712445753e-03,2.7293737596e-03,8.3863279948e-03,8.5153518331e-04,7.2662863243e-04,1.1198169734e-03,5
chirp_a2,vanilla,328.497642,5.8617976064e-03,3.9422740775e-03,8.4483531140e-03,8.5153518331e-04,7.2662863243e-04,1.1198169734e-03,5
chirp_a2,vanilla,331.849659,5.3296503187e-03,4.6492026328e-03,6.6044764598e-03,8.2193197336e-04,7.2662863243e-04,1.1198169734e-03,5
chirp_a2,vanilla,335.201676,3.5012916848e-03,1.0377367041e-03,3.8266057849e-03,7.2662863243e-04,7.0783915570e-04,9.2274396851e-04,5
chirp_a2,vanilla,338.553693,2.6108070604e-03,1.9494203169e-03,6.3591036044e-03,7.2662863243e-04,6.9237947749e-04,9.0528115791e-04,5
chirp_a2,vanilla,341.905709,6.6047272898e-03,2.2339246179e-03,6.8476797313e-03,7.2662863243e-04,6.9237947749e-04,9.0528115791e-04,5
chirp_a2,vanilla,345.257726,3.7131848259e-03,3.4544420186e-03,5.2833318234e-03,7.2662863243e-04,6.9237947749e-04,9.0528115791e-04,5
chirp_a2,vanilla,348.609743,2.0924815185e-03,1.8981052133e-03,8.2133511483e-03,7.2662863243e-04,6.9237947749e-04,9.0528115791e-04,5
chirp_a2,vanilla,351.961760,4.7555624288e-03,3.8134614991e-03,6.3079920410e-03,7.2662863243e-04,6.9237947749e-04,7.3958436965e-04,5
chirp_a2,vanilla,355.313777,3.9101979267e-03,2.7967541388e-03,7.5359629355e-03,6.9237947749e-04,6.6242183820e-04,7.3958436965e-04,5
chirp_a2,vanilla,358.665793,1.5626596414e-03,9.3211989549e-04,5.1016037714e-03,6.9237947749e-04,5.6791483453e-04,7.3958436965e-04,5
chirp_a2,vanilla,362.017810,2.3773285503e-03,2.2924058312e-03,4.0942870298e-03,6.9237947749e-04,5.6791483453e-04,7.3958436965e-04,5
chirp_a2,vanilla,365.369827,4.9516043601e-03,3.1836276099e-03,6.8147279010e-03,6.9237947749e-04,5.6791483453e-04,7.3958436965e-04,5
chirp_a2,vanilla,368.721844,3.1117368129e-03,1.5333781979e-03,9.9121783031e-03,6.9237947749e-04,5.6791483453e-04,7.3958436965e-04,5
chirp_a2,vanilla,372.073860,1.7050827025e-03,1.5125512844e-03,1.8998078837e-02,5.6791483453e-04,5.5930956834e-04,6.9237947749e-04,5
chirp_a2,vanilla,375.425877,2.6259774326e-03,2.1367215336e-03,3.0885337544e-03,5.6791483453e-04,5.1326472801e-04,6.9237947749e-04,5
chirp_a2,vanilla,378.777894,1.3448446373e-03,1.2146306584e-03,1.6230410335e-03,5.6791483453e-04,5.1326472801e-04,6.9237947749e-04,5
chirp_a2,vanilla,382.129911,2.7303332536e-03,1.7537472790e-03,5.7787473332e-03,5.6791483453e-04,5.1326472801e-04,6.9237947749e-04,5
chirp_a2,vanilla,385.481927,1.8273480146e-03,1.0150597438e-03,2.2455525117e-03,5.6029543803e-04,5.1326472801e-04,5.6791483453e-04,5
chirp_a2,vanilla,388.833944,1.3268197618e-03,1.0101217256e-03,1.3422027530e-03,5.1611788561e-04,5.1326472801e-04,5.6791483453e-04,5
chirp_a2,vanilla,392.185961,1.1284618069e-03,9.0853657454e-04,2.1972894179e-03,5.1611788561e-04,5.1326472801e-04,5.2422913864e-04,5
chirp_a2,vanilla,395.537978,1.9794274671e-03,1.6146832820e-03,2.9080535733e-03,5.1326472801e-04,4.6638844021e-04,5.1611788561e-04,5
chirp_a2,vanilla,398.889994,2.2103769867e-03,2.2035958060e-03,2.4897373397e-03,5.1326472801e-04,4.6528945292e-04,5.1611788561e-04,5
chirp_a2,vanilla,402.242011,2.9723729246e-03,2.3686824077e-03,3.8109417911e-03,5.1326472801e-04,4.6528945292e-04,5.1611788561e-04,5
chirp_a2,vanilla,405.594028,2.0937101288e-03,1.6268420169e-03,3.0680535391e-03,5.1326472801e-04,4.6528945292e-04,5.1463659283e-04,5
chirp_a2,vanilla,408.946045,9.5943905972e-04,7.6010564567e-04,5.1093646742e-03,4.8737715690e-04,4.6528945292e-04,5.1326472801e-04,5
chirp_a2,vanilla,412.298061,2.7125568639e-03,8.8352971581e-04,5.8953813529e-03,4.7866501232e-04,4.6528945292e-04,5.1326472801e-04,5
chirp_a2,vanilla,415.650078,3.5866618646e-03,3.4800807371e-03,6.1335211462e-03,4.7866501232e-04,4.6528945292e-04,5.1326472801e-04,5
chirp_a2,vanilla,419.002095,2.3811891291e-03,1.6415624504e-03,4.6839891923e-03,4.7866501232e-04,4.6528945292e-04,5.1326472801e-04,5
chirp_a2,vanilla,422.354112,1.8524313559e-03,1.3314333463e-03,2.7871701950e-03,4.6528945292e-04,4.4397293210e-04,4.7866501232e-04,5
chirp_a2,vanilla,425.706128,1.6774474607e-03,8.6753675921e-04,2.6898351906e-03,4.6528945292e-04,4.2017077018e-04,4.7866501232e-04,5
chirp_a2,vanilla,429.058145,2.5468348753e-03,7.4198176522e-04,2.8404290618e-03,4.6528945292e-04,4.2017077018e-04,4.7866501232e-04,5
chirp_a2,vanilla,432.410162,2.8825236299e-03,1.9272370732e-03,3.4613109805e-03,4.6528945292e-04,4.2017077018e-04,4.7866501232e-04,5
chirp_a2,vanilla,435.762179,3.5086952364e-03,3.0183709263e-03,3.8667259081e-03,4.6528945292e-04,4.2017077018e-04,4.7866501232e-04,5
chirp_a2,vanilla,439.114196,1.9795283761e-03,1.0462591334e-03,2.6228843148e-03,4.6528945292e-04,4.2017077018e-04,4.7866501232e-04,5
chirp_a2,vanilla,442.466212,9.8485053079e-04,9.1837871944e-04,1.4810280349e-03,4.6528945292e-04,4.2017077018e-04,4.7866501232e-04,5
chirp_a2,vanilla,445.818229,2.6920761695e-03,2.0249230748e-03,2.7702093432e-03,4.6528945292e-04,4.1960991013e-04,4.7866501232e-04,5
chirp_a2,vanilla,449.170246,1.6637015227e-03,6.5765030907e-04,2.1733812683e-03,4.6528945292e-04,4.0260499609e-04,4.7866501232e-04,5
chirp_a2,vanilla,452.522263,1.0766400458e-03,9.1684861494e-04,1.4697187835e-03,4.6528945292e-04,3.9679526351e-04,4.7866501232e-04,5
chirp_a2,vanilla,455.874279,4.3136946202e-03,2.8756883276e-03,6.2346331368e-03,4.6528945292e-04,3.9679526351e-04,4.7866501232e-04,5
chirp_a2,vanilla,459.226296,3.9072220528e-03,3.1399232471e-03,4.2862511721e-03,4.6528945292e-04,3.9679526351e-04,4.7866501232e-04,5
chirp_a2,vanilla,462.578313,2.4374404248e-03,7.8404255614e-04,3.7213625797e-03,4.3896369870e-04,3.9679526351e-04,4.5686576589e-04,5
chirp_a2,vanilla,465.930330,7.1812248404e-04,4.6078798089e-04,7.5245884675e-04,3.9679526351e-04,3.9110458120e-04,4.2819658183e-04,5
chirp_a2,vanilla,469.282346,7.1613912093e-04,6.0731174044e-04,8.6171493534e-04,3.9679526351e-04,3.9110458120e-04,4.2819658183e-04,5
chirp_a2,vanilla,472.634363,9.0047447237e-04,5.3724452578e-04,1.8900688486e-03,3.9679526351e-04,3.9110458120e-04,4.2819658183e-04,5
chirp_a2,vanilla,475.986380,1.0984231235e-03,7.1322328459e-04,1.4334214227e-03,3.9110458120e-04,3.6890831135e-04,4.2819658183e-04,5
chirp_a2,vanilla,479.338397,6.0117305586e-04,4.4056058067e-04,2.6223711670e-03,3.8054236831e-04,3.6890831135e-04,3.9110458120e-04,5
chirp_a2,vanilla,482.690413,6.5188614543e-04,5.7917932114e-04,9.1506042587e-04,3.7379648353e-04,3.6890831135e-04,3.9110458120e-04,5
chirp_a2,vanilla,486.042430,1.1318494058e-03,5.5414323134e-04,1.5742161205e-03,3.7379648353e-04,3.6890831135e-04,3.9110458120e-04,5
chirp_a2,vanilla,489.394447,7.9070914755e-04,6.6659093428e-04,2.9759214277e-03,3.7379648353e-04,3.6890831135e-04,3.9110458120e-04,5
chirp_a2,vanilla,492.746464,7.6698845006e-04,6.4621600146e-04,9.7950618778e-04,3.7379648353e-04,3.6890831135e-04,3.9110458120e-04,5
chirp_a2,vanilla,496.098480,7.0667870271e-04,4.2772146519e-04,1.5655293915e-03,3.6890831135e-04,3.6542564604e-04,3.7379648353e-04,5
chirp_a2,vanilla,499.450497,6.8633328322e-04,5.5528146245e-04,1.1966446582e-03,3.6890831135e-04,3.4554214413e-04,3.7379648353e-04,5
chirp_a2,vanilla,502.802514,1.3112758802e-03,4.9696155065e-04,1.3532301362e-03,3.6476734080e-04,3.4554214413e-04,3.7379648353e-04,5
chirp_a2,vanilla,506.154531,7.6816556939e-04,7.4021070440e-04,1.1128802895e-03,3.4554214413e-04,3.2187978509e-04,3.7379648353e-04,5
chirp_a2,vanilla,509.506547,6.1467131519e-04,4.9639870433e-04,1.3818941064e-03,3.4554214413e-04,3.1684520149e-04,3.7367373075e-04,5
chirp_a2,vanilla,512.858564,6.1578564280e-04,5.0918111151e-04,8.1823003046e-04,3.4554214413e-04,3.0689507455e-04,3.7351011964e-04,5
chirp_a2,vanilla,516.210581,7.9121386720e-04,4.2648886457e-04,1.0117424292e-03,3.4554214413e-04,3.0315015415e-04,3.7351011964e-04,5
chirp_a2,vanilla,519.562598,2.0421455203e-03,1.6636732857e-03,3.1700128762e-03,3.4554214413e-04,3.0315015415e-04,3.6710529586e-04,5
chirp_a2,vanilla,522.914615,3.4633049594e-03,5.7945697472e-04,3.5498211336e-03,3.4554214413e-04,3.0315015415e-04,3.6281178478e-04,5
chirp_a2,vanilla,526.266631,7.5188504098e-04,5.5805074100e-04,4.6865594851e-03,3.4433570194e-04,3.0315015415e-04,3.6079315608e-04,5
chirp_a2,vanilla,529.618648,3.9076771610e-04,3.6305859760e-04,4.6222439095e-03,3.2066731243e-04,3.0315015415e-04,3.2567527277e-04,5
chirp_a2,vanilla,532.970665,9.3403633682e-04,3.1406944607e-04,1.0413545280e-03,3.1285904236e-04,3.0315015415e-04,3.1406944607e-04,5
chirp_a2,vanilla,536.322682,1.0212632028e-03,3.5202302051e-04,1.3329890640e-03,3.1285904236e-04,3.0315015415e-04,3.1323753514e-04,5
chirp_a2,vanilla,539.674698,6.1235541097e-04,4.1553745464e-04,1.0262490340e-03,3.1285904236e-04,3.0315015415e-04,3.1323753514e-04,5
chirp_a2,vanilla,543.026715,6.1722647706e-04,6.0053714115e-04,9.1172447134e-04,3.1285904236e-04,3.0315015415e-04,3.1323753514e-04,5
chirp_a2,vanilla,546.378732,1.0257130115e-03,5.9739419424e-04,2.0022763318e-03,3.1285904236e-04,3.0315015415e-04,3.1323753514e-04,5
chirp_a2,vanilla,549.730749,2.1382249347e-03,1.6447619853e-03,3.6270766629e-03,3.1186308727e-04,3.0315015415e-04,3.1323753514e-04,5
chirp_a2,vanilla,553.082765,2.0364794819e-03,1.5577961150e-03,3.4927328821e-03,3.0315015415e-04,2.9983563369e-04,3.1323753514e-04,5
chirp_a2,vanilla,556.434782,5.9515496456e-04,4.1791976799e-04,2.4817304677e-03,3.0315015415e-04,2.9624348572e-04,3.1323753514e-04,5
chirp_a2,vanilla,559.786799,4.3078295341e-04,3.7325207376e-04,6.5944179064e-04,3.0315015415e-04,2.9624348572e-04,3.1323753514e-04,5
chirp_a2,vanilla,563.138816,5.7490378070e-04,4.1155631941e-04,7.3406812765e-04,3.0045139614e-04,2.9624348572e-04,3.1323753514e-04,5
chirp_a2,vanilla,566.490832,4.4248981431e-04,3.3194900930e-04,6.0651755598e-04,2.9624348572e-04,2.7651386470e-04,3.1323753514e-04,5
chirp_a2,vanilla,569.842849,4.3292082167e-04,4.3098407122e-04,8.6970271653e-04,2.9624348572e-04,2.7651386470e-04,3.1323753514e-04,5
chirp_a2,vanilla,573.194866,9.9665771939e-04,4.7119934479e-04,1.2103367142e-03,2.9624348572e-04,2.7651386470e-04,3.1323753514e-04,5
chirp_a2,vanilla,576.546883,3.9867556454e-04,3.9655420813e-04,9.7832649003e-04,2.9624348572e-04,2.7651386470e-04,3.1323753514e-04,5
chirp_a2,vanilla,579.898899,8.4828128212e-04,6.7959328113e-04,1.5443430909e-03,2.9046861065e-04,2.7651386470e-04,3.1323753514e-04,5
chirp_a2,vanilla,583.250916,1.2245970332e-03,3.4685534263e-04,2.3571415378e-03,2.8576146539e-04,2.7651386470e-04,3.1323753514e-04,5
chirp_a2,vanilla,586.602933,8.1569094951e-04,4.3098264127e-04,1.0436417509e-03,2.8576146539e-04,2.7651386470e-04,3.1176264203e-04,5
chirp_a2,vanilla,589.954950,4.7048064574e-04,3.8665616272e-04,6.5914279585e-04,2.8576146539e-04,2.7651386470e-04,2.8709565484e-04,5
chirp_a2,vanilla,593.306966,3.4377910867e-04,3.4252768840e-04,5.9053079178e-04,2.7946117739e-04,2.7651386470e-04,2.8576146539e-04,5
chirp_a2,vanilla,596.658983,4.9842516733e-04,4.6141012513e-04,9.3697437433e-04,2.7946117739e-04,2.7651386470e-04,2.8389739318e-04,5
chirp_a2,vanilla,600.011000,1.7442772245e-03,3.5425744382e-04,2.1160285249e-03,2.7651386470e-04,2.7523549796e-04,2.7946117739e-04,5
maxwell_a4,complex_sinh,0.000000,7.2252331318e-02,7.0597758013e-02,7.2532030985e-02,7.2252331318e-02,7.0597758013e-02,7.2532030985e-02,5
maxwell_a4,complex_sinh,3.352251,7.2252331318e-02,7.0597758013e-02,7.2532030985e-02,7.2252331318e-02,7.0597758013e-02,7.2532030985e-02,5
maxwell_a4,complex_sinh,6.704503,7.2252331318e-02,7.0597758013e-02,7.2532030985e-02,7.2252331318e-02,7.0597758013e-02,7.2532030985e-02,5
maxwell_a4,complex_sinh,10.056754,4.9006469107e-02,4.8421573553e-02,5.6227617811e-02,4.9006469107e-02,4.8421573553e-02,5.6227617811e-02,5
maxwell_a4,complex_sinh,13.409006,3.2064440248e-02,3.0276681032e-02,4.3155349280e-02,3.2064440248e-02,3.0276681032e-02,4.3155349280e-02,5
maxwell_a4,complex_sinh,16.761257,2.1206456163e-02,2.1195525672e-02,2.6280549755e-02,2.1206456163e-02,2.1195525672e-02,2.6280549755e-02,5
maxwell_a4,complex_sinh,20.113508,1.4468103659e-02,1.4072639400e-02,1.5594160216e-02,1.4468103659e-02,1.4072639400e-02,1.5594160216e-02,5
maxwell_a4,complex_sinh,23.465760,1.4787613200e-02,1.0159392109e-02,1.5235474342e-02,1.1652676116e-02,1.0125027155e-02,1.3528580876e-02,5
maxwell_a4,complex_sinh,26.818011,1.9002629089e-02,1.1941196856e-02,2.3002443591e-02,1.1652676116e-02,9.3317683844e-03,1.3528580876e-02,5
maxwell_a4,complex_sinh,30.170263,2.2176774107e-02,1.1473245132e-02,2.4336266888e-02,1.1071722385e-02,8.5959990875e-03,1.3528580876e-02,5
maxwell_a4,complex_sinh,33.522514,1.1254123107e-02,7.8174082685e-03,1.3666951718e-02,9.3661270256e-03,6.8835774124e-03,9.6718328071e-03,5
maxwell_a4,complex_sinh,36.874765,6.2858327372e-03,5.2965287055e-03,9.6278928636e-03,5.7785326946e-03,5.2965287055e-03,8.7009144670e-03,5
maxwell_a4,complex_sinh,40.227017,9.3429179426e-03,5.1313927925e-03,1.5338125163e-02,5.7785326946e-03,5.1313927925e-03,8.7009144670e-03,5
maxwell_a4,complex_sinh,43.579268,1.3322624542e-02,4.9476290959e-03,1.9030055615e-02,5.7481182800e-03,4.9476290959e-03,8.6775841795e-03,5
maxwell_a4,complex_sinh,46.931520,7.9936379740e-03,6.3782791977e-03,1.3840861320e-02,5.1215116971e-03,4.5784102215e-03,8.2766475780e-03,5
maxwell_a4,complex_sinh,50.283771,8.2876909107e-03,4.7962207339e-03,1.0018499270e-02,4.5632119566e-03,4.2367444587e-03,7.8942357358e-03,5
maxwell_a4,complex_sinh,53.636022,6.4747413621e-03,6.0673542653e-03,7.1621368147e-03,4.4973520534e-03,4.1940870922e-03,6.0673542653e-03,5
maxwell_a4,complex_sinh,56.988274,4.5472561823e-03,4.1659376024e-03,5.3230142857e-03,4.4973520534e-03,4.1659376024e-03,4.5472561823e-03,5
maxwell_a4,complex_sinh,60.340525,4.4022404761e-03,4.0059608190e-03,4.7749993301e-03,4.1603281104e-03,4.0059608190e-03,4.4022404761e-03,5
maxwell_a4,complex_sinh,63.692777,4.3758611279e-03,3.7423712306e-03,5.6726786063e-03,4.1603281104e-03,3.7423712306e-03,4.3758611279e-03,5
maxwell_a4,complex_sinh,67.045028,5.0940546490e-03,3.8481094973e-03,5.4982492012e-03,3.9299009188e-03,3.6348894165e-03,4.3433879565e-03,5
maxwell_a4,complex_sinh,70.397279,4.2514581227e-03,3.9275775306e-03,7.2959177228e-03,3.6348894165e-03,3.5987700384e-03,4.0675996823e-03,5
maxwell_a4,complex_sinh,73.749531,3.9715621229e-03,3.7738820177e-03,5.8654549026e-03,3.6348894165e-03,3.4413247940e-03,3.7738820177e-03,5
maxwell_a4,complex_sinh,77.101782,5.3151594368e-03,3.4435756652e-03,1.1242903566e-02,3.4435756652e-03,3.4413247940e-03,3.6348894165e-03,5
maxwell_a4,complex_sinh,80.454034,5.7509551988e-03,4.0906473635e-03,1.2496640636e-02,3.3881276224e-03,3.1963889333e-03,3.6348894165e-03,5
maxwell_a4,complex_sinh,83.806285,7.7026864753e-03,4.1054410171e-03,1.4092883715e-02,3.2356345494e-03,3.1963889333e-03,3.6348894165e-03,5
maxwell_a4,complex_sinh,87.158536,4.8742283783e-03,3.1227409240e-03,1.1096448145e-02,3.1940895443e-03,3.1159881693e-03,3.6348894165e-03,5
maxwell_a4,complex_sinh,90.510788,4.0398098372e-03,3.1601412861e-03,6.7022360957e-03,3.1159881693e-03,3.0507386929e-03,3.6348894165e-03,5
maxwell_a4,complex_sinh,93.863039,3.3482353008e-03,3.1935825758e-03,3.5830227365e-03,3.1131761494e-03,2.9138214328e-03,3.3339952267e-03,5
maxwell_a4,complex_sinh,97.215291,3.0164859853e-03,2.8049683316e-03,4.0617393170e-03,2.9757516840e-03,2.8049683316e-03,3.3029792324e-03,5
maxwell_a4,complex_sinh,100.567542,2.8492100903e-03,2.7041178202e-03,4.3229475384e-03,2.8443935261e-03,2.7041178202e-03,3.3029792324e-03,5
maxwell_a4,complex_sinh,103.919793,2.8247391270e-03,2.6568640989e-03,3.6734210230e-03,2.8247391270e-03,2.6568640989e-03,3.1827641038e-03,5
maxwell_a4,complex_sinh,107.272045,2.8230369416e-03,2.6347054035e-03,2.8683251130e-03,2.7591583576e-03,2.6347054035e-03,2.8230369416e-03,5
maxwell_a4,complex_sinh,110.624296,2.7450625794e-03,2.5711797407e-03,3.0892095338e-03,2.6237227920e-03,2.5711684202e-03,2.7450625794e-03,5
maxwell_a4,complex_sinh,113.976547,3.0582402007e-03,2.6374409634e-03,3.2820724996e-03,2.6237227920e-03,2.5711684202e-03,2.6374409634e-03,5
maxwell_a4,complex_sinh,117.328799,3.6006948149e-03,2.9064336729e-03,4.1658178465e-03,2.5807486090e-03,2.5581918800e-03,2.5887004888e-03,5
maxwell_a4,complex_sinh,120.681050,4.1006563392e-03,3.6106361139e-03,5.3843245081e-03,2.5252277114e-03,2.4548363166e-03,2.5887004888e-03,5
maxwell_a4,complex_sinh,124.033302,3.7921237227e-03,2.8928379349e-03,4.1808419328e-03,2.4998379550e-03,2.3537927651e-03,2.5712394903e-03,5
maxwell_a4,complex_sinh,127.385553,3.3332947176e-03,2.9977738737e-03,5.6036231818e-03,2.4998379550e-03,2.3537927651e-03,2.5248189193e-03,5
maxwell_a4,complex_sinh,130.737804,3.1793535313e-03,2.7449927778e-03,1.0148488329e-02,2.4764162761e-03,2.3537927651e-03,2.4998379550e-03,5
maxwell_a4,complex_sinh,134.090056,5.4117271128e-03,5.0989801870e-03,7.8305234524e-03,2.4184481235e-03,2.3537927651e-03,2.4998379550e-03,5
maxwell_a4,complex_sinh,137.442307,2.8858278589e-03,2.3825080263e-03,1.9031480635e-02,2.3644134263e-03,2.3537927651e-03,2.4998379550e-03,5
maxwell_a4,complex_sinh,140.794559,3.2360571008e-03,2.8116632014e-03,7.5015150627e-03,2.3644134263e-03,2.2691810452e-03,2.4998379550e-03,5
maxwell_a4,complex_sinh,144.146810,3.2905889222e-03,2.9568234503e-03,3.3181210181e-03,2.3644134263e-03,2.1695952710e-03,2.4998379550e-03,5
maxwell_a4,complex_sinh,147.499061,3.3487333901e-03,2.9836595019e-03,3.5349685229e-03,2.3644134263e-03,2.1352137892e-03,2.4764683698e-03,5
maxwell_a4,complex_sinh,150.851313,2.7308539101e-03,2.7063463028e-03,6.4344802291e-03,2.3644134263e-03,2.1352137892e-03,2.4441790932e-03,5
maxwell_a4,complex_sinh,154.203564,3.8799112182e-03,2.3926367306e-03,5.1833814364e-03,2.3114829066e-03,2.1095620407e-03,2.3578929089e-03,5
maxwell_a4,complex_sinh,157.555816,3.0935162868e-03,2.2639353903e-03,3.3517147435e-03,2.2321198772e-03,2.0562386815e-03,2.2401883328e-03,5
maxwell_a4,complex_sinh,160.908067,3.4752728939e-03,2.1423007267e-03,3.7092058241e-03,2.1423007267e-03,2.0071447388e-03,2.2095154180e-03,5
maxwell_a4,complex_sinh,164.260318,7.8029829864e-03,2.1029545898e-03,7.8526633037e-03,2.1029545898e-03,1.9657701542e-03,2.2095154180e-03,5
maxwell_a4,complex_sinh,167.612570,8.5641626992e-03,2.0829505314e-03,9.0574273024e-03,2.0723895888e-03,1.9304539973e-03,2.1891129194e-03,5
maxwell_a4,complex_sinh,170.964821,3.9352610367e-03,2.2755659035e-03,5.5862529146e-03,2.0723895888e-03,1.9304539973e-03,2.1391359606e-03,5
maxwell_a4,complex_sinh,174.317073,2.6322200039e-03,2.1908852664e-03,3.6843775066e-03,2.0723895888e-03,1.9304539973e-03,2.1023021896e-03,5
maxwell_a4,complex_sinh,177.669324,2.4860945554e-03,2.3639616501e-03,2.5816222373e-03,2.0723895888e-03,1.8867805398e-03,2.1023021896e-03,5
maxwell_a4,complex_sinh,181.021575,2.3038331272e-03,1.9001637125e-03,2.5507107875e-03,2.0723895888e-03,1.8422989239e-03,2.0996476508e-03,5
maxwell_a4,complex_sinh,184.373827,2.3645940340e-03,2.3233388197e-03,2.3915198330e-03,2.0401083730e-03,1.8329815957e-03,2.0718305721e-03,5
maxwell_a4,complex_sinh,187.726078,2.0648313967e-03,2.0642152465e-03,2.4825440021e-03,2.0037029771e-03,1.8329815957e-03,2.0443820266e-03,5
maxwell_a4,complex_sinh,191.078330,2.0557332399e-03,1.9919674510e-03,3.0892367120e-03,1.9919674510e-03,1.8110641981e-03,1.9930236871e-03,5
maxwell_a4,complex_sinh,194.430581,2.1483226352e-03,1.9393171355e-03,3.8968299351e-03,1.9393171355e-03,1.7968624661e-03,1.9930236871e-03,5
maxwell_a4,complex_sinh,197.782832,2.2028272930e-03,1.9887810182e-03,3.9561048649e-03,1.9282314299e-03,1.7968624661e-03,1.9930236871e-03,5
maxwell_a4,complex_sinh,201.135084,2.2216482745e-03,2.0685733890e-03,2.5208529288e-03,1.9282314299e-03,1.7968624661e-03,1.9930236871e-03,5
maxwell_a4,complex_sinh,204.487335,2.3200585328e-03,2.1518683563e-03,2.3453418776e-03,1.9282314299e-03,1.7968624661e-03,1.9930236871e-03,5
maxwell_a4,complex_sinh,207.839587,2.6802049621e-03,2.0870697642e-03,2.7189432125e-03,1.9282314299e-03,1.7968624661e-03,1.9930236871e-03,5
maxwell_a4,complex_sinh,211.191838,2.5921619495e-03,2.0512192798e-03,2.6784957940e-03,1.9139228576e-03,1.7968624661e-03,1.9930236871e-03,5
maxwell_a4,complex_sinh,214.544089,2.3733174300e-03,2.1644550955e-03,3.8776562613e-03,1.8836460747e-03,1.7968624661e-03,1.9930236871e-03,5
maxwell_a4,complex_sinh,217.896341,3.2494448797e-03,2.0608460866e-03,4.5847752197e-03,1.8625930307e-03,1.7968624661e-03,1.9897770137e-03,5
maxwell_a4,complex_sinh,221.248592,2.5125708436e-03,2.4435735744e-03,3.0147418884e-03,1.8625930307e-03,1.7968624661e-03,1.8766159033e-03,5
maxwell_a4,complex_sinh,224.600844,2.0992607115e-03,1.9036991749e-03,2.5205036317e-03,1.7968624661e-03,1.7698904069e-03,1.8598875489e-03,5
maxwell_a4,complex_sinh,227.953095,2.3422728346e-03,2.2673670584e-03,3.2459280242e-03,1.7968624661e-03,1.7552622125e-03,1.8380642947e-03,5
maxwell_a4,complex_sinh,231.305346,3.5511735135e-03,2.2812178105e-03,6.6440163338e-03,1.7968624661e-03,1.7552622125e-03,1.8164971067e-03,5
maxwell_a4,complex_sinh,234.657598,4.1145038985e-03,3.2597378756e-03,5.0408297197e-03,1.7727076148e-03,1.7452956726e-03,1.7968624661e-03,5
maxwell_a4,complex_sinh,238.009849,2.4433846231e-03,2.0411168994e-03,7.5772354498e-03,1.7309303927e-03,1.7288554428e-03,1.7968624661e-03,5
maxwell_a4,complex_sinh,241.362101,2.0188995574e-03,1.7472144389e-03,4.9840813144e-03,1.7193332215e-03,1.7165462041e-03,1.7968624661e-03,5
maxwell_a4,complex_sinh,244.714352,2.5445091473e-03,1.7836452999e-03,3.3546395575e-03,1.7193332215e-03,1.7021552507e-03,1.7968624661e-03,5
maxwell_a4,complex_sinh,248.066603,3.0774668553e-03,3.0746936080e-03,3.1359975555e-03,1.7193332215e-03,1.6835773439e-03,1.7968624661e-03,5
maxwell_a4,complex_sinh,251.418855,3.4773772505e-03,2.7382439110e-03,6.0127324139e-03,1.7193332215e-03,1.6572803908e-03,1.7968624661e-03,5
maxwell_a4,complex_sinh,254.771106,4.2765725084e-03,1.6691093223e-03,8.1843358828e-03,1.7042449300e-03,1.6359983323e-03,1.7968624661e-03,5
maxwell_a4,complex_sinh,258.123358,3.2480601951e-03,2.9728071693e-03,5.7869794600e-03,1.6701490957e-03,1.6359983323e-03,1.7968624661e-03,5
maxwell_a4,complex_sinh,261.475609,5.7390789778e-03,2.0880056229e-03,6.6404988890e-03,1.6454972111e-03,1.6359983323e-03,1.7968624661e-03,5
maxwell_a4,complex_sinh,264.827860,3.3528399353e-03,2.3495382599e-03,5.6264323822e-03,1.6454972111e-03,1.6359983323e-03,1.7968624661e-03,5
maxwell_a4,complex_sinh,268.180112,2.6438291039e-03,2.4204548607e-03,4.9440107103e-03,1.6428655800e-03,1.6359983323e-03,1.7968624661e-03,5
maxwell_a4,complex_sinh,271.532363,3.8471394082e-03,1.9744086315e-03,5.1052321592e-03,1.6359983323e-03,1.6145040407e-03,1.7968624661e-03,5
maxwell_a4,complex_sinh,274.884615,5.2544887235e-03,2.0425497870e-03,5.8762339635e-03,1.6359983323e-03,1.5866321196e-03,1.7968624661e-03,5
maxwell_a4,complex_sinh,278.236866,4.4701189512e-03,3.4340241971e-03,4.5915186183e-03,1.6359983323e-03,1.5844133422e-03,1.7968624661e-03,5
maxwell_a4,complex_sinh,281.589117,3.8028368676e-03,2.5890522672e-03,7.4123662555e-03,1.6359983323e-03,1.5844133422e-03,1.7968624661e-03,5
maxwell_a4,complex_sinh,284.941369,5.0600612867e-03,2.3333677959e-03,5.5174227422e-03,1.6359983323e-03,1.5688017584e-03,1.7968624661e-03,5
maxwell_a4,complex_sinh,288.293620,3.3364954168e-03,2.3765446767e-03,7.2859896102e-03,1.6359983323e-03,1.5481779078e-03,1.7968624661e-03,5
maxwell_a4,complex_sinh,291.645872,3.9214332596e-03,2.0846421691e-03,7.1199913963e-03,1.6359983323e-03,1.5395335312e-03,1.7968624661e-03,5
maxwell_a4,complex_sinh,294.998123,3.4512616336e-03,3.1227264881e-03,3.5255407727e-03,1.6359983323e-03,1.5395335312e-03,1.7968624661e-03,5
maxwell_a4,complex_sinh,298.350374,2.6303421131e-03,2.5428799456e-03,3.8696041835e-03,1.6359983323e-03,1.5304420864e-03,1.7968624661e-03,5
maxwell_a4,complex_sinh,301.702626,2.9415787585e-03,2.2552590559e-03,4.2555629407e-03,1.6359983323e-03,1.5082673293e-03,1.7968624661e-03,5
maxwell_a4,complex_sinh,305.054877,3.2896426473e-03,1.5984906379e-03,5.2519203607e-03,1.6359983323e-03,1.4915019512e-03,1.7968624661e-03,5
maxwell_a4,complex_sinh,308.407128,3.5054675724e-03,2.1488700116e-03,3.9607582394e-03,1.6359983323e-03,1.4915019512e-03,1.7968624661e-03,5
maxwell_a4,complex_sinh,311.759380,3.0055923572e-03,2.7823947351e-03,3.7347975997e-03,1.6359983323e-03,1.4901651928e-03,1.7968624661e-03,5
maxwell_a4,complex_sinh,315.111631,2.4475453310e-03,2.3283962470e-03,4.2107352298e-03,1.6359983323e-03,1.4687222395e-03,1.7968624661e-03,5
maxwell_a4,complex_sinh,318.463883,2.8169758890e-03,1.8530547590e-03,4.7773854545e-03,1.6359983323e-03,1.4475878428e-03,1.7968624661e-03,5
maxwell_a4,complex_sinh,321.816134,2.8676928139e-03,2.0242782672e-03,3.4576476862e-03,1.6359983323e-03,1.4452918932e-03,1.7968624661e-03,5
maxwell_a4,complex_sinh,325.168385,2.5024833427e-03,2.2113229430e-03,2.6034263733e-03,1.6359983323e-03,1.4452918932e-03,1.7968624661e-03,5
maxwell_a4,complex_sinh,328.520637,2.1851903328e-03,1.9873508342e-03,2.9026485747e-03,1.6359983323e-03,1.4296969200e-03,1.7739647351e-03,5
maxwell_a4,complex_sinh,331.872888,1.7583580219e-03,1.5806902749e-03,3.2460834774e-03,1.6359983323e-03,1.4082012325e-03,1.7220207949e-03,5
maxwell_a4,complex_sinh,335.225140,1.7288122300e-03,1.4193680362e-03,3.6813788447e-03,1.6359983323e-03,1.3985163565e-03,1.6816909590e-03,5
maxwell_a4,complex_sinh,338.577391,1.7526969574e-03,1.4584797967e-03,2.0207980261e-03,1.5254392863e-03,1.3985163565e-03,1.6359983323e-03,5
maxwell_a4,complex_sinh,341.929642,1.5599050433e-03,1.3833303498e-03,2.1316422822e-03,1.3985163565e-03,1.3833303498e-03,1.6359983323e-03,5
maxwell_a4,complex_sinh,345.281894,1.7846773930e-03,1.3388447289e-03,2.8955288741e-03,1.3985163565e-03,1.2541403682e-03,1.6359983323e-03,5
maxwell_a4,complex_sinh,348.634145,1.9162670174e-03,1.5001712912e-03,2.7834201132e-03,1.3929814960e-03,1.1948409721e-03,1.6359983323e-03,5
maxwell_a4,complex_sinh,351.986397,1.5982440271e-03,1.4844487138e-03,2.5287229357e-03,1.3657424512e-03,1.1948409721e-03,1.6359983323e-03,5
maxwell_a4,complex_sinh,355.338648,1.4313479311e-03,1.3707243072e-03,2.3039754844e-03,1.3397749797e-03,1.1948409721e-03,1.6359983323e-03,5
maxwell_a4,complex_sinh,358.690899,2.5061742453e-03,2.1462090155e-03,3.1044636883e-03,1.3397749797e-03,1.1948409721e-03,1.6359983323e-03,5
maxwell_a4,complex_sinh,362.043151,3.3742343964e-03,2.8387269237e-03,3.8135748539e-03,1.3397749797e-03,1.1948409721e-03,1.6359983323e-03,5
maxwell_a4,complex_sinh,365.395402,2.8144366022e-03,2.1795264887e-03,3.8897131475e-03,1.3246329115e-03,1.1688318068e-03,1.6359983323e-03,5
maxwell_a4,complex_sinh,368.747654,1.6955280833e-03,1.4367035358e-03,2.5919277974e-03,1.3071473189e-03,1.1169331034e-03,1.6359983323e-03,5
maxwell_a4,complex_sinh,372.099905,1.5829262531e-03,1.3267965314e-03,2.4564722154e-03,1.3016285521e-03,1.0826005497e-03,1.6359983323e-03,5
maxwell_a4,complex_sinh,375.452156,2.1092495904e-03,1.5624284763e-03,2.4033083004e-03,1.3016285521e-03,1.0826005497e-03,1.6359983323e-03,5
maxwell_a4,complex_sinh,378.804408,2.0842919833e-03,1.4062331420e-03,2.4043289192e-03,1.2927854194e-03,1.0826005497e-03,1.6359983323e-03,5
maxwell_a4,complex_sinh,382.156659,1.5436919249e-03,1.3353728744e-03,2.1550683552e-03,1.2755875794e-03,1.0826005497e-03,1.6359983323e-03,5
maxwell_a4,complex_sinh,385.508911,1.4723992009e-03,1.3486272688e-03,2.1460821594e-03,1.2613018657e-03,1.0826005497e-03,1.6359983323e-03,5
maxwell_a4,complex_sinh,388.861162,2.2852863105e-03,1.6720064215e-03,2.4721847855e-03,1.2524605617e-03,1.0826005497e-03,1.6359983323e-03,5
maxwell_a4,complex_sinh,392.213413,2.7093236030e-03,1.9005374247e-03,2.7347475861e-03,1.2451106570e-03,1.0826005497e-03,1.6359983323e-03,5
maxwell_a4,complex_sinh,395.565665,1.8223446595e-03,1.7403329066e-03,2.3616139185e-03,1.2451106570e-03,1.0826005497e-03,1.6359983323e-03,5
maxwell_a4,complex_sinh,398.917916,1.5070184203e-03,1.2924217106e-03,1.8189147653e-03,1.2451106570e-03,1.0826005497e-03,1.6359983323e-03,5
maxwell_a4,complex_sinh,402.270168,1.4434829272e-03,1.2561656061e-03,1.4938793941e-03,1.2308637366e-03,1.0826005497e-03,1.4446098527e-03,5
maxwell_a4,complex_sinh,405.622419,1.2471520016e-03,1.2204553638e-03,1.4697963447e-03,1.2166615367e-03,1.0826005497e-03,1.2358527422e-03,5
maxwell_a4,complex_sinh,408.974670,1.2199373325e-03,1.2078642666e-03,1.3709040861e-03,1.1660573870e-03,1.0675061473e-03,1.2078642666e-03,5
maxwell_a4,complex_sinh,412.326922,1.2002808380e-03,1.1491388287e-03,1.3109878107e-03,1.1660573870e-03,1.0347796746e-03,1.2002808380e-03,5
maxwell_a4,complex_sinh,415.679173,1.1929227278e-03,1.0941044811e-03,1.3270531698e-03,1.1660573870e-03,1.0117977597e-03,1.1929227278e-03,5
maxwell_a4,complex_sinh,419.031425,1.1857060642e-03,1.1826864272e-03,1.2515187838e-03,1.1660573870e-03,1.0117977597e-03,1.1857060642e-03,5
maxwell_a4,complex_sinh,422.383676,1.1820869319e-03,1.1788038213e-03,1.2122292134e-03,1.1660573870e-03,1.0117977597e-03,1.1788038213e-03,5
maxwell_a4,complex_sinh,425.735927,1.1722378053e-03,1.1439167226e-03,1.2550123258e-03,1.1660573870e-03,1.0117977597e-03,1.1722378053e-03,5
maxwell_a4,complex_sinh,429.088179,1.1686896199e-03,1.1069790495e-03,1.2922640066e-03,1.1660573870e-03,1.0117977597e-03,1.1677363361e-03,5
maxwell_a4,complex_sinh,432.440430,1.1717582660e-03,1.0428147350e-03,1.2771498911e-03,1.1660573870e-03,9.9199302490e-04,1.1677363361e-03,5
maxwell_a4,complex_sinh,435.792682,1.1720251119e-03,9.8059857533e-04,1.2622125479e-03,1.1658414852e-03,9.7128655744e-04,1.1660573870e-03,5
maxwell_a4,complex_sinh,439.144933,1.1561118501e-03,9.6245833888e-04,1.1607629550e-03,1.1106159379e-03,9.6245833888e-04,1.1530301204e-03,5
maxwell_a4,complex_sinh,442.497184,1.0633091873e-03,9.5724252551e-04,1.1404146519e-03,1.0550218345e-03,9.5724252551e-04,1.1403595390e-03,5
maxwell_a4,complex_sinh,445.849436,1.0388511751e-03,9.5063565872e-04,1.1341508024e-03,1.0388511751e-03,9.5063565872e-04,1.1341508024e-03,5
maxwell_a4,complex_sinh,449.201687,1.0330573999e-03,9.4310287297e-04,1.1280943390e-03,1.0330573999e-03,9.4310287297e-04,1.1280943390e-03,5
maxwell_a4,complex_sinh,452.553939,1.0276414406e-03,9.3685243166e-04,1.1222232172e-03,1.0276414406e-03,9.3685243166e-04,1.1222232172e-03,5
maxwell_a4,complex_sinh,455.906190,1.0224544859e-03,9.3233153723e-04,1.1164167362e-03,1.0224544859e-03,9.3233153723e-04,1.1164167362e-03,5
maxwell_a4,complex_sinh,459.258441,1.0173770603e-03,9.2787667080e-04,1.1107566752e-03,1.0173770603e-03,9.2787667080e-04,1.1107566752e-03,5
maxwell_a4,complex_sinh,462.610693,1.0124153097e-03,9.2357736472e-04,1.1051868900e-03,1.0124153097e-03,9.2357736472e-04,1.1051868900e-03,5
maxwell_a4,complex_sinh,465.962944,1.0075245849e-03,9.1930919122e-04,1.0997266038e-03,1.0075245849e-03,9.1930919122e-04,1.0997266038e-03,5
maxwell_a4,complex_sinh,469.315196,1.0027574465e-03,9.1519987276e-04,1.0943781506e-03,1.0027574465e-03,9.1519987276e-04,1.0943781506e-03,5
maxwell_a4,complex_sinh,472.667447,9.9803168133e-04,9.1110892299e-04,1.0891044109e-03,9.9803168133e-04,9.1110892299e-04,1.0891044109e-03,5
maxwell_a4,complex_sinh,476.019698,9.9342940653e-04,9.0716214437e-04,1.0839571708e-03,9.9342940653e-04,9.0716214437e-04,1.0839571708e-03,5
maxwell_a4,complex_sinh,479.371950,9.8884862544e-04,9.0324603696e-04,1.0788579478e-03,9.8884862544e-04,9.0324603696e-04,1.0788579478e-03,5
maxwell_a4,complex_sinh,482.724201,9.8441882460e-04,8.9944393875e-04,1.0739058036e-03,9.8441882460e-04,8.9944393875e-04,1.0739058036e-03,5
maxwell_a4,complex_sinh,486.076453,9.8000886819e-04,8.9569339228e-04,1.0689763906e-03,9.8000886819e-04,8.9569339228e-04,1.0689763906e-03,5
maxwell_a4,complex_sinh,489.428704,9.7572283629e-04,8.9202586059e-04,1.0642020466e-03,9.7572283629e-04,8.9202586059e-04,1.0642020466e-03,5
maxwell_a4,complex_sinh,492.780955,9.7147414073e-04,8.8842623425e-04,1.0594495613e-03,9.7147414073e-04,8.8842623425e-04,1.0594495613e-03,5
maxwell_a4,complex_sinh,496.133207,9.6732421863e-04,8.8488490987e-04,1.0548169047e-03,9.6732421863e-04,8.8488490987e-04,1.0548169047e-03,5
maxwell_a4,complex_sinh,499.485458,9.6322723226e-04,8.8142652007e-04,1.0502244090e-03,9.6322723226e-04,8.8142652007e-04,1.0502244090e-03,5
maxwell_a4,complex_sinh,502.837709,9.5920619702e-04,8.7800389627e-04,1.0457164473e-03,9.5920619702e-04,8.7800389627e-04,1.0457164473e-03,5
maxwell_a4,complex_sinh,506.189961,9.5525151105e-04,8.7467506505e-04,1.0412595865e-03,9.5525151105e-04,8.7467506505e-04,1.0412595865e-03,5
maxwell_a4,complex_sinh,509.542212,9.5135140262e-04,8.7136283838e-04,1.0368743015e-03,9.5135140262e-04,8.7136283838e-04,1.0368743015e-03,5
maxwell_a4,complex_sinh,512.894464,9.4752752901e-04,8.6815080774e-04,1.0325567494e-03,9.4752752901e-04,8.6815080774e-04,1.0325567494e-03,5
maxwell_a4,complex_sinh,516.246715,9.4374003719e-04,8.6495061733e-04,1.0282902806e-03,9.4374003719e-04,8.6495061733e-04,1.0282902806e-03,5
maxwell_a4,complex_sinh,519.598966,9.4003604960e-04,8.6183094600e-04,1.0240996823e-03,9.4003604960e-04,8.6183094600e-04,1.0240996823e-03,5
maxwell_a4,complex_sinh,522.951218,9.3635331271e-04,8.5873266435e-04,1.0199427479e-03,9.3635331271e-04,8.5873266435e-04,1.0199427479e-03,5
maxwell_a4,complex_sinh,526.303469,9.3275976985e-04,8.5569626015e-04,1.0158657065e-03,9.3275976985e-04,8.5569626015e-04,1.0158657065e-03,5
maxwell_a4,complex_sinh,529.655721,9.2918001832e-04,8.5269217285e-04,1.0118085887e-03,9.2918001832e-04,8.5269217285e-04,1.0118085887e-03,5
maxwell_a4,complex_sinh,533.007972,9.2567879784e-04,8.4973148867e-04,1.0078310610e-03,9.2567879784e-04,8.4973148867e-04,1.0078310610e-03,5
maxwell_a4,complex_sinh,536.360223,9.2219568730e-04,8.4681011172e-04,1.0038691693e-03,9.2219568730e-04,8.4681011172e-04,1.0038691693e-03,5
maxwell_a4,complex_sinh,539.712475,9.1877047273e-04,8.4391604992e-04,9.9997199507e-04,9.1877047273e-04,8.4391604992e-04,9.9997199507e-04,5
maxwell_a4,complex_sinh,543.064726,9.1537083657e-04,8.4106269195e-04,9.9609538139e-04,9.1537083657e-04,8.4106269195e-04,9.9609538139e-04,5
maxwell_a4,complex_sinh,546.416978,9.1201287262e-04,8.3822584693e-04,9.9226448013e-04,9.1201287262e-04,8.3822584693e-04,9.9226448013e-04,5
maxwell_a4,complex_sinh,549.769229,9.0868471192e-04,8.3542819615e-04,9.8845873270e-04,9.0868471192e-04,8.3542819615e-04,9.8845873270e-04,5
maxwell_a4,complex_sinh,553.121480,9.0525465583e-04,8.3264026810e-04,9.8468008257e-04,9.0525465583e-04,8.3264026810e-04,9.8468008257e-04,5
maxwell_a4,complex_sinh,556.473732,9.0170974536e-04,8.2988327455e-04,9.8092452420e-04,9.0170974536e-04,8.2988327455e-04,9.8092452420e-04,5
maxwell_a4,complex_sinh,559.825983,8.9840587173e-04,8.6337291870e-04,1.0243065989e-03,8.9840587173e-04,8.2713540981e-04,9.7881204257e-04,5
maxwell_a4,complex_sinh,563.178235,9.8963003535e-04,8.9559970285e-04,1.1368478050e-03,8.9559970285e-04,8.2670996425e-04,9.7881204257e-04,5
maxwell_a4,complex_sinh,566.530486,1.0485653003e-03,9.1539277268e-04,1.1904338472e-03,8.9326357190e-04,8.2670996425e-04,9.7881204257e-04,5
maxwell_a4,complex_sinh,569.882737,1.0677021099e-03,1.0616376256e-03,1.0737613487e-03,8.9326357190e-04,8.2670996425e-04,9.7881204257e-04,5
maxwell_a4,complex_sinh,573.234989,1.1260135555e-03,9.8027665216e-04,1.2315787107e-03,8.9326357190e-04,8.2670996425e-04,9.7801925625e-04,5
maxwell_a4,complex_sinh,576.587240,1.2279632851e-03,9.7289554833e-04,1.4594047205e-03,8.9326357190e-04,8.2553389174e-04,9.7175896995e-04,5
maxwell_a4,complex_sinh,579.939492,1.2602016209e-03,9.6557002136e-04,1.3801221321e-03,8.9326357190e-04,8.2319111065e-04,9.6553875566e-04,5
maxwell_a4,complex_sinh,583.291743,1.1601683386e-03,9.7858555219e-04,1.4528332762e-03,8.9326357190e-04,8.2162412324e-04,9.6536212123e-04,5
maxwell_a4,complex_sinh,586.643994,1.5533056317e-03,1.1385735182e-03,1.6633698014e-03,8.9326357190e-04,8.2162412324e-04,9.6536212123e-04,5
maxwell_a4,complex_sinh,589.996246,1.7802864008e-03,1.4338019304e-03,2.1099892601e-03,8.9326357190e-04,8.2162412324e-04,9.6536212123e-04,5
maxwell_a4,complex_sinh,593.348497,1.8809070392e-03,1.8613235591e-03,2.0246024520e-03,8.9326357190e-04,8.2162412324e-04,9.6536212123e-04,5
maxwell_a4,complex_sinh,596.700749,1.5936302295e-03,1.5698402991e-03,1.8327447484e-03,8.9326357190e-04,8.2162412324e-04,9.6536212123e-04,5
maxwell_a4,complex_sinh,600.053000,1.3608860811e-03,1.2543980206e-03,1.7476084179e-03,8.9326357190e-04,8.2162412324e-04,9.6536212123e-04,5
maxwell_a4,pwnn,0.000000,1.7742763661e-01,1.7605790476e-01,1.8302414033e-01,1.7742763661e-01,1.7605790476e-01,1.8302414033e-01,5
maxwell_a4,pwnn,3.351955,1.1317326883e-01,1.0637645355e-01,1.1415804686e-01,1.1317326883e-01,1.0637645355e-01,1.1415804686e-01,5
maxwell_a4,pwnn,6.703911,1.7356944709e-02,1.5302389297e-02,1.7380701814e-02,1.7356944709e-02,1.5302389297e-02,1.7380701814e-02,5
maxwell_a4,pwnn,10.055866,3.9652319012e-03,3.4473580765e-03,5.3467633862e-03,3.9652319012e-03,3.4473580765e-03,5.3467633862e-03,5
maxwell_a4,pwnn,13.407821,2.7101089982e-03,1.9360676950e-03,3.1388921133e-03,2.7101089982e-03,1.9360676950e-03,3.1388921133e-03,5
maxwell_a4,pwnn,16.759777,1.9375420553e-03,1.3840330640e-03,2.4324838964e-03,1.6194320870e-03,1.3840330640e-03,1.9375420553e-03,5
maxwell_a4,pwnn,20.111732,1.1620378869e-03,1.0552732358e-03,1.2847604901e-03,1.0552732358e-03,1.0524939404e-03,1.2847604901e-03,5
maxwell_a4,pwnn,23.463687,1.5124387922e-03,9.7156370176e-04,1.5942323287e-03,1.0524939404e-03,9.0258858673e-04,1.1199716337e-03,5
maxwell_a4,pwnn,26.815642,9.3977506985e-04,8.8338395445e-04,9.4738157835e-04,8.8338395445e-04,8.4925969879e-04,9.0258858673e-04,5
maxwell_a4,pwnn,30.167598,1.4242206386e-03,1.0699691843e-03,1.4812283894e-03,8.5019103595e-04,7.9078278503e-04,9.0258858673e-04,5
maxwell_a4,pwnn,33.519553,1.0190077577e-03,7.3577711003e-04,1.1945781760e-03,7.0650935491e-04,6.3576541302e-04,8.8790947856e-04,5
maxwell_a4,pwnn,36.871508,1.1700317544e-03,8.6886392276e-04,1.1766844438e-03,6.5912390286e-04,6.3576541302e-04,8.7847394649e-04,5
maxwell_a4,pwnn,40.223464,7.8082432597e-04,7.0240536140e-04,9.8817752090e-04,6.5912390286e-04,5.0692343821e-04,7.3615211064e-04,5
maxwell_a4,pwnn,43.575419,7.5231854998e-04,5.5203062787e-04,7.6316760752e-04,5.4496213152e-04,4.6959682315e-04,6.1943923040e-04,5
maxwell_a4,pwnn,46.927374,6.9461084306e-04,5.6091009826e-04,7.0894801273e-04,5.4496213152e-04,4.6428885536e-04,5.6091009826e-04,5
maxwell_a4,pwnn,50.279330,1.2363282752e-03,6.3641024870e-04,1.2399474460e-03,5.4496213152e-04,4.6428885536e-04,5.5655755163e-04,5
maxwell_a4,pwnn,53.631285,5.5226189580e-04,5.4884328460e-04,5.5513852063e-04,5.4304114261e-04,4.0293283045e-04,5.4892305343e-04,5
maxwell_a4,pwnn,56.983240,7.1280369918e-04,5.7206692173e-04,9.6604162133e-04,5.2002477761e-04,3.9133803530e-04,5.4278593320e-04,5
maxwell_a4,pwnn,60.335196,5.4874587084e-04,5.1619665714e-04,6.4957787256e-04,5.0204983920e-04,3.9133803530e-04,5.1306502198e-04,5
maxwell_a4,pwnn,63.687151,1.3277511330e-03,7.5830954498e-04,1.6705258965e-03,4.8240119972e-04,3.9133803530e-04,5.1306502198e-04,5
maxwell_a4,pwnn,67.039106,7.5604321973e-04,7.0976083093e-04,1.2351495687e-03,4.7043403275e-04,3.6067855919e-04,5.1306502198e-04,5
maxwell_a4,pwnn,70.391061,4.4610874499e-04,4.3185593035e-04,5.2511287214e-04,4.0524260292e-04,3.5746298976e-04,4.9628357236e-04,5
maxwell_a4,pwnn,73.743017,1.0983584163e-03,5.6367158180e-04,1.2968482871e-03,3.9502436421e-04,3.5746298976e-04,4.9510270821e-04,5
maxwell_a4,pwnn,77.094972,5.6092780137e-04,5.4396456069e-04,8.2882474629e-04,3.9502436421e-04,3.5746298976e-04,4.9510270821e-04,5
maxwell_a4,pwnn,80.446927,1.1233697657e-03,9.0552904202e-04,1.3757687305e-03,3.9502436421e-04,3.5746298976e-04,4.9510270821e-04,5
maxwell_a4,pwnn,83.798883,6.5540884986e-04,5.1141229566e-04,9.3607000296e-04,3.9502436421e-04,3.3856631185e-04,4.9510270821e-04,5
maxwell_a4,pwnn,87.150838,4.2925283861e-04,4.0237523395e-04,5.7340654231e-04,3.8864708611e-04,3.3856631185e-04,4.9510270821e-04,5
maxwell_a4,pwnn,90.502793,6.7951872840e-04,4.6637910114e-04,7.2784653093e-04,3.8605205010e-04,3.3856631185e-04,4.7820309561e-04,5
maxwell_a4,pwnn,93.854749,4.5845496687e-04,3.5554697007e-04,4.5907072458e-04,3.5554697007e-04,3.0310438904e-04,3.8605205010e-04,5
maxwell_a4,pwnn,97.206704,8.2279512763e-04,5.7294174704e-04,9.9759696652e-04,3.4782386649e-04,3.0253707650e-04,3.8605205010e-04,5
maxwell_a4,pwnn,100.558659,5.5314526857e-04,3.9558698833e-04,8.5555383809e-04,3.4782386649e-04,3.0253707650e-04,3.8008764491e-04,5
maxwell_a4,pwnn,103.910615,6.2273299816e-04,4.3838112956e-04,6.6075823965e-04,3.4782386649e-04,3.0253707650e-04,3.8008764491e-04,5
maxwell_a4,pwnn,107.262570,5.5305821456e-04,4.4735470532e-04,7.9577126121e-04,3.4782386649e-04,3.0253707650e-04,3.8008764491e-04,5
maxwell_a4,pwnn,110.614525,4.4881202106e-04,4.0907956581e-04,7.0044753988e-04,3.4782386649e-04,3.0100266766e-04,3.8008764491e-04,5
maxwell_a4,pwnn,113.966480,6.2098401085e-04,3.3206759628e-04,7.1501468078e-04,3.4782386649e-04,2.8388175005e-04,3.8008764491e-04,5
maxwell_a4,pwnn,117.318436,8.3547908831e-04,6.6233517143e-04,1.3922894792e-03,3.3796160461e-04,2.8388175005e-04,3.4782386649e-04,5
maxwell_a4,pwnn,120.670391,5.8724726643e-04,4.4360455619e-04,6.3814183705e-04,3.0828350302e-04,2.8388175005e-04,3.3796160461e-04,5
maxwell_a4,pwnn,124.022346,5.8912895199e-04,4.8549372257e-04,9.3185968017e-04,3.0828350302e-04,2.8388175005e-04,3.3796160461e-04,5
maxwell_a4,pwnn,127.374302,5.7019853983e-04,4.7275276985e-04,8.8855371924e-04,3.0828350302e-04,2.8388175005e-04,3.3796160461e-04,5
maxwell_a4,pwnn,130.726257,5.9511462908e-04,5.1775886476e-04,6.1691170519e-04,3.0333926015e-04,2.8388175005e-04,3.0828350302e-04,5
maxwell_a4,pwnn,134.078212,7.2883578981e-04,4.0999707858e-04,1.5576663870e-03,3.0333926015e-04,2.8388175005e-04,3.0828350302e-04,5
maxwell_a4,pwnn,137.430168,4.1922933244e-04,3.7539536277e-04,6.4381463129e-04,3.0333926015e-04,2.8388175005e-04,3.0828350302e-04,5
maxwell_a4,pwnn,140.782123,1.1056949420e-03,8.6847275634e-04,1.1994281006e-03,3.0333926015e-04,2.8388175005e-04,3.0828350302e-04,5
maxwell_a4,pwnn,144.134078,1.0218384557e-03,4.0249935077e-04,1.1638619703e-03,3.0333926015e-04,2.8388175005e-04,3.0828350302e-04,5
maxwell_a4,pwnn,147.486034,9.6354158780e-04,8.6388221289e-04,1.5289432911e-03,3.0333926015e-04,2.8388175005e-04,3.0828350302e-04,5
maxwell_a4,pwnn,150.837989,5.7023558515e-04,5.1116038838e-04,1.0597880552e-03,3.0333926015e-04,2.8388175005e-04,3.0828350302e-04,5
maxwell_a4,pwnn,154.189944,5.2828212061e-04,3.6870431403e-04,1.0518532176e-03,3.0333926015e-04,2.5733472542e-04,3.0828350302e-04,5
maxwell_a4,pwnn,157.541899,5.5622737455e-04,5.1392144117e-04,7.4849728566e-04,3.0333926015e-04,2.5509570144e-04,3.0828350302e-04,5
maxwell_a4,pwnn,160.893855,7.2559277564e-04,2.9066803731e-04,1.1522705128e-03,3.0333926015e-04,2.3609428582e-04,3.0828350302e-04,5
maxwell_a4,pwnn,164.245810,9.6312692487e-04,7.0095067197e-04,1.2380945042e-03,3.0333926015e-04,2.2445904594e-04,3.0828350302e-04,5
maxwell_a4,pwnn,167.597765,4.9695239557e-04,4.7394497104e-04,6.1679215263e-04,3.0333926015e-04,2.1922847926e-04,3.0828350302e-04,5
maxwell_a4,pwnn,170.949721,5.2633847489e-04,3.7351699656e-04,6.1360172563e-04,3.0333926015e-04,2.0737128594e-04,3.0828350302e-04,5
maxwell_a4,pwnn,174.301676,4.5617045192e-04,3.1412439974e-04,4.8625268943e-04,2.9969027331e-04,2.0737128594e-04,3.0828350302e-04,5
maxwell_a4,pwnn,177.653631,5.1078503737e-04,3.0738104987e-04,5.2981824287e-04,2.3112444040e-04,2.0737128594e-04,2.9854959980e-04,5
maxwell_a4,pwnn,181.005587,4.8484315297e-04,4.8210026859e-04,6.6286353840e-04,2.3112444040e-04,2.0737128594e-04,2.9854959980e-04,5
maxwell_a4,pwnn,184.357542,3.5130937850e-04,3.3583939424e-04,5.8541035377e-04,2.3112444040e-04,2.0737128594e-04,2.9854959980e-04,5
maxwell_a4,pwnn,187.709497,5.3724148368e-04,4.2988880407e-04,9.6811830222e-04,2.3112444040e-04,2.0737128594e-04,2.9854959980e-04,5
maxwell_a4,pwnn,191.061453,3.5667495203e-04,3.0363623045e-04,5.1025372667e-04,2.3112444040e-04,2.0737128594e-04,2.8185815027e-04,5
maxwell_a4,pwnn,194.413408,5.1705677616e-04,3.8184467780e-04,6.0955941128e-04,2.3112444040e-04,2.0737128594e-04,2.7582650418e-04,5
maxwell_a4,pwnn,197.765363,5.9693518734e-04,4.2576047684e-04,6.3630432928e-04,2.3112444040e-04,2.0737128594e-04,2.7582650418e-04,5
maxwell_a4,pwnn,201.117318,3.1403983139e-04,2.6062557475e-04,4.3455503420e-04,2.2652827610e-04,2.0737128594e-04,2.7582650418e-04,5
maxwell_a4,pwnn,204.469274,3.6259892730e-04,2.6184945185e-04,4.1382917605e-04,2.1876888686e-04,2.0737128594e-04,2.7582650418e-04,5
maxwell_a4,pwnn,207.821229,3.7208195977e-04,2.3471398667e-04,6.7984379442e-04,2.1876888686e-04,2.0737128594e-04,2.5436276534e-04,5
maxwell_a4,pwnn,211.173184,6.0038210943e-04,4.1086699883e-04,9.6995463658e-04,2.1876888686e-04,2.0737128594e-04,2.4284433531e-04,5
maxwell_a4,pwnn,214.525140,3.7032426136e-04,3.6684747016e-04,4.8440330368e-04,2.1876888686e-04,2.0737128594e-04,2.4284433531e-04,5
maxwell_a4,pwnn,217.877095,5.2282842644e-04,5.0545227473e-04,1.0361529878e-03,2.1876888686e-04,2.0737128594e-04,2.4284433531e-04,5
maxwell_a4,pwnn,221.229050,1.0836988796e-03,4.4938794236e-04,1.2707785157e-03,2.1876888686e-04,2.0737128594e-04,2.4284433531e-04,5
maxwell_a4,pwnn,224.581006,7.3016584568e-04,3.8629113867e-04,9.5632533167e-04,2.1876888686e-04,2.0737128594e-04,2.4284433531e-04,5
maxwell_a4,pwnn,227.932961,4.9017078730e-04,3.7096777526e-04,5.1505621782e-04,2.1876888686e-04,2.0737128594e-04,2.4284433531e-04,5
maxwell_a4,pwnn,231.284916,3.9470611745e-04,3.1262889488e-04,4.4344249172e-04,2.1876888686e-04,2.0737128594e-04,2.4284433531e-04,5
maxwell_a4,pwnn,234.636872,2.8401322411e-04,2.8036167849e-04,5.6080927369e-04,2.1876888686e-04,2.0737128594e-04,2.4284433531e-04,5
maxwell_a4,pwnn,237.988827,4.5154447056e-04,4.5099200087e-04,5.4467761650e-04,2.1876888686e-04,2.0737128594e-04,2.2805583932e-04,5
maxwell_a4,pwnn,241.340782,8.7193312042e-04,3.2934208467e-04,9.0799945751e-04,2.1862970748e-04,2.0737128594e-04,2.2805583932e-04,5
maxwell_a4,pwnn,244.692737,3.5581721908e-04,2.8723458454e-04,3.8564365031e-04,2.1734007262e-04,2.0737128594e-04,2.2805583932e-04,5
maxwell_a4,pwnn,248.044693,5.2112487042e-04,4.2780956210e-04,8.6826123655e-04,2.1734007262e-04,2.0737128594e-04,2.2805583932e-04,5
maxwell_a4,pwnn,251.396648,3.5917594414e-04,3.1302365830e-04,3.9004694068e-04,2.1734007262e-04,2.0737128594e-04,2.2805583932e-04,5
maxwell_a4,pwnn,254.748603,6.8653538039e-04,4.3740081007e-04,9.0226258220e-04,2.1734007262e-04,2.0676797086e-04,2.2805583932e-04,5
maxwell_a4,pwnn,258.100559,2.6657722775e-04,2.4976594951e-04,3.5851724246e-04,2.1734007262e-04,1.9554544293e-04,2.2805583932e-04,5
maxwell_a4,pwnn,261.452514,5.9633159478e-04,4.2699868909e-04,7.8353490993e-04,2.1734007262e-04,1.9554544293e-04,2.2805583932e-04,5
maxwell_a4,pwnn,264.804469,3.0262820128e-04,2.8130596087e-04,3.2626628161e-04,2.1734007262e-04,1.9554544293e-04,2.2774548277e-04,5
maxwell_a4,pwnn,268.156425,2.9183413985e-04,2.7383516824e-04,3.2424820548e-04,2.0526923061e-04,1.9554544293e-04,2.2730669984e-04,5
maxwell_a4,pwnn,271.508380,2.5002745777e-04,2.2756880731e-04,6.6846561974e-04,2.0526923061e-04,1.8795546205e-04,2.2730669984e-04,5
maxwell_a4,pwnn,274.860335,3.6462206897e-04,2.9355742600e-04,4.4029634869e-04,2.0526923061e-04,1.8545206878e-04,2.2730669984e-04,5
maxwell_a4,pwnn,278.212291,3.5417455077e-04,3.2875824701e-04,5.2114887653e-04,2.0526923061e-04,1.8231726252e-04,2.2730669984e-04,5
maxwell_a4,pwnn,281.564246,2.5997335725e-04,2.0493417927e-04,4.2877690381e-04,2.0526923061e-04,1.5422258822e-04,2.2730669984e-04,5
maxwell_a4,pwnn,284.916201,2.6030704162e-04,1.8103135355e-04,8.9280689492e-04,2.0526923061e-04,1.4710900833e-04,2.1539654028e-04,5
maxwell_a4,pwnn,288.268156,4.6708478234e-04,2.2872341940e-04,6.9395316901e-04,2.0066244341e-04,1.4710900833e-04,2.0526923061e-04,5
maxwell_a4,pwnn,291.620112,3.5269021419e-04,3.1689639709e-04,3.7025248199e-04,1.7531895820e-04,1.4710900833e-04,2.0066244341e-04,5
maxwell_a4,pwnn,294.972067,3.2071885770e-04,3.1717673166e-04,3.5140356595e-04,1.6039153444e-04,1.4710900833e-04,2.0066244341e-04,5
maxwell_a4,pwnn,298.324022,4.3860906226e-04,3.0690039753e-04,5.0377681712e-04,1.6039153444e-04,1.4710900833e-04,2.0066244341e-04,5
maxwell_a4,pwnn,301.675978,2.6497613663e-04,2.5239301545e-04,2.7949477022e-04,1.6039153444e-04,1.4710900833e-04,1.9982559726e-04,5
maxwell_a4,pwnn,305.027933,2.9233865906e-04,2.5042263493e-04,3.1426479377e-04,1.6039153444e-04,1.4589643485e-04,1.9777965954e-04,5
maxwell_a4,pwnn,308.379888,4.3788615660e-04,3.2917851703e-04,4.7675090004e-04,1.6039153444e-04,1.4177217008e-04,1.9777965954e-04,5
maxwell_a4,pwnn,311.731844,3.3064852215e-04,2.9129683872e-04,4.2907652411e-04,1.6039153444e-04,1.4177217008e-04,1.9777965954e-04,5
maxwell_a4,pwnn,315.083799,2.8555416132e-04,2.8412130377e-04,2.8831168742e-04,1.6039153444e-04,1.4177217008e-04,1.9777965954e-04,5
maxwell_a4,pwnn,318.435754,3.4491007782e-04,2.2240831052e-04,6.1311573552e-04,1.5838326492e-04,1.4177217008e-04,1.9777965954e-04,5
maxwell_a4,pwnn,321.787709,2.1633731838e-04,2.0457554365e-04,3.3628189133e-04,1.5749693525e-04,1.4177217008e-04,1.9777965954e-04,5
maxwell_a4,pwnn,325.139665,4.3993853358e-04,2.4717812428e-04,4.5731245005e-04,1.5749693525e-04,1.3518044633e-04,1.9777965954e-04,5
maxwell_a4,pwnn,328.491620,4.2739808413e-04,3.7658971818e-04,8.2023148700e-04,1.5749693525e-04,1.3518044633e-04,1.9777965954e-04,5
maxwell_a4,pwnn,331.843575,3.5809093806e-04,2.0842569960e-04,6.7892804145e-04,1.5749693525e-04,1.3518044633e-04,1.8986022449e-04,5
maxwell_a4,pwnn,335.195531,4.6744461503e-04,3.3299338014e-04,4.8111718852e-04,1.5749693525e-04,1.3518044633e-04,1.8801996388e-04,5
maxwell_a4,pwnn,338.547486,2.5895321566e-04,2.2086080568e-04,7.1935968991e-04,1.5749693525e-04,1.3518044633e-04,1.8801996388e-04,5
maxwell_a4,pwnn,341.899441,3.8431113282e-04,2.9481893159e-04,4.7029619742e-04,1.5749693525e-04,1.3518044633e-04,1.8801996388e-04,5
maxwell_a4,pwnn,345.251397,3.4621065454e-04,3.2269940725e-04,5.1242654241e-04,1.5749693525e-04,1.3518044633e-04,1.8801996388e-04,5
maxwell_a4,pwnn,348.603352,2.7394132119e-04,1.9300602563e-04,2.7517420682e-04,1.5749693525e-04,1.3518044633e-04,1.8801996388e-04,5
maxwell_a4,pwnn,351.955307,1.9866775557e-04,1.8934212236e-04,4.4363969799e-04,1.5749693525e-04,1.3518044633e-04,1.8801996388e-04,5
maxwell_a4,pwnn,355.307263,4.9051023492e-04,2.8456562463e-04,5.4369396997e-04,1.5749693525e-04,1.3518044633e-04,1.8801996388e-04,5
maxwell_a4,pwnn,358.659218,3.5284734722e-04,2.7872309584e-04,5.7635802266e-04,1.5749693525e-04,1.3518044633e-04,1.8801996388e-04,5
maxwell_a4,pwnn,362.011173,3.2358501408e-04,2.5941991417e-04,3.3024538042e-04,1.5749693525e-04,1.3518044633e-04,1.8801996388e-04,5
maxwell_a4,pwnn,365.363128,3.3966283829e-04,3.3639401174e-04,3.5157765400e-04,1.5732649083e-04,1.3518044633e-04,1.8801996388e-04,5
maxwell_a4,pwnn,368.715084,2.8690844299e-04,2.7810038035e-04,3.6327571292e-04,1.5379070062e-04,1.2499226162e-04,1.8801996388e-04,5
maxwell_a4,pwnn,372.067039,2.4411410067e-04,2.4066966830e-04,2.5404588690e-04,1.5379070062e-04,1.2171725038e-04,1.8801996388e-04,5
maxwell_a4,pwnn,375.418994,2.0240032685e-04,1.9470008334e-04,2.1447242909e-04,1.5070478375e-04,1.2171725038e-04,1.8801996388e-04,5
maxwell_a4,pwnn,378.770950,2.2639925594e-04,1.9625922884e-04,2.9217229438e-04,1.3915809113e-04,1.2171725038e-04,1.7402540482e-04,5
maxwell_a4,pwnn,382.122905,3.0955991998e-04,2.8633015131e-04,3.4765966281e-04,1.3915809113e-04,1.2171725038e-04,1.7402540482e-04,5
maxwell_a4,pwnn,385.474860,3.4874630281e-04,2.4644068458e-04,4.4223129769e-04,1.3915809113e-04,1.2171725038e-04,1.7222381155e-04,5
maxwell_a4,pwnn,388.826816,3.6409624005e-04,2.4202496782e-04,3.9302891646e-04,1.3915809113e-04,1.2171725038e-04,1.7016709506e-04,5
maxwell_a4,pwnn,392.178771,3.1896891459e-04,2.6361534424e-04,3.4435763689e-04,1.3915809113e-04,1.2171725038e-04,1.7016709506e-04,5
maxwell_a4,pwnn,395.530726,1.7720538990e-04,1.7566904749e-04,1.8135991951e-04,1.3915809113e-04,1.2161896834e-04,1.7016709506e-04,5
maxwell_a4,pwnn,398.882682,3.1961482345e-04,1.6473786796e-04,3.3920074599e-04,1.3915809113e-04,1.2149493709e-04,1.7016709506e-04,5
maxwell_a4,pwnn,402.234637,2.9224600969e-04,1.9295598493e-04,3.2121675351e-04,1.3915809113e-04,1.2149493709e-04,1.7016709506e-04,5
maxwell_a4,pwnn,405.586592,2.6111126885e-04,1.6770513647e-04,3.4293768232e-04,1.3732220106e-04,1.2149493709e-04,1.6810169026e-04,5
maxwell_a4,pwnn,408.938547,2.5366120446e-04,2.4649876508e-04,3.4124134671e-04,1.3625199069e-04,1.2149493709e-04,1.6583029845e-04,5
maxwell_a4,pwnn,412.290503,3.3483500368e-04,2.2524726479e-04,3.4935131386e-04,1.3625199069e-04,1.2149493709e-04,1.6583029845e-04,5
maxwell_a4,pwnn,415.642458,3.1362500708e-04,2.4880548222e-04,3.4718788318e-04,1.3625199069e-04,1.2149493709e-04,1.6583029845e-04,5
maxwell_a4,pwnn,418.994413,2.7153143321e-04,2.2251396611e-04,2.8764778487e-04,1.3625199069e-04,1.2149493709e-04,1.6583029845e-04,5
maxwell_a4,pwnn,422.346369,3.2752401374e-04,1.9384179299e-04,3.3790819385e-04,1.3625199069e-04,1.2149493709e-04,1.6583029845e-04,5
maxwell_a4,pwnn,425.698324,1.8838345724e-04,1.7184661243e-04,3.3972626709e-04,1.3625199069e-04,1.2149493709e-04,1.6583029845e-04,5
maxwell_a4,pwnn,429.050279,2.9570262817e-04,2.3280282075e-04,3.1897702652e-04,1.3625199069e-04,1.2149493709e-04,1.6583029845e-04,5
maxwell_a4,pwnn,432.402235,2.4712741871e-04,2.0808266092e-04,2.6421141193e-04,1.3625199069e-04,1.2149493709e-04,1.6583029845e-04,5
maxwell_a4,pwnn,435.754190,2.1317540191e-04,1.8743880059e-04,2.5238995443e-04,1.3625199069e-04,1.2149493709e-04,1.6583029845e-04,5
maxwell_a4,pwnn,439.106145,2.5923169724e-04,2.3175174400e-04,2.6083706568e-04,1.3625199069e-04,1.2149493709e-04,1.6583029845e-04,5
maxwell_a4,pwnn,442.458101,1.6885794108e-04,1.2918392944e-04,2.2922528801e-04,1.2834089960e-04,1.2149493709e-04,1.6583029845e-04,5
maxwell_a4,pwnn,445.810056,2.2464145702e-04,1.9623899547e-04,5.0302437873e-04,1.2675319825e-04,1.2149493709e-04,1.6583029845e-04,5
maxwell_a4,pwnn,449.162011,2.5117768509e-04,1.7940087405e-04,2.8944490753e-04,1.2675319825e-04,1.2149493709e-04,1.5682281767e-04,5
maxwell_a4,pwnn,452.513966,2.1360588252e-04,1.7368735809e-04,2.2658060237e-04,1.2675319825e-04,1.2149493709e-04,1.5682281767e-04,5
maxwell_a4,pwnn,455.865922,2.0218698362e-04,1.6493319671e-04,2.0369525127e-04,1.2675319825e-04,1.2149493709e-04,1.5682281767e-04,5
maxwell_a4,pwnn,459.217877,2.1731302339e-04,2.0001336395e-04,2.2573268094e-04,1.2675319825e-04,1.2149493709e-04,1.5644738759e-04,5
maxwell_a4,pwnn,462.569832,1.8910354770e-04,1.7310417455e-04,1.9308340028e-04,1.2675319825e-04,1.1536980784e-04,1.5567008234e-04,5
maxwell_a4,pwnn,465.921788,1.5318041509e-04,1.4351745785e-04,2.4603502023e-04,1.2675319825e-04,1.0270028964e-04,1.5301339451e-04,5
maxwell_a4,pwnn,469.273743,2.1978242869e-04,1.9566238202e-04,2.6444492353e-04,1.2675319825e-04,1.0270028964e-04,1.5301339451e-04,5
maxwell_a4,pwnn,472.625698,1.8496983174e-04,1.3685188051e-04,2.3472677226e-04,1.2270259286e-04,1.0270028964e-04,1.5301339451e-04,5
maxwell_a4,pwnn,475.977654,1.6824694429e-04,1.1568536456e-04,2.2160603997e-04,1.2270259286e-04,1.0055913943e-04,1.5301339451e-04,5
maxwell_a4,pwnn,479.329609,1.7640313336e-04,1.2664018093e-04,2.1153557457e-04,1.2270259286e-04,9.9630333637e-05,1.5231013341e-04,5
maxwell_a4,pwnn,482.681564,1.4969394013e-04,1.3463295643e-04,1.5652215611e-04,1.2270259286e-04,9.9630333637e-05,1.4969394013e-04,5
maxwell_a4,pwnn,486.033520,1.8047838328e-04,1.7703833296e-04,2.1195350635e-04,1.2270259286e-04,9.9630333637e-05,1.4969142183e-04,5
maxwell_a4,pwnn,489.385475,1.4613683390e-04,1.1704401005e-04,2.0497137659e-04,1.2179772334e-04,9.9630333637e-05,1.4969142183e-04,5
maxwell_a4,pwnn,492.737430,1.5513355916e-04,1.2247487566e-04,1.6974973625e-04,1.1734202541e-04,9.9478837664e-05,1.4969142183e-04,5
maxwell_a4,pwnn,496.089385,1.4344365193e-04,1.3355210696e-04,1.6259468354e-04,1.1734202541e-04,9.9211415338e-05,1.4969142183e-04,5
maxwell_a4,pwnn,499.441341,1.7393700784e-04,1.3554159823e-04,2.1251325581e-04,1.1734202541e-04,9.9211415338e-05,1.4969142183e-04,5
maxwell_a4,pwnn,502.793296,1.7975923844e-04,1.0171643742e-04,2.1568361069e-04,1.1734202541e-04,9.9211415338e-05,1.4969142183e-04,5
maxwell_a4,pwnn,506.145251,1.6327820731e-04,1.2775386735e-04,1.6703127725e-04,1.1734202541e-04,9.9211415338e-05,1.4969142183e-04,5
maxwell_a4,pwnn,509.497207,1.2903795965e-04,1.2839716117e-04,1.5014068352e-04,1.1734202541e-04,9.5493877414e-05,1.4801306867e-04,5
maxwell_a4,pwnn,512.849162,1.6147547769e-04,1.1050054252e-04,1.9145874492e-04,1.1734202541e-04,9.4302964768e-05,1.4801306867e-04,5
maxwell_a4,pwnn,516.201117,2.0570012104e-04,1.5063296532e-04,2.1114030501e-04,1.1734202541e-04,9.4302964768e-05,1.4801306867e-04,5
maxwell_a4,pwnn,519.553073,1.6708768399e-04,1.1729665475e-04,1.7808332507e-04,1.1382123709e-04,9.4302964768e-05,1.4801306867e-04,5
maxwell_a4,pwnn,522.905028,1.2231164223e-04,1.1775813693e-04,1.5985031735e-04,1.1185630138e-04,9.4302964768e-05,1.4801306867e-04,5
maxwell_a4,pwnn,526.256983,1.6953733357e-04,1.6252587468e-04,1.7155487889e-04,1.1185630138e-04,9.4302964768e-05,1.4772815001e-04,5
maxwell_a4,pwnn,529.608939,1.6303473424e-04,1.5875577545e-04,2.0176076106e-04,1.1185630138e-04,9.4302964768e-05,1.4670906883e-04,5
maxwell_a4,pwnn,532.960894,2.0869839233e-04,1.4845101497e-04,2.1092414772e-04,1.1185630138e-04,9.4302964768e-05,1.4670906883e-04,5
maxwell_a4,pwnn,536.312849,1.6158434114e-04,1.4074576521e-04,1.7555110323e-04,1.1185630138e-04,9.4211794478e-05,1.4642174235e-04,5
maxwell_a4,pwnn,539.664804,1.4277604360e-04,1.1704150311e-04,1.8517111346e-04,1.1185630138e-04,9.4097865811e-05,1.4277604360e-04,5
maxwell_a4,pwnn,543.016760,1.1255114052e-04,9.5677416294e-05,1.4152738555e-04,1.1074015064e-04,9.3374818024e-05,1.4152738555e-04,5
maxwell_a4,pwnn,546.368715,1.4175751924e-04,1.2924590693e-04,2.3201079365e-04,1.0843062910e-04,9.3374818024e-05,1.4152175358e-04,5
maxwell_a4,pwnn,549.720670,1.3027384906e-04,9.9849891812e-05,1.7129193567e-04,1.0839325198e-04,9.1329719410e-05,1.4152175358e-04,5
maxwell_a4,pwnn,553.072626,1.4488071019e-04,1.2397011014e-04,1.6245870242e-04,1.0798694349e-04,9.0872831223e-05,1.4152175358e-04,5
maxwell_a4,pwnn,556.424581,1.2287598641e-04,1.1662235544e-04,1.4349756407e-04,1.0798694349e-04,9.0872831223e-05,1.4152175358e-04,5
maxwell_a4,pwnn,559.776536,1.4122911117e-04,1.1396542163e-04,1.5006338207e-04,1.0765198527e-04,9.0872831223e-05,1.4121871960e-04,5
maxwell_a4,pwnn,563.128492,1.5898415596e-04,1.0659076628e-04,1.6909478119e-04,1.0639608552e-04,8.8965040408e-05,1.4113673934e-04,5
maxwell_a4,pwnn,566.480447,1.4025445810e-04,1.1681675478e-04,1.5522244082e-04,1.0639608552e-04,8.8965040408e-05,1.4088213582e-04,5
maxwell_a4,pwnn,569.832402,1.1076411674e-04,8.9972362440e-05,1.3833689267e-04,1.0639608552e-04,8.8965040408e-05,1.3833689267e-04,5
maxwell_a4,pwnn,573.184358,1.6115450958e-04,1.4284217207e-04,1.7136923616e-04,1.0639608552e-04,8.8965040408e-05,1.3775400135e-04,5
maxwell_a4,pwnn,576.536313,1.4553031018e-04,8.9770641615e-05,1.7626857698e-04,1.0639608552e-04,8.8965040408e-05,1.3775400135e-04,5
maxwell_a4,pwnn,579.888268,1.5398491167e-04,1.4624298186e-04,1.7083513669e-04,1.0614997499e-04,8.8965040408e-05,1.3775400135e-04,5
maxwell_a4,pwnn,583.240223,1.4595374840e-04,8.7843779145e-05,1.9293858247e-04,1.0579054084e-04,8.7843779145e-05,1.3775400135e-04,5
maxwell_a4,pwnn,586.592179,1.2036597441e-04,1.0211173760e-04,1.5589878153e-04,1.0544467872e-04,8.7523893893e-05,1.3774621228e-04,5
maxwell_a4,pwnn,589.944134,1.5891315697e-04,1.4486601741e-04,1.6685119794e-04,1.0370788611e-04,8.7523893893e-05,1.3767839301e-04,5
maxwell_a4,pwnn,593.296089,1.2352470769e-04,1.1478173578e-04,1.7976236961e-04,1.0370788611e-04,8.7523893893e-05,1.3767839301e-04,5
maxwell_a4,pwnn,596.648045,1.3486965673e-04,1.0686876654e-04,1.8007785067e-04,1.0370788611e-04,8.7523893893e-05,1.3767839301e-04,5
maxwell_a4,pwnn,600.000000,1.2754225843e-04,1.0502314304e-04,1.3588345410e-04,1.0370788611e-04,8.7523893893e-05,1.3588345410e-04,5
p0b,direct_autodiff,0.000000,7.5131191290e-01,6.5247485355e-01,9.0824559879e-01,7.5131191290e-01,6.5247485355e-01,9.0824559879e-01,5
p0b,direct_autodiff,6.650077,3.1832064636e-01,2.9887752658e-01,3.3588197980e-01,3.1832064636e-01,2.9887752658e-01,3.3588197980e-01,5
p0b,direct_autodiff,13.300154,1.6092303942e-01,1.4416515888e-01,1.7625032800e-01,1.6092303942e-01,1.4416515888e-01,1.7625032800e-01,5
p0b,direct_autodiff,19.950231,1.1141417664e-01,9.5260509606e-02,1.4512010792e-01,1.1141417664e-01,9.5260509606e-02,1.4512010792e-01,5
p0b,direct_autodiff,26.600309,7.3041264205e-02,5.7047569769e-02,9.7846755263e-02,7.3041264205e-02,5.7047569769e-02,9.7846755263e-02,5
p0b,direct_autodiff,33.250386,5.2995278203e-02,3.6472454401e-02,6.0408365701e-02,5.2995278203e-02,3.6472454401e-02,6.0408365701e-02,5
p0b,direct_autodiff,39.900463,3.1220033228e-02,2.8950121238e-02,4.4822766190e-02,3.1220033228e-02,2.8950121238e-02,4.4822766190e-02,5
p0b,direct_autodiff,46.550540,2.4796344628e-02,2.4088153707e-02,3.6046308495e-02,2.4796344628e-02,2.4088153707e-02,3.6046308495e-02,5
p0b,direct_autodiff,53.200617,2.3263865090e-02,2.1172519775e-02,2.9169804399e-02,2.2669376413e-02,2.1123941727e-02,2.9169804399e-02,5
p0b,direct_autodiff,59.850694,2.4107728120e-02,2.1291964220e-02,2.4868507537e-02,2.2669376413e-02,2.1123941727e-02,2.4107728120e-02,5
p0b,direct_autodiff,66.500771,2.1215377672e-02,1.8930421262e-02,2.6249053907e-02,2.1215377672e-02,1.8864533248e-02,2.2669376413e-02,5
p0b,direct_autodiff,73.150849,1.9643495649e-02,1.7501772468e-02,2.3157829051e-02,1.9643495649e-02,1.7434236649e-02,2.2123981825e-02,5
p0b,direct_autodiff,79.800926,1.9556160151e-02,1.7688747504e-02,2.1547063411e-02,1.9556160151e-02,1.7434236649e-02,2.0666177306e-02,5
p0b,direct_autodiff,86.451003,1.9262120413e-02,1.6584761555e-02,2.1132386739e-02,1.9262120413e-02,1.6468268413e-02,2.0446653578e-02,5
p0b,direct_autodiff,93.101080,1.8630777440e-02,1.5792770987e-02,2.2062257592e-02,1.8630777440e-02,1.5733498011e-02,2.0446653578e-02,5
p0b,direct_autodiff,99.751157,1.7419590354e-02,1.5976683238e-02,2.3095821700e-02,1.7419590354e-02,1.5733498011e-02,2.0446653578e-02,5
p0b,direct_autodiff,106.401234,1.7357943497e-02,1.7235622049e-02,2.0016106923e-02,1.7193461266e-02,1.5733498011e-02,1.9975907146e-02,5
p0b,direct_autodiff,113.051311,1.8299486595e-02,1.8033286532e-02,1.9022705270e-02,1.7193461266e-02,1.5733498011e-02,1.7974425989e-02,5
p0b,direct_autodiff,119.701389,1.8223378854e-02,1.7988872287e-02,1.9621207642e-02,1.7193461266e-02,1.5733498011e-02,1.7974425989e-02,5
p0b,direct_autodiff,126.351466,1.6166793745e-02,1.5962018136e-02,1.6699752970e-02,1.5767909342e-02,1.4952791846e-02,1.6046158006e-02,5
p0b,direct_autodiff,133.001543,1.4373669464e-02,1.4101076793e-02,1.4767142964e-02,1.4373669464e-02,1.4101076793e-02,1.4532747215e-02,5
p0b,direct_autodiff,139.651620,1.3947921809e-02,1.3675210804e-02,1.4300851056e-02,1.3947921809e-02,1.3675210804e-02,1.4300851056e-02,5
p0b,direct_autodiff,146.301697,1.4849578332e-02,1.3596128262e-02,1.5337367423e-02,1.3853574620e-02,1.3552466259e-02,1.4188916855e-02,5
p0b,direct_autodiff,152.951774,1.5657491469e-02,1.3811635984e-02,1.6868655096e-02,1.3853574620e-02,1.3552466259e-02,1.4188916855e-02,5
p0b,direct_autodiff,159.601851,1.4885851795e-02,1.4770368072e-02,1.8094665579e-02,1.3853574620e-02,1.3552466259e-02,1.4188916855e-02,5
p0b,direct_autodiff,166.251929,1.4764027658e-02,1.3747800046e-02,1.6455361191e-02,1.3552466259e-02,1.3342650655e-02,1.4188916855e-02,5
p0b,direct_autodiff,172.902006,1.3734993566e-02,1.3137520684e-02,1.5409882438e-02,1.3070703409e-02,1.2837355877e-02,1.4188916855e-02,5
p0b,direct_autodiff,179.552083,1.3810041256e-02,1.0923278370e-02,1.4503738289e-02,1.2837355877e-02,9.8686167843e-03,1.3498917702e-02,5
p0b,direct_autodiff,186.202160,1.3234742585e-02,1.2604194657e-02,1.3235309751e-02,1.1649914544e-02,8.8276750504e-03,1.3233220214e-02,5
p0b,direct_autodiff,192.852237,1.3040199167e-02,1.0741975694e-02,1.3508972160e-02,1.0462039363e-02,8.8276750504e-03,1.3037200131e-02,5
p0b,direct_autodiff,199.502314,1.1889393878e-02,1.0396389134e-02,1.2063166395e-02,1.0462039363e-02,8.8276750504e-03,1.1888664684e-02,5
p0b,direct_autodiff,206.152391,1.1576816251e-02,1.0246305449e-02,1.3207981281e-02,1.0246305449e-02,8.8276750504e-03,1.0462039363e-02,5
p0b,direct_autodiff,212.802469,1.3811292641e-02,9.4439163476e-03,1.4138474298e-02,8.8276750504e-03,8.7278157548e-03,1.0462039363e-02,5
p0b,direct_autodiff,219.452546,1.2683747836e-02,1.1870652166e-02,1.6325380921e-02,8.8276750504e-03,8.7278157548e-03,1.0462039363e-02,5
p0b,direct_autodiff,226.102623,1.3264326302e-02,1.1523777804e-02,1.4743071883e-02,8.8276750504e-03,8.7278157548e-03,1.0462039363e-02,5
p0b,direct_autodiff,232.752700,1.0366883799e-02,1.0150507124e-02,1.2350901994e-02,8.8276750504e-03,8.7278157548e-03,1.0150507124e-02,5
p0b,direct_autodiff,239.402777,1.0567934549e-02,9.6197483152e-03,1.2041247791e-02,8.8276750504e-03,8.7278157548e-03,9.6197483152e-03,5
p0b,direct_autodiff,246.052854,1.1929737249e-02,1.0557224641e-02,1.2925960815e-02,8.8276750504e-03,8.7278157548e-03,9.4185438213e-03,5
p0b,direct_autodiff,252.702931,1.1976794366e-02,1.0838847196e-02,1.6780858155e-02,8.8276750504e-03,8.7026939228e-03,9.4185438213e-03,5
p0b,direct_autodiff,259.353009,1.0582558369e-02,9.1694083951e-03,1.1294688874e-02,8.5427635298e-03,8.2893900324e-03,9.4185438213e-03,5
p0b,direct_autodiff,266.003086,9.6398371836e-03,8.5094989461e-03,9.7228228964e-03,8.3672873446e-03,8.1051730806e-03,9.4185438213e-03,5
p0b,direct_autodiff,272.653163,9.3554882444e-03,8.8636313033e-03,1.3642364801e-02,8.3672873446e-03,8.1051730806e-03,8.6747756906e-03,5
p0b,direct_autodiff,279.303240,1.1347918256e-02,1.1131297501e-02,1.1986502848e-02,8.3672873446e-03,8.1051730806e-03,8.6747756906e-03,5
p0b,direct_autodiff,285.953317,1.2358653587e-02,8.9576242201e-03,1.2729249950e-02,8.2738735939e-03,8.1051730806e-03,8.6747756906e-03,5
p0b,direct_autodiff,292.603394,1.1434569521e-02,8.0984846983e-03,1.1954403752e-02,8.1051730806e-03,8.0125772837e-03,8.6747756906e-03,5
p0b,direct_autodiff,299.253471,1.2230886553e-02,8.0684352780e-03,1.4172434506e-02,8.1051730806e-03,7.5248931244e-03,8.6747756906e-03,5
p0b,direct_autodiff,305.903549,1.1285894264e-02,7.8987506161e-03,1.4611173649e-02,7.8541435869e-03,7.1925477784e-03,8.6747756906e-03,5
p0b,direct_autodiff,312.553626,9.5701871649e-03,7.4427481177e-03,1.0404348092e-02,7.3728077415e-03,7.1925477784e-03,8.6747756906e-03,5
p0b,direct_autodiff,319.203703,9.1154613182e-03,8.9154836732e-03,1.1198076620e-02,7.3656096570e-03,7.1925477784e-03,8.6747756906e-03,5
p0b,direct_autodiff,325.853780,9.8003744250e-03,7.2519818931e-03,1.0874965146e-02,7.3656096570e-03,6.9759006353e-03,8.6747756906e-03,5
p0b,direct_autodiff,332.503857,1.1841916173e-02,6.5621568278e-03,1.2342187030e-02,7.3656096570e-03,6.3110658239e-03,8.6747756906e-03,5
p0b,direct_autodiff,339.153934,1.1873841199e-02,9.2000975651e-03,1.2438634807e-02,7.3656096570e-03,6.1855726846e-03,8.6747756906e-03,5
p0b,direct_autodiff,345.804011,1.2081942487e-02,1.0651418256e-02,1.3066786171e-02,7.3656096570e-03,6.1855726846e-03,8.6747756906e-03,5
p0b,direct_autodiff,352.454088,1.2380669367e-02,1.0760527628e-02,1.2497788052e-02,7.3656096570e-03,6.1855726846e-03,8.6747756906e-03,5
p0b,direct_autodiff,359.104166,8.2954078614e-03,8.2479253437e-03,1.0895128227e-02,7.3656096570e-03,6.1541079821e-03,7.6386976963e-03,5
p0b,direct_autodiff,365.754243,8.3544857165e-03,7.1921891495e-03,1.0208990422e-02,7.1031304436e-03,6.1541079821e-03,7.3656096570e-03,5
p0b,direct_autodiff,372.404320,8.4944489194e-03,7.7525507056e-03,1.1388015530e-02,7.1031304436e-03,6.1541079821e-03,7.3656096570e-03,5
p0b,direct_autodiff,379.054397,8.9056831368e-03,8.1978557422e-03,9.1951049297e-03,7.1031304436e-03,6.1541079821e-03,7.3656096570e-03,5
p0b,direct_autodiff,385.704474,8.4930671429e-03,7.4677738561e-03,9.2114496158e-03,7.0493374561e-03,6.1541079821e-03,7.0649424699e-03,5
p0b,direct_autodiff,392.354551,7.5078193849e-03,6.9568404670e-03,1.0188344983e-02,6.3321493701e-03,6.1541079821e-03,6.9231322482e-03,5
p0b,direct_autodiff,399.004628,7.4116764360e-03,6.7433386719e-03,9.0696142194e-03,6.2412820972e-03,6.1541079821e-03,6.9116379911e-03,5
p0b,direct_autodiff,405.654706,7.8683085691e-03,7.5029207316e-03,7.8796439796e-03,6.2412820972e-03,6.1541079821e-03,6.8809838125e-03,5
p0b,direct_autodiff,412.304783,8.3146995662e-03,8.0949393217e-03,9.0542505211e-03,6.2412820972e-03,6.1541079821e-03,6.8033346722e-03,5
p0b,direct_autodiff,418.954860,9.4963526231e-03,9.0189924656e-03,9.9806116474e-03,6.2412820972e-03,6.1541079821e-03,6.7936584683e-03,5
p0b,direct_autodiff,425.604937,1.0120717213e-02,9.9941425366e-03,1.0158619606e-02,6.2412820972e-03,6.1541079821e-03,6.7936584683e-03,5
p0b,direct_autodiff,432.255014,9.0577138842e-03,8.4947076865e-03,1.4776622015e-02,6.2412820972e-03,6.1541079821e-03,6.7936584683e-03,5
p0b,direct_autodiff,438.905091,9.1565810698e-03,7.8512631646e-03,1.5053238879e-02,6.2412820972e-03,6.1541079821e-03,6.7936584683e-03,5
p0b,direct_autodiff,445.555168,9.5788986397e-03,7.0419652718e-03,1.1383438695e-02,6.2412820972e-03,6.1541079821e-03,6.6897299984e-03,5
p0b,direct_autodiff,452.205246,1.1533687767e-02,7.1274940841e-03,1.1689398404e-02,6.2412820972e-03,6.1541079821e-03,6.3718760926e-03,5
p0b,direct_autodiff,458.855323,9.9777242291e-03,7.6555722222e-03,1.2868658010e-02,6.2412820972e-03,6.1541079821e-03,6.3093114522e-03,5
p0b,direct_autodiff,465.505400,8.4603922165e-03,8.0490797880e-03,8.7571783436e-03,6.2412820972e-03,6.1541079821e-03,6.3093114522e-03,5
p0b,direct_autodiff,472.155477,7.2784788122e-03,7.1768492578e-03,7.9072590386e-03,6.2412820972e-03,6.1541079821e-03,6.3093114522e-03,5
p0b,direct_autodiff,478.805554,7.4592890602e-03,7.2401733703e-03,7.8690168173e-03,6.1541079821e-03,6.1485265692e-03,6.2412820972e-03,5
p0b,direct_autodiff,485.455631,7.6715903954e-03,7.0959808325e-03,8.5743140592e-03,6.1541079821e-03,5.9808723922e-03,6.2412820972e-03,5
p0b,direct_autodiff,492.105708,9.9052362689e-03,6.9146252467e-03,1.0695816776e-02,6.1541079821e-03,5.9488413321e-03,6.2412820972e-03,5
p0b,direct_autodiff,498.755786,9.7369697673e-03,6.7225611139e-03,1.1242951661e-02,6.1541079821e-03,5.9398750895e-03,6.2412820972e-03,5
p0b,direct_autodiff,505.405863,8.3373098872e-03,6.5389983547e-03,1.0398076249e-02,6.1541079821e-03,5.9398750895e-03,6.2412820972e-03,5
p0b,direct_autodiff,512.055940,7.9038224945e-03,6.9149168642e-03,1.3803160986e-02,6.1541079821e-03,5.9398750895e-03,6.2412820972e-03,5
p0b,direct_autodiff,518.706017,8.4781917688e-03,8.1067105874e-03,1.0461910198e-02,6.1541079821e-03,5.9398750895e-03,6.2412820972e-03,5
p0b,direct_autodiff,525.356094,9.1163606729e-03,8.2160837223e-03,9.5719395793e-03,6.1351049473e-03,5.8442930358e-03,6.2227705970e-03,5
p0b,direct_autodiff,532.006171,6.2411767942e-03,6.1574520997e-03,7.0138930983e-03,6.0519161301e-03,5.4134473439e-03,6.1188396748e-03,5
p0b,direct_autodiff,538.656248,6.8531470953e-03,6.3159213293e-03,6.9826116587e-03,6.0276006128e-03,5.3039726940e-03,6.0851112684e-03,5
p0b,direct_autodiff,545.306326,8.4054555318e-03,7.7140163540e-03,9.0687102613e-03,6.0276006128e-03,5.3039726940e-03,6.0851112684e-03,5
p0b,direct_autodiff,551.956403,7.6733348182e-03,6.6398862050e-03,8.9070206662e-03,6.0276006128e-03,5.3039726940e-03,6.0851112684e-03,5
p0b,direct_autodiff,558.606480,6.7016498703e-03,6.3943591977e-03,7.1207881734e-03,5.5547579544e-03,5.2971109427e-03,6.0276006128e-03,5
p0b,direct_autodiff,565.256557,7.2515765494e-03,5.3435923886e-03,7.4403314424e-03,5.2820057701e-03,4.9163292707e-03,6.0276006128e-03,5
p0b,direct_autodiff,571.906634,7.1737138071e-03,6.3832538640e-03,7.6119234210e-03,5.2810161046e-03,4.9163292707e-03,6.0276006128e-03,5
p0b,direct_autodiff,578.556711,7.1127092301e-03,6.9086034522e-03,7.9233468410e-03,5.2810161046e-03,4.9163292707e-03,5.9767064900e-03,5
p0b,direct_autodiff,585.206788,8.4847696775e-03,7.1200906819e-03,9.4254923509e-03,5.2810161046e-03,4.9163292707e-03,5.7916615327e-03,5
p0b,direct_autodiff,591.856866,6.3478572997e-03,6.1018986689e-03,8.0791049427e-03,4.9511736116e-03,4.9163292707e-03,5.1848568582e-03,5
p0b,direct_autodiff,598.506943,5.4612740272e-03,5.3088524204e-03,7.3690197890e-03,4.9163292707e-03,4.9100119062e-03,5.1201072914e-03,5
p0b,direct_autodiff,605.157020,6.4251628018e-03,5.7600362512e-03,7.0677415583e-03,4.9163292707e-03,4.9100119062e-03,5.1201072914e-03,5
p0b,direct_autodiff,611.807097,6.5176787691e-03,6.1564522316e-03,8.0176969709e-03,4.9163292707e-03,4.9100119062e-03,5.1201072914e-03,5
p0b,direct_autodiff,618.457174,6.8524080606e-03,6.5697037120e-03,7.9000246734e-03,4.9163292707e-03,4.8408111655e-03,5.1201072914e-03,5
p0b,direct_autodiff,625.107251,6.6211586262e-03,6.2023221430e-03,7.5151639404e-03,4.9163292707e-03,4.7100025519e-03,5.1201072914e-03,5
p0b,direct_autodiff,631.757328,7.0916777666e-03,6.3175282654e-03,7.2692726922e-03,4.9163292707e-03,4.6577964318e-03,5.1201072914e-03,5
p0b,direct_autodiff,638.407406,6.3632285339e-03,6.0595895366e-03,6.9808425031e-03,4.9163292707e-03,4.6577964318e-03,5.1201072914e-03,5
p0b,direct_autodiff,645.057483,6.0585990427e-03,5.8061067428e-03,7.2976736095e-03,4.9163292707e-03,4.6577964318e-03,5.1201072914e-03,5
p0b,direct_autodiff,651.707560,5.8708566525e-03,5.6874019166e-03,6.0134796681e-03,4.9163292707e-03,4.6577964318e-03,5.0003323188e-03,5
p0b,direct_autodiff,658.357637,5.2092229173e-03,5.0087984492e-03,6.6716693740e-03,4.8896558173e-03,4.5047981748e-03,4.9163292707e-03,5
p0b,direct_autodiff,665.007714,5.4927472376e-03,5.4359021565e-03,8.0980955999e-03,4.8896558173e-03,4.2146298603e-03,4.9163292707e-03,5
p0b,direct_autodiff,671.657791,6.8691068244e-03,5.9868815329e-03,7.8463535751e-03,4.8896558173e-03,4.2116278710e-03,4.9163292707e-03,5
p0b,direct_autodiff,678.307868,7.2764983083e-03,6.3852086599e-03,7.7631985588e-03,4.8896558173e-03,4.2116278710e-03,4.9163292707e-03,5
p0b,direct_autodiff,684.957946,6.3525446517e-03,5.9192273425e-03,6.8940488526e-03,4.8896558173e-03,4.2116278710e-03,4.9163292707e-03,5
p0b,direct_autodiff,691.608023,6.2500102743e-03,5.7296777372e-03,6.5113940957e-03,4.6794643785e-03,4.2116278710e-03,4.8896558173e-03,5
p0b,direct_autodiff,698.258100,6.0066042696e-03,5.1983745427e-03,7.5587032761e-03,4.5396431163e-03,4.2116278710e-03,4.8706332843e-03,5
p0b,direct_autodiff,704.908177,7.1753617920e-03,4.8072413353e-03,7.4448494183e-03,4.5396431163e-03,4.2116278710e-03,4.7654036640e-03,5
p0b,direct_autodiff,711.558254,5.6576855177e-03,5.6555786499e-03,5.8702270327e-03,4.2116278710e-03,4.1979091010e-03,4.7298599219e-03,5
p0b,direct_autodiff,718.208331,6.1456395862e-03,4.5648021753e-03,7.1032433310e-03,4.2116278710e-03,3.9783732951e-03,4.7298599219e-03,5
p0b,direct_autodiff,724.858408,6.7278863676e-03,5.5861069514e-03,6.9255700228e-03,4.2116278710e-03,3.9783732951e-03,4.7298599219e-03,5
p0b,direct_autodiff,731.508486,5.4959411465e-03,5.0046692880e-03,7.1295661078e-03,4.2116278710e-03,3.9783732951e-03,4.7298599219e-03,5
p0b,direct_autodiff,738.158563,4.5821180391e-03,4.2225906260e-03,6.9587217513e-03,4.1016027155e-03,3.9783732951e-03,4.7298599219e-03,5
p0b,direct_autodiff,744.808640,4.8065669988e-03,3.9912208323e-03,6.2930352644e-03,3.9783732951e-03,3.8266477168e-03,4.7298599219e-03,5
p0b,direct_autodiff,751.458717,5.8419999267e-03,5.2545156095e-03,5.8558903217e-03,3.9783732951e-03,3.8035268409e-03,4.7298599219e-03,5
p0b,direct_autodiff,758.108794,7.1244392265e-03,6.4869792978e-03,7.3325332582e-03,3.9783732951e-03,3.8035268409e-03,4.7001844290e-03,5
p0b,direct_autodiff,764.758871,8.1921172769e-03,6.4932549344e-03,8.7932596668e-03,3.9783732951e-03,3.8035268409e-03,4.1456153920e-03,5
p0b,direct_autodiff,771.408948,7.1100588811e-03,6.5931211817e-03,8.0801757242e-03,3.9069919971e-03,3.8035268409e-03,3.9783732951e-03,5
p0b,direct_autodiff,778.059026,5.3155801118e-03,5.1360031543e-03,5.7469204105e-03,3.9069919971e-03,3.8035268409e-03,3.9783732951e-03,5
p0b,direct_autodiff,784.709103,4.8762727922e-03,4.8102546259e-03,5.1271331778e-03,3.9069919971e-03,3.8035268409e-03,3.9783732951e-03,5
p0b,direct_autodiff,791.359180,4.3727426065e-03,4.2734833647e-03,4.6099932222e-03,3.9069919971e-03,3.8035268409e-03,3.9783732951e-03,5
p0b,direct_autodiff,798.009257,4.2387501967e-03,4.0610997464e-03,4.3725657708e-03,3.9069919971e-03,3.8035268409e-03,3.9783732951e-03,5
p0b,direct_autodiff,804.659334,5.0575101624e-03,5.0034356601e-03,6.0726213568e-03,3.9069919971e-03,3.8035268409e-03,3.9783732951e-03,5
p0b,direct_autodiff,811.309411,5.0658318258e-03,4.5840117542e-03,5.5371960178e-03,3.9048140212e-03,3.7937592537e-03,3.9783732951e-03,5
p0b,direct_autodiff,817.959488,4.6982018246e-03,3.9563566266e-03,4.9679085419e-03,3.8997364669e-03,3.7937592537e-03,3.9783732951e-03,5
p0b,direct_autodiff,824.609566,5.2894281954e-03,4.6890795484e-03,5.4435865486e-03,3.8992353459e-03,3.7937592537e-03,3.9783732951e-03,5
p0b,direct_autodiff,831.259643,5.7241778073e-03,4.9801629624e-03,6.2462384712e-03,3.8992353459e-03,3.7937592537e-03,3.9783732951e-03,5
p0b,direct_autodiff,837.909720,5.0740084182e-03,4.1661819818e-03,7.0018923827e-03,3.8992353459e-03,3.7937592537e-03,3.9783732951e-03,5
p0b,direct_autodiff,844.559797,4.6220050811e-03,4.2619095234e-03,5.2841587692e-03,3.8992353459e-03,3.7937592537e-03,3.9783732951e-03,5
p0b,direct_autodiff,851.209874,4.5665984321e-03,4.3312051959e-03,4.8949854778e-03,3.8992353459e-03,3.7646951334e-03,3.9783732951e-03,5
p0b,direct_autodiff,857.859951,4.4893640952e-03,4.2990726274e-03,5.3301581156e-03,3.8992353459e-03,3.7275533190e-03,3.9783732951e-03,5
p0b,direct_autodiff,864.510028,4.1004460742e-03,4.0929457525e-03,4.6842765642e-03,3.8992353459e-03,3.7275533190e-03,3.9783732951e-03,5
p0b,direct_autodiff,871.160106,4.2098103992e-03,4.0609952592e-03,4.3245256035e-03,3.8992353459e-03,3.6516581926e-03,3.9783732951e-03,5
p0b,direct_autodiff,877.810183,4.2231249489e-03,4.2104700607e-03,4.6474856001e-03,3.8992353459e-03,3.5423255206e-03,3.9783732951e-03,5
p0b,direct_autodiff,884.460260,4.4934031739e-03,3.7107732757e-03,5.0809850394e-03,3.5606989055e-03,3.5423255206e-03,3.9783732951e-03,5
p0b,direct_autodiff,891.110337,4.3513312160e-03,4.1098544226e-03,4.5870458193e-03,3.5423255206e-03,3.2856020321e-03,3.7877365357e-03,5
p0b,direct_autodiff,897.760414,4.9682656959e-03,4.2144520825e-03,5.6166141240e-03,3.4913401705e-03,3.2856020321e-03,3.5423255206e-03,5
p0b,direct_autodiff,904.410491,4.3372118832e-03,3.9834014391e-03,5.4285479075e-03,3.2856020321e-03,3.2665338152e-03,3.5423255206e-03,5
p0b,direct_autodiff,911.060568,4.1967827642e-03,3.8041257970e-03,4.4701016269e-03,3.2856020321e-03,3.2665338152e-03,3.5423255206e-03,5
p0b,direct_autodiff,917.710646,3.9624951435e-03,3.6675428095e-03,5.1729920848e-03,3.2856020321e-03,3.2665338152e-03,3.5423255206e-03,5
p0b,direct_autodiff,924.360723,4.1351389726e-03,4.0592292946e-03,5.0395122554e-03,3.2856020321e-03,3.2665338152e-03,3.5423255206e-03,5
p0b,direct_autodiff,931.010800,4.5967817342e-03,4.0446385119e-03,4.6062323607e-03,3.2856020321e-03,3.2665338152e-03,3.5423255206e-03,5
p0b,direct_autodiff,937.660877,4.7864866340e-03,4.0871740826e-03,5.5823934714e-03,3.2856020321e-03,3.2665338152e-03,3.5423255206e-03,5
p0b,direct_autodiff,944.310954,4.4474932854e-03,3.9219579835e-03,4.8691164677e-03,3.2856020321e-03,3.2665338152e-03,3.5423255206e-03,5
p0b,direct_autodiff,950.961031,3.6558780006e-03,3.6451797300e-03,4.3003568708e-03,3.2856020321e-03,3.2524800620e-03,3.5068638768e-03,5
p0b,direct_autodiff,957.611108,3.4894638594e-03,3.3174470850e-03,3.9583620749e-03,3.2856020321e-03,3.1471214285e-03,3.4246126221e-03,5
p0b,direct_autodiff,964.261185,3.9437748190e-03,3.7754715464e-03,5.1183652917e-03,3.2856020321e-03,3.1148675848e-03,3.4163901054e-03,5
p0b,direct_autodiff,970.911263,4.1486642185e-03,3.9103203547e-03,5.6612200829e-03,3.2856020321e-03,3.1148675848e-03,3.4163901054e-03,5
p0b,direct_autodiff,977.561340,4.3681619241e-03,4.3240535160e-03,4.4319498623e-03,3.2856020321e-03,3.1148675848e-03,3.4163901054e-03,5
p0b,direct_autodiff,984.211417,4.0539732313e-03,3.8406808262e-03,4.7588745645e-03,3.2856020321e-03,3.1148675848e-03,3.4163901054e-03,5
p0b,direct_autodiff,990.861494,3.8905722961e-03,3.7681560506e-03,4.6303249728e-03,3.2856020321e-03,3.1148675848e-03,3.4163901054e-03,5
p0b,direct_autodiff,997.511571,4.4867523631e-03,4.0459118924e-03,5.4504137183e-03,3.2856020321e-03,3.1148675848e-03,3.4163901054e-03,5
p0b,direct_autodiff,1004.161648,3.8604530711e-03,3.5618110795e-03,4.6430138273e-03,3.2814778872e-03,3.1148675848e-03,3.4163901054e-03,5
p0b,direct_autodiff,1010.811725,3.4653300234e-03,3.0709200898e-03,4.0498498367e-03,3.1148675848e-03,3.0709200898e-03,3.4163901054e-03,5
p0b,direct_autodiff,1017.461803,3.4746187560e-03,3.4081079938e-03,3.9901595516e-03,3.1148675848e-03,2.9984133371e-03,3.4163901054e-03,5
p0b,direct_autodiff,1024.111880,3.8056739186e-03,3.7190135104e-03,3.8733926351e-03,3.1148675848e-03,2.9984133371e-03,3.2254871132e-03,5
p0b,direct_autodiff,1030.761957,4.4075480002e-03,3.5482392340e-03,4.5097095980e-03,3.0684320081e-03,2.9984133371e-03,3.1148675848e-03,5
p0b,direct_autodiff,1037.412034,3.5639913531e-03,3.2950259072e-03,3.9051900955e-03,3.0684320081e-03,2.9984133371e-03,3.1148675848e-03,5
p0b,direct_autodiff,1044.062111,3.4896292206e-03,3.2110012645e-03,3.4960898880e-03,3.0569905831e-03,2.9984133371e-03,3.0684320081e-03,5
p0b,direct_autodiff,1050.712188,3.3804676291e-03,3.3459942050e-03,3.7361666839e-03,3.0151172452e-03,2.9984133371e-03,3.0684320081e-03,5
p0b,direct_autodiff,1057.362265,3.8748991453e-03,3.8604690095e-03,4.1207326460e-03,3.0151172452e-03,2.9984133371e-03,3.0684320081e-03,5
p0b,direct_autodiff,1064.012343,4.1854105871e-03,3.7817984011e-03,4.6872353177e-03,3.0151172452e-03,2.9984133371e-03,3.0684320081e-03,5
p0b,direct_autodiff,1070.662420,4.1061525455e-03,3.6128973379e-03,4.8673303516e-03,3.0151172452e-03,2.9984133371e-03,3.0684320081e-03,5
p0b,direct_autodiff,1077.312497,3.7884497035e-03,3.7610741094e-03,3.8103226599e-03,3.0151172452e-03,2.9984133371e-03,3.0684320081e-03,5
p0b,direct_autodiff,1083.962574,3.5412216590e-03,3.5217331960e-03,4.2313428851e-03,3.0151172452e-03,2.9984133371e-03,3.0634942401e-03,5
p0b,direct_autodiff,1090.612651,3.5337192346e-03,3.1893018491e-03,4.1183228677e-03,3.0151172452e-03,2.9984133371e-03,3.0575880557e-03,5
p0b,direct_autodiff,1097.262728,4.1036002581e-03,4.0410635577e-03,4.1405804111e-03,3.0151172452e-03,2.9984133371e-03,3.0575880557e-03,5
p0b,direct_autodiff,1103.912805,3.9166800954e-03,3.5953327388e-03,4.1702179566e-03,3.0151172452e-03,2.9984133371e-03,3.0575880557e-03,5
p0b,direct_autodiff,1110.562883,3.3542000399e-03,3.3295797817e-03,3.6994134912e-03,3.0151172452e-03,2.9984133371e-03,3.0575880557e-03,5
p0b,direct_autodiff,1117.212960,3.9681665844e-03,3.4455849855e-03,4.1171969821e-03,3.0151172452e-03,2.9984133371e-03,3.0575880557e-03,5
p0b,direct_autodiff,1123.863037,3.5513861269e-03,3.4476662423e-03,3.8950244382e-03,2.9984133371e-03,2.9942279091e-03,3.0575880557e-03,5
p0b,direct_autodiff,1130.513114,3.3942927805e-03,3.0530724754e-03,3.4446726024e-03,2.9984133371e-03,2.9603561337e-03,3.0575880557e-03,5
p0b,direct_autodiff,1137.163191,3.4600125762e-03,2.9650686885e-03,3.4748041454e-03,2.9984133371e-03,2.9068310839e-03,3.0575880557e-03,5
p0b,direct_autodiff,1143.813268,3.3747522312e-03,3.3447201521e-03,3.4928001439e-03,2.9984133371e-03,2.8937366886e-03,3.0575880557e-03,5
p0b,direct_autodiff,1150.463345,3.3159890043e-03,3.3016224281e-03,3.5275415452e-03,2.9984133371e-03,2.8937366886e-03,3.0575880557e-03,5
p0b,direct_autodiff,1157.113423,3.6368422242e-03,3.2857386365e-03,4.4144953394e-03,2.9984133371e-03,2.8937366886e-03,3.0575880557e-03,5
p0b,direct_autodiff,1163.763500,3.7219419781e-03,3.3345664916e-03,4.4939130944e-03,2.9984133371e-03,2.8937366886e-03,3.0575880557e-03,5
p0b,direct_autodiff,1170.413577,3.4999298231e-03,3.3803175739e-03,4.1308100738e-03,2.9984133371e-03,2.8937366886e-03,3.0575880557e-03,5
p0b,direct_autodiff,1177.063654,3.5120119653e-03,3.5041288597e-03,3.6558944314e-03,2.9984133371e-03,2.8937366886e-03,3.0575880557e-03,5
p0b,direct_autodiff,1183.713731,3.5940285567e-03,3.4473759019e-03,3.6006960573e-03,2.9984133371e-03,2.8937366886e-03,3.0575880557e-03,5
p0b,direct_autodiff,1190.363808,3.3340495517e-03,3.2247952564e-03,3.5958627113e-03,2.9984133371e-03,2.8937366886e-03,3.0575880557e-03,5
p0b,polarization_jet,0.000000,7.5131191290e-01,6.5247485355e-01,9.0824559879e-01,7.5131191290e-01,6.5247485355e-01,9.0824559879e-01,5
p0b,polarization_jet,6.653245,5.4447405800e-02,4.9555660151e-02,5.6893485613e-02,5.4447405800e-02,4.9555660151e-02,5.6893485613e-02,5
p0b,polarization_jet,13.306490,1.2917263449e-02,1.0477983400e-02,1.3564938282e-02,1.2435273013e-02,1.0477983400e-02,1.3341407652e-02,5
p0b,polarization_jet,19.959735,1.3993554032e-02,1.0938011838e-02,1.4047336970e-02,1.2435273013e-02,9.6273391322e-03,1.3341407652e-02,5
p0b,polarization_jet,26.612980,9.2935642926e-03,9.2281868445e-03,9.4063824877e-03,8.8439798029e-03,7.4894015171e-03,9.2935642926e-03,5
p0b,polarization_jet,33.266225,8.5640400327e-03,7.1529496170e-03,9.1559344601e-03,7.1761061843e-03,7.1529496170e-03,7.3402547398e-03,5
p0b,polarization_jet,39.919470,7.2264842666e-03,6.9451591845e-03,1.1902741649e-02,6.9451591845e-03,6.5481766007e-03,7.3402547398e-03,5
p0b,polarization_jet,46.572715,8.9456828634e-03,7.9866011425e-03,9.6555649806e-03,6.9377480639e-03,5.3590991609e-03,7.3402547398e-03,5
p0b,polarization_jet,53.225960,9.3961310115e-03,8.9748528036e-03,1.0916724250e-02,6.9377480639e-03,5.3590991609e-03,7.3402547398e-03,5
p0b,polarization_jet,59.879205,9.7433679606e-03,8.9953969803e-03,1.0111138425e-02,6.9377480639e-03,5.3590991609e-03,7.3402547398e-03,5
p0b,polarization_jet,66.532450,7.3751519650e-03,6.2424651547e-03,8.3014700402e-03,6.5107556555e-03,4.9626695872e-03,7.3402547398e-03,5
p0b,polarization_jet,73.185695,7.3013334583e-03,5.5102430325e-03,8.3392179813e-03,6.2789975816e-03,4.7497754196e-03,6.9560918321e-03,5
p0b,polarization_jet,79.838940,7.6434236519e-03,6.2333349220e-03,9.3311682944e-03,6.1814031528e-03,4.7497754196e-03,6.2789975816e-03,5
p0b,polarization_jet,86.492186,8.7393014697e-03,4.9513194045e-03,9.9034192312e-03,4.9513194045e-03,4.7497754196e-03,6.2789975816e-03,5
p0b,polarization_jet,93.145431,9.0289227269e-03,4.8098336301e-03,1.1339392858e-02,4.7497754196e-03,4.3181798336e-03,6.2789975816e-03,5
p0b,polarization_jet,99.798676,1.2745495984e-02,7.7754393495e-03,1.7424337143e-02,4.7497754196e-03,4.2094490017e-03,6.2789975816e-03,5
p0b,polarization_jet,106.451921,7.1618000448e-03,6.5145340431e-03,9.5295570465e-03,4.2034864043e-03,3.9767766885e-03,5.2129093553e-03,5
p0b,polarization_jet,113.105166,5.0884607168e-03,4.4176479406e-03,1.1269143202e-02,4.0516491765e-03,3.5784894995e-03,4.2034864043e-03,5
p0b,polarization_jet,119.758411,5.1973721572e-03,4.9743203991e-03,5.4911147085e-03,3.5784894995e-03,3.1996655645e-03,4.0516491765e-03,5
p0b,polarization_jet,126.411656,6.4946023172e-03,5.5281978441e-03,6.5935749928e-03,3.5784894995e-03,3.1244563140e-03,4.0516491765e-03,5
p0b,polarization_jet,133.064901,7.3687925734e-03,5.8918675305e-03,7.4674578599e-03,3.5784894995e-03,3.1244563140e-03,4.0516491765e-03,5
p0b,polarization_jet,139.718146,7.6646938841e-03,5.4777051363e-03,1.0414749516e-02,3.5784894995e-03,3.1244563140e-03,4.0516491765e-03,5
p0b,polarization_jet,146.371391,8.5259287742e-03,7.2889815077e-03,1.5975979580e-02,3.5784894995e-03,3.1244563140e-03,4.0516491765e-03,5
p0b,polarization_jet,153.024636,6.9299137730e-03,5.9697448371e-03,1.0440747937e-02,3.5784894995e-03,3.1244563140e-03,3.8094570265e-03,5
p0b,polarization_jet,159.677881,3.6693131768e-03,3.5815952470e-03,5.6689268158e-03,3.1915657291e-03,3.1244563140e-03,3.4809949988e-03,5
p0b,polarization_jet,166.331126,3.5230684665e-03,3.3769610448e-03,7.1358743556e-03,3.1244563140e-03,3.0952123209e-03,3.3769610448e-03,5
p0b,polarization_jet,172.984371,4.0237783955e-03,3.6343768959e-03,6.3854908313e-03,3.1244563140e-03,3.0952123209e-03,3.3302911943e-03,5
p0b,polarization_jet,179.637616,6.3155218521e-03,3.8606796557e-03,6.4839972880e-03,3.1244563140e-03,3.0952123209e-03,3.3302911943e-03,5
p0b,polarization_jet,186.290861,5.9881567458e-03,5.4068933933e-03,7.6509610835e-03,3.0952123209e-03,2.9084832219e-03,3.1244563140e-03,5
p0b,polarization_jet,192.944106,6.5698325472e-03,4.8727629712e-03,6.6483526093e-03,3.0952123209e-03,2.6661430106e-03,3.1244563140e-03,5
p0b,polarization_jet,199.597351,4.1648071338e-03,3.6235422197e-03,6.1757040532e-03,3.0952123209e-03,2.6661430106e-03,3.1244563140e-03,5
p0b,polarization_jet,206.250596,6.2776982042e-03,3.8754422307e-03,8.4665338222e-03,3.0952123209e-03,2.6661430106e-03,3.1244563140e-03,5
p0b,polarization_jet,212.903841,6.5676720414e-03,4.1479971758e-03,8.0772405297e-03,3.0952123209e-03,2.6661430106e-03,3.1244563140e-03,5
p0b,polarization_jet,219.557086,5.3949533768e-03,3.9911390732e-03,9.8100453429e-03,3.0952123209e-03,2.6661430106e-03,3.1244563140e-03,5
p0b,polarization_jet,226.210331,5.8265936266e-03,5.7864584179e-03,7.0914208775e-03,3.0952123209e-03,2.6661430106e-03,3.1244563140e-03,5
p0b,polarization_jet,232.863576,6.1922442981e-03,5.3038082629e-03,6.9670911402e-03,3.0952123209e-03,2.6661430106e-03,3.1244563140e-03,5
p0b,polarization_jet,239.516821,8.3368062624e-03,4.5561300742e-03,1.0539146837e-02,3.0952123209e-03,2.6661430106e-03,3.1244563140e-03,5
p0b,polarization_jet,246.170066,5.3164981050e-03,4.7025189756e-03,5.4033880781e-03,3.0295195200e-03,2.6661430106e-03,3.0952123209e-03,5
p0b,polarization_jet,252.823312,4.6725507565e-03,2.9478992039e-03,6.0123401820e-03,2.9656186448e-03,2.6494223454e-03,3.0952123209e-03,5
p0b,polarization_jet,259.476557,3.9022467412e-03,2.6355172874e-03,4.5378851172e-03,2.9656186448e-03,2.6070873301e-03,3.0952123209e-03,5
p0b,polarization_jet,266.129802,5.5640532822e-03,4.1971987745e-03,6.8194420534e-03,2.9656186448e-03,2.6023424807e-03,3.0952123209e-03,5
p0b,polarization_jet,272.783047,6.1140334647e-03,4.5556895010e-03,6.6008938758e-03,2.9656186448e-03,2.6023424807e-03,3.0952123209e-03,5
p0b,polarization_jet,279.436292,7.6022893219e-03,4.4010645735e-03,1.0280879330e-02,2.9656186448e-03,2.6023424807e-03,3.0952123209e-03,5
p0b,polarization_jet,286.089537,5.3722866996e-03,3.9508760094e-03,5.8037247397e-03,2.6023424807e-03,2.5612450150e-03,2.9656186448e-03,5
p0b,polarization_jet,292.742782,3.7375037861e-03,2.5096660042e-03,5.9075276896e-03,2.6023424807e-03,2.2373691143e-03,2.9656186448e-03,5
p0b,polarization_jet,299.396027,3.9061218648e-03,3.4133441241e-03,4.8825449130e-03,2.6023424807e-03,2.2373691143e-03,2.9656186448e-03,5
p0b,polarization_jet,306.049272,6.1361110029e-03,4.5009224243e-03,8.6165509835e-03,2.6023424807e-03,2.2373691143e-03,2.9656186448e-03,5
p0b,polarization_jet,312.702517,7.5313098235e-03,5.5620813981e-03,9.7361317510e-03,2.6023424807e-03,2.2373691143e-03,2.9656186448e-03,5
p0b,polarization_jet,319.355762,4.4484445214e-03,3.5592901875e-03,6.2919836657e-03,2.6023424807e-03,2.2373691143e-03,2.9656186448e-03,5
p0b,polarization_jet,326.009007,5.0912424385e-03,4.2654497586e-03,6.7920364831e-03,2.6023424807e-03,2.2373691143e-03,2.9656186448e-03,5
p0b,polarization_jet,332.662252,5.4597989956e-03,5.0030802242e-03,6.0334019117e-03,2.5086691533e-03,2.2373691143e-03,2.9656186448e-03,5
p0b,polarization_jet,339.315497,5.5755740790e-03,4.1024777918e-03,7.1575652500e-03,2.2672098880e-03,2.2373691143e-03,2.9656186448e-03,5
p0b,polarization_jet,345.968742,6.1643984326e-03,5.9143295563e-03,6.4492734905e-03,2.2373691143e-03,2.2350468505e-03,2.9656186448e-03,5
p0b,polarization_jet,352.621987,6.8545725414e-03,6.0695490075e-03,7.1144643543e-03,2.2373691143e-03,2.2350468505e-03,2.7037800502e-03,5
p0b,polarization_jet,359.275232,9.9426124507e-03,3.6708373633e-03,1.4875762041e-02,2.2350468505e-03,2.0717241625e-03,2.2373691143e-03,5
p0b,polarization_jet,365.928477,4.7251833064e-03,3.6971537373e-03,7.0996982846e-03,2.2350468505e-03,1.9867023584e-03,2.2373691143e-03,5
p0b,polarization_jet,372.581722,4.0297774172e-03,3.2787546559e-03,4.9977859171e-03,2.2350468505e-03,1.9867023584e-03,2.2373691143e-03,5
p0b,polarization_jet,379.234967,4.0493388958e-03,3.6569055119e-03,4.2475686931e-03,2.2350468505e-03,1.9867023584e-03,2.2373691143e-03,5
p0b,polarization_jet,385.888212,4.2334978253e-03,3.0685270819e-03,5.6117274253e-03,2.0953513921e-03,1.9867023584e-03,2.2373691143e-03,5
p0b,polarization_jet,392.541457,4.1691556640e-03,2.2047207977e-03,6.8766184502e-03,1.9921847051e-03,1.9867023584e-03,2.2373691143e-03,5
p0b,polarization_jet,399.194702,3.8847448308e-03,2.9709811408e-03,4.1967866068e-03,1.9921847051e-03,1.9867023584e-03,2.2373691143e-03,5
p0b,polarization_jet,405.847947,4.2850182511e-03,3.2191271915e-03,5.8991933185e-03,1.9921847051e-03,1.9867023584e-03,2.2373691143e-03,5
p0b,polarization_jet,412.501192,5.5145503852e-03,2.4550135631e-03,5.6396929369e-03,1.9921847051e-03,1.9867023584e-03,2.0352710171e-03,5
p0b,polarization_jet,419.154438,9.0632015663e-03,2.5395063495e-03,9.0795984766e-03,1.9867023584e-03,1.6709164613e-03,1.9921847051e-03,5
p0b,polarization_jet,425.807683,4.1487717047e-03,3.9017713900e-03,5.4999652985e-03,1.9867023584e-03,1.6709164613e-03,1.9921847051e-03,5
p0b,polarization_jet,432.460928,3.3490142430e-03,3.2064511251e-03,5.4239829226e-03,1.9867023584e-03,1.6709164613e-03,1.9921847051e-03,5
p0b,polarization_jet,439.114173,3.1738799515e-03,3.1518416157e-03,3.4786251695e-03,1.9867023584e-03,1.6709164613e-03,1.9921847051e-03,5
p0b,polarization_jet,445.767418,3.8420303716e-03,3.5583185473e-03,5.0624209705e-03,1.9867023584e-03,1.6709164613e-03,1.9921847051e-03,5
p0b,polarization_jet,452.420663,4.7782299460e-03,3.9610567681e-03,5.2645150859e-03,1.9867023584e-03,1.6035794718e-03,1.9921847051e-03,5
p0b,polarization_jet,459.073908,2.4402846178e-03,2.1981374081e-03,2.6683342928e-03,1.9867023584e-03,1.4514774702e-03,1.9921847051e-03,5
p0b,polarization_jet,465.727153,2.4442250324e-03,2.1635629831e-03,4.5528629846e-03,1.9867023584e-03,1.4514774702e-03,1.9921847051e-03,5
p0b,polarization_jet,472.380398,2.8122608983e-03,2.6416574581e-03,4.3236427612e-03,1.9867023584e-03,1.4514774702e-03,1.9921847051e-03,5
p0b,polarization_jet,479.033643,3.4835130097e-03,3.4352823397e-03,3.6010904593e-03,1.9867023584e-03,1.4514774702e-03,1.9921847051e-03,5
p0b,polarization_jet,485.686888,4.0077211113e-03,2.3654521961e-03,4.5307864224e-03,1.9035995862e-03,1.3672377748e-03,1.9867023584e-03,5
p0b,polarization_jet,492.340133,3.5261288864e-03,2.5849753363e-03,4.9440431272e-03,1.8304462352e-03,1.3672377748e-03,1.9867023584e-03,5
p0b,polarization_jet,498.993378,3.2825350401e-03,2.8025431438e-03,3.8462516867e-03,1.8304462352e-03,1.3672377748e-03,1.9867023584e-03,5
p0b,polarization_jet,505.646623,3.4351705817e-03,3.3533536025e-03,6.0752579801e-03,1.8304462352e-03,1.3672377748e-03,1.9867023584e-03,5
p0b,polarization_jet,512.299868,4.7029840253e-03,3.8343600322e-03,9.3092301060e-03,1.8304462352e-03,1.3672377748e-03,1.9867023584e-03,5
p0b,polarization_jet,518.953113,3.7503687351e-03,1.8827046163e-03,5.1463215478e-03,1.8304462352e-03,1.3672377748e-03,1.9867023584e-03,5
p0b,polarization_jet,525.606358,3.8440632053e-03,1.9221999842e-03,4.7770890951e-03,1.8304462352e-03,1.3672377748e-03,1.9867023584e-03,5
p0b,polarization_jet,532.259603,3.5246451411e-03,3.1336486421e-03,4.2085836489e-03,1.8304462352e-03,1.3672377748e-03,1.9867023584e-03,5
p0b,polarization_jet,538.912848,2.7189385485e-03,2.2512145349e-03,3.9489386880e-03,1.8304462352e-03,1.3672377748e-03,1.9867023584e-03,5
p0b,polarization_jet,545.566093,3.7096233387e-03,2.8501151642e-03,3.9534491782e-03,1.8304462352e-03,1.3672377748e-03,1.9867023584e-03,5
p0b,polarization_jet,552.219338,4.3608863807e-03,3.1602741805e-03,4.6838961414e-03,1.8304462352e-03,1.3572972859e-03,1.9867023584e-03,5
p0b,polarization_jet,558.872583,4.0232937632e-03,1.6568780956e-03,4.9631828786e-03,1.8304462352e-03,1.3199413213e-03,1.9867023584e-03,5
p0b,polarization_jet,565.525828,3.5662255425e-03,1.3387404208e-03,3.8542868367e-03,1.8304462352e-03,1.3110603347e-03,1.9867023584e-03,5
p0b,polarization_jet,572.179073,3.0450090020e-03,1.6310303932e-03,3.1747169855e-03,1.8304462352e-03,1.3110603347e-03,1.9867023584e-03,5
p0b,polarization_jet,578.832318,3.1641177206e-03,2.7031328664e-03,4.1602209913e-03,1.8304462352e-03,1.3110603347e-03,1.9867023584e-03,5
p0b,polarization_jet,585.485564,3.1363142929e-03,1.9526213700e-03,4.2355525880e-03,1.7000572518e-03,1.3110603347e-03,1.8304462352e-03,5
p0b,polarization_jet,592.138809,2.9543119378e-03,1.8832367136e-03,4.9161028718e-03,1.4580689595e-03,1.3110603347e-03,1.8304462352e-03,5
p0b,polarization_jet,598.792054,4.2271331479e-03,3.7583985434e-03,4.4765469907e-03,1.4580689595e-03,1.3110603347e-03,1.8304462352e-03,5
p0b,polarization_jet,605.445299,2.9198818327e-03,2.8431800223e-03,3.2645895164e-03,1.4580689595e-03,1.3110603347e-03,1.8304462352e-03,5
p0b,polarization_jet,612.098544,2.0182553407e-03,2.0022148053e-03,2.4116441766e-03,1.4580689595e-03,1.3110603347e-03,1.8095944713e-03,5
p0b,polarization_jet,618.751789,2.6141855397e-03,2.0070429429e-03,2.6276816342e-03,1.4580689595e-03,1.3110603347e-03,1.7297247127e-03,5
p0b,polarization_jet,625.405034,2.5999872712e-03,1.9695394608e-03,3.4329940607e-03,1.4580689595e-03,1.3110603347e-03,1.7103117957e-03,5
p0b,polarization_jet,632.058279,3.2875705572e-03,2.1138771012e-03,3.7744820147e-03,1.4580689595e-03,1.2963553866e-03,1.7103117957e-03,5
p0b,polarization_jet,638.711524,3.1025492082e-03,3.0135704693e-03,3.2179163305e-03,1.4580689595e-03,1.2352493050e-03,1.7103117957e-03,5
p0b,polarization_jet,645.364769,2.9505963553e-03,2.9168471848e-03,3.1622209741e-03,1.4580689595e-03,1.2192548641e-03,1.7103117957e-03,5
p0b,polarization_jet,652.018014,2.8588434614e-03,2.6239904294e-03,3.6401091105e-03,1.4580689595e-03,1.2192548641e-03,1.7103117957e-03,5
p0b,polarization_jet,658.671259,2.9716405712e-03,2.1256571655e-03,4.0324314508e-03,1.4580689595e-03,1.2192548641e-03,1.7103117957e-03,5
p0b,polarization_jet,665.324504,2.4853688950e-03,1.9589984937e-03,2.4880342400e-03,1.4580689595e-03,1.2192548641e-03,1.6650954276e-03,5
p0b,polarization_jet,671.977749,1.6455339413e-03,1.5741212007e-03,1.9905490055e-03,1.4580689595e-03,1.2192548641e-03,1.6184254399e-03,5
p0b,polarization_jet,678.630994,2.0159444325e-03,1.7724469496e-03,2.4849611500e-03,1.4580689595e-03,1.2192548641e-03,1.6184254399e-03,5
p0b,polarization_jet,685.284239,2.8564151316e-03,1.8901414186e-03,3.5818946994e-03,1.3261066524e-03,1.1937954989e-03,1.6184254399e-03,5
p0b,polarization_jet,691.937484,4.1509425638e-03,1.3505228010e-03,5.5812324041e-03,1.1936399858e-03,1.1662984996e-03,1.6184254399e-03,5
p0b,polarization_jet,698.590729,2.4370066705e-03,2.3428970091e-03,3.6377153330e-03,1.1936399858e-03,1.1662984996e-03,1.6184254399e-03,5
p0b,polarization_jet,705.243974,1.9176794447e-03,1.8476286501e-03,2.0377181728e-03,1.1936399858e-03,1.1662984996e-03,1.6184254399e-03,5
p0b,polarization_jet,711.897219,1.6496570157e-03,1.3728309352e-03,2.0744241539e-03,1.1936399858e-03,1.1581094997e-03,1.6184254399e-03,5
p0b,polarization_jet,718.550464,1.3987546134e-03,1.2140533492e-03,3.2780175031e-03,1.1936399858e-03,1.1182295597e-03,1.6184254399e-03,5
p0b,polarization_jet,725.203709,3.1268830364e-03,1.4752295342e-03,3.1661106966e-03,1.1936399858e-03,1.1064284943e-03,1.6184254399e-03,5
p0b,polarization_jet,731.856954,2.2540664422e-03,1.6064373694e-03,2.8475784843e-03,1.1936399858e-03,1.0811764583e-03,1.6184254399e-03,5
p0b,polarization_jet,738.510199,2.5065089537e-03,1.0949723282e-03,2.7868242416e-03,1.1936399858e-03,9.5930596835e-04,1.6184254399e-03,5
p0b,polarization_jet,745.163444,1.9915854990e-03,1.1188077331e-03,2.7408820261e-03,1.1936399858e-03,9.2437614600e-04,1.5453288732e-03,5
p0b,polarization_jet,751.816690,1.6345587649e-03,1.5515348309e-03,3.0467695897e-03,1.1936399858e-03,9.2437614600e-04,1.4638264564e-03,5
p0b,polarization_jet,758.469935,2.1134889130e-03,2.0140193736e-03,2.9852400278e-03,1.1936399858e-03,9.2437614600e-04,1.4638264564e-03,5
p0b,polarization_jet,765.123180,1.7019960388e-03,1.4584594187e-03,2.2690627989e-03,1.1936399858e-03,9.2437614600e-04,1.3212199529e-03,5
p0b,polarization_jet,771.776425,1.1732013396e-03,1.0523803513e-03,1.3556676577e-03,1.1686595129e-03,9.2133751742e-04,1.1936399858e-03,5
p0b,polarization_jet,778.429670,1.3466345153e-03,1.1986738093e-03,1.7560091379e-03,1.1686595129e-03,9.0395109256e-04,1.1936399858e-03,5
p0b,polarization_jet,785.082915,1.6699711045e-03,1.5572472543e-03,2.2728976888e-03,1.1686595129e-03,8.9827292423e-04,1.1936399858e-03,5
p0b,polarization_jet,791.736160,2.9117134266e-03,2.1005493760e-03,3.2283350938e-03,1.1686595129e-03,8.9827292423e-04,1.1876307987e-03,5
p0b,polarization_jet,798.389405,3.1681668828e-03,2.7629243740e-03,3.3887061863e-03,1.1517838393e-03,8.9827292423e-04,1.1686595129e-03,5
p0b,polarization_jet,805.042650,2.3754063476e-03,2.3263377964e-03,3.2026339958e-03,1.1398791044e-03,8.9827292423e-04,1.1686595129e-03,5
p0b,polarization_jet,811.695895,2.4790875438e-03,1.7984050078e-03,3.0001525808e-03,1.1066528297e-03,8.9827292423e-04,1.1686595129e-03,5
p0b,polarization_jet,818.349140,2.0161744147e-03,1.6957947355e-03,2.1277055274e-03,9.1670265644e-04,8.9827292423e-04,1.1686595129e-03,5
p0b,polarization_jet,825.002385,1.4407438650e-03,1.3801091416e-03,2.5364121741e-03,8.9827292423e-04,8.5885298036e-04,1.1686595129e-03,5
p0b,polarization_jet,831.655630,1.2910320012e-03,1.0463202265e-03,1.6627711620e-03,8.8518268722e-04,8.5885298036e-04,1.1686595129e-03,5
p0b,polarization_jet,838.308875,1.4268148237e-03,1.2565965812e-03,1.9021968766e-03,8.5885298036e-04,8.0633578465e-04,1.1686595129e-03,5
p0b,polarization_jet,844.962120,1.5591598584e-03,1.4142677729e-03,1.8611147641e-03,8.5885298036e-04,8.0633578465e-04,1.1686595129e-03,5
p0b,polarization_jet,851.615365,1.6203564141e-03,1.5229326395e-03,1.8705818123e-03,8.5885298036e-04,8.0633578465e-04,1.1686595129e-03,5
p0b,polarization_jet,858.268610,1.4531008447e-03,1.4259303047e-03,1.5609440269e-03,8.5885298036e-04,8.0633578465e-04,1.1686595129e-03,5
p0b,polarization_jet,864.921855,1.4201261743e-03,1.2314036284e-03,1.4870991750e-03,8.5885298036e-04,7.9099922757e-04,1.1686595129e-03,5
p0b,polarization_jet,871.575100,1.4613243815e-03,1.2685577083e-03,1.4662213664e-03,8.5128432847e-04,7.7543537876e-04,1.1686595129e-03,5
p0b,polarization_jet,878.228345,1.2790139454e-03,1.1848414177e-03,1.5643135747e-03,7.9745633256e-04,7.7543537876e-04,1.1686595129e-03,5
p0b,polarization_jet,884.881590,1.2357988713e-03,1.0062250948e-03,1.9073916614e-03,7.7841365813e-04,7.7543537876e-04,1.1686595129e-03,5
p0b,polarization_jet,891.534835,1.2727786314e-03,1.0873669230e-03,2.1196309713e-03,7.7841365813e-04,7.7543537876e-04,1.1686595129e-03,5
p0b,polarization_jet,898.188080,1.3662337106e-03,1.2112394747e-03,1.4311435157e-03,7.7841365813e-04,7.7543537876e-04,1.1686595129e-03,5
p0b,polarization_jet,904.841325,1.3376529575e-03,1.0792980261e-03,1.4669664113e-03,7.7841365813e-04,7.7543537876e-04,1.1686595129e-03,5
p0b,polarization_jet,911.494570,1.5191360997e-03,1.0533290957e-03,1.5791942932e-03,7.7841365813e-04,7.7543537876e-04,1.1686595129e-03,5
p0b,polarization_jet,918.147815,1.7288609176e-03,1.6200922804e-03,2.2505986170e-03,7.7841365813e-04,7.7543537876e-04,1.1686595129e-03,5
p0b,polarization_jet,924.801061,1.5427643712e-03,1.4891603836e-03,2.3039679005e-03,7.7841365813e-04,7.7543537876e-04,1.0732699272e-03,5
p0b,polarization_jet,931.454306,1.2184096690e-03,1.0310330163e-03,1.3428362579e-03,7.7841365813e-04,7.7543537876e-04,9.4284966618e-04,5
p0b,polarization_jet,938.107551,1.1073777602e-03,1.0007469541e-03,1.1866315828e-03,7.7841365813e-04,7.7543537876e-04,9.4284966618e-04,5
p0b,polarization_jet,944.760796,1.1870704781e-03,1.0845290043e-03,1.6449455013e-03,7.7841365813e-04,7.7543537876e-04,9.4284966618e-04,5
p0b,polarization_jet,951.414041,1.2619863754e-03,1.1209150257e-03,2.2977868625e-03,7.7841365813e-04,7.7543537876e-04,9.4284966618e-04,5
p0b,polarization_jet,958.067286,1.3656805575e-03,1.2544757555e-03,1.4151161149e-03,7.7841365813e-04,7.7543537876e-04,9.4284966618e-04,5
p0b,polarization_jet,964.720531,1.3688554618e-03,9.5149966052e-04,1.4328941416e-03,7.7841365813e-04,7.7543537876e-04,9.4284966618e-04,5
p0b,polarization_jet,971.373776,1.3035472697e-03,8.5672311774e-04,1.5840603809e-03,7.7841365813e-04,7.7543537876e-04,9.4189650905e-04,5
p0b,polarization_jet,978.027021,1.3704424858e-03,1.1175684362e-03,1.9595930463e-03,7.7841365813e-04,7.7543537876e-04,9.2919924303e-04,5
p0b,polarization_jet,984.680266,1.6586312125e-03,1.3825983148e-03,1.9351123976e-03,7.7841365813e-04,7.7543537876e-04,9.2380909853e-04,5
p0b,polarization_jet,991.333511,1.4989744006e-03,1.2500741804e-03,1.7632579522e-03,7.7841365813e-04,7.7543537876e-04,9.2380909853e-04,5
p0b,polarization_jet,997.986756,1.0980832170e-03,1.0837951358e-03,1.1794754181e-03,7.7841365813e-04,7.7543537876e-04,9.2380909853e-04,5
p0b,polarization_jet,1004.640001,1.1972299572e-03,1.0398333704e-03,1.2952682424e-03,7.7841365813e-04,7.7543537876e-04,9.2380909853e-04,5
p0b,polarization_jet,1011.293246,1.0812313641e-03,1.0445113995e-03,1.2614660103e-03,7.7841365813e-04,7.7543537876e-04,9.2380909853e-04,5
p0b,polarization_jet,1017.946491,1.4011893707e-03,1.3292006911e-03,1.4045231236e-03,7.7841365813e-04,7.7543537876e-04,9.2380909853e-04,5
p0b,polarization_jet,1024.599736,1.5518504088e-03,1.3135443035e-03,1.7031216107e-03,7.7841365813e-04,7.7543537876e-04,9.2380909853e-04,5
p0b,polarization_jet,1031.252981,1.5229475954e-03,1.1366488068e-03,1.8792407788e-03,7.7841365813e-04,7.7543537876e-04,9.2380909853e-04,5
p0b,polarization_jet,1037.906226,1.4117410568e-03,1.2084114430e-03,1.4697350798e-03,7.7841365813e-04,7.7543537876e-04,9.2380909853e-04,5
p0b,polarization_jet,1044.559471,1.1494737304e-03,1.0691816015e-03,1.2721756365e-03,7.7841365813e-04,7.4493439976e-04,9.2380909853e-04,5
p0b,polarization_jet,1051.212716,1.1016589096e-03,1.0129985059e-03,1.2736031857e-03,7.7841365813e-04,6.9585333165e-04,9.2380909853e-04,5
p0b,polarization_jet,1057.865961,1.1545483414e-03,1.1419655013e-03,1.1926763228e-03,7.7841365813e-04,6.9585333165e-04,9.2380909853e-04,5
p0b,polarization_jet,1064.519206,1.2544598269e-03,1.0053456769e-03,1.2548362418e-03,7.7841365813e-04,6.9585333165e-04,9.1662668097e-04,5
p0b,polarization_jet,1071.172451,1.0878096609e-03,9.7097568010e-04,1.4488581175e-03,7.7841365813e-04,6.9585333165e-04,9.0408980421e-04,5
p0b,polarization_jet,1077.825696,1.5964334974e-03,1.1419945458e-03,1.7044767636e-03,7.7841365813e-04,6.9585333165e-04,9.0408980421e-04,5
p0b,polarization_jet,1084.478941,1.5236063871e-03,1.1454381026e-03,1.5726809900e-03,7.7841365813e-04,6.9585333165e-04,9.0408980421e-04,5
p0b,polarization_jet,1091.132187,1.1163675150e-03,1.0713212881e-03,1.1734499449e-03,7.7841365813e-04,6.9585333165e-04,9.0374709187e-04,5
p0b,polarization_jet,1097.785432,1.0739344094e-03,9.6682058517e-04,1.2764387141e-03,7.7841365813e-04,6.9585333165e-04,8.8800461653e-04,5
p0b,polarization_jet,1104.438677,9.9649832631e-04,9.0050555134e-04,1.1602636505e-03,7.7841365813e-04,6.9585333165e-04,8.8050204719e-04,5
p0b,polarization_jet,1111.091922,9.4153953769e-04,8.3515602729e-04,9.8446912119e-04,7.7841365813e-04,6.9585333165e-04,8.8050204719e-04,5
p0b,polarization_jet,1117.745167,1.0703583714e-03,1.0117754814e-03,1.4629874028e-03,7.7841365813e-04,6.9585333165e-04,8.8050204719e-04,5
p0b,polarization_jet,1124.398412,1.1491749244e-03,1.0057508265e-03,1.2189822129e-03,7.6608423289e-04,6.6023171140e-04,8.8050204719e-04,5
p0b,polarization_jet,1131.051657,9.9275702907e-04,7.4344845401e-04,1.1659922008e-03,7.4290458675e-04,6.4967275811e-04,8.8050204719e-04,5
p0b,polarization_jet,1137.704902,1.0339806303e-03,8.2119784189e-04,1.1164191729e-03,7.4290458675e-04,6.4967275811e-04,8.8050204719e-04,5
p0b,polarization_jet,1144.358147,9.2648607418e-04,8.9470873828e-04,1.0787516704e-03,7.4290458675e-04,6.4967275811e-04,8.4099317630e-04,5
p0b,polarization_jet,1151.011392,9.6166907064e-04,9.0613919083e-04,1.1341039309e-03,7.4290458675e-04,6.4967275811e-04,7.6652769227e-04,5
p0b,polarization_jet,1157.664637,8.9692203331e-04,8.3323491749e-04,1.0904120082e-03,7.4290458675e-04,6.4967275811e-04,7.6534878462e-04,5
p0b,polarization_jet,1164.317882,9.4370642083e-04,9.1930993037e-04,1.0083238619e-03,7.4290458675e-04,6.4967275811e-04,7.6534878462e-04,5
p0b,polarization_jet,1170.971127,9.5262802837e-04,9.5095975482e-04,1.0220720725e-03,7.4290458675e-04,6.4967275811e-04,7.6534878462e-04,5
p0b,polarization_jet,1177.624372,8.9641326088e-04,8.9474557092e-04,9.8972773812e-04,7.4290458675e-04,6.4967275811e-04,7.6534878462e-04,5
p0b,polarization_jet,1184.277617,8.8035083671e-04,8.5167478413e-04,1.0921606517e-03,7.4290458675e-04,6.4967275811e-04,7.6534878462e-04,5
p0b,polarization_jet,1190.930862,8.7919450883e-04,8.2791790182e-04,8.9955565972e-04,7.4290458675e-04,6.4967275811e-04,7.6534878462e-04,5
p0b,waring_complex_jet,0.000000,7.5131191290e-01,6.5247485355e-01,9.0824559879e-01,7.5131191290e-01,6.5247485355e-01,9.0824559879e-01,5
p0b,waring_complex_jet,6.653223,5.6998787852e-02,5.1919336860e-02,6.0238008375e-02,5.6998787852e-02,5.1919336860e-02,6.0238008375e-02,5
p0b,waring_complex_jet,13.306446,1.4148309757e-02,1.3749509760e-02,1.7225052328e-02,1.4148309757e-02,1.2458958142e-02,1.5409831954e-02,5
p0b,waring_complex_jet,19.959670,1.8033954664e-02,1.1553199084e-02,2.1168820902e-02,1.1553199084e-02,1.1199153144e-02,1.5409831954e-02,5
p0b,waring_complex_jet,26.612893,1.0968721996e-02,1.0389423508e-02,1.4237811173e-02,9.3399510274e-03,8.2558564559e-03,1.0968721996e-02,5
p0b,waring_complex_jet,33.266116,1.1081330270e-02,8.0107347371e-03,1.1685234711e-02,8.3588312225e-03,6.9846857081e-03,8.5975391905e-03,5
p0b,waring_complex_jet,39.919339,1.0740882375e-02,9.5558393059e-03,2.0252569392e-02,6.9846857081e-03,5.6124460732e-03,8.3588312225e-03,5
p0b,waring_complex_jet,46.572562,1.5948259349e-02,9.9993410887e-03,1.8068697359e-02,6.9846857081e-03,5.6124460732e-03,8.3588312225e-03,5
p0b,waring_complex_jet,53.225786,1.0719088750e-02,9.6781165009e-03,1.5191439862e-02,6.4441673181e-03,5.6124460732e-03,6.5606706157e-03,5
p0b,waring_complex_jet,59.879009,8.3999194134e-03,5.6041622358e-03,8.6680524550e-03,5.4094112732e-03,4.5269838961e-03,5.6124460732e-03,5
p0b,waring_complex_jet,66.532232,6.9301151155e-03,6.0312283042e-03,9.6412841558e-03,4.5269838961e-03,4.3073596666e-03,5.6124460732e-03,5
p0b,waring_complex_jet,73.185455,8.9770899082e-03,6.4821338408e-03,1.2408269853e-02,4.5269838961e-03,3.7979692713e-03,4.9095952842e-03,5
p0b,waring_complex_jet,79.838678,1.1969316830e-02,6.1040619624e-03,2.0922208061e-02,4.5269838961e-03,3.7979692713e-03,4.9095952842e-03,5
p0b,waring_complex_jet,86.491902,8.0508240336e-03,7.7725656716e-03,9.1180904560e-03,4.0920170454e-03,3.7979692713e-03,4.9095952842e-03,5
p0b,waring_complex_jet,93.145125,6.7438442123e-03,5.4731038797e-03,7.2969311321e-03,3.8582139138e-03,3.7979692713e-03,4.9095952842e-03,5
p0b,waring_complex_jet,99.798348,6.3672498639e-03,5.2441563685e-03,7.4151554095e-03,3.8582139138e-03,3.7979692713e-03,4.9095952842e-03,5
p0b,waring_complex_jet,106.451571,6.5946363315e-03,5.7993668108e-03,8.2332331578e-03,3.8582139138e-03,3.7979692713e-03,4.5859886236e-03,5
p0b,waring_complex_jet,113.104794,6.3005905166e-03,5.7253996947e-03,8.0798932674e-03,3.8582139138e-03,3.7979692713e-03,4.4033045095e-03,5
p0b,waring_complex_jet,119.758018,7.8476087984e-03,5.0367028086e-03,1.4270788467e-02,3.8582139138e-03,3.7979692713e-03,4.4033045095e-03,5
p0b,waring_complex_jet,126.411241,5.1011965736e-03,3.8317120290e-03,6.4366311793e-03,3.6409634540e-03,3.4753456014e-03,3.7873882449e-03,5
p0b,waring_complex_jet,133.064464,4.5050847555e-03,3.9370411268e-03,5.7879501096e-03,3.2614550794e-03,2.9778331600e-03,3.7873882449e-03,5
p0b,waring_complex_jet,139.717687,1.3641767289e-02,4.2706848993e-03,1.5574485313e-02,3.2614550794e-03,2.6394476709e-03,3.7873882449e-03,5
p0b,waring_complex_jet,146.370911,7.2920401833e-03,7.0713453058e-03,1.2698443963e-02,3.2614550794e-03,2.6394476709e-03,3.7873882449e-03,5
p0b,waring_complex_jet,153.024134,8.2575315490e-03,5.2295532984e-03,1.2229807531e-02,3.2614550794e-03,2.6394476709e-03,3.7873882449e-03,5
p0b,waring_complex_jet,159.677357,8.3645167583e-03,7.0964750628e-03,1.2456260096e-02,3.2614550794e-03,2.6394476709e-03,3.7873882449e-03,5
p0b,waring_complex_jet,166.330580,6.9903401621e-03,6.3330327659e-03,7.0306388618e-03,3.2614550794e-03,2.6394476709e-03,3.7873882449e-03,5
p0b,waring_complex_jet,172.983803,5.3766715661e-03,5.2658385616e-03,7.7072926767e-03,3.2614550794e-03,2.6394476709e-03,3.7873882449e-03,5
p0b,waring_complex_jet,179.637027,6.5255816726e-03,4.4283200695e-03,1.0103953982e-02,3.2614550794e-03,2.6394476709e-03,3.7873882449e-03,5
p0b,waring_complex_jet,186.290250,7.3632588597e-03,5.9019342416e-03,7.8938730392e-03,3.2614550794e-03,2.6394476709e-03,3.7873882449e-03,5
p0b,waring_complex_jet,192.943473,7.6995771064e-03,6.8511945045e-03,9.7636234810e-03,3.2614550794e-03,2.6394476709e-03,3.7873882449e-03,5
p0b,waring_complex_jet,199.596696,1.1941928175e-02,7.3021061687e-03,1.3045080388e-02,3.2614550794e-03,2.6394476709e-03,3.7873882449e-03,5
p0b,waring_complex_jet,206.249919,9.1841724662e-03,7.8435710337e-03,9.5197378662e-03,3.2614550794e-03,2.6394476709e-03,3.7873882449e-03,5
p0b,waring_complex_jet,212.903143,7.9766942753e-03,5.8769062098e-03,9.2492325006e-03,3.1949257187e-03,2.6394476709e-03,3.7873882449e-03,5
p0b,waring_complex_jet,219.556366,6.3547558966e-03,3.4156838840e-03,7.9037676370e-03,3.0354402996e-03,2.6394476709e-03,3.7873882449e-03,5
p0b,waring_complex_jet,226.209589,5.4529866077e-03,5.3526140951e-03,5.8253000881e-03,3.0197843625e-03,2.6394476709e-03,3.7873882449e-03,5
p0b,waring_complex_jet,232.862812,6.4061111411e-03,4.3066286536e-03,6.5046018190e-03,3.0197843625e-03,2.6394476709e-03,3.7873882449e-03,5
p0b,waring_complex_jet,239.516035,5.1375859635e-03,4.0245986404e-03,6.8238640382e-03,3.0197843625e-03,2.6394476709e-03,3.7873882449e-03,5
p0b,waring_complex_jet,246.169259,6.1830223968e-03,5.0043599869e-03,8.3618983886e-03,3.0197843625e-03,2.6394476709e-03,3.7873882449e-03,5
p0b,waring_complex_jet,252.822482,6.3681260021e-03,4.9042215100e-03,6.6412184840e-03,3.0197843625e-03,2.6394476709e-03,3.7873882449e-03,5
p0b,waring_complex_jet,259.475705,4.5807411892e-03,3.3747643920e-03,6.6498646143e-03,3.0197843625e-03,2.6394476709e-03,3.7873882449e-03,5
p0b,waring_complex_jet,266.128928,4.1409854455e-03,3.3411492515e-03,4.7098202979e-03,2.6394476709e-03,2.4345173395e-03,3.0985112240e-03,5
p0b,waring_complex_jet,272.782151,4.7120887059e-03,4.4940257766e-03,5.4940477712e-03,2.6394476709e-03,2.0920277694e-03,2.6887069916e-03,5
p0b,waring_complex_jet,279.435375,6.6643263538e-03,4.8256770004e-03,1.3932407023e-02,2.6394476709e-03,2.0920277694e-03,2.6887069916e-03,5
p0b,waring_complex_jet,286.088598,7.1264982951e-03,5.8423079633e-03,7.2637906358e-03,2.4641114075e-03,2.0920277694e-03,2.6887069916e-03,5
p0b,waring_complex_jet,292.741821,4.6936623779e-03,4.4608200369e-03,6.3467689637e-03,2.3443992545e-03,2.0920277694e-03,2.6887069916e-03,5
p0b,waring_complex_jet,299.395044,3.7859020363e-03,3.5851439489e-03,4.1073282199e-03,2.3443992545e-03,2.0920277694e-03,2.6887069916e-03,5
p0b,waring_complex_jet,306.048267,4.4739092847e-03,2.6280259380e-03,9.9764170864e-03,2.3443992545e-03,2.0920277694e-03,2.6887069916e-03,5
p0b,waring_complex_jet,312.701491,7.8538493926e-03,3.1931440552e-03,1.3135263029e-02,2.3443992545e-03,2.0920277694e-03,2.6887069916e-03,5
p0b,waring_complex_jet,319.354714,7.9860721596e-03,5.5074913601e-03,8.0463074981e-03,2.3443992545e-03,2.0920277694e-03,2.6887069916e-03,5
p0b,waring_complex_jet,326.007937,4.0314631195e-03,3.9522488078e-03,1.1781488347e-02,2.3443992545e-03,2.0218321766e-03,2.6887069916e-03,5
p0b,waring_complex_jet,332.661160,4.3557693761e-03,4.1663571247e-03,5.2367065168e-03,2.3443992545e-03,1.9707537173e-03,2.5793310826e-03,5
p0b,waring_complex_jet,339.314383,5.3504715160e-03,4.1104833658e-03,7.3091032489e-03,2.2956563183e-03,1.9707537173e-03,2.3443992545e-03,5
p0b,waring_complex_jet,345.967607,5.6718123450e-03,4.9413262460e-03,7.2770059919e-03,2.1824905626e-03,1.9707537173e-03,2.3443992545e-03,5
p0b,waring_complex_jet,352.620830,5.0693075824e-03,4.5294234600e-03,6.0769253600e-03,2.1275079558e-03,1.9707537173e-03,2.3443992545e-03,5
p0b,waring_complex_jet,359.274053,4.2300856513e-03,2.7057720687e-03,4.5630479302e-03,2.1275079558e-03,1.9707537173e-03,2.3443992545e-03,5
p0b,waring_complex_jet,365.927276,4.5513095592e-03,4.3633502077e-03,4.9244479136e-03,1.9707537173e-03,1.9303585172e-03,2.1275079558e-03,5
p0b,waring_complex_jet,372.580499,4.6024935779e-03,3.8134140125e-03,4.8041626644e-03,1.9707537173e-03,1.6555759948e-03,2.1275079558e-03,5
p0b,waring_complex_jet,379.233723,2.8929926205e-03,2.6033107561e-03,3.7249159729e-03,1.9707537173e-03,1.6555759948e-03,2.1275079558e-03,5
p0b,waring_complex_jet,385.886946,3.8840418325e-03,2.8613770807e-03,4.3054779895e-03,1.9707537173e-03,1.6555759948e-03,2.1275079558e-03,5
p0b,waring_complex_jet,392.540169,3.8417845650e-03,2.7412797415e-03,4.6176200095e-03,1.9707537173e-03,1.6555759948e-03,2.1275079558e-03,5
p0b,waring_complex_jet,399.193392,2.7485496606e-03,2.6838895074e-03,3.8860706615e-03,1.9707537173e-03,1.6555759948e-03,2.1275079558e-03,5
p0b,waring_complex_jet,405.846616,2.6972190961e-03,2.5466571054e-03,3.1992742222e-03,1.9707537173e-03,1.6555759948e-03,2.1275079558e-03,5
p0b,waring_complex_jet,412.499839,3.4537948341e-03,2.6727114534e-03,5.0072054306e-03,1.9707537173e-03,1.6555759948e-03,2.1275079558e-03,5
p0b,waring_complex_jet,419.153062,3.8918617161e-03,3.2525747976e-03,5.0099605396e-03,1.9707537173e-03,1.6555759948e-03,2.1275079558e-03,5
p0b,waring_complex_jet,425.806285,4.7764930510e-03,3.5640796607e-03,6.4140786304e-03,1.9707537173e-03,1.6555759948e-03,2.1275079558e-03,5
p0b,waring_complex_jet,432.459508,4.8691141263e-03,4.0339320476e-03,5.5911843798e-03,1.9707537173e-03,1.6555759948e-03,2.1275079558e-03,5
p0b,waring_complex_jet,439.112732,5.1447844471e-03,3.9050688155e-03,8.5385034474e-03,1.9707537173e-03,1.6555759948e-03,2.1275079558e-03,5
p0b,waring_complex_jet,445.765955,5.1841926099e-03,4.1196151760e-03,6.0888623070e-03,1.9707537173e-03,1.6555759948e-03,2.1275079558e-03,5
p0b,waring_complex_jet,452.419178,5.0891979093e-03,3.0011210019e-03,5.8022923487e-03,1.9707537173e-03,1.6555759948e-03,2.1275079558e-03,5
p0b,waring_complex_jet,459.072401,3.6085068955e-03,2.7274672466e-03,4.7348004465e-03,1.9707537173e-03,1.6555759948e-03,2.1275079558e-03,5
p0b,waring_complex_jet,465.725624,2.8411564974e-03,2.7113544949e-03,3.5573365298e-03,1.9707537173e-03,1.6437453200e-03,2.1275079558e-03,5
p0b,waring_complex_jet,472.378848,3.2602113808e-03,2.5052746409e-03,3.2730009144e-03,1.9247011566e-03,1.6334796368e-03,2.0629418733e-03,5
p0b,waring_complex_jet,479.032071,3.9755162150e-03,1.9447682003e-03,4.9914965720e-03,1.7797011407e-03,1.6334796368e-03,1.8622017531e-03,5
p0b,waring_complex_jet,485.685294,3.2709123083e-03,1.9917379603e-03,3.7596387285e-03,1.7517160220e-03,1.6334796368e-03,1.8233386982e-03,5
p0b,waring_complex_jet,492.338517,2.3503176891e-03,2.3369446906e-03,2.3851692040e-03,1.7517160220e-03,1.5457950221e-03,1.8233386982e-03,5
p0b,waring_complex_jet,498.991740,2.9047494350e-03,1.5398289765e-03,3.0880755634e-03,1.7517160220e-03,1.4057874172e-03,1.8233386982e-03,5
p0b,waring_complex_jet,505.644964,3.4701168959e-03,2.3692645610e-03,3.5809255066e-03,1.7517160220e-03,1.4050506699e-03,1.7898684695e-03,5
p0b,waring_complex_jet,512.298187,3.1074919279e-03,3.0539100969e-03,6.8589931810e-03,1.7517160220e-03,1.4050506699e-03,1.7597444240e-03,5
p0b,waring_complex_jet,518.951410,2.6514858594e-03,2.2049143005e-03,3.8947390050e-03,1.7517160220e-03,1.4050506699e-03,1.7597444240e-03,5
p0b,waring_complex_jet,525.604633,2.7516778413e-03,1.5392260514e-03,3.1429797265e-03,1.7517160220e-03,1.3782144402e-03,1.7597444240e-03,5
p0b,waring_complex_jet,532.257856,2.0945084335e-03,1.5815801128e-03,2.7407220120e-03,1.7517160220e-03,1.3433921516e-03,1.7597444240e-03,5
p0b,waring_complex_jet,538.911080,2.4697203095e-03,2.1419009296e-03,2.4892030529e-03,1.7517160220e-03,1.3062168591e-03,1.7597444240e-03,5
p0b,waring_complex_jet,545.564303,2.8284672999e-03,2.2330700713e-03,3.8311532862e-03,1.7517160220e-03,1.2980317033e-03,1.7597444240e-03,5
p0b,waring_complex_jet,552.217526,2.4315079984e-03,2.2237787317e-03,5.2125159350e-03,1.7517160220e-03,1.2980317033e-03,1.7597444240e-03,5
p0b,waring_complex_jet,558.870749,2.8474168137e-03,1.9229279642e-03,3.6656313276e-03,1.7517160220e-03,1.2980317033e-03,1.7597444240e-03,5
p0b,waring_complex_jet,565.523972,2.8484395576e-03,2.0083082554e-03,3.6995149944e-03,1.7517160220e-03,1.2980317033e-03,1.7597444240e-03,5
p0b,waring_complex_jet,572.177196,2.7381217178e-03,2.1184934187e-03,3.0252570873e-03,1.7517160220e-03,1.2980317033e-03,1.7597444240e-03,5
p0b,waring_complex_jet,578.830419,2.8971710312e-03,2.4080690345e-03,3.2231803427e-03,1.7517160220e-03,1.2980317033e-03,1.7597444240e-03,5
p0b,waring_complex_jet,585.483642,2.3277609988e-03,1.7279449795e-03,3.4388860543e-03,1.7517160220e-03,1.2455515716e-03,1.7597444240e-03,5
p0b,waring_complex_jet,592.136865,2.4877500270e-03,2.1660611630e-03,3.1382787304e-03,1.7517160220e-03,1.1965307701e-03,1.7597444240e-03,5
p0b,waring_complex_jet,598.790088,3.5546358100e-03,2.6422426050e-03,4.6021906736e-03,1.7517160220e-03,1.1965307701e-03,1.7597444240e-03,5
p0b,waring_complex_jet,605.443312,2.8537664186e-03,2.8273616006e-03,3.3273099258e-03,1.7517160220e-03,1.1965307701e-03,1.7597444240e-03,5
p0b,waring_complex_jet,612.096535,2.3397950698e-03,2.3275839909e-03,2.8398729796e-03,1.7517160220e-03,1.1965307701e-03,1.7597444240e-03,5
p0b,waring_complex_jet,618.749758,3.6011341695e-03,3.0962836750e-03,4.7174108825e-03,1.7517160220e-03,1.1965307701e-03,1.7597444240e-03,5
p0b,waring_complex_jet,625.402981,3.5333814915e-03,3.2881065781e-03,4.9103209475e-03,1.7517160220e-03,1.1965307701e-03,1.7597444240e-03,5
p0b,waring_complex_jet,632.056205,3.4160260353e-03,2.9088148344e-03,4.0592344899e-03,1.7311736314e-03,1.1965307701e-03,1.7597444240e-03,5
p0b,waring_complex_jet,638.709428,2.6074251397e-03,1.8400191183e-03,3.2522409568e-03,1.6465931879e-03,1.1965307701e-03,1.7597444240e-03,5
p0b,waring_complex_jet,645.362651,2.2307181325e-03,1.9632041083e-03,3.9001725669e-03,1.6242859860e-03,1.1965307701e-03,1.7597444240e-03,5
p0b,waring_complex_jet,652.015874,2.3919178131e-03,2.2289442510e-03,5.9095485046e-03,1.5970865819e-03,1.1965307701e-03,1.7597444240e-03,5
p0b,waring_complex_jet,658.669097,2.4166521134e-03,1.5929756319e-03,4.7276564177e-03,1.4810195841e-03,1.1965307701e-03,1.7597444240e-03,5
p0b,waring_complex_jet,665.322321,2.2746408842e-03,2.2737218587e-03,2.9762201448e-03,1.4500847062e-03,1.1965307701e-03,1.7597444240e-03,5
p0b,waring_complex_jet,671.975544,2.7881762520e-03,2.0951111965e-03,2.8262274926e-03,1.4500847062e-03,1.1965307701e-03,1.7597444240e-03,5
p0b,waring_complex_jet,678.628767,2.8268304937e-03,2.1571613511e-03,4.4656568787e-03,1.4500847062e-03,1.1965307701e-03,1.7597444240e-03,5
p0b,waring_complex_jet,685.281990,2.4672280169e-03,2.3938489962e-03,3.0372507665e-03,1.4500847062e-03,1.1965307701e-03,1.7597444240e-03,5
p0b,waring_complex_jet,691.935213,2.1012953824e-03,1.9261338050e-03,3.1487062886e-03,1.4500847062e-03,1.1965307701e-03,1.7597444240e-03,5
p0b,waring_complex_jet,698.588437,3.0123729965e-03,2.2363055576e-03,3.5763399658e-03,1.4500847062e-03,1.1965307701e-03,1.7597444240e-03,5
p0b,waring_complex_jet,705.241660,2.3171732819e-03,2.1317874322e-03,3.2017067621e-03,1.4500847062e-03,1.1965307701e-03,1.6107193754e-03,5
p0b,waring_complex_jet,711.894883,2.5814991135e-03,2.2732594835e-03,2.9023728790e-03,1.4500847062e-03,1.1965307701e-03,1.4550454972e-03,5
p0b,waring_complex_jet,718.548106,2.4892688487e-03,2.1225118124e-03,4.4410168447e-03,1.4500847062e-03,1.1965307701e-03,1.4550454972e-03,5
p0b,waring_complex_jet,725.201329,2.9259694138e-03,2.2022324297e-03,3.1933901577e-03,1.4500847062e-03,1.1965307701e-03,1.4550454972e-03,5
p0b,waring_complex_jet,731.854553,2.3636719721e-03,2.2033192539e-03,3.5580372758e-03,1.4500847062e-03,1.1965307701e-03,1.4550454972e-03,5
p0b,waring_complex_jet,738.507776,2.2737681315e-03,1.8651892741e-03,2.9147723532e-03,1.4500847062e-03,1.1965307701e-03,1.4550454972e-03,5
p0b,waring_complex_jet,745.160999,2.1793879748e-03,1.5408891593e-03,2.7009237668e-03,1.3027799077e-03,1.1965307701e-03,1.4165467831e-03,5
p0b,waring_complex_jet,751.814222,1.8329927627e-03,1.6981479645e-03,2.2882261520e-03,1.1965307701e-03,1.1465119350e-03,1.4165467831e-03,5
p0b,waring_complex_jet,758.467445,1.8144373968e-03,1.6922992425e-03,1.9541591816e-03,1.1965307701e-03,1.1465119350e-03,1.4165467831e-03,5
p0b,waring_complex_jet,765.120669,1.9115756458e-03,1.6738048605e-03,2.2112656400e-03,1.1965307701e-03,1.1465119350e-03,1.2485524444e-03,5
p0b,waring_complex_jet,771.773892,1.8235067836e-03,1.6796112118e-03,2.2235129869e-03,1.1465119350e-03,1.0337177491e-03,1.1965307701e-03,5
p0b,waring_complex_jet,778.427115,2.5467778636e-03,2.2724471639e-03,3.3562109328e-03,1.1465119350e-03,1.0337177491e-03,1.1965307701e-03,5
p0b,waring_complex_jet,785.080338,2.3416858092e-03,2.0362344003e-03,2.4499656456e-03,1.1465119350e-03,1.0337177491e-03,1.1965307701e-03,5
p0b,waring_complex_jet,791.733561,1.8794388971e-03,1.5015507451e-03,2.3699036440e-03,1.1465119350e-03,1.0337177491e-03,1.1965307701e-03,5
p0b,waring_complex_jet,798.386785,2.0750389737e-03,1.5393136354e-03,3.6338128042e-03,1.1465119350e-03,1.0337177491e-03,1.1965307701e-03,5
p0b,waring_complex_jet,805.040008,2.1795643023e-03,1.7607413040e-03,2.9843865153e-03,1.1465119350e-03,1.0337177491e-03,1.1965307701e-03,5
p0b,waring_complex_jet,811.693231,2.2175199985e-03,1.9644963031e-03,3.0460899460e-03,1.1465119350e-03,1.0337177491e-03,1.1965307701e-03,5
p0b,waring_complex_jet,818.346454,2.7519405194e-03,2.6820898661e-03,3.1493792676e-03,1.1465119350e-03,1.0337177491e-03,1.1965307701e-03,5
p0b,waring_complex_jet,824.999677,2.6598274816e-03,2.2267612802e-03,2.6707267591e-03,1.1465119350e-03,1.0337177491e-03,1.1965307701e-03,5
p0b,waring_complex_jet,831.652901,1.9403452611e-03,1.7729151165e-03,2.2616256800e-03,1.1465119350e-03,1.0337177491e-03,1.1965307701e-03,5
p0b,waring_complex_jet,838.306124,2.2630735265e-03,2.2491082345e-03,2.6350111995e-03,1.1465119350e-03,1.0337177491e-03,1.1965307701e-03,5
p0b,waring_complex_jet,844.959347,2.0394691179e-03,2.0153892127e-03,2.0589273079e-03,1.1465119350e-03,1.0337177491e-03,1.1965307701e-03,5
p0b,waring_complex_jet,851.612570,1.6882514861e-03,1.2258459574e-03,2.0597471232e-03,1.1465119350e-03,1.0337177491e-03,1.1882111587e-03,5
p0b,waring_complex_jet,858.265793,1.5869190989e-03,1.4219560054e-03,1.8857028992e-03,1.1342753716e-03,1.0337177491e-03,1.1465119350e-03,5
p0b,waring_complex_jet,864.919017,1.5492850161e-03,1.4868223836e-03,1.6578467649e-03,1.1157358406e-03,1.0337177491e-03,1.1465119350e-03,5
p0b,waring_complex_jet,871.572240,1.3884283305e-03,1.3700986246e-03,1.3892668444e-03,1.1157358406e-03,1.0337177491e-03,1.1465119350e-03,5
p0b,waring_complex_jet,878.225463,1.7742235078e-03,1.3205225064e-03,2.2587736658e-03,1.1157358406e-03,1.0337177491e-03,1.1465119350e-03,5
p0b,waring_complex_jet,884.878686,1.6328094187e-03,1.5256372079e-03,1.7423528480e-03,1.0337177491e-03,9.7538243755e-04,1.0653785780e-03,5
p0b,waring_complex_jet,891.531910,1.3836395881e-03,9.9001680323e-04,1.4697047419e-03,9.6268301422e-04,8.1273583978e-04,1.0248381164e-03,5
p0b,waring_complex_jet,898.185133,1.2328786030e-03,1.1421127986e-03,1.2572490639e-03,9.5713189388e-04,8.1273583978e-04,9.6268301422e-04,5
p0b,waring_complex_jet,904.838356,1.7369596292e-03,1.4113152566e-03,2.0433413807e-03,9.3272325173e-04,8.1273583978e-04,9.6268301422e-04,5
p0b,waring_complex_jet,911.491579,1.9193723487e-03,1.8833496848e-03,2.4511983037e-03,9.3272325173e-04,8.1273583978e-04,9.6268301422e-04,5
p0b,waring_complex_jet,918.144802,2.0331391137e-03,1.7551101678e-03,2.4552717414e-03,9.3272325173e-04,8.1273583978e-04,9.6268301422e-04,5
p0b,waring_complex_jet,924.798026,1.8424502142e-03,1.8011537528e-03,2.1902638314e-03,9.3272325173e-04,8.1273583978e-04,9.6268301422e-04,5
p0b,waring_complex_jet,931.451249,1.0863323979e-03,1.0764270802e-03,2.5882173026e-03,9.3272325173e-04,8.1273583978e-04,9.6268301422e-04,5
p0b,waring_complex_jet,938.104472,1.4279684171e-03,1.4151469472e-03,1.4665878832e-03,9.3272325173e-04,8.1273583978e-04,9.6268301422e-04,5
p0b,waring_complex_jet,944.757695,1.4717577727e-03,1.2987866841e-03,1.6109838546e-03,9.3272325173e-04,8.1273583978e-04,9.6268301422e-04,5
p0b,waring_complex_jet,951.410918,1.2039290198e-03,9.4444223403e-04,1.8164142484e-03,9.3272325173e-04,8.1273583978e-04,9.6268301422e-04,5
p0b,waring_complex_jet,958.064142,1.3610996707e-03,1.3563707836e-03,1.4035503172e-03,9.3272325173e-04,8.1273583978e-04,9.6268301422e-04,5
p0b,waring_complex_jet,964.717365,1.3735037709e-03,1.2338649141e-03,1.4083487138e-03,9.3272325173e-04,8.1273583978e-04,9.6268301422e-04,5
p0b,waring_complex_jet,971.370588,1.1748060828e-03,1.0261137340e-03,1.9102114060e-03,9.3272325173e-04,8.1273583978e-04,9.6268301422e-04,5
p0b,waring_complex_jet,978.023811,1.7048644571e-03,1.4233575478e-03,1.7255472573e-03,9.3272325173e-04,8.1273583978e-04,9.6268301422e-04,5
p0b,waring_complex_jet,984.677034,1.5010454943e-03,1.2404952625e-03,1.5770216355e-03,9.3272325173e-04,7.9256076901e-04,9.6268301422e-04,5
p0b,waring_complex_jet,991.330258,1.0877579308e-03,1.0205614650e-03,1.2660625148e-03,9.3272325173e-04,7.8765994413e-04,9.6268301422e-04,5
p0b,waring_complex_jet,997.983481,1.1308621026e-03,1.0887424760e-03,1.2469315634e-03,9.3272325173e-04,7.3023398445e-04,9.6268301422e-04,5
p0b,waring_complex_jet,1004.636704,1.1354239824e-03,1.1140756312e-03,1.1903869279e-03,9.3272325173e-04,7.0711862665e-04,9.6268301422e-04,5
p0b,waring_complex_jet,1011.289927,1.1600519009e-03,1.0043143309e-03,1.1807888041e-03,9.3272325173e-04,7.0711862665e-04,9.6268301422e-04,5
p0b,waring_complex_jet,1017.943150,1.0856329649e-03,8.5695226090e-04,1.1324298236e-03,9.3272325173e-04,7.0711862665e-04,9.6268301422e-04,5
p0b,waring_complex_jet,1024.596374,1.1033834248e-03,1.0817477531e-03,1.1573022160e-03,9.3272325173e-04,7.0711862665e-04,9.6268301422e-04,5
p0b,waring_complex_jet,1031.249597,1.1154214216e-03,1.0257062969e-03,1.3295373484e-03,9.3185403746e-04,7.0653354536e-04,9.6169427668e-04,5
p0b,waring_complex_jet,1037.902820,9.9170727106e-04,9.4035114205e-04,1.2670058093e-03,9.1237824129e-04,7.0211385029e-04,9.4832245838e-04,5
p0b,waring_complex_jet,1044.556043,1.0850189453e-03,9.3820489727e-04,1.1565189428e-03,9.0357158784e-04,7.0211385029e-04,9.4260393992e-04,5
p0b,waring_complex_jet,1051.209266,1.0031157608e-03,9.5645531984e-04,1.2641330436e-03,9.0357158784e-04,7.0211385029e-04,9.4260393992e-04,5
p0b,waring_complex_jet,1057.862490,1.0686994091e-03,1.0006011356e-03,1.2767132987e-03,9.0357158784e-04,7.0211385029e-04,9.4260393992e-04,5
p0b,waring_complex_jet,1064.515713,1.1323352421e-03,9.8304817587e-04,1.2900476948e-03,9.0357158784e-04,7.0211385029e-04,9.4260393992e-04,5
p0b,waring_complex_jet,1071.168936,1.1423083792e-03,9.7036820549e-04,1.3581464529e-03,9.0357158784e-04,7.0211385029e-04,9.4260393992e-04,5
p0b,waring_complex_jet,1077.822159,1.0728238922e-03,1.0265802163e-03,1.3001416764e-03,9.0357158784e-04,7.0211385029e-04,9.4260393992e-04,5
p0b,waring_complex_jet,1084.475382,1.1180344554e-03,1.0240125591e-03,1.1210057424e-03,8.7973971032e-04,7.0211385029e-04,9.0357158784e-04,5
p0b,waring_complex_jet,1091.128606,1.1040333885e-03,9.7312827358e-04,1.5874965351e-03,7.8184129229e-04,7.0211385029e-04,9.0357158784e-04,5
p0b,waring_complex_jet,1097.781829,1.1410389657e-03,8.9489438701e-04,1.3999178236e-03,7.8184129229e-04,7.0211385029e-04,9.0357158784e-04,5
p0b,waring_complex_jet,1104.435052,1.2579548405e-03,9.7559829152e-04,1.2636627513e-03,7.8184129229e-04,7.0211385029e-04,9.0357158784e-04,5
p0b,waring_complex_jet,1111.088275,1.3276290129e-03,1.1483137991e-03,1.3570579509e-03,7.8184129229e-04,7.0211385029e-04,9.0357158784e-04,5
p0b,waring_complex_jet,1117.741498,1.0273352577e-03,9.5641564606e-04,1.2680447465e-03,7.8184129229e-04,7.0211385029e-04,9.0357158784e-04,5
p0b,waring_complex_jet,1124.394722,1.0276820850e-03,9.5803889074e-04,1.1914907132e-03,7.8184129229e-04,7.0211385029e-04,8.9832315649e-04,5
p0b,waring_complex_jet,1131.047945,9.2251756643e-04,8.8801095266e-04,1.1062249478e-03,7.8184129229e-04,6.9998054388e-04,8.8800983973e-04,5
p0b,waring_complex_jet,1137.701168,8.9082463069e-04,8.8974451598e-04,1.1489412801e-03,7.8184129229e-04,5.9482122445e-04,8.8800983973e-04,5
p0b,waring_complex_jet,1144.354391,8.9917397723e-04,8.0627534454e-04,1.1212485429e-03,7.8184129229e-04,5.9482122445e-04,8.8800983973e-04,5
p0b,waring_complex_jet,1151.007615,8.1489855930e-04,7.5703478537e-04,9.1662758110e-04,7.8184129229e-04,5.9482122445e-04,8.8800983973e-04,5
p0b,waring_complex_jet,1157.660838,1.0197016398e-03,9.0056498454e-04,1.1563560471e-03,7.8184129229e-04,5.9482122445e-04,8.8800983973e-04,5
p0b,waring_complex_jet,1164.314061,1.1128084613e-03,9.4567082784e-04,1.2590453540e-03,7.8184129229e-04,5.9482122445e-04,8.8800983973e-04,5
p0b,waring_complex_jet,1170.967284,1.0911428739e-03,8.4070681582e-04,1.1746390806e-03,7.8184129229e-04,5.9482122445e-04,8.4061161574e-04,5
p0b,waring_complex_jet,1177.620507,9.2770472318e-04,8.5505000063e-04,1.2962568836e-03,7.8184129229e-04,5.9482122445e-04,8.4061161574e-04,5
p0b,waring_complex_jet,1184.273731,9.2895354856e-04,8.6031938322e-04,1.1465048995e-03,7.8184129229e-04,5.9482122445e-04,8.4061161574e-04,5
p0b,waring_complex_jet,1190.926954,1.0587072498e-03,8.8041380256e-04,1.0770707194e-03,7.8184129229e-04,5.9482122445e-04,8.4061161574e-04,5
