nohup: ignoring input
[start] point_000 weights=(0.001, 0.001) seconds=30
device=cuda order=4 methods=('vanilla', 'sinh') bc_weights=0.001,0.001 seconds=30.0
[run] vanilla
[done] vanilla steps=264 ms/step=113.97 L2=2.11318
[run] sinh
/root/miniconda3/envs/apolarity/lib/python3.11/site-packages/torch/nn/modules/module.py:1310: UserWarning: Complex modules are a new feature under active development whose design may change, and some modules might not work as expected when using complex tensors as parameters or buffers. Please file an issue at https://github.com/pytorch/pytorch/issues/new?template=bug-report.yml if a complex module does not work as expected.
  warnings.warn(
[done] sinh steps=125 ms/step=242.56 L2=0.149735
[ok] wrote experiments/results/poly_shared_weight_power_grid/o4/grid30/point_000_history.json  (2 traces)

[ok] wrote experiments/results/poly_shared_weight_power_grid/o4/grid30/point_000
[start] point_001 weights=(0.001, 0.01) seconds=30
device=cuda order=4 methods=('vanilla', 'sinh') bc_weights=0.001,0.01 seconds=30.0
[run] vanilla
[done] vanilla steps=264 ms/step=113.75 L2=1.58814
[run] sinh
/root/miniconda3/envs/apolarity/lib/python3.11/site-packages/torch/nn/modules/module.py:1310: UserWarning: Complex modules are a new feature under active development whose design may change, and some modules might not work as expected when using complex tensors as parameters or buffers. Please file an issue at https://github.com/pytorch/pytorch/issues/new?template=bug-report.yml if a complex module does not work as expected.
  warnings.warn(
[done] sinh steps=125 ms/step=242.53 L2=0.141639
[ok] wrote experiments/results/poly_shared_weight_power_grid/o4/grid30/point_001_history.json  (2 traces)

[ok] wrote experiments/results/poly_shared_weight_power_grid/o4/grid30/point_001
[start] point_002 weights=(0.001, 0.1) seconds=30
device=cuda order=4 methods=('vanilla', 'sinh') bc_weights=0.001,0.1 seconds=30.0
[run] vanilla
[done] vanilla steps=264 ms/step=113.81 L2=0.594683
[run] sinh
/root/miniconda3/envs/apolarity/lib/python3.11/site-packages/torch/nn/modules/module.py:1310: UserWarning: Complex modules are a new feature under active development whose design may change, and some modules might not work as expected when using complex tensors as parameters or buffers. Please file an issue at https://github.com/pytorch/pytorch/issues/new?template=bug-report.yml if a complex module does not work as expected.
  warnings.warn(
[done] sinh steps=125 ms/step=242.63 L2=0.197369
[ok] wrote experiments/results/poly_shared_weight_power_grid/o4/grid30/point_002_history.json  (2 traces)

[ok] wrote experiments/results/poly_shared_weight_power_grid/o4/grid30/point_002
[start] point_003 weights=(0.001, 1.0) seconds=30
device=cuda order=4 methods=('vanilla', 'sinh') bc_weights=0.001,1 seconds=30.0
[run] vanilla
[done] vanilla steps=264 ms/step=113.87 L2=0.761097
[run] sinh
/root/miniconda3/envs/apolarity/lib/python3.11/site-packages/torch/nn/modules/module.py:1310: UserWarning: Complex modules are a new feature under active development whose design may change, and some modules might not work as expected when using complex tensors as parameters or buffers. Please file an issue at https://github.com/pytorch/pytorch/issues/new?template=bug-report.yml if a complex module does not work as expected.
  warnings.warn(
[done] sinh steps=125 ms/step=242.69 L2=0.213879
[ok] wrote experiments/results/poly_shared_weight_power_grid/o4/grid30/point_003_history.json  (2 traces)

[ok] wrote experiments/results/poly_shared_weight_power_grid/o4/grid30/point_003
[start] point_004 weights=(0.001, 10.0) seconds=30
device=cuda order=4 methods=('vanilla', 'sinh') bc_weights=0.001,10 seconds=30.0
[run] vanilla
[done] vanilla steps=261 ms/step=115.20 L2=2.11207
[run] sinh
/root/miniconda3/envs/apolarity/lib/python3.11/site-packages/torch/nn/modules/module.py:1310: UserWarning: Complex modules are a new feature under active development whose design may change, and some modules might not work as expected when using complex tensors as parameters or buffers. Please file an issue at https://github.com/pytorch/pytorch/issues/new?template=bug-report.yml if a complex module does not work as expected.
  warnings.warn(
[done] sinh steps=124 ms/step=244.13 L2=0.235219
[ok] wrote experiments/results/poly_shared_weight_power_grid/o4/grid30/point_004_history.json  (2 traces)

[ok] wrote experiments/results/poly_shared_weight_power_grid/o4/grid30/point_004
[start] point_005 weights=(0.001, 100.0) seconds=30
device=cuda order=4 methods=('vanilla', 'sinh') bc_weights=0.001,100 seconds=30.0
[run] vanilla
[done] vanilla steps=264 ms/step=114.17 L2=2.15892
[run] sinh
/root/miniconda3/envs/apolarity/lib/python3.11/site-packages/torch/nn/modules/module.py:1310: UserWarning: Complex modules are a new feature under active development whose design may change, and some modules might not work as expected when using complex tensors as parameters or buffers. Please file an issue at https://github.com/pytorch/pytorch/issues/new?template=bug-report.yml if a complex module does not work as expected.
  warnings.warn(
[done] sinh steps=125 ms/step=243.04 L2=0.233893
[ok] wrote experiments/results/poly_shared_weight_power_grid/o4/grid30/point_005_history.json  (2 traces)

[ok] wrote experiments/results/poly_shared_weight_power_grid/o4/grid30/point_005
[start] point_006 weights=(0.001, 1000.0) seconds=30
device=cuda order=4 methods=('vanilla', 'sinh') bc_weights=0.001,1000 seconds=30.0
[run] vanilla
[done] vanilla steps=263 ms/step=114.56 L2=1.58663
[run] sinh
/root/miniconda3/envs/apolarity/lib/python3.11/site-packages/torch/nn/modules/module.py:1310: UserWarning: Complex modules are a new feature under active development whose design may change, and some modules might not work as expected when using complex tensors as parameters or buffers. Please file an issue at https://github.com/pytorch/pytorch/issues/new?template=bug-report.yml if a complex module does not work as expected.
  warnings.warn(
[done] sinh steps=124 ms/step=243.19 L2=0.864635
[ok] wrote experiments/results/poly_shared_weight_power_grid/o4/grid30/point_006_history.json  (2 traces)

[ok] wrote experiments/results/poly_shared_weight_power_grid/o4/grid30/point_006
[start] point_007 weights=(0.01, 0.001) seconds=30
device=cuda order=4 methods=('vanilla', 'sinh') bc_weights=0.01,0.001 seconds=30.0
[run] vanilla
[done] vanilla steps=263 ms/step=114.29 L2=0.413797
[run] sinh
/root/miniconda3/envs/apolarity/lib/python3.11/site-packages/torch/nn/modules/module.py:1310: UserWarning: Complex modules are a new feature under active development whose design may change, and some modules might not work as expected when using complex tensors as parameters or buffers. Please file an issue at https://github.com/pytorch/pytorch/issues/new?template=bug-report.yml if a complex module does not work as expected.
  warnings.warn(
[done] sinh steps=125 ms/step=242.99 L2=0.158097
[ok] wrote experiments/results/poly_shared_weight_power_grid/o4/grid30/point_007_history.json  (2 traces)

[ok] wrote experiments/results/poly_shared_weight_power_grid/o4/grid30/point_007
[start] point_008 weights=(0.01, 0.01) seconds=30
device=cuda order=4 methods=('vanilla', 'sinh') bc_weights=0.01,0.01 seconds=30.0
[run] vanilla
[done] vanilla steps=263 ms/step=114.53 L2=0.357924
[run] sinh
/root/miniconda3/envs/apolarity/lib/python3.11/site-packages/torch/nn/modules/module.py:1310: UserWarning: Complex modules are a new feature under active development whose design may change, and some modules might not work as expected when using complex tensors as parameters or buffers. Please file an issue at https://github.com/pytorch/pytorch/issues/new?template=bug-report.yml if a complex module does not work as expected.
  warnings.warn(
[done] sinh steps=125 ms/step=242.78 L2=0.126784
[ok] wrote experiments/results/poly_shared_weight_power_grid/o4/grid30/point_008_history.json  (2 traces)

[ok] wrote experiments/results/poly_shared_weight_power_grid/o4/grid30/point_008
[start] point_009 weights=(0.01, 0.1) seconds=30
device=cuda order=4 methods=('vanilla', 'sinh') bc_weights=0.01,0.1 seconds=30.0
[run] vanilla
[done] vanilla steps=264 ms/step=114.03 L2=0.13798
[run] sinh
/root/miniconda3/envs/apolarity/lib/python3.11/site-packages/torch/nn/modules/module.py:1310: UserWarning: Complex modules are a new feature under active development whose design may change, and some modules might not work as expected when using complex tensors as parameters or buffers. Please file an issue at https://github.com/pytorch/pytorch/issues/new?template=bug-report.yml if a complex module does not work as expected.
  warnings.warn(
[done] sinh steps=125 ms/step=242.62 L2=0.0554005
[ok] wrote experiments/results/poly_shared_weight_power_grid/o4/grid30/point_009_history.json  (2 traces)

[ok] wrote experiments/results/poly_shared_weight_power_grid/o4/grid30/point_009
[start] point_010 weights=(0.01, 1.0) seconds=30
device=cuda order=4 methods=('vanilla', 'sinh') bc_weights=0.01,1 seconds=30.0
[run] vanilla
[done] vanilla steps=263 ms/step=114.61 L2=0.108445
[run] sinh
/root/miniconda3/envs/apolarity/lib/python3.11/site-packages/torch/nn/modules/module.py:1310: UserWarning: Complex modules are a new feature under active development whose design may change, and some modules might not work as expected when using complex tensors as parameters or buffers. Please file an issue at https://github.com/pytorch/pytorch/issues/new?template=bug-report.yml if a complex module does not work as expected.
  warnings.warn(
[done] sinh steps=125 ms/step=243.02 L2=0.0274881
[ok] wrote experiments/results/poly_shared_weight_power_grid/o4/grid30/point_010_history.json  (2 traces)

[ok] wrote experiments/results/poly_shared_weight_power_grid/o4/grid30/point_010
[start] point_011 weights=(0.01, 10.0) seconds=30
device=cuda order=4 methods=('vanilla', 'sinh') bc_weights=0.01,10 seconds=30.0
[run] vanilla
[done] vanilla steps=264 ms/step=113.86 L2=0.691278
[run] sinh
/root/miniconda3/envs/apolarity/lib/python3.11/site-packages/torch/nn/modules/module.py:1310: UserWarning: Complex modules are a new feature under active development whose design may change, and some modules might not work as expected when using complex tensors as parameters or buffers. Please file an issue at https://github.com/pytorch/pytorch/issues/new?template=bug-report.yml if a complex module does not work as expected.
  warnings.warn(
[done] sinh steps=125 ms/step=242.62 L2=0.0400945
[ok] wrote experiments/results/poly_shared_weight_power_grid/o4/grid30/point_011_history.json  (2 traces)

[ok] wrote experiments/results/poly_shared_weight_power_grid/o4/grid30/point_011
[start] point_012 weights=(0.01, 100.0) seconds=30
device=cuda order=4 methods=('vanilla', 'sinh') bc_weights=0.01,100 seconds=30.0
[run] vanilla
[done] vanilla steps=262 ms/step=114.95 L2=1.31084
[run] sinh
/root/miniconda3/envs/apolarity/lib/python3.11/site-packages/torch/nn/modules/module.py:1310: UserWarning: Complex modules are a new feature under active development whose design may change, and some modules might not work as expected when using complex tensors as parameters or buffers. Please file an issue at https://github.com/pytorch/pytorch/issues/new?template=bug-report.yml if a complex module does not work as expected.
  warnings.warn(
[done] sinh steps=124 ms/step=243.18 L2=0.150304
[ok] wrote experiments/results/poly_shared_weight_power_grid/o4/grid30/point_012_history.json  (2 traces)

[ok] wrote experiments/results/poly_shared_weight_power_grid/o4/grid30/point_012
[start] point_013 weights=(0.01, 1000.0) seconds=30
device=cuda order=4 methods=('vanilla', 'sinh') bc_weights=0.01,1000 seconds=30.0
[run] vanilla
[done] vanilla steps=264 ms/step=114.04 L2=1.32671
[run] sinh
/root/miniconda3/envs/apolarity/lib/python3.11/site-packages/torch/nn/modules/module.py:1310: UserWarning: Complex modules are a new feature under active development whose design may change, and some modules might not work as expected when using complex tensors as parameters or buffers. Please file an issue at https://github.com/pytorch/pytorch/issues/new?template=bug-report.yml if a complex module does not work as expected.
  warnings.warn(
[done] sinh steps=125 ms/step=242.95 L2=0.863166
[ok] wrote experiments/results/poly_shared_weight_power_grid/o4/grid30/point_013_history.json  (2 traces)

[ok] wrote experiments/results/poly_shared_weight_power_grid/o4/grid30/point_013
[start] point_014 weights=(0.1, 0.001) seconds=30
device=cuda order=4 methods=('vanilla', 'sinh') bc_weights=0.1,0.001 seconds=30.0
[run] vanilla
[done] vanilla steps=263 ms/step=114.58 L2=0.369949
[run] sinh
/root/miniconda3/envs/apolarity/lib/python3.11/site-packages/torch/nn/modules/module.py:1310: UserWarning: Complex modules are a new feature under active development whose design may change, and some modules might not work as expected when using complex tensors as parameters or buffers. Please file an issue at https://github.com/pytorch/pytorch/issues/new?template=bug-report.yml if a complex module does not work as expected.
  warnings.warn(
[done] sinh steps=125 ms/step=242.91 L2=0.0936481
[ok] wrote experiments/results/poly_shared_weight_power_grid/o4/grid30/point_014_history.json  (2 traces)

[ok] wrote experiments/results/poly_shared_weight_power_grid/o4/grid30/point_014
[start] point_015 weights=(0.1, 0.01) seconds=30
device=cuda order=4 methods=('vanilla', 'sinh') bc_weights=0.1,0.01 seconds=30.0
[run] vanilla
[done] vanilla steps=262 ms/step=114.65 L2=0.353399
[run] sinh
/root/miniconda3/envs/apolarity/lib/python3.11/site-packages/torch/nn/modules/module.py:1310: UserWarning: Complex modules are a new feature under active development whose design may change, and some modules might not work as expected when using complex tensors as parameters or buffers. Please file an issue at https://github.com/pytorch/pytorch/issues/new?template=bug-report.yml if a complex module does not work as expected.
  warnings.warn(
[done] sinh steps=125 ms/step=243.02 L2=0.0870903
[ok] wrote experiments/results/poly_shared_weight_power_grid/o4/grid30/point_015_history.json  (2 traces)

[ok] wrote experiments/results/poly_shared_weight_power_grid/o4/grid30/point_015
[start] point_016 weights=(0.1, 0.1) seconds=30
device=cuda order=4 methods=('vanilla', 'sinh') bc_weights=0.1,0.1 seconds=30.0
[run] vanilla
[done] vanilla steps=264 ms/step=114.13 L2=0.255887
[run] sinh
/root/miniconda3/envs/apolarity/lib/python3.11/site-packages/torch/nn/modules/module.py:1310: UserWarning: Complex modules are a new feature under active development whose design may change, and some modules might not work as expected when using complex tensors as parameters or buffers. Please file an issue at https://github.com/pytorch/pytorch/issues/new?template=bug-report.yml if a complex module does not work as expected.
  warnings.warn(
[done] sinh steps=125 ms/step=243.02 L2=0.0550944
[ok] wrote experiments/results/poly_shared_weight_power_grid/o4/grid30/point_016_history.json  (2 traces)

[ok] wrote experiments/results/poly_shared_weight_power_grid/o4/grid30/point_016
[start] point_017 weights=(0.1, 1.0) seconds=30
device=cuda order=4 methods=('vanilla', 'sinh') bc_weights=0.1,1 seconds=30.0
[run] vanilla
[done] vanilla steps=262 ms/step=114.89 L2=0.132847
[run] sinh
/root/miniconda3/envs/apolarity/lib/python3.11/site-packages/torch/nn/modules/module.py:1310: UserWarning: Complex modules are a new feature under active development whose design may change, and some modules might not work as expected when using complex tensors as parameters or buffers. Please file an issue at https://github.com/pytorch/pytorch/issues/new?template=bug-report.yml if a complex module does not work as expected.
  warnings.warn(
[done] sinh steps=125 ms/step=243.13 L2=0.0237218
[ok] wrote experiments/results/poly_shared_weight_power_grid/o4/grid30/point_017_history.json  (2 traces)

[ok] wrote experiments/results/poly_shared_weight_power_grid/o4/grid30/point_017
[start] point_018 weights=(0.1, 10.0) seconds=30
device=cuda order=4 methods=('vanilla', 'sinh') bc_weights=0.1,10 seconds=30.0
[run] vanilla
[done] vanilla steps=263 ms/step=114.40 L2=0.101125
[run] sinh
/root/miniconda3/envs/apolarity/lib/python3.11/site-packages/torch/nn/modules/module.py:1310: UserWarning: Complex modules are a new feature under active development whose design may change, and some modules might not work as expected when using complex tensors as parameters or buffers. Please file an issue at https://github.com/pytorch/pytorch/issues/new?template=bug-report.yml if a complex module does not work as expected.
  warnings.warn(
[done] sinh steps=125 ms/step=243.13 L2=0.0205285
[ok] wrote experiments/results/poly_shared_weight_power_grid/o4/grid30/point_018_history.json  (2 traces)

[ok] wrote experiments/results/poly_shared_weight_power_grid/o4/grid30/point_018
[start] point_019 weights=(0.1, 100.0) seconds=30
device=cuda order=4 methods=('vanilla', 'sinh') bc_weights=0.1,100 seconds=30.0
[run] vanilla
[done] vanilla steps=264 ms/step=114.00 L2=0.462574
[run] sinh
/root/miniconda3/envs/apolarity/lib/python3.11/site-packages/torch/nn/modules/module.py:1310: UserWarning: Complex modules are a new feature under active development whose design may change, and some modules might not work as expected when using complex tensors as parameters or buffers. Please file an issue at https://github.com/pytorch/pytorch/issues/new?template=bug-report.yml if a complex module does not work as expected.
  warnings.warn(
[done] sinh steps=125 ms/step=243.06 L2=0.10535
[ok] wrote experiments/results/poly_shared_weight_power_grid/o4/grid30/point_019_history.json  (2 traces)

[ok] wrote experiments/results/poly_shared_weight_power_grid/o4/grid30/point_019
[start] point_020 weights=(0.1, 1000.0) seconds=30
device=cuda order=4 methods=('vanilla', 'sinh') bc_weights=0.1,1000 seconds=30.0
[run] vanilla
[done] vanilla steps=263 ms/step=114.39 L2=1.16916
[run] sinh
/root/miniconda3/envs/apolarity/lib/python3.11/site-packages/torch/nn/modules/module.py:1310: UserWarning: Complex modules are a new feature under active development whose design may change, and some modules might not work as expected when using complex tensors as parameters or buffers. Please file an issue at https://github.com/pytorch/pytorch/issues/new?template=bug-report.yml if a complex module does not work as expected.
  warnings.warn(
[done] sinh steps=125 ms/step=242.82 L2=0.862959
[ok] wrote experiments/results/poly_shared_weight_power_grid/o4/grid30/point_020_history.json  (2 traces)

[ok] wrote experiments/results/poly_shared_weight_power_grid/o4/grid30/point_020
[start] point_021 weights=(1.0, 0.001) seconds=30
device=cuda order=4 methods=('vanilla', 'sinh') bc_weights=1,0.001 seconds=30.0
[run] vanilla
[done] vanilla steps=263 ms/step=114.59 L2=1.42358
[run] sinh
/root/miniconda3/envs/apolarity/lib/python3.11/site-packages/torch/nn/modules/module.py:1310: UserWarning: Complex modules are a new feature under active development whose design may change, and some modules might not work as expected when using complex tensors as parameters or buffers. Please file an issue at https://github.com/pytorch/pytorch/issues/new?template=bug-report.yml if a complex module does not work as expected.
  warnings.warn(
[done] sinh steps=125 ms/step=242.85 L2=0.0988184
[ok] wrote experiments/results/poly_shared_weight_power_grid/o4/grid30/point_021_history.json  (2 traces)

[ok] wrote experiments/results/poly_shared_weight_power_grid/o4/grid30/point_021
[start] point_022 weights=(1.0, 0.01) seconds=30
device=cuda order=4 methods=('vanilla', 'sinh') bc_weights=1,0.01 seconds=30.0
[run] vanilla
[done] vanilla steps=265 ms/step=113.72 L2=1.43466
[run] sinh
/root/miniconda3/envs/apolarity/lib/python3.11/site-packages/torch/nn/modules/module.py:1310: UserWarning: Complex modules are a new feature under active development whose design may change, and some modules might not work as expected when using complex tensors as parameters or buffers. Please file an issue at https://github.com/pytorch/pytorch/issues/new?template=bug-report.yml if a complex module does not work as expected.
  warnings.warn(
[done] sinh steps=125 ms/step=242.61 L2=0.0944475
[ok] wrote experiments/results/poly_shared_weight_power_grid/o4/grid30/point_022_history.json  (2 traces)

[ok] wrote experiments/results/poly_shared_weight_power_grid/o4/grid30/point_022
[start] point_023 weights=(1.0, 0.1) seconds=30
device=cuda order=4 methods=('vanilla', 'sinh') bc_weights=1,0.1 seconds=30.0
[run] vanilla
[done] vanilla steps=262 ms/step=114.82 L2=1.2903
[run] sinh
/root/miniconda3/envs/apolarity/lib/python3.11/site-packages/torch/nn/modules/module.py:1310: UserWarning: Complex modules are a new feature under active development whose design may change, and some modules might not work as expected when using complex tensors as parameters or buffers. Please file an issue at https://github.com/pytorch/pytorch/issues/new?template=bug-report.yml if a complex module does not work as expected.
  warnings.warn(
[done] sinh steps=124 ms/step=243.27 L2=0.0658967
[ok] wrote experiments/results/poly_shared_weight_power_grid/o4/grid30/point_023_history.json  (2 traces)

[ok] wrote experiments/results/poly_shared_weight_power_grid/o4/grid30/point_023
[start] point_024 weights=(1.0, 1.0) seconds=30
device=cuda order=4 methods=('vanilla', 'sinh') bc_weights=1,1 seconds=30.0
[run] vanilla
[done] vanilla steps=263 ms/step=114.20 L2=0.718876
[run] sinh
/root/miniconda3/envs/apolarity/lib/python3.11/site-packages/torch/nn/modules/module.py:1310: UserWarning: Complex modules are a new feature under active development whose design may change, and some modules might not work as expected when using complex tensors as parameters or buffers. Please file an issue at https://github.com/pytorch/pytorch/issues/new?template=bug-report.yml if a complex module does not work as expected.
  warnings.warn(
[done] sinh steps=125 ms/step=242.90 L2=0.0214982
[ok] wrote experiments/results/poly_shared_weight_power_grid/o4/grid30/point_024_history.json  (2 traces)

[ok] wrote experiments/results/poly_shared_weight_power_grid/o4/grid30/point_024
[start] point_025 weights=(1.0, 10.0) seconds=30
device=cuda order=4 methods=('vanilla', 'sinh') bc_weights=1,10 seconds=30.0
[run] vanilla
[done] vanilla steps=265 ms/step=113.70 L2=0.346933
[run] sinh
/root/miniconda3/envs/apolarity/lib/python3.11/site-packages/torch/nn/modules/module.py:1310: UserWarning: Complex modules are a new feature under active development whose design may change, and some modules might not work as expected when using complex tensors as parameters or buffers. Please file an issue at https://github.com/pytorch/pytorch/issues/new?template=bug-report.yml if a complex module does not work as expected.
  warnings.warn(
[done] sinh steps=125 ms/step=242.79 L2=0.0173099
[ok] wrote experiments/results/poly_shared_weight_power_grid/o4/grid30/point_025_history.json  (2 traces)

[ok] wrote experiments/results/poly_shared_weight_power_grid/o4/grid30/point_025
[start] point_026 weights=(1.0, 100.0) seconds=30
device=cuda order=4 methods=('vanilla', 'sinh') bc_weights=1,100 seconds=30.0
[run] vanilla
[done] vanilla steps=263 ms/step=114.29 L2=0.574115
[run] sinh
/root/miniconda3/envs/apolarity/lib/python3.11/site-packages/torch/nn/modules/module.py:1310: UserWarning: Complex modules are a new feature under active development whose design may change, and some modules might not work as expected when using complex tensors as parameters or buffers. Please file an issue at https://github.com/pytorch/pytorch/issues/new?template=bug-report.yml if a complex module does not work as expected.
  warnings.warn(
[done] sinh steps=125 ms/step=242.92 L2=0.158721
[ok] wrote experiments/results/poly_shared_weight_power_grid/o4/grid30/point_026_history.json  (2 traces)

[ok] wrote experiments/results/poly_shared_weight_power_grid/o4/grid30/point_026
[start] point_027 weights=(1.0, 1000.0) seconds=30
device=cuda order=4 methods=('vanilla', 'sinh') bc_weights=1,1000 seconds=30.0
[run] vanilla
[done] vanilla steps=265 ms/step=113.55 L2=0.950736
[run] sinh
/root/miniconda3/envs/apolarity/lib/python3.11/site-packages/torch/nn/modules/module.py:1310: UserWarning: Complex modules are a new feature under active development whose design may change, and some modules might not work as expected when using complex tensors as parameters or buffers. Please file an issue at https://github.com/pytorch/pytorch/issues/new?template=bug-report.yml if a complex module does not work as expected.
  warnings.warn(
[done] sinh steps=125 ms/step=242.61 L2=0.866702
[ok] wrote experiments/results/poly_shared_weight_power_grid/o4/grid30/point_027_history.json  (2 traces)

[ok] wrote experiments/results/poly_shared_weight_power_grid/o4/grid30/point_027
[start] point_028 weights=(10.0, 0.001) seconds=30
device=cuda order=4 methods=('vanilla', 'sinh') bc_weights=10,0.001 seconds=30.0
[run] vanilla
[done] vanilla steps=263 ms/step=114.19 L2=0.998955
[run] sinh
/root/miniconda3/envs/apolarity/lib/python3.11/site-packages/torch/nn/modules/module.py:1310: UserWarning: Complex modules are a new feature under active development whose design may change, and some modules might not work as expected when using complex tensors as parameters or buffers. Please file an issue at https://github.com/pytorch/pytorch/issues/new?template=bug-report.yml if a complex module does not work as expected.
  warnings.warn(
[done] sinh steps=125 ms/step=242.99 L2=0.0510911
[ok] wrote experiments/results/poly_shared_weight_power_grid/o4/grid30/point_028_history.json  (2 traces)

[ok] wrote experiments/results/poly_shared_weight_power_grid/o4/grid30/point_028
[start] point_029 weights=(10.0, 0.01) seconds=30
device=cuda order=4 methods=('vanilla', 'sinh') bc_weights=10,0.01 seconds=30.0
[run] vanilla
[done] vanilla steps=262 ms/step=114.70 L2=0.998959
[run] sinh
/root/miniconda3/envs/apolarity/lib/python3.11/site-packages/torch/nn/modules/module.py:1310: UserWarning: Complex modules are a new feature under active development whose design may change, and some modules might not work as expected when using complex tensors as parameters or buffers. Please file an issue at https://github.com/pytorch/pytorch/issues/new?template=bug-report.yml if a complex module does not work as expected.
  warnings.warn(
[done] sinh steps=124 ms/step=243.21 L2=0.0516573
[ok] wrote experiments/results/poly_shared_weight_power_grid/o4/grid30/point_029_history.json  (2 traces)

[ok] wrote experiments/results/poly_shared_weight_power_grid/o4/grid30/point_029
[start] point_030 weights=(10.0, 0.1) seconds=30
device=cuda order=4 methods=('vanilla', 'sinh') bc_weights=10,0.1 seconds=30.0
[run] vanilla
[done] vanilla steps=262 ms/step=114.88 L2=0.99896
[run] sinh
/root/miniconda3/envs/apolarity/lib/python3.11/site-packages/torch/nn/modules/module.py:1310: UserWarning: Complex modules are a new feature under active development whose design may change, and some modules might not work as expected when using complex tensors as parameters or buffers. Please file an issue at https://github.com/pytorch/pytorch/issues/new?template=bug-report.yml if a complex module does not work as expected.
  warnings.warn(
[done] sinh steps=124 ms/step=243.23 L2=0.0581032
[ok] wrote experiments/results/poly_shared_weight_power_grid/o4/grid30/point_030_history.json  (2 traces)

[ok] wrote experiments/results/poly_shared_weight_power_grid/o4/grid30/point_030
[start] point_031 weights=(10.0, 1.0) seconds=30
device=cuda order=4 methods=('vanilla', 'sinh') bc_weights=10,1 seconds=30.0
[run] vanilla
[done] vanilla steps=264 ms/step=113.76 L2=0.998956
[run] sinh
/root/miniconda3/envs/apolarity/lib/python3.11/site-packages/torch/nn/modules/module.py:1310: UserWarning: Complex modules are a new feature under active development whose design may change, and some modules might not work as expected when using complex tensors as parameters or buffers. Please file an issue at https://github.com/pytorch/pytorch/issues/new?template=bug-report.yml if a complex module does not work as expected.
  warnings.warn(
[done] sinh steps=125 ms/step=242.60 L2=0.0687137
[ok] wrote experiments/results/poly_shared_weight_power_grid/o4/grid30/point_031_history.json  (2 traces)

[ok] wrote experiments/results/poly_shared_weight_power_grid/o4/grid30/point_031
[start] point_032 weights=(10.0, 10.0) seconds=30
device=cuda order=4 methods=('vanilla', 'sinh') bc_weights=10,10 seconds=30.0
[run] vanilla
[done] vanilla steps=263 ms/step=114.20 L2=0.998989
[run] sinh
/root/miniconda3/envs/apolarity/lib/python3.11/site-packages/torch/nn/modules/module.py:1310: UserWarning: Complex modules are a new feature under active development whose design may change, and some modules might not work as expected when using complex tensors as parameters or buffers. Please file an issue at https://github.com/pytorch/pytorch/issues/new?template=bug-report.yml if a complex module does not work as expected.
  warnings.warn(
[done] sinh steps=125 ms/step=243.01 L2=0.0575063
[ok] wrote experiments/results/poly_shared_weight_power_grid/o4/grid30/point_032_history.json  (2 traces)

[ok] wrote experiments/results/poly_shared_weight_power_grid/o4/grid30/point_032
[start] point_033 weights=(10.0, 100.0) seconds=30
device=cuda order=4 methods=('vanilla', 'sinh') bc_weights=10,100 seconds=30.0
[run] vanilla
[done] vanilla steps=262 ms/step=114.69 L2=0.99922
[run] sinh
/root/miniconda3/envs/apolarity/lib/python3.11/site-packages/torch/nn/modules/module.py:1310: UserWarning: Complex modules are a new feature under active development whose design may change, and some modules might not work as expected when using complex tensors as parameters or buffers. Please file an issue at https://github.com/pytorch/pytorch/issues/new?template=bug-report.yml if a complex module does not work as expected.
  warnings.warn(
[done] sinh steps=124 ms/step=243.17 L2=0.0493985
[ok] wrote experiments/results/poly_shared_weight_power_grid/o4/grid30/point_033_history.json  (2 traces)

[ok] wrote experiments/results/poly_shared_weight_power_grid/o4/grid30/point_033
[start] point_034 weights=(10.0, 1000.0) seconds=30
device=cuda order=4 methods=('vanilla', 'sinh') bc_weights=10,1000 seconds=30.0
[run] vanilla
[done] vanilla steps=264 ms/step=113.76 L2=0.999842
[run] sinh
/root/miniconda3/envs/apolarity/lib/python3.11/site-packages/torch/nn/modules/module.py:1310: UserWarning: Complex modules are a new feature under active development whose design may change, and some modules might not work as expected when using complex tensors as parameters or buffers. Please file an issue at https://github.com/pytorch/pytorch/issues/new?template=bug-report.yml if a complex module does not work as expected.
  warnings.warn(
[done] sinh steps=125 ms/step=242.70 L2=0.844086
[ok] wrote experiments/results/poly_shared_weight_power_grid/o4/grid30/point_034_history.json  (2 traces)

[ok] wrote experiments/results/poly_shared_weight_power_grid/o4/grid30/point_034
[start] point_035 weights=(100.0, 0.001) seconds=30
device=cuda order=4 methods=('vanilla', 'sinh') bc_weights=100,0.001 seconds=30.0
[run] vanilla
[done] vanilla steps=264 ms/step=114.04 L2=0.999999
[run] sinh
/root/miniconda3/envs/apolarity/lib/python3.11/site-packages/torch/nn/modules/module.py:1310: UserWarning: Complex modules are a new feature under active development whose design may change, and some modules might not work as expected when using complex tensors as parameters or buffers. Please file an issue at https://github.com/pytorch/pytorch/issues/new?template=bug-report.yml if a complex module does not work as expected.
  warnings.warn(
[done] sinh steps=125 ms/step=242.86 L2=0.293788
[ok] wrote experiments/results/poly_shared_weight_power_grid/o4/grid30/point_035_history.json  (2 traces)

[ok] wrote experiments/results/poly_shared_weight_power_grid/o4/grid30/point_035
[start] point_036 weights=(100.0, 0.01) seconds=30
device=cuda order=4 methods=('vanilla', 'sinh') bc_weights=100,0.01 seconds=30.0
[run] vanilla
[done] vanilla steps=264 ms/step=113.77 L2=0.999999
[run] sinh
/root/miniconda3/envs/apolarity/lib/python3.11/site-packages/torch/nn/modules/module.py:1310: UserWarning: Complex modules are a new feature under active development whose design may change, and some modules might not work as expected when using complex tensors as parameters or buffers. Please file an issue at https://github.com/pytorch/pytorch/issues/new?template=bug-report.yml if a complex module does not work as expected.
  warnings.warn(
[done] sinh steps=125 ms/step=242.65 L2=0.293156
[ok] wrote experiments/results/poly_shared_weight_power_grid/o4/grid30/point_036_history.json  (2 traces)

[ok] wrote experiments/results/poly_shared_weight_power_grid/o4/grid30/point_036
[start] point_037 weights=(100.0, 0.1) seconds=30
device=cuda order=4 methods=('vanilla', 'sinh') bc_weights=100,0.1 seconds=30.0
[run] vanilla
[done] vanilla steps=264 ms/step=113.88 L2=0.999999
[run] sinh
/root/miniconda3/envs/apolarity/lib/python3.11/site-packages/torch/nn/modules/module.py:1310: UserWarning: Complex modules are a new feature under active development whose design may change, and some modules might not work as expected when using complex tensors as parameters or buffers. Please file an issue at https://github.com/pytorch/pytorch/issues/new?template=bug-report.yml if a complex module does not work as expected.
  warnings.warn(
[done] sinh steps=125 ms/step=242.59 L2=0.292274
[ok] wrote experiments/results/poly_shared_weight_power_grid/o4/grid30/point_037_history.json  (2 traces)

[ok] wrote experiments/results/poly_shared_weight_power_grid/o4/grid30/point_037
[start] point_038 weights=(100.0, 1.0) seconds=30
device=cuda order=4 methods=('vanilla', 'sinh') bc_weights=100,1 seconds=30.0
[run] vanilla
[done] vanilla steps=263 ms/step=114.40 L2=0.999999
[run] sinh
/root/miniconda3/envs/apolarity/lib/python3.11/site-packages/torch/nn/modules/module.py:1310: UserWarning: Complex modules are a new feature under active development whose design may change, and some modules might not work as expected when using complex tensors as parameters or buffers. Please file an issue at https://github.com/pytorch/pytorch/issues/new?template=bug-report.yml if a complex module does not work as expected.
  warnings.warn(
[done] sinh steps=125 ms/step=242.99 L2=0.289761
[ok] wrote experiments/results/poly_shared_weight_power_grid/o4/grid30/point_038_history.json  (2 traces)

[ok] wrote experiments/results/poly_shared_weight_power_grid/o4/grid30/point_038
[start] point_039 weights=(100.0, 10.0) seconds=30
device=cuda order=4 methods=('vanilla', 'sinh') bc_weights=100,10 seconds=30.0
[run] vanilla
[done] vanilla steps=264 ms/step=114.17 L2=0.999999
[run] sinh
/root/miniconda3/envs/apolarity/lib/python3.11/site-packages/torch/nn/modules/module.py:1310: UserWarning: Complex modules are a new feature under active development whose design may change, and some modules might not work as expected when using complex tensors as parameters or buffers. Please file an issue at https://github.com/pytorch/pytorch/issues/new?template=bug-report.yml if a complex module does not work as expected.
  warnings.warn(
[done] sinh steps=125 ms/step=242.56 L2=0.294919
[ok] wrote experiments/results/poly_shared_weight_power_grid/o4/grid30/point_039_history.json  (2 traces)

[ok] wrote experiments/results/poly_shared_weight_power_grid/o4/grid30/point_039
[start] point_040 weights=(100.0, 100.0) seconds=30
device=cuda order=4 methods=('vanilla', 'sinh') bc_weights=100,100 seconds=30.0
[run] vanilla
[done] vanilla steps=265 ms/step=113.64 L2=0.999998
[run] sinh
/root/miniconda3/envs/apolarity/lib/python3.11/site-packages/torch/nn/modules/module.py:1310: UserWarning: Complex modules are a new feature under active development whose design may change, and some modules might not work as expected when using complex tensors as parameters or buffers. Please file an issue at https://github.com/pytorch/pytorch/issues/new?template=bug-report.yml if a complex module does not work as expected.
  warnings.warn(
[done] sinh steps=125 ms/step=242.64 L2=0.482366
[ok] wrote experiments/results/poly_shared_weight_power_grid/o4/grid30/point_040_history.json  (2 traces)

[ok] wrote experiments/results/poly_shared_weight_power_grid/o4/grid30/point_040
[start] point_041 weights=(100.0, 1000.0) seconds=30
device=cuda order=4 methods=('vanilla', 'sinh') bc_weights=100,1000 seconds=30.0
[run] vanilla
[done] vanilla steps=264 ms/step=113.77 L2=0.999984
[run] sinh
/root/miniconda3/envs/apolarity/lib/python3.11/site-packages/torch/nn/modules/module.py:1310: UserWarning: Complex modules are a new feature under active development whose design may change, and some modules might not work as expected when using complex tensors as parameters or buffers. Please file an issue at https://github.com/pytorch/pytorch/issues/new?template=bug-report.yml if a complex module does not work as expected.
  warnings.warn(
[done] sinh steps=125 ms/step=242.59 L2=0.896441
[ok] wrote experiments/results/poly_shared_weight_power_grid/o4/grid30/point_041_history.json  (2 traces)

[ok] wrote experiments/results/poly_shared_weight_power_grid/o4/grid30/point_041
[start] point_042 weights=(1000.0, 0.001) seconds=30
device=cuda order=4 methods=('vanilla', 'sinh') bc_weights=1000,0.001 seconds=30.0
[run] vanilla
[done] vanilla steps=265 ms/step=113.55 L2=1.0001
[run] sinh
/root/miniconda3/envs/apolarity/lib/python3.11/site-packages/torch/nn/modules/module.py:1310: UserWarning: Complex modules are a new feature under active development whose design may change, and some modules might not work as expected when using complex tensors as parameters or buffers. Please file an issue at https://github.com/pytorch/pytorch/issues/new?template=bug-report.yml if a complex module does not work as expected.
  warnings.warn(
[done] sinh steps=125 ms/step=242.60 L2=0.983366
[ok] wrote experiments/results/poly_shared_weight_power_grid/o4/grid30/point_042_history.json  (2 traces)

[ok] wrote experiments/results/poly_shared_weight_power_grid/o4/grid30/point_042
[start] point_043 weights=(1000.0, 0.01) seconds=30
device=cuda order=4 methods=('vanilla', 'sinh') bc_weights=1000,0.01 seconds=30.0
[run] vanilla
[done] vanilla steps=262 ms/step=114.66 L2=1.0001
[run] sinh
/root/miniconda3/envs/apolarity/lib/python3.11/site-packages/torch/nn/modules/module.py:1310: UserWarning: Complex modules are a new feature under active development whose design may change, and some modules might not work as expected when using complex tensors as parameters or buffers. Please file an issue at https://github.com/pytorch/pytorch/issues/new?template=bug-report.yml if a complex module does not work as expected.
  warnings.warn(
[done] sinh steps=124 ms/step=243.18 L2=0.98346
[ok] wrote experiments/results/poly_shared_weight_power_grid/o4/grid30/point_043_history.json  (2 traces)

[ok] wrote experiments/results/poly_shared_weight_power_grid/o4/grid30/point_043
[start] point_044 weights=(1000.0, 0.1) seconds=30
device=cuda order=4 methods=('vanilla', 'sinh') bc_weights=1000,0.1 seconds=30.0
[run] vanilla
[done] vanilla steps=262 ms/step=114.83 L2=1.0001
[run] sinh
/root/miniconda3/envs/apolarity/lib/python3.11/site-packages/torch/nn/modules/module.py:1310: UserWarning: Complex modules are a new feature under active development whose design may change, and some modules might not work as expected when using complex tensors as parameters or buffers. Please file an issue at https://github.com/pytorch/pytorch/issues/new?template=bug-report.yml if a complex module does not work as expected.
  warnings.warn(
[done] sinh steps=125 ms/step=243.06 L2=0.983405
[ok] wrote experiments/results/poly_shared_weight_power_grid/o4/grid30/point_044_history.json  (2 traces)

[ok] wrote experiments/results/poly_shared_weight_power_grid/o4/grid30/point_044
[start] point_045 weights=(1000.0, 1.0) seconds=30
device=cuda order=4 methods=('vanilla', 'sinh') bc_weights=1000,1 seconds=30.0
[run] vanilla
[done] vanilla steps=263 ms/step=114.33 L2=1.0001
[run] sinh
/root/miniconda3/envs/apolarity/lib/python3.11/site-packages/torch/nn/modules/module.py:1310: UserWarning: Complex modules are a new feature under active development whose design may change, and some modules might not work as expected when using complex tensors as parameters or buffers. Please file an issue at https://github.com/pytorch/pytorch/issues/new?template=bug-report.yml if a complex module does not work as expected.
  warnings.warn(
[done] sinh steps=125 ms/step=242.92 L2=0.983404
[ok] wrote experiments/results/poly_shared_weight_power_grid/o4/grid30/point_045_history.json  (2 traces)

[ok] wrote experiments/results/poly_shared_weight_power_grid/o4/grid30/point_045
[start] point_046 weights=(1000.0, 10.0) seconds=30
device=cuda order=4 methods=('vanilla', 'sinh') bc_weights=1000,10 seconds=30.0
[run] vanilla
[done] vanilla steps=264 ms/step=113.97 L2=1.0001
[run] sinh
/root/miniconda3/envs/apolarity/lib/python3.11/site-packages/torch/nn/modules/module.py:1310: UserWarning: Complex modules are a new feature under active development whose design may change, and some modules might not work as expected when using complex tensors as parameters or buffers. Please file an issue at https://github.com/pytorch/pytorch/issues/new?template=bug-report.yml if a complex module does not work as expected.
  warnings.warn(
[done] sinh steps=125 ms/step=242.75 L2=0.983519
[ok] wrote experiments/results/poly_shared_weight_power_grid/o4/grid30/point_046_history.json  (2 traces)

[ok] wrote experiments/results/poly_shared_weight_power_grid/o4/grid30/point_046
[start] point_047 weights=(1000.0, 100.0) seconds=30
device=cuda order=4 methods=('vanilla', 'sinh') bc_weights=1000,100 seconds=30.0
[run] vanilla
[done] vanilla steps=262 ms/step=114.94 L2=1.0001
[run] sinh
/root/miniconda3/envs/apolarity/lib/python3.11/site-packages/torch/nn/modules/module.py:1310: UserWarning: Complex modules are a new feature under active development whose design may change, and some modules might not work as expected when using complex tensors as parameters or buffers. Please file an issue at https://github.com/pytorch/pytorch/issues/new?template=bug-report.yml if a complex module does not work as expected.
  warnings.warn(
[done] sinh steps=124 ms/step=244.04 L2=0.984656
[ok] wrote experiments/results/poly_shared_weight_power_grid/o4/grid30/point_047_history.json  (2 traces)

[ok] wrote experiments/results/poly_shared_weight_power_grid/o4/grid30/point_047
[start] point_048 weights=(1000.0, 1000.0) seconds=30
device=cuda order=4 methods=('vanilla', 'sinh') bc_weights=1000,1000 seconds=30.0
[run] vanilla
[done] vanilla steps=264 ms/step=113.83 L2=1.0001
[run] sinh
/root/miniconda3/envs/apolarity/lib/python3.11/site-packages/torch/nn/modules/module.py:1310: UserWarning: Complex modules are a new feature under active development whose design may change, and some modules might not work as expected when using complex tensors as parameters or buffers. Please file an issue at https://github.com/pytorch/pytorch/issues/new?template=bug-report.yml if a complex module does not work as expected.
  warnings.warn(
[done] sinh steps=125 ms/step=243.02 L2=0.988665
[ok] wrote experiments/results/poly_shared_weight_power_grid/o4/grid30/point_048_history.json  (2 traces)

[ok] wrote experiments/results/poly_shared_weight_power_grid/o4/grid30/point_048
[start] point_000 weights=(0.001, 0.001, 0.001) seconds=30
device=cuda order=6 methods=('vanilla', 'sinh') bc_weights=0.001,0.001,0.001 seconds=30.0
[run] vanilla
[done] vanilla steps=35 ms/step=871.44 L2=2.52158
[run] sinh
/root/miniconda3/envs/apolarity/lib/python3.11/site-packages/torch/nn/modules/module.py:1310: UserWarning: Complex modules are a new feature under active development whose design may change, and some modules might not work as expected when using complex tensors as parameters or buffers. Please file an issue at https://github.com/pytorch/pytorch/issues/new?template=bug-report.yml if a complex module does not work as expected.
  warnings.warn(
[done] sinh steps=37 ms/step=840.41 L2=0.311883
[ok] wrote experiments/results/poly_shared_weight_power_grid/o6/grid30/point_000_history.json  (2 traces)

[ok] wrote experiments/results/poly_shared_weight_power_grid/o6/grid30/point_000
[start] point_001 weights=(0.001, 0.001, 0.01) seconds=30
device=cuda order=6 methods=('vanilla', 'sinh') bc_weights=0.001,0.001,0.01 seconds=30.0
[run] vanilla
[done] vanilla steps=35 ms/step=880.71 L2=2.50714
[run] sinh
/root/miniconda3/envs/apolarity/lib/python3.11/site-packages/torch/nn/modules/module.py:1310: UserWarning: Complex modules are a new feature under active development whose design may change, and some modules might not work as expected when using complex tensors as parameters or buffers. Please file an issue at https://github.com/pytorch/pytorch/issues/new?template=bug-report.yml if a complex module does not work as expected.
  warnings.warn(
[done] sinh steps=37 ms/step=841.18 L2=0.309721
[ok] wrote experiments/results/poly_shared_weight_power_grid/o6/grid30/point_001_history.json  (2 traces)

[ok] wrote experiments/results/poly_shared_weight_power_grid/o6/grid30/point_001
[start] point_002 weights=(0.001, 0.001, 0.1) seconds=30
device=cuda order=6 methods=('vanilla', 'sinh') bc_weights=0.001,0.001,0.1 seconds=30.0
[run] vanilla
[done] vanilla steps=35 ms/step=870.50 L2=2.5083
[run] sinh
/root/miniconda3/envs/apolarity/lib/python3.11/site-packages/torch/nn/modules/module.py:1310: UserWarning: Complex modules are a new feature under active development whose design may change, and some modules might not work as expected when using complex tensors as parameters or buffers. Please file an issue at https://github.com/pytorch/pytorch/issues/new?template=bug-report.yml if a complex module does not work as expected.
  warnings.warn(
[done] sinh steps=37 ms/step=840.15 L2=0.308723
[ok] wrote experiments/results/poly_shared_weight_power_grid/o6/grid30/point_002_history.json  (2 traces)

[ok] wrote experiments/results/poly_shared_weight_power_grid/o6/grid30/point_002
[start] point_003 weights=(0.001, 0.001, 1.0) seconds=30
device=cuda order=6 methods=('vanilla', 'sinh') bc_weights=0.001,0.001,1 seconds=30.0
[run] vanilla
[done] vanilla steps=35 ms/step=878.23 L2=2.37444
[run] sinh
/root/miniconda3/envs/apolarity/lib/python3.11/site-packages/torch/nn/modules/module.py:1310: UserWarning: Complex modules are a new feature under active development whose design may change, and some modules might not work as expected when using complex tensors as parameters or buffers. Please file an issue at https://github.com/pytorch/pytorch/issues/new?template=bug-report.yml if a complex module does not work as expected.
  warnings.warn(
[done] sinh steps=37 ms/step=840.99 L2=0.344403
[ok] wrote experiments/results/poly_shared_weight_power_grid/o6/grid30/point_003_history.json  (2 traces)

[ok] wrote experiments/results/poly_shared_weight_power_grid/o6/grid30/point_003
[start] point_004 weights=(0.001, 0.001, 10.0) seconds=30
device=cuda order=6 methods=('vanilla', 'sinh') bc_weights=0.001,0.001,10 seconds=30.0
[run] vanilla
[done] vanilla steps=34 ms/step=886.12 L2=1.48001
[run] sinh
/root/miniconda3/envs/apolarity/lib/python3.11/site-packages/torch/nn/modules/module.py:1310: UserWarning: Complex modules are a new feature under active development whose design may change, and some modules might not work as expected when using complex tensors as parameters or buffers. Please file an issue at https://github.com/pytorch/pytorch/issues/new?template=bug-report.yml if a complex module does not work as expected.
  warnings.warn(
[done] sinh steps=37 ms/step=841.60 L2=0.303366
[ok] wrote experiments/results/poly_shared_weight_power_grid/o6/grid30/point_004_history.json  (2 traces)

[ok] wrote experiments/results/poly_shared_weight_power_grid/o6/grid30/point_004
[start] point_005 weights=(0.001, 0.001, 100.0) seconds=30
device=cuda order=6 methods=('vanilla', 'sinh') bc_weights=0.001,0.001,100 seconds=30.0
[run] vanilla
[done] vanilla steps=35 ms/step=870.67 L2=0.957746
[run] sinh
/root/miniconda3/envs/apolarity/lib/python3.11/site-packages/torch/nn/modules/module.py:1310: UserWarning: Complex modules are a new feature under active development whose design may change, and some modules might not work as expected when using complex tensors as parameters or buffers. Please file an issue at https://github.com/pytorch/pytorch/issues/new?template=bug-report.yml if a complex module does not work as expected.
  warnings.warn(
[done] sinh steps=37 ms/step=840.30 L2=0.500145
[ok] wrote experiments/results/poly_shared_weight_power_grid/o6/grid30/point_005_history.json  (2 traces)

[ok] wrote experiments/results/poly_shared_weight_power_grid/o6/grid30/point_005
[start] point_006 weights=(0.001, 0.001, 1000.0) seconds=30
device=cuda order=6 methods=('vanilla', 'sinh') bc_weights=0.001,0.001,1000 seconds=30.0
[run] vanilla
[done] vanilla steps=35 ms/step=869.30 L2=1.0388
[run] sinh
/root/miniconda3/envs/apolarity/lib/python3.11/site-packages/torch/nn/modules/module.py:1310: UserWarning: Complex modules are a new feature under active development whose design may change, and some modules might not work as expected when using complex tensors as parameters or buffers. Please file an issue at https://github.com/pytorch/pytorch/issues/new?template=bug-report.yml if a complex module does not work as expected.
  warnings.warn(
[done] sinh steps=37 ms/step=840.09 L2=0.949985
[ok] wrote experiments/results/poly_shared_weight_power_grid/o6/grid30/point_006_history.json  (2 traces)

[ok] wrote experiments/results/poly_shared_weight_power_grid/o6/grid30/point_006
[start] point_007 weights=(0.001, 0.01, 0.001) seconds=30
device=cuda order=6 methods=('vanilla', 'sinh') bc_weights=0.001,0.01,0.001 seconds=30.0
[run] vanilla
[done] vanilla steps=35 ms/step=877.95 L2=2.48583
[run] sinh
/root/miniconda3/envs/apolarity/lib/python3.11/site-packages/torch/nn/modules/module.py:1310: UserWarning: Complex modules are a new feature under active development whose design may change, and some modules might not work as expected when using complex tensors as parameters or buffers. Please file an issue at https://github.com/pytorch/pytorch/issues/new?template=bug-report.yml if a complex module does not work as expected.
  warnings.warn(
[done] sinh steps=37 ms/step=840.86 L2=0.295375
[ok] wrote experiments/results/poly_shared_weight_power_grid/o6/grid30/point_007_history.json  (2 traces)

[ok] wrote experiments/results/poly_shared_weight_power_grid/o6/grid30/point_007
[start] point_008 weights=(0.001, 0.01, 0.01) seconds=30
device=cuda order=6 methods=('vanilla', 'sinh') bc_weights=0.001,0.01,0.01 seconds=30.0
[run] vanilla
[done] vanilla steps=35 ms/step=879.77 L2=2.48336
[run] sinh
/root/miniconda3/envs/apolarity/lib/python3.11/site-packages/torch/nn/modules/module.py:1310: UserWarning: Complex modules are a new feature under active development whose design may change, and some modules might not work as expected when using complex tensors as parameters or buffers. Please file an issue at https://github.com/pytorch/pytorch/issues/new?template=bug-report.yml if a complex module does not work as expected.
  warnings.warn(
[done] sinh steps=37 ms/step=840.79 L2=0.294894
[ok] wrote experiments/results/poly_shared_weight_power_grid/o6/grid30/point_008_history.json  (2 traces)

[ok] wrote experiments/results/poly_shared_weight_power_grid/o6/grid30/point_008
[start] point_009 weights=(0.001, 0.01, 0.1) seconds=30
device=cuda order=6 methods=('vanilla', 'sinh') bc_weights=0.001,0.01,0.1 seconds=30.0
[run] vanilla
[done] vanilla steps=35 ms/step=876.16 L2=2.47715
[run] sinh
/root/miniconda3/envs/apolarity/lib/python3.11/site-packages/torch/nn/modules/module.py:1310: UserWarning: Complex modules are a new feature under active development whose design may change, and some modules might not work as expected when using complex tensors as parameters or buffers. Please file an issue at https://github.com/pytorch/pytorch/issues/new?template=bug-report.yml if a complex module does not work as expected.
  warnings.warn(
[done] sinh steps=37 ms/step=840.63 L2=0.306559
[ok] wrote experiments/results/poly_shared_weight_power_grid/o6/grid30/point_009_history.json  (2 traces)

[ok] wrote experiments/results/poly_shared_weight_power_grid/o6/grid30/point_009
[start] point_010 weights=(0.001, 0.01, 1.0) seconds=30
device=cuda order=6 methods=('vanilla', 'sinh') bc_weights=0.001,0.01,1 seconds=30.0
[run] vanilla
[done] vanilla steps=35 ms/step=870.49 L2=2.35936
[run] sinh
/root/miniconda3/envs/apolarity/lib/python3.11/site-packages/torch/nn/modules/module.py:1310: UserWarning: Complex modules are a new feature under active development whose design may change, and some modules might not work as expected when using complex tensors as parameters or buffers. Please file an issue at https://github.com/pytorch/pytorch/issues/new?template=bug-report.yml if a complex module does not work as expected.
  warnings.warn(
[done] sinh steps=37 ms/step=840.30 L2=0.342011
[ok] wrote experiments/results/poly_shared_weight_power_grid/o6/grid30/point_010_history.json  (2 traces)

[ok] wrote experiments/results/poly_shared_weight_power_grid/o6/grid30/point_010
[start] point_011 weights=(0.001, 0.01, 10.0) seconds=30
device=cuda order=6 methods=('vanilla', 'sinh') bc_weights=0.001,0.01,10 seconds=30.0
[run] vanilla
[done] vanilla steps=35 ms/step=869.40 L2=1.45044
[run] sinh
/root/miniconda3/envs/apolarity/lib/python3.11/site-packages/torch/nn/modules/module.py:1310: UserWarning: Complex modules are a new feature under active development whose design may change, and some modules might not work as expected when using complex tensors as parameters or buffers. Please file an issue at https://github.com/pytorch/pytorch/issues/new?template=bug-report.yml if a complex module does not work as expected.
  warnings.warn(
[done] sinh steps=37 ms/step=840.82 L2=0.299957
[ok] wrote experiments/results/poly_shared_weight_power_grid/o6/grid30/point_011_history.json  (2 traces)

[ok] wrote experiments/results/poly_shared_weight_power_grid/o6/grid30/point_011
[start] point_012 weights=(0.001, 0.01, 100.0) seconds=30
device=cuda order=6 methods=('vanilla', 'sinh') bc_weights=0.001,0.01,100 seconds=30.0
[run] vanilla
[done] vanilla steps=35 ms/step=868.16 L2=0.95829
[run] sinh
/root/miniconda3/envs/apolarity/lib/python3.11/site-packages/torch/nn/modules/module.py:1310: UserWarning: Complex modules are a new feature under active development whose design may change, and some modules might not work as expected when using complex tensors as parameters or buffers. Please file an issue at https://github.com/pytorch/pytorch/issues/new?template=bug-report.yml if a complex module does not work as expected.
  warnings.warn(
[done] sinh steps=37 ms/step=840.28 L2=0.497543
[ok] wrote experiments/results/poly_shared_weight_power_grid/o6/grid30/point_012_history.json  (2 traces)

[ok] wrote experiments/results/poly_shared_weight_power_grid/o6/grid30/point_012
[start] point_013 weights=(0.001, 0.01, 1000.0) seconds=30
device=cuda order=6 methods=('vanilla', 'sinh') bc_weights=0.001,0.01,1000 seconds=30.0
[run] vanilla
[done] vanilla steps=35 ms/step=870.74 L2=1.03936
[run] sinh
/root/miniconda3/envs/apolarity/lib/python3.11/site-packages/torch/nn/modules/module.py:1310: UserWarning: Complex modules are a new feature under active development whose design may change, and some modules might not work as expected when using complex tensors as parameters or buffers. Please file an issue at https://github.com/pytorch/pytorch/issues/new?template=bug-report.yml if a complex module does not work as expected.
  warnings.warn(
[done] sinh steps=37 ms/step=840.33 L2=0.950005
[ok] wrote experiments/results/poly_shared_weight_power_grid/o6/grid30/point_013_history.json  (2 traces)

[ok] wrote experiments/results/poly_shared_weight_power_grid/o6/grid30/point_013
[start] point_014 weights=(0.001, 0.1, 0.001) seconds=30
device=cuda order=6 methods=('vanilla', 'sinh') bc_weights=0.001,0.1,0.001 seconds=30.0
[run] vanilla
[done] vanilla steps=35 ms/step=870.83 L2=2.23347
[run] sinh
/root/miniconda3/envs/apolarity/lib/python3.11/site-packages/torch/nn/modules/module.py:1310: UserWarning: Complex modules are a new feature under active development whose design may change, and some modules might not work as expected when using complex tensors as parameters or buffers. Please file an issue at https://github.com/pytorch/pytorch/issues/new?template=bug-report.yml if a complex module does not work as expected.
  warnings.warn(
[done] sinh steps=37 ms/step=840.27 L2=0.360861
[ok] wrote experiments/results/poly_shared_weight_power_grid/o6/grid30/point_014_history.json  (2 traces)

[ok] wrote experiments/results/poly_shared_weight_power_grid/o6/grid30/point_014
[start] point_015 weights=(0.001, 0.1, 0.01) seconds=30
device=cuda order=6 methods=('vanilla', 'sinh') bc_weights=0.001,0.1,0.01 seconds=30.0
[run] vanilla
[done] vanilla steps=35 ms/step=870.48 L2=2.23256
[run] sinh
/root/miniconda3/envs/apolarity/lib/python3.11/site-packages/torch/nn/modules/module.py:1310: UserWarning: Complex modules are a new feature under active development whose design may change, and some modules might not work as expected when using complex tensors as parameters or buffers. Please file an issue at https://github.com/pytorch/pytorch/issues/new?template=bug-report.yml if a complex module does not work as expected.
  warnings.warn(
[done] sinh steps=37 ms/step=840.28 L2=0.3619
[ok] wrote experiments/results/poly_shared_weight_power_grid/o6/grid30/point_015_history.json  (2 traces)

[ok] wrote experiments/results/poly_shared_weight_power_grid/o6/grid30/point_015
[start] point_016 weights=(0.001, 0.1, 0.1) seconds=30
device=cuda order=6 methods=('vanilla', 'sinh') bc_weights=0.001,0.1,0.1 seconds=30.0
[run] vanilla
[done] vanilla steps=35 ms/step=879.74 L2=2.21043
[run] sinh
/root/miniconda3/envs/apolarity/lib/python3.11/site-packages/torch/nn/modules/module.py:1310: UserWarning: Complex modules are a new feature under active development whose design may change, and some modules might not work as expected when using complex tensors as parameters or buffers. Please file an issue at https://github.com/pytorch/pytorch/issues/new?template=bug-report.yml if a complex module does not work as expected.
  warnings.warn(
[done] sinh steps=37 ms/step=840.96 L2=0.367813
[ok] wrote experiments/results/poly_shared_weight_power_grid/o6/grid30/point_016_history.json  (2 traces)

[ok] wrote experiments/results/poly_shared_weight_power_grid/o6/grid30/point_016
[start] point_017 weights=(0.001, 0.1, 1.0) seconds=30
device=cuda order=6 methods=('vanilla', 'sinh') bc_weights=0.001,0.1,1 seconds=30.0
[run] vanilla
[done] vanilla steps=35 ms/step=878.27 L2=2.09509
[run] sinh
/root/miniconda3/envs/apolarity/lib/python3.11/site-packages/torch/nn/modules/module.py:1310: UserWarning: Complex modules are a new feature under active development whose design may change, and some modules might not work as expected when using complex tensors as parameters or buffers. Please file an issue at https://github.com/pytorch/pytorch/issues/new?template=bug-report.yml if a complex module does not work as expected.
  warnings.warn(
[done] sinh steps=37 ms/step=841.24 L2=0.331093
[ok] wrote experiments/results/poly_shared_weight_power_grid/o6/grid30/point_017_history.json  (2 traces)

[ok] wrote experiments/results/poly_shared_weight_power_grid/o6/grid30/point_017
[start] point_018 weights=(0.001, 0.1, 10.0) seconds=30
device=cuda order=6 methods=('vanilla', 'sinh') bc_weights=0.001,0.1,10 seconds=30.0
[run] vanilla
[done] vanilla steps=35 ms/step=870.50 L2=1.29235
[run] sinh
/root/miniconda3/envs/apolarity/lib/python3.11/site-packages/torch/nn/modules/module.py:1310: UserWarning: Complex modules are a new feature under active development whose design may change, and some modules might not work as expected when using complex tensors as parameters or buffers. Please file an issue at https://github.com/pytorch/pytorch/issues/new?template=bug-report.yml if a complex module does not work as expected.
  warnings.warn(
[done] sinh steps=37 ms/step=840.49 L2=0.282191
[ok] wrote experiments/results/poly_shared_weight_power_grid/o6/grid30/point_018_history.json  (2 traces)

[ok] wrote experiments/results/poly_shared_weight_power_grid/o6/grid30/point_018
[start] point_019 weights=(0.001, 0.1, 100.0) seconds=30
device=cuda order=6 methods=('vanilla', 'sinh') bc_weights=0.001,0.1,100 seconds=30.0
[run] vanilla
[done] vanilla steps=35 ms/step=878.78 L2=0.934833
[run] sinh
/root/miniconda3/envs/apolarity/lib/python3.11/site-packages/torch/nn/modules/module.py:1310: UserWarning: Complex modules are a new feature under active development whose design may change, and some modules might not work as expected when using complex tensors as parameters or buffers. Please file an issue at https://github.com/pytorch/pytorch/issues/new?template=bug-report.yml if a complex module does not work as expected.
  warnings.warn(
[done] sinh steps=37 ms/step=840.43 L2=0.474179
[ok] wrote experiments/results/poly_shared_weight_power_grid/o6/grid30/point_019_history.json  (2 traces)

[ok] wrote experiments/results/poly_shared_weight_power_grid/o6/grid30/point_019
[start] point_020 weights=(0.001, 0.1, 1000.0) seconds=30
device=cuda order=6 methods=('vanilla', 'sinh') bc_weights=0.001,0.1,1000 seconds=30.0
[run] vanilla
[done] vanilla steps=35 ms/step=869.86 L2=1.03672
[run] sinh
/root/miniconda3/envs/apolarity/lib/python3.11/site-packages/torch/nn/modules/module.py:1310: UserWarning: Complex modules are a new feature under active development whose design may change, and some modules might not work as expected when using complex tensors as parameters or buffers. Please file an issue at https://github.com/pytorch/pytorch/issues/new?template=bug-report.yml if a complex module does not work as expected.
  warnings.warn(
[done] sinh steps=37 ms/step=839.76 L2=0.950013
[ok] wrote experiments/results/poly_shared_weight_power_grid/o6/grid30/point_020_history.json  (2 traces)

[ok] wrote experiments/results/poly_shared_weight_power_grid/o6/grid30/point_020
[start] point_021 weights=(0.001, 1.0, 0.001) seconds=30
device=cuda order=6 methods=('vanilla', 'sinh') bc_weights=0.001,1,0.001 seconds=30.0
[run] vanilla
[done] vanilla steps=35 ms/step=882.08 L2=0.779799
[run] sinh
/root/miniconda3/envs/apolarity/lib/python3.11/site-packages/torch/nn/modules/module.py:1310: UserWarning: Complex modules are a new feature under active development whose design may change, and some modules might not work as expected when using complex tensors as parameters or buffers. Please file an issue at https://github.com/pytorch/pytorch/issues/new?template=bug-report.yml if a complex module does not work as expected.
  warnings.warn(
[done] sinh steps=37 ms/step=841.19 L2=0.268951
[ok] wrote experiments/results/poly_shared_weight_power_grid/o6/grid30/point_021_history.json  (2 traces)

[ok] wrote experiments/results/poly_shared_weight_power_grid/o6/grid30/point_021
[start] point_022 weights=(0.001, 1.0, 0.01) seconds=30
device=cuda order=6 methods=('vanilla', 'sinh') bc_weights=0.001,1,0.01 seconds=30.0
[run] vanilla
[done] vanilla steps=35 ms/step=878.57 L2=0.776384
[run] sinh
/root/miniconda3/envs/apolarity/lib/python3.11/site-packages/torch/nn/modules/module.py:1310: UserWarning: Complex modules are a new feature under active development whose design may change, and some modules might not work as expected when using complex tensors as parameters or buffers. Please file an issue at https://github.com/pytorch/pytorch/issues/new?template=bug-report.yml if a complex module does not work as expected.
  warnings.warn(
[done] sinh steps=37 ms/step=840.97 L2=0.268589
[ok] wrote experiments/results/poly_shared_weight_power_grid/o6/grid30/point_022_history.json  (2 traces)

[ok] wrote experiments/results/poly_shared_weight_power_grid/o6/grid30/point_022
[start] point_023 weights=(0.001, 1.0, 0.1) seconds=30
device=cuda order=6 methods=('vanilla', 'sinh') bc_weights=0.001,1,0.1 seconds=30.0
[run] vanilla
[done] vanilla steps=35 ms/step=869.39 L2=0.767114
[run] sinh
/root/miniconda3/envs/apolarity/lib/python3.11/site-packages/torch/nn/modules/module.py:1310: UserWarning: Complex modules are a new feature under active development whose design may change, and some modules might not work as expected when using complex tensors as parameters or buffers. Please file an issue at https://github.com/pytorch/pytorch/issues/new?template=bug-report.yml if a complex module does not work as expected.
  warnings.warn(
[done] sinh steps=37 ms/step=840.41 L2=0.265866
[ok] wrote experiments/results/poly_shared_weight_power_grid/o6/grid30/point_023_history.json  (2 traces)

[ok] wrote experiments/results/poly_shared_weight_power_grid/o6/grid30/point_023
[start] point_024 weights=(0.001, 1.0, 1.0) seconds=30
device=cuda order=6 methods=('vanilla', 'sinh') bc_weights=0.001,1,1 seconds=30.0
[run] vanilla
[done] vanilla steps=35 ms/step=881.80 L2=0.770653
[run] sinh
/root/miniconda3/envs/apolarity/lib/python3.11/site-packages/torch/nn/modules/module.py:1310: UserWarning: Complex modules are a new feature under active development whose design may change, and some modules might not work as expected when using complex tensors as parameters or buffers. Please file an issue at https://github.com/pytorch/pytorch/issues/new?template=bug-report.yml if a complex module does not work as expected.
  warnings.warn(
[done] sinh steps=37 ms/step=841.24 L2=0.257282
[ok] wrote experiments/results/poly_shared_weight_power_grid/o6/grid30/point_024_history.json  (2 traces)

[ok] wrote experiments/results/poly_shared_weight_power_grid/o6/grid30/point_024
[start] point_025 weights=(0.001, 1.0, 10.0) seconds=30
device=cuda order=6 methods=('vanilla', 'sinh') bc_weights=0.001,1,10 seconds=30.0
[run] vanilla
[done] vanilla steps=35 ms/step=881.46 L2=0.716716
[run] sinh
/root/miniconda3/envs/apolarity/lib/python3.11/site-packages/torch/nn/modules/module.py:1310: UserWarning: Complex modules are a new feature under active development whose design may change, and some modules might not work as expected when using complex tensors as parameters or buffers. Please file an issue at https://github.com/pytorch/pytorch/issues/new?template=bug-report.yml if a complex module does not work as expected.
  warnings.warn(
[done] sinh steps=37 ms/step=841.07 L2=0.246653
[ok] wrote experiments/results/poly_shared_weight_power_grid/o6/grid30/point_025_history.json  (2 traces)

[ok] wrote experiments/results/poly_shared_weight_power_grid/o6/grid30/point_025
[start] point_026 weights=(0.001, 1.0, 100.0) seconds=30
device=cuda order=6 methods=('vanilla', 'sinh') bc_weights=0.001,1,100 seconds=30.0
[run] vanilla
[done] vanilla steps=35 ms/step=871.29 L2=0.972044
[run] sinh
/root/miniconda3/envs/apolarity/lib/python3.11/site-packages/torch/nn/modules/module.py:1310: UserWarning: Complex modules are a new feature under active development whose design may change, and some modules might not work as expected when using complex tensors as parameters or buffers. Please file an issue at https://github.com/pytorch/pytorch/issues/new?template=bug-report.yml if a complex module does not work as expected.
  warnings.warn(
[done] sinh steps=37 ms/step=840.59 L2=0.387523
[ok] wrote experiments/results/poly_shared_weight_power_grid/o6/grid30/point_026_history.json  (2 traces)

[ok] wrote experiments/results/poly_shared_weight_power_grid/o6/grid30/point_026
[start] point_027 weights=(0.001, 1.0, 1000.0) seconds=30
device=cuda order=6 methods=('vanilla', 'sinh') bc_weights=0.001,1,1000 seconds=30.0
[run] vanilla
[done] vanilla steps=35 ms/step=866.40 L2=1.04706
[run] sinh
/root/miniconda3/envs/apolarity/lib/python3.11/site-packages/torch/nn/modules/module.py:1310: UserWarning: Complex modules are a new feature under active development whose design may change, and some modules might not work as expected when using complex tensors as parameters or buffers. Please file an issue at https://github.com/pytorch/pytorch/issues/new?template=bug-report.yml if a complex module does not work as expected.
  warnings.warn(
[done] sinh steps=37 ms/step=840.60 L2=0.950353
[ok] wrote experiments/results/poly_shared_weight_power_grid/o6/grid30/point_027_history.json  (2 traces)

[ok] wrote experiments/results/poly_shared_weight_power_grid/o6/grid30/point_027
[start] point_028 weights=(0.001, 10.0, 0.001) seconds=30
device=cuda order=6 methods=('vanilla', 'sinh') bc_weights=0.001,10,0.001 seconds=30.0
[run] vanilla
[done] vanilla steps=35 ms/step=880.06 L2=3.07488
[run] sinh
/root/miniconda3/envs/apolarity/lib/python3.11/site-packages/torch/nn/modules/module.py:1310: UserWarning: Complex modules are a new feature under active development whose design may change, and some modules might not work as expected when using complex tensors as parameters or buffers. Please file an issue at https://github.com/pytorch/pytorch/issues/new?template=bug-report.yml if a complex module does not work as expected.
  warnings.warn(
[done] sinh steps=37 ms/step=840.89 L2=0.287991
[ok] wrote experiments/results/poly_shared_weight_power_grid/o6/grid30/point_028_history.json  (2 traces)

[ok] wrote experiments/results/poly_shared_weight_power_grid/o6/grid30/point_028
[start] point_029 weights=(0.001, 10.0, 0.01) seconds=30
device=cuda order=6 methods=('vanilla', 'sinh') bc_weights=0.001,10,0.01 seconds=30.0
[run] vanilla
[done] vanilla steps=35 ms/step=870.66 L2=3.11498
[run] sinh
/root/miniconda3/envs/apolarity/lib/python3.11/site-packages/torch/nn/modules/module.py:1310: UserWarning: Complex modules are a new feature under active development whose design may change, and some modules might not work as expected when using complex tensors as parameters or buffers. Please file an issue at https://github.com/pytorch/pytorch/issues/new?template=bug-report.yml if a complex module does not work as expected.
  warnings.warn(
[done] sinh steps=37 ms/step=840.69 L2=0.287463
[ok] wrote experiments/results/poly_shared_weight_power_grid/o6/grid30/point_029_history.json  (2 traces)

[ok] wrote experiments/results/poly_shared_weight_power_grid/o6/grid30/point_029
[start] point_030 weights=(0.001, 10.0, 0.1) seconds=30
device=cuda order=6 methods=('vanilla', 'sinh') bc_weights=0.001,10,0.1 seconds=30.0
[run] vanilla
[done] vanilla steps=35 ms/step=878.83 L2=3.0683
[run] sinh
/root/miniconda3/envs/apolarity/lib/python3.11/site-packages/torch/nn/modules/module.py:1310: UserWarning: Complex modules are a new feature under active development whose design may change, and some modules might not work as expected when using complex tensors as parameters or buffers. Please file an issue at https://github.com/pytorch/pytorch/issues/new?template=bug-report.yml if a complex module does not work as expected.
  warnings.warn(
[done] sinh steps=37 ms/step=841.17 L2=0.284498
[ok] wrote experiments/results/poly_shared_weight_power_grid/o6/grid30/point_030_history.json  (2 traces)

[ok] wrote experiments/results/poly_shared_weight_power_grid/o6/grid30/point_030
[start] point_031 weights=(0.001, 10.0, 1.0) seconds=30
device=cuda order=6 methods=('vanilla', 'sinh') bc_weights=0.001,10,1 seconds=30.0
[run] vanilla
[done] vanilla steps=35 ms/step=879.62 L2=2.95524
[run] sinh
/root/miniconda3/envs/apolarity/lib/python3.11/site-packages/torch/nn/modules/module.py:1310: UserWarning: Complex modules are a new feature under active development whose design may change, and some modules might not work as expected when using complex tensors as parameters or buffers. Please file an issue at https://github.com/pytorch/pytorch/issues/new?template=bug-report.yml if a complex module does not work as expected.
  warnings.warn(
[done] sinh steps=37 ms/step=841.12 L2=0.277517
[ok] wrote experiments/results/poly_shared_weight_power_grid/o6/grid30/point_031_history.json  (2 traces)

[ok] wrote experiments/results/poly_shared_weight_power_grid/o6/grid30/point_031
[start] point_032 weights=(0.001, 10.0, 10.0) seconds=30
device=cuda order=6 methods=('vanilla', 'sinh') bc_weights=0.001,10,10 seconds=30.0
[run] vanilla
[done] vanilla steps=35 ms/step=868.98 L2=2.23227
[run] sinh
/root/miniconda3/envs/apolarity/lib/python3.11/site-packages/torch/nn/modules/module.py:1310: UserWarning: Complex modules are a new feature under active development whose design may change, and some modules might not work as expected when using complex tensors as parameters or buffers. Please file an issue at https://github.com/pytorch/pytorch/issues/new?template=bug-report.yml if a complex module does not work as expected.
  warnings.warn(
[done] sinh steps=37 ms/step=840.17 L2=0.260855
[ok] wrote experiments/results/poly_shared_weight_power_grid/o6/grid30/point_032_history.json  (2 traces)

[ok] wrote experiments/results/poly_shared_weight_power_grid/o6/grid30/point_032
[start] point_033 weights=(0.001, 10.0, 100.0) seconds=30
device=cuda order=6 methods=('vanilla', 'sinh') bc_weights=0.001,10,100 seconds=30.0
[run] vanilla
[done] vanilla steps=35 ms/step=870.06 L2=1.49598
[run] sinh
/root/miniconda3/envs/apolarity/lib/python3.11/site-packages/torch/nn/modules/module.py:1310: UserWarning: Complex modules are a new feature under active development whose design may change, and some modules might not work as expected when using complex tensors as parameters or buffers. Please file an issue at https://github.com/pytorch/pytorch/issues/new?template=bug-report.yml if a complex module does not work as expected.
  warnings.warn(
[done] sinh steps=37 ms/step=840.18 L2=0.346599
[ok] wrote experiments/results/poly_shared_weight_power_grid/o6/grid30/point_033_history.json  (2 traces)

[ok] wrote experiments/results/poly_shared_weight_power_grid/o6/grid30/point_033
[start] point_034 weights=(0.001, 10.0, 1000.0) seconds=30
device=cuda order=6 methods=('vanilla', 'sinh') bc_weights=0.001,10,1000 seconds=30.0
[run] vanilla
[done] vanilla steps=35 ms/step=871.24 L2=1.11747
[run] sinh
/root/miniconda3/envs/apolarity/lib/python3.11/site-packages/torch/nn/modules/module.py:1310: UserWarning: Complex modules are a new feature under active development whose design may change, and some modules might not work as expected when using complex tensors as parameters or buffers. Please file an issue at https://github.com/pytorch/pytorch/issues/new?template=bug-report.yml if a complex module does not work as expected.
  warnings.warn(
[done] sinh steps=37 ms/step=840.41 L2=0.952737
[ok] wrote experiments/results/poly_shared_weight_power_grid/o6/grid30/point_034_history.json  (2 traces)

[ok] wrote experiments/results/poly_shared_weight_power_grid/o6/grid30/point_034
[start] point_035 weights=(0.001, 100.0, 0.001) seconds=30
device=cuda order=6 methods=('vanilla', 'sinh') bc_weights=0.001,100,0.001 seconds=30.0
[run] vanilla
[done] vanilla steps=35 ms/step=879.78 L2=1.0343
[run] sinh
/root/miniconda3/envs/apolarity/lib/python3.11/site-packages/torch/nn/modules/module.py:1310: UserWarning: Complex modules are a new feature under active development whose design may change, and some modules might not work as expected when using complex tensors as parameters or buffers. Please file an issue at https://github.com/pytorch/pytorch/issues/new?template=bug-report.yml if a complex module does not work as expected.
  warnings.warn(
[done] sinh steps=37 ms/step=841.20 L2=0.423563
[ok] wrote experiments/results/poly_shared_weight_power_grid/o6/grid30/point_035_history.json  (2 traces)

[ok] wrote experiments/results/poly_shared_weight_power_grid/o6/grid30/point_035
[start] point_036 weights=(0.001, 100.0, 0.01) seconds=30
device=cuda order=6 methods=('vanilla', 'sinh') bc_weights=0.001,100,0.01 seconds=30.0
[run] vanilla
[done] vanilla steps=35 ms/step=875.18 L2=1.03467
[run] sinh
/root/miniconda3/envs/apolarity/lib/python3.11/site-packages/torch/nn/modules/module.py:1310: UserWarning: Complex modules are a new feature under active development whose design may change, and some modules might not work as expected when using complex tensors as parameters or buffers. Please file an issue at https://github.com/pytorch/pytorch/issues/new?template=bug-report.yml if a complex module does not work as expected.
  warnings.warn(
[done] sinh steps=37 ms/step=840.77 L2=0.423265
[ok] wrote experiments/results/poly_shared_weight_power_grid/o6/grid30/point_036_history.json  (2 traces)

[ok] wrote experiments/results/poly_shared_weight_power_grid/o6/grid30/point_036
[start] point_037 weights=(0.001, 100.0, 0.1) seconds=30
device=cuda order=6 methods=('vanilla', 'sinh') bc_weights=0.001,100,0.1 seconds=30.0
[run] vanilla
[done] vanilla steps=35 ms/step=874.86 L2=1.03467
[run] sinh
/root/miniconda3/envs/apolarity/lib/python3.11/site-packages/torch/nn/modules/module.py:1310: UserWarning: Complex modules are a new feature under active development whose design may change, and some modules might not work as expected when using complex tensors as parameters or buffers. Please file an issue at https://github.com/pytorch/pytorch/issues/new?template=bug-report.yml if a complex module does not work as expected.
  warnings.warn(
[done] sinh steps=37 ms/step=840.30 L2=0.42487
[ok] wrote experiments/results/poly_shared_weight_power_grid/o6/grid30/point_037_history.json  (2 traces)

[ok] wrote experiments/results/poly_shared_weight_power_grid/o6/grid30/point_037
[start] point_038 weights=(0.001, 100.0, 1.0) seconds=30
device=cuda order=6 methods=('vanilla', 'sinh') bc_weights=0.001,100,1 seconds=30.0
[run] vanilla
[done] vanilla steps=35 ms/step=874.50 L2=1.03468
[run] sinh
/root/miniconda3/envs/apolarity/lib/python3.11/site-packages/torch/nn/modules/module.py:1310: UserWarning: Complex modules are a new feature under active development whose design may change, and some modules might not work as expected when using complex tensors as parameters or buffers. Please file an issue at https://github.com/pytorch/pytorch/issues/new?template=bug-report.yml if a complex module does not work as expected.
  warnings.warn(
[done] sinh steps=37 ms/step=840.67 L2=0.445081
[ok] wrote experiments/results/poly_shared_weight_power_grid/o6/grid30/point_038_history.json  (2 traces)

[ok] wrote experiments/results/poly_shared_weight_power_grid/o6/grid30/point_038
[start] point_039 weights=(0.001, 100.0, 10.0) seconds=30
device=cuda order=6 methods=('vanilla', 'sinh') bc_weights=0.001,100,10 seconds=30.0
[run] vanilla
[done] vanilla steps=35 ms/step=875.76 L2=1.03424
[run] sinh
/root/miniconda3/envs/apolarity/lib/python3.11/site-packages/torch/nn/modules/module.py:1310: UserWarning: Complex modules are a new feature under active development whose design may change, and some modules might not work as expected when using complex tensors as parameters or buffers. Please file an issue at https://github.com/pytorch/pytorch/issues/new?template=bug-report.yml if a complex module does not work as expected.
  warnings.warn(
[done] sinh steps=37 ms/step=840.21 L2=0.569858
[ok] wrote experiments/results/poly_shared_weight_power_grid/o6/grid30/point_039_history.json  (2 traces)

[ok] wrote experiments/results/poly_shared_weight_power_grid/o6/grid30/point_039
[start] point_040 weights=(0.001, 100.0, 100.0) seconds=30
device=cuda order=6 methods=('vanilla', 'sinh') bc_weights=0.001,100,100 seconds=30.0
[run] vanilla
[done] vanilla steps=35 ms/step=871.96 L2=1.03128
[run] sinh
/root/miniconda3/envs/apolarity/lib/python3.11/site-packages/torch/nn/modules/module.py:1310: UserWarning: Complex modules are a new feature under active development whose design may change, and some modules might not work as expected when using complex tensors as parameters or buffers. Please file an issue at https://github.com/pytorch/pytorch/issues/new?template=bug-report.yml if a complex module does not work as expected.
  warnings.warn(
[done] sinh steps=37 ms/step=840.54 L2=0.805844
[ok] wrote experiments/results/poly_shared_weight_power_grid/o6/grid30/point_040_history.json  (2 traces)

[ok] wrote experiments/results/poly_shared_weight_power_grid/o6/grid30/point_040
[start] point_041 weights=(0.001, 100.0, 1000.0) seconds=30
device=cuda order=6 methods=('vanilla', 'sinh') bc_weights=0.001,100,1000 seconds=30.0
[run] vanilla
[done] vanilla steps=34 ms/step=891.99 L2=1.01543
[run] sinh
/root/miniconda3/envs/apolarity/lib/python3.11/site-packages/torch/nn/modules/module.py:1310: UserWarning: Complex modules are a new feature under active development whose design may change, and some modules might not work as expected when using complex tensors as parameters or buffers. Please file an issue at https://github.com/pytorch/pytorch/issues/new?template=bug-report.yml if a complex module does not work as expected.
  warnings.warn(
[done] sinh steps=37 ms/step=841.19 L2=0.96356
[ok] wrote experiments/results/poly_shared_weight_power_grid/o6/grid30/point_041_history.json  (2 traces)

[ok] wrote experiments/results/poly_shared_weight_power_grid/o6/grid30/point_041
[start] point_042 weights=(0.001, 1000.0, 0.001) seconds=30
device=cuda order=6 methods=('vanilla', 'sinh') bc_weights=0.001,1000,0.001 seconds=30.0
[run] vanilla
[done] vanilla steps=34 ms/step=885.80 L2=1.00105
[run] sinh
/root/miniconda3/envs/apolarity/lib/python3.11/site-packages/torch/nn/modules/module.py:1310: UserWarning: Complex modules are a new feature under active development whose design may change, and some modules might not work as expected when using complex tensors as parameters or buffers. Please file an issue at https://github.com/pytorch/pytorch/issues/new?template=bug-report.yml if a complex module does not work as expected.
  warnings.warn(
[done] sinh steps=37 ms/step=841.33 L2=0.987382
[ok] wrote experiments/results/poly_shared_weight_power_grid/o6/grid30/point_042_history.json  (2 traces)

[ok] wrote experiments/results/poly_shared_weight_power_grid/o6/grid30/point_042
[start] point_043 weights=(0.001, 1000.0, 0.01) seconds=30
device=cuda order=6 methods=('vanilla', 'sinh') bc_weights=0.001,1000,0.01 seconds=30.0
[run] vanilla
[done] vanilla steps=35 ms/step=879.71 L2=1.0011
[run] sinh
/root/miniconda3/envs/apolarity/lib/python3.11/site-packages/torch/nn/modules/module.py:1310: UserWarning: Complex modules are a new feature under active development whose design may change, and some modules might not work as expected when using complex tensors as parameters or buffers. Please file an issue at https://github.com/pytorch/pytorch/issues/new?template=bug-report.yml if a complex module does not work as expected.
  warnings.warn(
[done] sinh steps=37 ms/step=841.12 L2=0.98738
[ok] wrote experiments/results/poly_shared_weight_power_grid/o6/grid30/point_043_history.json  (2 traces)

[ok] wrote experiments/results/poly_shared_weight_power_grid/o6/grid30/point_043
[start] point_044 weights=(0.001, 1000.0, 0.1) seconds=30
device=cuda order=6 methods=('vanilla', 'sinh') bc_weights=0.001,1000,0.1 seconds=30.0
[run] vanilla
[done] vanilla steps=35 ms/step=871.14 L2=1.0011
[run] sinh
/root/miniconda3/envs/apolarity/lib/python3.11/site-packages/torch/nn/modules/module.py:1310: UserWarning: Complex modules are a new feature under active development whose design may change, and some modules might not work as expected when using complex tensors as parameters or buffers. Please file an issue at https://github.com/pytorch/pytorch/issues/new?template=bug-report.yml if a complex module does not work as expected.
  warnings.warn(
[done] sinh steps=37 ms/step=840.36 L2=0.987348
[ok] wrote experiments/results/poly_shared_weight_power_grid/o6/grid30/point_044_history.json  (2 traces)

[ok] wrote experiments/results/poly_shared_weight_power_grid/o6/grid30/point_044
[start] point_045 weights=(0.001, 1000.0, 1.0) seconds=30
device=cuda order=6 methods=('vanilla', 'sinh') bc_weights=0.001,1000,1 seconds=30.0
[run] vanilla
[done] vanilla steps=35 ms/step=879.99 L2=1.0011
[run] sinh
/root/miniconda3/envs/apolarity/lib/python3.11/site-packages/torch/nn/modules/module.py:1310: UserWarning: Complex modules are a new feature under active development whose design may change, and some modules might not work as expected when using complex tensors as parameters or buffers. Please file an issue at https://github.com/pytorch/pytorch/issues/new?template=bug-report.yml if a complex module does not work as expected.
  warnings.warn(
[done] sinh steps=37 ms/step=841.12 L2=0.987421
[ok] wrote experiments/results/poly_shared_weight_power_grid/o6/grid30/point_045_history.json  (2 traces)

[ok] wrote experiments/results/poly_shared_weight_power_grid/o6/grid30/point_045
[start] point_046 weights=(0.001, 1000.0, 10.0) seconds=30
device=cuda order=6 methods=('vanilla', 'sinh') bc_weights=0.001,1000,10 seconds=30.0
[run] vanilla
[done] vanilla steps=35 ms/step=877.61 L2=1.0011
[run] sinh
/root/miniconda3/envs/apolarity/lib/python3.11/site-packages/torch/nn/modules/module.py:1310: UserWarning: Complex modules are a new feature under active development whose design may change, and some modules might not work as expected when using complex tensors as parameters or buffers. Please file an issue at https://github.com/pytorch/pytorch/issues/new?template=bug-report.yml if a complex module does not work as expected.
  warnings.warn(
[done] sinh steps=37 ms/step=840.57 L2=0.987451
[ok] wrote experiments/results/poly_shared_weight_power_grid/o6/grid30/point_046_history.json  (2 traces)

[ok] wrote experiments/results/poly_shared_weight_power_grid/o6/grid30/point_046
[start] point_047 weights=(0.001, 1000.0, 100.0) seconds=30
device=cuda order=6 methods=('vanilla', 'sinh') bc_weights=0.001,1000,100 seconds=30.0
[run] vanilla
[done] vanilla steps=35 ms/step=875.88 L2=1.0011
[run] sinh
/root/miniconda3/envs/apolarity/lib/python3.11/site-packages/torch/nn/modules/module.py:1310: UserWarning: Complex modules are a new feature under active development whose design may change, and some modules might not work as expected when using complex tensors as parameters or buffers. Please file an issue at https://github.com/pytorch/pytorch/issues/new?template=bug-report.yml if a complex module does not work as expected.
  warnings.warn(
[done] sinh steps=37 ms/step=840.71 L2=0.988979
[ok] wrote experiments/results/poly_shared_weight_power_grid/o6/grid30/point_047_history.json  (2 traces)

[ok] wrote experiments/results/poly_shared_weight_power_grid/o6/grid30/point_047
[start] point_048 weights=(0.001, 1000.0, 1000.0) seconds=30
device=cuda order=6 methods=('vanilla', 'sinh') bc_weights=0.001,1000,1000 seconds=30.0
[run] vanilla
[done] vanilla steps=35 ms/step=870.12 L2=1.00111
[run] sinh
/root/miniconda3/envs/apolarity/lib/python3.11/site-packages/torch/nn/modules/module.py:1310: UserWarning: Complex modules are a new feature under active development whose design may change, and some modules might not work as expected when using complex tensors as parameters or buffers. Please file an issue at https://github.com/pytorch/pytorch/issues/new?template=bug-report.yml if a complex module does not work as expected.
  warnings.warn(
[done] sinh steps=37 ms/step=840.32 L2=0.992998
[ok] wrote experiments/results/poly_shared_weight_power_grid/o6/grid30/point_048_history.json  (2 traces)

[ok] wrote experiments/results/poly_shared_weight_power_grid/o6/grid30/point_048
[start] point_049 weights=(0.01, 0.001, 0.001) seconds=30
device=cuda order=6 methods=('vanilla', 'sinh') bc_weights=0.01,0.001,0.001 seconds=30.0
[run] vanilla
[done] vanilla steps=35 ms/step=870.06 L2=1.51842
[run] sinh
/root/miniconda3/envs/apolarity/lib/python3.11/site-packages/torch/nn/modules/module.py:1310: UserWarning: Complex modules are a new feature under active development whose design may change, and some modules might not work as expected when using complex tensors as parameters or buffers. Please file an issue at https://github.com/pytorch/pytorch/issues/new?template=bug-report.yml if a complex module does not work as expected.
  warnings.warn(
[done] sinh steps=37 ms/step=840.12 L2=0.195957
[ok] wrote experiments/results/poly_shared_weight_power_grid/o6/grid30/point_049_history.json  (2 traces)

[ok] wrote experiments/results/poly_shared_weight_power_grid/o6/grid30/point_049
[start] point_050 weights=(0.01, 0.001, 0.01) seconds=30
device=cuda order=6 methods=('vanilla', 'sinh') bc_weights=0.01,0.001,0.01 seconds=30.0
[run] vanilla
[done] vanilla steps=35 ms/step=869.89 L2=1.51761
[run] sinh
/root/miniconda3/envs/apolarity/lib/python3.11/site-packages/torch/nn/modules/module.py:1310: UserWarning: Complex modules are a new feature under active development whose design may change, and some modules might not work as expected when using complex tensors as parameters or buffers. Please file an issue at https://github.com/pytorch/pytorch/issues/new?template=bug-report.yml if a complex module does not work as expected.
  warnings.warn(
[done] sinh steps=37 ms/step=840.26 L2=0.193873
[ok] wrote experiments/results/poly_shared_weight_power_grid/o6/grid30/point_050_history.json  (2 traces)

[ok] wrote experiments/results/poly_shared_weight_power_grid/o6/grid30/point_050
[start] point_051 weights=(0.01, 0.001, 0.1) seconds=30
device=cuda order=6 methods=('vanilla', 'sinh') bc_weights=0.01,0.001,0.1 seconds=30.0
[run] vanilla
[done] vanilla steps=35 ms/step=870.59 L2=1.50614
[run] sinh
/root/miniconda3/envs/apolarity/lib/python3.11/site-packages/torch/nn/modules/module.py:1310: UserWarning: Complex modules are a new feature under active development whose design may change, and some modules might not work as expected when using complex tensors as parameters or buffers. Please file an issue at https://github.com/pytorch/pytorch/issues/new?template=bug-report.yml if a complex module does not work as expected.
  warnings.warn(
[done] sinh steps=37 ms/step=840.24 L2=0.189151
[ok] wrote experiments/results/poly_shared_weight_power_grid/o6/grid30/point_051_history.json  (2 traces)

[ok] wrote experiments/results/poly_shared_weight_power_grid/o6/grid30/point_051
[start] point_052 weights=(0.01, 0.001, 1.0) seconds=30
device=cuda order=6 methods=('vanilla', 'sinh') bc_weights=0.01,0.001,1 seconds=30.0
[run] vanilla
[done] vanilla steps=35 ms/step=869.38 L2=1.41889
[run] sinh
/root/miniconda3/envs/apolarity/lib/python3.11/site-packages/torch/nn/modules/module.py:1310: UserWarning: Complex modules are a new feature under active development whose design may change, and some modules might not work as expected when using complex tensors as parameters or buffers. Please file an issue at https://github.com/pytorch/pytorch/issues/new?template=bug-report.yml if a complex module does not work as expected.
  warnings.warn(
[done] sinh steps=37 ms/step=839.94 L2=0.187759
[ok] wrote experiments/results/poly_shared_weight_power_grid/o6/grid30/point_052_history.json  (2 traces)

[ok] wrote experiments/results/poly_shared_weight_power_grid/o6/grid30/point_052
[start] point_053 weights=(0.01, 0.001, 10.0) seconds=30
device=cuda order=6 methods=('vanilla', 'sinh') bc_weights=0.01,0.001,10 seconds=30.0
[run] vanilla
[done] vanilla steps=35 ms/step=873.44 L2=0.872838
[run] sinh
/root/miniconda3/envs/apolarity/lib/python3.11/site-packages/torch/nn/modules/module.py:1310: UserWarning: Complex modules are a new feature under active development whose design may change, and some modules might not work as expected when using complex tensors as parameters or buffers. Please file an issue at https://github.com/pytorch/pytorch/issues/new?template=bug-report.yml if a complex module does not work as expected.
  warnings.warn(
[done] sinh steps=37 ms/step=840.86 L2=0.150553
[ok] wrote experiments/results/poly_shared_weight_power_grid/o6/grid30/point_053_history.json  (2 traces)

[ok] wrote experiments/results/poly_shared_weight_power_grid/o6/grid30/point_053
[start] point_054 weights=(0.01, 0.001, 100.0) seconds=30
device=cuda order=6 methods=('vanilla', 'sinh') bc_weights=0.01,0.001,100 seconds=30.0
[run] vanilla
[done] vanilla steps=35 ms/step=875.61 L2=0.741663
[run] sinh
/root/miniconda3/envs/apolarity/lib/python3.11/site-packages/torch/nn/modules/module.py:1310: UserWarning: Complex modules are a new feature under active development whose design may change, and some modules might not work as expected when using complex tensors as parameters or buffers. Please file an issue at https://github.com/pytorch/pytorch/issues/new?template=bug-report.yml if a complex module does not work as expected.
  warnings.warn(
[done] sinh steps=37 ms/step=840.70 L2=0.425486
[ok] wrote experiments/results/poly_shared_weight_power_grid/o6/grid30/point_054_history.json  (2 traces)

[ok] wrote experiments/results/poly_shared_weight_power_grid/o6/grid30/point_054
[start] point_055 weights=(0.01, 0.001, 1000.0) seconds=30
device=cuda order=6 methods=('vanilla', 'sinh') bc_weights=0.01,0.001,1000 seconds=30.0
[run] vanilla
[done] vanilla steps=35 ms/step=870.70 L2=1.01035
[run] sinh
/root/miniconda3/envs/apolarity/lib/python3.11/site-packages/torch/nn/modules/module.py:1310: UserWarning: Complex modules are a new feature under active development whose design may change, and some modules might not work as expected when using complex tensors as parameters or buffers. Please file an issue at https://github.com/pytorch/pytorch/issues/new?template=bug-report.yml if a complex module does not work as expected.
  warnings.warn(
[done] sinh steps=37 ms/step=840.23 L2=0.949763
[ok] wrote experiments/results/poly_shared_weight_power_grid/o6/grid30/point_055_history.json  (2 traces)

[ok] wrote experiments/results/poly_shared_weight_power_grid/o6/grid30/point_055
[start] point_056 weights=(0.01, 0.01, 0.001) seconds=30
device=cuda order=6 methods=('vanilla', 'sinh') bc_weights=0.01,0.01,0.001 seconds=30.0
[run] vanilla
[done] vanilla steps=35 ms/step=866.89 L2=1.50396
[run] sinh
/root/miniconda3/envs/apolarity/lib/python3.11/site-packages/torch/nn/modules/module.py:1310: UserWarning: Complex modules are a new feature under active development whose design may change, and some modules might not work as expected when using complex tensors as parameters or buffers. Please file an issue at https://github.com/pytorch/pytorch/issues/new?template=bug-report.yml if a complex module does not work as expected.
  warnings.warn(
[done] sinh steps=37 ms/step=840.36 L2=0.185877
[ok] wrote experiments/results/poly_shared_weight_power_grid/o6/grid30/point_056_history.json  (2 traces)

[ok] wrote experiments/results/poly_shared_weight_power_grid/o6/grid30/point_056
[start] point_057 weights=(0.01, 0.01, 0.01) seconds=30
device=cuda order=6 methods=('vanilla', 'sinh') bc_weights=0.01,0.01,0.01 seconds=30.0
[run] vanilla
[done] vanilla steps=35 ms/step=866.87 L2=1.50272
[run] sinh
/root/miniconda3/envs/apolarity/lib/python3.11/site-packages/torch/nn/modules/module.py:1310: UserWarning: Complex modules are a new feature under active development whose design may change, and some modules might not work as expected when using complex tensors as parameters or buffers. Please file an issue at https://github.com/pytorch/pytorch/issues/new?template=bug-report.yml if a complex module does not work as expected.
  warnings.warn(
[done] sinh steps=37 ms/step=839.97 L2=0.185168
[ok] wrote experiments/results/poly_shared_weight_power_grid/o6/grid30/point_057_history.json  (2 traces)

[ok] wrote experiments/results/poly_shared_weight_power_grid/o6/grid30/point_057
[start] point_058 weights=(0.01, 0.01, 0.1) seconds=30
device=cuda order=6 methods=('vanilla', 'sinh') bc_weights=0.01,0.01,0.1 seconds=30.0
[run] vanilla
[done] vanilla steps=35 ms/step=867.46 L2=1.49235
[run] sinh
/root/miniconda3/envs/apolarity/lib/python3.11/site-packages/torch/nn/modules/module.py:1310: UserWarning: Complex modules are a new feature under active development whose design may change, and some modules might not work as expected when using complex tensors as parameters or buffers. Please file an issue at https://github.com/pytorch/pytorch/issues/new?template=bug-report.yml if a complex module does not work as expected.
  warnings.warn(
[done] sinh steps=37 ms/step=839.92 L2=0.187478
[ok] wrote experiments/results/poly_shared_weight_power_grid/o6/grid30/point_058_history.json  (2 traces)

[ok] wrote experiments/results/poly_shared_weight_power_grid/o6/grid30/point_058
[start] point_059 weights=(0.01, 0.01, 1.0) seconds=30
device=cuda order=6 methods=('vanilla', 'sinh') bc_weights=0.01,0.01,1 seconds=30.0
[run] vanilla
[done] vanilla steps=35 ms/step=880.38 L2=1.39231
[run] sinh
/root/miniconda3/envs/apolarity/lib/python3.11/site-packages/torch/nn/modules/module.py:1310: UserWarning: Complex modules are a new feature under active development whose design may change, and some modules might not work as expected when using complex tensors as parameters or buffers. Please file an issue at https://github.com/pytorch/pytorch/issues/new?template=bug-report.yml if a complex module does not work as expected.
  warnings.warn(
[done] sinh steps=37 ms/step=840.72 L2=0.185588
[ok] wrote experiments/results/poly_shared_weight_power_grid/o6/grid30/point_059_history.json  (2 traces)

[ok] wrote experiments/results/poly_shared_weight_power_grid/o6/grid30/point_059
[start] point_060 weights=(0.01, 0.01, 10.0) seconds=30
device=cuda order=6 methods=('vanilla', 'sinh') bc_weights=0.01,0.01,10 seconds=30.0
[run] vanilla
[done] vanilla steps=35 ms/step=880.04 L2=0.856443
[run] sinh
/root/miniconda3/envs/apolarity/lib/python3.11/site-packages/torch/nn/modules/module.py:1310: UserWarning: Complex modules are a new feature under active development whose design may change, and some modules might not work as expected when using complex tensors as parameters or buffers. Please file an issue at https://github.com/pytorch/pytorch/issues/new?template=bug-report.yml if a complex module does not work as expected.
  warnings.warn(
[done] sinh steps=37 ms/step=840.64 L2=0.148926
[ok] wrote experiments/results/poly_shared_weight_power_grid/o6/grid30/point_060_history.json  (2 traces)

[ok] wrote experiments/results/poly_shared_weight_power_grid/o6/grid30/point_060
[start] point_061 weights=(0.01, 0.01, 100.0) seconds=30
device=cuda order=6 methods=('vanilla', 'sinh') bc_weights=0.01,0.01,100 seconds=30.0
[run] vanilla
[done] vanilla steps=35 ms/step=879.38 L2=0.74363
[run] sinh
/root/miniconda3/envs/apolarity/lib/python3.11/site-packages/torch/nn/modules/module.py:1310: UserWarning: Complex modules are a new feature under active development whose design may change, and some modules might not work as expected when using complex tensors as parameters or buffers. Please file an issue at https://github.com/pytorch/pytorch/issues/new?template=bug-report.yml if a complex module does not work as expected.
  warnings.warn(
[done] sinh steps=37 ms/step=840.70 L2=0.423437
[ok] wrote experiments/results/poly_shared_weight_power_grid/o6/grid30/point_061_history.json  (2 traces)

[ok] wrote experiments/results/poly_shared_weight_power_grid/o6/grid30/point_061
[start] point_062 weights=(0.01, 0.01, 1000.0) seconds=30
device=cuda order=6 methods=('vanilla', 'sinh') bc_weights=0.01,0.01,1000 seconds=30.0
[run] vanilla
[done] vanilla steps=35 ms/step=881.26 L2=1.01343
[run] sinh
/root/miniconda3/envs/apolarity/lib/python3.11/site-packages/torch/nn/modules/module.py:1310: UserWarning: Complex modules are a new feature under active development whose design may change, and some modules might not work as expected when using complex tensors as parameters or buffers. Please file an issue at https://github.com/pytorch/pytorch/issues/new?template=bug-report.yml if a complex module does not work as expected.
  warnings.warn(
[done] sinh steps=37 ms/step=841.12 L2=0.94981
[ok] wrote experiments/results/poly_shared_weight_power_grid/o6/grid30/point_062_history.json  (2 traces)

[ok] wrote experiments/results/poly_shared_weight_power_grid/o6/grid30/point_062
[start] point_063 weights=(0.01, 0.1, 0.001) seconds=30
device=cuda order=6 methods=('vanilla', 'sinh') bc_weights=0.01,0.1,0.001 seconds=30.0
[run] vanilla
[done] vanilla steps=35 ms/step=873.02 L2=1.33317
[run] sinh
/root/miniconda3/envs/apolarity/lib/python3.11/site-packages/torch/nn/modules/module.py:1310: UserWarning: Complex modules are a new feature under active development whose design may change, and some modules might not work as expected when using complex tensors as parameters or buffers. Please file an issue at https://github.com/pytorch/pytorch/issues/new?template=bug-report.yml if a complex module does not work as expected.
  warnings.warn(
[done] sinh steps=37 ms/step=841.81 L2=0.18771
[ok] wrote experiments/results/poly_shared_weight_power_grid/o6/grid30/point_063_history.json  (2 traces)

[ok] wrote experiments/results/poly_shared_weight_power_grid/o6/grid30/point_063
[start] point_064 weights=(0.01, 0.1, 0.01) seconds=30
device=cuda order=6 methods=('vanilla', 'sinh') bc_weights=0.01,0.1,0.01 seconds=30.0
[run] vanilla
[done] vanilla steps=35 ms/step=870.76 L2=1.33431
[run] sinh
/root/miniconda3/envs/apolarity/lib/python3.11/site-packages/torch/nn/modules/module.py:1310: UserWarning: Complex modules are a new feature under active development whose design may change, and some modules might not work as expected when using complex tensors as parameters or buffers. Please file an issue at https://github.com/pytorch/pytorch/issues/new?template=bug-report.yml if a complex module does not work as expected.
  warnings.warn(
[done] sinh steps=37 ms/step=840.40 L2=0.187714
[ok] wrote experiments/results/poly_shared_weight_power_grid/o6/grid30/point_064_history.json  (2 traces)

[ok] wrote experiments/results/poly_shared_weight_power_grid/o6/grid30/point_064
[start] point_065 weights=(0.01, 0.1, 0.1) seconds=30
device=cuda order=6 methods=('vanilla', 'sinh') bc_weights=0.01,0.1,0.1 seconds=30.0
[run] vanilla
[done] vanilla steps=35 ms/step=864.49 L2=1.33115
[run] sinh
/root/miniconda3/envs/apolarity/lib/python3.11/site-packages/torch/nn/modules/module.py:1310: UserWarning: Complex modules are a new feature under active development whose design may change, and some modules might not work as expected when using complex tensors as parameters or buffers. Please file an issue at https://github.com/pytorch/pytorch/issues/new?template=bug-report.yml if a complex module does not work as expected.
  warnings.warn(
[done] sinh steps=37 ms/step=839.69 L2=0.187479
[ok] wrote experiments/results/poly_shared_weight_power_grid/o6/grid30/point_065_history.json  (2 traces)

[ok] wrote experiments/results/poly_shared_weight_power_grid/o6/grid30/point_065
[start] point_066 weights=(0.01, 0.1, 1.0) seconds=30
device=cuda order=6 methods=('vanilla', 'sinh') bc_weights=0.01,0.1,1 seconds=30.0
[run] vanilla
[done] vanilla steps=35 ms/step=868.04 L2=1.25167
[run] sinh
/root/miniconda3/envs/apolarity/lib/python3.11/site-packages/torch/nn/modules/module.py:1310: UserWarning: Complex modules are a new feature under active development whose design may change, and some modules might not work as expected when using complex tensors as parameters or buffers. Please file an issue at https://github.com/pytorch/pytorch/issues/new?template=bug-report.yml if a complex module does not work as expected.
  warnings.warn(
[done] sinh steps=37 ms/step=839.87 L2=0.16518
[ok] wrote experiments/results/poly_shared_weight_power_grid/o6/grid30/point_066_history.json  (2 traces)

[ok] wrote experiments/results/poly_shared_weight_power_grid/o6/grid30/point_066
[start] point_067 weights=(0.01, 0.1, 10.0) seconds=30
device=cuda order=6 methods=('vanilla', 'sinh') bc_weights=0.01,0.1,10 seconds=30.0
[run] vanilla
[done] vanilla steps=35 ms/step=870.75 L2=0.798154
[run] sinh
/root/miniconda3/envs/apolarity/lib/python3.11/site-packages/torch/nn/modules/module.py:1310: UserWarning: Complex modules are a new feature under active development whose design may change, and some modules might not work as expected when using complex tensors as parameters or buffers. Please file an issue at https://github.com/pytorch/pytorch/issues/new?template=bug-report.yml if a complex module does not work as expected.
  warnings.warn(
[done] sinh steps=37 ms/step=840.46 L2=0.14145
[ok] wrote experiments/results/poly_shared_weight_power_grid/o6/grid30/point_067_history.json  (2 traces)

[ok] wrote experiments/results/poly_shared_weight_power_grid/o6/grid30/point_067
[start] point_068 weights=(0.01, 0.1, 100.0) seconds=30
device=cuda order=6 methods=('vanilla', 'sinh') bc_weights=0.01,0.1,100 seconds=30.0
[run] vanilla
[done] vanilla steps=35 ms/step=874.87 L2=0.740292
[run] sinh
/root/miniconda3/envs/apolarity/lib/python3.11/site-packages/torch/nn/modules/module.py:1310: UserWarning: Complex modules are a new feature under active development whose design may change, and some modules might not work as expected when using complex tensors as parameters or buffers. Please file an issue at https://github.com/pytorch/pytorch/issues/new?template=bug-report.yml if a complex module does not work as expected.
  warnings.warn(
[done] sinh steps=37 ms/step=841.00 L2=0.405477
[ok] wrote experiments/results/poly_shared_weight_power_grid/o6/grid30/point_068_history.json  (2 traces)

[ok] wrote experiments/results/poly_shared_weight_power_grid/o6/grid30/point_068
[start] point_069 weights=(0.01, 0.1, 1000.0) seconds=30
device=cuda order=6 methods=('vanilla', 'sinh') bc_weights=0.01,0.1,1000 seconds=30.0
[run] vanilla
[done] vanilla steps=35 ms/step=870.50 L2=1.00763
[run] sinh
/root/miniconda3/envs/apolarity/lib/python3.11/site-packages/torch/nn/modules/module.py:1310: UserWarning: Complex modules are a new feature under active development whose design may change, and some modules might not work as expected when using complex tensors as parameters or buffers. Please file an issue at https://github.com/pytorch/pytorch/issues/new?template=bug-report.yml if a complex module does not work as expected.
  warnings.warn(
[done] sinh steps=37 ms/step=840.28 L2=0.949829
[ok] wrote experiments/results/poly_shared_weight_power_grid/o6/grid30/point_069_history.json  (2 traces)

[ok] wrote experiments/results/poly_shared_weight_power_grid/o6/grid30/point_069
[start] point_070 weights=(0.01, 1.0, 0.001) seconds=30
device=cuda order=6 methods=('vanilla', 'sinh') bc_weights=0.01,1,0.001 seconds=30.0
[run] vanilla
[done] vanilla steps=35 ms/step=864.74 L2=0.591241
[run] sinh
/root/miniconda3/envs/apolarity/lib/python3.11/site-packages/torch/nn/modules/module.py:1310: UserWarning: Complex modules are a new feature under active development whose design may change, and some modules might not work as expected when using complex tensors as parameters or buffers. Please file an issue at https://github.com/pytorch/pytorch/issues/new?template=bug-report.yml if a complex module does not work as expected.
  warnings.warn(
[done] sinh steps=37 ms/step=839.81 L2=0.147299
[ok] wrote experiments/results/poly_shared_weight_power_grid/o6/grid30/point_070_history.json  (2 traces)

[ok] wrote experiments/results/poly_shared_weight_power_grid/o6/grid30/point_070
[start] point_071 weights=(0.01, 1.0, 0.01) seconds=30
device=cuda order=6 methods=('vanilla', 'sinh') bc_weights=0.01,1,0.01 seconds=30.0
[run] vanilla
[done] vanilla steps=35 ms/step=870.08 L2=0.594115
[run] sinh
/root/miniconda3/envs/apolarity/lib/python3.11/site-packages/torch/nn/modules/module.py:1310: UserWarning: Complex modules are a new feature under active development whose design may change, and some modules might not work as expected when using complex tensors as parameters or buffers. Please file an issue at https://github.com/pytorch/pytorch/issues/new?template=bug-report.yml if a complex module does not work as expected.
  warnings.warn(
[done] sinh steps=37 ms/step=839.83 L2=0.146957
[ok] wrote experiments/results/poly_shared_weight_power_grid/o6/grid30/point_071_history.json  (2 traces)

[ok] wrote experiments/results/poly_shared_weight_power_grid/o6/grid30/point_071
[start] point_072 weights=(0.01, 1.0, 0.1) seconds=30
device=cuda order=6 methods=('vanilla', 'sinh') bc_weights=0.01,1,0.1 seconds=30.0
[run] vanilla
[done] vanilla steps=35 ms/step=880.28 L2=0.599614
[run] sinh
/root/miniconda3/envs/apolarity/lib/python3.11/site-packages/torch/nn/modules/module.py:1310: UserWarning: Complex modules are a new feature under active development whose design may change, and some modules might not work as expected when using complex tensors as parameters or buffers. Please file an issue at https://github.com/pytorch/pytorch/issues/new?template=bug-report.yml if a complex module does not work as expected.
  warnings.warn(
[done] sinh steps=37 ms/step=841.20 L2=0.144708
[ok] wrote experiments/results/poly_shared_weight_power_grid/o6/grid30/point_072_history.json  (2 traces)

[ok] wrote experiments/results/poly_shared_weight_power_grid/o6/grid30/point_072
[start] point_073 weights=(0.01, 1.0, 1.0) seconds=30
device=cuda order=6 methods=('vanilla', 'sinh') bc_weights=0.01,1,1 seconds=30.0
[run] vanilla
[done] vanilla steps=35 ms/step=870.41 L2=0.581771
[run] sinh
/root/miniconda3/envs/apolarity/lib/python3.11/site-packages/torch/nn/modules/module.py:1310: UserWarning: Complex modules are a new feature under active development whose design may change, and some modules might not work as expected when using complex tensors as parameters or buffers. Please file an issue at https://github.com/pytorch/pytorch/issues/new?template=bug-report.yml if a complex module does not work as expected.
  warnings.warn(
[done] sinh steps=37 ms/step=840.39 L2=0.140584
[ok] wrote experiments/results/poly_shared_weight_power_grid/o6/grid30/point_073_history.json  (2 traces)

[ok] wrote experiments/results/poly_shared_weight_power_grid/o6/grid30/point_073
[start] point_074 weights=(0.01, 1.0, 10.0) seconds=30
device=cuda order=6 methods=('vanilla', 'sinh') bc_weights=0.01,1,10 seconds=30.0
[run] vanilla
[done] vanilla steps=35 ms/step=879.11 L2=0.553201
[run] sinh
/root/miniconda3/envs/apolarity/lib/python3.11/site-packages/torch/nn/modules/module.py:1310: UserWarning: Complex modules are a new feature under active development whose design may change, and some modules might not work as expected when using complex tensors as parameters or buffers. Please file an issue at https://github.com/pytorch/pytorch/issues/new?template=bug-report.yml if a complex module does not work as expected.
  warnings.warn(
[done] sinh steps=37 ms/step=840.89 L2=0.144308
[ok] wrote experiments/results/poly_shared_weight_power_grid/o6/grid30/point_074_history.json  (2 traces)

[ok] wrote experiments/results/poly_shared_weight_power_grid/o6/grid30/point_074
[start] point_075 weights=(0.01, 1.0, 100.0) seconds=30
device=cuda order=6 methods=('vanilla', 'sinh') bc_weights=0.01,1,100 seconds=30.0
[run] vanilla
[done] vanilla steps=35 ms/step=872.87 L2=0.759079
[run] sinh
/root/miniconda3/envs/apolarity/lib/python3.11/site-packages/torch/nn/modules/module.py:1310: UserWarning: Complex modules are a new feature under active development whose design may change, and some modules might not work as expected when using complex tensors as parameters or buffers. Please file an issue at https://github.com/pytorch/pytorch/issues/new?template=bug-report.yml if a complex module does not work as expected.
  warnings.warn(
[done] sinh steps=37 ms/step=840.69 L2=0.349426
[ok] wrote experiments/results/poly_shared_weight_power_grid/o6/grid30/point_075_history.json  (2 traces)

[ok] wrote experiments/results/poly_shared_weight_power_grid/o6/grid30/point_075
[start] point_076 weights=(0.01, 1.0, 1000.0) seconds=30
device=cuda order=6 methods=('vanilla', 'sinh') bc_weights=0.01,1,1000 seconds=30.0
[run] vanilla
[done] vanilla steps=35 ms/step=881.11 L2=0.996991
[run] sinh
/root/miniconda3/envs/apolarity/lib/python3.11/site-packages/torch/nn/modules/module.py:1310: UserWarning: Complex modules are a new feature under active development whose design may change, and some modules might not work as expected when using complex tensors as parameters or buffers. Please file an issue at https://github.com/pytorch/pytorch/issues/new?template=bug-report.yml if a complex module does not work as expected.
  warnings.warn(
[done] sinh steps=37 ms/step=842.56 L2=0.950236
[ok] wrote experiments/results/poly_shared_weight_power_grid/o6/grid30/point_076_history.json  (2 traces)

[ok] wrote experiments/results/poly_shared_weight_power_grid/o6/grid30/point_076
[start] point_077 weights=(0.01, 10.0, 0.001) seconds=30
device=cuda order=6 methods=('vanilla', 'sinh') bc_weights=0.01,10,0.001 seconds=30.0
[run] vanilla
[done] vanilla steps=34 ms/step=883.81 L2=1.24659
[run] sinh
/root/miniconda3/envs/apolarity/lib/python3.11/site-packages/torch/nn/modules/module.py:1310: UserWarning: Complex modules are a new feature under active development whose design may change, and some modules might not work as expected when using complex tensors as parameters or buffers. Please file an issue at https://github.com/pytorch/pytorch/issues/new?template=bug-report.yml if a complex module does not work as expected.
  warnings.warn(
[done] sinh steps=37 ms/step=840.91 L2=0.146549
[ok] wrote experiments/results/poly_shared_weight_power_grid/o6/grid30/point_077_history.json  (2 traces)

[ok] wrote experiments/results/poly_shared_weight_power_grid/o6/grid30/point_077
[start] point_078 weights=(0.01, 10.0, 0.01) seconds=30
device=cuda order=6 methods=('vanilla', 'sinh') bc_weights=0.01,10,0.01 seconds=30.0
[run] vanilla
[done] vanilla steps=35 ms/step=871.73 L2=1.27668
[run] sinh
/root/miniconda3/envs/apolarity/lib/python3.11/site-packages/torch/nn/modules/module.py:1310: UserWarning: Complex modules are a new feature under active development whose design may change, and some modules might not work as expected when using complex tensors as parameters or buffers. Please file an issue at https://github.com/pytorch/pytorch/issues/new?template=bug-report.yml if a complex module does not work as expected.
  warnings.warn(
[done] sinh steps=37 ms/step=840.26 L2=0.146085
[ok] wrote experiments/results/poly_shared_weight_power_grid/o6/grid30/point_078_history.json  (2 traces)

[ok] wrote experiments/results/poly_shared_weight_power_grid/o6/grid30/point_078
[start] point_079 weights=(0.01, 10.0, 0.1) seconds=30
device=cuda order=6 methods=('vanilla', 'sinh') bc_weights=0.01,10,0.1 seconds=30.0
[run] vanilla
[done] vanilla steps=34 ms/step=885.72 L2=1.24498
[run] sinh
/root/miniconda3/envs/apolarity/lib/python3.11/site-packages/torch/nn/modules/module.py:1310: UserWarning: Complex modules are a new feature under active development whose design may change, and some modules might not work as expected when using complex tensors as parameters or buffers. Please file an issue at https://github.com/pytorch/pytorch/issues/new?template=bug-report.yml if a complex module does not work as expected.
  warnings.warn(
[done] sinh steps=37 ms/step=841.45 L2=0.143007
[ok] wrote experiments/results/poly_shared_weight_power_grid/o6/grid30/point_079_history.json  (2 traces)

[ok] wrote experiments/results/poly_shared_weight_power_grid/o6/grid30/point_079
[start] point_080 weights=(0.01, 10.0, 1.0) seconds=30
device=cuda order=6 methods=('vanilla', 'sinh') bc_weights=0.01,10,1 seconds=30.0
[run] vanilla
[done] vanilla steps=35 ms/step=869.48 L2=1.26398
[run] sinh
/root/miniconda3/envs/apolarity/lib/python3.11/site-packages/torch/nn/modules/module.py:1310: UserWarning: Complex modules are a new feature under active development whose design may change, and some modules might not work as expected when using complex tensors as parameters or buffers. Please file an issue at https://github.com/pytorch/pytorch/issues/new?template=bug-report.yml if a complex module does not work as expected.
  warnings.warn(
[done] sinh steps=37 ms/step=840.32 L2=0.152245
[ok] wrote experiments/results/poly_shared_weight_power_grid/o6/grid30/point_080_history.json  (2 traces)

[ok] wrote experiments/results/poly_shared_weight_power_grid/o6/grid30/point_080
[start] point_081 weights=(0.01, 10.0, 10.0) seconds=30
device=cuda order=6 methods=('vanilla', 'sinh') bc_weights=0.01,10,10 seconds=30.0
[run] vanilla
[done] vanilla steps=35 ms/step=878.29 L2=1.15664
[run] sinh
/root/miniconda3/envs/apolarity/lib/python3.11/site-packages/torch/nn/modules/module.py:1310: UserWarning: Complex modules are a new feature under active development whose design may change, and some modules might not work as expected when using complex tensors as parameters or buffers. Please file an issue at https://github.com/pytorch/pytorch/issues/new?template=bug-report.yml if a complex module does not work as expected.
  warnings.warn(
[done] sinh steps=37 ms/step=840.80 L2=0.198706
[ok] wrote experiments/results/poly_shared_weight_power_grid/o6/grid30/point_081_history.json  (2 traces)

[ok] wrote experiments/results/poly_shared_weight_power_grid/o6/grid30/point_081
[start] point_082 weights=(0.01, 10.0, 100.0) seconds=30
device=cuda order=6 methods=('vanilla', 'sinh') bc_weights=0.01,10,100 seconds=30.0
[run] vanilla
[done] vanilla steps=35 ms/step=879.96 L2=0.999461
[run] sinh
/root/miniconda3/envs/apolarity/lib/python3.11/site-packages/torch/nn/modules/module.py:1310: UserWarning: Complex modules are a new feature under active development whose design may change, and some modules might not work as expected when using complex tensors as parameters or buffers. Please file an issue at https://github.com/pytorch/pytorch/issues/new?template=bug-report.yml if a complex module does not work as expected.
  warnings.warn(
[done] sinh steps=37 ms/step=841.14 L2=0.314648
[ok] wrote experiments/results/poly_shared_weight_power_grid/o6/grid30/point_082_history.json  (2 traces)

[ok] wrote experiments/results/poly_shared_weight_power_grid/o6/grid30/point_082
[start] point_083 weights=(0.01, 10.0, 1000.0) seconds=30
device=cuda order=6 methods=('vanilla', 'sinh') bc_weights=0.01,10,1000 seconds=30.0
[run] vanilla
[done] vanilla steps=35 ms/step=871.98 L2=1.01976
[run] sinh
/root/miniconda3/envs/apolarity/lib/python3.11/site-packages/torch/nn/modules/module.py:1310: UserWarning: Complex modules are a new feature under active development whose design may change, and some modules might not work as expected when using complex tensors as parameters or buffers. Please file an issue at https://github.com/pytorch/pytorch/issues/new?template=bug-report.yml if a complex module does not work as expected.
  warnings.warn(
[done] sinh steps=37 ms/step=840.37 L2=0.952392
[ok] wrote experiments/results/poly_shared_weight_power_grid/o6/grid30/point_083_history.json  (2 traces)

[ok] wrote experiments/results/poly_shared_weight_power_grid/o6/grid30/point_083
[start] point_084 weights=(0.01, 100.0, 0.001) seconds=30
device=cuda order=6 methods=('vanilla', 'sinh') bc_weights=0.01,100,0.001 seconds=30.0
[run] vanilla
[done] vanilla steps=35 ms/step=880.36 L2=1.02106
[run] sinh
/root/miniconda3/envs/apolarity/lib/python3.11/site-packages/torch/nn/modules/module.py:1310: UserWarning: Complex modules are a new feature under active development whose design may change, and some modules might not work as expected when using complex tensors as parameters or buffers. Please file an issue at https://github.com/pytorch/pytorch/issues/new?template=bug-report.yml if a complex module does not work as expected.
  warnings.warn(
[done] sinh steps=37 ms/step=840.87 L2=0.424942
[ok] wrote experiments/results/poly_shared_weight_power_grid/o6/grid30/point_084_history.json  (2 traces)

[ok] wrote experiments/results/poly_shared_weight_power_grid/o6/grid30/point_084
[start] point_085 weights=(0.01, 100.0, 0.01) seconds=30
device=cuda order=6 methods=('vanilla', 'sinh') bc_weights=0.01,100,0.01 seconds=30.0
[run] vanilla
[done] vanilla steps=35 ms/step=867.15 L2=1.02157
[run] sinh
/root/miniconda3/envs/apolarity/lib/python3.11/site-packages/torch/nn/modules/module.py:1310: UserWarning: Complex modules are a new feature under active development whose design may change, and some modules might not work as expected when using complex tensors as parameters or buffers. Please file an issue at https://github.com/pytorch/pytorch/issues/new?template=bug-report.yml if a complex module does not work as expected.
  warnings.warn(
[done] sinh steps=37 ms/step=840.00 L2=0.424483
[ok] wrote experiments/results/poly_shared_weight_power_grid/o6/grid30/point_085_history.json  (2 traces)

[ok] wrote experiments/results/poly_shared_weight_power_grid/o6/grid30/point_085
[start] point_086 weights=(0.01, 100.0, 0.1) seconds=30
device=cuda order=6 methods=('vanilla', 'sinh') bc_weights=0.01,100,0.1 seconds=30.0
[run] vanilla
[done] vanilla steps=35 ms/step=879.72 L2=1.02111
[run] sinh
/root/miniconda3/envs/apolarity/lib/python3.11/site-packages/torch/nn/modules/module.py:1310: UserWarning: Complex modules are a new feature under active development whose design may change, and some modules might not work as expected when using complex tensors as parameters or buffers. Please file an issue at https://github.com/pytorch/pytorch/issues/new?template=bug-report.yml if a complex module does not work as expected.
  warnings.warn(
[done] sinh steps=37 ms/step=841.05 L2=0.4273
[ok] wrote experiments/results/poly_shared_weight_power_grid/o6/grid30/point_086_history.json  (2 traces)

[ok] wrote experiments/results/poly_shared_weight_power_grid/o6/grid30/point_086
[start] point_087 weights=(0.01, 100.0, 1.0) seconds=30
device=cuda order=6 methods=('vanilla', 'sinh') bc_weights=0.01,100,1 seconds=30.0
[run] vanilla
[done] vanilla steps=35 ms/step=879.32 L2=1.02111
[run] sinh
/root/miniconda3/envs/apolarity/lib/python3.11/site-packages/torch/nn/modules/module.py:1310: UserWarning: Complex modules are a new feature under active development whose design may change, and some modules might not work as expected when using complex tensors as parameters or buffers. Please file an issue at https://github.com/pytorch/pytorch/issues/new?template=bug-report.yml if a complex module does not work as expected.
  warnings.warn(
[done] sinh steps=37 ms/step=840.94 L2=0.447289
[ok] wrote experiments/results/poly_shared_weight_power_grid/o6/grid30/point_087_history.json  (2 traces)

[ok] wrote experiments/results/poly_shared_weight_power_grid/o6/grid30/point_087
[start] point_088 weights=(0.01, 100.0, 10.0) seconds=30
device=cuda order=6 methods=('vanilla', 'sinh') bc_weights=0.01,100,10 seconds=30.0
[run] vanilla
[done] vanilla steps=35 ms/step=870.15 L2=1.02129
[run] sinh
/root/miniconda3/envs/apolarity/lib/python3.11/site-packages/torch/nn/modules/module.py:1310: UserWarning: Complex modules are a new feature under active development whose design may change, and some modules might not work as expected when using complex tensors as parameters or buffers. Please file an issue at https://github.com/pytorch/pytorch/issues/new?template=bug-report.yml if a complex module does not work as expected.
  warnings.warn(
[done] sinh steps=37 ms/step=840.30 L2=0.57207
[ok] wrote experiments/results/poly_shared_weight_power_grid/o6/grid30/point_088_history.json  (2 traces)

[ok] wrote experiments/results/poly_shared_weight_power_grid/o6/grid30/point_088
[start] point_089 weights=(0.01, 100.0, 100.0) seconds=30
device=cuda order=6 methods=('vanilla', 'sinh') bc_weights=0.01,100,100 seconds=30.0
[run] vanilla
[done] vanilla steps=35 ms/step=875.80 L2=1.01956
[run] sinh
/root/miniconda3/envs/apolarity/lib/python3.11/site-packages/torch/nn/modules/module.py:1310: UserWarning: Complex modules are a new feature under active development whose design may change, and some modules might not work as expected when using complex tensors as parameters or buffers. Please file an issue at https://github.com/pytorch/pytorch/issues/new?template=bug-report.yml if a complex module does not work as expected.
  warnings.warn(
[done] sinh steps=37 ms/step=840.69 L2=0.805508
[ok] wrote experiments/results/poly_shared_weight_power_grid/o6/grid30/point_089_history.json  (2 traces)

[ok] wrote experiments/results/poly_shared_weight_power_grid/o6/grid30/point_089
[start] point_090 weights=(0.01, 100.0, 1000.0) seconds=30
device=cuda order=6 methods=('vanilla', 'sinh') bc_weights=0.01,100,1000 seconds=30.0
[run] vanilla
[done] vanilla steps=35 ms/step=875.00 L2=1.0114
[run] sinh
/root/miniconda3/envs/apolarity/lib/python3.11/site-packages/torch/nn/modules/module.py:1310: UserWarning: Complex modules are a new feature under active development whose design may change, and some modules might not work as expected when using complex tensors as parameters or buffers. Please file an issue at https://github.com/pytorch/pytorch/issues/new?template=bug-report.yml if a complex module does not work as expected.
  warnings.warn(
[done] sinh steps=37 ms/step=840.62 L2=0.963261
[ok] wrote experiments/results/poly_shared_weight_power_grid/o6/grid30/point_090_history.json  (2 traces)

[ok] wrote experiments/results/poly_shared_weight_power_grid/o6/grid30/point_090
[start] point_091 weights=(0.01, 1000.0, 0.001) seconds=30
device=cuda order=6 methods=('vanilla', 'sinh') bc_weights=0.01,1000,0.001 seconds=30.0
[run] vanilla
[done] vanilla steps=35 ms/step=879.46 L2=1.00054
[run] sinh
/root/miniconda3/envs/apolarity/lib/python3.11/site-packages/torch/nn/modules/module.py:1310: UserWarning: Complex modules are a new feature under active development whose design may change, and some modules might not work as expected when using complex tensors as parameters or buffers. Please file an issue at https://github.com/pytorch/pytorch/issues/new?template=bug-report.yml if a complex module does not work as expected.
  warnings.warn(
[done] sinh steps=37 ms/step=841.37 L2=0.987151
[ok] wrote experiments/results/poly_shared_weight_power_grid/o6/grid30/point_091_history.json  (2 traces)

[ok] wrote experiments/results/poly_shared_weight_power_grid/o6/grid30/point_091
[start] point_092 weights=(0.01, 1000.0, 0.01) seconds=30
device=cuda order=6 methods=('vanilla', 'sinh') bc_weights=0.01,1000,0.01 seconds=30.0
[run] vanilla
[done] vanilla steps=35 ms/step=880.69 L2=1.00054
[run] sinh
/root/miniconda3/envs/apolarity/lib/python3.11/site-packages/torch/nn/modules/module.py:1310: UserWarning: Complex modules are a new feature under active development whose design may change, and some modules might not work as expected when using complex tensors as parameters or buffers. Please file an issue at https://github.com/pytorch/pytorch/issues/new?template=bug-report.yml if a complex module does not work as expected.
  warnings.warn(
[done] sinh steps=37 ms/step=841.13 L2=0.987138
[ok] wrote experiments/results/poly_shared_weight_power_grid/o6/grid30/point_092_history.json  (2 traces)

[ok] wrote experiments/results/poly_shared_weight_power_grid/o6/grid30/point_092
[start] point_093 weights=(0.01, 1000.0, 0.1) seconds=30
device=cuda order=6 methods=('vanilla', 'sinh') bc_weights=0.01,1000,0.1 seconds=30.0
[run] vanilla
[done] vanilla steps=35 ms/step=875.09 L2=1.00055
[run] sinh
/root/miniconda3/envs/apolarity/lib/python3.11/site-packages/torch/nn/modules/module.py:1310: UserWarning: Complex modules are a new feature under active development whose design may change, and some modules might not work as expected when using complex tensors as parameters or buffers. Please file an issue at https://github.com/pytorch/pytorch/issues/new?template=bug-report.yml if a complex module does not work as expected.
  warnings.warn(
[done] sinh steps=37 ms/step=840.73 L2=0.987126
[ok] wrote experiments/results/poly_shared_weight_power_grid/o6/grid30/point_093_history.json  (2 traces)

[ok] wrote experiments/results/poly_shared_weight_power_grid/o6/grid30/point_093
[start] point_094 weights=(0.01, 1000.0, 1.0) seconds=30
device=cuda order=6 methods=('vanilla', 'sinh') bc_weights=0.01,1000,1 seconds=30.0
[run] vanilla
[done] vanilla steps=35 ms/step=879.35 L2=1.00054
[run] sinh
/root/miniconda3/envs/apolarity/lib/python3.11/site-packages/torch/nn/modules/module.py:1310: UserWarning: Complex modules are a new feature under active development whose design may change, and some modules might not work as expected when using complex tensors as parameters or buffers. Please file an issue at https://github.com/pytorch/pytorch/issues/new?template=bug-report.yml if a complex module does not work as expected.
  warnings.warn(
[done] sinh steps=37 ms/step=840.87 L2=0.987165
[ok] wrote experiments/results/poly_shared_weight_power_grid/o6/grid30/point_094_history.json  (2 traces)

[ok] wrote experiments/results/poly_shared_weight_power_grid/o6/grid30/point_094
[start] point_095 weights=(0.01, 1000.0, 10.0) seconds=30
device=cuda order=6 methods=('vanilla', 'sinh') bc_weights=0.01,1000,10 seconds=30.0
[run] vanilla
[done] vanilla steps=35 ms/step=868.30 L2=1.00056
[run] sinh
/root/miniconda3/envs/apolarity/lib/python3.11/site-packages/torch/nn/modules/module.py:1310: UserWarning: Complex modules are a new feature under active development whose design may change, and some modules might not work as expected when using complex tensors as parameters or buffers. Please file an issue at https://github.com/pytorch/pytorch/issues/new?template=bug-report.yml if a complex module does not work as expected.
  warnings.warn(
[done] sinh steps=37 ms/step=839.73 L2=0.987184
[ok] wrote experiments/results/poly_shared_weight_power_grid/o6/grid30/point_095_history.json  (2 traces)

[ok] wrote experiments/results/poly_shared_weight_power_grid/o6/grid30/point_095
[start] point_096 weights=(0.01, 1000.0, 100.0) seconds=30
device=cuda order=6 methods=('vanilla', 'sinh') bc_weights=0.01,1000,100 seconds=30.0
[run] vanilla
[done] vanilla steps=35 ms/step=870.45 L2=1.00055
[run] sinh
/root/miniconda3/envs/apolarity/lib/python3.11/site-packages/torch/nn/modules/module.py:1310: UserWarning: Complex modules are a new feature under active development whose design may change, and some modules might not work as expected when using complex tensors as parameters or buffers. Please file an issue at https://github.com/pytorch/pytorch/issues/new?template=bug-report.yml if a complex module does not work as expected.
  warnings.warn(
[done] sinh steps=37 ms/step=840.57 L2=0.988733
[ok] wrote experiments/results/poly_shared_weight_power_grid/o6/grid30/point_096_history.json  (2 traces)

[ok] wrote experiments/results/poly_shared_weight_power_grid/o6/grid30/point_096
[start] point_097 weights=(0.01, 1000.0, 1000.0) seconds=30
device=cuda order=6 methods=('vanilla', 'sinh') bc_weights=0.01,1000,1000 seconds=30.0
[run] vanilla
[done] vanilla steps=35 ms/step=864.41 L2=1.00054
[run] sinh
/root/miniconda3/envs/apolarity/lib/python3.11/site-packages/torch/nn/modules/module.py:1310: UserWarning: Complex modules are a new feature under active development whose design may change, and some modules might not work as expected when using complex tensors as parameters or buffers. Please file an issue at https://github.com/pytorch/pytorch/issues/new?template=bug-report.yml if a complex module does not work as expected.
  warnings.warn(
[done] sinh steps=37 ms/step=839.71 L2=0.992868
[ok] wrote experiments/results/poly_shared_weight_power_grid/o6/grid30/point_097_history.json  (2 traces)

[ok] wrote experiments/results/poly_shared_weight_power_grid/o6/grid30/point_097
[start] point_098 weights=(0.1, 0.001, 0.001) seconds=30
device=cuda order=6 methods=('vanilla', 'sinh') bc_weights=0.1,0.001,0.001 seconds=30.0
[run] vanilla
[done] vanilla steps=35 ms/step=879.56 L2=0.92457
[run] sinh
/root/miniconda3/envs/apolarity/lib/python3.11/site-packages/torch/nn/modules/module.py:1310: UserWarning: Complex modules are a new feature under active development whose design may change, and some modules might not work as expected when using complex tensors as parameters or buffers. Please file an issue at https://github.com/pytorch/pytorch/issues/new?template=bug-report.yml if a complex module does not work as expected.
  warnings.warn(
[done] sinh steps=37 ms/step=840.92 L2=0.158016
[ok] wrote experiments/results/poly_shared_weight_power_grid/o6/grid30/point_098_history.json  (2 traces)

[ok] wrote experiments/results/poly_shared_weight_power_grid/o6/grid30/point_098
[start] point_099 weights=(0.1, 0.001, 0.01) seconds=30
device=cuda order=6 methods=('vanilla', 'sinh') bc_weights=0.1,0.001,0.01 seconds=30.0
[run] vanilla
[done] vanilla steps=34 ms/step=886.44 L2=0.927296
[run] sinh
/root/miniconda3/envs/apolarity/lib/python3.11/site-packages/torch/nn/modules/module.py:1310: UserWarning: Complex modules are a new feature under active development whose design may change, and some modules might not work as expected when using complex tensors as parameters or buffers. Please file an issue at https://github.com/pytorch/pytorch/issues/new?template=bug-report.yml if a complex module does not work as expected.
  warnings.warn(
[done] sinh steps=37 ms/step=841.23 L2=0.157428
[ok] wrote experiments/results/poly_shared_weight_power_grid/o6/grid30/point_099_history.json  (2 traces)

[ok] wrote experiments/results/poly_shared_weight_power_grid/o6/grid30/point_099
[start] point_100 weights=(0.1, 0.001, 0.1) seconds=30
device=cuda order=6 methods=('vanilla', 'sinh') bc_weights=0.1,0.001,0.1 seconds=30.0
[run] vanilla
[done] vanilla steps=35 ms/step=869.44 L2=0.922628
[run] sinh
/root/miniconda3/envs/apolarity/lib/python3.11/site-packages/torch/nn/modules/module.py:1310: UserWarning: Complex modules are a new feature under active development whose design may change, and some modules might not work as expected when using complex tensors as parameters or buffers. Please file an issue at https://github.com/pytorch/pytorch/issues/new?template=bug-report.yml if a complex module does not work as expected.
  warnings.warn(
[done] sinh steps=37 ms/step=840.11 L2=0.155718
[ok] wrote experiments/results/poly_shared_weight_power_grid/o6/grid30/point_100_history.json  (2 traces)

[ok] wrote experiments/results/poly_shared_weight_power_grid/o6/grid30/point_100
[start] point_101 weights=(0.1, 0.001, 1.0) seconds=30
device=cuda order=6 methods=('vanilla', 'sinh') bc_weights=0.1,0.001,1 seconds=30.0
[run] vanilla
[done] vanilla steps=35 ms/step=881.14 L2=0.92542
[run] sinh
/root/miniconda3/envs/apolarity/lib/python3.11/site-packages/torch/nn/modules/module.py:1310: UserWarning: Complex modules are a new feature under active development whose design may change, and some modules might not work as expected when using complex tensors as parameters or buffers. Please file an issue at https://github.com/pytorch/pytorch/issues/new?template=bug-report.yml if a complex module does not work as expected.
  warnings.warn(
[done] sinh steps=37 ms/step=841.58 L2=0.162946
[ok] wrote experiments/results/poly_shared_weight_power_grid/o6/grid30/point_101_history.json  (2 traces)

[ok] wrote experiments/results/poly_shared_weight_power_grid/o6/grid30/point_101
[start] point_102 weights=(0.1, 0.001, 10.0) seconds=30
device=cuda order=6 methods=('vanilla', 'sinh') bc_weights=0.1,0.001,10 seconds=30.0
[run] vanilla
[done] vanilla steps=35 ms/step=876.64 L2=0.930482
[run] sinh
/root/miniconda3/envs/apolarity/lib/python3.11/site-packages/torch/nn/modules/module.py:1310: UserWarning: Complex modules are a new feature under active development whose design may change, and some modules might not work as expected when using complex tensors as parameters or buffers. Please file an issue at https://github.com/pytorch/pytorch/issues/new?template=bug-report.yml if a complex module does not work as expected.
  warnings.warn(
[done] sinh steps=37 ms/step=841.15 L2=0.151868
[ok] wrote experiments/results/poly_shared_weight_power_grid/o6/grid30/point_102_history.json  (2 traces)

[ok] wrote experiments/results/poly_shared_weight_power_grid/o6/grid30/point_102
[start] point_103 weights=(0.1, 0.001, 100.0) seconds=30
device=cuda order=6 methods=('vanilla', 'sinh') bc_weights=0.1,0.001,100 seconds=30.0
[run] vanilla
[done] vanilla steps=35 ms/step=880.20 L2=0.963972
[run] sinh
/root/miniconda3/envs/apolarity/lib/python3.11/site-packages/torch/nn/modules/module.py:1310: UserWarning: Complex modules are a new feature under active development whose design may change, and some modules might not work as expected when using complex tensors as parameters or buffers. Please file an issue at https://github.com/pytorch/pytorch/issues/new?template=bug-report.yml if a complex module does not work as expected.
  warnings.warn(
[done] sinh steps=37 ms/step=841.37 L2=0.224758
[ok] wrote experiments/results/poly_shared_weight_power_grid/o6/grid30/point_103_history.json  (2 traces)

[ok] wrote experiments/results/poly_shared_weight_power_grid/o6/grid30/point_103
[start] point_104 weights=(0.1, 0.001, 1000.0) seconds=30
device=cuda order=6 methods=('vanilla', 'sinh') bc_weights=0.1,0.001,1000 seconds=30.0
[run] vanilla
[done] vanilla steps=34 ms/step=893.76 L2=0.99926
[run] sinh
/root/miniconda3/envs/apolarity/lib/python3.11/site-packages/torch/nn/modules/module.py:1310: UserWarning: Complex modules are a new feature under active development whose design may change, and some modules might not work as expected when using complex tensors as parameters or buffers. Please file an issue at https://github.com/pytorch/pytorch/issues/new?template=bug-report.yml if a complex module does not work as expected.
  warnings.warn(
[done] sinh steps=37 ms/step=841.93 L2=0.948702
[ok] wrote experiments/results/poly_shared_weight_power_grid/o6/grid30/point_104_history.json  (2 traces)

[ok] wrote experiments/results/poly_shared_weight_power_grid/o6/grid30/point_104
[start] point_105 weights=(0.1, 0.01, 0.001) seconds=30
device=cuda order=6 methods=('vanilla', 'sinh') bc_weights=0.1,0.01,0.001 seconds=30.0
[run] vanilla
[done] vanilla steps=35 ms/step=869.99 L2=0.922786
[run] sinh
/root/miniconda3/envs/apolarity/lib/python3.11/site-packages/torch/nn/modules/module.py:1310: UserWarning: Complex modules are a new feature under active development whose design may change, and some modules might not work as expected when using complex tensors as parameters or buffers. Please file an issue at https://github.com/pytorch/pytorch/issues/new?template=bug-report.yml if a complex module does not work as expected.
  warnings.warn(
[done] sinh steps=37 ms/step=840.53 L2=0.151381
[ok] wrote experiments/results/poly_shared_weight_power_grid/o6/grid30/point_105_history.json  (2 traces)

[ok] wrote experiments/results/poly_shared_weight_power_grid/o6/grid30/point_105
[start] point_106 weights=(0.1, 0.01, 0.01) seconds=30
device=cuda order=6 methods=('vanilla', 'sinh') bc_weights=0.1,0.01,0.01 seconds=30.0
[run] vanilla
[done] vanilla steps=35 ms/step=874.88 L2=0.923743
[run] sinh
/root/miniconda3/envs/apolarity/lib/python3.11/site-packages/torch/nn/modules/module.py:1310: UserWarning: Complex modules are a new feature under active development whose design may change, and some modules might not work as expected when using complex tensors as parameters or buffers. Please file an issue at https://github.com/pytorch/pytorch/issues/new?template=bug-report.yml if a complex module does not work as expected.
  warnings.warn(
[done] sinh steps=37 ms/step=841.38 L2=0.151229
[ok] wrote experiments/results/poly_shared_weight_power_grid/o6/grid30/point_106_history.json  (2 traces)

[ok] wrote experiments/results/poly_shared_weight_power_grid/o6/grid30/point_106
[start] point_107 weights=(0.1, 0.01, 0.1) seconds=30
device=cuda order=6 methods=('vanilla', 'sinh') bc_weights=0.1,0.01,0.1 seconds=30.0
[run] vanilla
[done] vanilla steps=35 ms/step=880.46 L2=0.924883
[run] sinh
/root/miniconda3/envs/apolarity/lib/python3.11/site-packages/torch/nn/modules/module.py:1310: UserWarning: Complex modules are a new feature under active development whose design may change, and some modules might not work as expected when using complex tensors as parameters or buffers. Please file an issue at https://github.com/pytorch/pytorch/issues/new?template=bug-report.yml if a complex module does not work as expected.
  warnings.warn(
[done] sinh steps=37 ms/step=840.72 L2=0.152341
[ok] wrote experiments/results/poly_shared_weight_power_grid/o6/grid30/point_107_history.json  (2 traces)

[ok] wrote experiments/results/poly_shared_weight_power_grid/o6/grid30/point_107
[start] point_108 weights=(0.1, 0.01, 1.0) seconds=30
device=cuda order=6 methods=('vanilla', 'sinh') bc_weights=0.1,0.01,1 seconds=30.0
[run] vanilla
[done] vanilla steps=35 ms/step=869.20 L2=0.923354
[run] sinh
/root/miniconda3/envs/apolarity/lib/python3.11/site-packages/torch/nn/modules/module.py:1310: UserWarning: Complex modules are a new feature under active development whose design may change, and some modules might not work as expected when using complex tensors as parameters or buffers. Please file an issue at https://github.com/pytorch/pytorch/issues/new?template=bug-report.yml if a complex module does not work as expected.
  warnings.warn(
[done] sinh steps=37 ms/step=840.32 L2=0.161666
[ok] wrote experiments/results/poly_shared_weight_power_grid/o6/grid30/point_108_history.json  (2 traces)

[ok] wrote experiments/results/poly_shared_weight_power_grid/o6/grid30/point_108
[start] point_109 weights=(0.1, 0.01, 10.0) seconds=30
device=cuda order=6 methods=('vanilla', 'sinh') bc_weights=0.1,0.01,10 seconds=30.0
[run] vanilla
[done] vanilla steps=35 ms/step=869.38 L2=0.929106
[run] sinh
/root/miniconda3/envs/apolarity/lib/python3.11/site-packages/torch/nn/modules/module.py:1310: UserWarning: Complex modules are a new feature under active development whose design may change, and some modules might not work as expected when using complex tensors as parameters or buffers. Please file an issue at https://github.com/pytorch/pytorch/issues/new?template=bug-report.yml if a complex module does not work as expected.
  warnings.warn(
[done] sinh steps=37 ms/step=840.19 L2=0.151058
[ok] wrote experiments/results/poly_shared_weight_power_grid/o6/grid30/point_109_history.json  (2 traces)

[ok] wrote experiments/results/poly_shared_weight_power_grid/o6/grid30/point_109
[start] point_110 weights=(0.1, 0.01, 100.0) seconds=30
device=cuda order=6 methods=('vanilla', 'sinh') bc_weights=0.1,0.01,100 seconds=30.0
[run] vanilla
[done] vanilla steps=35 ms/step=878.25 L2=0.963958
[run] sinh
/root/miniconda3/envs/apolarity/lib/python3.11/site-packages/torch/nn/modules/module.py:1310: UserWarning: Complex modules are a new feature under active development whose design may change, and some modules might not work as expected when using complex tensors as parameters or buffers. Please file an issue at https://github.com/pytorch/pytorch/issues/new?template=bug-report.yml if a complex module does not work as expected.
  warnings.warn(
[done] sinh steps=37 ms/step=841.01 L2=0.22377
[ok] wrote experiments/results/poly_shared_weight_power_grid/o6/grid30/point_110_history.json  (2 traces)

[ok] wrote experiments/results/poly_shared_weight_power_grid/o6/grid30/point_110
[start] point_111 weights=(0.1, 0.01, 1000.0) seconds=30
device=cuda order=6 methods=('vanilla', 'sinh') bc_weights=0.1,0.01,1000 seconds=30.0
[run] vanilla
[done] vanilla steps=35 ms/step=877.13 L2=0.999439
[run] sinh
/root/miniconda3/envs/apolarity/lib/python3.11/site-packages/torch/nn/modules/module.py:1310: UserWarning: Complex modules are a new feature under active development whose design may change, and some modules might not work as expected when using complex tensors as parameters or buffers. Please file an issue at https://github.com/pytorch/pytorch/issues/new?template=bug-report.yml if a complex module does not work as expected.
  warnings.warn(
[done] sinh steps=37 ms/step=841.28 L2=0.948672
[ok] wrote experiments/results/poly_shared_weight_power_grid/o6/grid30/point_111_history.json  (2 traces)

[ok] wrote experiments/results/poly_shared_weight_power_grid/o6/grid30/point_111
[start] point_112 weights=(0.1, 0.1, 0.001) seconds=30
device=cuda order=6 methods=('vanilla', 'sinh') bc_weights=0.1,0.1,0.001 seconds=30.0
[run] vanilla
[done] vanilla steps=35 ms/step=869.46 L2=0.923868
[run] sinh
/root/miniconda3/envs/apolarity/lib/python3.11/site-packages/torch/nn/modules/module.py:1310: UserWarning: Complex modules are a new feature under active development whose design may change, and some modules might not work as expected when using complex tensors as parameters or buffers. Please file an issue at https://github.com/pytorch/pytorch/issues/new?template=bug-report.yml if a complex module does not work as expected.
  warnings.warn(
[done] sinh steps=37 ms/step=839.89 L2=0.125968
[ok] wrote experiments/results/poly_shared_weight_power_grid/o6/grid30/point_112_history.json  (2 traces)

[ok] wrote experiments/results/poly_shared_weight_power_grid/o6/grid30/point_112
[start] point_113 weights=(0.1, 0.1, 0.01) seconds=30
device=cuda order=6 methods=('vanilla', 'sinh') bc_weights=0.1,0.1,0.01 seconds=30.0
[run] vanilla
[done] vanilla steps=35 ms/step=869.92 L2=0.923824
[run] sinh
/root/miniconda3/envs/apolarity/lib/python3.11/site-packages/torch/nn/modules/module.py:1310: UserWarning: Complex modules are a new feature under active development whose design may change, and some modules might not work as expected when using complex tensors as parameters or buffers. Please file an issue at https://github.com/pytorch/pytorch/issues/new?template=bug-report.yml if a complex module does not work as expected.
  warnings.warn(
[done] sinh steps=37 ms/step=840.40 L2=0.127682
[ok] wrote experiments/results/poly_shared_weight_power_grid/o6/grid30/point_113_history.json  (2 traces)

[ok] wrote experiments/results/poly_shared_weight_power_grid/o6/grid30/point_113
[start] point_114 weights=(0.1, 0.1, 0.1) seconds=30
device=cuda order=6 methods=('vanilla', 'sinh') bc_weights=0.1,0.1,0.1 seconds=30.0
[run] vanilla
[done] vanilla steps=35 ms/step=879.64 L2=0.925705
[run] sinh
/root/miniconda3/envs/apolarity/lib/python3.11/site-packages/torch/nn/modules/module.py:1310: UserWarning: Complex modules are a new feature under active development whose design may change, and some modules might not work as expected when using complex tensors as parameters or buffers. Please file an issue at https://github.com/pytorch/pytorch/issues/new?template=bug-report.yml if a complex module does not work as expected.
  warnings.warn(
[done] sinh steps=37 ms/step=840.94 L2=0.140912
[ok] wrote experiments/results/poly_shared_weight_power_grid/o6/grid30/point_114_history.json  (2 traces)

[ok] wrote experiments/results/poly_shared_weight_power_grid/o6/grid30/point_114
[start] point_115 weights=(0.1, 0.1, 1.0) seconds=30
device=cuda order=6 methods=('vanilla', 'sinh') bc_weights=0.1,0.1,1 seconds=30.0
[run] vanilla
[done] vanilla steps=35 ms/step=870.52 L2=0.924659
[run] sinh
/root/miniconda3/envs/apolarity/lib/python3.11/site-packages/torch/nn/modules/module.py:1310: UserWarning: Complex modules are a new feature under active development whose design may change, and some modules might not work as expected when using complex tensors as parameters or buffers. Please file an issue at https://github.com/pytorch/pytorch/issues/new?template=bug-report.yml if a complex module does not work as expected.
  warnings.warn(
[done] sinh steps=37 ms/step=839.95 L2=0.153804
[ok] wrote experiments/results/poly_shared_weight_power_grid/o6/grid30/point_115_history.json  (2 traces)

[ok] wrote experiments/results/poly_shared_weight_power_grid/o6/grid30/point_115
[start] point_116 weights=(0.1, 0.1, 10.0) seconds=30
device=cuda order=6 methods=('vanilla', 'sinh') bc_weights=0.1,0.1,10 seconds=30.0
[run] vanilla
[done] vanilla steps=35 ms/step=878.30 L2=0.931519
[run] sinh
/root/miniconda3/envs/apolarity/lib/python3.11/site-packages/torch/nn/modules/module.py:1310: UserWarning: Complex modules are a new feature under active development whose design may change, and some modules might not work as expected when using complex tensors as parameters or buffers. Please file an issue at https://github.com/pytorch/pytorch/issues/new?template=bug-report.yml if a complex module does not work as expected.
  warnings.warn(
[done] sinh steps=37 ms/step=840.63 L2=0.14549
[ok] wrote experiments/results/poly_shared_weight_power_grid/o6/grid30/point_116_history.json  (2 traces)

[ok] wrote experiments/results/poly_shared_weight_power_grid/o6/grid30/point_116
[start] point_117 weights=(0.1, 0.1, 100.0) seconds=30
device=cuda order=6 methods=('vanilla', 'sinh') bc_weights=0.1,0.1,100 seconds=30.0
[run] vanilla
[done] vanilla steps=35 ms/step=877.94 L2=0.964184
[run] sinh
/root/miniconda3/envs/apolarity/lib/python3.11/site-packages/torch/nn/modules/module.py:1310: UserWarning: Complex modules are a new feature under active development whose design may change, and some modules might not work as expected when using complex tensors as parameters or buffers. Please file an issue at https://github.com/pytorch/pytorch/issues/new?template=bug-report.yml if a complex module does not work as expected.
  warnings.warn(
[done] sinh steps=37 ms/step=841.09 L2=0.216099
[ok] wrote experiments/results/poly_shared_weight_power_grid/o6/grid30/point_117_history.json  (2 traces)

[ok] wrote experiments/results/poly_shared_weight_power_grid/o6/grid30/point_117
[start] point_118 weights=(0.1, 0.1, 1000.0) seconds=30
device=cuda order=6 methods=('vanilla', 'sinh') bc_weights=0.1,0.1,1000 seconds=30.0
[run] vanilla
[done] vanilla steps=35 ms/step=869.89 L2=0.999477
[run] sinh
/root/miniconda3/envs/apolarity/lib/python3.11/site-packages/torch/nn/modules/module.py:1310: UserWarning: Complex modules are a new feature under active development whose design may change, and some modules might not work as expected when using complex tensors as parameters or buffers. Please file an issue at https://github.com/pytorch/pytorch/issues/new?template=bug-report.yml if a complex module does not work as expected.
  warnings.warn(
[done] sinh steps=37 ms/step=840.27 L2=0.948652
[ok] wrote experiments/results/poly_shared_weight_power_grid/o6/grid30/point_118_history.json  (2 traces)

[ok] wrote experiments/results/poly_shared_weight_power_grid/o6/grid30/point_118
[start] point_119 weights=(0.1, 1.0, 0.001) seconds=30
device=cuda order=6 methods=('vanilla', 'sinh') bc_weights=0.1,1,0.001 seconds=30.0
[run] vanilla
[done] vanilla steps=35 ms/step=876.39 L2=0.933716
[run] sinh
/root/miniconda3/envs/apolarity/lib/python3.11/site-packages/torch/nn/modules/module.py:1310: UserWarning: Complex modules are a new feature under active development whose design may change, and some modules might not work as expected when using complex tensors as parameters or buffers. Please file an issue at https://github.com/pytorch/pytorch/issues/new?template=bug-report.yml if a complex module does not work as expected.
  warnings.warn(
[done] sinh steps=37 ms/step=840.98 L2=0.143144
[ok] wrote experiments/results/poly_shared_weight_power_grid/o6/grid30/point_119_history.json  (2 traces)

[ok] wrote experiments/results/poly_shared_weight_power_grid/o6/grid30/point_119
[start] point_120 weights=(0.1, 1.0, 0.01) seconds=30
device=cuda order=6 methods=('vanilla', 'sinh') bc_weights=0.1,1,0.01 seconds=30.0
[run] vanilla
[done] vanilla steps=35 ms/step=874.94 L2=0.9338
[run] sinh
/root/miniconda3/envs/apolarity/lib/python3.11/site-packages/torch/nn/modules/module.py:1310: UserWarning: Complex modules are a new feature under active development whose design may change, and some modules might not work as expected when using complex tensors as parameters or buffers. Please file an issue at https://github.com/pytorch/pytorch/issues/new?template=bug-report.yml if a complex module does not work as expected.
  warnings.warn(
[done] sinh steps=37 ms/step=841.01 L2=0.143404
[ok] wrote experiments/results/poly_shared_weight_power_grid/o6/grid30/point_120_history.json  (2 traces)

[ok] wrote experiments/results/poly_shared_weight_power_grid/o6/grid30/point_120
[start] point_121 weights=(0.1, 1.0, 0.1) seconds=30
device=cuda order=6 methods=('vanilla', 'sinh') bc_weights=0.1,1,0.1 seconds=30.0
[run] vanilla
[done] vanilla steps=35 ms/step=871.60 L2=0.933193
[run] sinh
/root/miniconda3/envs/apolarity/lib/python3.11/site-packages/torch/nn/modules/module.py:1310: UserWarning: Complex modules are a new feature under active development whose design may change, and some modules might not work as expected when using complex tensors as parameters or buffers. Please file an issue at https://github.com/pytorch/pytorch/issues/new?template=bug-report.yml if a complex module does not work as expected.
  warnings.warn(
[done] sinh steps=37 ms/step=840.44 L2=0.14559
[ok] wrote experiments/results/poly_shared_weight_power_grid/o6/grid30/point_121_history.json  (2 traces)

[ok] wrote experiments/results/poly_shared_weight_power_grid/o6/grid30/point_121
[start] point_122 weights=(0.1, 1.0, 1.0) seconds=30
device=cuda order=6 methods=('vanilla', 'sinh') bc_weights=0.1,1,1 seconds=30.0
[run] vanilla
[done] vanilla steps=35 ms/step=879.15 L2=0.934941
[run] sinh
/root/miniconda3/envs/apolarity/lib/python3.11/site-packages/torch/nn/modules/module.py:1310: UserWarning: Complex modules are a new feature under active development whose design may change, and some modules might not work as expected when using complex tensors as parameters or buffers. Please file an issue at https://github.com/pytorch/pytorch/issues/new?template=bug-report.yml if a complex module does not work as expected.
  warnings.warn(
[done] sinh steps=37 ms/step=841.41 L2=0.13279
[ok] wrote experiments/results/poly_shared_weight_power_grid/o6/grid30/point_122_history.json  (2 traces)

[ok] wrote experiments/results/poly_shared_weight_power_grid/o6/grid30/point_122
[start] point_123 weights=(0.1, 1.0, 10.0) seconds=30
device=cuda order=6 methods=('vanilla', 'sinh') bc_weights=0.1,1,10 seconds=30.0
[run] vanilla
[done] vanilla steps=35 ms/step=880.41 L2=0.939568
[run] sinh
/root/miniconda3/envs/apolarity/lib/python3.11/site-packages/torch/nn/modules/module.py:1310: UserWarning: Complex modules are a new feature under active development whose design may change, and some modules might not work as expected when using complex tensors as parameters or buffers. Please file an issue at https://github.com/pytorch/pytorch/issues/new?template=bug-report.yml if a complex module does not work as expected.
  warnings.warn(
[done] sinh steps=37 ms/step=841.16 L2=0.144751
[ok] wrote experiments/results/poly_shared_weight_power_grid/o6/grid30/point_123_history.json  (2 traces)

[ok] wrote experiments/results/poly_shared_weight_power_grid/o6/grid30/point_123
[start] point_124 weights=(0.1, 1.0, 100.0) seconds=30
device=cuda order=6 methods=('vanilla', 'sinh') bc_weights=0.1,1,100 seconds=30.0
[run] vanilla
[done] vanilla steps=35 ms/step=879.86 L2=0.967315
[run] sinh
/root/miniconda3/envs/apolarity/lib/python3.11/site-packages/torch/nn/modules/module.py:1310: UserWarning: Complex modules are a new feature under active development whose design may change, and some modules might not work as expected when using complex tensors as parameters or buffers. Please file an issue at https://github.com/pytorch/pytorch/issues/new?template=bug-report.yml if a complex module does not work as expected.
  warnings.warn(
[done] sinh steps=37 ms/step=841.54 L2=0.173965
[ok] wrote experiments/results/poly_shared_weight_power_grid/o6/grid30/point_124_history.json  (2 traces)

[ok] wrote experiments/results/poly_shared_weight_power_grid/o6/grid30/point_124
[start] point_125 weights=(0.1, 1.0, 1000.0) seconds=30
device=cuda order=6 methods=('vanilla', 'sinh') bc_weights=0.1,1,1000 seconds=30.0
[run] vanilla
[done] vanilla steps=35 ms/step=879.77 L2=0.999404
[run] sinh
/root/miniconda3/envs/apolarity/lib/python3.11/site-packages/torch/nn/modules/module.py:1310: UserWarning: Complex modules are a new feature under active development whose design may change, and some modules might not work as expected when using complex tensors as parameters or buffers. Please file an issue at https://github.com/pytorch/pytorch/issues/new?template=bug-report.yml if a complex module does not work as expected.
  warnings.warn(
[done] sinh steps=37 ms/step=841.22 L2=0.94896
[ok] wrote experiments/results/poly_shared_weight_power_grid/o6/grid30/point_125_history.json  (2 traces)

[ok] wrote experiments/results/poly_shared_weight_power_grid/o6/grid30/point_125
[start] point_126 weights=(0.1, 10.0, 0.001) seconds=30
device=cuda order=6 methods=('vanilla', 'sinh') bc_weights=0.1,10,0.001 seconds=30.0
[run] vanilla
[done] vanilla steps=35 ms/step=880.57 L2=0.974516
[run] sinh
/root/miniconda3/envs/apolarity/lib/python3.11/site-packages/torch/nn/modules/module.py:1310: UserWarning: Complex modules are a new feature under active development whose design may change, and some modules might not work as expected when using complex tensors as parameters or buffers. Please file an issue at https://github.com/pytorch/pytorch/issues/new?template=bug-report.yml if a complex module does not work as expected.
  warnings.warn(
[done] sinh steps=37 ms/step=841.46 L2=0.127435
[ok] wrote experiments/results/poly_shared_weight_power_grid/o6/grid30/point_126_history.json  (2 traces)

[ok] wrote experiments/results/poly_shared_weight_power_grid/o6/grid30/point_126
[start] point_127 weights=(0.1, 10.0, 0.01) seconds=30
device=cuda order=6 methods=('vanilla', 'sinh') bc_weights=0.1,10,0.01 seconds=30.0
[run] vanilla
[done] vanilla steps=35 ms/step=879.74 L2=0.974484
[run] sinh
/root/miniconda3/envs/apolarity/lib/python3.11/site-packages/torch/nn/modules/module.py:1310: UserWarning: Complex modules are a new feature under active development whose design may change, and some modules might not work as expected when using complex tensors as parameters or buffers. Please file an issue at https://github.com/pytorch/pytorch/issues/new?template=bug-report.yml if a complex module does not work as expected.
  warnings.warn(
[done] sinh steps=37 ms/step=842.52 L2=0.127797
[ok] wrote experiments/results/poly_shared_weight_power_grid/o6/grid30/point_127_history.json  (2 traces)

[ok] wrote experiments/results/poly_shared_weight_power_grid/o6/grid30/point_127
[start] point_128 weights=(0.1, 10.0, 0.1) seconds=30
device=cuda order=6 methods=('vanilla', 'sinh') bc_weights=0.1,10,0.1 seconds=30.0
[run] vanilla
[done] vanilla steps=35 ms/step=878.78 L2=0.974463
[run] sinh
/root/miniconda3/envs/apolarity/lib/python3.11/site-packages/torch/nn/modules/module.py:1310: UserWarning: Complex modules are a new feature under active development whose design may change, and some modules might not work as expected when using complex tensors as parameters or buffers. Please file an issue at https://github.com/pytorch/pytorch/issues/new?template=bug-report.yml if a complex module does not work as expected.
  warnings.warn(
[done] sinh steps=37 ms/step=840.85 L2=0.132221
[ok] wrote experiments/results/poly_shared_weight_power_grid/o6/grid30/point_128_history.json  (2 traces)

[ok] wrote experiments/results/poly_shared_weight_power_grid/o6/grid30/point_128
[start] point_129 weights=(0.1, 10.0, 1.0) seconds=30
device=cuda order=6 methods=('vanilla', 'sinh') bc_weights=0.1,10,1 seconds=30.0
[run] vanilla
[done] vanilla steps=35 ms/step=871.04 L2=0.974278
[run] sinh
/root/miniconda3/envs/apolarity/lib/python3.11/site-packages/torch/nn/modules/module.py:1310: UserWarning: Complex modules are a new feature under active development whose design may change, and some modules might not work as expected when using complex tensors as parameters or buffers. Please file an issue at https://github.com/pytorch/pytorch/issues/new?template=bug-report.yml if a complex module does not work as expected.
  warnings.warn(
[done] sinh steps=37 ms/step=840.36 L2=0.144637
[ok] wrote experiments/results/poly_shared_weight_power_grid/o6/grid30/point_129_history.json  (2 traces)

[ok] wrote experiments/results/poly_shared_weight_power_grid/o6/grid30/point_129
[start] point_130 weights=(0.1, 10.0, 10.0) seconds=30
device=cuda order=6 methods=('vanilla', 'sinh') bc_weights=0.1,10,10 seconds=30.0
[run] vanilla
[done] vanilla steps=35 ms/step=879.12 L2=0.97578
[run] sinh
/root/miniconda3/envs/apolarity/lib/python3.11/site-packages/torch/nn/modules/module.py:1310: UserWarning: Complex modules are a new feature under active development whose design may change, and some modules might not work as expected when using complex tensors as parameters or buffers. Please file an issue at https://github.com/pytorch/pytorch/issues/new?template=bug-report.yml if a complex module does not work as expected.
  warnings.warn(
[done] sinh steps=37 ms/step=841.62 L2=0.189567
[ok] wrote experiments/results/poly_shared_weight_power_grid/o6/grid30/point_130_history.json  (2 traces)

[ok] wrote experiments/results/poly_shared_weight_power_grid/o6/grid30/point_130
[start] point_131 weights=(0.1, 10.0, 100.0) seconds=30
device=cuda order=6 methods=('vanilla', 'sinh') bc_weights=0.1,10,100 seconds=30.0
[run] vanilla
[done] vanilla steps=35 ms/step=878.01 L2=0.983967
[run] sinh
/root/miniconda3/envs/apolarity/lib/python3.11/site-packages/torch/nn/modules/module.py:1310: UserWarning: Complex modules are a new feature under active development whose design may change, and some modules might not work as expected when using complex tensors as parameters or buffers. Please file an issue at https://github.com/pytorch/pytorch/issues/new?template=bug-report.yml if a complex module does not work as expected.
  warnings.warn(
[done] sinh steps=37 ms/step=840.93 L2=0.101503
[ok] wrote experiments/results/poly_shared_weight_power_grid/o6/grid30/point_131_history.json  (2 traces)

[ok] wrote experiments/results/poly_shared_weight_power_grid/o6/grid30/point_131
[start] point_132 weights=(0.1, 10.0, 1000.0) seconds=30
device=cuda order=6 methods=('vanilla', 'sinh') bc_weights=0.1,10,1000 seconds=30.0
[run] vanilla
[done] vanilla steps=35 ms/step=876.90 L2=0.99953
[run] sinh
/root/miniconda3/envs/apolarity/lib/python3.11/site-packages/torch/nn/modules/module.py:1310: UserWarning: Complex modules are a new feature under active development whose design may change, and some modules might not work as expected when using complex tensors as parameters or buffers. Please file an issue at https://github.com/pytorch/pytorch/issues/new?template=bug-report.yml if a complex module does not work as expected.
  warnings.warn(
[done] sinh steps=37 ms/step=841.11 L2=0.951133
[ok] wrote experiments/results/poly_shared_weight_power_grid/o6/grid30/point_132_history.json  (2 traces)

[ok] wrote experiments/results/poly_shared_weight_power_grid/o6/grid30/point_132
[start] point_133 weights=(0.1, 100.0, 0.001) seconds=30
device=cuda order=6 methods=('vanilla', 'sinh') bc_weights=0.1,100,0.001 seconds=30.0
[run] vanilla
[done] vanilla steps=35 ms/step=878.99 L2=0.999934
[run] sinh
/root/miniconda3/envs/apolarity/lib/python3.11/site-packages/torch/nn/modules/module.py:1310: UserWarning: Complex modules are a new feature under active development whose design may change, and some modules might not work as expected when using complex tensors as parameters or buffers. Please file an issue at https://github.com/pytorch/pytorch/issues/new?template=bug-report.yml if a complex module does not work as expected.
  warnings.warn(
[done] sinh steps=37 ms/step=841.14 L2=0.398915
[ok] wrote experiments/results/poly_shared_weight_power_grid/o6/grid30/point_133_history.json  (2 traces)

[ok] wrote experiments/results/poly_shared_weight_power_grid/o6/grid30/point_133
[start] point_134 weights=(0.1, 100.0, 0.01) seconds=30
device=cuda order=6 methods=('vanilla', 'sinh') bc_weights=0.1,100,0.01 seconds=30.0
[run] vanilla
[done] vanilla steps=35 ms/step=869.57 L2=0.999927
[run] sinh
/root/miniconda3/envs/apolarity/lib/python3.11/site-packages/torch/nn/modules/module.py:1310: UserWarning: Complex modules are a new feature under active development whose design may change, and some modules might not work as expected when using complex tensors as parameters or buffers. Please file an issue at https://github.com/pytorch/pytorch/issues/new?template=bug-report.yml if a complex module does not work as expected.
  warnings.warn(
[done] sinh steps=37 ms/step=840.29 L2=0.398393
[ok] wrote experiments/results/poly_shared_weight_power_grid/o6/grid30/point_134_history.json  (2 traces)

[ok] wrote experiments/results/poly_shared_weight_power_grid/o6/grid30/point_134
[start] point_135 weights=(0.1, 100.0, 0.1) seconds=30
device=cuda order=6 methods=('vanilla', 'sinh') bc_weights=0.1,100,0.1 seconds=30.0
[run] vanilla
[done] vanilla steps=35 ms/step=879.01 L2=0.999934
[run] sinh
/root/miniconda3/envs/apolarity/lib/python3.11/site-packages/torch/nn/modules/module.py:1310: UserWarning: Complex modules are a new feature under active development whose design may change, and some modules might not work as expected when using complex tensors as parameters or buffers. Please file an issue at https://github.com/pytorch/pytorch/issues/new?template=bug-report.yml if a complex module does not work as expected.
  warnings.warn(
[done] sinh steps=37 ms/step=841.17 L2=0.401875
[ok] wrote experiments/results/poly_shared_weight_power_grid/o6/grid30/point_135_history.json  (2 traces)

[ok] wrote experiments/results/poly_shared_weight_power_grid/o6/grid30/point_135
[start] point_136 weights=(0.1, 100.0, 1.0) seconds=30
device=cuda order=6 methods=('vanilla', 'sinh') bc_weights=0.1,100,1 seconds=30.0
[run] vanilla
[done] vanilla steps=35 ms/step=868.56 L2=0.999928
[run] sinh
/root/miniconda3/envs/apolarity/lib/python3.11/site-packages/torch/nn/modules/module.py:1310: UserWarning: Complex modules are a new feature under active development whose design may change, and some modules might not work as expected when using complex tensors as parameters or buffers. Please file an issue at https://github.com/pytorch/pytorch/issues/new?template=bug-report.yml if a complex module does not work as expected.
  warnings.warn(
[done] sinh steps=37 ms/step=840.06 L2=0.426302
[ok] wrote experiments/results/poly_shared_weight_power_grid/o6/grid30/point_136_history.json  (2 traces)

[ok] wrote experiments/results/poly_shared_weight_power_grid/o6/grid30/point_136
[start] point_137 weights=(0.1, 100.0, 10.0) seconds=30
device=cuda order=6 methods=('vanilla', 'sinh') bc_weights=0.1,100,10 seconds=30.0
[run] vanilla
[done] vanilla steps=35 ms/step=879.40 L2=0.99995
[run] sinh
/root/miniconda3/envs/apolarity/lib/python3.11/site-packages/torch/nn/modules/module.py:1310: UserWarning: Complex modules are a new feature under active development whose design may change, and some modules might not work as expected when using complex tensors as parameters or buffers. Please file an issue at https://github.com/pytorch/pytorch/issues/new?template=bug-report.yml if a complex module does not work as expected.
  warnings.warn(
[done] sinh steps=37 ms/step=840.96 L2=0.569886
[ok] wrote experiments/results/poly_shared_weight_power_grid/o6/grid30/point_137_history.json  (2 traces)

[ok] wrote experiments/results/poly_shared_weight_power_grid/o6/grid30/point_137
[start] point_138 weights=(0.1, 100.0, 100.0) seconds=30
device=cuda order=6 methods=('vanilla', 'sinh') bc_weights=0.1,100,100 seconds=30.0
[run] vanilla
[done] vanilla steps=35 ms/step=873.95 L2=1.00008
[run] sinh
/root/miniconda3/envs/apolarity/lib/python3.11/site-packages/torch/nn/modules/module.py:1310: UserWarning: Complex modules are a new feature under active development whose design may change, and some modules might not work as expected when using complex tensors as parameters or buffers. Please file an issue at https://github.com/pytorch/pytorch/issues/new?template=bug-report.yml if a complex module does not work as expected.
  warnings.warn(
[done] sinh steps=37 ms/step=840.64 L2=0.805987
[ok] wrote experiments/results/poly_shared_weight_power_grid/o6/grid30/point_138_history.json  (2 traces)

[ok] wrote experiments/results/poly_shared_weight_power_grid/o6/grid30/point_138
[start] point_139 weights=(0.1, 100.0, 1000.0) seconds=30
device=cuda order=6 methods=('vanilla', 'sinh') bc_weights=0.1,100,1000 seconds=30.0
[run] vanilla
[done] vanilla steps=35 ms/step=870.95 L2=1.00112
[run] sinh
/root/miniconda3/envs/apolarity/lib/python3.11/site-packages/torch/nn/modules/module.py:1310: UserWarning: Complex modules are a new feature under active development whose design may change, and some modules might not work as expected when using complex tensors as parameters or buffers. Please file an issue at https://github.com/pytorch/pytorch/issues/new?template=bug-report.yml if a complex module does not work as expected.
  warnings.warn(
[done] sinh steps=37 ms/step=840.65 L2=0.961465
[ok] wrote experiments/results/poly_shared_weight_power_grid/o6/grid30/point_139_history.json  (2 traces)

[ok] wrote experiments/results/poly_shared_weight_power_grid/o6/grid30/point_139
[start] point_140 weights=(0.1, 1000.0, 0.001) seconds=30
device=cuda order=6 methods=('vanilla', 'sinh') bc_weights=0.1,1000,0.001 seconds=30.0
[run] vanilla
[done] vanilla steps=35 ms/step=866.09 L2=1.0004
[run] sinh
/root/miniconda3/envs/apolarity/lib/python3.11/site-packages/torch/nn/modules/module.py:1310: UserWarning: Complex modules are a new feature under active development whose design may change, and some modules might not work as expected when using complex tensors as parameters or buffers. Please file an issue at https://github.com/pytorch/pytorch/issues/new?template=bug-report.yml if a complex module does not work as expected.
  warnings.warn(
[done] sinh steps=37 ms/step=839.89 L2=0.985552
[ok] wrote experiments/results/poly_shared_weight_power_grid/o6/grid30/point_140_history.json  (2 traces)

[ok] wrote experiments/results/poly_shared_weight_power_grid/o6/grid30/point_140
[start] point_141 weights=(0.1, 1000.0, 0.01) seconds=30
device=cuda order=6 methods=('vanilla', 'sinh') bc_weights=0.1,1000,0.01 seconds=30.0
[run] vanilla
[done] vanilla steps=35 ms/step=878.54 L2=1.00036
[run] sinh
/root/miniconda3/envs/apolarity/lib/python3.11/site-packages/torch/nn/modules/module.py:1310: UserWarning: Complex modules are a new feature under active development whose design may change, and some modules might not work as expected when using complex tensors as parameters or buffers. Please file an issue at https://github.com/pytorch/pytorch/issues/new?template=bug-report.yml if a complex module does not work as expected.
  warnings.warn(
[done] sinh steps=37 ms/step=840.94 L2=0.985592
[ok] wrote experiments/results/poly_shared_weight_power_grid/o6/grid30/point_141_history.json  (2 traces)

[ok] wrote experiments/results/poly_shared_weight_power_grid/o6/grid30/point_141
[start] point_142 weights=(0.1, 1000.0, 0.1) seconds=30
device=cuda order=6 methods=('vanilla', 'sinh') bc_weights=0.1,1000,0.1 seconds=30.0
[run] vanilla
[done] vanilla steps=35 ms/step=880.25 L2=1.00036
[run] sinh
/root/miniconda3/envs/apolarity/lib/python3.11/site-packages/torch/nn/modules/module.py:1310: UserWarning: Complex modules are a new feature under active development whose design may change, and some modules might not work as expected when using complex tensors as parameters or buffers. Please file an issue at https://github.com/pytorch/pytorch/issues/new?template=bug-report.yml if a complex module does not work as expected.
  warnings.warn(
[done] sinh steps=37 ms/step=841.11 L2=0.985593
[ok] wrote experiments/results/poly_shared_weight_power_grid/o6/grid30/point_142_history.json  (2 traces)

[ok] wrote experiments/results/poly_shared_weight_power_grid/o6/grid30/point_142
[start] point_143 weights=(0.1, 1000.0, 1.0) seconds=30
device=cuda order=6 methods=('vanilla', 'sinh') bc_weights=0.1,1000,1 seconds=30.0
[run] vanilla
[done] vanilla steps=35 ms/step=870.00 L2=1.00039
[run] sinh
/root/miniconda3/envs/apolarity/lib/python3.11/site-packages/torch/nn/modules/module.py:1310: UserWarning: Complex modules are a new feature under active development whose design may change, and some modules might not work as expected when using complex tensors as parameters or buffers. Please file an issue at https://github.com/pytorch/pytorch/issues/new?template=bug-report.yml if a complex module does not work as expected.
  warnings.warn(
[done] sinh steps=37 ms/step=840.36 L2=0.985595
[ok] wrote experiments/results/poly_shared_weight_power_grid/o6/grid30/point_143_history.json  (2 traces)

[ok] wrote experiments/results/poly_shared_weight_power_grid/o6/grid30/point_143
[start] point_144 weights=(0.1, 1000.0, 10.0) seconds=30
device=cuda order=6 methods=('vanilla', 'sinh') bc_weights=0.1,1000,10 seconds=30.0
[run] vanilla
[done] vanilla steps=35 ms/step=872.39 L2=1.00039
[run] sinh
/root/miniconda3/envs/apolarity/lib/python3.11/site-packages/torch/nn/modules/module.py:1310: UserWarning: Complex modules are a new feature under active development whose design may change, and some modules might not work as expected when using complex tensors as parameters or buffers. Please file an issue at https://github.com/pytorch/pytorch/issues/new?template=bug-report.yml if a complex module does not work as expected.
  warnings.warn(
[done] sinh steps=37 ms/step=840.61 L2=0.985659
[ok] wrote experiments/results/poly_shared_weight_power_grid/o6/grid30/point_144_history.json  (2 traces)

[ok] wrote experiments/results/poly_shared_weight_power_grid/o6/grid30/point_144
[start] point_145 weights=(0.1, 1000.0, 100.0) seconds=30
device=cuda order=6 methods=('vanilla', 'sinh') bc_weights=0.1,1000,100 seconds=30.0
[run] vanilla
[done] vanilla steps=35 ms/step=870.77 L2=1.00039
[run] sinh
/root/miniconda3/envs/apolarity/lib/python3.11/site-packages/torch/nn/modules/module.py:1310: UserWarning: Complex modules are a new feature under active development whose design may change, and some modules might not work as expected when using complex tensors as parameters or buffers. Please file an issue at https://github.com/pytorch/pytorch/issues/new?template=bug-report.yml if a complex module does not work as expected.
  warnings.warn(
[done] sinh steps=37 ms/step=840.38 L2=0.987233
[ok] wrote experiments/results/poly_shared_weight_power_grid/o6/grid30/point_145_history.json  (2 traces)

[ok] wrote experiments/results/poly_shared_weight_power_grid/o6/grid30/point_145
[start] point_146 weights=(0.1, 1000.0, 1000.0) seconds=30
device=cuda order=6 methods=('vanilla', 'sinh') bc_weights=0.1,1000,1000 seconds=30.0
[run] vanilla
[done] vanilla steps=35 ms/step=875.89 L2=1.00037
[run] sinh
/root/miniconda3/envs/apolarity/lib/python3.11/site-packages/torch/nn/modules/module.py:1310: UserWarning: Complex modules are a new feature under active development whose design may change, and some modules might not work as expected when using complex tensors as parameters or buffers. Please file an issue at https://github.com/pytorch/pytorch/issues/new?template=bug-report.yml if a complex module does not work as expected.
  warnings.warn(
[done] sinh steps=37 ms/step=840.54 L2=0.99183
[ok] wrote experiments/results/poly_shared_weight_power_grid/o6/grid30/point_146_history.json  (2 traces)

[ok] wrote experiments/results/poly_shared_weight_power_grid/o6/grid30/point_146
[start] point_147 weights=(1.0, 0.001, 0.001) seconds=30
device=cuda order=6 methods=('vanilla', 'sinh') bc_weights=1,0.001,0.001 seconds=30.0
[run] vanilla
[done] vanilla steps=35 ms/step=869.13 L2=0.997588
[run] sinh
/root/miniconda3/envs/apolarity/lib/python3.11/site-packages/torch/nn/modules/module.py:1310: UserWarning: Complex modules are a new feature under active development whose design may change, and some modules might not work as expected when using complex tensors as parameters or buffers. Please file an issue at https://github.com/pytorch/pytorch/issues/new?template=bug-report.yml if a complex module does not work as expected.
  warnings.warn(
[done] sinh steps=37 ms/step=840.23 L2=0.147513
[ok] wrote experiments/results/poly_shared_weight_power_grid/o6/grid30/point_147_history.json  (2 traces)

[ok] wrote experiments/results/poly_shared_weight_power_grid/o6/grid30/point_147
[start] point_148 weights=(1.0, 0.001, 0.01) seconds=30
device=cuda order=6 methods=('vanilla', 'sinh') bc_weights=1,0.001,0.01 seconds=30.0
[run] vanilla
[done] vanilla steps=35 ms/step=870.03 L2=0.997589
[run] sinh
/root/miniconda3/envs/apolarity/lib/python3.11/site-packages/torch/nn/modules/module.py:1310: UserWarning: Complex modules are a new feature under active development whose design may change, and some modules might not work as expected when using complex tensors as parameters or buffers. Please file an issue at https://github.com/pytorch/pytorch/issues/new?template=bug-report.yml if a complex module does not work as expected.
  warnings.warn(
[done] sinh steps=37 ms/step=840.14 L2=0.150623
[ok] wrote experiments/results/poly_shared_weight_power_grid/o6/grid30/point_148_history.json  (2 traces)

[ok] wrote experiments/results/poly_shared_weight_power_grid/o6/grid30/point_148
[start] point_149 weights=(1.0, 0.001, 0.1) seconds=30
device=cuda order=6 methods=('vanilla', 'sinh') bc_weights=1,0.001,0.1 seconds=30.0
[run] vanilla
[done] vanilla steps=35 ms/step=875.18 L2=0.997593
[run] sinh
/root/miniconda3/envs/apolarity/lib/python3.11/site-packages/torch/nn/modules/module.py:1310: UserWarning: Complex modules are a new feature under active development whose design may change, and some modules might not work as expected when using complex tensors as parameters or buffers. Please file an issue at https://github.com/pytorch/pytorch/issues/new?template=bug-report.yml if a complex module does not work as expected.
  warnings.warn(
[done] sinh steps=37 ms/step=840.69 L2=0.177918
[ok] wrote experiments/results/poly_shared_weight_power_grid/o6/grid30/point_149_history.json  (2 traces)

[ok] wrote experiments/results/poly_shared_weight_power_grid/o6/grid30/point_149
[start] point_150 weights=(1.0, 0.001, 1.0) seconds=30
device=cuda order=6 methods=('vanilla', 'sinh') bc_weights=1,0.001,1 seconds=30.0
[run] vanilla
[done] vanilla steps=35 ms/step=878.78 L2=0.997598
[run] sinh
/root/miniconda3/envs/apolarity/lib/python3.11/site-packages/torch/nn/modules/module.py:1310: UserWarning: Complex modules are a new feature under active development whose design may change, and some modules might not work as expected when using complex tensors as parameters or buffers. Please file an issue at https://github.com/pytorch/pytorch/issues/new?template=bug-report.yml if a complex module does not work as expected.
  warnings.warn(
[done] sinh steps=37 ms/step=841.23 L2=0.189631
[ok] wrote experiments/results/poly_shared_weight_power_grid/o6/grid30/point_150_history.json  (2 traces)

[ok] wrote experiments/results/poly_shared_weight_power_grid/o6/grid30/point_150
[start] point_151 weights=(1.0, 0.001, 10.0) seconds=30
device=cuda order=6 methods=('vanilla', 'sinh') bc_weights=1,0.001,10 seconds=30.0
[run] vanilla
[done] vanilla steps=35 ms/step=873.29 L2=0.997605
[run] sinh
/root/miniconda3/envs/apolarity/lib/python3.11/site-packages/torch/nn/modules/module.py:1310: UserWarning: Complex modules are a new feature under active development whose design may change, and some modules might not work as expected when using complex tensors as parameters or buffers. Please file an issue at https://github.com/pytorch/pytorch/issues/new?template=bug-report.yml if a complex module does not work as expected.
  warnings.warn(
[done] sinh steps=37 ms/step=841.06 L2=0.157994
[ok] wrote experiments/results/poly_shared_weight_power_grid/o6/grid30/point_151_history.json  (2 traces)

[ok] wrote experiments/results/poly_shared_weight_power_grid/o6/grid30/point_151
[start] point_152 weights=(1.0, 0.001, 100.0) seconds=30
device=cuda order=6 methods=('vanilla', 'sinh') bc_weights=1,0.001,100 seconds=30.0
[run] vanilla
[done] vanilla steps=35 ms/step=864.96 L2=0.99772
[run] sinh
/root/miniconda3/envs/apolarity/lib/python3.11/site-packages/torch/nn/modules/module.py:1310: UserWarning: Complex modules are a new feature under active development whose design may change, and some modules might not work as expected when using complex tensors as parameters or buffers. Please file an issue at https://github.com/pytorch/pytorch/issues/new?template=bug-report.yml if a complex module does not work as expected.
  warnings.warn(
[done] sinh steps=37 ms/step=839.84 L2=0.125429
[ok] wrote experiments/results/poly_shared_weight_power_grid/o6/grid30/point_152_history.json  (2 traces)

[ok] wrote experiments/results/poly_shared_weight_power_grid/o6/grid30/point_152
[start] point_153 weights=(1.0, 0.001, 1000.0) seconds=30
device=cuda order=6 methods=('vanilla', 'sinh') bc_weights=1,0.001,1000 seconds=30.0
[run] vanilla
[done] vanilla steps=35 ms/step=870.90 L2=0.998541
[run] sinh
/root/miniconda3/envs/apolarity/lib/python3.11/site-packages/torch/nn/modules/module.py:1310: UserWarning: Complex modules are a new feature under active development whose design may change, and some modules might not work as expected when using complex tensors as parameters or buffers. Please file an issue at https://github.com/pytorch/pytorch/issues/new?template=bug-report.yml if a complex module does not work as expected.
  warnings.warn(
[done] sinh steps=37 ms/step=840.42 L2=0.949555
[ok] wrote experiments/results/poly_shared_weight_power_grid/o6/grid30/point_153_history.json  (2 traces)

[ok] wrote experiments/results/poly_shared_weight_power_grid/o6/grid30/point_153
[start] point_154 weights=(1.0, 0.01, 0.001) seconds=30
device=cuda order=6 methods=('vanilla', 'sinh') bc_weights=1,0.01,0.001 seconds=30.0
[run] vanilla
[done] vanilla steps=35 ms/step=868.92 L2=0.997588
[run] sinh
/root/miniconda3/envs/apolarity/lib/python3.11/site-packages/torch/nn/modules/module.py:1310: UserWarning: Complex modules are a new feature under active development whose design may change, and some modules might not work as expected when using complex tensors as parameters or buffers. Please file an issue at https://github.com/pytorch/pytorch/issues/new?template=bug-report.yml if a complex module does not work as expected.
  warnings.warn(
[done] sinh steps=37 ms/step=840.28 L2=0.152091
[ok] wrote experiments/results/poly_shared_weight_power_grid/o6/grid30/point_154_history.json  (2 traces)

[ok] wrote experiments/results/poly_shared_weight_power_grid/o6/grid30/point_154
[start] point_155 weights=(1.0, 0.01, 0.01) seconds=30
device=cuda order=6 methods=('vanilla', 'sinh') bc_weights=1,0.01,0.01 seconds=30.0
[run] vanilla
[done] vanilla steps=35 ms/step=869.84 L2=0.997589
[run] sinh
/root/miniconda3/envs/apolarity/lib/python3.11/site-packages/torch/nn/modules/module.py:1310: UserWarning: Complex modules are a new feature under active development whose design may change, and some modules might not work as expected when using complex tensors as parameters or buffers. Please file an issue at https://github.com/pytorch/pytorch/issues/new?template=bug-report.yml if a complex module does not work as expected.
  warnings.warn(
[done] sinh steps=37 ms/step=840.34 L2=0.15551
[ok] wrote experiments/results/poly_shared_weight_power_grid/o6/grid30/point_155_history.json  (2 traces)

[ok] wrote experiments/results/poly_shared_weight_power_grid/o6/grid30/point_155
[start] point_156 weights=(1.0, 0.01, 0.1) seconds=30
device=cuda order=6 methods=('vanilla', 'sinh') bc_weights=1,0.01,0.1 seconds=30.0
[run] vanilla
[done] vanilla steps=35 ms/step=874.26 L2=0.997592
[run] sinh
/root/miniconda3/envs/apolarity/lib/python3.11/site-packages/torch/nn/modules/module.py:1310: UserWarning: Complex modules are a new feature under active development whose design may change, and some modules might not work as expected when using complex tensors as parameters or buffers. Please file an issue at https://github.com/pytorch/pytorch/issues/new?template=bug-report.yml if a complex module does not work as expected.
  warnings.warn(
[done] sinh steps=37 ms/step=840.52 L2=0.181371
[ok] wrote experiments/results/poly_shared_weight_power_grid/o6/grid30/point_156_history.json  (2 traces)

[ok] wrote experiments/results/poly_shared_weight_power_grid/o6/grid30/point_156
[start] point_157 weights=(1.0, 0.01, 1.0) seconds=30
device=cuda order=6 methods=('vanilla', 'sinh') bc_weights=1,0.01,1 seconds=30.0
[run] vanilla
[done] vanilla steps=35 ms/step=881.36 L2=0.9976
[run] sinh
/root/miniconda3/envs/apolarity/lib/python3.11/site-packages/torch/nn/modules/module.py:1310: UserWarning: Complex modules are a new feature under active development whose design may change, and some modules might not work as expected when using complex tensors as parameters or buffers. Please file an issue at https://github.com/pytorch/pytorch/issues/new?template=bug-report.yml if a complex module does not work as expected.
  warnings.warn(
[done] sinh steps=37 ms/step=841.34 L2=0.190388
[ok] wrote experiments/results/poly_shared_weight_power_grid/o6/grid30/point_157_history.json  (2 traces)

[ok] wrote experiments/results/poly_shared_weight_power_grid/o6/grid30/point_157
[start] point_158 weights=(1.0, 0.01, 10.0) seconds=30
device=cuda order=6 methods=('vanilla', 'sinh') bc_weights=1,0.01,10 seconds=30.0
[run] vanilla
[done] vanilla steps=35 ms/step=879.15 L2=0.99761
[run] sinh
/root/miniconda3/envs/apolarity/lib/python3.11/site-packages/torch/nn/modules/module.py:1310: UserWarning: Complex modules are a new feature under active development whose design may change, and some modules might not work as expected when using complex tensors as parameters or buffers. Please file an issue at https://github.com/pytorch/pytorch/issues/new?template=bug-report.yml if a complex module does not work as expected.
  warnings.warn(
[done] sinh steps=37 ms/step=840.66 L2=0.158634
[ok] wrote experiments/results/poly_shared_weight_power_grid/o6/grid30/point_158_history.json  (2 traces)

[ok] wrote experiments/results/poly_shared_weight_power_grid/o6/grid30/point_158
[start] point_159 weights=(1.0, 0.01, 100.0) seconds=30
device=cuda order=6 methods=('vanilla', 'sinh') bc_weights=1,0.01,100 seconds=30.0
[run] vanilla
[done] vanilla steps=35 ms/step=871.08 L2=0.997724
[run] sinh
/root/miniconda3/envs/apolarity/lib/python3.11/site-packages/torch/nn/modules/module.py:1310: UserWarning: Complex modules are a new feature under active development whose design may change, and some modules might not work as expected when using complex tensors as parameters or buffers. Please file an issue at https://github.com/pytorch/pytorch/issues/new?template=bug-report.yml if a complex module does not work as expected.
  warnings.warn(
[done] sinh steps=37 ms/step=840.87 L2=0.125409
[ok] wrote experiments/results/poly_shared_weight_power_grid/o6/grid30/point_159_history.json  (2 traces)

[ok] wrote experiments/results/poly_shared_weight_power_grid/o6/grid30/point_159
[start] point_160 weights=(1.0, 0.01, 1000.0) seconds=30
device=cuda order=6 methods=('vanilla', 'sinh') bc_weights=1,0.01,1000 seconds=30.0
[run] vanilla
[done] vanilla steps=35 ms/step=874.65 L2=0.998542
[run] sinh
/root/miniconda3/envs/apolarity/lib/python3.11/site-packages/torch/nn/modules/module.py:1310: UserWarning: Complex modules are a new feature under active development whose design may change, and some modules might not work as expected when using complex tensors as parameters or buffers. Please file an issue at https://github.com/pytorch/pytorch/issues/new?template=bug-report.yml if a complex module does not work as expected.
  warnings.warn(
[done] sinh steps=37 ms/step=840.86 L2=0.949579
[ok] wrote experiments/results/poly_shared_weight_power_grid/o6/grid30/point_160_history.json  (2 traces)

[ok] wrote experiments/results/poly_shared_weight_power_grid/o6/grid30/point_160
[start] point_161 weights=(1.0, 0.1, 0.001) seconds=30
device=cuda order=6 methods=('vanilla', 'sinh') bc_weights=1,0.1,0.001 seconds=30.0
[run] vanilla
[done] vanilla steps=35 ms/step=868.46 L2=0.997591
[run] sinh
/root/miniconda3/envs/apolarity/lib/python3.11/site-packages/torch/nn/modules/module.py:1310: UserWarning: Complex modules are a new feature under active development whose design may change, and some modules might not work as expected when using complex tensors as parameters or buffers. Please file an issue at https://github.com/pytorch/pytorch/issues/new?template=bug-report.yml if a complex module does not work as expected.
  warnings.warn(
[done] sinh steps=37 ms/step=840.13 L2=0.190699
[ok] wrote experiments/results/poly_shared_weight_power_grid/o6/grid30/point_161_history.json  (2 traces)

[ok] wrote experiments/results/poly_shared_weight_power_grid/o6/grid30/point_161
[start] point_162 weights=(1.0, 0.1, 0.01) seconds=30
device=cuda order=6 methods=('vanilla', 'sinh') bc_weights=1,0.1,0.01 seconds=30.0
[run] vanilla
[done] vanilla steps=35 ms/step=868.49 L2=0.997591
[run] sinh
/root/miniconda3/envs/apolarity/lib/python3.11/site-packages/torch/nn/modules/module.py:1310: UserWarning: Complex modules are a new feature under active development whose design may change, and some modules might not work as expected when using complex tensors as parameters or buffers. Please file an issue at https://github.com/pytorch/pytorch/issues/new?template=bug-report.yml if a complex module does not work as expected.
  warnings.warn(
[done] sinh steps=37 ms/step=840.28 L2=0.193102
[ok] wrote experiments/results/poly_shared_weight_power_grid/o6/grid30/point_162_history.json  (2 traces)

[ok] wrote experiments/results/poly_shared_weight_power_grid/o6/grid30/point_162
[start] point_163 weights=(1.0, 0.1, 0.1) seconds=30
device=cuda order=6 methods=('vanilla', 'sinh') bc_weights=1,0.1,0.1 seconds=30.0
[run] vanilla
[done] vanilla steps=35 ms/step=879.19 L2=0.997599
[run] sinh
/root/miniconda3/envs/apolarity/lib/python3.11/site-packages/torch/nn/modules/module.py:1310: UserWarning: Complex modules are a new feature under active development whose design may change, and some modules might not work as expected when using complex tensors as parameters or buffers. Please file an issue at https://github.com/pytorch/pytorch/issues/new?template=bug-report.yml if a complex module does not work as expected.
  warnings.warn(
[done] sinh steps=37 ms/step=841.40 L2=0.210455
[ok] wrote experiments/results/poly_shared_weight_power_grid/o6/grid30/point_163_history.json  (2 traces)

[ok] wrote experiments/results/poly_shared_weight_power_grid/o6/grid30/point_163
[start] point_164 weights=(1.0, 0.1, 1.0) seconds=30
device=cuda order=6 methods=('vanilla', 'sinh') bc_weights=1,0.1,1 seconds=30.0
[run] vanilla
[done] vanilla steps=35 ms/step=877.84 L2=0.997599
[run] sinh
/root/miniconda3/envs/apolarity/lib/python3.11/site-packages/torch/nn/modules/module.py:1310: UserWarning: Complex modules are a new feature under active development whose design may change, and some modules might not work as expected when using complex tensors as parameters or buffers. Please file an issue at https://github.com/pytorch/pytorch/issues/new?template=bug-report.yml if a complex module does not work as expected.
  warnings.warn(
[done] sinh steps=37 ms/step=841.10 L2=0.196757
[ok] wrote experiments/results/poly_shared_weight_power_grid/o6/grid30/point_164_history.json  (2 traces)

[ok] wrote experiments/results/poly_shared_weight_power_grid/o6/grid30/point_164
[start] point_165 weights=(1.0, 0.1, 10.0) seconds=30
device=cuda order=6 methods=('vanilla', 'sinh') bc_weights=1,0.1,10 seconds=30.0
[run] vanilla
[done] vanilla steps=35 ms/step=878.70 L2=0.997613
[run] sinh
/root/miniconda3/envs/apolarity/lib/python3.11/site-packages/torch/nn/modules/module.py:1310: UserWarning: Complex modules are a new feature under active development whose design may change, and some modules might not work as expected when using complex tensors as parameters or buffers. Please file an issue at https://github.com/pytorch/pytorch/issues/new?template=bug-report.yml if a complex module does not work as expected.
  warnings.warn(
[done] sinh steps=37 ms/step=840.85 L2=0.164136
[ok] wrote experiments/results/poly_shared_weight_power_grid/o6/grid30/point_165_history.json  (2 traces)

[ok] wrote experiments/results/poly_shared_weight_power_grid/o6/grid30/point_165
[start] point_166 weights=(1.0, 0.1, 100.0) seconds=30
device=cuda order=6 methods=('vanilla', 'sinh') bc_weights=1,0.1,100 seconds=30.0
[run] vanilla
[done] vanilla steps=35 ms/step=881.33 L2=0.997735
[run] sinh
/root/miniconda3/envs/apolarity/lib/python3.11/site-packages/torch/nn/modules/module.py:1310: UserWarning: Complex modules are a new feature under active development whose design may change, and some modules might not work as expected when using complex tensors as parameters or buffers. Please file an issue at https://github.com/pytorch/pytorch/issues/new?template=bug-report.yml if a complex module does not work as expected.
  warnings.warn(
[done] sinh steps=37 ms/step=841.46 L2=0.121247
[ok] wrote experiments/results/poly_shared_weight_power_grid/o6/grid30/point_166_history.json  (2 traces)

[ok] wrote experiments/results/poly_shared_weight_power_grid/o6/grid30/point_166
[start] point_167 weights=(1.0, 0.1, 1000.0) seconds=30
device=cuda order=6 methods=('vanilla', 'sinh') bc_weights=1,0.1,1000 seconds=30.0
[run] vanilla
[done] vanilla steps=35 ms/step=869.01 L2=0.998542
[run] sinh
/root/miniconda3/envs/apolarity/lib/python3.11/site-packages/torch/nn/modules/module.py:1310: UserWarning: Complex modules are a new feature under active development whose design may change, and some modules might not work as expected when using complex tensors as parameters or buffers. Please file an issue at https://github.com/pytorch/pytorch/issues/new?template=bug-report.yml if a complex module does not work as expected.
  warnings.warn(
[done] sinh steps=37 ms/step=840.27 L2=0.949544
[ok] wrote experiments/results/poly_shared_weight_power_grid/o6/grid30/point_167_history.json  (2 traces)

[ok] wrote experiments/results/poly_shared_weight_power_grid/o6/grid30/point_167
[start] point_168 weights=(1.0, 1.0, 0.001) seconds=30
device=cuda order=6 methods=('vanilla', 'sinh') bc_weights=1,1,0.001 seconds=30.0
[run] vanilla
[done] vanilla steps=35 ms/step=870.37 L2=0.997619
[run] sinh
/root/miniconda3/envs/apolarity/lib/python3.11/site-packages/torch/nn/modules/module.py:1310: UserWarning: Complex modules are a new feature under active development whose design may change, and some modules might not work as expected when using complex tensors as parameters or buffers. Please file an issue at https://github.com/pytorch/pytorch/issues/new?template=bug-report.yml if a complex module does not work as expected.
  warnings.warn(
[done] sinh steps=37 ms/step=839.93 L2=0.204682
[ok] wrote experiments/results/poly_shared_weight_power_grid/o6/grid30/point_168_history.json  (2 traces)

[ok] wrote experiments/results/poly_shared_weight_power_grid/o6/grid30/point_168
[start] point_169 weights=(1.0, 1.0, 0.01) seconds=30
device=cuda order=6 methods=('vanilla', 'sinh') bc_weights=1,1,0.01 seconds=30.0
[run] vanilla
[done] vanilla steps=35 ms/step=882.08 L2=0.997628
[run] sinh
/root/miniconda3/envs/apolarity/lib/python3.11/site-packages/torch/nn/modules/module.py:1310: UserWarning: Complex modules are a new feature under active development whose design may change, and some modules might not work as expected when using complex tensors as parameters or buffers. Please file an issue at https://github.com/pytorch/pytorch/issues/new?template=bug-report.yml if a complex module does not work as expected.
  warnings.warn(
[done] sinh steps=37 ms/step=841.31 L2=0.20456
[ok] wrote experiments/results/poly_shared_weight_power_grid/o6/grid30/point_169_history.json  (2 traces)

[ok] wrote experiments/results/poly_shared_weight_power_grid/o6/grid30/point_169
[start] point_170 weights=(1.0, 1.0, 0.1) seconds=30
device=cuda order=6 methods=('vanilla', 'sinh') bc_weights=1,1,0.1 seconds=30.0
[run] vanilla
[done] vanilla steps=35 ms/step=871.86 L2=0.99762
[run] sinh
/root/miniconda3/envs/apolarity/lib/python3.11/site-packages/torch/nn/modules/module.py:1310: UserWarning: Complex modules are a new feature under active development whose design may change, and some modules might not work as expected when using complex tensors as parameters or buffers. Please file an issue at https://github.com/pytorch/pytorch/issues/new?template=bug-report.yml if a complex module does not work as expected.
  warnings.warn(
[done] sinh steps=37 ms/step=840.09 L2=0.200536
[ok] wrote experiments/results/poly_shared_weight_power_grid/o6/grid30/point_170_history.json  (2 traces)

[ok] wrote experiments/results/poly_shared_weight_power_grid/o6/grid30/point_170
[start] point_171 weights=(1.0, 1.0, 1.0) seconds=30
device=cuda order=6 methods=('vanilla', 'sinh') bc_weights=1,1,1 seconds=30.0
[run] vanilla
[done] vanilla steps=35 ms/step=866.89 L2=0.997618
[run] sinh
/root/miniconda3/envs/apolarity/lib/python3.11/site-packages/torch/nn/modules/module.py:1310: UserWarning: Complex modules are a new feature under active development whose design may change, and some modules might not work as expected when using complex tensors as parameters or buffers. Please file an issue at https://github.com/pytorch/pytorch/issues/new?template=bug-report.yml if a complex module does not work as expected.
  warnings.warn(
[done] sinh steps=37 ms/step=839.84 L2=0.175997
[ok] wrote experiments/results/poly_shared_weight_power_grid/o6/grid30/point_171_history.json  (2 traces)

[ok] wrote experiments/results/poly_shared_weight_power_grid/o6/grid30/point_171
[start] point_172 weights=(1.0, 1.0, 10.0) seconds=30
device=cuda order=6 methods=('vanilla', 'sinh') bc_weights=1,1,10 seconds=30.0
[run] vanilla
[done] vanilla steps=35 ms/step=877.47 L2=0.997639
[run] sinh
/root/miniconda3/envs/apolarity/lib/python3.11/site-packages/torch/nn/modules/module.py:1310: UserWarning: Complex modules are a new feature under active development whose design may change, and some modules might not work as expected when using complex tensors as parameters or buffers. Please file an issue at https://github.com/pytorch/pytorch/issues/new?template=bug-report.yml if a complex module does not work as expected.
  warnings.warn(
[done] sinh steps=37 ms/step=841.54 L2=0.182673
[ok] wrote experiments/results/poly_shared_weight_power_grid/o6/grid30/point_172_history.json  (2 traces)

[ok] wrote experiments/results/poly_shared_weight_power_grid/o6/grid30/point_172
[start] point_173 weights=(1.0, 1.0, 100.0) seconds=30
device=cuda order=6 methods=('vanilla', 'sinh') bc_weights=1,1,100 seconds=30.0
[run] vanilla
[done] vanilla steps=35 ms/step=868.43 L2=0.997751
[run] sinh
/root/miniconda3/envs/apolarity/lib/python3.11/site-packages/torch/nn/modules/module.py:1310: UserWarning: Complex modules are a new feature under active development whose design may change, and some modules might not work as expected when using complex tensors as parameters or buffers. Please file an issue at https://github.com/pytorch/pytorch/issues/new?template=bug-report.yml if a complex module does not work as expected.
  warnings.warn(
[done] sinh steps=37 ms/step=839.79 L2=0.0867779
[ok] wrote experiments/results/poly_shared_weight_power_grid/o6/grid30/point_173_history.json  (2 traces)

[ok] wrote experiments/results/poly_shared_weight_power_grid/o6/grid30/point_173
[start] point_174 weights=(1.0, 1.0, 1000.0) seconds=30
device=cuda order=6 methods=('vanilla', 'sinh') bc_weights=1,1,1000 seconds=30.0
[run] vanilla
[done] vanilla steps=35 ms/step=877.57 L2=0.998556
[run] sinh
/root/miniconda3/envs/apolarity/lib/python3.11/site-packages/torch/nn/modules/module.py:1310: UserWarning: Complex modules are a new feature under active development whose design may change, and some modules might not work as expected when using complex tensors as parameters or buffers. Please file an issue at https://github.com/pytorch/pytorch/issues/new?template=bug-report.yml if a complex module does not work as expected.
  warnings.warn(
[done] sinh steps=37 ms/step=841.12 L2=0.949765
[ok] wrote experiments/results/poly_shared_weight_power_grid/o6/grid30/point_174_history.json  (2 traces)

[ok] wrote experiments/results/poly_shared_weight_power_grid/o6/grid30/point_174
[start] point_175 weights=(1.0, 10.0, 0.001) seconds=30
device=cuda order=6 methods=('vanilla', 'sinh') bc_weights=1,10,0.001 seconds=30.0
[run] vanilla
[done] vanilla steps=35 ms/step=869.93 L2=0.997861
[run] sinh
/root/miniconda3/envs/apolarity/lib/python3.11/site-packages/torch/nn/modules/module.py:1310: UserWarning: Complex modules are a new feature under active development whose design may change, and some modules might not work as expected when using complex tensors as parameters or buffers. Please file an issue at https://github.com/pytorch/pytorch/issues/new?template=bug-report.yml if a complex module does not work as expected.
  warnings.warn(
[done] sinh steps=37 ms/step=840.41 L2=0.17761
[ok] wrote experiments/results/poly_shared_weight_power_grid/o6/grid30/point_175_history.json  (2 traces)

[ok] wrote experiments/results/poly_shared_weight_power_grid/o6/grid30/point_175
[start] point_176 weights=(1.0, 10.0, 0.01) seconds=30
device=cuda order=6 methods=('vanilla', 'sinh') bc_weights=1,10,0.01 seconds=30.0
[run] vanilla
[done] vanilla steps=35 ms/step=868.16 L2=0.99786
[run] sinh
/root/miniconda3/envs/apolarity/lib/python3.11/site-packages/torch/nn/modules/module.py:1310: UserWarning: Complex modules are a new feature under active development whose design may change, and some modules might not work as expected when using complex tensors as parameters or buffers. Please file an issue at https://github.com/pytorch/pytorch/issues/new?template=bug-report.yml if a complex module does not work as expected.
  warnings.warn(
[done] sinh steps=37 ms/step=840.11 L2=0.177365
[ok] wrote experiments/results/poly_shared_weight_power_grid/o6/grid30/point_176_history.json  (2 traces)

[ok] wrote experiments/results/poly_shared_weight_power_grid/o6/grid30/point_176
[start] point_177 weights=(1.0, 10.0, 0.1) seconds=30
device=cuda order=6 methods=('vanilla', 'sinh') bc_weights=1,10,0.1 seconds=30.0
[run] vanilla
[done] vanilla steps=35 ms/step=869.67 L2=0.997862
[run] sinh
/root/miniconda3/envs/apolarity/lib/python3.11/site-packages/torch/nn/modules/module.py:1310: UserWarning: Complex modules are a new feature under active development whose design may change, and some modules might not work as expected when using complex tensors as parameters or buffers. Please file an issue at https://github.com/pytorch/pytorch/issues/new?template=bug-report.yml if a complex module does not work as expected.
  warnings.warn(
[done] sinh steps=37 ms/step=840.41 L2=0.174566
[ok] wrote experiments/results/poly_shared_weight_power_grid/o6/grid30/point_177_history.json  (2 traces)

[ok] wrote experiments/results/poly_shared_weight_power_grid/o6/grid30/point_177
[start] point_178 weights=(1.0, 10.0, 1.0) seconds=30
device=cuda order=6 methods=('vanilla', 'sinh') bc_weights=1,10,1 seconds=30.0
[run] vanilla
[done] vanilla steps=35 ms/step=868.91 L2=0.997862
[run] sinh
/root/miniconda3/envs/apolarity/lib/python3.11/site-packages/torch/nn/modules/module.py:1310: UserWarning: Complex modules are a new feature under active development whose design may change, and some modules might not work as expected when using complex tensors as parameters or buffers. Please file an issue at https://github.com/pytorch/pytorch/issues/new?template=bug-report.yml if a complex module does not work as expected.
  warnings.warn(
[done] sinh steps=37 ms/step=840.21 L2=0.162592
[ok] wrote experiments/results/poly_shared_weight_power_grid/o6/grid30/point_178_history.json  (2 traces)

[ok] wrote experiments/results/poly_shared_weight_power_grid/o6/grid30/point_178
[start] point_179 weights=(1.0, 10.0, 10.0) seconds=30
device=cuda order=6 methods=('vanilla', 'sinh') bc_weights=1,10,10 seconds=30.0
[run] vanilla
[done] vanilla steps=35 ms/step=868.09 L2=0.997872
[run] sinh
/root/miniconda3/envs/apolarity/lib/python3.11/site-packages/torch/nn/modules/module.py:1310: UserWarning: Complex modules are a new feature under active development whose design may change, and some modules might not work as expected when using complex tensors as parameters or buffers. Please file an issue at https://github.com/pytorch/pytorch/issues/new?template=bug-report.yml if a complex module does not work as expected.
  warnings.warn(
[done] sinh steps=37 ms/step=840.38 L2=0.146823
[ok] wrote experiments/results/poly_shared_weight_power_grid/o6/grid30/point_179_history.json  (2 traces)

[ok] wrote experiments/results/poly_shared_weight_power_grid/o6/grid30/point_179
[start] point_180 weights=(1.0, 10.0, 100.0) seconds=30
device=cuda order=6 methods=('vanilla', 'sinh') bc_weights=1,10,100 seconds=30.0
[run] vanilla
[done] vanilla steps=35 ms/step=879.03 L2=0.99798
[run] sinh
/root/miniconda3/envs/apolarity/lib/python3.11/site-packages/torch/nn/modules/module.py:1310: UserWarning: Complex modules are a new feature under active development whose design may change, and some modules might not work as expected when using complex tensors as parameters or buffers. Please file an issue at https://github.com/pytorch/pytorch/issues/new?template=bug-report.yml if a complex module does not work as expected.
  warnings.warn(
[done] sinh steps=37 ms/step=840.89 L2=0.0817791
[ok] wrote experiments/results/poly_shared_weight_power_grid/o6/grid30/point_180_history.json  (2 traces)

[ok] wrote experiments/results/poly_shared_weight_power_grid/o6/grid30/point_180
[start] point_181 weights=(1.0, 10.0, 1000.0) seconds=30
device=cuda order=6 methods=('vanilla', 'sinh') bc_weights=1,10,1000 seconds=30.0
[run] vanilla
[done] vanilla steps=35 ms/step=875.02 L2=0.998653
[run] sinh
/root/miniconda3/envs/apolarity/lib/python3.11/site-packages/torch/nn/modules/module.py:1310: UserWarning: Complex modules are a new feature under active development whose design may change, and some modules might not work as expected when using complex tensors as parameters or buffers. Please file an issue at https://github.com/pytorch/pytorch/issues/new?template=bug-report.yml if a complex module does not work as expected.
  warnings.warn(
[done] sinh steps=37 ms/step=840.64 L2=0.95116
[ok] wrote experiments/results/poly_shared_weight_power_grid/o6/grid30/point_181_history.json  (2 traces)

[ok] wrote experiments/results/poly_shared_weight_power_grid/o6/grid30/point_181
[start] point_182 weights=(1.0, 100.0, 0.001) seconds=30
device=cuda order=6 methods=('vanilla', 'sinh') bc_weights=1,100,0.001 seconds=30.0
[run] vanilla
[done] vanilla steps=35 ms/step=879.24 L2=0.998824
[run] sinh
/root/miniconda3/envs/apolarity/lib/python3.11/site-packages/torch/nn/modules/module.py:1310: UserWarning: Complex modules are a new feature under active development whose design may change, and some modules might not work as expected when using complex tensors as parameters or buffers. Please file an issue at https://github.com/pytorch/pytorch/issues/new?template=bug-report.yml if a complex module does not work as expected.
  warnings.warn(
[done] sinh steps=37 ms/step=840.83 L2=0.356524
[ok] wrote experiments/results/poly_shared_weight_power_grid/o6/grid30/point_182_history.json  (2 traces)

[ok] wrote experiments/results/poly_shared_weight_power_grid/o6/grid30/point_182
[start] point_183 weights=(1.0, 100.0, 0.01) seconds=30
device=cuda order=6 methods=('vanilla', 'sinh') bc_weights=1,100,0.01 seconds=30.0
[run] vanilla
[done] vanilla steps=35 ms/step=864.89 L2=0.998816
[run] sinh
/root/miniconda3/envs/apolarity/lib/python3.11/site-packages/torch/nn/modules/module.py:1310: UserWarning: Complex modules are a new feature under active development whose design may change, and some modules might not work as expected when using complex tensors as parameters or buffers. Please file an issue at https://github.com/pytorch/pytorch/issues/new?template=bug-report.yml if a complex module does not work as expected.
  warnings.warn(
[done] sinh steps=37 ms/step=840.20 L2=0.355904
[ok] wrote experiments/results/poly_shared_weight_power_grid/o6/grid30/point_183_history.json  (2 traces)

[ok] wrote experiments/results/poly_shared_weight_power_grid/o6/grid30/point_183
[start] point_184 weights=(1.0, 100.0, 0.1) seconds=30
device=cuda order=6 methods=('vanilla', 'sinh') bc_weights=1,100,0.1 seconds=30.0
[run] vanilla
[done] vanilla steps=35 ms/step=868.67 L2=0.998818
[run] sinh
/root/miniconda3/envs/apolarity/lib/python3.11/site-packages/torch/nn/modules/module.py:1310: UserWarning: Complex modules are a new feature under active development whose design may change, and some modules might not work as expected when using complex tensors as parameters or buffers. Please file an issue at https://github.com/pytorch/pytorch/issues/new?template=bug-report.yml if a complex module does not work as expected.
  warnings.warn(
[done] sinh steps=37 ms/step=840.14 L2=0.359196
[ok] wrote experiments/results/poly_shared_weight_power_grid/o6/grid30/point_184_history.json  (2 traces)

[ok] wrote experiments/results/poly_shared_weight_power_grid/o6/grid30/point_184
[start] point_185 weights=(1.0, 100.0, 1.0) seconds=30
device=cuda order=6 methods=('vanilla', 'sinh') bc_weights=1,100,1 seconds=30.0
[run] vanilla
[done] vanilla steps=35 ms/step=870.32 L2=0.998819
[run] sinh
/root/miniconda3/envs/apolarity/lib/python3.11/site-packages/torch/nn/modules/module.py:1310: UserWarning: Complex modules are a new feature under active development whose design may change, and some modules might not work as expected when using complex tensors as parameters or buffers. Please file an issue at https://github.com/pytorch/pytorch/issues/new?template=bug-report.yml if a complex module does not work as expected.
  warnings.warn(
[done] sinh steps=37 ms/step=840.59 L2=0.387149
[ok] wrote experiments/results/poly_shared_weight_power_grid/o6/grid30/point_185_history.json  (2 traces)

[ok] wrote experiments/results/poly_shared_weight_power_grid/o6/grid30/point_185
[start] point_186 weights=(1.0, 100.0, 10.0) seconds=30
device=cuda order=6 methods=('vanilla', 'sinh') bc_weights=1,100,10 seconds=30.0
[run] vanilla
[done] vanilla steps=35 ms/step=868.15 L2=0.99882
[run] sinh
/root/miniconda3/envs/apolarity/lib/python3.11/site-packages/torch/nn/modules/module.py:1310: UserWarning: Complex modules are a new feature under active development whose design may change, and some modules might not work as expected when using complex tensors as parameters or buffers. Please file an issue at https://github.com/pytorch/pytorch/issues/new?template=bug-report.yml if a complex module does not work as expected.
  warnings.warn(
[done] sinh steps=37 ms/step=840.04 L2=0.532561
[ok] wrote experiments/results/poly_shared_weight_power_grid/o6/grid30/point_186_history.json  (2 traces)

[ok] wrote experiments/results/poly_shared_weight_power_grid/o6/grid30/point_186
[start] point_187 weights=(1.0, 100.0, 100.0) seconds=30
device=cuda order=6 methods=('vanilla', 'sinh') bc_weights=1,100,100 seconds=30.0
[run] vanilla
[done] vanilla steps=35 ms/step=871.58 L2=0.998836
[run] sinh
/root/miniconda3/envs/apolarity/lib/python3.11/site-packages/torch/nn/modules/module.py:1310: UserWarning: Complex modules are a new feature under active development whose design may change, and some modules might not work as expected when using complex tensors as parameters or buffers. Please file an issue at https://github.com/pytorch/pytorch/issues/new?template=bug-report.yml if a complex module does not work as expected.
  warnings.warn(
[done] sinh steps=37 ms/step=840.28 L2=0.79521
[ok] wrote experiments/results/poly_shared_weight_power_grid/o6/grid30/point_187_history.json  (2 traces)

[ok] wrote experiments/results/poly_shared_weight_power_grid/o6/grid30/point_187
[start] point_188 weights=(1.0, 100.0, 1000.0) seconds=30
device=cuda order=6 methods=('vanilla', 'sinh') bc_weights=1,100,1000 seconds=30.0
[run] vanilla
[done] vanilla steps=34 ms/step=883.57 L2=0.998944
[run] sinh
/root/miniconda3/envs/apolarity/lib/python3.11/site-packages/torch/nn/modules/module.py:1310: UserWarning: Complex modules are a new feature under active development whose design may change, and some modules might not work as expected when using complex tensors as parameters or buffers. Please file an issue at https://github.com/pytorch/pytorch/issues/new?template=bug-report.yml if a complex module does not work as expected.
  warnings.warn(
[done] sinh steps=37 ms/step=840.82 L2=0.958139
[ok] wrote experiments/results/poly_shared_weight_power_grid/o6/grid30/point_188_history.json  (2 traces)

[ok] wrote experiments/results/poly_shared_weight_power_grid/o6/grid30/point_188
[start] point_189 weights=(1.0, 1000.0, 0.001) seconds=30
device=cuda order=6 methods=('vanilla', 'sinh') bc_weights=1,1000,0.001 seconds=30.0
[run] vanilla
[done] vanilla steps=35 ms/step=872.63 L2=1.00051
[run] sinh
/root/miniconda3/envs/apolarity/lib/python3.11/site-packages/torch/nn/modules/module.py:1310: UserWarning: Complex modules are a new feature under active development whose design may change, and some modules might not work as expected when using complex tensors as parameters or buffers. Please file an issue at https://github.com/pytorch/pytorch/issues/new?template=bug-report.yml if a complex module does not work as expected.
  warnings.warn(
[done] sinh steps=37 ms/step=840.41 L2=0.984717
[ok] wrote experiments/results/poly_shared_weight_power_grid/o6/grid30/point_189_history.json  (2 traces)

[ok] wrote experiments/results/poly_shared_weight_power_grid/o6/grid30/point_189
[start] point_190 weights=(1.0, 1000.0, 0.01) seconds=30
device=cuda order=6 methods=('vanilla', 'sinh') bc_weights=1,1000,0.01 seconds=30.0
[run] vanilla
[done] vanilla steps=35 ms/step=871.34 L2=1.00051
[run] sinh
/root/miniconda3/envs/apolarity/lib/python3.11/site-packages/torch/nn/modules/module.py:1310: UserWarning: Complex modules are a new feature under active development whose design may change, and some modules might not work as expected when using complex tensors as parameters or buffers. Please file an issue at https://github.com/pytorch/pytorch/issues/new?template=bug-report.yml if a complex module does not work as expected.
  warnings.warn(
[done] sinh steps=37 ms/step=840.55 L2=0.984726
[ok] wrote experiments/results/poly_shared_weight_power_grid/o6/grid30/point_190_history.json  (2 traces)

[ok] wrote experiments/results/poly_shared_weight_power_grid/o6/grid30/point_190
[start] point_191 weights=(1.0, 1000.0, 0.1) seconds=30
device=cuda order=6 methods=('vanilla', 'sinh') bc_weights=1,1000,0.1 seconds=30.0
[run] vanilla
[done] vanilla steps=35 ms/step=871.98 L2=1.00051
[run] sinh
/root/miniconda3/envs/apolarity/lib/python3.11/site-packages/torch/nn/modules/module.py:1310: UserWarning: Complex modules are a new feature under active development whose design may change, and some modules might not work as expected when using complex tensors as parameters or buffers. Please file an issue at https://github.com/pytorch/pytorch/issues/new?template=bug-report.yml if a complex module does not work as expected.
  warnings.warn(
[done] sinh steps=37 ms/step=840.83 L2=0.984741
[ok] wrote experiments/results/poly_shared_weight_power_grid/o6/grid30/point_191_history.json  (2 traces)

[ok] wrote experiments/results/poly_shared_weight_power_grid/o6/grid30/point_191
[start] point_192 weights=(1.0, 1000.0, 1.0) seconds=30
device=cuda order=6 methods=('vanilla', 'sinh') bc_weights=1,1000,1 seconds=30.0
[run] vanilla
[done] vanilla steps=35 ms/step=880.82 L2=1.00053
[run] sinh
/root/miniconda3/envs/apolarity/lib/python3.11/site-packages/torch/nn/modules/module.py:1310: UserWarning: Complex modules are a new feature under active development whose design may change, and some modules might not work as expected when using complex tensors as parameters or buffers. Please file an issue at https://github.com/pytorch/pytorch/issues/new?template=bug-report.yml if a complex module does not work as expected.
  warnings.warn(
[done] sinh steps=37 ms/step=841.48 L2=0.984742
[ok] wrote experiments/results/poly_shared_weight_power_grid/o6/grid30/point_192_history.json  (2 traces)

[ok] wrote experiments/results/poly_shared_weight_power_grid/o6/grid30/point_192
[start] point_193 weights=(1.0, 1000.0, 10.0) seconds=30
device=cuda order=6 methods=('vanilla', 'sinh') bc_weights=1,1000,10 seconds=30.0
[run] vanilla
[done] vanilla steps=35 ms/step=865.78 L2=1.00049
[run] sinh
/root/miniconda3/envs/apolarity/lib/python3.11/site-packages/torch/nn/modules/module.py:1310: UserWarning: Complex modules are a new feature under active development whose design may change, and some modules might not work as expected when using complex tensors as parameters or buffers. Please file an issue at https://github.com/pytorch/pytorch/issues/new?template=bug-report.yml if a complex module does not work as expected.
  warnings.warn(
[done] sinh steps=37 ms/step=839.97 L2=0.98476
[ok] wrote experiments/results/poly_shared_weight_power_grid/o6/grid30/point_193_history.json  (2 traces)

[ok] wrote experiments/results/poly_shared_weight_power_grid/o6/grid30/point_193
[start] point_194 weights=(1.0, 1000.0, 100.0) seconds=30
device=cuda order=6 methods=('vanilla', 'sinh') bc_weights=1,1000,100 seconds=30.0
[run] vanilla
[done] vanilla steps=35 ms/step=875.09 L2=1.00051
[run] sinh
/root/miniconda3/envs/apolarity/lib/python3.11/site-packages/torch/nn/modules/module.py:1310: UserWarning: Complex modules are a new feature under active development whose design may change, and some modules might not work as expected when using complex tensors as parameters or buffers. Please file an issue at https://github.com/pytorch/pytorch/issues/new?template=bug-report.yml if a complex module does not work as expected.
  warnings.warn(
[done] sinh steps=37 ms/step=841.79 L2=0.986341
[ok] wrote experiments/results/poly_shared_weight_power_grid/o6/grid30/point_194_history.json  (2 traces)

[ok] wrote experiments/results/poly_shared_weight_power_grid/o6/grid30/point_194
[start] point_195 weights=(1.0, 1000.0, 1000.0) seconds=30
device=cuda order=6 methods=('vanilla', 'sinh') bc_weights=1,1000,1000 seconds=30.0
[run] vanilla
[done] vanilla steps=34 ms/step=891.53 L2=1.00055
[run] sinh
/root/miniconda3/envs/apolarity/lib/python3.11/site-packages/torch/nn/modules/module.py:1310: UserWarning: Complex modules are a new feature under active development whose design may change, and some modules might not work as expected when using complex tensors as parameters or buffers. Please file an issue at https://github.com/pytorch/pytorch/issues/new?template=bug-report.yml if a complex module does not work as expected.
  warnings.warn(
[done] sinh steps=37 ms/step=841.65 L2=0.990615
[ok] wrote experiments/results/poly_shared_weight_power_grid/o6/grid30/point_195_history.json  (2 traces)

[ok] wrote experiments/results/poly_shared_weight_power_grid/o6/grid30/point_195
[start] point_196 weights=(10.0, 0.001, 0.001) seconds=30
device=cuda order=6 methods=('vanilla', 'sinh') bc_weights=10,0.001,0.001 seconds=30.0
[run] vanilla
[done] vanilla steps=35 ms/step=869.04 L2=0.999679
[run] sinh
/root/miniconda3/envs/apolarity/lib/python3.11/site-packages/torch/nn/modules/module.py:1310: UserWarning: Complex modules are a new feature under active development whose design may change, and some modules might not work as expected when using complex tensors as parameters or buffers. Please file an issue at https://github.com/pytorch/pytorch/issues/new?template=bug-report.yml if a complex module does not work as expected.
  warnings.warn(
[done] sinh steps=37 ms/step=840.25 L2=0.184433
[ok] wrote experiments/results/poly_shared_weight_power_grid/o6/grid30/point_196_history.json  (2 traces)

[ok] wrote experiments/results/poly_shared_weight_power_grid/o6/grid30/point_196
[start] point_197 weights=(10.0, 0.001, 0.01) seconds=30
device=cuda order=6 methods=('vanilla', 'sinh') bc_weights=10,0.001,0.01 seconds=30.0
[run] vanilla
[done] vanilla steps=35 ms/step=871.16 L2=0.999679
[run] sinh
/root/miniconda3/envs/apolarity/lib/python3.11/site-packages/torch/nn/modules/module.py:1310: UserWarning: Complex modules are a new feature under active development whose design may change, and some modules might not work as expected when using complex tensors as parameters or buffers. Please file an issue at https://github.com/pytorch/pytorch/issues/new?template=bug-report.yml if a complex module does not work as expected.
  warnings.warn(
[done] sinh steps=37 ms/step=840.24 L2=0.184054
[ok] wrote experiments/results/poly_shared_weight_power_grid/o6/grid30/point_197_history.json  (2 traces)

[ok] wrote experiments/results/poly_shared_weight_power_grid/o6/grid30/point_197
[start] point_198 weights=(10.0, 0.001, 0.1) seconds=30
device=cuda order=6 methods=('vanilla', 'sinh') bc_weights=10,0.001,0.1 seconds=30.0
[run] vanilla
[done] vanilla steps=35 ms/step=876.64 L2=0.999678
[run] sinh
/root/miniconda3/envs/apolarity/lib/python3.11/site-packages/torch/nn/modules/module.py:1310: UserWarning: Complex modules are a new feature under active development whose design may change, and some modules might not work as expected when using complex tensors as parameters or buffers. Please file an issue at https://github.com/pytorch/pytorch/issues/new?template=bug-report.yml if a complex module does not work as expected.
  warnings.warn(
[done] sinh steps=37 ms/step=841.78 L2=0.179949
[ok] wrote experiments/results/poly_shared_weight_power_grid/o6/grid30/point_198_history.json  (2 traces)

[ok] wrote experiments/results/poly_shared_weight_power_grid/o6/grid30/point_198
[start] point_199 weights=(10.0, 0.001, 1.0) seconds=30
device=cuda order=6 methods=('vanilla', 'sinh') bc_weights=10,0.001,1 seconds=30.0
[run] vanilla
[done] vanilla steps=35 ms/step=867.45 L2=0.999679
[run] sinh
/root/miniconda3/envs/apolarity/lib/python3.11/site-packages/torch/nn/modules/module.py:1310: UserWarning: Complex modules are a new feature under active development whose design may change, and some modules might not work as expected when using complex tensors as parameters or buffers. Please file an issue at https://github.com/pytorch/pytorch/issues/new?template=bug-report.yml if a complex module does not work as expected.
  warnings.warn(
[done] sinh steps=37 ms/step=839.91 L2=0.153234
[ok] wrote experiments/results/poly_shared_weight_power_grid/o6/grid30/point_199_history.json  (2 traces)

[ok] wrote experiments/results/poly_shared_weight_power_grid/o6/grid30/point_199
[start] point_200 weights=(10.0, 0.001, 10.0) seconds=30
device=cuda order=6 methods=('vanilla', 'sinh') bc_weights=10,0.001,10 seconds=30.0
[run] vanilla
[done] vanilla steps=35 ms/step=881.12 L2=0.999679
[run] sinh
/root/miniconda3/envs/apolarity/lib/python3.11/site-packages/torch/nn/modules/module.py:1310: UserWarning: Complex modules are a new feature under active development whose design may change, and some modules might not work as expected when using complex tensors as parameters or buffers. Please file an issue at https://github.com/pytorch/pytorch/issues/new?template=bug-report.yml if a complex module does not work as expected.
  warnings.warn(
[done] sinh steps=37 ms/step=840.95 L2=0.111597
[ok] wrote experiments/results/poly_shared_weight_power_grid/o6/grid30/point_200_history.json  (2 traces)

[ok] wrote experiments/results/poly_shared_weight_power_grid/o6/grid30/point_200
[start] point_201 weights=(10.0, 0.001, 100.0) seconds=30
device=cuda order=6 methods=('vanilla', 'sinh') bc_weights=10,0.001,100 seconds=30.0
[run] vanilla
[done] vanilla steps=35 ms/step=877.17 L2=0.999683
[run] sinh
/root/miniconda3/envs/apolarity/lib/python3.11/site-packages/torch/nn/modules/module.py:1310: UserWarning: Complex modules are a new feature under active development whose design may change, and some modules might not work as expected when using complex tensors as parameters or buffers. Please file an issue at https://github.com/pytorch/pytorch/issues/new?template=bug-report.yml if a complex module does not work as expected.
  warnings.warn(
[done] sinh steps=37 ms/step=840.68 L2=0.281786
[ok] wrote experiments/results/poly_shared_weight_power_grid/o6/grid30/point_201_history.json  (2 traces)

[ok] wrote experiments/results/poly_shared_weight_power_grid/o6/grid30/point_201
[start] point_202 weights=(10.0, 0.001, 1000.0) seconds=30
device=cuda order=6 methods=('vanilla', 'sinh') bc_weights=10,0.001,1000 seconds=30.0
[run] vanilla
[done] vanilla steps=35 ms/step=879.05 L2=0.999726
[run] sinh
/root/miniconda3/envs/apolarity/lib/python3.11/site-packages/torch/nn/modules/module.py:1310: UserWarning: Complex modules are a new feature under active development whose design may change, and some modules might not work as expected when using complex tensors as parameters or buffers. Please file an issue at https://github.com/pytorch/pytorch/issues/new?template=bug-report.yml if a complex module does not work as expected.
  warnings.warn(
[done] sinh steps=37 ms/step=840.66 L2=0.963747
[ok] wrote experiments/results/poly_shared_weight_power_grid/o6/grid30/point_202_history.json  (2 traces)

[ok] wrote experiments/results/poly_shared_weight_power_grid/o6/grid30/point_202
[start] point_203 weights=(10.0, 0.01, 0.001) seconds=30
device=cuda order=6 methods=('vanilla', 'sinh') bc_weights=10,0.01,0.001 seconds=30.0
[run] vanilla
[done] vanilla steps=35 ms/step=876.46 L2=0.999678
[run] sinh
/root/miniconda3/envs/apolarity/lib/python3.11/site-packages/torch/nn/modules/module.py:1310: UserWarning: Complex modules are a new feature under active development whose design may change, and some modules might not work as expected when using complex tensors as parameters or buffers. Please file an issue at https://github.com/pytorch/pytorch/issues/new?template=bug-report.yml if a complex module does not work as expected.
  warnings.warn(
[done] sinh steps=37 ms/step=841.06 L2=0.184308
[ok] wrote experiments/results/poly_shared_weight_power_grid/o6/grid30/point_203_history.json  (2 traces)

[ok] wrote experiments/results/poly_shared_weight_power_grid/o6/grid30/point_203
[start] point_204 weights=(10.0, 0.01, 0.01) seconds=30
device=cuda order=6 methods=('vanilla', 'sinh') bc_weights=10,0.01,0.01 seconds=30.0
[run] vanilla
[done] vanilla steps=35 ms/step=876.08 L2=0.999678
[run] sinh
/root/miniconda3/envs/apolarity/lib/python3.11/site-packages/torch/nn/modules/module.py:1310: UserWarning: Complex modules are a new feature under active development whose design may change, and some modules might not work as expected when using complex tensors as parameters or buffers. Please file an issue at https://github.com/pytorch/pytorch/issues/new?template=bug-report.yml if a complex module does not work as expected.
  warnings.warn(
[done] sinh steps=37 ms/step=841.39 L2=0.183922
[ok] wrote experiments/results/poly_shared_weight_power_grid/o6/grid30/point_204_history.json  (2 traces)

[ok] wrote experiments/results/poly_shared_weight_power_grid/o6/grid30/point_204
[start] point_205 weights=(10.0, 0.01, 0.1) seconds=30
device=cuda order=6 methods=('vanilla', 'sinh') bc_weights=10,0.01,0.1 seconds=30.0
[run] vanilla
[done] vanilla steps=35 ms/step=883.26 L2=0.999679
[run] sinh
/root/miniconda3/envs/apolarity/lib/python3.11/site-packages/torch/nn/modules/module.py:1310: UserWarning: Complex modules are a new feature under active development whose design may change, and some modules might not work as expected when using complex tensors as parameters or buffers. Please file an issue at https://github.com/pytorch/pytorch/issues/new?template=bug-report.yml if a complex module does not work as expected.
  warnings.warn(
[done] sinh steps=37 ms/step=841.33 L2=0.179772
[ok] wrote experiments/results/poly_shared_weight_power_grid/o6/grid30/point_205_history.json  (2 traces)

[ok] wrote experiments/results/poly_shared_weight_power_grid/o6/grid30/point_205
[start] point_206 weights=(10.0, 0.01, 1.0) seconds=30
device=cuda order=6 methods=('vanilla', 'sinh') bc_weights=10,0.01,1 seconds=30.0
[run] vanilla
[done] vanilla steps=35 ms/step=864.83 L2=0.999679
[run] sinh
/root/miniconda3/envs/apolarity/lib/python3.11/site-packages/torch/nn/modules/module.py:1310: UserWarning: Complex modules are a new feature under active development whose design may change, and some modules might not work as expected when using complex tensors as parameters or buffers. Please file an issue at https://github.com/pytorch/pytorch/issues/new?template=bug-report.yml if a complex module does not work as expected.
  warnings.warn(
[done] sinh steps=37 ms/step=840.31 L2=0.153244
[ok] wrote experiments/results/poly_shared_weight_power_grid/o6/grid30/point_206_history.json  (2 traces)

[ok] wrote experiments/results/poly_shared_weight_power_grid/o6/grid30/point_206
[start] point_207 weights=(10.0, 0.01, 10.0) seconds=30
device=cuda order=6 methods=('vanilla', 'sinh') bc_weights=10,0.01,10 seconds=30.0
[run] vanilla
[done] vanilla steps=34 ms/step=884.98 L2=0.999682
[run] sinh
/root/miniconda3/envs/apolarity/lib/python3.11/site-packages/torch/nn/modules/module.py:1310: UserWarning: Complex modules are a new feature under active development whose design may change, and some modules might not work as expected when using complex tensors as parameters or buffers. Please file an issue at https://github.com/pytorch/pytorch/issues/new?template=bug-report.yml if a complex module does not work as expected.
  warnings.warn(
[done] sinh steps=37 ms/step=841.92 L2=0.112102
[ok] wrote experiments/results/poly_shared_weight_power_grid/o6/grid30/point_207_history.json  (2 traces)

[ok] wrote experiments/results/poly_shared_weight_power_grid/o6/grid30/point_207
[start] point_208 weights=(10.0, 0.01, 100.0) seconds=30
device=cuda order=6 methods=('vanilla', 'sinh') bc_weights=10,0.01,100 seconds=30.0
[run] vanilla
[done] vanilla steps=35 ms/step=882.52 L2=0.999684
[run] sinh
/root/miniconda3/envs/apolarity/lib/python3.11/site-packages/torch/nn/modules/module.py:1310: UserWarning: Complex modules are a new feature under active development whose design may change, and some modules might not work as expected when using complex tensors as parameters or buffers. Please file an issue at https://github.com/pytorch/pytorch/issues/new?template=bug-report.yml if a complex module does not work as expected.
  warnings.warn(
[done] sinh steps=37 ms/step=842.20 L2=0.283359
[ok] wrote experiments/results/poly_shared_weight_power_grid/o6/grid30/point_208_history.json  (2 traces)

[ok] wrote experiments/results/poly_shared_weight_power_grid/o6/grid30/point_208
[start] point_209 weights=(10.0, 0.01, 1000.0) seconds=30
device=cuda order=6 methods=('vanilla', 'sinh') bc_weights=10,0.01,1000 seconds=30.0
[run] vanilla
[done] vanilla steps=35 ms/step=875.31 L2=0.999726
[run] sinh
/root/miniconda3/envs/apolarity/lib/python3.11/site-packages/torch/nn/modules/module.py:1310: UserWarning: Complex modules are a new feature under active development whose design may change, and some modules might not work as expected when using complex tensors as parameters or buffers. Please file an issue at https://github.com/pytorch/pytorch/issues/new?template=bug-report.yml if a complex module does not work as expected.
  warnings.warn(
[done] sinh steps=37 ms/step=840.38 L2=0.963739
[ok] wrote experiments/results/poly_shared_weight_power_grid/o6/grid30/point_209_history.json  (2 traces)

[ok] wrote experiments/results/poly_shared_weight_power_grid/o6/grid30/point_209
[start] point_210 weights=(10.0, 0.1, 0.001) seconds=30
device=cuda order=6 methods=('vanilla', 'sinh') bc_weights=10,0.1,0.001 seconds=30.0
[run] vanilla
[done] vanilla steps=35 ms/step=870.12 L2=0.999679
[run] sinh
/root/miniconda3/envs/apolarity/lib/python3.11/site-packages/torch/nn/modules/module.py:1310: UserWarning: Complex modules are a new feature under active development whose design may change, and some modules might not work as expected when using complex tensors as parameters or buffers. Please file an issue at https://github.com/pytorch/pytorch/issues/new?template=bug-report.yml if a complex module does not work as expected.
  warnings.warn(
[done] sinh steps=37 ms/step=840.34 L2=0.182435
[ok] wrote experiments/results/poly_shared_weight_power_grid/o6/grid30/point_210_history.json  (2 traces)

[ok] wrote experiments/results/poly_shared_weight_power_grid/o6/grid30/point_210
[start] point_211 weights=(10.0, 0.1, 0.01) seconds=30
device=cuda order=6 methods=('vanilla', 'sinh') bc_weights=10,0.1,0.01 seconds=30.0
[run] vanilla
[done] vanilla steps=35 ms/step=869.95 L2=0.999679
[run] sinh
/root/miniconda3/envs/apolarity/lib/python3.11/site-packages/torch/nn/modules/module.py:1310: UserWarning: Complex modules are a new feature under active development whose design may change, and some modules might not work as expected when using complex tensors as parameters or buffers. Please file an issue at https://github.com/pytorch/pytorch/issues/new?template=bug-report.yml if a complex module does not work as expected.
  warnings.warn(
[done] sinh steps=37 ms/step=840.32 L2=0.18201
[ok] wrote experiments/results/poly_shared_weight_power_grid/o6/grid30/point_211_history.json  (2 traces)

[ok] wrote experiments/results/poly_shared_weight_power_grid/o6/grid30/point_211
[start] point_212 weights=(10.0, 0.1, 0.1) seconds=30
device=cuda order=6 methods=('vanilla', 'sinh') bc_weights=10,0.1,0.1 seconds=30.0
[run] vanilla
[done] vanilla steps=35 ms/step=871.46 L2=0.999679
[run] sinh
/root/miniconda3/envs/apolarity/lib/python3.11/site-packages/torch/nn/modules/module.py:1310: UserWarning: Complex modules are a new feature under active development whose design may change, and some modules might not work as expected when using complex tensors as parameters or buffers. Please file an issue at https://github.com/pytorch/pytorch/issues/new?template=bug-report.yml if a complex module does not work as expected.
  warnings.warn(
[done] sinh steps=37 ms/step=840.37 L2=0.17824
[ok] wrote experiments/results/poly_shared_weight_power_grid/o6/grid30/point_212_history.json  (2 traces)

[ok] wrote experiments/results/poly_shared_weight_power_grid/o6/grid30/point_212
[start] point_213 weights=(10.0, 0.1, 1.0) seconds=30
device=cuda order=6 methods=('vanilla', 'sinh') bc_weights=10,0.1,1 seconds=30.0
[run] vanilla
[done] vanilla steps=35 ms/step=870.89 L2=0.999679
[run] sinh
/root/miniconda3/envs/apolarity/lib/python3.11/site-packages/torch/nn/modules/module.py:1310: UserWarning: Complex modules are a new feature under active development whose design may change, and some modules might not work as expected when using complex tensors as parameters or buffers. Please file an issue at https://github.com/pytorch/pytorch/issues/new?template=bug-report.yml if a complex module does not work as expected.
  warnings.warn(
[done] sinh steps=37 ms/step=840.50 L2=0.152226
[ok] wrote experiments/results/poly_shared_weight_power_grid/o6/grid30/point_213_history.json  (2 traces)

[ok] wrote experiments/results/poly_shared_weight_power_grid/o6/grid30/point_213
[start] point_214 weights=(10.0, 0.1, 10.0) seconds=30
device=cuda order=6 methods=('vanilla', 'sinh') bc_weights=10,0.1,10 seconds=30.0
[run] vanilla
[done] vanilla steps=35 ms/step=876.48 L2=0.999679
[run] sinh
/root/miniconda3/envs/apolarity/lib/python3.11/site-packages/torch/nn/modules/module.py:1310: UserWarning: Complex modules are a new feature under active development whose design may change, and some modules might not work as expected when using complex tensors as parameters or buffers. Please file an issue at https://github.com/pytorch/pytorch/issues/new?template=bug-report.yml if a complex module does not work as expected.
  warnings.warn(
[done] sinh steps=37 ms/step=840.74 L2=0.111678
[ok] wrote experiments/results/poly_shared_weight_power_grid/o6/grid30/point_214_history.json  (2 traces)

[ok] wrote experiments/results/poly_shared_weight_power_grid/o6/grid30/point_214
[start] point_215 weights=(10.0, 0.1, 100.0) seconds=30
device=cuda order=6 methods=('vanilla', 'sinh') bc_weights=10,0.1,100 seconds=30.0
[run] vanilla
[done] vanilla steps=35 ms/step=876.52 L2=0.999684
[run] sinh
/root/miniconda3/envs/apolarity/lib/python3.11/site-packages/torch/nn/modules/module.py:1310: UserWarning: Complex modules are a new feature under active development whose design may change, and some modules might not work as expected when using complex tensors as parameters or buffers. Please file an issue at https://github.com/pytorch/pytorch/issues/new?template=bug-report.yml if a complex module does not work as expected.
  warnings.warn(
[done] sinh steps=37 ms/step=841.27 L2=0.283454
[ok] wrote experiments/results/poly_shared_weight_power_grid/o6/grid30/point_215_history.json  (2 traces)

[ok] wrote experiments/results/poly_shared_weight_power_grid/o6/grid30/point_215
[start] point_216 weights=(10.0, 0.1, 1000.0) seconds=30
device=cuda order=6 methods=('vanilla', 'sinh') bc_weights=10,0.1,1000 seconds=30.0
[run] vanilla
[done] vanilla steps=35 ms/step=870.17 L2=0.999726
[run] sinh
/root/miniconda3/envs/apolarity/lib/python3.11/site-packages/torch/nn/modules/module.py:1310: UserWarning: Complex modules are a new feature under active development whose design may change, and some modules might not work as expected when using complex tensors as parameters or buffers. Please file an issue at https://github.com/pytorch/pytorch/issues/new?template=bug-report.yml if a complex module does not work as expected.
  warnings.warn(
[done] sinh steps=37 ms/step=840.20 L2=0.963744
[ok] wrote experiments/results/poly_shared_weight_power_grid/o6/grid30/point_216_history.json  (2 traces)

[ok] wrote experiments/results/poly_shared_weight_power_grid/o6/grid30/point_216
[start] point_217 weights=(10.0, 1.0, 0.001) seconds=30
device=cuda order=6 methods=('vanilla', 'sinh') bc_weights=10,1,0.001 seconds=30.0
[run] vanilla
[done] vanilla steps=35 ms/step=864.37 L2=0.99968
[run] sinh
/root/miniconda3/envs/apolarity/lib/python3.11/site-packages/torch/nn/modules/module.py:1310: UserWarning: Complex modules are a new feature under active development whose design may change, and some modules might not work as expected when using complex tensors as parameters or buffers. Please file an issue at https://github.com/pytorch/pytorch/issues/new?template=bug-report.yml if a complex module does not work as expected.
  warnings.warn(
[done] sinh steps=37 ms/step=839.86 L2=0.166909
[ok] wrote experiments/results/poly_shared_weight_power_grid/o6/grid30/point_217_history.json  (2 traces)

[ok] wrote experiments/results/poly_shared_weight_power_grid/o6/grid30/point_217
[start] point_218 weights=(10.0, 1.0, 0.01) seconds=30
device=cuda order=6 methods=('vanilla', 'sinh') bc_weights=10,1,0.01 seconds=30.0
[run] vanilla
[done] vanilla steps=35 ms/step=880.83 L2=0.99968
[run] sinh
/root/miniconda3/envs/apolarity/lib/python3.11/site-packages/torch/nn/modules/module.py:1310: UserWarning: Complex modules are a new feature under active development whose design may change, and some modules might not work as expected when using complex tensors as parameters or buffers. Please file an issue at https://github.com/pytorch/pytorch/issues/new?template=bug-report.yml if a complex module does not work as expected.
  warnings.warn(
[done] sinh steps=37 ms/step=841.35 L2=0.167018
[ok] wrote experiments/results/poly_shared_weight_power_grid/o6/grid30/point_218_history.json  (2 traces)

[ok] wrote experiments/results/poly_shared_weight_power_grid/o6/grid30/point_218
[start] point_219 weights=(10.0, 1.0, 0.1) seconds=30
device=cuda order=6 methods=('vanilla', 'sinh') bc_weights=10,1,0.1 seconds=30.0
[run] vanilla
[done] vanilla steps=35 ms/step=879.52 L2=0.99968
[run] sinh
/root/miniconda3/envs/apolarity/lib/python3.11/site-packages/torch/nn/modules/module.py:1310: UserWarning: Complex modules are a new feature under active development whose design may change, and some modules might not work as expected when using complex tensors as parameters or buffers. Please file an issue at https://github.com/pytorch/pytorch/issues/new?template=bug-report.yml if a complex module does not work as expected.
  warnings.warn(
[done] sinh steps=37 ms/step=840.73 L2=0.164234
[ok] wrote experiments/results/poly_shared_weight_power_grid/o6/grid30/point_219_history.json  (2 traces)

[ok] wrote experiments/results/poly_shared_weight_power_grid/o6/grid30/point_219
[start] point_220 weights=(10.0, 1.0, 1.0) seconds=30
device=cuda order=6 methods=('vanilla', 'sinh') bc_weights=10,1,1 seconds=30.0
[run] vanilla
[done] vanilla steps=35 ms/step=868.98 L2=0.99968
[run] sinh
/root/miniconda3/envs/apolarity/lib/python3.11/site-packages/torch/nn/modules/module.py:1310: UserWarning: Complex modules are a new feature under active development whose design may change, and some modules might not work as expected when using complex tensors as parameters or buffers. Please file an issue at https://github.com/pytorch/pytorch/issues/new?template=bug-report.yml if a complex module does not work as expected.
  warnings.warn(
[done] sinh steps=37 ms/step=839.91 L2=0.143895
[ok] wrote experiments/results/poly_shared_weight_power_grid/o6/grid30/point_220_history.json  (2 traces)

[ok] wrote experiments/results/poly_shared_weight_power_grid/o6/grid30/point_220
[start] point_221 weights=(10.0, 1.0, 10.0) seconds=30
device=cuda order=6 methods=('vanilla', 'sinh') bc_weights=10,1,10 seconds=30.0
[run] vanilla
[done] vanilla steps=35 ms/step=870.45 L2=0.99968
[run] sinh
/root/miniconda3/envs/apolarity/lib/python3.11/site-packages/torch/nn/modules/module.py:1310: UserWarning: Complex modules are a new feature under active development whose design may change, and some modules might not work as expected when using complex tensors as parameters or buffers. Please file an issue at https://github.com/pytorch/pytorch/issues/new?template=bug-report.yml if a complex module does not work as expected.
  warnings.warn(
[done] sinh steps=37 ms/step=840.27 L2=0.113308
[ok] wrote experiments/results/poly_shared_weight_power_grid/o6/grid30/point_221_history.json  (2 traces)

[ok] wrote experiments/results/poly_shared_weight_power_grid/o6/grid30/point_221
[start] point_222 weights=(10.0, 1.0, 100.0) seconds=30
device=cuda order=6 methods=('vanilla', 'sinh') bc_weights=10,1,100 seconds=30.0
[run] vanilla
[done] vanilla steps=35 ms/step=868.84 L2=0.999685
[run] sinh
/root/miniconda3/envs/apolarity/lib/python3.11/site-packages/torch/nn/modules/module.py:1310: UserWarning: Complex modules are a new feature under active development whose design may change, and some modules might not work as expected when using complex tensors as parameters or buffers. Please file an issue at https://github.com/pytorch/pytorch/issues/new?template=bug-report.yml if a complex module does not work as expected.
  warnings.warn(
[done] sinh steps=37 ms/step=839.97 L2=0.291655
[ok] wrote experiments/results/poly_shared_weight_power_grid/o6/grid30/point_222_history.json  (2 traces)

[ok] wrote experiments/results/poly_shared_weight_power_grid/o6/grid30/point_222
[start] point_223 weights=(10.0, 1.0, 1000.0) seconds=30
device=cuda order=6 methods=('vanilla', 'sinh') bc_weights=10,1,1000 seconds=30.0
[run] vanilla
[done] vanilla steps=35 ms/step=872.26 L2=0.999727
[run] sinh
/root/miniconda3/envs/apolarity/lib/python3.11/site-packages/torch/nn/modules/module.py:1310: UserWarning: Complex modules are a new feature under active development whose design may change, and some modules might not work as expected when using complex tensors as parameters or buffers. Please file an issue at https://github.com/pytorch/pytorch/issues/new?template=bug-report.yml if a complex module does not work as expected.
  warnings.warn(
[done] sinh steps=37 ms/step=840.76 L2=0.963835
[ok] wrote experiments/results/poly_shared_weight_power_grid/o6/grid30/point_223_history.json  (2 traces)

[ok] wrote experiments/results/poly_shared_weight_power_grid/o6/grid30/point_223
[start] point_224 weights=(10.0, 10.0, 0.001) seconds=30
device=cuda order=6 methods=('vanilla', 'sinh') bc_weights=10,10,0.001 seconds=30.0
[run] vanilla
[done] vanilla steps=35 ms/step=873.00 L2=0.999691
[run] sinh
/root/miniconda3/envs/apolarity/lib/python3.11/site-packages/torch/nn/modules/module.py:1310: UserWarning: Complex modules are a new feature under active development whose design may change, and some modules might not work as expected when using complex tensors as parameters or buffers. Please file an issue at https://github.com/pytorch/pytorch/issues/new?template=bug-report.yml if a complex module does not work as expected.
  warnings.warn(
[done] sinh steps=37 ms/step=840.65 L2=0.133759
[ok] wrote experiments/results/poly_shared_weight_power_grid/o6/grid30/point_224_history.json  (2 traces)

[ok] wrote experiments/results/poly_shared_weight_power_grid/o6/grid30/point_224
[start] point_225 weights=(10.0, 10.0, 0.01) seconds=30
device=cuda order=6 methods=('vanilla', 'sinh') bc_weights=10,10,0.01 seconds=30.0
[run] vanilla
[done] vanilla steps=35 ms/step=876.73 L2=0.999691
[run] sinh
/root/miniconda3/envs/apolarity/lib/python3.11/site-packages/torch/nn/modules/module.py:1310: UserWarning: Complex modules are a new feature under active development whose design may change, and some modules might not work as expected when using complex tensors as parameters or buffers. Please file an issue at https://github.com/pytorch/pytorch/issues/new?template=bug-report.yml if a complex module does not work as expected.
  warnings.warn(
[done] sinh steps=37 ms/step=840.71 L2=0.133852
[ok] wrote experiments/results/poly_shared_weight_power_grid/o6/grid30/point_225_history.json  (2 traces)

[ok] wrote experiments/results/poly_shared_weight_power_grid/o6/grid30/point_225
[start] point_226 weights=(10.0, 10.0, 0.1) seconds=30
device=cuda order=6 methods=('vanilla', 'sinh') bc_weights=10,10,0.1 seconds=30.0
[run] vanilla
[done] vanilla steps=35 ms/step=880.04 L2=0.999691
[run] sinh
/root/miniconda3/envs/apolarity/lib/python3.11/site-packages/torch/nn/modules/module.py:1310: UserWarning: Complex modules are a new feature under active development whose design may change, and some modules might not work as expected when using complex tensors as parameters or buffers. Please file an issue at https://github.com/pytorch/pytorch/issues/new?template=bug-report.yml if a complex module does not work as expected.
  warnings.warn(
[done] sinh steps=37 ms/step=841.11 L2=0.134628
[ok] wrote experiments/results/poly_shared_weight_power_grid/o6/grid30/point_226_history.json  (2 traces)

[ok] wrote experiments/results/poly_shared_weight_power_grid/o6/grid30/point_226
[start] point_227 weights=(10.0, 10.0, 1.0) seconds=30
device=cuda order=6 methods=('vanilla', 'sinh') bc_weights=10,10,1 seconds=30.0
[run] vanilla
[done] vanilla steps=35 ms/step=878.01 L2=0.999691
[run] sinh
/root/miniconda3/envs/apolarity/lib/python3.11/site-packages/torch/nn/modules/module.py:1310: UserWarning: Complex modules are a new feature under active development whose design may change, and some modules might not work as expected when using complex tensors as parameters or buffers. Please file an issue at https://github.com/pytorch/pytorch/issues/new?template=bug-report.yml if a complex module does not work as expected.
  warnings.warn(
[done] sinh steps=37 ms/step=840.98 L2=0.139694
[ok] wrote experiments/results/poly_shared_weight_power_grid/o6/grid30/point_227_history.json  (2 traces)

[ok] wrote experiments/results/poly_shared_weight_power_grid/o6/grid30/point_227
[start] point_228 weights=(10.0, 10.0, 10.0) seconds=30
device=cuda order=6 methods=('vanilla', 'sinh') bc_weights=10,10,10 seconds=30.0
[run] vanilla
[done] vanilla steps=35 ms/step=866.36 L2=0.999691
[run] sinh
/root/miniconda3/envs/apolarity/lib/python3.11/site-packages/torch/nn/modules/module.py:1310: UserWarning: Complex modules are a new feature under active development whose design may change, and some modules might not work as expected when using complex tensors as parameters or buffers. Please file an issue at https://github.com/pytorch/pytorch/issues/new?template=bug-report.yml if a complex module does not work as expected.
  warnings.warn(
[done] sinh steps=37 ms/step=839.93 L2=0.158259
[ok] wrote experiments/results/poly_shared_weight_power_grid/o6/grid30/point_228_history.json  (2 traces)

[ok] wrote experiments/results/poly_shared_weight_power_grid/o6/grid30/point_228
[start] point_229 weights=(10.0, 10.0, 100.0) seconds=30
device=cuda order=6 methods=('vanilla', 'sinh') bc_weights=10,10,100 seconds=30.0
[run] vanilla
[done] vanilla steps=35 ms/step=879.16 L2=0.999696
[run] sinh
/root/miniconda3/envs/apolarity/lib/python3.11/site-packages/torch/nn/modules/module.py:1310: UserWarning: Complex modules are a new feature under active development whose design may change, and some modules might not work as expected when using complex tensors as parameters or buffers. Please file an issue at https://github.com/pytorch/pytorch/issues/new?template=bug-report.yml if a complex module does not work as expected.
  warnings.warn(
[done] sinh steps=37 ms/step=840.97 L2=0.361796
[ok] wrote experiments/results/poly_shared_weight_power_grid/o6/grid30/point_229_history.json  (2 traces)

[ok] wrote experiments/results/poly_shared_weight_power_grid/o6/grid30/point_229
[start] point_230 weights=(10.0, 10.0, 1000.0) seconds=30
device=cuda order=6 methods=('vanilla', 'sinh') bc_weights=10,10,1000 seconds=30.0
[run] vanilla
[done] vanilla steps=35 ms/step=867.09 L2=0.999736
[run] sinh
/root/miniconda3/envs/apolarity/lib/python3.11/site-packages/torch/nn/modules/module.py:1310: UserWarning: Complex modules are a new feature under active development whose design may change, and some modules might not work as expected when using complex tensors as parameters or buffers. Please file an issue at https://github.com/pytorch/pytorch/issues/new?template=bug-report.yml if a complex module does not work as expected.
  warnings.warn(
[done] sinh steps=37 ms/step=840.53 L2=0.964518
[ok] wrote experiments/results/poly_shared_weight_power_grid/o6/grid30/point_230_history.json  (2 traces)

[ok] wrote experiments/results/poly_shared_weight_power_grid/o6/grid30/point_230
[start] point_231 weights=(10.0, 100.0, 0.001) seconds=30
device=cuda order=6 methods=('vanilla', 'sinh') bc_weights=10,100,0.001 seconds=30.0
[run] vanilla
[done] vanilla steps=35 ms/step=870.55 L2=0.999787
[run] sinh
/root/miniconda3/envs/apolarity/lib/python3.11/site-packages/torch/nn/modules/module.py:1310: UserWarning: Complex modules are a new feature under active development whose design may change, and some modules might not work as expected when using complex tensors as parameters or buffers. Please file an issue at https://github.com/pytorch/pytorch/issues/new?template=bug-report.yml if a complex module does not work as expected.
  warnings.warn(
[done] sinh steps=37 ms/step=840.42 L2=0.540621
[ok] wrote experiments/results/poly_shared_weight_power_grid/o6/grid30/point_231_history.json  (2 traces)

[ok] wrote experiments/results/poly_shared_weight_power_grid/o6/grid30/point_231
[start] point_232 weights=(10.0, 100.0, 0.01) seconds=30
device=cuda order=6 methods=('vanilla', 'sinh') bc_weights=10,100,0.01 seconds=30.0
[run] vanilla
[done] vanilla steps=35 ms/step=869.88 L2=0.999787
[run] sinh
/root/miniconda3/envs/apolarity/lib/python3.11/site-packages/torch/nn/modules/module.py:1310: UserWarning: Complex modules are a new feature under active development whose design may change, and some modules might not work as expected when using complex tensors as parameters or buffers. Please file an issue at https://github.com/pytorch/pytorch/issues/new?template=bug-report.yml if a complex module does not work as expected.
  warnings.warn(
[done] sinh steps=37 ms/step=840.40 L2=0.540543
[ok] wrote experiments/results/poly_shared_weight_power_grid/o6/grid30/point_232_history.json  (2 traces)

[ok] wrote experiments/results/poly_shared_weight_power_grid/o6/grid30/point_232
[start] point_233 weights=(10.0, 100.0, 0.1) seconds=30
device=cuda order=6 methods=('vanilla', 'sinh') bc_weights=10,100,0.1 seconds=30.0
[run] vanilla
[done] vanilla steps=35 ms/step=867.20 L2=0.999786
[run] sinh
/root/miniconda3/envs/apolarity/lib/python3.11/site-packages/torch/nn/modules/module.py:1310: UserWarning: Complex modules are a new feature under active development whose design may change, and some modules might not work as expected when using complex tensors as parameters or buffers. Please file an issue at https://github.com/pytorch/pytorch/issues/new?template=bug-report.yml if a complex module does not work as expected.
  warnings.warn(
[done] sinh steps=37 ms/step=839.95 L2=0.541212
[ok] wrote experiments/results/poly_shared_weight_power_grid/o6/grid30/point_233_history.json  (2 traces)

[ok] wrote experiments/results/poly_shared_weight_power_grid/o6/grid30/point_233
[start] point_234 weights=(10.0, 100.0, 1.0) seconds=30
device=cuda order=6 methods=('vanilla', 'sinh') bc_weights=10,100,1 seconds=30.0
[run] vanilla
[done] vanilla steps=35 ms/step=870.63 L2=0.999787
[run] sinh
/root/miniconda3/envs/apolarity/lib/python3.11/site-packages/torch/nn/modules/module.py:1310: UserWarning: Complex modules are a new feature under active development whose design may change, and some modules might not work as expected when using complex tensors as parameters or buffers. Please file an issue at https://github.com/pytorch/pytorch/issues/new?template=bug-report.yml if a complex module does not work as expected.
  warnings.warn(
[done] sinh steps=37 ms/step=840.41 L2=0.550707
[ok] wrote experiments/results/poly_shared_weight_power_grid/o6/grid30/point_234_history.json  (2 traces)

[ok] wrote experiments/results/poly_shared_weight_power_grid/o6/grid30/point_234
[start] point_235 weights=(10.0, 100.0, 10.0) seconds=30
device=cuda order=6 methods=('vanilla', 'sinh') bc_weights=10,100,10 seconds=30.0
[run] vanilla
[done] vanilla steps=35 ms/step=879.62 L2=0.999787
[run] sinh
/root/miniconda3/envs/apolarity/lib/python3.11/site-packages/torch/nn/modules/module.py:1310: UserWarning: Complex modules are a new feature under active development whose design may change, and some modules might not work as expected when using complex tensors as parameters or buffers. Please file an issue at https://github.com/pytorch/pytorch/issues/new?template=bug-report.yml if a complex module does not work as expected.
  warnings.warn(
[done] sinh steps=37 ms/step=841.32 L2=0.608143
[ok] wrote experiments/results/poly_shared_weight_power_grid/o6/grid30/point_235_history.json  (2 traces)

[ok] wrote experiments/results/poly_shared_weight_power_grid/o6/grid30/point_235
[start] point_236 weights=(10.0, 100.0, 100.0) seconds=30
device=cuda order=6 methods=('vanilla', 'sinh') bc_weights=10,100,100 seconds=30.0
[run] vanilla
[done] vanilla steps=35 ms/step=880.04 L2=0.999791
[run] sinh
/root/miniconda3/envs/apolarity/lib/python3.11/site-packages/torch/nn/modules/module.py:1310: UserWarning: Complex modules are a new feature under active development whose design may change, and some modules might not work as expected when using complex tensors as parameters or buffers. Please file an issue at https://github.com/pytorch/pytorch/issues/new?template=bug-report.yml if a complex module does not work as expected.
  warnings.warn(
[done] sinh steps=37 ms/step=840.62 L2=0.749004
[ok] wrote experiments/results/poly_shared_weight_power_grid/o6/grid30/point_236_history.json  (2 traces)

[ok] wrote experiments/results/poly_shared_weight_power_grid/o6/grid30/point_236
[start] point_237 weights=(10.0, 100.0, 1000.0) seconds=30
device=cuda order=6 methods=('vanilla', 'sinh') bc_weights=10,100,1000 seconds=30.0
[run] vanilla
[done] vanilla steps=35 ms/step=875.64 L2=0.99982
[run] sinh
/root/miniconda3/envs/apolarity/lib/python3.11/site-packages/torch/nn/modules/module.py:1310: UserWarning: Complex modules are a new feature under active development whose design may change, and some modules might not work as expected when using complex tensors as parameters or buffers. Please file an issue at https://github.com/pytorch/pytorch/issues/new?template=bug-report.yml if a complex module does not work as expected.
  warnings.warn(
[done] sinh steps=37 ms/step=840.78 L2=0.966211
[ok] wrote experiments/results/poly_shared_weight_power_grid/o6/grid30/point_237_history.json  (2 traces)

[ok] wrote experiments/results/poly_shared_weight_power_grid/o6/grid30/point_237
[start] point_238 weights=(10.0, 1000.0, 0.001) seconds=30
device=cuda order=6 methods=('vanilla', 'sinh') bc_weights=10,1000,0.001 seconds=30.0
[run] vanilla
[done] vanilla steps=35 ms/step=874.73 L2=0.999814
[run] sinh
/root/miniconda3/envs/apolarity/lib/python3.11/site-packages/torch/nn/modules/module.py:1310: UserWarning: Complex modules are a new feature under active development whose design may change, and some modules might not work as expected when using complex tensors as parameters or buffers. Please file an issue at https://github.com/pytorch/pytorch/issues/new?template=bug-report.yml if a complex module does not work as expected.
  warnings.warn(
[done] sinh steps=37 ms/step=840.53 L2=0.985758
[ok] wrote experiments/results/poly_shared_weight_power_grid/o6/grid30/point_238_history.json  (2 traces)

[ok] wrote experiments/results/poly_shared_weight_power_grid/o6/grid30/point_238
[start] point_239 weights=(10.0, 1000.0, 0.01) seconds=30
device=cuda order=6 methods=('vanilla', 'sinh') bc_weights=10,1000,0.01 seconds=30.0
[run] vanilla
[done] vanilla steps=35 ms/step=879.04 L2=0.999816
[run] sinh
/root/miniconda3/envs/apolarity/lib/python3.11/site-packages/torch/nn/modules/module.py:1310: UserWarning: Complex modules are a new feature under active development whose design may change, and some modules might not work as expected when using complex tensors as parameters or buffers. Please file an issue at https://github.com/pytorch/pytorch/issues/new?template=bug-report.yml if a complex module does not work as expected.
  warnings.warn(
[done] sinh steps=37 ms/step=841.99 L2=0.985803
[ok] wrote experiments/results/poly_shared_weight_power_grid/o6/grid30/point_239_history.json  (2 traces)

[ok] wrote experiments/results/poly_shared_weight_power_grid/o6/grid30/point_239
[start] point_240 weights=(10.0, 1000.0, 0.1) seconds=30
device=cuda order=6 methods=('vanilla', 'sinh') bc_weights=10,1000,0.1 seconds=30.0
[run] vanilla
[done] vanilla steps=35 ms/step=878.26 L2=0.999816
[run] sinh
/root/miniconda3/envs/apolarity/lib/python3.11/site-packages/torch/nn/modules/module.py:1310: UserWarning: Complex modules are a new feature under active development whose design may change, and some modules might not work as expected when using complex tensors as parameters or buffers. Please file an issue at https://github.com/pytorch/pytorch/issues/new?template=bug-report.yml if a complex module does not work as expected.
  warnings.warn(
[done] sinh steps=37 ms/step=840.60 L2=0.985761
[ok] wrote experiments/results/poly_shared_weight_power_grid/o6/grid30/point_240_history.json  (2 traces)

[ok] wrote experiments/results/poly_shared_weight_power_grid/o6/grid30/point_240
[start] point_241 weights=(10.0, 1000.0, 1.0) seconds=30
device=cuda order=6 methods=('vanilla', 'sinh') bc_weights=10,1000,1 seconds=30.0
[run] vanilla
[done] vanilla steps=35 ms/step=875.08 L2=0.999814
[run] sinh
/root/miniconda3/envs/apolarity/lib/python3.11/site-packages/torch/nn/modules/module.py:1310: UserWarning: Complex modules are a new feature under active development whose design may change, and some modules might not work as expected when using complex tensors as parameters or buffers. Please file an issue at https://github.com/pytorch/pytorch/issues/new?template=bug-report.yml if a complex module does not work as expected.
  warnings.warn(
[done] sinh steps=37 ms/step=840.85 L2=0.985767
[ok] wrote experiments/results/poly_shared_weight_power_grid/o6/grid30/point_241_history.json  (2 traces)

[ok] wrote experiments/results/poly_shared_weight_power_grid/o6/grid30/point_241
[start] point_242 weights=(10.0, 1000.0, 10.0) seconds=30
device=cuda order=6 methods=('vanilla', 'sinh') bc_weights=10,1000,10 seconds=30.0
[run] vanilla
[done] vanilla steps=35 ms/step=880.20 L2=0.999816
[run] sinh
/root/miniconda3/envs/apolarity/lib/python3.11/site-packages/torch/nn/modules/module.py:1310: UserWarning: Complex modules are a new feature under active development whose design may change, and some modules might not work as expected when using complex tensors as parameters or buffers. Please file an issue at https://github.com/pytorch/pytorch/issues/new?template=bug-report.yml if a complex module does not work as expected.
  warnings.warn(
[done] sinh steps=37 ms/step=841.23 L2=0.98589
[ok] wrote experiments/results/poly_shared_weight_power_grid/o6/grid30/point_242_history.json  (2 traces)

[ok] wrote experiments/results/poly_shared_weight_power_grid/o6/grid30/point_242
[start] point_243 weights=(10.0, 1000.0, 100.0) seconds=30
device=cuda order=6 methods=('vanilla', 'sinh') bc_weights=10,1000,100 seconds=30.0
[run] vanilla
[done] vanilla steps=35 ms/step=870.67 L2=0.999809
[run] sinh
/root/miniconda3/envs/apolarity/lib/python3.11/site-packages/torch/nn/modules/module.py:1310: UserWarning: Complex modules are a new feature under active development whose design may change, and some modules might not work as expected when using complex tensors as parameters or buffers. Please file an issue at https://github.com/pytorch/pytorch/issues/new?template=bug-report.yml if a complex module does not work as expected.
  warnings.warn(
[done] sinh steps=37 ms/step=840.50 L2=0.986583
[ok] wrote experiments/results/poly_shared_weight_power_grid/o6/grid30/point_243_history.json  (2 traces)

[ok] wrote experiments/results/poly_shared_weight_power_grid/o6/grid30/point_243
[start] point_244 weights=(10.0, 1000.0, 1000.0) seconds=30
device=cuda order=6 methods=('vanilla', 'sinh') bc_weights=10,1000,1000 seconds=30.0
[run] vanilla
[done] vanilla steps=35 ms/step=868.34 L2=0.999791
[run] sinh
/root/miniconda3/envs/apolarity/lib/python3.11/site-packages/torch/nn/modules/module.py:1310: UserWarning: Complex modules are a new feature under active development whose design may change, and some modules might not work as expected when using complex tensors as parameters or buffers. Please file an issue at https://github.com/pytorch/pytorch/issues/new?template=bug-report.yml if a complex module does not work as expected.
  warnings.warn(
[done] sinh steps=37 ms/step=839.97 L2=0.990927
[ok] wrote experiments/results/poly_shared_weight_power_grid/o6/grid30/point_244_history.json  (2 traces)

[ok] wrote experiments/results/poly_shared_weight_power_grid/o6/grid30/point_244
[start] point_245 weights=(100.0, 0.001, 0.001) seconds=30
device=cuda order=6 methods=('vanilla', 'sinh') bc_weights=100,0.001,0.001 seconds=30.0
[run] vanilla
[done] vanilla steps=35 ms/step=879.22 L2=0.999883
[run] sinh
/root/miniconda3/envs/apolarity/lib/python3.11/site-packages/torch/nn/modules/module.py:1310: UserWarning: Complex modules are a new feature under active development whose design may change, and some modules might not work as expected when using complex tensors as parameters or buffers. Please file an issue at https://github.com/pytorch/pytorch/issues/new?template=bug-report.yml if a complex module does not work as expected.
  warnings.warn(
[done] sinh steps=37 ms/step=841.19 L2=0.96724
[ok] wrote experiments/results/poly_shared_weight_power_grid/o6/grid30/point_245_history.json  (2 traces)

[ok] wrote experiments/results/poly_shared_weight_power_grid/o6/grid30/point_245
[start] point_246 weights=(100.0, 0.001, 0.01) seconds=30
device=cuda order=6 methods=('vanilla', 'sinh') bc_weights=100,0.001,0.01 seconds=30.0
[run] vanilla
[done] vanilla steps=34 ms/step=888.21 L2=0.999885
[run] sinh
/root/miniconda3/envs/apolarity/lib/python3.11/site-packages/torch/nn/modules/module.py:1310: UserWarning: Complex modules are a new feature under active development whose design may change, and some modules might not work as expected when using complex tensors as parameters or buffers. Please file an issue at https://github.com/pytorch/pytorch/issues/new?template=bug-report.yml if a complex module does not work as expected.
  warnings.warn(
[done] sinh steps=37 ms/step=841.99 L2=0.967261
[ok] wrote experiments/results/poly_shared_weight_power_grid/o6/grid30/point_246_history.json  (2 traces)

[ok] wrote experiments/results/poly_shared_weight_power_grid/o6/grid30/point_246
[start] point_247 weights=(100.0, 0.001, 0.1) seconds=30
device=cuda order=6 methods=('vanilla', 'sinh') bc_weights=100,0.001,0.1 seconds=30.0
[run] vanilla
[done] vanilla steps=34 ms/step=891.56 L2=0.999885
[run] sinh
/root/miniconda3/envs/apolarity/lib/python3.11/site-packages/torch/nn/modules/module.py:1310: UserWarning: Complex modules are a new feature under active development whose design may change, and some modules might not work as expected when using complex tensors as parameters or buffers. Please file an issue at https://github.com/pytorch/pytorch/issues/new?template=bug-report.yml if a complex module does not work as expected.
  warnings.warn(
[done] sinh steps=37 ms/step=841.89 L2=0.967276
[ok] wrote experiments/results/poly_shared_weight_power_grid/o6/grid30/point_247_history.json  (2 traces)

[ok] wrote experiments/results/poly_shared_weight_power_grid/o6/grid30/point_247
[start] point_248 weights=(100.0, 0.001, 1.0) seconds=30
device=cuda order=6 methods=('vanilla', 'sinh') bc_weights=100,0.001,1 seconds=30.0
[run] vanilla
[done] vanilla steps=35 ms/step=880.39 L2=0.999883
[run] sinh
/root/miniconda3/envs/apolarity/lib/python3.11/site-packages/torch/nn/modules/module.py:1310: UserWarning: Complex modules are a new feature under active development whose design may change, and some modules might not work as expected when using complex tensors as parameters or buffers. Please file an issue at https://github.com/pytorch/pytorch/issues/new?template=bug-report.yml if a complex module does not work as expected.
  warnings.warn(
[done] sinh steps=37 ms/step=841.09 L2=0.967361
[ok] wrote experiments/results/poly_shared_weight_power_grid/o6/grid30/point_248_history.json  (2 traces)

[ok] wrote experiments/results/poly_shared_weight_power_grid/o6/grid30/point_248
[start] point_249 weights=(100.0, 0.001, 10.0) seconds=30
device=cuda order=6 methods=('vanilla', 'sinh') bc_weights=100,0.001,10 seconds=30.0
[run] vanilla
[done] vanilla steps=35 ms/step=877.36 L2=0.999883
[run] sinh
/root/miniconda3/envs/apolarity/lib/python3.11/site-packages/torch/nn/modules/module.py:1310: UserWarning: Complex modules are a new feature under active development whose design may change, and some modules might not work as expected when using complex tensors as parameters or buffers. Please file an issue at https://github.com/pytorch/pytorch/issues/new?template=bug-report.yml if a complex module does not work as expected.
  warnings.warn(
[done] sinh steps=37 ms/step=840.89 L2=0.96825
[ok] wrote experiments/results/poly_shared_weight_power_grid/o6/grid30/point_249_history.json  (2 traces)

[ok] wrote experiments/results/poly_shared_weight_power_grid/o6/grid30/point_249
[start] point_250 weights=(100.0, 0.001, 100.0) seconds=30
device=cuda order=6 methods=('vanilla', 'sinh') bc_weights=100,0.001,100 seconds=30.0
[run] vanilla
[done] vanilla steps=35 ms/step=868.71 L2=0.999884
[run] sinh
/root/miniconda3/envs/apolarity/lib/python3.11/site-packages/torch/nn/modules/module.py:1310: UserWarning: Complex modules are a new feature under active development whose design may change, and some modules might not work as expected when using complex tensors as parameters or buffers. Please file an issue at https://github.com/pytorch/pytorch/issues/new?template=bug-report.yml if a complex module does not work as expected.
  warnings.warn(
[done] sinh steps=37 ms/step=839.86 L2=0.970664
[ok] wrote experiments/results/poly_shared_weight_power_grid/o6/grid30/point_250_history.json  (2 traces)

[ok] wrote experiments/results/poly_shared_weight_power_grid/o6/grid30/point_250
[start] point_251 weights=(100.0, 0.001, 1000.0) seconds=30
device=cuda order=6 methods=('vanilla', 'sinh') bc_weights=100,0.001,1000 seconds=30.0
[run] vanilla
[done] vanilla steps=35 ms/step=870.06 L2=0.999888
[run] sinh
/root/miniconda3/envs/apolarity/lib/python3.11/site-packages/torch/nn/modules/module.py:1310: UserWarning: Complex modules are a new feature under active development whose design may change, and some modules might not work as expected when using complex tensors as parameters or buffers. Please file an issue at https://github.com/pytorch/pytorch/issues/new?template=bug-report.yml if a complex module does not work as expected.
  warnings.warn(
[done] sinh steps=37 ms/step=840.45 L2=0.981846
[ok] wrote experiments/results/poly_shared_weight_power_grid/o6/grid30/point_251_history.json  (2 traces)

[ok] wrote experiments/results/poly_shared_weight_power_grid/o6/grid30/point_251
[start] point_252 weights=(100.0, 0.01, 0.001) seconds=30
device=cuda order=6 methods=('vanilla', 'sinh') bc_weights=100,0.01,0.001 seconds=30.0
[run] vanilla
[done] vanilla steps=35 ms/step=869.68 L2=0.999884
[run] sinh
/root/miniconda3/envs/apolarity/lib/python3.11/site-packages/torch/nn/modules/module.py:1310: UserWarning: Complex modules are a new feature under active development whose design may change, and some modules might not work as expected when using complex tensors as parameters or buffers. Please file an issue at https://github.com/pytorch/pytorch/issues/new?template=bug-report.yml if a complex module does not work as expected.
  warnings.warn(
[done] sinh steps=37 ms/step=840.36 L2=0.967205
[ok] wrote experiments/results/poly_shared_weight_power_grid/o6/grid30/point_252_history.json  (2 traces)

[ok] wrote experiments/results/poly_shared_weight_power_grid/o6/grid30/point_252
[start] point_253 weights=(100.0, 0.01, 0.01) seconds=30
device=cuda order=6 methods=('vanilla', 'sinh') bc_weights=100,0.01,0.01 seconds=30.0
[run] vanilla
[done] vanilla steps=35 ms/step=879.34 L2=0.999883
[run] sinh
/root/miniconda3/envs/apolarity/lib/python3.11/site-packages/torch/nn/modules/module.py:1310: UserWarning: Complex modules are a new feature under active development whose design may change, and some modules might not work as expected when using complex tensors as parameters or buffers. Please file an issue at https://github.com/pytorch/pytorch/issues/new?template=bug-report.yml if a complex module does not work as expected.
  warnings.warn(
[done] sinh steps=37 ms/step=840.62 L2=0.967208
[ok] wrote experiments/results/poly_shared_weight_power_grid/o6/grid30/point_253_history.json  (2 traces)

[ok] wrote experiments/results/poly_shared_weight_power_grid/o6/grid30/point_253
[start] point_254 weights=(100.0, 0.01, 0.1) seconds=30
device=cuda order=6 methods=('vanilla', 'sinh') bc_weights=100,0.01,0.1 seconds=30.0
[run] vanilla
[done] vanilla steps=35 ms/step=879.58 L2=0.999883
[run] sinh
/root/miniconda3/envs/apolarity/lib/python3.11/site-packages/torch/nn/modules/module.py:1310: UserWarning: Complex modules are a new feature under active development whose design may change, and some modules might not work as expected when using complex tensors as parameters or buffers. Please file an issue at https://github.com/pytorch/pytorch/issues/new?template=bug-report.yml if a complex module does not work as expected.
  warnings.warn(
[done] sinh steps=37 ms/step=840.87 L2=0.967224
[ok] wrote experiments/results/poly_shared_weight_power_grid/o6/grid30/point_254_history.json  (2 traces)

[ok] wrote experiments/results/poly_shared_weight_power_grid/o6/grid30/point_254
[start] point_255 weights=(100.0, 0.01, 1.0) seconds=30
device=cuda order=6 methods=('vanilla', 'sinh') bc_weights=100,0.01,1 seconds=30.0
[run] vanilla
[done] vanilla steps=35 ms/step=880.68 L2=0.999883
[run] sinh
/root/miniconda3/envs/apolarity/lib/python3.11/site-packages/torch/nn/modules/module.py:1310: UserWarning: Complex modules are a new feature under active development whose design may change, and some modules might not work as expected when using complex tensors as parameters or buffers. Please file an issue at https://github.com/pytorch/pytorch/issues/new?template=bug-report.yml if a complex module does not work as expected.
  warnings.warn(
[done] sinh steps=37 ms/step=840.99 L2=0.967366
[ok] wrote experiments/results/poly_shared_weight_power_grid/o6/grid30/point_255_history.json  (2 traces)

[ok] wrote experiments/results/poly_shared_weight_power_grid/o6/grid30/point_255
[start] point_256 weights=(100.0, 0.01, 10.0) seconds=30
device=cuda order=6 methods=('vanilla', 'sinh') bc_weights=100,0.01,10 seconds=30.0
[run] vanilla
[done] vanilla steps=35 ms/step=878.58 L2=0.999883
[run] sinh
/root/miniconda3/envs/apolarity/lib/python3.11/site-packages/torch/nn/modules/module.py:1310: UserWarning: Complex modules are a new feature under active development whose design may change, and some modules might not work as expected when using complex tensors as parameters or buffers. Please file an issue at https://github.com/pytorch/pytorch/issues/new?template=bug-report.yml if a complex module does not work as expected.
  warnings.warn(
[done] sinh steps=37 ms/step=841.13 L2=0.968265
[ok] wrote experiments/results/poly_shared_weight_power_grid/o6/grid30/point_256_history.json  (2 traces)

[ok] wrote experiments/results/poly_shared_weight_power_grid/o6/grid30/point_256
[start] point_257 weights=(100.0, 0.01, 100.0) seconds=30
device=cuda order=6 methods=('vanilla', 'sinh') bc_weights=100,0.01,100 seconds=30.0
[run] vanilla
[done] vanilla steps=35 ms/step=866.97 L2=0.999884
[run] sinh
/root/miniconda3/envs/apolarity/lib/python3.11/site-packages/torch/nn/modules/module.py:1310: UserWarning: Complex modules are a new feature under active development whose design may change, and some modules might not work as expected when using complex tensors as parameters or buffers. Please file an issue at https://github.com/pytorch/pytorch/issues/new?template=bug-report.yml if a complex module does not work as expected.
  warnings.warn(
[done] sinh steps=37 ms/step=840.25 L2=0.970682
[ok] wrote experiments/results/poly_shared_weight_power_grid/o6/grid30/point_257_history.json  (2 traces)

[ok] wrote experiments/results/poly_shared_weight_power_grid/o6/grid30/point_257
[start] point_258 weights=(100.0, 0.01, 1000.0) seconds=30
device=cuda order=6 methods=('vanilla', 'sinh') bc_weights=100,0.01,1000 seconds=30.0
[run] vanilla
[done] vanilla steps=34 ms/step=885.54 L2=0.999889
[run] sinh
/root/miniconda3/envs/apolarity/lib/python3.11/site-packages/torch/nn/modules/module.py:1310: UserWarning: Complex modules are a new feature under active development whose design may change, and some modules might not work as expected when using complex tensors as parameters or buffers. Please file an issue at https://github.com/pytorch/pytorch/issues/new?template=bug-report.yml if a complex module does not work as expected.
  warnings.warn(
[done] sinh steps=37 ms/step=841.72 L2=0.981877
[ok] wrote experiments/results/poly_shared_weight_power_grid/o6/grid30/point_258_history.json  (2 traces)

[ok] wrote experiments/results/poly_shared_weight_power_grid/o6/grid30/point_258
[start] point_259 weights=(100.0, 0.1, 0.001) seconds=30
device=cuda order=6 methods=('vanilla', 'sinh') bc_weights=100,0.1,0.001 seconds=30.0
[run] vanilla
[done] vanilla steps=35 ms/step=871.37 L2=0.999883
[run] sinh
/root/miniconda3/envs/apolarity/lib/python3.11/site-packages/torch/nn/modules/module.py:1310: UserWarning: Complex modules are a new feature under active development whose design may change, and some modules might not work as expected when using complex tensors as parameters or buffers. Please file an issue at https://github.com/pytorch/pytorch/issues/new?template=bug-report.yml if a complex module does not work as expected.
  warnings.warn(
[done] sinh steps=37 ms/step=840.41 L2=0.967213
[ok] wrote experiments/results/poly_shared_weight_power_grid/o6/grid30/point_259_history.json  (2 traces)

[ok] wrote experiments/results/poly_shared_weight_power_grid/o6/grid30/point_259
[start] point_260 weights=(100.0, 0.1, 0.01) seconds=30
device=cuda order=6 methods=('vanilla', 'sinh') bc_weights=100,0.1,0.01 seconds=30.0
[run] vanilla
[done] vanilla steps=35 ms/step=879.20 L2=0.999883
[run] sinh
/root/miniconda3/envs/apolarity/lib/python3.11/site-packages/torch/nn/modules/module.py:1310: UserWarning: Complex modules are a new feature under active development whose design may change, and some modules might not work as expected when using complex tensors as parameters or buffers. Please file an issue at https://github.com/pytorch/pytorch/issues/new?template=bug-report.yml if a complex module does not work as expected.
  warnings.warn(
[done] sinh steps=37 ms/step=841.07 L2=0.967252
[ok] wrote experiments/results/poly_shared_weight_power_grid/o6/grid30/point_260_history.json  (2 traces)

[ok] wrote experiments/results/poly_shared_weight_power_grid/o6/grid30/point_260
[start] point_261 weights=(100.0, 0.1, 0.1) seconds=30
device=cuda order=6 methods=('vanilla', 'sinh') bc_weights=100,0.1,0.1 seconds=30.0
[run] vanilla
[done] vanilla steps=35 ms/step=878.24 L2=0.999883
[run] sinh
/root/miniconda3/envs/apolarity/lib/python3.11/site-packages/torch/nn/modules/module.py:1310: UserWarning: Complex modules are a new feature under active development whose design may change, and some modules might not work as expected when using complex tensors as parameters or buffers. Please file an issue at https://github.com/pytorch/pytorch/issues/new?template=bug-report.yml if a complex module does not work as expected.
  warnings.warn(
[done] sinh steps=37 ms/step=841.15 L2=0.967256
[ok] wrote experiments/results/poly_shared_weight_power_grid/o6/grid30/point_261_history.json  (2 traces)

[ok] wrote experiments/results/poly_shared_weight_power_grid/o6/grid30/point_261
[start] point_262 weights=(100.0, 0.1, 1.0) seconds=30
device=cuda order=6 methods=('vanilla', 'sinh') bc_weights=100,0.1,1 seconds=30.0
[run] vanilla
[done] vanilla steps=35 ms/step=864.40 L2=0.999884
[run] sinh
/root/miniconda3/envs/apolarity/lib/python3.11/site-packages/torch/nn/modules/module.py:1310: UserWarning: Complex modules are a new feature under active development whose design may change, and some modules might not work as expected when using complex tensors as parameters or buffers. Please file an issue at https://github.com/pytorch/pytorch/issues/new?template=bug-report.yml if a complex module does not work as expected.
  warnings.warn(
[done] sinh steps=37 ms/step=839.67 L2=0.967305
[ok] wrote experiments/results/poly_shared_weight_power_grid/o6/grid30/point_262_history.json  (2 traces)

[ok] wrote experiments/results/poly_shared_weight_power_grid/o6/grid30/point_262
[start] point_263 weights=(100.0, 0.1, 10.0) seconds=30
device=cuda order=6 methods=('vanilla', 'sinh') bc_weights=100,0.1,10 seconds=30.0
[run] vanilla
[done] vanilla steps=35 ms/step=878.13 L2=0.999883
[run] sinh
/root/miniconda3/envs/apolarity/lib/python3.11/site-packages/torch/nn/modules/module.py:1310: UserWarning: Complex modules are a new feature under active development whose design may change, and some modules might not work as expected when using complex tensors as parameters or buffers. Please file an issue at https://github.com/pytorch/pytorch/issues/new?template=bug-report.yml if a complex module does not work as expected.
  warnings.warn(
[done] sinh steps=37 ms/step=841.11 L2=0.96827
[ok] wrote experiments/results/poly_shared_weight_power_grid/o6/grid30/point_263_history.json  (2 traces)

[ok] wrote experiments/results/poly_shared_weight_power_grid/o6/grid30/point_263
[start] point_264 weights=(100.0, 0.1, 100.0) seconds=30
device=cuda order=6 methods=('vanilla', 'sinh') bc_weights=100,0.1,100 seconds=30.0
[run] vanilla
[done] vanilla steps=35 ms/step=870.70 L2=0.999884
[run] sinh
/root/miniconda3/envs/apolarity/lib/python3.11/site-packages/torch/nn/modules/module.py:1310: UserWarning: Complex modules are a new feature under active development whose design may change, and some modules might not work as expected when using complex tensors as parameters or buffers. Please file an issue at https://github.com/pytorch/pytorch/issues/new?template=bug-report.yml if a complex module does not work as expected.
  warnings.warn(
[done] sinh steps=37 ms/step=840.31 L2=0.970698
[ok] wrote experiments/results/poly_shared_weight_power_grid/o6/grid30/point_264_history.json  (2 traces)

[ok] wrote experiments/results/poly_shared_weight_power_grid/o6/grid30/point_264
[start] point_265 weights=(100.0, 0.1, 1000.0) seconds=30
device=cuda order=6 methods=('vanilla', 'sinh') bc_weights=100,0.1,1000 seconds=30.0
[run] vanilla
[done] vanilla steps=35 ms/step=869.88 L2=0.999887
[run] sinh
/root/miniconda3/envs/apolarity/lib/python3.11/site-packages/torch/nn/modules/module.py:1310: UserWarning: Complex modules are a new feature under active development whose design may change, and some modules might not work as expected when using complex tensors as parameters or buffers. Please file an issue at https://github.com/pytorch/pytorch/issues/new?template=bug-report.yml if a complex module does not work as expected.
  warnings.warn(
[done] sinh steps=37 ms/step=839.92 L2=0.981836
[ok] wrote experiments/results/poly_shared_weight_power_grid/o6/grid30/point_265_history.json  (2 traces)

[ok] wrote experiments/results/poly_shared_weight_power_grid/o6/grid30/point_265
[start] point_266 weights=(100.0, 1.0, 0.001) seconds=30
device=cuda order=6 methods=('vanilla', 'sinh') bc_weights=100,1,0.001 seconds=30.0
[run] vanilla
[done] vanilla steps=35 ms/step=866.44 L2=0.999884
[run] sinh
/root/miniconda3/envs/apolarity/lib/python3.11/site-packages/torch/nn/modules/module.py:1310: UserWarning: Complex modules are a new feature under active development whose design may change, and some modules might not work as expected when using complex tensors as parameters or buffers. Please file an issue at https://github.com/pytorch/pytorch/issues/new?template=bug-report.yml if a complex module does not work as expected.
  warnings.warn(
[done] sinh steps=37 ms/step=840.05 L2=0.967311
[ok] wrote experiments/results/poly_shared_weight_power_grid/o6/grid30/point_266_history.json  (2 traces)

[ok] wrote experiments/results/poly_shared_weight_power_grid/o6/grid30/point_266
[start] point_267 weights=(100.0, 1.0, 0.01) seconds=30
device=cuda order=6 methods=('vanilla', 'sinh') bc_weights=100,1,0.01 seconds=30.0
[run] vanilla
[done] vanilla steps=35 ms/step=871.04 L2=0.999884
[run] sinh
/root/miniconda3/envs/apolarity/lib/python3.11/site-packages/torch/nn/modules/module.py:1310: UserWarning: Complex modules are a new feature under active development whose design may change, and some modules might not work as expected when using complex tensors as parameters or buffers. Please file an issue at https://github.com/pytorch/pytorch/issues/new?template=bug-report.yml if a complex module does not work as expected.
  warnings.warn(
[done] sinh steps=37 ms/step=840.39 L2=0.967327
[ok] wrote experiments/results/poly_shared_weight_power_grid/o6/grid30/point_267_history.json  (2 traces)

[ok] wrote experiments/results/poly_shared_weight_power_grid/o6/grid30/point_267
[start] point_268 weights=(100.0, 1.0, 0.1) seconds=30
device=cuda order=6 methods=('vanilla', 'sinh') bc_weights=100,1,0.1 seconds=30.0
[run] vanilla
[done] vanilla steps=35 ms/step=868.71 L2=0.999884
[run] sinh
/root/miniconda3/envs/apolarity/lib/python3.11/site-packages/torch/nn/modules/module.py:1310: UserWarning: Complex modules are a new feature under active development whose design may change, and some modules might not work as expected when using complex tensors as parameters or buffers. Please file an issue at https://github.com/pytorch/pytorch/issues/new?template=bug-report.yml if a complex module does not work as expected.
  warnings.warn(
[done] sinh steps=37 ms/step=840.28 L2=0.96735
[ok] wrote experiments/results/poly_shared_weight_power_grid/o6/grid30/point_268_history.json  (2 traces)

[ok] wrote experiments/results/poly_shared_weight_power_grid/o6/grid30/point_268
[start] point_269 weights=(100.0, 1.0, 1.0) seconds=30
device=cuda order=6 methods=('vanilla', 'sinh') bc_weights=100,1,1 seconds=30.0
[run] vanilla
[done] vanilla steps=35 ms/step=877.10 L2=0.999884
[run] sinh
/root/miniconda3/envs/apolarity/lib/python3.11/site-packages/torch/nn/modules/module.py:1310: UserWarning: Complex modules are a new feature under active development whose design may change, and some modules might not work as expected when using complex tensors as parameters or buffers. Please file an issue at https://github.com/pytorch/pytorch/issues/new?template=bug-report.yml if a complex module does not work as expected.
  warnings.warn(
[done] sinh steps=37 ms/step=840.83 L2=0.967503
[ok] wrote experiments/results/poly_shared_weight_power_grid/o6/grid30/point_269_history.json  (2 traces)

[ok] wrote experiments/results/poly_shared_weight_power_grid/o6/grid30/point_269
[start] point_270 weights=(100.0, 1.0, 10.0) seconds=30
device=cuda order=6 methods=('vanilla', 'sinh') bc_weights=100,1,10 seconds=30.0
[run] vanilla
[done] vanilla steps=35 ms/step=871.25 L2=0.999883
[run] sinh
/root/miniconda3/envs/apolarity/lib/python3.11/site-packages/torch/nn/modules/module.py:1310: UserWarning: Complex modules are a new feature under active development whose design may change, and some modules might not work as expected when using complex tensors as parameters or buffers. Please file an issue at https://github.com/pytorch/pytorch/issues/new?template=bug-report.yml if a complex module does not work as expected.
  warnings.warn(
[done] sinh steps=37 ms/step=840.26 L2=0.96834
[ok] wrote experiments/results/poly_shared_weight_power_grid/o6/grid30/point_270_history.json  (2 traces)

[ok] wrote experiments/results/poly_shared_weight_power_grid/o6/grid30/point_270
[start] point_271 weights=(100.0, 1.0, 100.0) seconds=30
device=cuda order=6 methods=('vanilla', 'sinh') bc_weights=100,1,100 seconds=30.0
[run] vanilla
[done] vanilla steps=35 ms/step=876.00 L2=0.999883
[run] sinh
/root/miniconda3/envs/apolarity/lib/python3.11/site-packages/torch/nn/modules/module.py:1310: UserWarning: Complex modules are a new feature under active development whose design may change, and some modules might not work as expected when using complex tensors as parameters or buffers. Please file an issue at https://github.com/pytorch/pytorch/issues/new?template=bug-report.yml if a complex module does not work as expected.
  warnings.warn(
[done] sinh steps=37 ms/step=840.77 L2=0.970792
[ok] wrote experiments/results/poly_shared_weight_power_grid/o6/grid30/point_271_history.json  (2 traces)

[ok] wrote experiments/results/poly_shared_weight_power_grid/o6/grid30/point_271
[start] point_272 weights=(100.0, 1.0, 1000.0) seconds=30
device=cuda order=6 methods=('vanilla', 'sinh') bc_weights=100,1,1000 seconds=30.0
[run] vanilla
[done] vanilla steps=35 ms/step=866.35 L2=0.999888
[run] sinh
/root/miniconda3/envs/apolarity/lib/python3.11/site-packages/torch/nn/modules/module.py:1310: UserWarning: Complex modules are a new feature under active development whose design may change, and some modules might not work as expected when using complex tensors as parameters or buffers. Please file an issue at https://github.com/pytorch/pytorch/issues/new?template=bug-report.yml if a complex module does not work as expected.
  warnings.warn(
[done] sinh steps=37 ms/step=840.08 L2=0.981851
[ok] wrote experiments/results/poly_shared_weight_power_grid/o6/grid30/point_272_history.json  (2 traces)

[ok] wrote experiments/results/poly_shared_weight_power_grid/o6/grid30/point_272
[start] point_273 weights=(100.0, 10.0, 0.001) seconds=30
device=cuda order=6 methods=('vanilla', 'sinh') bc_weights=100,10,0.001 seconds=30.0
[run] vanilla
[done] vanilla steps=35 ms/step=870.17 L2=0.999885
[run] sinh
/root/miniconda3/envs/apolarity/lib/python3.11/site-packages/torch/nn/modules/module.py:1310: UserWarning: Complex modules are a new feature under active development whose design may change, and some modules might not work as expected when using complex tensors as parameters or buffers. Please file an issue at https://github.com/pytorch/pytorch/issues/new?template=bug-report.yml if a complex module does not work as expected.
  warnings.warn(
[done] sinh steps=37 ms/step=839.76 L2=0.96855
[ok] wrote experiments/results/poly_shared_weight_power_grid/o6/grid30/point_273_history.json  (2 traces)

[ok] wrote experiments/results/poly_shared_weight_power_grid/o6/grid30/point_273
[start] point_274 weights=(100.0, 10.0, 0.01) seconds=30
device=cuda order=6 methods=('vanilla', 'sinh') bc_weights=100,10,0.01 seconds=30.0
[run] vanilla
[done] vanilla steps=35 ms/step=879.04 L2=0.999884
[run] sinh
/root/miniconda3/envs/apolarity/lib/python3.11/site-packages/torch/nn/modules/module.py:1310: UserWarning: Complex modules are a new feature under active development whose design may change, and some modules might not work as expected when using complex tensors as parameters or buffers. Please file an issue at https://github.com/pytorch/pytorch/issues/new?template=bug-report.yml if a complex module does not work as expected.
  warnings.warn(
[done] sinh steps=37 ms/step=841.04 L2=0.968615
[ok] wrote experiments/results/poly_shared_weight_power_grid/o6/grid30/point_274_history.json  (2 traces)

[ok] wrote experiments/results/poly_shared_weight_power_grid/o6/grid30/point_274
[start] point_275 weights=(100.0, 10.0, 0.1) seconds=30
device=cuda order=6 methods=('vanilla', 'sinh') bc_weights=100,10,0.1 seconds=30.0
[run] vanilla
[done] vanilla steps=35 ms/step=880.23 L2=0.999884
[run] sinh
/root/miniconda3/envs/apolarity/lib/python3.11/site-packages/torch/nn/modules/module.py:1310: UserWarning: Complex modules are a new feature under active development whose design may change, and some modules might not work as expected when using complex tensors as parameters or buffers. Please file an issue at https://github.com/pytorch/pytorch/issues/new?template=bug-report.yml if a complex module does not work as expected.
  warnings.warn(
[done] sinh steps=37 ms/step=841.04 L2=0.968615
[ok] wrote experiments/results/poly_shared_weight_power_grid/o6/grid30/point_275_history.json  (2 traces)

[ok] wrote experiments/results/poly_shared_weight_power_grid/o6/grid30/point_275
[start] point_276 weights=(100.0, 10.0, 1.0) seconds=30
device=cuda order=6 methods=('vanilla', 'sinh') bc_weights=100,10,1 seconds=30.0
[run] vanilla
[done] vanilla steps=35 ms/step=876.74 L2=0.999884
[run] sinh
/root/miniconda3/envs/apolarity/lib/python3.11/site-packages/torch/nn/modules/module.py:1310: UserWarning: Complex modules are a new feature under active development whose design may change, and some modules might not work as expected when using complex tensors as parameters or buffers. Please file an issue at https://github.com/pytorch/pytorch/issues/new?template=bug-report.yml if a complex module does not work as expected.
  warnings.warn(
[done] sinh steps=37 ms/step=840.77 L2=0.968708
[ok] wrote experiments/results/poly_shared_weight_power_grid/o6/grid30/point_276_history.json  (2 traces)

[ok] wrote experiments/results/poly_shared_weight_power_grid/o6/grid30/point_276
[start] point_277 weights=(100.0, 10.0, 10.0) seconds=30
device=cuda order=6 methods=('vanilla', 'sinh') bc_weights=100,10,10 seconds=30.0
[run] vanilla
[done] vanilla steps=35 ms/step=880.72 L2=0.999884
[run] sinh
/root/miniconda3/envs/apolarity/lib/python3.11/site-packages/torch/nn/modules/module.py:1310: UserWarning: Complex modules are a new feature under active development whose design may change, and some modules might not work as expected when using complex tensors as parameters or buffers. Please file an issue at https://github.com/pytorch/pytorch/issues/new?template=bug-report.yml if a complex module does not work as expected.
  warnings.warn(
[done] sinh steps=37 ms/step=841.21 L2=0.969479
[ok] wrote experiments/results/poly_shared_weight_power_grid/o6/grid30/point_277_history.json  (2 traces)

[ok] wrote experiments/results/poly_shared_weight_power_grid/o6/grid30/point_277
[start] point_278 weights=(100.0, 10.0, 100.0) seconds=30
device=cuda order=6 methods=('vanilla', 'sinh') bc_weights=100,10,100 seconds=30.0
[run] vanilla
[done] vanilla steps=35 ms/step=865.41 L2=0.999886
[run] sinh
/root/miniconda3/envs/apolarity/lib/python3.11/site-packages/torch/nn/modules/module.py:1310: UserWarning: Complex modules are a new feature under active development whose design may change, and some modules might not work as expected when using complex tensors as parameters or buffers. Please file an issue at https://github.com/pytorch/pytorch/issues/new?template=bug-report.yml if a complex module does not work as expected.
  warnings.warn(
[done] sinh steps=37 ms/step=839.87 L2=0.97138
[ok] wrote experiments/results/poly_shared_weight_power_grid/o6/grid30/point_278_history.json  (2 traces)

[ok] wrote experiments/results/poly_shared_weight_power_grid/o6/grid30/point_278
[start] point_279 weights=(100.0, 10.0, 1000.0) seconds=30
device=cuda order=6 methods=('vanilla', 'sinh') bc_weights=100,10,1000 seconds=30.0
[run] vanilla
[done] vanilla steps=35 ms/step=869.89 L2=0.999889
[run] sinh
/root/miniconda3/envs/apolarity/lib/python3.11/site-packages/torch/nn/modules/module.py:1310: UserWarning: Complex modules are a new feature under active development whose design may change, and some modules might not work as expected when using complex tensors as parameters or buffers. Please file an issue at https://github.com/pytorch/pytorch/issues/new?template=bug-report.yml if a complex module does not work as expected.
  warnings.warn(
[done] sinh steps=37 ms/step=840.26 L2=0.982063
[ok] wrote experiments/results/poly_shared_weight_power_grid/o6/grid30/point_279_history.json  (2 traces)

[ok] wrote experiments/results/poly_shared_weight_power_grid/o6/grid30/point_279
[start] point_280 weights=(100.0, 100.0, 0.001) seconds=30
device=cuda order=6 methods=('vanilla', 'sinh') bc_weights=100,100,0.001 seconds=30.0
[run] vanilla
[done] vanilla steps=35 ms/step=877.05 L2=0.999893
[run] sinh
/root/miniconda3/envs/apolarity/lib/python3.11/site-packages/torch/nn/modules/module.py:1310: UserWarning: Complex modules are a new feature under active development whose design may change, and some modules might not work as expected when using complex tensors as parameters or buffers. Please file an issue at https://github.com/pytorch/pytorch/issues/new?template=bug-report.yml if a complex module does not work as expected.
  warnings.warn(
[done] sinh steps=37 ms/step=841.04 L2=0.974098
[ok] wrote experiments/results/poly_shared_weight_power_grid/o6/grid30/point_280_history.json  (2 traces)

[ok] wrote experiments/results/poly_shared_weight_power_grid/o6/grid30/point_280
[start] point_281 weights=(100.0, 100.0, 0.01) seconds=30
device=cuda order=6 methods=('vanilla', 'sinh') bc_weights=100,100,0.01 seconds=30.0
[run] vanilla
[done] vanilla steps=35 ms/step=876.64 L2=0.999893
[run] sinh
/root/miniconda3/envs/apolarity/lib/python3.11/site-packages/torch/nn/modules/module.py:1310: UserWarning: Complex modules are a new feature under active development whose design may change, and some modules might not work as expected when using complex tensors as parameters or buffers. Please file an issue at https://github.com/pytorch/pytorch/issues/new?template=bug-report.yml if a complex module does not work as expected.
  warnings.warn(
[done] sinh steps=37 ms/step=840.73 L2=0.974086
[ok] wrote experiments/results/poly_shared_weight_power_grid/o6/grid30/point_281_history.json  (2 traces)

[ok] wrote experiments/results/poly_shared_weight_power_grid/o6/grid30/point_281
[start] point_282 weights=(100.0, 100.0, 0.1) seconds=30
device=cuda order=6 methods=('vanilla', 'sinh') bc_weights=100,100,0.1 seconds=30.0
[run] vanilla
[done] vanilla steps=35 ms/step=867.71 L2=0.999894
[run] sinh
/root/miniconda3/envs/apolarity/lib/python3.11/site-packages/torch/nn/modules/module.py:1310: UserWarning: Complex modules are a new feature under active development whose design may change, and some modules might not work as expected when using complex tensors as parameters or buffers. Please file an issue at https://github.com/pytorch/pytorch/issues/new?template=bug-report.yml if a complex module does not work as expected.
  warnings.warn(
[done] sinh steps=37 ms/step=839.92 L2=0.974044
[ok] wrote experiments/results/poly_shared_weight_power_grid/o6/grid30/point_282_history.json  (2 traces)

[ok] wrote experiments/results/poly_shared_weight_power_grid/o6/grid30/point_282
[start] point_283 weights=(100.0, 100.0, 1.0) seconds=30
device=cuda order=6 methods=('vanilla', 'sinh') bc_weights=100,100,1 seconds=30.0
[run] vanilla
[done] vanilla steps=35 ms/step=866.15 L2=0.999895
[run] sinh
/root/miniconda3/envs/apolarity/lib/python3.11/site-packages/torch/nn/modules/module.py:1310: UserWarning: Complex modules are a new feature under active development whose design may change, and some modules might not work as expected when using complex tensors as parameters or buffers. Please file an issue at https://github.com/pytorch/pytorch/issues/new?template=bug-report.yml if a complex module does not work as expected.
  warnings.warn(
[done] sinh steps=37 ms/step=840.01 L2=0.974142
[ok] wrote experiments/results/poly_shared_weight_power_grid/o6/grid30/point_283_history.json  (2 traces)

[ok] wrote experiments/results/poly_shared_weight_power_grid/o6/grid30/point_283
[start] point_284 weights=(100.0, 100.0, 10.0) seconds=30
device=cuda order=6 methods=('vanilla', 'sinh') bc_weights=100,100,10 seconds=30.0
[run] vanilla
[done] vanilla steps=35 ms/step=867.12 L2=0.999894
[run] sinh
/root/miniconda3/envs/apolarity/lib/python3.11/site-packages/torch/nn/modules/module.py:1310: UserWarning: Complex modules are a new feature under active development whose design may change, and some modules might not work as expected when using complex tensors as parameters or buffers. Please file an issue at https://github.com/pytorch/pytorch/issues/new?template=bug-report.yml if a complex module does not work as expected.
  warnings.warn(
[done] sinh steps=37 ms/step=840.07 L2=0.974519
[ok] wrote experiments/results/poly_shared_weight_power_grid/o6/grid30/point_284_history.json  (2 traces)

[ok] wrote experiments/results/poly_shared_weight_power_grid/o6/grid30/point_284
[start] point_285 weights=(100.0, 100.0, 100.0) seconds=30
device=cuda order=6 methods=('vanilla', 'sinh') bc_weights=100,100,100 seconds=30.0
[run] vanilla
[done] vanilla steps=35 ms/step=869.73 L2=0.999895
[run] sinh
/root/miniconda3/envs/apolarity/lib/python3.11/site-packages/torch/nn/modules/module.py:1310: UserWarning: Complex modules are a new feature under active development whose design may change, and some modules might not work as expected when using complex tensors as parameters or buffers. Please file an issue at https://github.com/pytorch/pytorch/issues/new?template=bug-report.yml if a complex module does not work as expected.
  warnings.warn(
[done] sinh steps=37 ms/step=840.36 L2=0.975907
[ok] wrote experiments/results/poly_shared_weight_power_grid/o6/grid30/point_285_history.json  (2 traces)

[ok] wrote experiments/results/poly_shared_weight_power_grid/o6/grid30/point_285
[start] point_286 weights=(100.0, 100.0, 1000.0) seconds=30
device=cuda order=6 methods=('vanilla', 'sinh') bc_weights=100,100,1000 seconds=30.0
[run] vanilla
[done] vanilla steps=35 ms/step=870.60 L2=0.999898
[run] sinh
/root/miniconda3/envs/apolarity/lib/python3.11/site-packages/torch/nn/modules/module.py:1310: UserWarning: Complex modules are a new feature under active development whose design may change, and some modules might not work as expected when using complex tensors as parameters or buffers. Please file an issue at https://github.com/pytorch/pytorch/issues/new?template=bug-report.yml if a complex module does not work as expected.
  warnings.warn(
[done] sinh steps=37 ms/step=840.42 L2=0.983828
[ok] wrote experiments/results/poly_shared_weight_power_grid/o6/grid30/point_286_history.json  (2 traces)

[ok] wrote experiments/results/poly_shared_weight_power_grid/o6/grid30/point_286
[start] point_287 weights=(100.0, 1000.0, 0.001) seconds=30
device=cuda order=6 methods=('vanilla', 'sinh') bc_weights=100,1000,0.001 seconds=30.0
[run] vanilla
[done] vanilla steps=35 ms/step=880.89 L2=0.999976
[run] sinh
/root/miniconda3/envs/apolarity/lib/python3.11/site-packages/torch/nn/modules/module.py:1310: UserWarning: Complex modules are a new feature under active development whose design may change, and some modules might not work as expected when using complex tensors as parameters or buffers. Please file an issue at https://github.com/pytorch/pytorch/issues/new?template=bug-report.yml if a complex module does not work as expected.
  warnings.warn(
[done] sinh steps=37 ms/step=841.21 L2=0.987654
[ok] wrote experiments/results/poly_shared_weight_power_grid/o6/grid30/point_287_history.json  (2 traces)

[ok] wrote experiments/results/poly_shared_weight_power_grid/o6/grid30/point_287
[start] point_288 weights=(100.0, 1000.0, 0.01) seconds=30
device=cuda order=6 methods=('vanilla', 'sinh') bc_weights=100,1000,0.01 seconds=30.0
[run] vanilla
[done] vanilla steps=35 ms/step=876.57 L2=0.999976
[run] sinh
/root/miniconda3/envs/apolarity/lib/python3.11/site-packages/torch/nn/modules/module.py:1310: UserWarning: Complex modules are a new feature under active development whose design may change, and some modules might not work as expected when using complex tensors as parameters or buffers. Please file an issue at https://github.com/pytorch/pytorch/issues/new?template=bug-report.yml if a complex module does not work as expected.
  warnings.warn(
[done] sinh steps=37 ms/step=842.43 L2=0.98767
[ok] wrote experiments/results/poly_shared_weight_power_grid/o6/grid30/point_288_history.json  (2 traces)

[ok] wrote experiments/results/poly_shared_weight_power_grid/o6/grid30/point_288
[start] point_289 weights=(100.0, 1000.0, 0.1) seconds=30
device=cuda order=6 methods=('vanilla', 'sinh') bc_weights=100,1000,0.1 seconds=30.0
[run] vanilla
[done] vanilla steps=35 ms/step=882.90 L2=0.999976
[run] sinh
/root/miniconda3/envs/apolarity/lib/python3.11/site-packages/torch/nn/modules/module.py:1310: UserWarning: Complex modules are a new feature under active development whose design may change, and some modules might not work as expected when using complex tensors as parameters or buffers. Please file an issue at https://github.com/pytorch/pytorch/issues/new?template=bug-report.yml if a complex module does not work as expected.
  warnings.warn(
[done] sinh steps=37 ms/step=840.89 L2=0.987646
[ok] wrote experiments/results/poly_shared_weight_power_grid/o6/grid30/point_289_history.json  (2 traces)

[ok] wrote experiments/results/poly_shared_weight_power_grid/o6/grid30/point_289
[start] point_290 weights=(100.0, 1000.0, 1.0) seconds=30
device=cuda order=6 methods=('vanilla', 'sinh') bc_weights=100,1000,1 seconds=30.0
[run] vanilla
[done] vanilla steps=35 ms/step=877.34 L2=0.999975
[run] sinh
/root/miniconda3/envs/apolarity/lib/python3.11/site-packages/torch/nn/modules/module.py:1310: UserWarning: Complex modules are a new feature under active development whose design may change, and some modules might not work as expected when using complex tensors as parameters or buffers. Please file an issue at https://github.com/pytorch/pytorch/issues/new?template=bug-report.yml if a complex module does not work as expected.
  warnings.warn(
[done] sinh steps=37 ms/step=841.27 L2=0.987659
[ok] wrote experiments/results/poly_shared_weight_power_grid/o6/grid30/point_290_history.json  (2 traces)

[ok] wrote experiments/results/poly_shared_weight_power_grid/o6/grid30/point_290
[start] point_291 weights=(100.0, 1000.0, 10.0) seconds=30
device=cuda order=6 methods=('vanilla', 'sinh') bc_weights=100,1000,10 seconds=30.0
[run] vanilla
[done] vanilla steps=35 ms/step=877.04 L2=0.999975
[run] sinh
/root/miniconda3/envs/apolarity/lib/python3.11/site-packages/torch/nn/modules/module.py:1310: UserWarning: Complex modules are a new feature under active development whose design may change, and some modules might not work as expected when using complex tensors as parameters or buffers. Please file an issue at https://github.com/pytorch/pytorch/issues/new?template=bug-report.yml if a complex module does not work as expected.
  warnings.warn(
[done] sinh steps=37 ms/step=840.74 L2=0.987779
[ok] wrote experiments/results/poly_shared_weight_power_grid/o6/grid30/point_291_history.json  (2 traces)

[ok] wrote experiments/results/poly_shared_weight_power_grid/o6/grid30/point_291
[start] point_292 weights=(100.0, 1000.0, 100.0) seconds=30
device=cuda order=6 methods=('vanilla', 'sinh') bc_weights=100,1000,100 seconds=30.0
[run] vanilla
[done] vanilla steps=35 ms/step=874.74 L2=0.999976
[run] sinh
/root/miniconda3/envs/apolarity/lib/python3.11/site-packages/torch/nn/modules/module.py:1310: UserWarning: Complex modules are a new feature under active development whose design may change, and some modules might not work as expected when using complex tensors as parameters or buffers. Please file an issue at https://github.com/pytorch/pytorch/issues/new?template=bug-report.yml if a complex module does not work as expected.
  warnings.warn(
[done] sinh steps=37 ms/step=840.68 L2=0.988222
[ok] wrote experiments/results/poly_shared_weight_power_grid/o6/grid30/point_292_history.json  (2 traces)

[ok] wrote experiments/results/poly_shared_weight_power_grid/o6/grid30/point_292
[start] point_293 weights=(100.0, 1000.0, 1000.0) seconds=30
device=cuda order=6 methods=('vanilla', 'sinh') bc_weights=100,1000,1000 seconds=30.0
[run] vanilla
[done] vanilla steps=35 ms/step=880.15 L2=0.999978
[run] sinh
/root/miniconda3/envs/apolarity/lib/python3.11/site-packages/torch/nn/modules/module.py:1310: UserWarning: Complex modules are a new feature under active development whose design may change, and some modules might not work as expected when using complex tensors as parameters or buffers. Please file an issue at https://github.com/pytorch/pytorch/issues/new?template=bug-report.yml if a complex module does not work as expected.
  warnings.warn(
[done] sinh steps=37 ms/step=841.13 L2=0.991167
[ok] wrote experiments/results/poly_shared_weight_power_grid/o6/grid30/point_293_history.json  (2 traces)

[ok] wrote experiments/results/poly_shared_weight_power_grid/o6/grid30/point_293
[start] point_294 weights=(1000.0, 0.001, 0.001) seconds=30
device=cuda order=6 methods=('vanilla', 'sinh') bc_weights=1000,0.001,0.001 seconds=30.0
[run] vanilla
[done] vanilla steps=35 ms/step=875.58 L2=0.999904
[run] sinh
/root/miniconda3/envs/apolarity/lib/python3.11/site-packages/torch/nn/modules/module.py:1310: UserWarning: Complex modules are a new feature under active development whose design may change, and some modules might not work as expected when using complex tensors as parameters or buffers. Please file an issue at https://github.com/pytorch/pytorch/issues/new?template=bug-report.yml if a complex module does not work as expected.
  warnings.warn(
[done] sinh steps=37 ms/step=842.14 L2=1.00204
[ok] wrote experiments/results/poly_shared_weight_power_grid/o6/grid30/point_294_history.json  (2 traces)

[ok] wrote experiments/results/poly_shared_weight_power_grid/o6/grid30/point_294
[start] point_295 weights=(1000.0, 0.001, 0.01) seconds=30
device=cuda order=6 methods=('vanilla', 'sinh') bc_weights=1000,0.001,0.01 seconds=30.0
[run] vanilla
[done] vanilla steps=35 ms/step=864.99 L2=0.999905
[run] sinh
/root/miniconda3/envs/apolarity/lib/python3.11/site-packages/torch/nn/modules/module.py:1310: UserWarning: Complex modules are a new feature under active development whose design may change, and some modules might not work as expected when using complex tensors as parameters or buffers. Please file an issue at https://github.com/pytorch/pytorch/issues/new?template=bug-report.yml if a complex module does not work as expected.
  warnings.warn(
[done] sinh steps=37 ms/step=840.32 L2=1.002
[ok] wrote experiments/results/poly_shared_weight_power_grid/o6/grid30/point_295_history.json  (2 traces)

[ok] wrote experiments/results/poly_shared_weight_power_grid/o6/grid30/point_295
[start] point_296 weights=(1000.0, 0.001, 0.1) seconds=30
device=cuda order=6 methods=('vanilla', 'sinh') bc_weights=1000,0.001,0.1 seconds=30.0
[run] vanilla
[done] vanilla steps=35 ms/step=877.99 L2=0.999903
[run] sinh
/root/miniconda3/envs/apolarity/lib/python3.11/site-packages/torch/nn/modules/module.py:1310: UserWarning: Complex modules are a new feature under active development whose design may change, and some modules might not work as expected when using complex tensors as parameters or buffers. Please file an issue at https://github.com/pytorch/pytorch/issues/new?template=bug-report.yml if a complex module does not work as expected.
  warnings.warn(
[done] sinh steps=37 ms/step=840.96 L2=1.00201
[ok] wrote experiments/results/poly_shared_weight_power_grid/o6/grid30/point_296_history.json  (2 traces)

[ok] wrote experiments/results/poly_shared_weight_power_grid/o6/grid30/point_296
[start] point_297 weights=(1000.0, 0.001, 1.0) seconds=30
device=cuda order=6 methods=('vanilla', 'sinh') bc_weights=1000,0.001,1 seconds=30.0
[run] vanilla
[done] vanilla steps=35 ms/step=869.81 L2=0.999904
[run] sinh
/root/miniconda3/envs/apolarity/lib/python3.11/site-packages/torch/nn/modules/module.py:1310: UserWarning: Complex modules are a new feature under active development whose design may change, and some modules might not work as expected when using complex tensors as parameters or buffers. Please file an issue at https://github.com/pytorch/pytorch/issues/new?template=bug-report.yml if a complex module does not work as expected.
  warnings.warn(
[done] sinh steps=37 ms/step=840.29 L2=1.002
[ok] wrote experiments/results/poly_shared_weight_power_grid/o6/grid30/point_297_history.json  (2 traces)

[ok] wrote experiments/results/poly_shared_weight_power_grid/o6/grid30/point_297
[start] point_298 weights=(1000.0, 0.001, 10.0) seconds=30
device=cuda order=6 methods=('vanilla', 'sinh') bc_weights=1000,0.001,10 seconds=30.0
[run] vanilla
[done] vanilla steps=35 ms/step=871.04 L2=0.999904
[run] sinh
/root/miniconda3/envs/apolarity/lib/python3.11/site-packages/torch/nn/modules/module.py:1310: UserWarning: Complex modules are a new feature under active development whose design may change, and some modules might not work as expected when using complex tensors as parameters or buffers. Please file an issue at https://github.com/pytorch/pytorch/issues/new?template=bug-report.yml if a complex module does not work as expected.
  warnings.warn(
[done] sinh steps=37 ms/step=840.50 L2=1.00203
[ok] wrote experiments/results/poly_shared_weight_power_grid/o6/grid30/point_298_history.json  (2 traces)

[ok] wrote experiments/results/poly_shared_weight_power_grid/o6/grid30/point_298
[start] point_299 weights=(1000.0, 0.001, 100.0) seconds=30
device=cuda order=6 methods=('vanilla', 'sinh') bc_weights=1000,0.001,100 seconds=30.0
[run] vanilla
[done] vanilla steps=35 ms/step=870.75 L2=0.999904
[run] sinh
/root/miniconda3/envs/apolarity/lib/python3.11/site-packages/torch/nn/modules/module.py:1310: UserWarning: Complex modules are a new feature under active development whose design may change, and some modules might not work as expected when using complex tensors as parameters or buffers. Please file an issue at https://github.com/pytorch/pytorch/issues/new?template=bug-report.yml if a complex module does not work as expected.
  warnings.warn(
[done] sinh steps=37 ms/step=840.27 L2=1.00198
[ok] wrote experiments/results/poly_shared_weight_power_grid/o6/grid30/point_299_history.json  (2 traces)

[ok] wrote experiments/results/poly_shared_weight_power_grid/o6/grid30/point_299
[start] point_300 weights=(1000.0, 0.001, 1000.0) seconds=30
device=cuda order=6 methods=('vanilla', 'sinh') bc_weights=1000,0.001,1000 seconds=30.0
[run] vanilla
[done] vanilla steps=35 ms/step=876.62 L2=0.999904
[run] sinh
/root/miniconda3/envs/apolarity/lib/python3.11/site-packages/torch/nn/modules/module.py:1310: UserWarning: Complex modules are a new feature under active development whose design may change, and some modules might not work as expected when using complex tensors as parameters or buffers. Please file an issue at https://github.com/pytorch/pytorch/issues/new?template=bug-report.yml if a complex module does not work as expected.
  warnings.warn(
[done] sinh steps=37 ms/step=840.82 L2=1.00041
[ok] wrote experiments/results/poly_shared_weight_power_grid/o6/grid30/point_300_history.json  (2 traces)

[ok] wrote experiments/results/poly_shared_weight_power_grid/o6/grid30/point_300
[start] point_301 weights=(1000.0, 0.01, 0.001) seconds=30
device=cuda order=6 methods=('vanilla', 'sinh') bc_weights=1000,0.01,0.001 seconds=30.0
[run] vanilla
[done] vanilla steps=35 ms/step=870.50 L2=0.999904
[run] sinh
/root/miniconda3/envs/apolarity/lib/python3.11/site-packages/torch/nn/modules/module.py:1310: UserWarning: Complex modules are a new feature under active development whose design may change, and some modules might not work as expected when using complex tensors as parameters or buffers. Please file an issue at https://github.com/pytorch/pytorch/issues/new?template=bug-report.yml if a complex module does not work as expected.
  warnings.warn(
[done] sinh steps=37 ms/step=840.62 L2=1.00201
[ok] wrote experiments/results/poly_shared_weight_power_grid/o6/grid30/point_301_history.json  (2 traces)

[ok] wrote experiments/results/poly_shared_weight_power_grid/o6/grid30/point_301
[start] point_302 weights=(1000.0, 0.01, 0.01) seconds=30
device=cuda order=6 methods=('vanilla', 'sinh') bc_weights=1000,0.01,0.01 seconds=30.0
[run] vanilla
[done] vanilla steps=35 ms/step=864.00 L2=0.999905
[run] sinh
/root/miniconda3/envs/apolarity/lib/python3.11/site-packages/torch/nn/modules/module.py:1310: UserWarning: Complex modules are a new feature under active development whose design may change, and some modules might not work as expected when using complex tensors as parameters or buffers. Please file an issue at https://github.com/pytorch/pytorch/issues/new?template=bug-report.yml if a complex module does not work as expected.
  warnings.warn(
[done] sinh steps=37 ms/step=839.74 L2=1.00199
[ok] wrote experiments/results/poly_shared_weight_power_grid/o6/grid30/point_302_history.json  (2 traces)

[ok] wrote experiments/results/poly_shared_weight_power_grid/o6/grid30/point_302
[start] point_303 weights=(1000.0, 0.01, 0.1) seconds=30
device=cuda order=6 methods=('vanilla', 'sinh') bc_weights=1000,0.01,0.1 seconds=30.0
[run] vanilla
[done] vanilla steps=35 ms/step=871.13 L2=0.999904
[run] sinh
/root/miniconda3/envs/apolarity/lib/python3.11/site-packages/torch/nn/modules/module.py:1310: UserWarning: Complex modules are a new feature under active development whose design may change, and some modules might not work as expected when using complex tensors as parameters or buffers. Please file an issue at https://github.com/pytorch/pytorch/issues/new?template=bug-report.yml if a complex module does not work as expected.
  warnings.warn(
[done] sinh steps=37 ms/step=840.30 L2=1.002
[ok] wrote experiments/results/poly_shared_weight_power_grid/o6/grid30/point_303_history.json  (2 traces)

[ok] wrote experiments/results/poly_shared_weight_power_grid/o6/grid30/point_303
[start] point_304 weights=(1000.0, 0.01, 1.0) seconds=30
device=cuda order=6 methods=('vanilla', 'sinh') bc_weights=1000,0.01,1 seconds=30.0
[run] vanilla
[done] vanilla steps=35 ms/step=870.87 L2=0.999904
[run] sinh
/root/miniconda3/envs/apolarity/lib/python3.11/site-packages/torch/nn/modules/module.py:1310: UserWarning: Complex modules are a new feature under active development whose design may change, and some modules might not work as expected when using complex tensors as parameters or buffers. Please file an issue at https://github.com/pytorch/pytorch/issues/new?template=bug-report.yml if a complex module does not work as expected.
  warnings.warn(
[done] sinh steps=37 ms/step=840.31 L2=1.002
[ok] wrote experiments/results/poly_shared_weight_power_grid/o6/grid30/point_304_history.json  (2 traces)

[ok] wrote experiments/results/poly_shared_weight_power_grid/o6/grid30/point_304
[start] point_305 weights=(1000.0, 0.01, 10.0) seconds=30
device=cuda order=6 methods=('vanilla', 'sinh') bc_weights=1000,0.01,10 seconds=30.0
[run] vanilla
[done] vanilla steps=35 ms/step=880.20 L2=0.999903
[run] sinh
/root/miniconda3/envs/apolarity/lib/python3.11/site-packages/torch/nn/modules/module.py:1310: UserWarning: Complex modules are a new feature under active development whose design may change, and some modules might not work as expected when using complex tensors as parameters or buffers. Please file an issue at https://github.com/pytorch/pytorch/issues/new?template=bug-report.yml if a complex module does not work as expected.
  warnings.warn(
[done] sinh steps=37 ms/step=841.25 L2=1.00205
[ok] wrote experiments/results/poly_shared_weight_power_grid/o6/grid30/point_305_history.json  (2 traces)

[ok] wrote experiments/results/poly_shared_weight_power_grid/o6/grid30/point_305
[start] point_306 weights=(1000.0, 0.01, 100.0) seconds=30
device=cuda order=6 methods=('vanilla', 'sinh') bc_weights=1000,0.01,100 seconds=30.0
[run] vanilla
[done] vanilla steps=35 ms/step=870.38 L2=0.999904
[run] sinh
/root/miniconda3/envs/apolarity/lib/python3.11/site-packages/torch/nn/modules/module.py:1310: UserWarning: Complex modules are a new feature under active development whose design may change, and some modules might not work as expected when using complex tensors as parameters or buffers. Please file an issue at https://github.com/pytorch/pytorch/issues/new?template=bug-report.yml if a complex module does not work as expected.
  warnings.warn(
[done] sinh steps=37 ms/step=840.37 L2=1.00198
[ok] wrote experiments/results/poly_shared_weight_power_grid/o6/grid30/point_306_history.json  (2 traces)

[ok] wrote experiments/results/poly_shared_weight_power_grid/o6/grid30/point_306
[start] point_307 weights=(1000.0, 0.01, 1000.0) seconds=30
device=cuda order=6 methods=('vanilla', 'sinh') bc_weights=1000,0.01,1000 seconds=30.0
[run] vanilla
[done] vanilla steps=35 ms/step=870.50 L2=0.999904
[run] sinh
/root/miniconda3/envs/apolarity/lib/python3.11/site-packages/torch/nn/modules/module.py:1310: UserWarning: Complex modules are a new feature under active development whose design may change, and some modules might not work as expected when using complex tensors as parameters or buffers. Please file an issue at https://github.com/pytorch/pytorch/issues/new?template=bug-report.yml if a complex module does not work as expected.
  warnings.warn(
[done] sinh steps=37 ms/step=840.02 L2=1.00039
[ok] wrote experiments/results/poly_shared_weight_power_grid/o6/grid30/point_307_history.json  (2 traces)

[ok] wrote experiments/results/poly_shared_weight_power_grid/o6/grid30/point_307
[start] point_308 weights=(1000.0, 0.1, 0.001) seconds=30
device=cuda order=6 methods=('vanilla', 'sinh') bc_weights=1000,0.1,0.001 seconds=30.0
[run] vanilla
[done] vanilla steps=35 ms/step=867.71 L2=0.999904
[run] sinh
/root/miniconda3/envs/apolarity/lib/python3.11/site-packages/torch/nn/modules/module.py:1310: UserWarning: Complex modules are a new feature under active development whose design may change, and some modules might not work as expected when using complex tensors as parameters or buffers. Please file an issue at https://github.com/pytorch/pytorch/issues/new?template=bug-report.yml if a complex module does not work as expected.
  warnings.warn(
[done] sinh steps=37 ms/step=840.07 L2=1.00199
[ok] wrote experiments/results/poly_shared_weight_power_grid/o6/grid30/point_308_history.json  (2 traces)

[ok] wrote experiments/results/poly_shared_weight_power_grid/o6/grid30/point_308
[start] point_309 weights=(1000.0, 0.1, 0.01) seconds=30
device=cuda order=6 methods=('vanilla', 'sinh') bc_weights=1000,0.1,0.01 seconds=30.0
[run] vanilla
[done] vanilla steps=35 ms/step=875.00 L2=0.999903
[run] sinh
/root/miniconda3/envs/apolarity/lib/python3.11/site-packages/torch/nn/modules/module.py:1310: UserWarning: Complex modules are a new feature under active development whose design may change, and some modules might not work as expected when using complex tensors as parameters or buffers. Please file an issue at https://github.com/pytorch/pytorch/issues/new?template=bug-report.yml if a complex module does not work as expected.
  warnings.warn(
[done] sinh steps=37 ms/step=840.75 L2=1.00201
[ok] wrote experiments/results/poly_shared_weight_power_grid/o6/grid30/point_309_history.json  (2 traces)

[ok] wrote experiments/results/poly_shared_weight_power_grid/o6/grid30/point_309
[start] point_310 weights=(1000.0, 0.1, 0.1) seconds=30
device=cuda order=6 methods=('vanilla', 'sinh') bc_weights=1000,0.1,0.1 seconds=30.0
[run] vanilla
[done] vanilla steps=35 ms/step=877.85 L2=0.999903
[run] sinh
/root/miniconda3/envs/apolarity/lib/python3.11/site-packages/torch/nn/modules/module.py:1310: UserWarning: Complex modules are a new feature under active development whose design may change, and some modules might not work as expected when using complex tensors as parameters or buffers. Please file an issue at https://github.com/pytorch/pytorch/issues/new?template=bug-report.yml if a complex module does not work as expected.
  warnings.warn(
[done] sinh steps=37 ms/step=841.04 L2=1.00201
[ok] wrote experiments/results/poly_shared_weight_power_grid/o6/grid30/point_310_history.json  (2 traces)

[ok] wrote experiments/results/poly_shared_weight_power_grid/o6/grid30/point_310
[start] point_311 weights=(1000.0, 0.1, 1.0) seconds=30
device=cuda order=6 methods=('vanilla', 'sinh') bc_weights=1000,0.1,1 seconds=30.0
[run] vanilla
[done] vanilla steps=35 ms/step=869.57 L2=0.999904
[run] sinh
/root/miniconda3/envs/apolarity/lib/python3.11/site-packages/torch/nn/modules/module.py:1310: UserWarning: Complex modules are a new feature under active development whose design may change, and some modules might not work as expected when using complex tensors as parameters or buffers. Please file an issue at https://github.com/pytorch/pytorch/issues/new?template=bug-report.yml if a complex module does not work as expected.
  warnings.warn(
[done] sinh steps=37 ms/step=840.14 L2=1.002
[ok] wrote experiments/results/poly_shared_weight_power_grid/o6/grid30/point_311_history.json  (2 traces)

[ok] wrote experiments/results/poly_shared_weight_power_grid/o6/grid30/point_311
[start] point_312 weights=(1000.0, 0.1, 10.0) seconds=30
device=cuda order=6 methods=('vanilla', 'sinh') bc_weights=1000,0.1,10 seconds=30.0
[run] vanilla
[done] vanilla steps=35 ms/step=869.68 L2=0.999904
[run] sinh
/root/miniconda3/envs/apolarity/lib/python3.11/site-packages/torch/nn/modules/module.py:1310: UserWarning: Complex modules are a new feature under active development whose design may change, and some modules might not work as expected when using complex tensors as parameters or buffers. Please file an issue at https://github.com/pytorch/pytorch/issues/new?template=bug-report.yml if a complex module does not work as expected.
  warnings.warn(
[done] sinh steps=37 ms/step=839.77 L2=1.00202
[ok] wrote experiments/results/poly_shared_weight_power_grid/o6/grid30/point_312_history.json  (2 traces)

[ok] wrote experiments/results/poly_shared_weight_power_grid/o6/grid30/point_312
[start] point_313 weights=(1000.0, 0.1, 100.0) seconds=30
device=cuda order=6 methods=('vanilla', 'sinh') bc_weights=1000,0.1,100 seconds=30.0
[run] vanilla
[done] vanilla steps=35 ms/step=878.79 L2=0.999903
[run] sinh
/root/miniconda3/envs/apolarity/lib/python3.11/site-packages/torch/nn/modules/module.py:1310: UserWarning: Complex modules are a new feature under active development whose design may change, and some modules might not work as expected when using complex tensors as parameters or buffers. Please file an issue at https://github.com/pytorch/pytorch/issues/new?template=bug-report.yml if a complex module does not work as expected.
  warnings.warn(
[done] sinh steps=37 ms/step=840.71 L2=1.00199
[ok] wrote experiments/results/poly_shared_weight_power_grid/o6/grid30/point_313_history.json  (2 traces)

[ok] wrote experiments/results/poly_shared_weight_power_grid/o6/grid30/point_313
[start] point_314 weights=(1000.0, 0.1, 1000.0) seconds=30
device=cuda order=6 methods=('vanilla', 'sinh') bc_weights=1000,0.1,1000 seconds=30.0
[run] vanilla
[done] vanilla steps=35 ms/step=880.04 L2=0.999903
[run] sinh
/root/miniconda3/envs/apolarity/lib/python3.11/site-packages/torch/nn/modules/module.py:1310: UserWarning: Complex modules are a new feature under active development whose design may change, and some modules might not work as expected when using complex tensors as parameters or buffers. Please file an issue at https://github.com/pytorch/pytorch/issues/new?template=bug-report.yml if a complex module does not work as expected.
  warnings.warn(
[done] sinh steps=37 ms/step=841.28 L2=1.00042
[ok] wrote experiments/results/poly_shared_weight_power_grid/o6/grid30/point_314_history.json  (2 traces)

[ok] wrote experiments/results/poly_shared_weight_power_grid/o6/grid30/point_314
[start] point_315 weights=(1000.0, 1.0, 0.001) seconds=30
device=cuda order=6 methods=('vanilla', 'sinh') bc_weights=1000,1,0.001 seconds=30.0
[run] vanilla
[done] vanilla steps=35 ms/step=870.73 L2=0.999904
[run] sinh
/root/miniconda3/envs/apolarity/lib/python3.11/site-packages/torch/nn/modules/module.py:1310: UserWarning: Complex modules are a new feature under active development whose design may change, and some modules might not work as expected when using complex tensors as parameters or buffers. Please file an issue at https://github.com/pytorch/pytorch/issues/new?template=bug-report.yml if a complex module does not work as expected.
  warnings.warn(
[done] sinh steps=37 ms/step=840.31 L2=1.002
[ok] wrote experiments/results/poly_shared_weight_power_grid/o6/grid30/point_315_history.json  (2 traces)

[ok] wrote experiments/results/poly_shared_weight_power_grid/o6/grid30/point_315
[start] point_316 weights=(1000.0, 1.0, 0.01) seconds=30
device=cuda order=6 methods=('vanilla', 'sinh') bc_weights=1000,1,0.01 seconds=30.0
[run] vanilla
[done] vanilla steps=35 ms/step=878.12 L2=0.999903
[run] sinh
/root/miniconda3/envs/apolarity/lib/python3.11/site-packages/torch/nn/modules/module.py:1310: UserWarning: Complex modules are a new feature under active development whose design may change, and some modules might not work as expected when using complex tensors as parameters or buffers. Please file an issue at https://github.com/pytorch/pytorch/issues/new?template=bug-report.yml if a complex module does not work as expected.
  warnings.warn(
[done] sinh steps=37 ms/step=840.80 L2=1.00201
[ok] wrote experiments/results/poly_shared_weight_power_grid/o6/grid30/point_316_history.json  (2 traces)

[ok] wrote experiments/results/poly_shared_weight_power_grid/o6/grid30/point_316
[start] point_317 weights=(1000.0, 1.0, 0.1) seconds=30
device=cuda order=6 methods=('vanilla', 'sinh') bc_weights=1000,1,0.1 seconds=30.0
[run] vanilla
[done] vanilla steps=35 ms/step=877.75 L2=0.999903
[run] sinh
/root/miniconda3/envs/apolarity/lib/python3.11/site-packages/torch/nn/modules/module.py:1310: UserWarning: Complex modules are a new feature under active development whose design may change, and some modules might not work as expected when using complex tensors as parameters or buffers. Please file an issue at https://github.com/pytorch/pytorch/issues/new?template=bug-report.yml if a complex module does not work as expected.
  warnings.warn(
[done] sinh steps=37 ms/step=840.88 L2=1.00201
[ok] wrote experiments/results/poly_shared_weight_power_grid/o6/grid30/point_317_history.json  (2 traces)

[ok] wrote experiments/results/poly_shared_weight_power_grid/o6/grid30/point_317
[start] point_318 weights=(1000.0, 1.0, 1.0) seconds=30
device=cuda order=6 methods=('vanilla', 'sinh') bc_weights=1000,1,1 seconds=30.0
[run] vanilla
[done] vanilla steps=35 ms/step=880.31 L2=0.999903
[run] sinh
/root/miniconda3/envs/apolarity/lib/python3.11/site-packages/torch/nn/modules/module.py:1310: UserWarning: Complex modules are a new feature under active development whose design may change, and some modules might not work as expected when using complex tensors as parameters or buffers. Please file an issue at https://github.com/pytorch/pytorch/issues/new?template=bug-report.yml if a complex module does not work as expected.
  warnings.warn(
[done] sinh steps=37 ms/step=842.43 L2=1.00205
[ok] wrote experiments/results/poly_shared_weight_power_grid/o6/grid30/point_318_history.json  (2 traces)

[ok] wrote experiments/results/poly_shared_weight_power_grid/o6/grid30/point_318
[start] point_319 weights=(1000.0, 1.0, 10.0) seconds=30
device=cuda order=6 methods=('vanilla', 'sinh') bc_weights=1000,1,10 seconds=30.0
[run] vanilla
[done] vanilla steps=35 ms/step=880.65 L2=0.999903
[run] sinh
/root/miniconda3/envs/apolarity/lib/python3.11/site-packages/torch/nn/modules/module.py:1310: UserWarning: Complex modules are a new feature under active development whose design may change, and some modules might not work as expected when using complex tensors as parameters or buffers. Please file an issue at https://github.com/pytorch/pytorch/issues/new?template=bug-report.yml if a complex module does not work as expected.
  warnings.warn(
[done] sinh steps=37 ms/step=841.33 L2=1.00205
[ok] wrote experiments/results/poly_shared_weight_power_grid/o6/grid30/point_319_history.json  (2 traces)

[ok] wrote experiments/results/poly_shared_weight_power_grid/o6/grid30/point_319
[start] point_320 weights=(1000.0, 1.0, 100.0) seconds=30
device=cuda order=6 methods=('vanilla', 'sinh') bc_weights=1000,1,100 seconds=30.0
[run] vanilla
[done] vanilla steps=35 ms/step=870.36 L2=0.999904
[run] sinh
/root/miniconda3/envs/apolarity/lib/python3.11/site-packages/torch/nn/modules/module.py:1310: UserWarning: Complex modules are a new feature under active development whose design may change, and some modules might not work as expected when using complex tensors as parameters or buffers. Please file an issue at https://github.com/pytorch/pytorch/issues/new?template=bug-report.yml if a complex module does not work as expected.
  warnings.warn(
[done] sinh steps=37 ms/step=839.80 L2=1.00197
[ok] wrote experiments/results/poly_shared_weight_power_grid/o6/grid30/point_320_history.json  (2 traces)

[ok] wrote experiments/results/poly_shared_weight_power_grid/o6/grid30/point_320
[start] point_321 weights=(1000.0, 1.0, 1000.0) seconds=30
device=cuda order=6 methods=('vanilla', 'sinh') bc_weights=1000,1,1000 seconds=30.0
[run] vanilla
[done] vanilla steps=35 ms/step=869.60 L2=0.999904
[run] sinh
/root/miniconda3/envs/apolarity/lib/python3.11/site-packages/torch/nn/modules/module.py:1310: UserWarning: Complex modules are a new feature under active development whose design may change, and some modules might not work as expected when using complex tensors as parameters or buffers. Please file an issue at https://github.com/pytorch/pytorch/issues/new?template=bug-report.yml if a complex module does not work as expected.
  warnings.warn(
[done] sinh steps=37 ms/step=839.87 L2=1.00038
[ok] wrote experiments/results/poly_shared_weight_power_grid/o6/grid30/point_321_history.json  (2 traces)

[ok] wrote experiments/results/poly_shared_weight_power_grid/o6/grid30/point_321
[start] point_322 weights=(1000.0, 10.0, 0.001) seconds=30
device=cuda order=6 methods=('vanilla', 'sinh') bc_weights=1000,10,0.001 seconds=30.0
[run] vanilla
[done] vanilla steps=35 ms/step=870.05 L2=0.999904
[run] sinh
/root/miniconda3/envs/apolarity/lib/python3.11/site-packages/torch/nn/modules/module.py:1310: UserWarning: Complex modules are a new feature under active development whose design may change, and some modules might not work as expected when using complex tensors as parameters or buffers. Please file an issue at https://github.com/pytorch/pytorch/issues/new?template=bug-report.yml if a complex module does not work as expected.
  warnings.warn(
[done] sinh steps=37 ms/step=840.29 L2=1.002
[ok] wrote experiments/results/poly_shared_weight_power_grid/o6/grid30/point_322_history.json  (2 traces)

[ok] wrote experiments/results/poly_shared_weight_power_grid/o6/grid30/point_322
[start] point_323 weights=(1000.0, 10.0, 0.01) seconds=30
device=cuda order=6 methods=('vanilla', 'sinh') bc_weights=1000,10,0.01 seconds=30.0
[run] vanilla
[done] vanilla steps=35 ms/step=869.58 L2=0.999904
[run] sinh
/root/miniconda3/envs/apolarity/lib/python3.11/site-packages/torch/nn/modules/module.py:1310: UserWarning: Complex modules are a new feature under active development whose design may change, and some modules might not work as expected when using complex tensors as parameters or buffers. Please file an issue at https://github.com/pytorch/pytorch/issues/new?template=bug-report.yml if a complex module does not work as expected.
  warnings.warn(
[done] sinh steps=37 ms/step=840.29 L2=1.00201
[ok] wrote experiments/results/poly_shared_weight_power_grid/o6/grid30/point_323_history.json  (2 traces)

[ok] wrote experiments/results/poly_shared_weight_power_grid/o6/grid30/point_323
[start] point_324 weights=(1000.0, 10.0, 0.1) seconds=30
device=cuda order=6 methods=('vanilla', 'sinh') bc_weights=1000,10,0.1 seconds=30.0
[run] vanilla
[done] vanilla steps=35 ms/step=871.33 L2=0.999904
[run] sinh
/root/miniconda3/envs/apolarity/lib/python3.11/site-packages/torch/nn/modules/module.py:1310: UserWarning: Complex modules are a new feature under active development whose design may change, and some modules might not work as expected when using complex tensors as parameters or buffers. Please file an issue at https://github.com/pytorch/pytorch/issues/new?template=bug-report.yml if a complex module does not work as expected.
  warnings.warn(
[done] sinh steps=37 ms/step=840.07 L2=1.00201
[ok] wrote experiments/results/poly_shared_weight_power_grid/o6/grid30/point_324_history.json  (2 traces)

[ok] wrote experiments/results/poly_shared_weight_power_grid/o6/grid30/point_324
[start] point_325 weights=(1000.0, 10.0, 1.0) seconds=30
device=cuda order=6 methods=('vanilla', 'sinh') bc_weights=1000,10,1 seconds=30.0
[run] vanilla
[done] vanilla steps=35 ms/step=870.14 L2=0.999904
[run] sinh
/root/miniconda3/envs/apolarity/lib/python3.11/site-packages/torch/nn/modules/module.py:1310: UserWarning: Complex modules are a new feature under active development whose design may change, and some modules might not work as expected when using complex tensors as parameters or buffers. Please file an issue at https://github.com/pytorch/pytorch/issues/new?template=bug-report.yml if a complex module does not work as expected.
  warnings.warn(
[done] sinh steps=37 ms/step=840.42 L2=1.00202
[ok] wrote experiments/results/poly_shared_weight_power_grid/o6/grid30/point_325_history.json  (2 traces)

[ok] wrote experiments/results/poly_shared_weight_power_grid/o6/grid30/point_325
[start] point_326 weights=(1000.0, 10.0, 10.0) seconds=30
device=cuda order=6 methods=('vanilla', 'sinh') bc_weights=1000,10,10 seconds=30.0
[run] vanilla
[done] vanilla steps=35 ms/step=870.46 L2=0.999904
[run] sinh
/root/miniconda3/envs/apolarity/lib/python3.11/site-packages/torch/nn/modules/module.py:1310: UserWarning: Complex modules are a new feature under active development whose design may change, and some modules might not work as expected when using complex tensors as parameters or buffers. Please file an issue at https://github.com/pytorch/pytorch/issues/new?template=bug-report.yml if a complex module does not work as expected.
  warnings.warn(
[done] sinh steps=37 ms/step=840.35 L2=1.00202
[ok] wrote experiments/results/poly_shared_weight_power_grid/o6/grid30/point_326_history.json  (2 traces)

[ok] wrote experiments/results/poly_shared_weight_power_grid/o6/grid30/point_326
[start] point_327 weights=(1000.0, 10.0, 100.0) seconds=30
device=cuda order=6 methods=('vanilla', 'sinh') bc_weights=1000,10,100 seconds=30.0
[run] vanilla
[done] vanilla steps=35 ms/step=869.90 L2=0.999904
[run] sinh
/root/miniconda3/envs/apolarity/lib/python3.11/site-packages/torch/nn/modules/module.py:1310: UserWarning: Complex modules are a new feature under active development whose design may change, and some modules might not work as expected when using complex tensors as parameters or buffers. Please file an issue at https://github.com/pytorch/pytorch/issues/new?template=bug-report.yml if a complex module does not work as expected.
  warnings.warn(
[done] sinh steps=37 ms/step=840.36 L2=1.00199
[ok] wrote experiments/results/poly_shared_weight_power_grid/o6/grid30/point_327_history.json  (2 traces)

[ok] wrote experiments/results/poly_shared_weight_power_grid/o6/grid30/point_327
[start] point_328 weights=(1000.0, 10.0, 1000.0) seconds=30
device=cuda order=6 methods=('vanilla', 'sinh') bc_weights=1000,10,1000 seconds=30.0
[run] vanilla
[done] vanilla steps=35 ms/step=869.36 L2=0.999905
[run] sinh
/root/miniconda3/envs/apolarity/lib/python3.11/site-packages/torch/nn/modules/module.py:1310: UserWarning: Complex modules are a new feature under active development whose design may change, and some modules might not work as expected when using complex tensors as parameters or buffers. Please file an issue at https://github.com/pytorch/pytorch/issues/new?template=bug-report.yml if a complex module does not work as expected.
  warnings.warn(
[done] sinh steps=37 ms/step=840.17 L2=1.00038
[ok] wrote experiments/results/poly_shared_weight_power_grid/o6/grid30/point_328_history.json  (2 traces)

[ok] wrote experiments/results/poly_shared_weight_power_grid/o6/grid30/point_328
[start] point_329 weights=(1000.0, 100.0, 0.001) seconds=30
device=cuda order=6 methods=('vanilla', 'sinh') bc_weights=1000,100,0.001 seconds=30.0
[run] vanilla
[done] vanilla steps=35 ms/step=877.10 L2=0.999904
[run] sinh
/root/miniconda3/envs/apolarity/lib/python3.11/site-packages/torch/nn/modules/module.py:1310: UserWarning: Complex modules are a new feature under active development whose design may change, and some modules might not work as expected when using complex tensors as parameters or buffers. Please file an issue at https://github.com/pytorch/pytorch/issues/new?template=bug-report.yml if a complex module does not work as expected.
  warnings.warn(
[done] sinh steps=37 ms/step=841.21 L2=1.00192
[ok] wrote experiments/results/poly_shared_weight_power_grid/o6/grid30/point_329_history.json  (2 traces)

[ok] wrote experiments/results/poly_shared_weight_power_grid/o6/grid30/point_329
[start] point_330 weights=(1000.0, 100.0, 0.01) seconds=30
device=cuda order=6 methods=('vanilla', 'sinh') bc_weights=1000,100,0.01 seconds=30.0
[run] vanilla
[done] vanilla steps=35 ms/step=879.79 L2=0.999904
[run] sinh
/root/miniconda3/envs/apolarity/lib/python3.11/site-packages/torch/nn/modules/module.py:1310: UserWarning: Complex modules are a new feature under active development whose design may change, and some modules might not work as expected when using complex tensors as parameters or buffers. Please file an issue at https://github.com/pytorch/pytorch/issues/new?template=bug-report.yml if a complex module does not work as expected.
  warnings.warn(
[done] sinh steps=37 ms/step=841.04 L2=1.00192
[ok] wrote experiments/results/poly_shared_weight_power_grid/o6/grid30/point_330_history.json  (2 traces)

[ok] wrote experiments/results/poly_shared_weight_power_grid/o6/grid30/point_330
[start] point_331 weights=(1000.0, 100.0, 0.1) seconds=30
device=cuda order=6 methods=('vanilla', 'sinh') bc_weights=1000,100,0.1 seconds=30.0
[run] vanilla
[done] vanilla steps=34 ms/step=886.92 L2=0.999906
[run] sinh
/root/miniconda3/envs/apolarity/lib/python3.11/site-packages/torch/nn/modules/module.py:1310: UserWarning: Complex modules are a new feature under active development whose design may change, and some modules might not work as expected when using complex tensors as parameters or buffers. Please file an issue at https://github.com/pytorch/pytorch/issues/new?template=bug-report.yml if a complex module does not work as expected.
  warnings.warn(
[done] sinh steps=37 ms/step=841.76 L2=1.00193
[ok] wrote experiments/results/poly_shared_weight_power_grid/o6/grid30/point_331_history.json  (2 traces)

[ok] wrote experiments/results/poly_shared_weight_power_grid/o6/grid30/point_331
[start] point_332 weights=(1000.0, 100.0, 1.0) seconds=30
device=cuda order=6 methods=('vanilla', 'sinh') bc_weights=1000,100,1 seconds=30.0
[run] vanilla
[done] vanilla steps=35 ms/step=880.41 L2=0.999904
[run] sinh
/root/miniconda3/envs/apolarity/lib/python3.11/site-packages/torch/nn/modules/module.py:1310: UserWarning: Complex modules are a new feature under active development whose design may change, and some modules might not work as expected when using complex tensors as parameters or buffers. Please file an issue at https://github.com/pytorch/pytorch/issues/new?template=bug-report.yml if a complex module does not work as expected.
  warnings.warn(
[done] sinh steps=37 ms/step=841.49 L2=1.00193
[ok] wrote experiments/results/poly_shared_weight_power_grid/o6/grid30/point_332_history.json  (2 traces)

[ok] wrote experiments/results/poly_shared_weight_power_grid/o6/grid30/point_332
[start] point_333 weights=(1000.0, 100.0, 10.0) seconds=30
device=cuda order=6 methods=('vanilla', 'sinh') bc_weights=1000,100,10 seconds=30.0
[run] vanilla
[done] vanilla steps=35 ms/step=871.89 L2=0.999905
[run] sinh
/root/miniconda3/envs/apolarity/lib/python3.11/site-packages/torch/nn/modules/module.py:1310: UserWarning: Complex modules are a new feature under active development whose design may change, and some modules might not work as expected when using complex tensors as parameters or buffers. Please file an issue at https://github.com/pytorch/pytorch/issues/new?template=bug-report.yml if a complex module does not work as expected.
  warnings.warn(
[done] sinh steps=37 ms/step=840.43 L2=1.00189
[ok] wrote experiments/results/poly_shared_weight_power_grid/o6/grid30/point_333_history.json  (2 traces)

[ok] wrote experiments/results/poly_shared_weight_power_grid/o6/grid30/point_333
[start] point_334 weights=(1000.0, 100.0, 100.0) seconds=30
device=cuda order=6 methods=('vanilla', 'sinh') bc_weights=1000,100,100 seconds=30.0
[run] vanilla
[done] vanilla steps=35 ms/step=876.40 L2=0.999904
[run] sinh
/root/miniconda3/envs/apolarity/lib/python3.11/site-packages/torch/nn/modules/module.py:1310: UserWarning: Complex modules are a new feature under active development whose design may change, and some modules might not work as expected when using complex tensors as parameters or buffers. Please file an issue at https://github.com/pytorch/pytorch/issues/new?template=bug-report.yml if a complex module does not work as expected.
  warnings.warn(
[done] sinh steps=37 ms/step=841.18 L2=1.00191
[ok] wrote experiments/results/poly_shared_weight_power_grid/o6/grid30/point_334_history.json  (2 traces)

[ok] wrote experiments/results/poly_shared_weight_power_grid/o6/grid30/point_334
[start] point_335 weights=(1000.0, 100.0, 1000.0) seconds=30
device=cuda order=6 methods=('vanilla', 'sinh') bc_weights=1000,100,1000 seconds=30.0
[run] vanilla
[done] vanilla steps=35 ms/step=874.39 L2=0.999905
[run] sinh
/root/miniconda3/envs/apolarity/lib/python3.11/site-packages/torch/nn/modules/module.py:1310: UserWarning: Complex modules are a new feature under active development whose design may change, and some modules might not work as expected when using complex tensors as parameters or buffers. Please file an issue at https://github.com/pytorch/pytorch/issues/new?template=bug-report.yml if a complex module does not work as expected.
  warnings.warn(
[done] sinh steps=37 ms/step=840.78 L2=1.00032
[ok] wrote experiments/results/poly_shared_weight_power_grid/o6/grid30/point_335_history.json  (2 traces)

[ok] wrote experiments/results/poly_shared_weight_power_grid/o6/grid30/point_335
[start] point_336 weights=(1000.0, 1000.0, 0.001) seconds=30
device=cuda order=6 methods=('vanilla', 'sinh') bc_weights=1000,1000,0.001 seconds=30.0
[run] vanilla
[done] vanilla steps=35 ms/step=878.47 L2=0.999914
[run] sinh
/root/miniconda3/envs/apolarity/lib/python3.11/site-packages/torch/nn/modules/module.py:1310: UserWarning: Complex modules are a new feature under active development whose design may change, and some modules might not work as expected when using complex tensors as parameters or buffers. Please file an issue at https://github.com/pytorch/pytorch/issues/new?template=bug-report.yml if a complex module does not work as expected.
  warnings.warn(
[done] sinh steps=37 ms/step=840.60 L2=1.00056
[ok] wrote experiments/results/poly_shared_weight_power_grid/o6/grid30/point_336_history.json  (2 traces)

[ok] wrote experiments/results/poly_shared_weight_power_grid/o6/grid30/point_336
[start] point_337 weights=(1000.0, 1000.0, 0.01) seconds=30
device=cuda order=6 methods=('vanilla', 'sinh') bc_weights=1000,1000,0.01 seconds=30.0
[run] vanilla
[done] vanilla steps=35 ms/step=872.55 L2=0.999915
[run] sinh
/root/miniconda3/envs/apolarity/lib/python3.11/site-packages/torch/nn/modules/module.py:1310: UserWarning: Complex modules are a new feature under active development whose design may change, and some modules might not work as expected when using complex tensors as parameters or buffers. Please file an issue at https://github.com/pytorch/pytorch/issues/new?template=bug-report.yml if a complex module does not work as expected.
  warnings.warn(
[done] sinh steps=37 ms/step=840.61 L2=1.00056
[ok] wrote experiments/results/poly_shared_weight_power_grid/o6/grid30/point_337_history.json  (2 traces)

[ok] wrote experiments/results/poly_shared_weight_power_grid/o6/grid30/point_337
[start] point_338 weights=(1000.0, 1000.0, 0.1) seconds=30
device=cuda order=6 methods=('vanilla', 'sinh') bc_weights=1000,1000,0.1 seconds=30.0
[run] vanilla
[done] vanilla steps=35 ms/step=881.67 L2=0.999914
[run] sinh
/root/miniconda3/envs/apolarity/lib/python3.11/site-packages/torch/nn/modules/module.py:1310: UserWarning: Complex modules are a new feature under active development whose design may change, and some modules might not work as expected when using complex tensors as parameters or buffers. Please file an issue at https://github.com/pytorch/pytorch/issues/new?template=bug-report.yml if a complex module does not work as expected.
  warnings.warn(
[done] sinh steps=37 ms/step=841.65 L2=1.00059
[ok] wrote experiments/results/poly_shared_weight_power_grid/o6/grid30/point_338_history.json  (2 traces)

[ok] wrote experiments/results/poly_shared_weight_power_grid/o6/grid30/point_338
[start] point_339 weights=(1000.0, 1000.0, 1.0) seconds=30
device=cuda order=6 methods=('vanilla', 'sinh') bc_weights=1000,1000,1 seconds=30.0
[run] vanilla
[done] vanilla steps=35 ms/step=865.33 L2=0.999915
[run] sinh
/root/miniconda3/envs/apolarity/lib/python3.11/site-packages/torch/nn/modules/module.py:1310: UserWarning: Complex modules are a new feature under active development whose design may change, and some modules might not work as expected when using complex tensors as parameters or buffers. Please file an issue at https://github.com/pytorch/pytorch/issues/new?template=bug-report.yml if a complex module does not work as expected.
  warnings.warn(
[done] sinh steps=37 ms/step=840.01 L2=1.00055
[ok] wrote experiments/results/poly_shared_weight_power_grid/o6/grid30/point_339_history.json  (2 traces)

[ok] wrote experiments/results/poly_shared_weight_power_grid/o6/grid30/point_339
[start] point_340 weights=(1000.0, 1000.0, 10.0) seconds=30
device=cuda order=6 methods=('vanilla', 'sinh') bc_weights=1000,1000,10 seconds=30.0
[run] vanilla
[done] vanilla steps=35 ms/step=868.23 L2=0.999915
[run] sinh
/root/miniconda3/envs/apolarity/lib/python3.11/site-packages/torch/nn/modules/module.py:1310: UserWarning: Complex modules are a new feature under active development whose design may change, and some modules might not work as expected when using complex tensors as parameters or buffers. Please file an issue at https://github.com/pytorch/pytorch/issues/new?template=bug-report.yml if a complex module does not work as expected.
  warnings.warn(
[done] sinh steps=37 ms/step=839.87 L2=1.00055
[ok] wrote experiments/results/poly_shared_weight_power_grid/o6/grid30/point_340_history.json  (2 traces)

[ok] wrote experiments/results/poly_shared_weight_power_grid/o6/grid30/point_340
[start] point_341 weights=(1000.0, 1000.0, 100.0) seconds=30
device=cuda order=6 methods=('vanilla', 'sinh') bc_weights=1000,1000,100 seconds=30.0
[run] vanilla
[done] vanilla steps=35 ms/step=870.50 L2=0.999915
[run] sinh
/root/miniconda3/envs/apolarity/lib/python3.11/site-packages/torch/nn/modules/module.py:1310: UserWarning: Complex modules are a new feature under active development whose design may change, and some modules might not work as expected when using complex tensors as parameters or buffers. Please file an issue at https://github.com/pytorch/pytorch/issues/new?template=bug-report.yml if a complex module does not work as expected.
  warnings.warn(
[done] sinh steps=37 ms/step=840.01 L2=1.00061
[ok] wrote experiments/results/poly_shared_weight_power_grid/o6/grid30/point_341_history.json  (2 traces)

[ok] wrote experiments/results/poly_shared_weight_power_grid/o6/grid30/point_341
[start] point_342 weights=(1000.0, 1000.0, 1000.0) seconds=30
device=cuda order=6 methods=('vanilla', 'sinh') bc_weights=1000,1000,1000 seconds=30.0
[run] vanilla
[done] vanilla steps=35 ms/step=876.52 L2=0.999914
[run] sinh
/root/miniconda3/envs/apolarity/lib/python3.11/site-packages/torch/nn/modules/module.py:1310: UserWarning: Complex modules are a new feature under active development whose design may change, and some modules might not work as expected when using complex tensors as parameters or buffers. Please file an issue at https://github.com/pytorch/pytorch/issues/new?template=bug-report.yml if a complex module does not work as expected.
  warnings.warn(
[done] sinh steps=37 ms/step=840.79 L2=1.00002
[ok] wrote experiments/results/poly_shared_weight_power_grid/o6/grid30/point_342_history.json  (2 traces)

[ok] wrote experiments/results/poly_shared_weight_power_grid/o6/grid30/point_342
