nohup: ignoring input
[start] point_000 weights=(0.01, 0.01) seconds=30
device=cuda order=4 methods=('vanilla', 'sinh') bc_weights=0.01,0.01 seconds=30.0
[run] vanilla
[done] vanilla steps=262 ms/step=114.87 L2=0.358157
[run] sinh
/root/miniconda3/envs/apolarity/lib/python3.11/site-packages/torch/nn/modules/module.py:1310: UserWarning: Complex modules are a new feature under active development whose design may change, and some modules might not work as expected when using complex tensors as parameters or buffers. Please file an issue at https://github.com/pytorch/pytorch/issues/new?template=bug-report.yml if a complex module does not work as expected.
  warnings.warn(
[done] sinh steps=124 ms/step=243.18 L2=0.126936
[ok] wrote experiments/results/poly_shared_weight_cartesian/o4/grid30/point_000_history.json  (2 traces)

[ok] wrote experiments/results/poly_shared_weight_cartesian/o4/grid30/point_000
[start] point_001 weights=(0.01, 0.03) seconds=30
device=cuda order=4 methods=('vanilla', 'sinh') bc_weights=0.01,0.03 seconds=30.0
[run] vanilla
[done] vanilla steps=263 ms/step=114.26 L2=0.262388
[run] sinh
/root/miniconda3/envs/apolarity/lib/python3.11/site-packages/torch/nn/modules/module.py:1310: UserWarning: Complex modules are a new feature under active development whose design may change, and some modules might not work as expected when using complex tensors as parameters or buffers. Please file an issue at https://github.com/pytorch/pytorch/issues/new?template=bug-report.yml if a complex module does not work as expected.
  warnings.warn(
[done] sinh steps=125 ms/step=242.92 L2=0.0912619
[ok] wrote experiments/results/poly_shared_weight_cartesian/o4/grid30/point_001_history.json  (2 traces)

[ok] wrote experiments/results/poly_shared_weight_cartesian/o4/grid30/point_001
[start] point_002 weights=(0.01, 0.1) seconds=30
device=cuda order=4 methods=('vanilla', 'sinh') bc_weights=0.01,0.1 seconds=30.0
[run] vanilla
[done] vanilla steps=263 ms/step=114.21 L2=0.138151
[run] sinh
/root/miniconda3/envs/apolarity/lib/python3.11/site-packages/torch/nn/modules/module.py:1310: UserWarning: Complex modules are a new feature under active development whose design may change, and some modules might not work as expected when using complex tensors as parameters or buffers. Please file an issue at https://github.com/pytorch/pytorch/issues/new?template=bug-report.yml if a complex module does not work as expected.
  warnings.warn(
[done] sinh steps=125 ms/step=242.97 L2=0.055465
[ok] wrote experiments/results/poly_shared_weight_cartesian/o4/grid30/point_002_history.json  (2 traces)

[ok] wrote experiments/results/poly_shared_weight_cartesian/o4/grid30/point_002
[start] point_003 weights=(0.01, 0.3) seconds=30
device=cuda order=4 methods=('vanilla', 'sinh') bc_weights=0.01,0.3 seconds=30.0
[run] vanilla
[done] vanilla steps=262 ms/step=114.74 L2=0.105536
[run] sinh
/root/miniconda3/envs/apolarity/lib/python3.11/site-packages/torch/nn/modules/module.py:1310: UserWarning: Complex modules are a new feature under active development whose design may change, and some modules might not work as expected when using complex tensors as parameters or buffers. Please file an issue at https://github.com/pytorch/pytorch/issues/new?template=bug-report.yml if a complex module does not work as expected.
  warnings.warn(
[done] sinh steps=124 ms/step=243.16 L2=0.0319743
[ok] wrote experiments/results/poly_shared_weight_cartesian/o4/grid30/point_003_history.json  (2 traces)

[ok] wrote experiments/results/poly_shared_weight_cartesian/o4/grid30/point_003
[start] point_004 weights=(0.01, 1.0) seconds=30
device=cuda order=4 methods=('vanilla', 'sinh') bc_weights=0.01,1 seconds=30.0
[run] vanilla
[done] vanilla steps=262 ms/step=114.82 L2=0.10865
[run] sinh
/root/miniconda3/envs/apolarity/lib/python3.11/site-packages/torch/nn/modules/module.py:1310: UserWarning: Complex modules are a new feature under active development whose design may change, and some modules might not work as expected when using complex tensors as parameters or buffers. Please file an issue at https://github.com/pytorch/pytorch/issues/new?template=bug-report.yml if a complex module does not work as expected.
  warnings.warn(
[done] sinh steps=124 ms/step=243.61 L2=0.0276464
[ok] wrote experiments/results/poly_shared_weight_cartesian/o4/grid30/point_004_history.json  (2 traces)

[ok] wrote experiments/results/poly_shared_weight_cartesian/o4/grid30/point_004
[start] point_005 weights=(0.01, 3.0) seconds=30
device=cuda order=4 methods=('vanilla', 'sinh') bc_weights=0.01,3 seconds=30.0
[run] vanilla
[done] vanilla steps=263 ms/step=114.32 L2=0.247693
[run] sinh
/root/miniconda3/envs/apolarity/lib/python3.11/site-packages/torch/nn/modules/module.py:1310: UserWarning: Complex modules are a new feature under active development whose design may change, and some modules might not work as expected when using complex tensors as parameters or buffers. Please file an issue at https://github.com/pytorch/pytorch/issues/new?template=bug-report.yml if a complex module does not work as expected.
  warnings.warn(
[done] sinh steps=124 ms/step=243.76 L2=0.0260216
[ok] wrote experiments/results/poly_shared_weight_cartesian/o4/grid30/point_005_history.json  (2 traces)

[ok] wrote experiments/results/poly_shared_weight_cartesian/o4/grid30/point_005
[start] point_006 weights=(0.03, 0.01) seconds=30
device=cuda order=4 methods=('vanilla', 'sinh') bc_weights=0.03,0.01 seconds=30.0
[run] vanilla
[done] vanilla steps=265 ms/step=113.73 L2=0.391461
[run] sinh
/root/miniconda3/envs/apolarity/lib/python3.11/site-packages/torch/nn/modules/module.py:1310: UserWarning: Complex modules are a new feature under active development whose design may change, and some modules might not work as expected when using complex tensors as parameters or buffers. Please file an issue at https://github.com/pytorch/pytorch/issues/new?template=bug-report.yml if a complex module does not work as expected.
  warnings.warn(
[done] sinh steps=125 ms/step=242.64 L2=0.102515
[ok] wrote experiments/results/poly_shared_weight_cartesian/o4/grid30/point_006_history.json  (2 traces)

[ok] wrote experiments/results/poly_shared_weight_cartesian/o4/grid30/point_006
[start] point_007 weights=(0.03, 0.03) seconds=30
device=cuda order=4 methods=('vanilla', 'sinh') bc_weights=0.03,0.03 seconds=30.0
[run] vanilla
[done] vanilla steps=265 ms/step=113.60 L2=0.342588
[run] sinh
/root/miniconda3/envs/apolarity/lib/python3.11/site-packages/torch/nn/modules/module.py:1310: UserWarning: Complex modules are a new feature under active development whose design may change, and some modules might not work as expected when using complex tensors as parameters or buffers. Please file an issue at https://github.com/pytorch/pytorch/issues/new?template=bug-report.yml if a complex module does not work as expected.
  warnings.warn(
[done] sinh steps=125 ms/step=242.54 L2=0.0790515
[ok] wrote experiments/results/poly_shared_weight_cartesian/o4/grid30/point_007_history.json  (2 traces)

[ok] wrote experiments/results/poly_shared_weight_cartesian/o4/grid30/point_007
[start] point_008 weights=(0.03, 0.1) seconds=30
device=cuda order=4 methods=('vanilla', 'sinh') bc_weights=0.03,0.1 seconds=30.0
[run] vanilla
[done] vanilla steps=262 ms/step=114.91 L2=0.242919
[run] sinh
/root/miniconda3/envs/apolarity/lib/python3.11/site-packages/torch/nn/modules/module.py:1310: UserWarning: Complex modules are a new feature under active development whose design may change, and some modules might not work as expected when using complex tensors as parameters or buffers. Please file an issue at https://github.com/pytorch/pytorch/issues/new?template=bug-report.yml if a complex module does not work as expected.
  warnings.warn(
[done] sinh steps=124 ms/step=244.01 L2=0.0509916
[ok] wrote experiments/results/poly_shared_weight_cartesian/o4/grid30/point_008_history.json  (2 traces)

[ok] wrote experiments/results/poly_shared_weight_cartesian/o4/grid30/point_008
[start] point_009 weights=(0.03, 0.3) seconds=30
device=cuda order=4 methods=('vanilla', 'sinh') bc_weights=0.03,0.3 seconds=30.0
[run] vanilla
[done] vanilla steps=262 ms/step=114.96 L2=0.155106
[run] sinh
/root/miniconda3/envs/apolarity/lib/python3.11/site-packages/torch/nn/modules/module.py:1310: UserWarning: Complex modules are a new feature under active development whose design may change, and some modules might not work as expected when using complex tensors as parameters or buffers. Please file an issue at https://github.com/pytorch/pytorch/issues/new?template=bug-report.yml if a complex module does not work as expected.
  warnings.warn(
[done] sinh steps=124 ms/step=243.17 L2=0.028819
[ok] wrote experiments/results/poly_shared_weight_cartesian/o4/grid30/point_009_history.json  (2 traces)

[ok] wrote experiments/results/poly_shared_weight_cartesian/o4/grid30/point_009
[start] point_010 weights=(0.03, 1.0) seconds=30
device=cuda order=4 methods=('vanilla', 'sinh') bc_weights=0.03,1 seconds=30.0
[run] vanilla
[done] vanilla steps=262 ms/step=114.88 L2=0.111763
[run] sinh
/root/miniconda3/envs/apolarity/lib/python3.11/site-packages/torch/nn/modules/module.py:1310: UserWarning: Complex modules are a new feature under active development whose design may change, and some modules might not work as expected when using complex tensors as parameters or buffers. Please file an issue at https://github.com/pytorch/pytorch/issues/new?template=bug-report.yml if a complex module does not work as expected.
  warnings.warn(
[done] sinh steps=124 ms/step=243.18 L2=0.0216645
[ok] wrote experiments/results/poly_shared_weight_cartesian/o4/grid30/point_010_history.json  (2 traces)

[ok] wrote experiments/results/poly_shared_weight_cartesian/o4/grid30/point_010
[start] point_011 weights=(0.03, 3.0) seconds=30
device=cuda order=4 methods=('vanilla', 'sinh') bc_weights=0.03,3 seconds=30.0
[run] vanilla
[done] vanilla steps=264 ms/step=114.08 L2=0.15335
[run] sinh
/root/miniconda3/envs/apolarity/lib/python3.11/site-packages/torch/nn/modules/module.py:1310: UserWarning: Complex modules are a new feature under active development whose design may change, and some modules might not work as expected when using complex tensors as parameters or buffers. Please file an issue at https://github.com/pytorch/pytorch/issues/new?template=bug-report.yml if a complex module does not work as expected.
  warnings.warn(
[done] sinh steps=125 ms/step=242.46 L2=0.0167261
[ok] wrote experiments/results/poly_shared_weight_cartesian/o4/grid30/point_011_history.json  (2 traces)

[ok] wrote experiments/results/poly_shared_weight_cartesian/o4/grid30/point_011
[start] point_012 weights=(0.1, 0.01) seconds=30
device=cuda order=4 methods=('vanilla', 'sinh') bc_weights=0.1,0.01 seconds=30.0
[run] vanilla
[done] vanilla steps=261 ms/step=115.09 L2=0.354984
[run] sinh
/root/miniconda3/envs/apolarity/lib/python3.11/site-packages/torch/nn/modules/module.py:1310: UserWarning: Complex modules are a new feature under active development whose design may change, and some modules might not work as expected when using complex tensors as parameters or buffers. Please file an issue at https://github.com/pytorch/pytorch/issues/new?template=bug-report.yml if a complex module does not work as expected.
  warnings.warn(
[done] sinh steps=124 ms/step=243.75 L2=0.0871277
[ok] wrote experiments/results/poly_shared_weight_cartesian/o4/grid30/point_012_history.json  (2 traces)

[ok] wrote experiments/results/poly_shared_weight_cartesian/o4/grid30/point_012
[start] point_013 weights=(0.1, 0.03) seconds=30
device=cuda order=4 methods=('vanilla', 'sinh') bc_weights=0.1,0.03 seconds=30.0
[run] vanilla
[done] vanilla steps=262 ms/step=114.67 L2=0.322938
[run] sinh
/root/miniconda3/envs/apolarity/lib/python3.11/site-packages/torch/nn/modules/module.py:1310: UserWarning: Complex modules are a new feature under active development whose design may change, and some modules might not work as expected when using complex tensors as parameters or buffers. Please file an issue at https://github.com/pytorch/pytorch/issues/new?template=bug-report.yml if a complex module does not work as expected.
  warnings.warn(
[done] sinh steps=124 ms/step=243.96 L2=0.0764424
[ok] wrote experiments/results/poly_shared_weight_cartesian/o4/grid30/point_013_history.json  (2 traces)

[ok] wrote experiments/results/poly_shared_weight_cartesian/o4/grid30/point_013
[start] point_014 weights=(0.1, 0.1) seconds=30
device=cuda order=4 methods=('vanilla', 'sinh') bc_weights=0.1,0.1 seconds=30.0
[run] vanilla
[done] vanilla steps=263 ms/step=114.24 L2=0.255926
[run] sinh
/root/miniconda3/envs/apolarity/lib/python3.11/site-packages/torch/nn/modules/module.py:1310: UserWarning: Complex modules are a new feature under active development whose design may change, and some modules might not work as expected when using complex tensors as parameters or buffers. Please file an issue at https://github.com/pytorch/pytorch/issues/new?template=bug-report.yml if a complex module does not work as expected.
  warnings.warn(
[done] sinh steps=124 ms/step=243.63 L2=0.0553421
[ok] wrote experiments/results/poly_shared_weight_cartesian/o4/grid30/point_014_history.json  (2 traces)

[ok] wrote experiments/results/poly_shared_weight_cartesian/o4/grid30/point_014
[start] point_015 weights=(0.1, 0.3) seconds=30
device=cuda order=4 methods=('vanilla', 'sinh') bc_weights=0.1,0.3 seconds=30.0
[run] vanilla
[done] vanilla steps=262 ms/step=114.87 L2=0.316834
[run] sinh
/root/miniconda3/envs/apolarity/lib/python3.11/site-packages/torch/nn/modules/module.py:1310: UserWarning: Complex modules are a new feature under active development whose design may change, and some modules might not work as expected when using complex tensors as parameters or buffers. Please file an issue at https://github.com/pytorch/pytorch/issues/new?template=bug-report.yml if a complex module does not work as expected.
  warnings.warn(
[done] sinh steps=125 ms/step=243.07 L2=0.0368441
[ok] wrote experiments/results/poly_shared_weight_cartesian/o4/grid30/point_015_history.json  (2 traces)

[ok] wrote experiments/results/poly_shared_weight_cartesian/o4/grid30/point_015
[start] point_016 weights=(0.1, 1.0) seconds=30
device=cuda order=4 methods=('vanilla', 'sinh') bc_weights=0.1,1 seconds=30.0
[run] vanilla
[done] vanilla steps=262 ms/step=114.62 L2=0.132098
[run] sinh
/root/miniconda3/envs/apolarity/lib/python3.11/site-packages/torch/nn/modules/module.py:1310: UserWarning: Complex modules are a new feature under active development whose design may change, and some modules might not work as expected when using complex tensors as parameters or buffers. Please file an issue at https://github.com/pytorch/pytorch/issues/new?template=bug-report.yml if a complex module does not work as expected.
  warnings.warn(
[done] sinh steps=124 ms/step=243.25 L2=0.0238171
[ok] wrote experiments/results/poly_shared_weight_cartesian/o4/grid30/point_016_history.json  (2 traces)

[ok] wrote experiments/results/poly_shared_weight_cartesian/o4/grid30/point_016
[start] point_017 weights=(0.1, 3.0) seconds=30
device=cuda order=4 methods=('vanilla', 'sinh') bc_weights=0.1,3 seconds=30.0
[run] vanilla
[done] vanilla steps=263 ms/step=114.29 L2=0.385295
[run] sinh
/root/miniconda3/envs/apolarity/lib/python3.11/site-packages/torch/nn/modules/module.py:1310: UserWarning: Complex modules are a new feature under active development whose design may change, and some modules might not work as expected when using complex tensors as parameters or buffers. Please file an issue at https://github.com/pytorch/pytorch/issues/new?template=bug-report.yml if a complex module does not work as expected.
  warnings.warn(
[done] sinh steps=125 ms/step=242.95 L2=0.00824793
[ok] wrote experiments/results/poly_shared_weight_cartesian/o4/grid30/point_017_history.json  (2 traces)

[ok] wrote experiments/results/poly_shared_weight_cartesian/o4/grid30/point_017
[start] point_018 weights=(0.3, 0.01) seconds=30
device=cuda order=4 methods=('vanilla', 'sinh') bc_weights=0.3,0.01 seconds=30.0
[run] vanilla
[done] vanilla steps=262 ms/step=114.75 L2=0.388097
[run] sinh
/root/miniconda3/envs/apolarity/lib/python3.11/site-packages/torch/nn/modules/module.py:1310: UserWarning: Complex modules are a new feature under active development whose design may change, and some modules might not work as expected when using complex tensors as parameters or buffers. Please file an issue at https://github.com/pytorch/pytorch/issues/new?template=bug-report.yml if a complex module does not work as expected.
  warnings.warn(
[done] sinh steps=124 ms/step=243.25 L2=0.0913612
[ok] wrote experiments/results/poly_shared_weight_cartesian/o4/grid30/point_018_history.json  (2 traces)

[ok] wrote experiments/results/poly_shared_weight_cartesian/o4/grid30/point_018
[start] point_019 weights=(0.3, 0.03) seconds=30
device=cuda order=4 methods=('vanilla', 'sinh') bc_weights=0.3,0.03 seconds=30.0
[run] vanilla
[done] vanilla steps=262 ms/step=114.68 L2=0.332458
[run] sinh
/root/miniconda3/envs/apolarity/lib/python3.11/site-packages/torch/nn/modules/module.py:1310: UserWarning: Complex modules are a new feature under active development whose design may change, and some modules might not work as expected when using complex tensors as parameters or buffers. Please file an issue at https://github.com/pytorch/pytorch/issues/new?template=bug-report.yml if a complex module does not work as expected.
  warnings.warn(
[done] sinh steps=124 ms/step=243.55 L2=0.0776206
[ok] wrote experiments/results/poly_shared_weight_cartesian/o4/grid30/point_019_history.json  (2 traces)

[ok] wrote experiments/results/poly_shared_weight_cartesian/o4/grid30/point_019
[start] point_020 weights=(0.3, 0.1) seconds=30
device=cuda order=4 methods=('vanilla', 'sinh') bc_weights=0.3,0.1 seconds=30.0
[run] vanilla
[done] vanilla steps=263 ms/step=114.19 L2=0.284137
[run] sinh
/root/miniconda3/envs/apolarity/lib/python3.11/site-packages/torch/nn/modules/module.py:1310: UserWarning: Complex modules are a new feature under active development whose design may change, and some modules might not work as expected when using complex tensors as parameters or buffers. Please file an issue at https://github.com/pytorch/pytorch/issues/new?template=bug-report.yml if a complex module does not work as expected.
  warnings.warn(
[done] sinh steps=125 ms/step=243.12 L2=0.0533968
[ok] wrote experiments/results/poly_shared_weight_cartesian/o4/grid30/point_020_history.json  (2 traces)

[ok] wrote experiments/results/poly_shared_weight_cartesian/o4/grid30/point_020
[start] point_021 weights=(0.3, 0.3) seconds=30
device=cuda order=4 methods=('vanilla', 'sinh') bc_weights=0.3,0.3 seconds=30.0
[run] vanilla
[done] vanilla steps=263 ms/step=114.57 L2=0.221686
[run] sinh
/root/miniconda3/envs/apolarity/lib/python3.11/site-packages/torch/nn/modules/module.py:1310: UserWarning: Complex modules are a new feature under active development whose design may change, and some modules might not work as expected when using complex tensors as parameters or buffers. Please file an issue at https://github.com/pytorch/pytorch/issues/new?template=bug-report.yml if a complex module does not work as expected.
  warnings.warn(
[done] sinh steps=125 ms/step=243.16 L2=0.0355316
[ok] wrote experiments/results/poly_shared_weight_cartesian/o4/grid30/point_021_history.json  (2 traces)

[ok] wrote experiments/results/poly_shared_weight_cartesian/o4/grid30/point_021
[start] point_022 weights=(0.3, 1.0) seconds=30
device=cuda order=4 methods=('vanilla', 'sinh') bc_weights=0.3,1 seconds=30.0
[run] vanilla
[done] vanilla steps=264 ms/step=113.92 L2=0.169636
[run] sinh
/root/miniconda3/envs/apolarity/lib/python3.11/site-packages/torch/nn/modules/module.py:1310: UserWarning: Complex modules are a new feature under active development whose design may change, and some modules might not work as expected when using complex tensors as parameters or buffers. Please file an issue at https://github.com/pytorch/pytorch/issues/new?template=bug-report.yml if a complex module does not work as expected.
  warnings.warn(
[done] sinh steps=125 ms/step=242.56 L2=0.0187181
[ok] wrote experiments/results/poly_shared_weight_cartesian/o4/grid30/point_022_history.json  (2 traces)

[ok] wrote experiments/results/poly_shared_weight_cartesian/o4/grid30/point_022
[start] point_023 weights=(0.3, 3.0) seconds=30
device=cuda order=4 methods=('vanilla', 'sinh') bc_weights=0.3,3 seconds=30.0
[run] vanilla
[done] vanilla steps=264 ms/step=113.97 L2=0.138512
[run] sinh
/root/miniconda3/envs/apolarity/lib/python3.11/site-packages/torch/nn/modules/module.py:1310: UserWarning: Complex modules are a new feature under active development whose design may change, and some modules might not work as expected when using complex tensors as parameters or buffers. Please file an issue at https://github.com/pytorch/pytorch/issues/new?template=bug-report.yml if a complex module does not work as expected.
  warnings.warn(
[done] sinh steps=125 ms/step=242.95 L2=0.00463682
[ok] wrote experiments/results/poly_shared_weight_cartesian/o4/grid30/point_023_history.json  (2 traces)

[ok] wrote experiments/results/poly_shared_weight_cartesian/o4/grid30/point_023
[start] point_024 weights=(1.0, 0.01) seconds=30
device=cuda order=4 methods=('vanilla', 'sinh') bc_weights=1,0.01 seconds=30.0
[run] vanilla
[done] vanilla steps=265 ms/step=113.72 L2=1.38047
[run] sinh
/root/miniconda3/envs/apolarity/lib/python3.11/site-packages/torch/nn/modules/module.py:1310: UserWarning: Complex modules are a new feature under active development whose design may change, and some modules might not work as expected when using complex tensors as parameters or buffers. Please file an issue at https://github.com/pytorch/pytorch/issues/new?template=bug-report.yml if a complex module does not work as expected.
  warnings.warn(
[done] sinh steps=125 ms/step=242.76 L2=0.0944591
[ok] wrote experiments/results/poly_shared_weight_cartesian/o4/grid30/point_024_history.json  (2 traces)

[ok] wrote experiments/results/poly_shared_weight_cartesian/o4/grid30/point_024
[start] point_025 weights=(1.0, 0.03) seconds=30
device=cuda order=4 methods=('vanilla', 'sinh') bc_weights=1,0.03 seconds=30.0
[run] vanilla
[done] vanilla steps=264 ms/step=113.77 L2=1.35633
[run] sinh
/root/miniconda3/envs/apolarity/lib/python3.11/site-packages/torch/nn/modules/module.py:1310: UserWarning: Complex modules are a new feature under active development whose design may change, and some modules might not work as expected when using complex tensors as parameters or buffers. Please file an issue at https://github.com/pytorch/pytorch/issues/new?template=bug-report.yml if a complex module does not work as expected.
  warnings.warn(
[done] sinh steps=125 ms/step=242.90 L2=0.0859973
[ok] wrote experiments/results/poly_shared_weight_cartesian/o4/grid30/point_025_history.json  (2 traces)

[ok] wrote experiments/results/poly_shared_weight_cartesian/o4/grid30/point_025
[start] point_026 weights=(1.0, 0.1) seconds=30
device=cuda order=4 methods=('vanilla', 'sinh') bc_weights=1,0.1 seconds=30.0
[run] vanilla
[done] vanilla steps=262 ms/step=114.82 L2=1.31277
[run] sinh
/root/miniconda3/envs/apolarity/lib/python3.11/site-packages/torch/nn/modules/module.py:1310: UserWarning: Complex modules are a new feature under active development whose design may change, and some modules might not work as expected when using complex tensors as parameters or buffers. Please file an issue at https://github.com/pytorch/pytorch/issues/new?template=bug-report.yml if a complex module does not work as expected.
  warnings.warn(
[done] sinh steps=124 ms/step=243.33 L2=0.0658799
[ok] wrote experiments/results/poly_shared_weight_cartesian/o4/grid30/point_026_history.json  (2 traces)

[ok] wrote experiments/results/poly_shared_weight_cartesian/o4/grid30/point_026
[start] point_027 weights=(1.0, 0.3) seconds=30
device=cuda order=4 methods=('vanilla', 'sinh') bc_weights=1,0.3 seconds=30.0
[run] vanilla
[done] vanilla steps=263 ms/step=114.18 L2=0.951622
[run] sinh
/root/miniconda3/envs/apolarity/lib/python3.11/site-packages/torch/nn/modules/module.py:1310: UserWarning: Complex modules are a new feature under active development whose design may change, and some modules might not work as expected when using complex tensors as parameters or buffers. Please file an issue at https://github.com/pytorch/pytorch/issues/new?template=bug-report.yml if a complex module does not work as expected.
  warnings.warn(
[done] sinh steps=125 ms/step=242.97 L2=0.0413704
[ok] wrote experiments/results/poly_shared_weight_cartesian/o4/grid30/point_027_history.json  (2 traces)

[ok] wrote experiments/results/poly_shared_weight_cartesian/o4/grid30/point_027
[start] point_028 weights=(1.0, 1.0) seconds=30
device=cuda order=4 methods=('vanilla', 'sinh') bc_weights=1,1 seconds=30.0
[run] vanilla
[done] vanilla steps=262 ms/step=114.69 L2=0.752465
[run] sinh
/root/miniconda3/envs/apolarity/lib/python3.11/site-packages/torch/nn/modules/module.py:1310: UserWarning: Complex modules are a new feature under active development whose design may change, and some modules might not work as expected when using complex tensors as parameters or buffers. Please file an issue at https://github.com/pytorch/pytorch/issues/new?template=bug-report.yml if a complex module does not work as expected.
  warnings.warn(
[done] sinh steps=124 ms/step=243.16 L2=0.0216212
[ok] wrote experiments/results/poly_shared_weight_cartesian/o4/grid30/point_028_history.json  (2 traces)

[ok] wrote experiments/results/poly_shared_weight_cartesian/o4/grid30/point_028
[start] point_029 weights=(1.0, 3.0) seconds=30
device=cuda order=4 methods=('vanilla', 'sinh') bc_weights=1,3 seconds=30.0
[run] vanilla
[done] vanilla steps=262 ms/step=114.84 L2=0.372495
[run] sinh
/root/miniconda3/envs/apolarity/lib/python3.11/site-packages/torch/nn/modules/module.py:1310: UserWarning: Complex modules are a new feature under active development whose design may change, and some modules might not work as expected when using complex tensors as parameters or buffers. Please file an issue at https://github.com/pytorch/pytorch/issues/new?template=bug-report.yml if a complex module does not work as expected.
  warnings.warn(
[done] sinh steps=124 ms/step=243.28 L2=0.00932172
[ok] wrote experiments/results/poly_shared_weight_cartesian/o4/grid30/point_029_history.json  (2 traces)

[ok] wrote experiments/results/poly_shared_weight_cartesian/o4/grid30/point_029
[start] point_030 weights=(3.0, 0.01) seconds=30
device=cuda order=4 methods=('vanilla', 'sinh') bc_weights=3,0.01 seconds=30.0
[run] vanilla
[done] vanilla steps=263 ms/step=114.21 L2=0.96663
[run] sinh
/root/miniconda3/envs/apolarity/lib/python3.11/site-packages/torch/nn/modules/module.py:1310: UserWarning: Complex modules are a new feature under active development whose design may change, and some modules might not work as expected when using complex tensors as parameters or buffers. Please file an issue at https://github.com/pytorch/pytorch/issues/new?template=bug-report.yml if a complex module does not work as expected.
  warnings.warn(
[done] sinh steps=124 ms/step=243.21 L2=0.0862114
[ok] wrote experiments/results/poly_shared_weight_cartesian/o4/grid30/point_030_history.json  (2 traces)

[ok] wrote experiments/results/poly_shared_weight_cartesian/o4/grid30/point_030
[start] point_031 weights=(3.0, 0.03) seconds=30
device=cuda order=4 methods=('vanilla', 'sinh') bc_weights=3,0.03 seconds=30.0
[run] vanilla
[done] vanilla steps=264 ms/step=114.10 L2=0.96593
[run] sinh
/root/miniconda3/envs/apolarity/lib/python3.11/site-packages/torch/nn/modules/module.py:1310: UserWarning: Complex modules are a new feature under active development whose design may change, and some modules might not work as expected when using complex tensors as parameters or buffers. Please file an issue at https://github.com/pytorch/pytorch/issues/new?template=bug-report.yml if a complex module does not work as expected.
  warnings.warn(
[done] sinh steps=125 ms/step=242.89 L2=0.0856168
[ok] wrote experiments/results/poly_shared_weight_cartesian/o4/grid30/point_031_history.json  (2 traces)

[ok] wrote experiments/results/poly_shared_weight_cartesian/o4/grid30/point_031
[start] point_032 weights=(3.0, 0.1) seconds=30
device=cuda order=4 methods=('vanilla', 'sinh') bc_weights=3,0.1 seconds=30.0
[run] vanilla
[done] vanilla steps=262 ms/step=114.85 L2=0.970111
[run] sinh
/root/miniconda3/envs/apolarity/lib/python3.11/site-packages/torch/nn/modules/module.py:1310: UserWarning: Complex modules are a new feature under active development whose design may change, and some modules might not work as expected when using complex tensors as parameters or buffers. Please file an issue at https://github.com/pytorch/pytorch/issues/new?template=bug-report.yml if a complex module does not work as expected.
  warnings.warn(
[done] sinh steps=124 ms/step=243.14 L2=0.0829618
[ok] wrote experiments/results/poly_shared_weight_cartesian/o4/grid30/point_032_history.json  (2 traces)

[ok] wrote experiments/results/poly_shared_weight_cartesian/o4/grid30/point_032
[start] point_033 weights=(3.0, 0.3) seconds=30
device=cuda order=4 methods=('vanilla', 'sinh') bc_weights=3,0.3 seconds=30.0
[run] vanilla
[done] vanilla steps=264 ms/step=114.13 L2=0.96654
[run] sinh
/root/miniconda3/envs/apolarity/lib/python3.11/site-packages/torch/nn/modules/module.py:1310: UserWarning: Complex modules are a new feature under active development whose design may change, and some modules might not work as expected when using complex tensors as parameters or buffers. Please file an issue at https://github.com/pytorch/pytorch/issues/new?template=bug-report.yml if a complex module does not work as expected.
  warnings.warn(
[done] sinh steps=125 ms/step=242.91 L2=0.07224
[ok] wrote experiments/results/poly_shared_weight_cartesian/o4/grid30/point_033_history.json  (2 traces)

[ok] wrote experiments/results/poly_shared_weight_cartesian/o4/grid30/point_033
[start] point_034 weights=(3.0, 1.0) seconds=30
device=cuda order=4 methods=('vanilla', 'sinh') bc_weights=3,1 seconds=30.0
[run] vanilla
[done] vanilla steps=262 ms/step=114.91 L2=0.972114
[run] sinh
/root/miniconda3/envs/apolarity/lib/python3.11/site-packages/torch/nn/modules/module.py:1310: UserWarning: Complex modules are a new feature under active development whose design may change, and some modules might not work as expected when using complex tensors as parameters or buffers. Please file an issue at https://github.com/pytorch/pytorch/issues/new?template=bug-report.yml if a complex module does not work as expected.
  warnings.warn(
[done] sinh steps=124 ms/step=243.20 L2=0.0567515
[ok] wrote experiments/results/poly_shared_weight_cartesian/o4/grid30/point_034_history.json  (2 traces)

[ok] wrote experiments/results/poly_shared_weight_cartesian/o4/grid30/point_034
[start] point_035 weights=(3.0, 3.0) seconds=30
device=cuda order=4 methods=('vanilla', 'sinh') bc_weights=3,3 seconds=30.0
[run] vanilla
[done] vanilla steps=265 ms/step=113.56 L2=0.969664
[run] sinh
/root/miniconda3/envs/apolarity/lib/python3.11/site-packages/torch/nn/modules/module.py:1310: UserWarning: Complex modules are a new feature under active development whose design may change, and some modules might not work as expected when using complex tensors as parameters or buffers. Please file an issue at https://github.com/pytorch/pytorch/issues/new?template=bug-report.yml if a complex module does not work as expected.
  warnings.warn(
[done] sinh steps=125 ms/step=242.50 L2=0.0473459
[ok] wrote experiments/results/poly_shared_weight_cartesian/o4/grid30/point_035_history.json  (2 traces)

[ok] wrote experiments/results/poly_shared_weight_cartesian/o4/grid30/point_035
[start] point_000 weights=(0.01, 0.01, 0.01) seconds=30
device=cuda order=6 methods=('vanilla', 'sinh') bc_weights=0.01,0.01,0.01 seconds=30.0
[run] vanilla
[done] vanilla steps=35 ms/step=880.20 L2=1.48989
[run] sinh
/root/miniconda3/envs/apolarity/lib/python3.11/site-packages/torch/nn/modules/module.py:1310: UserWarning: Complex modules are a new feature under active development whose design may change, and some modules might not work as expected when using complex tensors as parameters or buffers. Please file an issue at https://github.com/pytorch/pytorch/issues/new?template=bug-report.yml if a complex module does not work as expected.
  warnings.warn(
[done] sinh steps=37 ms/step=841.28 L2=0.185242
[ok] wrote experiments/results/poly_shared_weight_cartesian/o6/grid30/point_000_history.json  (2 traces)

[ok] wrote experiments/results/poly_shared_weight_cartesian/o6/grid30/point_000
[start] point_001 weights=(0.01, 0.01, 0.03) seconds=30
device=cuda order=6 methods=('vanilla', 'sinh') bc_weights=0.01,0.01,0.03 seconds=30.0
[run] vanilla
[done] vanilla steps=35 ms/step=869.89 L2=1.49731
[run] sinh
/root/miniconda3/envs/apolarity/lib/python3.11/site-packages/torch/nn/modules/module.py:1310: UserWarning: Complex modules are a new feature under active development whose design may change, and some modules might not work as expected when using complex tensors as parameters or buffers. Please file an issue at https://github.com/pytorch/pytorch/issues/new?template=bug-report.yml if a complex module does not work as expected.
  warnings.warn(
[done] sinh steps=37 ms/step=839.78 L2=0.184631
[ok] wrote experiments/results/poly_shared_weight_cartesian/o6/grid30/point_001_history.json  (2 traces)

[ok] wrote experiments/results/poly_shared_weight_cartesian/o6/grid30/point_001
[start] point_002 weights=(0.01, 0.01, 0.1) seconds=30
device=cuda order=6 methods=('vanilla', 'sinh') bc_weights=0.01,0.01,0.1 seconds=30.0
[run] vanilla
[done] vanilla steps=35 ms/step=870.24 L2=1.49067
[run] sinh
/root/miniconda3/envs/apolarity/lib/python3.11/site-packages/torch/nn/modules/module.py:1310: UserWarning: Complex modules are a new feature under active development whose design may change, and some modules might not work as expected when using complex tensors as parameters or buffers. Please file an issue at https://github.com/pytorch/pytorch/issues/new?template=bug-report.yml if a complex module does not work as expected.
  warnings.warn(
[done] sinh steps=37 ms/step=840.33 L2=0.187496
[ok] wrote experiments/results/poly_shared_weight_cartesian/o6/grid30/point_002_history.json  (2 traces)

[ok] wrote experiments/results/poly_shared_weight_cartesian/o6/grid30/point_002
[start] point_003 weights=(0.01, 0.01, 0.3) seconds=30
device=cuda order=6 methods=('vanilla', 'sinh') bc_weights=0.01,0.01,0.3 seconds=30.0
[run] vanilla
[done] vanilla steps=35 ms/step=869.54 L2=1.47082
[run] sinh
/root/miniconda3/envs/apolarity/lib/python3.11/site-packages/torch/nn/modules/module.py:1310: UserWarning: Complex modules are a new feature under active development whose design may change, and some modules might not work as expected when using complex tensors as parameters or buffers. Please file an issue at https://github.com/pytorch/pytorch/issues/new?template=bug-report.yml if a complex module does not work as expected.
  warnings.warn(
[done] sinh steps=37 ms/step=840.20 L2=0.195903
[ok] wrote experiments/results/poly_shared_weight_cartesian/o6/grid30/point_003_history.json  (2 traces)

[ok] wrote experiments/results/poly_shared_weight_cartesian/o6/grid30/point_003
[start] point_004 weights=(0.01, 0.01, 1.0) seconds=30
device=cuda order=6 methods=('vanilla', 'sinh') bc_weights=0.01,0.01,1 seconds=30.0
[run] vanilla
[done] vanilla steps=35 ms/step=875.90 L2=1.39973
[run] sinh
/root/miniconda3/envs/apolarity/lib/python3.11/site-packages/torch/nn/modules/module.py:1310: UserWarning: Complex modules are a new feature under active development whose design may change, and some modules might not work as expected when using complex tensors as parameters or buffers. Please file an issue at https://github.com/pytorch/pytorch/issues/new?template=bug-report.yml if a complex module does not work as expected.
  warnings.warn(
[done] sinh steps=37 ms/step=840.81 L2=0.185619
[ok] wrote experiments/results/poly_shared_weight_cartesian/o6/grid30/point_004_history.json  (2 traces)

[ok] wrote experiments/results/poly_shared_weight_cartesian/o6/grid30/point_004
[start] point_005 weights=(0.01, 0.01, 3.0) seconds=30
device=cuda order=6 methods=('vanilla', 'sinh') bc_weights=0.01,0.01,3 seconds=30.0
[run] vanilla
[done] vanilla steps=35 ms/step=869.96 L2=1.24018
[run] sinh
/root/miniconda3/envs/apolarity/lib/python3.11/site-packages/torch/nn/modules/module.py:1310: UserWarning: Complex modules are a new feature under active development whose design may change, and some modules might not work as expected when using complex tensors as parameters or buffers. Please file an issue at https://github.com/pytorch/pytorch/issues/new?template=bug-report.yml if a complex module does not work as expected.
  warnings.warn(
[done] sinh steps=37 ms/step=840.55 L2=0.166762
[ok] wrote experiments/results/poly_shared_weight_cartesian/o6/grid30/point_005_history.json  (2 traces)

[ok] wrote experiments/results/poly_shared_weight_cartesian/o6/grid30/point_005
[start] point_006 weights=(0.01, 0.03, 0.01) seconds=30
device=cuda order=6 methods=('vanilla', 'sinh') bc_weights=0.01,0.03,0.01 seconds=30.0
[run] vanilla
[done] vanilla steps=35 ms/step=879.54 L2=1.45258
[run] sinh
/root/miniconda3/envs/apolarity/lib/python3.11/site-packages/torch/nn/modules/module.py:1310: UserWarning: Complex modules are a new feature under active development whose design may change, and some modules might not work as expected when using complex tensors as parameters or buffers. Please file an issue at https://github.com/pytorch/pytorch/issues/new?template=bug-report.yml if a complex module does not work as expected.
  warnings.warn(
[done] sinh steps=37 ms/step=841.17 L2=0.179732
[ok] wrote experiments/results/poly_shared_weight_cartesian/o6/grid30/point_006_history.json  (2 traces)

[ok] wrote experiments/results/poly_shared_weight_cartesian/o6/grid30/point_006
[start] point_007 weights=(0.01, 0.03, 0.03) seconds=30
device=cuda order=6 methods=('vanilla', 'sinh') bc_weights=0.01,0.03,0.03 seconds=30.0
[run] vanilla
[done] vanilla steps=35 ms/step=878.61 L2=1.45151
[run] sinh
/root/miniconda3/envs/apolarity/lib/python3.11/site-packages/torch/nn/modules/module.py:1310: UserWarning: Complex modules are a new feature under active development whose design may change, and some modules might not work as expected when using complex tensors as parameters or buffers. Please file an issue at https://github.com/pytorch/pytorch/issues/new?template=bug-report.yml if a complex module does not work as expected.
  warnings.warn(
[done] sinh steps=37 ms/step=840.95 L2=0.181915
[ok] wrote experiments/results/poly_shared_weight_cartesian/o6/grid30/point_007_history.json  (2 traces)

[ok] wrote experiments/results/poly_shared_weight_cartesian/o6/grid30/point_007
[start] point_008 weights=(0.01, 0.03, 0.1) seconds=30
device=cuda order=6 methods=('vanilla', 'sinh') bc_weights=0.01,0.03,0.1 seconds=30.0
[run] vanilla
[done] vanilla steps=35 ms/step=869.37 L2=1.45313
[run] sinh
/root/miniconda3/envs/apolarity/lib/python3.11/site-packages/torch/nn/modules/module.py:1310: UserWarning: Complex modules are a new feature under active development whose design may change, and some modules might not work as expected when using complex tensors as parameters or buffers. Please file an issue at https://github.com/pytorch/pytorch/issues/new?template=bug-report.yml if a complex module does not work as expected.
  warnings.warn(
[done] sinh steps=37 ms/step=840.32 L2=0.18888
[ok] wrote experiments/results/poly_shared_weight_cartesian/o6/grid30/point_008_history.json  (2 traces)

[ok] wrote experiments/results/poly_shared_weight_cartesian/o6/grid30/point_008
[start] point_009 weights=(0.01, 0.03, 0.3) seconds=30
device=cuda order=6 methods=('vanilla', 'sinh') bc_weights=0.01,0.03,0.3 seconds=30.0
[run] vanilla
[done] vanilla steps=35 ms/step=879.78 L2=1.42346
[run] sinh
/root/miniconda3/envs/apolarity/lib/python3.11/site-packages/torch/nn/modules/module.py:1310: UserWarning: Complex modules are a new feature under active development whose design may change, and some modules might not work as expected when using complex tensors as parameters or buffers. Please file an issue at https://github.com/pytorch/pytorch/issues/new?template=bug-report.yml if a complex module does not work as expected.
  warnings.warn(
[done] sinh steps=37 ms/step=841.16 L2=0.194623
[ok] wrote experiments/results/poly_shared_weight_cartesian/o6/grid30/point_009_history.json  (2 traces)

[ok] wrote experiments/results/poly_shared_weight_cartesian/o6/grid30/point_009
[start] point_010 weights=(0.01, 0.03, 1.0) seconds=30
device=cuda order=6 methods=('vanilla', 'sinh') bc_weights=0.01,0.03,1 seconds=30.0
[run] vanilla
[done] vanilla steps=35 ms/step=869.56 L2=1.36806
[run] sinh
/root/miniconda3/envs/apolarity/lib/python3.11/site-packages/torch/nn/modules/module.py:1310: UserWarning: Complex modules are a new feature under active development whose design may change, and some modules might not work as expected when using complex tensors as parameters or buffers. Please file an issue at https://github.com/pytorch/pytorch/issues/new?template=bug-report.yml if a complex module does not work as expected.
  warnings.warn(
[done] sinh steps=37 ms/step=840.28 L2=0.180732
[ok] wrote experiments/results/poly_shared_weight_cartesian/o6/grid30/point_010_history.json  (2 traces)

[ok] wrote experiments/results/poly_shared_weight_cartesian/o6/grid30/point_010
[start] point_011 weights=(0.01, 0.03, 3.0) seconds=30
device=cuda order=6 methods=('vanilla', 'sinh') bc_weights=0.01,0.03,3 seconds=30.0
[run] vanilla
[done] vanilla steps=35 ms/step=866.12 L2=1.21475
[run] sinh
/root/miniconda3/envs/apolarity/lib/python3.11/site-packages/torch/nn/modules/module.py:1310: UserWarning: Complex modules are a new feature under active development whose design may change, and some modules might not work as expected when using complex tensors as parameters or buffers. Please file an issue at https://github.com/pytorch/pytorch/issues/new?template=bug-report.yml if a complex module does not work as expected.
  warnings.warn(
[done] sinh steps=37 ms/step=840.27 L2=0.164669
[ok] wrote experiments/results/poly_shared_weight_cartesian/o6/grid30/point_011_history.json  (2 traces)

[ok] wrote experiments/results/poly_shared_weight_cartesian/o6/grid30/point_011
[start] point_012 weights=(0.01, 0.1, 0.01) seconds=30
device=cuda order=6 methods=('vanilla', 'sinh') bc_weights=0.01,0.1,0.01 seconds=30.0
[run] vanilla
[done] vanilla steps=35 ms/step=877.54 L2=1.32753
[run] sinh
/root/miniconda3/envs/apolarity/lib/python3.11/site-packages/torch/nn/modules/module.py:1310: UserWarning: Complex modules are a new feature under active development whose design may change, and some modules might not work as expected when using complex tensors as parameters or buffers. Please file an issue at https://github.com/pytorch/pytorch/issues/new?template=bug-report.yml if a complex module does not work as expected.
  warnings.warn(
[done] sinh steps=37 ms/step=840.61 L2=0.187755
[ok] wrote experiments/results/poly_shared_weight_cartesian/o6/grid30/point_012_history.json  (2 traces)

[ok] wrote experiments/results/poly_shared_weight_cartesian/o6/grid30/point_012
[start] point_013 weights=(0.01, 0.1, 0.03) seconds=30
device=cuda order=6 methods=('vanilla', 'sinh') bc_weights=0.01,0.1,0.03 seconds=30.0
[run] vanilla
[done] vanilla steps=35 ms/step=875.69 L2=1.32703
[run] sinh
/root/miniconda3/envs/apolarity/lib/python3.11/site-packages/torch/nn/modules/module.py:1310: UserWarning: Complex modules are a new feature under active development whose design may change, and some modules might not work as expected when using complex tensors as parameters or buffers. Please file an issue at https://github.com/pytorch/pytorch/issues/new?template=bug-report.yml if a complex module does not work as expected.
  warnings.warn(
[done] sinh steps=37 ms/step=840.62 L2=0.188236
[ok] wrote experiments/results/poly_shared_weight_cartesian/o6/grid30/point_013_history.json  (2 traces)

[ok] wrote experiments/results/poly_shared_weight_cartesian/o6/grid30/point_013
[start] point_014 weights=(0.01, 0.1, 0.1) seconds=30
device=cuda order=6 methods=('vanilla', 'sinh') bc_weights=0.01,0.1,0.1 seconds=30.0
[run] vanilla
[done] vanilla steps=35 ms/step=870.24 L2=1.32666
[run] sinh
/root/miniconda3/envs/apolarity/lib/python3.11/site-packages/torch/nn/modules/module.py:1310: UserWarning: Complex modules are a new feature under active development whose design may change, and some modules might not work as expected when using complex tensors as parameters or buffers. Please file an issue at https://github.com/pytorch/pytorch/issues/new?template=bug-report.yml if a complex module does not work as expected.
  warnings.warn(
[done] sinh steps=37 ms/step=840.32 L2=0.18766
[ok] wrote experiments/results/poly_shared_weight_cartesian/o6/grid30/point_014_history.json  (2 traces)

[ok] wrote experiments/results/poly_shared_weight_cartesian/o6/grid30/point_014
[start] point_015 weights=(0.01, 0.1, 0.3) seconds=30
device=cuda order=6 methods=('vanilla', 'sinh') bc_weights=0.01,0.1,0.3 seconds=30.0
[run] vanilla
[done] vanilla steps=35 ms/step=866.12 L2=1.31149
[run] sinh
/root/miniconda3/envs/apolarity/lib/python3.11/site-packages/torch/nn/modules/module.py:1310: UserWarning: Complex modules are a new feature under active development whose design may change, and some modules might not work as expected when using complex tensors as parameters or buffers. Please file an issue at https://github.com/pytorch/pytorch/issues/new?template=bug-report.yml if a complex module does not work as expected.
  warnings.warn(
[done] sinh steps=37 ms/step=840.35 L2=0.178587
[ok] wrote experiments/results/poly_shared_weight_cartesian/o6/grid30/point_015_history.json  (2 traces)

[ok] wrote experiments/results/poly_shared_weight_cartesian/o6/grid30/point_015
[start] point_016 weights=(0.01, 0.1, 1.0) seconds=30
device=cuda order=6 methods=('vanilla', 'sinh') bc_weights=0.01,0.1,1 seconds=30.0
[run] vanilla
[done] vanilla steps=35 ms/step=878.54 L2=1.24336
[run] sinh
/root/miniconda3/envs/apolarity/lib/python3.11/site-packages/torch/nn/modules/module.py:1310: UserWarning: Complex modules are a new feature under active development whose design may change, and some modules might not work as expected when using complex tensors as parameters or buffers. Please file an issue at https://github.com/pytorch/pytorch/issues/new?template=bug-report.yml if a complex module does not work as expected.
  warnings.warn(
[done] sinh steps=37 ms/step=841.08 L2=0.16547
[ok] wrote experiments/results/poly_shared_weight_cartesian/o6/grid30/point_016_history.json  (2 traces)

[ok] wrote experiments/results/poly_shared_weight_cartesian/o6/grid30/point_016
[start] point_017 weights=(0.01, 0.1, 3.0) seconds=30
device=cuda order=6 methods=('vanilla', 'sinh') bc_weights=0.01,0.1,3 seconds=30.0
[run] vanilla
[done] vanilla steps=35 ms/step=874.52 L2=1.11037
[run] sinh
/root/miniconda3/envs/apolarity/lib/python3.11/site-packages/torch/nn/modules/module.py:1310: UserWarning: Complex modules are a new feature under active development whose design may change, and some modules might not work as expected when using complex tensors as parameters or buffers. Please file an issue at https://github.com/pytorch/pytorch/issues/new?template=bug-report.yml if a complex module does not work as expected.
  warnings.warn(
[done] sinh steps=37 ms/step=840.76 L2=0.159193
[ok] wrote experiments/results/poly_shared_weight_cartesian/o6/grid30/point_017_history.json  (2 traces)

[ok] wrote experiments/results/poly_shared_weight_cartesian/o6/grid30/point_017
[start] point_018 weights=(0.01, 0.3, 0.01) seconds=30
device=cuda order=6 methods=('vanilla', 'sinh') bc_weights=0.01,0.3,0.01 seconds=30.0
[run] vanilla
[done] vanilla steps=35 ms/step=875.32 L2=1.03799
[run] sinh
/root/miniconda3/envs/apolarity/lib/python3.11/site-packages/torch/nn/modules/module.py:1310: UserWarning: Complex modules are a new feature under active development whose design may change, and some modules might not work as expected when using complex tensors as parameters or buffers. Please file an issue at https://github.com/pytorch/pytorch/issues/new?template=bug-report.yml if a complex module does not work as expected.
  warnings.warn(
[done] sinh steps=37 ms/step=840.60 L2=0.133595
[ok] wrote experiments/results/poly_shared_weight_cartesian/o6/grid30/point_018_history.json  (2 traces)

[ok] wrote experiments/results/poly_shared_weight_cartesian/o6/grid30/point_018
[start] point_019 weights=(0.01, 0.3, 0.03) seconds=30
device=cuda order=6 methods=('vanilla', 'sinh') bc_weights=0.01,0.3,0.03 seconds=30.0
[run] vanilla
[done] vanilla steps=35 ms/step=879.20 L2=1.03544
[run] sinh
/root/miniconda3/envs/apolarity/lib/python3.11/site-packages/torch/nn/modules/module.py:1310: UserWarning: Complex modules are a new feature under active development whose design may change, and some modules might not work as expected when using complex tensors as parameters or buffers. Please file an issue at https://github.com/pytorch/pytorch/issues/new?template=bug-report.yml if a complex module does not work as expected.
  warnings.warn(
[done] sinh steps=37 ms/step=841.89 L2=0.133622
[ok] wrote experiments/results/poly_shared_weight_cartesian/o6/grid30/point_019_history.json  (2 traces)

[ok] wrote experiments/results/poly_shared_weight_cartesian/o6/grid30/point_019
[start] point_020 weights=(0.01, 0.3, 0.1) seconds=30
device=cuda order=6 methods=('vanilla', 'sinh') bc_weights=0.01,0.3,0.1 seconds=30.0
[run] vanilla
[done] vanilla steps=35 ms/step=874.44 L2=1.03235
[run] sinh
/root/miniconda3/envs/apolarity/lib/python3.11/site-packages/torch/nn/modules/module.py:1310: UserWarning: Complex modules are a new feature under active development whose design may change, and some modules might not work as expected when using complex tensors as parameters or buffers. Please file an issue at https://github.com/pytorch/pytorch/issues/new?template=bug-report.yml if a complex module does not work as expected.
  warnings.warn(
[done] sinh steps=37 ms/step=841.07 L2=0.133202
[ok] wrote experiments/results/poly_shared_weight_cartesian/o6/grid30/point_020_history.json  (2 traces)

[ok] wrote experiments/results/poly_shared_weight_cartesian/o6/grid30/point_020
[start] point_021 weights=(0.01, 0.3, 0.3) seconds=30
device=cuda order=6 methods=('vanilla', 'sinh') bc_weights=0.01,0.3,0.3 seconds=30.0
[run] vanilla
[done] vanilla steps=35 ms/step=868.47 L2=1.0237
[run] sinh
/root/miniconda3/envs/apolarity/lib/python3.11/site-packages/torch/nn/modules/module.py:1310: UserWarning: Complex modules are a new feature under active development whose design may change, and some modules might not work as expected when using complex tensors as parameters or buffers. Please file an issue at https://github.com/pytorch/pytorch/issues/new?template=bug-report.yml if a complex module does not work as expected.
  warnings.warn(
[done] sinh steps=37 ms/step=840.15 L2=0.131609
[ok] wrote experiments/results/poly_shared_weight_cartesian/o6/grid30/point_021_history.json  (2 traces)

[ok] wrote experiments/results/poly_shared_weight_cartesian/o6/grid30/point_021
[start] point_022 weights=(0.01, 0.3, 1.0) seconds=30
device=cuda order=6 methods=('vanilla', 'sinh') bc_weights=0.01,0.3,1 seconds=30.0
[run] vanilla
[done] vanilla steps=35 ms/step=877.80 L2=0.977892
[run] sinh
/root/miniconda3/envs/apolarity/lib/python3.11/site-packages/torch/nn/modules/module.py:1310: UserWarning: Complex modules are a new feature under active development whose design may change, and some modules might not work as expected when using complex tensors as parameters or buffers. Please file an issue at https://github.com/pytorch/pytorch/issues/new?template=bug-report.yml if a complex module does not work as expected.
  warnings.warn(
[done] sinh steps=37 ms/step=840.63 L2=0.137815
[ok] wrote experiments/results/poly_shared_weight_cartesian/o6/grid30/point_022_history.json  (2 traces)

[ok] wrote experiments/results/poly_shared_weight_cartesian/o6/grid30/point_022
[start] point_023 weights=(0.01, 0.3, 3.0) seconds=30
device=cuda order=6 methods=('vanilla', 'sinh') bc_weights=0.01,0.3,3 seconds=30.0
[run] vanilla
[done] vanilla steps=35 ms/step=867.86 L2=0.892718
[run] sinh
/root/miniconda3/envs/apolarity/lib/python3.11/site-packages/torch/nn/modules/module.py:1310: UserWarning: Complex modules are a new feature under active development whose design may change, and some modules might not work as expected when using complex tensors as parameters or buffers. Please file an issue at https://github.com/pytorch/pytorch/issues/new?template=bug-report.yml if a complex module does not work as expected.
  warnings.warn(
[done] sinh steps=37 ms/step=839.77 L2=0.147435
[ok] wrote experiments/results/poly_shared_weight_cartesian/o6/grid30/point_023_history.json  (2 traces)

[ok] wrote experiments/results/poly_shared_weight_cartesian/o6/grid30/point_023
[start] point_024 weights=(0.01, 1.0, 0.01) seconds=30
device=cuda order=6 methods=('vanilla', 'sinh') bc_weights=0.01,1,0.01 seconds=30.0
[run] vanilla
[done] vanilla steps=35 ms/step=870.63 L2=0.594438
[run] sinh
/root/miniconda3/envs/apolarity/lib/python3.11/site-packages/torch/nn/modules/module.py:1310: UserWarning: Complex modules are a new feature under active development whose design may change, and some modules might not work as expected when using complex tensors as parameters or buffers. Please file an issue at https://github.com/pytorch/pytorch/issues/new?template=bug-report.yml if a complex module does not work as expected.
  warnings.warn(
[done] sinh steps=37 ms/step=840.25 L2=0.146953
[ok] wrote experiments/results/poly_shared_weight_cartesian/o6/grid30/point_024_history.json  (2 traces)

[ok] wrote experiments/results/poly_shared_weight_cartesian/o6/grid30/point_024
[start] point_025 weights=(0.01, 1.0, 0.03) seconds=30
device=cuda order=6 methods=('vanilla', 'sinh') bc_weights=0.01,1,0.03 seconds=30.0
[run] vanilla
[done] vanilla steps=35 ms/step=878.30 L2=0.599514
[run] sinh
/root/miniconda3/envs/apolarity/lib/python3.11/site-packages/torch/nn/modules/module.py:1310: UserWarning: Complex modules are a new feature under active development whose design may change, and some modules might not work as expected when using complex tensors as parameters or buffers. Please file an issue at https://github.com/pytorch/pytorch/issues/new?template=bug-report.yml if a complex module does not work as expected.
  warnings.warn(
[done] sinh steps=37 ms/step=840.94 L2=0.146243
[ok] wrote experiments/results/poly_shared_weight_cartesian/o6/grid30/point_025_history.json  (2 traces)

[ok] wrote experiments/results/poly_shared_weight_cartesian/o6/grid30/point_025
[start] point_026 weights=(0.01, 1.0, 0.1) seconds=30
device=cuda order=6 methods=('vanilla', 'sinh') bc_weights=0.01,1,0.1 seconds=30.0
[run] vanilla
[done] vanilla steps=35 ms/step=869.74 L2=0.592715
[run] sinh
/root/miniconda3/envs/apolarity/lib/python3.11/site-packages/torch/nn/modules/module.py:1310: UserWarning: Complex modules are a new feature under active development whose design may change, and some modules might not work as expected when using complex tensors as parameters or buffers. Please file an issue at https://github.com/pytorch/pytorch/issues/new?template=bug-report.yml if a complex module does not work as expected.
  warnings.warn(
[done] sinh steps=37 ms/step=839.80 L2=0.144714
[ok] wrote experiments/results/poly_shared_weight_cartesian/o6/grid30/point_026_history.json  (2 traces)

[ok] wrote experiments/results/poly_shared_weight_cartesian/o6/grid30/point_026
[start] point_027 weights=(0.01, 1.0, 0.3) seconds=30
device=cuda order=6 methods=('vanilla', 'sinh') bc_weights=0.01,1,0.3 seconds=30.0
[run] vanilla
[done] vanilla steps=35 ms/step=880.88 L2=0.597005
[run] sinh
/root/miniconda3/envs/apolarity/lib/python3.11/site-packages/torch/nn/modules/module.py:1310: UserWarning: Complex modules are a new feature under active development whose design may change, and some modules might not work as expected when using complex tensors as parameters or buffers. Please file an issue at https://github.com/pytorch/pytorch/issues/new?template=bug-report.yml if a complex module does not work as expected.
  warnings.warn(
[done] sinh steps=37 ms/step=841.05 L2=0.14294
[ok] wrote experiments/results/poly_shared_weight_cartesian/o6/grid30/point_027_history.json  (2 traces)

[ok] wrote experiments/results/poly_shared_weight_cartesian/o6/grid30/point_027
[start] point_028 weights=(0.01, 1.0, 1.0) seconds=30
device=cuda order=6 methods=('vanilla', 'sinh') bc_weights=0.01,1,1 seconds=30.0
[run] vanilla
[done] vanilla steps=35 ms/step=869.88 L2=0.581757
[run] sinh
/root/miniconda3/envs/apolarity/lib/python3.11/site-packages/torch/nn/modules/module.py:1310: UserWarning: Complex modules are a new feature under active development whose design may change, and some modules might not work as expected when using complex tensors as parameters or buffers. Please file an issue at https://github.com/pytorch/pytorch/issues/new?template=bug-report.yml if a complex module does not work as expected.
  warnings.warn(
[done] sinh steps=37 ms/step=839.99 L2=0.140597
[ok] wrote experiments/results/poly_shared_weight_cartesian/o6/grid30/point_028_history.json  (2 traces)

[ok] wrote experiments/results/poly_shared_weight_cartesian/o6/grid30/point_028
[start] point_029 weights=(0.01, 1.0, 3.0) seconds=30
device=cuda order=6 methods=('vanilla', 'sinh') bc_weights=0.01,1,3 seconds=30.0
[run] vanilla
[done] vanilla steps=35 ms/step=870.26 L2=0.566907
[run] sinh
/root/miniconda3/envs/apolarity/lib/python3.11/site-packages/torch/nn/modules/module.py:1310: UserWarning: Complex modules are a new feature under active development whose design may change, and some modules might not work as expected when using complex tensors as parameters or buffers. Please file an issue at https://github.com/pytorch/pytorch/issues/new?template=bug-report.yml if a complex module does not work as expected.
  warnings.warn(
[done] sinh steps=37 ms/step=840.21 L2=0.158164
[ok] wrote experiments/results/poly_shared_weight_cartesian/o6/grid30/point_029_history.json  (2 traces)

[ok] wrote experiments/results/poly_shared_weight_cartesian/o6/grid30/point_029
[start] point_030 weights=(0.01, 3.0, 0.01) seconds=30
device=cuda order=6 methods=('vanilla', 'sinh') bc_weights=0.01,3,0.01 seconds=30.0
[run] vanilla
[done] vanilla steps=35 ms/step=870.94 L2=0.692505
[run] sinh
/root/miniconda3/envs/apolarity/lib/python3.11/site-packages/torch/nn/modules/module.py:1310: UserWarning: Complex modules are a new feature under active development whose design may change, and some modules might not work as expected when using complex tensors as parameters or buffers. Please file an issue at https://github.com/pytorch/pytorch/issues/new?template=bug-report.yml if a complex module does not work as expected.
  warnings.warn(
[done] sinh steps=37 ms/step=840.02 L2=0.164097
[ok] wrote experiments/results/poly_shared_weight_cartesian/o6/grid30/point_030_history.json  (2 traces)

[ok] wrote experiments/results/poly_shared_weight_cartesian/o6/grid30/point_030
[start] point_031 weights=(0.01, 3.0, 0.03) seconds=30
device=cuda order=6 methods=('vanilla', 'sinh') bc_weights=0.01,3,0.03 seconds=30.0
[run] vanilla
[done] vanilla steps=35 ms/step=880.47 L2=0.692967
[run] sinh
/root/miniconda3/envs/apolarity/lib/python3.11/site-packages/torch/nn/modules/module.py:1310: UserWarning: Complex modules are a new feature under active development whose design may change, and some modules might not work as expected when using complex tensors as parameters or buffers. Please file an issue at https://github.com/pytorch/pytorch/issues/new?template=bug-report.yml if a complex module does not work as expected.
  warnings.warn(
[done] sinh steps=37 ms/step=841.86 L2=0.164065
[ok] wrote experiments/results/poly_shared_weight_cartesian/o6/grid30/point_031_history.json  (2 traces)

[ok] wrote experiments/results/poly_shared_weight_cartesian/o6/grid30/point_031
[start] point_032 weights=(0.01, 3.0, 0.1) seconds=30
device=cuda order=6 methods=('vanilla', 'sinh') bc_weights=0.01,3,0.1 seconds=30.0
[run] vanilla
[done] vanilla steps=34 ms/step=883.18 L2=0.690921
[run] sinh
/root/miniconda3/envs/apolarity/lib/python3.11/site-packages/torch/nn/modules/module.py:1310: UserWarning: Complex modules are a new feature under active development whose design may change, and some modules might not work as expected when using complex tensors as parameters or buffers. Please file an issue at https://github.com/pytorch/pytorch/issues/new?template=bug-report.yml if a complex module does not work as expected.
  warnings.warn(
[done] sinh steps=37 ms/step=840.87 L2=0.163953
[ok] wrote experiments/results/poly_shared_weight_cartesian/o6/grid30/point_032_history.json  (2 traces)

[ok] wrote experiments/results/poly_shared_weight_cartesian/o6/grid30/point_032
[start] point_033 weights=(0.01, 3.0, 0.3) seconds=30
device=cuda order=6 methods=('vanilla', 'sinh') bc_weights=0.01,3,0.3 seconds=30.0
[run] vanilla
[done] vanilla steps=35 ms/step=876.67 L2=0.693298
[run] sinh
/root/miniconda3/envs/apolarity/lib/python3.11/site-packages/torch/nn/modules/module.py:1310: UserWarning: Complex modules are a new feature under active development whose design may change, and some modules might not work as expected when using complex tensors as parameters or buffers. Please file an issue at https://github.com/pytorch/pytorch/issues/new?template=bug-report.yml if a complex module does not work as expected.
  warnings.warn(
[done] sinh steps=37 ms/step=840.91 L2=0.167482
[ok] wrote experiments/results/poly_shared_weight_cartesian/o6/grid30/point_033_history.json  (2 traces)

[ok] wrote experiments/results/poly_shared_weight_cartesian/o6/grid30/point_033
[start] point_034 weights=(0.01, 3.0, 1.0) seconds=30
device=cuda order=6 methods=('vanilla', 'sinh') bc_weights=0.01,3,1 seconds=30.0
[run] vanilla
[done] vanilla steps=35 ms/step=878.95 L2=0.694592
[run] sinh
/root/miniconda3/envs/apolarity/lib/python3.11/site-packages/torch/nn/modules/module.py:1310: UserWarning: Complex modules are a new feature under active development whose design may change, and some modules might not work as expected when using complex tensors as parameters or buffers. Please file an issue at https://github.com/pytorch/pytorch/issues/new?template=bug-report.yml if a complex module does not work as expected.
  warnings.warn(
[done] sinh steps=37 ms/step=840.68 L2=0.171171
[ok] wrote experiments/results/poly_shared_weight_cartesian/o6/grid30/point_034_history.json  (2 traces)

[ok] wrote experiments/results/poly_shared_weight_cartesian/o6/grid30/point_034
[start] point_035 weights=(0.01, 3.0, 3.0) seconds=30
device=cuda order=6 methods=('vanilla', 'sinh') bc_weights=0.01,3,3 seconds=30.0
[run] vanilla
[done] vanilla steps=35 ms/step=877.75 L2=0.698517
[run] sinh
/root/miniconda3/envs/apolarity/lib/python3.11/site-packages/torch/nn/modules/module.py:1310: UserWarning: Complex modules are a new feature under active development whose design may change, and some modules might not work as expected when using complex tensors as parameters or buffers. Please file an issue at https://github.com/pytorch/pytorch/issues/new?template=bug-report.yml if a complex module does not work as expected.
  warnings.warn(
[done] sinh steps=37 ms/step=840.86 L2=0.180327
[ok] wrote experiments/results/poly_shared_weight_cartesian/o6/grid30/point_035_history.json  (2 traces)

[ok] wrote experiments/results/poly_shared_weight_cartesian/o6/grid30/point_035
[start] point_036 weights=(0.03, 0.01, 0.01) seconds=30
device=cuda order=6 methods=('vanilla', 'sinh') bc_weights=0.03,0.01,0.01 seconds=30.0
[run] vanilla
[done] vanilla steps=35 ms/step=877.44 L2=0.679952
[run] sinh
/root/miniconda3/envs/apolarity/lib/python3.11/site-packages/torch/nn/modules/module.py:1310: UserWarning: Complex modules are a new feature under active development whose design may change, and some modules might not work as expected when using complex tensors as parameters or buffers. Please file an issue at https://github.com/pytorch/pytorch/issues/new?template=bug-report.yml if a complex module does not work as expected.
  warnings.warn(
[done] sinh steps=37 ms/step=840.89 L2=0.16269
[ok] wrote experiments/results/poly_shared_weight_cartesian/o6/grid30/point_036_history.json  (2 traces)

[ok] wrote experiments/results/poly_shared_weight_cartesian/o6/grid30/point_036
[start] point_037 weights=(0.03, 0.01, 0.03) seconds=30
device=cuda order=6 methods=('vanilla', 'sinh') bc_weights=0.03,0.01,0.03 seconds=30.0
[run] vanilla
[done] vanilla steps=35 ms/step=868.50 L2=0.686456
[run] sinh
/root/miniconda3/envs/apolarity/lib/python3.11/site-packages/torch/nn/modules/module.py:1310: UserWarning: Complex modules are a new feature under active development whose design may change, and some modules might not work as expected when using complex tensors as parameters or buffers. Please file an issue at https://github.com/pytorch/pytorch/issues/new?template=bug-report.yml if a complex module does not work as expected.
  warnings.warn(
[done] sinh steps=37 ms/step=840.25 L2=0.15799
[ok] wrote experiments/results/poly_shared_weight_cartesian/o6/grid30/point_037_history.json  (2 traces)

[ok] wrote experiments/results/poly_shared_weight_cartesian/o6/grid30/point_037
[start] point_038 weights=(0.03, 0.01, 0.1) seconds=30
device=cuda order=6 methods=('vanilla', 'sinh') bc_weights=0.03,0.01,0.1 seconds=30.0
[run] vanilla
[done] vanilla steps=35 ms/step=881.83 L2=0.677798
[run] sinh
/root/miniconda3/envs/apolarity/lib/python3.11/site-packages/torch/nn/modules/module.py:1310: UserWarning: Complex modules are a new feature under active development whose design may change, and some modules might not work as expected when using complex tensors as parameters or buffers. Please file an issue at https://github.com/pytorch/pytorch/issues/new?template=bug-report.yml if a complex module does not work as expected.
  warnings.warn(
[done] sinh steps=37 ms/step=841.56 L2=0.146638
[ok] wrote experiments/results/poly_shared_weight_cartesian/o6/grid30/point_038_history.json  (2 traces)

[ok] wrote experiments/results/poly_shared_weight_cartesian/o6/grid30/point_038
[start] point_039 weights=(0.03, 0.01, 0.3) seconds=30
device=cuda order=6 methods=('vanilla', 'sinh') bc_weights=0.03,0.01,0.3 seconds=30.0
[run] vanilla
[done] vanilla steps=34 ms/step=886.23 L2=0.668138
[run] sinh
/root/miniconda3/envs/apolarity/lib/python3.11/site-packages/torch/nn/modules/module.py:1310: UserWarning: Complex modules are a new feature under active development whose design may change, and some modules might not work as expected when using complex tensors as parameters or buffers. Please file an issue at https://github.com/pytorch/pytorch/issues/new?template=bug-report.yml if a complex module does not work as expected.
  warnings.warn(
[done] sinh steps=37 ms/step=842.18 L2=0.134466
[ok] wrote experiments/results/poly_shared_weight_cartesian/o6/grid30/point_039_history.json  (2 traces)

[ok] wrote experiments/results/poly_shared_weight_cartesian/o6/grid30/point_039
[start] point_040 weights=(0.03, 0.01, 1.0) seconds=30
device=cuda order=6 methods=('vanilla', 'sinh') bc_weights=0.03,0.01,1 seconds=30.0
[run] vanilla
[done] vanilla steps=35 ms/step=872.25 L2=0.677654
[run] sinh
/root/miniconda3/envs/apolarity/lib/python3.11/site-packages/torch/nn/modules/module.py:1310: UserWarning: Complex modules are a new feature under active development whose design may change, and some modules might not work as expected when using complex tensors as parameters or buffers. Please file an issue at https://github.com/pytorch/pytorch/issues/new?template=bug-report.yml if a complex module does not work as expected.
  warnings.warn(
[done] sinh steps=37 ms/step=840.70 L2=0.133177
[ok] wrote experiments/results/poly_shared_weight_cartesian/o6/grid30/point_040_history.json  (2 traces)

[ok] wrote experiments/results/poly_shared_weight_cartesian/o6/grid30/point_040
[start] point_041 weights=(0.03, 0.01, 3.0) seconds=30
device=cuda order=6 methods=('vanilla', 'sinh') bc_weights=0.03,0.01,3 seconds=30.0
[run] vanilla
[done] vanilla steps=35 ms/step=870.13 L2=0.663964
[run] sinh
/root/miniconda3/envs/apolarity/lib/python3.11/site-packages/torch/nn/modules/module.py:1310: UserWarning: Complex modules are a new feature under active development whose design may change, and some modules might not work as expected when using complex tensors as parameters or buffers. Please file an issue at https://github.com/pytorch/pytorch/issues/new?template=bug-report.yml if a complex module does not work as expected.
  warnings.warn(
[done] sinh steps=37 ms/step=842.22 L2=0.130298
[ok] wrote experiments/results/poly_shared_weight_cartesian/o6/grid30/point_041_history.json  (2 traces)

[ok] wrote experiments/results/poly_shared_weight_cartesian/o6/grid30/point_041
[start] point_042 weights=(0.03, 0.03, 0.01) seconds=30
device=cuda order=6 methods=('vanilla', 'sinh') bc_weights=0.03,0.03,0.01 seconds=30.0
[run] vanilla
[done] vanilla steps=34 ms/step=886.67 L2=0.666074
[run] sinh
/root/miniconda3/envs/apolarity/lib/python3.11/site-packages/torch/nn/modules/module.py:1310: UserWarning: Complex modules are a new feature under active development whose design may change, and some modules might not work as expected when using complex tensors as parameters or buffers. Please file an issue at https://github.com/pytorch/pytorch/issues/new?template=bug-report.yml if a complex module does not work as expected.
  warnings.warn(
[done] sinh steps=37 ms/step=842.54 L2=0.14414
[ok] wrote experiments/results/poly_shared_weight_cartesian/o6/grid30/point_042_history.json  (2 traces)

[ok] wrote experiments/results/poly_shared_weight_cartesian/o6/grid30/point_042
[start] point_043 weights=(0.03, 0.03, 0.03) seconds=30
device=cuda order=6 methods=('vanilla', 'sinh') bc_weights=0.03,0.03,0.03 seconds=30.0
[run] vanilla
[done] vanilla steps=35 ms/step=880.43 L2=0.674741
[run] sinh
/root/miniconda3/envs/apolarity/lib/python3.11/site-packages/torch/nn/modules/module.py:1310: UserWarning: Complex modules are a new feature under active development whose design may change, and some modules might not work as expected when using complex tensors as parameters or buffers. Please file an issue at https://github.com/pytorch/pytorch/issues/new?template=bug-report.yml if a complex module does not work as expected.
  warnings.warn(
[done] sinh steps=37 ms/step=841.05 L2=0.14156
[ok] wrote experiments/results/poly_shared_weight_cartesian/o6/grid30/point_043_history.json  (2 traces)

[ok] wrote experiments/results/poly_shared_weight_cartesian/o6/grid30/point_043
[start] point_044 weights=(0.03, 0.03, 0.1) seconds=30
device=cuda order=6 methods=('vanilla', 'sinh') bc_weights=0.03,0.03,0.1 seconds=30.0
[run] vanilla
[done] vanilla steps=35 ms/step=879.42 L2=0.674675
[run] sinh
/root/miniconda3/envs/apolarity/lib/python3.11/site-packages/torch/nn/modules/module.py:1310: UserWarning: Complex modules are a new feature under active development whose design may change, and some modules might not work as expected when using complex tensors as parameters or buffers. Please file an issue at https://github.com/pytorch/pytorch/issues/new?template=bug-report.yml if a complex module does not work as expected.
  warnings.warn(
[done] sinh steps=37 ms/step=840.97 L2=0.135231
[ok] wrote experiments/results/poly_shared_weight_cartesian/o6/grid30/point_044_history.json  (2 traces)

[ok] wrote experiments/results/poly_shared_weight_cartesian/o6/grid30/point_044
[start] point_045 weights=(0.03, 0.03, 0.3) seconds=30
device=cuda order=6 methods=('vanilla', 'sinh') bc_weights=0.03,0.03,0.3 seconds=30.0
[run] vanilla
[done] vanilla steps=34 ms/step=886.92 L2=0.664497
[run] sinh
/root/miniconda3/envs/apolarity/lib/python3.11/site-packages/torch/nn/modules/module.py:1310: UserWarning: Complex modules are a new feature under active development whose design may change, and some modules might not work as expected when using complex tensors as parameters or buffers. Please file an issue at https://github.com/pytorch/pytorch/issues/new?template=bug-report.yml if a complex module does not work as expected.
  warnings.warn(
[done] sinh steps=37 ms/step=841.63 L2=0.129134
[ok] wrote experiments/results/poly_shared_weight_cartesian/o6/grid30/point_045_history.json  (2 traces)

[ok] wrote experiments/results/poly_shared_weight_cartesian/o6/grid30/point_045
[start] point_046 weights=(0.03, 0.03, 1.0) seconds=30
device=cuda order=6 methods=('vanilla', 'sinh') bc_weights=0.03,0.03,1 seconds=30.0
[run] vanilla
[done] vanilla steps=35 ms/step=877.11 L2=0.66949
[run] sinh
/root/miniconda3/envs/apolarity/lib/python3.11/site-packages/torch/nn/modules/module.py:1310: UserWarning: Complex modules are a new feature under active development whose design may change, and some modules might not work as expected when using complex tensors as parameters or buffers. Please file an issue at https://github.com/pytorch/pytorch/issues/new?template=bug-report.yml if a complex module does not work as expected.
  warnings.warn(
[done] sinh steps=37 ms/step=841.00 L2=0.128805
[ok] wrote experiments/results/poly_shared_weight_cartesian/o6/grid30/point_046_history.json  (2 traces)

[ok] wrote experiments/results/poly_shared_weight_cartesian/o6/grid30/point_046
[start] point_047 weights=(0.03, 0.03, 3.0) seconds=30
device=cuda order=6 methods=('vanilla', 'sinh') bc_weights=0.03,0.03,3 seconds=30.0
[run] vanilla
[done] vanilla steps=35 ms/step=868.47 L2=0.662029
[run] sinh
/root/miniconda3/envs/apolarity/lib/python3.11/site-packages/torch/nn/modules/module.py:1310: UserWarning: Complex modules are a new feature under active development whose design may change, and some modules might not work as expected when using complex tensors as parameters or buffers. Please file an issue at https://github.com/pytorch/pytorch/issues/new?template=bug-report.yml if a complex module does not work as expected.
  warnings.warn(
[done] sinh steps=37 ms/step=840.05 L2=0.126876
[ok] wrote experiments/results/poly_shared_weight_cartesian/o6/grid30/point_047_history.json  (2 traces)

[ok] wrote experiments/results/poly_shared_weight_cartesian/o6/grid30/point_047
[start] point_048 weights=(0.03, 0.1, 0.01) seconds=30
device=cuda order=6 methods=('vanilla', 'sinh') bc_weights=0.03,0.1,0.01 seconds=30.0
[run] vanilla
[done] vanilla steps=35 ms/step=878.01 L2=0.666553
[run] sinh
/root/miniconda3/envs/apolarity/lib/python3.11/site-packages/torch/nn/modules/module.py:1310: UserWarning: Complex modules are a new feature under active development whose design may change, and some modules might not work as expected when using complex tensors as parameters or buffers. Please file an issue at https://github.com/pytorch/pytorch/issues/new?template=bug-report.yml if a complex module does not work as expected.
  warnings.warn(
[done] sinh steps=37 ms/step=840.82 L2=0.113914
[ok] wrote experiments/results/poly_shared_weight_cartesian/o6/grid30/point_048_history.json  (2 traces)

[ok] wrote experiments/results/poly_shared_weight_cartesian/o6/grid30/point_048
[start] point_049 weights=(0.03, 0.1, 0.03) seconds=30
device=cuda order=6 methods=('vanilla', 'sinh') bc_weights=0.03,0.1,0.03 seconds=30.0
[run] vanilla
[done] vanilla steps=35 ms/step=866.30 L2=0.672417
[run] sinh
/root/miniconda3/envs/apolarity/lib/python3.11/site-packages/torch/nn/modules/module.py:1310: UserWarning: Complex modules are a new feature under active development whose design may change, and some modules might not work as expected when using complex tensors as parameters or buffers. Please file an issue at https://github.com/pytorch/pytorch/issues/new?template=bug-report.yml if a complex module does not work as expected.
  warnings.warn(
[done] sinh steps=37 ms/step=840.27 L2=0.114448
[ok] wrote experiments/results/poly_shared_weight_cartesian/o6/grid30/point_049_history.json  (2 traces)

[ok] wrote experiments/results/poly_shared_weight_cartesian/o6/grid30/point_049
[start] point_050 weights=(0.03, 0.1, 0.1) seconds=30
device=cuda order=6 methods=('vanilla', 'sinh') bc_weights=0.03,0.1,0.1 seconds=30.0
[run] vanilla
[done] vanilla steps=35 ms/step=874.71 L2=0.667339
[run] sinh
/root/miniconda3/envs/apolarity/lib/python3.11/site-packages/torch/nn/modules/module.py:1310: UserWarning: Complex modules are a new feature under active development whose design may change, and some modules might not work as expected when using complex tensors as parameters or buffers. Please file an issue at https://github.com/pytorch/pytorch/issues/new?template=bug-report.yml if a complex module does not work as expected.
  warnings.warn(
[done] sinh steps=37 ms/step=840.82 L2=0.115917
[ok] wrote experiments/results/poly_shared_weight_cartesian/o6/grid30/point_050_history.json  (2 traces)

[ok] wrote experiments/results/poly_shared_weight_cartesian/o6/grid30/point_050
[start] point_051 weights=(0.03, 0.1, 0.3) seconds=30
device=cuda order=6 methods=('vanilla', 'sinh') bc_weights=0.03,0.1,0.3 seconds=30.0
[run] vanilla
[done] vanilla steps=35 ms/step=871.09 L2=0.669189
[run] sinh
/root/miniconda3/envs/apolarity/lib/python3.11/site-packages/torch/nn/modules/module.py:1310: UserWarning: Complex modules are a new feature under active development whose design may change, and some modules might not work as expected when using complex tensors as parameters or buffers. Please file an issue at https://github.com/pytorch/pytorch/issues/new?template=bug-report.yml if a complex module does not work as expected.
  warnings.warn(
[done] sinh steps=37 ms/step=840.84 L2=0.118817
[ok] wrote experiments/results/poly_shared_weight_cartesian/o6/grid30/point_051_history.json  (2 traces)

[ok] wrote experiments/results/poly_shared_weight_cartesian/o6/grid30/point_051
[start] point_052 weights=(0.03, 0.1, 1.0) seconds=30
device=cuda order=6 methods=('vanilla', 'sinh') bc_weights=0.03,0.1,1 seconds=30.0
[run] vanilla
[done] vanilla steps=35 ms/step=871.46 L2=0.663876
[run] sinh
/root/miniconda3/envs/apolarity/lib/python3.11/site-packages/torch/nn/modules/module.py:1310: UserWarning: Complex modules are a new feature under active development whose design may change, and some modules might not work as expected when using complex tensors as parameters or buffers. Please file an issue at https://github.com/pytorch/pytorch/issues/new?template=bug-report.yml if a complex module does not work as expected.
  warnings.warn(
[done] sinh steps=37 ms/step=840.41 L2=0.117006
[ok] wrote experiments/results/poly_shared_weight_cartesian/o6/grid30/point_052_history.json  (2 traces)

[ok] wrote experiments/results/poly_shared_weight_cartesian/o6/grid30/point_052
[start] point_053 weights=(0.03, 0.1, 3.0) seconds=30
device=cuda order=6 methods=('vanilla', 'sinh') bc_weights=0.03,0.1,3 seconds=30.0
[run] vanilla
[done] vanilla steps=35 ms/step=869.05 L2=0.654992
[run] sinh
/root/miniconda3/envs/apolarity/lib/python3.11/site-packages/torch/nn/modules/module.py:1310: UserWarning: Complex modules are a new feature under active development whose design may change, and some modules might not work as expected when using complex tensors as parameters or buffers. Please file an issue at https://github.com/pytorch/pytorch/issues/new?template=bug-report.yml if a complex module does not work as expected.
  warnings.warn(
[done] sinh steps=37 ms/step=839.79 L2=0.11865
[ok] wrote experiments/results/poly_shared_weight_cartesian/o6/grid30/point_053_history.json  (2 traces)

[ok] wrote experiments/results/poly_shared_weight_cartesian/o6/grid30/point_053
[start] point_054 weights=(0.03, 0.3, 0.01) seconds=30
device=cuda order=6 methods=('vanilla', 'sinh') bc_weights=0.03,0.3,0.01 seconds=30.0
[run] vanilla
[done] vanilla steps=35 ms/step=866.08 L2=0.651318
[run] sinh
/root/miniconda3/envs/apolarity/lib/python3.11/site-packages/torch/nn/modules/module.py:1310: UserWarning: Complex modules are a new feature under active development whose design may change, and some modules might not work as expected when using complex tensors as parameters or buffers. Please file an issue at https://github.com/pytorch/pytorch/issues/new?template=bug-report.yml if a complex module does not work as expected.
  warnings.warn(
[done] sinh steps=37 ms/step=839.87 L2=0.0863016
[ok] wrote experiments/results/poly_shared_weight_cartesian/o6/grid30/point_054_history.json  (2 traces)

[ok] wrote experiments/results/poly_shared_weight_cartesian/o6/grid30/point_054
[start] point_055 weights=(0.03, 0.3, 0.03) seconds=30
device=cuda order=6 methods=('vanilla', 'sinh') bc_weights=0.03,0.3,0.03 seconds=30.0
[run] vanilla
[done] vanilla steps=35 ms/step=870.37 L2=0.650218
[run] sinh
/root/miniconda3/envs/apolarity/lib/python3.11/site-packages/torch/nn/modules/module.py:1310: UserWarning: Complex modules are a new feature under active development whose design may change, and some modules might not work as expected when using complex tensors as parameters or buffers. Please file an issue at https://github.com/pytorch/pytorch/issues/new?template=bug-report.yml if a complex module does not work as expected.
  warnings.warn(
[done] sinh steps=37 ms/step=840.40 L2=0.0879535
[ok] wrote experiments/results/poly_shared_weight_cartesian/o6/grid30/point_055_history.json  (2 traces)

[ok] wrote experiments/results/poly_shared_weight_cartesian/o6/grid30/point_055
[start] point_056 weights=(0.03, 0.3, 0.1) seconds=30
device=cuda order=6 methods=('vanilla', 'sinh') bc_weights=0.03,0.3,0.1 seconds=30.0
[run] vanilla
[done] vanilla steps=35 ms/step=878.22 L2=0.647969
[run] sinh
/root/miniconda3/envs/apolarity/lib/python3.11/site-packages/torch/nn/modules/module.py:1310: UserWarning: Complex modules are a new feature under active development whose design may change, and some modules might not work as expected when using complex tensors as parameters or buffers. Please file an issue at https://github.com/pytorch/pytorch/issues/new?template=bug-report.yml if a complex module does not work as expected.
  warnings.warn(
[done] sinh steps=37 ms/step=841.96 L2=0.0929393
[ok] wrote experiments/results/poly_shared_weight_cartesian/o6/grid30/point_056_history.json  (2 traces)

[ok] wrote experiments/results/poly_shared_weight_cartesian/o6/grid30/point_056
[start] point_057 weights=(0.03, 0.3, 0.3) seconds=30
device=cuda order=6 methods=('vanilla', 'sinh') bc_weights=0.03,0.3,0.3 seconds=30.0
[run] vanilla
[done] vanilla steps=35 ms/step=879.75 L2=0.646967
[run] sinh
/root/miniconda3/envs/apolarity/lib/python3.11/site-packages/torch/nn/modules/module.py:1310: UserWarning: Complex modules are a new feature under active development whose design may change, and some modules might not work as expected when using complex tensors as parameters or buffers. Please file an issue at https://github.com/pytorch/pytorch/issues/new?template=bug-report.yml if a complex module does not work as expected.
  warnings.warn(
[done] sinh steps=37 ms/step=840.65 L2=0.099922
[ok] wrote experiments/results/poly_shared_weight_cartesian/o6/grid30/point_057_history.json  (2 traces)

[ok] wrote experiments/results/poly_shared_weight_cartesian/o6/grid30/point_057
[start] point_058 weights=(0.03, 0.3, 1.0) seconds=30
device=cuda order=6 methods=('vanilla', 'sinh') bc_weights=0.03,0.3,1 seconds=30.0
[run] vanilla
[done] vanilla steps=35 ms/step=868.49 L2=0.648028
[run] sinh
/root/miniconda3/envs/apolarity/lib/python3.11/site-packages/torch/nn/modules/module.py:1310: UserWarning: Complex modules are a new feature under active development whose design may change, and some modules might not work as expected when using complex tensors as parameters or buffers. Please file an issue at https://github.com/pytorch/pytorch/issues/new?template=bug-report.yml if a complex module does not work as expected.
  warnings.warn(
[done] sinh steps=37 ms/step=839.93 L2=0.103661
[ok] wrote experiments/results/poly_shared_weight_cartesian/o6/grid30/point_058_history.json  (2 traces)

[ok] wrote experiments/results/poly_shared_weight_cartesian/o6/grid30/point_058
[start] point_059 weights=(0.03, 0.3, 3.0) seconds=30
device=cuda order=6 methods=('vanilla', 'sinh') bc_weights=0.03,0.3,3 seconds=30.0
[run] vanilla
[done] vanilla steps=34 ms/step=887.11 L2=0.643136
[run] sinh
/root/miniconda3/envs/apolarity/lib/python3.11/site-packages/torch/nn/modules/module.py:1310: UserWarning: Complex modules are a new feature under active development whose design may change, and some modules might not work as expected when using complex tensors as parameters or buffers. Please file an issue at https://github.com/pytorch/pytorch/issues/new?template=bug-report.yml if a complex module does not work as expected.
  warnings.warn(
[done] sinh steps=37 ms/step=842.64 L2=0.113932
[ok] wrote experiments/results/poly_shared_weight_cartesian/o6/grid30/point_059_history.json  (2 traces)

[ok] wrote experiments/results/poly_shared_weight_cartesian/o6/grid30/point_059
[start] point_060 weights=(0.03, 1.0, 0.01) seconds=30
device=cuda order=6 methods=('vanilla', 'sinh') bc_weights=0.03,1,0.01 seconds=30.0
[run] vanilla
[done] vanilla steps=35 ms/step=878.77 L2=0.650117
[run] sinh
/root/miniconda3/envs/apolarity/lib/python3.11/site-packages/torch/nn/modules/module.py:1310: UserWarning: Complex modules are a new feature under active development whose design may change, and some modules might not work as expected when using complex tensors as parameters or buffers. Please file an issue at https://github.com/pytorch/pytorch/issues/new?template=bug-report.yml if a complex module does not work as expected.
  warnings.warn(
[done] sinh steps=37 ms/step=841.94 L2=0.0879988
[ok] wrote experiments/results/poly_shared_weight_cartesian/o6/grid30/point_060_history.json  (2 traces)

[ok] wrote experiments/results/poly_shared_weight_cartesian/o6/grid30/point_060
[start] point_061 weights=(0.03, 1.0, 0.03) seconds=30
device=cuda order=6 methods=('vanilla', 'sinh') bc_weights=0.03,1,0.03 seconds=30.0
[run] vanilla
[done] vanilla steps=35 ms/step=878.07 L2=0.64958
[run] sinh
/root/miniconda3/envs/apolarity/lib/python3.11/site-packages/torch/nn/modules/module.py:1310: UserWarning: Complex modules are a new feature under active development whose design may change, and some modules might not work as expected when using complex tensors as parameters or buffers. Please file an issue at https://github.com/pytorch/pytorch/issues/new?template=bug-report.yml if a complex module does not work as expected.
  warnings.warn(
[done] sinh steps=37 ms/step=840.82 L2=0.0884166
[ok] wrote experiments/results/poly_shared_weight_cartesian/o6/grid30/point_061_history.json  (2 traces)

[ok] wrote experiments/results/poly_shared_weight_cartesian/o6/grid30/point_061
[start] point_062 weights=(0.03, 1.0, 0.1) seconds=30
device=cuda order=6 methods=('vanilla', 'sinh') bc_weights=0.03,1,0.1 seconds=30.0
[run] vanilla
[done] vanilla steps=35 ms/step=869.92 L2=0.64872
[run] sinh
/root/miniconda3/envs/apolarity/lib/python3.11/site-packages/torch/nn/modules/module.py:1310: UserWarning: Complex modules are a new feature under active development whose design may change, and some modules might not work as expected when using complex tensors as parameters or buffers. Please file an issue at https://github.com/pytorch/pytorch/issues/new?template=bug-report.yml if a complex module does not work as expected.
  warnings.warn(
[done] sinh steps=37 ms/step=840.29 L2=0.0904222
[ok] wrote experiments/results/poly_shared_weight_cartesian/o6/grid30/point_062_history.json  (2 traces)

[ok] wrote experiments/results/poly_shared_weight_cartesian/o6/grid30/point_062
[start] point_063 weights=(0.03, 1.0, 0.3) seconds=30
device=cuda order=6 methods=('vanilla', 'sinh') bc_weights=0.03,1,0.3 seconds=30.0
[run] vanilla
[done] vanilla steps=35 ms/step=878.98 L2=0.650964
[run] sinh
/root/miniconda3/envs/apolarity/lib/python3.11/site-packages/torch/nn/modules/module.py:1310: UserWarning: Complex modules are a new feature under active development whose design may change, and some modules might not work as expected when using complex tensors as parameters or buffers. Please file an issue at https://github.com/pytorch/pytorch/issues/new?template=bug-report.yml if a complex module does not work as expected.
  warnings.warn(
[done] sinh steps=37 ms/step=841.15 L2=0.0944107
[ok] wrote experiments/results/poly_shared_weight_cartesian/o6/grid30/point_063_history.json  (2 traces)

[ok] wrote experiments/results/poly_shared_weight_cartesian/o6/grid30/point_063
[start] point_064 weights=(0.03, 1.0, 1.0) seconds=30
device=cuda order=6 methods=('vanilla', 'sinh') bc_weights=0.03,1,1 seconds=30.0
[run] vanilla
[done] vanilla steps=35 ms/step=868.56 L2=0.651514
[run] sinh
/root/miniconda3/envs/apolarity/lib/python3.11/site-packages/torch/nn/modules/module.py:1310: UserWarning: Complex modules are a new feature under active development whose design may change, and some modules might not work as expected when using complex tensors as parameters or buffers. Please file an issue at https://github.com/pytorch/pytorch/issues/new?template=bug-report.yml if a complex module does not work as expected.
  warnings.warn(
[done] sinh steps=37 ms/step=840.00 L2=0.100488
[ok] wrote experiments/results/poly_shared_weight_cartesian/o6/grid30/point_064_history.json  (2 traces)

[ok] wrote experiments/results/poly_shared_weight_cartesian/o6/grid30/point_064
[start] point_065 weights=(0.03, 1.0, 3.0) seconds=30
device=cuda order=6 methods=('vanilla', 'sinh') bc_weights=0.03,1,3 seconds=30.0
[run] vanilla
[done] vanilla steps=35 ms/step=876.98 L2=0.660906
[run] sinh
/root/miniconda3/envs/apolarity/lib/python3.11/site-packages/torch/nn/modules/module.py:1310: UserWarning: Complex modules are a new feature under active development whose design may change, and some modules might not work as expected when using complex tensors as parameters or buffers. Please file an issue at https://github.com/pytorch/pytorch/issues/new?template=bug-report.yml if a complex module does not work as expected.
  warnings.warn(
[done] sinh steps=37 ms/step=840.78 L2=0.12886
[ok] wrote experiments/results/poly_shared_weight_cartesian/o6/grid30/point_065_history.json  (2 traces)

[ok] wrote experiments/results/poly_shared_weight_cartesian/o6/grid30/point_065
[start] point_066 weights=(0.03, 3.0, 0.01) seconds=30
device=cuda order=6 methods=('vanilla', 'sinh') bc_weights=0.03,3,0.01 seconds=30.0
[run] vanilla
[done] vanilla steps=35 ms/step=880.00 L2=0.767923
[run] sinh
/root/miniconda3/envs/apolarity/lib/python3.11/site-packages/torch/nn/modules/module.py:1310: UserWarning: Complex modules are a new feature under active development whose design may change, and some modules might not work as expected when using complex tensors as parameters or buffers. Please file an issue at https://github.com/pytorch/pytorch/issues/new?template=bug-report.yml if a complex module does not work as expected.
  warnings.warn(
[done] sinh steps=37 ms/step=841.10 L2=0.0916315
[ok] wrote experiments/results/poly_shared_weight_cartesian/o6/grid30/point_066_history.json  (2 traces)

[ok] wrote experiments/results/poly_shared_weight_cartesian/o6/grid30/point_066
[start] point_067 weights=(0.03, 3.0, 0.03) seconds=30
device=cuda order=6 methods=('vanilla', 'sinh') bc_weights=0.03,3,0.03 seconds=30.0
[run] vanilla
[done] vanilla steps=35 ms/step=874.55 L2=0.766639
[run] sinh
/root/miniconda3/envs/apolarity/lib/python3.11/site-packages/torch/nn/modules/module.py:1310: UserWarning: Complex modules are a new feature under active development whose design may change, and some modules might not work as expected when using complex tensors as parameters or buffers. Please file an issue at https://github.com/pytorch/pytorch/issues/new?template=bug-report.yml if a complex module does not work as expected.
  warnings.warn(
[done] sinh steps=37 ms/step=841.01 L2=0.0929767
[ok] wrote experiments/results/poly_shared_weight_cartesian/o6/grid30/point_067_history.json  (2 traces)

[ok] wrote experiments/results/poly_shared_weight_cartesian/o6/grid30/point_067
[start] point_068 weights=(0.03, 3.0, 0.1) seconds=30
device=cuda order=6 methods=('vanilla', 'sinh') bc_weights=0.03,3,0.1 seconds=30.0
[run] vanilla
[done] vanilla steps=35 ms/step=880.40 L2=0.768398
[run] sinh
/root/miniconda3/envs/apolarity/lib/python3.11/site-packages/torch/nn/modules/module.py:1310: UserWarning: Complex modules are a new feature under active development whose design may change, and some modules might not work as expected when using complex tensors as parameters or buffers. Please file an issue at https://github.com/pytorch/pytorch/issues/new?template=bug-report.yml if a complex module does not work as expected.
  warnings.warn(
[done] sinh steps=37 ms/step=841.00 L2=0.0976065
[ok] wrote experiments/results/poly_shared_weight_cartesian/o6/grid30/point_068_history.json  (2 traces)

[ok] wrote experiments/results/poly_shared_weight_cartesian/o6/grid30/point_068
[start] point_069 weights=(0.03, 3.0, 0.3) seconds=30
device=cuda order=6 methods=('vanilla', 'sinh') bc_weights=0.03,3,0.3 seconds=30.0
[run] vanilla
[done] vanilla steps=34 ms/step=888.95 L2=0.772847
[run] sinh
/root/miniconda3/envs/apolarity/lib/python3.11/site-packages/torch/nn/modules/module.py:1310: UserWarning: Complex modules are a new feature under active development whose design may change, and some modules might not work as expected when using complex tensors as parameters or buffers. Please file an issue at https://github.com/pytorch/pytorch/issues/new?template=bug-report.yml if a complex module does not work as expected.
  warnings.warn(
[done] sinh steps=37 ms/step=841.59 L2=0.108717
[ok] wrote experiments/results/poly_shared_weight_cartesian/o6/grid30/point_069_history.json  (2 traces)

[ok] wrote experiments/results/poly_shared_weight_cartesian/o6/grid30/point_069
[start] point_070 weights=(0.03, 3.0, 1.0) seconds=30
device=cuda order=6 methods=('vanilla', 'sinh') bc_weights=0.03,3,1 seconds=30.0
[run] vanilla
[done] vanilla steps=35 ms/step=873.06 L2=0.769462
[run] sinh
/root/miniconda3/envs/apolarity/lib/python3.11/site-packages/torch/nn/modules/module.py:1310: UserWarning: Complex modules are a new feature under active development whose design may change, and some modules might not work as expected when using complex tensors as parameters or buffers. Please file an issue at https://github.com/pytorch/pytorch/issues/new?template=bug-report.yml if a complex module does not work as expected.
  warnings.warn(
[done] sinh steps=37 ms/step=840.45 L2=0.122533
[ok] wrote experiments/results/poly_shared_weight_cartesian/o6/grid30/point_070_history.json  (2 traces)

[ok] wrote experiments/results/poly_shared_weight_cartesian/o6/grid30/point_070
[start] point_071 weights=(0.03, 3.0, 3.0) seconds=30
device=cuda order=6 methods=('vanilla', 'sinh') bc_weights=0.03,3,3 seconds=30.0
[run] vanilla
[done] vanilla steps=35 ms/step=878.49 L2=0.777392
[run] sinh
/root/miniconda3/envs/apolarity/lib/python3.11/site-packages/torch/nn/modules/module.py:1310: UserWarning: Complex modules are a new feature under active development whose design may change, and some modules might not work as expected when using complex tensors as parameters or buffers. Please file an issue at https://github.com/pytorch/pytorch/issues/new?template=bug-report.yml if a complex module does not work as expected.
  warnings.warn(
[done] sinh steps=37 ms/step=840.91 L2=0.143058
[ok] wrote experiments/results/poly_shared_weight_cartesian/o6/grid30/point_071_history.json  (2 traces)

[ok] wrote experiments/results/poly_shared_weight_cartesian/o6/grid30/point_071
[start] point_072 weights=(0.1, 0.01, 0.01) seconds=30
device=cuda order=6 methods=('vanilla', 'sinh') bc_weights=0.1,0.01,0.01 seconds=30.0
[run] vanilla
[done] vanilla steps=35 ms/step=880.20 L2=0.924722
[run] sinh
/root/miniconda3/envs/apolarity/lib/python3.11/site-packages/torch/nn/modules/module.py:1310: UserWarning: Complex modules are a new feature under active development whose design may change, and some modules might not work as expected when using complex tensors as parameters or buffers. Please file an issue at https://github.com/pytorch/pytorch/issues/new?template=bug-report.yml if a complex module does not work as expected.
  warnings.warn(
[done] sinh steps=37 ms/step=841.08 L2=0.151185
[ok] wrote experiments/results/poly_shared_weight_cartesian/o6/grid30/point_072_history.json  (2 traces)

[ok] wrote experiments/results/poly_shared_weight_cartesian/o6/grid30/point_072
[start] point_073 weights=(0.1, 0.01, 0.03) seconds=30
device=cuda order=6 methods=('vanilla', 'sinh') bc_weights=0.1,0.01,0.03 seconds=30.0
[run] vanilla
[done] vanilla steps=35 ms/step=867.29 L2=0.922596
[run] sinh
/root/miniconda3/envs/apolarity/lib/python3.11/site-packages/torch/nn/modules/module.py:1310: UserWarning: Complex modules are a new feature under active development whose design may change, and some modules might not work as expected when using complex tensors as parameters or buffers. Please file an issue at https://github.com/pytorch/pytorch/issues/new?template=bug-report.yml if a complex module does not work as expected.
  warnings.warn(
[done] sinh steps=37 ms/step=839.72 L2=0.150525
[ok] wrote experiments/results/poly_shared_weight_cartesian/o6/grid30/point_073_history.json  (2 traces)

[ok] wrote experiments/results/poly_shared_weight_cartesian/o6/grid30/point_073
[start] point_074 weights=(0.1, 0.01, 0.1) seconds=30
device=cuda order=6 methods=('vanilla', 'sinh') bc_weights=0.1,0.01,0.1 seconds=30.0
[run] vanilla
[done] vanilla steps=35 ms/step=878.25 L2=0.924457
[run] sinh
/root/miniconda3/envs/apolarity/lib/python3.11/site-packages/torch/nn/modules/module.py:1310: UserWarning: Complex modules are a new feature under active development whose design may change, and some modules might not work as expected when using complex tensors as parameters or buffers. Please file an issue at https://github.com/pytorch/pytorch/issues/new?template=bug-report.yml if a complex module does not work as expected.
  warnings.warn(
[done] sinh steps=37 ms/step=840.87 L2=0.152365
[ok] wrote experiments/results/poly_shared_weight_cartesian/o6/grid30/point_074_history.json  (2 traces)

[ok] wrote experiments/results/poly_shared_weight_cartesian/o6/grid30/point_074
[start] point_075 weights=(0.1, 0.01, 0.3) seconds=30
device=cuda order=6 methods=('vanilla', 'sinh') bc_weights=0.1,0.01,0.3 seconds=30.0
[run] vanilla
[done] vanilla steps=35 ms/step=877.11 L2=0.924653
[run] sinh
/root/miniconda3/envs/apolarity/lib/python3.11/site-packages/torch/nn/modules/module.py:1310: UserWarning: Complex modules are a new feature under active development whose design may change, and some modules might not work as expected when using complex tensors as parameters or buffers. Please file an issue at https://github.com/pytorch/pytorch/issues/new?template=bug-report.yml if a complex module does not work as expected.
  warnings.warn(
[done] sinh steps=37 ms/step=840.63 L2=0.160719
[ok] wrote experiments/results/poly_shared_weight_cartesian/o6/grid30/point_075_history.json  (2 traces)

[ok] wrote experiments/results/poly_shared_weight_cartesian/o6/grid30/point_075
[start] point_076 weights=(0.1, 0.01, 1.0) seconds=30
device=cuda order=6 methods=('vanilla', 'sinh') bc_weights=0.1,0.01,1 seconds=30.0
[run] vanilla
[done] vanilla steps=35 ms/step=869.82 L2=0.923414
[run] sinh
/root/miniconda3/envs/apolarity/lib/python3.11/site-packages/torch/nn/modules/module.py:1310: UserWarning: Complex modules are a new feature under active development whose design may change, and some modules might not work as expected when using complex tensors as parameters or buffers. Please file an issue at https://github.com/pytorch/pytorch/issues/new?template=bug-report.yml if a complex module does not work as expected.
  warnings.warn(
[done] sinh steps=37 ms/step=840.12 L2=0.161635
[ok] wrote experiments/results/poly_shared_weight_cartesian/o6/grid30/point_076_history.json  (2 traces)

[ok] wrote experiments/results/poly_shared_weight_cartesian/o6/grid30/point_076
[start] point_077 weights=(0.1, 0.01, 3.0) seconds=30
device=cuda order=6 methods=('vanilla', 'sinh') bc_weights=0.1,0.01,3 seconds=30.0
[run] vanilla
[done] vanilla steps=35 ms/step=880.15 L2=0.926673
[run] sinh
/root/miniconda3/envs/apolarity/lib/python3.11/site-packages/torch/nn/modules/module.py:1310: UserWarning: Complex modules are a new feature under active development whose design may change, and some modules might not work as expected when using complex tensors as parameters or buffers. Please file an issue at https://github.com/pytorch/pytorch/issues/new?template=bug-report.yml if a complex module does not work as expected.
  warnings.warn(
[done] sinh steps=37 ms/step=840.81 L2=0.150156
[ok] wrote experiments/results/poly_shared_weight_cartesian/o6/grid30/point_077_history.json  (2 traces)

[ok] wrote experiments/results/poly_shared_weight_cartesian/o6/grid30/point_077
[start] point_078 weights=(0.1, 0.03, 0.01) seconds=30
device=cuda order=6 methods=('vanilla', 'sinh') bc_weights=0.1,0.03,0.01 seconds=30.0
[run] vanilla
[done] vanilla steps=35 ms/step=871.83 L2=0.923022
[run] sinh
/root/miniconda3/envs/apolarity/lib/python3.11/site-packages/torch/nn/modules/module.py:1310: UserWarning: Complex modules are a new feature under active development whose design may change, and some modules might not work as expected when using complex tensors as parameters or buffers. Please file an issue at https://github.com/pytorch/pytorch/issues/new?template=bug-report.yml if a complex module does not work as expected.
  warnings.warn(
[done] sinh steps=37 ms/step=841.74 L2=0.140466
[ok] wrote experiments/results/poly_shared_weight_cartesian/o6/grid30/point_078_history.json  (2 traces)

[ok] wrote experiments/results/poly_shared_weight_cartesian/o6/grid30/point_078
[start] point_079 weights=(0.1, 0.03, 0.03) seconds=30
device=cuda order=6 methods=('vanilla', 'sinh') bc_weights=0.1,0.03,0.03 seconds=30.0
[run] vanilla
[done] vanilla steps=35 ms/step=879.59 L2=0.924772
[run] sinh
/root/miniconda3/envs/apolarity/lib/python3.11/site-packages/torch/nn/modules/module.py:1310: UserWarning: Complex modules are a new feature under active development whose design may change, and some modules might not work as expected when using complex tensors as parameters or buffers. Please file an issue at https://github.com/pytorch/pytorch/issues/new?template=bug-report.yml if a complex module does not work as expected.
  warnings.warn(
[done] sinh steps=37 ms/step=840.73 L2=0.1414
[ok] wrote experiments/results/poly_shared_weight_cartesian/o6/grid30/point_079_history.json  (2 traces)

[ok] wrote experiments/results/poly_shared_weight_cartesian/o6/grid30/point_079
[start] point_080 weights=(0.1, 0.03, 0.1) seconds=30
device=cuda order=6 methods=('vanilla', 'sinh') bc_weights=0.1,0.03,0.1 seconds=30.0
[run] vanilla
[done] vanilla steps=35 ms/step=878.80 L2=0.924847
[run] sinh
/root/miniconda3/envs/apolarity/lib/python3.11/site-packages/torch/nn/modules/module.py:1310: UserWarning: Complex modules are a new feature under active development whose design may change, and some modules might not work as expected when using complex tensors as parameters or buffers. Please file an issue at https://github.com/pytorch/pytorch/issues/new?template=bug-report.yml if a complex module does not work as expected.
  warnings.warn(
[done] sinh steps=37 ms/step=840.88 L2=0.146513
[ok] wrote experiments/results/poly_shared_weight_cartesian/o6/grid30/point_080_history.json  (2 traces)

[ok] wrote experiments/results/poly_shared_weight_cartesian/o6/grid30/point_080
[start] point_081 weights=(0.1, 0.03, 0.3) seconds=30
device=cuda order=6 methods=('vanilla', 'sinh') bc_weights=0.1,0.03,0.3 seconds=30.0
[run] vanilla
[done] vanilla steps=35 ms/step=870.78 L2=0.923413
[run] sinh
/root/miniconda3/envs/apolarity/lib/python3.11/site-packages/torch/nn/modules/module.py:1310: UserWarning: Complex modules are a new feature under active development whose design may change, and some modules might not work as expected when using complex tensors as parameters or buffers. Please file an issue at https://github.com/pytorch/pytorch/issues/new?template=bug-report.yml if a complex module does not work as expected.
  warnings.warn(
[done] sinh steps=37 ms/step=841.16 L2=0.158553
[ok] wrote experiments/results/poly_shared_weight_cartesian/o6/grid30/point_081_history.json  (2 traces)

[ok] wrote experiments/results/poly_shared_weight_cartesian/o6/grid30/point_081
[start] point_082 weights=(0.1, 0.03, 1.0) seconds=30
device=cuda order=6 methods=('vanilla', 'sinh') bc_weights=0.1,0.03,1 seconds=30.0
[run] vanilla
[done] vanilla steps=35 ms/step=870.02 L2=0.923721
[run] sinh
/root/miniconda3/envs/apolarity/lib/python3.11/site-packages/torch/nn/modules/module.py:1310: UserWarning: Complex modules are a new feature under active development whose design may change, and some modules might not work as expected when using complex tensors as parameters or buffers. Please file an issue at https://github.com/pytorch/pytorch/issues/new?template=bug-report.yml if a complex module does not work as expected.
  warnings.warn(
[done] sinh steps=37 ms/step=840.28 L2=0.159429
[ok] wrote experiments/results/poly_shared_weight_cartesian/o6/grid30/point_082_history.json  (2 traces)

[ok] wrote experiments/results/poly_shared_weight_cartesian/o6/grid30/point_082
[start] point_083 weights=(0.1, 0.03, 3.0) seconds=30
device=cuda order=6 methods=('vanilla', 'sinh') bc_weights=0.1,0.03,3 seconds=30.0
[run] vanilla
[done] vanilla steps=35 ms/step=865.10 L2=0.924124
[run] sinh
/root/miniconda3/envs/apolarity/lib/python3.11/site-packages/torch/nn/modules/module.py:1310: UserWarning: Complex modules are a new feature under active development whose design may change, and some modules might not work as expected when using complex tensors as parameters or buffers. Please file an issue at https://github.com/pytorch/pytorch/issues/new?template=bug-report.yml if a complex module does not work as expected.
  warnings.warn(
[done] sinh steps=37 ms/step=839.82 L2=0.148572
[ok] wrote experiments/results/poly_shared_weight_cartesian/o6/grid30/point_083_history.json  (2 traces)

[ok] wrote experiments/results/poly_shared_weight_cartesian/o6/grid30/point_083
[start] point_084 weights=(0.1, 0.1, 0.01) seconds=30
device=cuda order=6 methods=('vanilla', 'sinh') bc_weights=0.1,0.1,0.01 seconds=30.0
[run] vanilla
[done] vanilla steps=35 ms/step=876.73 L2=0.924811
[run] sinh
/root/miniconda3/envs/apolarity/lib/python3.11/site-packages/torch/nn/modules/module.py:1310: UserWarning: Complex modules are a new feature under active development whose design may change, and some modules might not work as expected when using complex tensors as parameters or buffers. Please file an issue at https://github.com/pytorch/pytorch/issues/new?template=bug-report.yml if a complex module does not work as expected.
  warnings.warn(
[done] sinh steps=37 ms/step=840.92 L2=0.127698
[ok] wrote experiments/results/poly_shared_weight_cartesian/o6/grid30/point_084_history.json  (2 traces)

[ok] wrote experiments/results/poly_shared_weight_cartesian/o6/grid30/point_084
[start] point_085 weights=(0.1, 0.1, 0.03) seconds=30
device=cuda order=6 methods=('vanilla', 'sinh') bc_weights=0.1,0.1,0.03 seconds=30.0
[run] vanilla
[done] vanilla steps=35 ms/step=870.59 L2=0.923954
[run] sinh
/root/miniconda3/envs/apolarity/lib/python3.11/site-packages/torch/nn/modules/module.py:1310: UserWarning: Complex modules are a new feature under active development whose design may change, and some modules might not work as expected when using complex tensors as parameters or buffers. Please file an issue at https://github.com/pytorch/pytorch/issues/new?template=bug-report.yml if a complex module does not work as expected.
  warnings.warn(
[done] sinh steps=37 ms/step=840.27 L2=0.13082
[ok] wrote experiments/results/poly_shared_weight_cartesian/o6/grid30/point_085_history.json  (2 traces)

[ok] wrote experiments/results/poly_shared_weight_cartesian/o6/grid30/point_085
[start] point_086 weights=(0.1, 0.1, 0.1) seconds=30
device=cuda order=6 methods=('vanilla', 'sinh') bc_weights=0.1,0.1,0.1 seconds=30.0
[run] vanilla
[done] vanilla steps=35 ms/step=865.78 L2=0.923333
[run] sinh
/root/miniconda3/envs/apolarity/lib/python3.11/site-packages/torch/nn/modules/module.py:1310: UserWarning: Complex modules are a new feature under active development whose design may change, and some modules might not work as expected when using complex tensors as parameters or buffers. Please file an issue at https://github.com/pytorch/pytorch/issues/new?template=bug-report.yml if a complex module does not work as expected.
  warnings.warn(
[done] sinh steps=37 ms/step=839.92 L2=0.140919
[ok] wrote experiments/results/poly_shared_weight_cartesian/o6/grid30/point_086_history.json  (2 traces)

[ok] wrote experiments/results/poly_shared_weight_cartesian/o6/grid30/point_086
[start] point_087 weights=(0.1, 0.1, 0.3) seconds=30
device=cuda order=6 methods=('vanilla', 'sinh') bc_weights=0.1,0.1,0.3 seconds=30.0
[run] vanilla
[done] vanilla steps=35 ms/step=874.82 L2=0.925158
[run] sinh
/root/miniconda3/envs/apolarity/lib/python3.11/site-packages/torch/nn/modules/module.py:1310: UserWarning: Complex modules are a new feature under active development whose design may change, and some modules might not work as expected when using complex tensors as parameters or buffers. Please file an issue at https://github.com/pytorch/pytorch/issues/new?template=bug-report.yml if a complex module does not work as expected.
  warnings.warn(
[done] sinh steps=37 ms/step=840.78 L2=0.155826
[ok] wrote experiments/results/poly_shared_weight_cartesian/o6/grid30/point_087_history.json  (2 traces)

[ok] wrote experiments/results/poly_shared_weight_cartesian/o6/grid30/point_087
[start] point_088 weights=(0.1, 0.1, 1.0) seconds=30
device=cuda order=6 methods=('vanilla', 'sinh') bc_weights=0.1,0.1,1 seconds=30.0
[run] vanilla
[done] vanilla steps=35 ms/step=873.01 L2=0.925069
[run] sinh
/root/miniconda3/envs/apolarity/lib/python3.11/site-packages/torch/nn/modules/module.py:1310: UserWarning: Complex modules are a new feature under active development whose design may change, and some modules might not work as expected when using complex tensors as parameters or buffers. Please file an issue at https://github.com/pytorch/pytorch/issues/new?template=bug-report.yml if a complex module does not work as expected.
  warnings.warn(
[done] sinh steps=37 ms/step=840.52 L2=0.153869
[ok] wrote experiments/results/poly_shared_weight_cartesian/o6/grid30/point_088_history.json  (2 traces)

[ok] wrote experiments/results/poly_shared_weight_cartesian/o6/grid30/point_088
[start] point_089 weights=(0.1, 0.1, 3.0) seconds=30
device=cuda order=6 methods=('vanilla', 'sinh') bc_weights=0.1,0.1,3 seconds=30.0
[run] vanilla
[done] vanilla steps=35 ms/step=868.88 L2=0.925569
[run] sinh
/root/miniconda3/envs/apolarity/lib/python3.11/site-packages/torch/nn/modules/module.py:1310: UserWarning: Complex modules are a new feature under active development whose design may change, and some modules might not work as expected when using complex tensors as parameters or buffers. Please file an issue at https://github.com/pytorch/pytorch/issues/new?template=bug-report.yml if a complex module does not work as expected.
  warnings.warn(
[done] sinh steps=37 ms/step=839.87 L2=0.144619
[ok] wrote experiments/results/poly_shared_weight_cartesian/o6/grid30/point_089_history.json  (2 traces)

[ok] wrote experiments/results/poly_shared_weight_cartesian/o6/grid30/point_089
[start] point_090 weights=(0.1, 0.3, 0.01) seconds=30
device=cuda order=6 methods=('vanilla', 'sinh') bc_weights=0.1,0.3,0.01 seconds=30.0
[run] vanilla
[done] vanilla steps=34 ms/step=888.28 L2=0.930501
[run] sinh
/root/miniconda3/envs/apolarity/lib/python3.11/site-packages/torch/nn/modules/module.py:1310: UserWarning: Complex modules are a new feature under active development whose design may change, and some modules might not work as expected when using complex tensors as parameters or buffers. Please file an issue at https://github.com/pytorch/pytorch/issues/new?template=bug-report.yml if a complex module does not work as expected.
  warnings.warn(
[done] sinh steps=37 ms/step=841.44 L2=0.143028
[ok] wrote experiments/results/poly_shared_weight_cartesian/o6/grid30/point_090_history.json  (2 traces)

[ok] wrote experiments/results/poly_shared_weight_cartesian/o6/grid30/point_090
[start] point_091 weights=(0.1, 0.3, 0.03) seconds=30
device=cuda order=6 methods=('vanilla', 'sinh') bc_weights=0.1,0.3,0.03 seconds=30.0
[run] vanilla
[done] vanilla steps=35 ms/step=870.96 L2=0.926185
[run] sinh
/root/miniconda3/envs/apolarity/lib/python3.11/site-packages/torch/nn/modules/module.py:1310: UserWarning: Complex modules are a new feature under active development whose design may change, and some modules might not work as expected when using complex tensors as parameters or buffers. Please file an issue at https://github.com/pytorch/pytorch/issues/new?template=bug-report.yml if a complex module does not work as expected.
  warnings.warn(
[done] sinh steps=37 ms/step=840.50 L2=0.14519
[ok] wrote experiments/results/poly_shared_weight_cartesian/o6/grid30/point_091_history.json  (2 traces)

[ok] wrote experiments/results/poly_shared_weight_cartesian/o6/grid30/point_091
[start] point_092 weights=(0.1, 0.3, 0.1) seconds=30
device=cuda order=6 methods=('vanilla', 'sinh') bc_weights=0.1,0.3,0.1 seconds=30.0
[run] vanilla
[done] vanilla steps=35 ms/step=877.14 L2=0.927586
[run] sinh
/root/miniconda3/envs/apolarity/lib/python3.11/site-packages/torch/nn/modules/module.py:1310: UserWarning: Complex modules are a new feature under active development whose design may change, and some modules might not work as expected when using complex tensors as parameters or buffers. Please file an issue at https://github.com/pytorch/pytorch/issues/new?template=bug-report.yml if a complex module does not work as expected.
  warnings.warn(
[done] sinh steps=37 ms/step=840.78 L2=0.150911
[ok] wrote experiments/results/poly_shared_weight_cartesian/o6/grid30/point_092_history.json  (2 traces)

[ok] wrote experiments/results/poly_shared_weight_cartesian/o6/grid30/point_092
[start] point_093 weights=(0.1, 0.3, 0.3) seconds=30
device=cuda order=6 methods=('vanilla', 'sinh') bc_weights=0.1,0.3,0.3 seconds=30.0
[run] vanilla
[done] vanilla steps=35 ms/step=869.10 L2=0.926036
[run] sinh
/root/miniconda3/envs/apolarity/lib/python3.11/site-packages/torch/nn/modules/module.py:1310: UserWarning: Complex modules are a new feature under active development whose design may change, and some modules might not work as expected when using complex tensors as parameters or buffers. Please file an issue at https://github.com/pytorch/pytorch/issues/new?template=bug-report.yml if a complex module does not work as expected.
  warnings.warn(
[done] sinh steps=37 ms/step=840.04 L2=0.157382
[ok] wrote experiments/results/poly_shared_weight_cartesian/o6/grid30/point_093_history.json  (2 traces)

[ok] wrote experiments/results/poly_shared_weight_cartesian/o6/grid30/point_093
[start] point_094 weights=(0.1, 0.3, 1.0) seconds=30
device=cuda order=6 methods=('vanilla', 'sinh') bc_weights=0.1,0.3,1 seconds=30.0
[run] vanilla
[done] vanilla steps=35 ms/step=870.69 L2=0.926703
[run] sinh
/root/miniconda3/envs/apolarity/lib/python3.11/site-packages/torch/nn/modules/module.py:1310: UserWarning: Complex modules are a new feature under active development whose design may change, and some modules might not work as expected when using complex tensors as parameters or buffers. Please file an issue at https://github.com/pytorch/pytorch/issues/new?template=bug-report.yml if a complex module does not work as expected.
  warnings.warn(
[done] sinh steps=37 ms/step=840.15 L2=0.144598
[ok] wrote experiments/results/poly_shared_weight_cartesian/o6/grid30/point_094_history.json  (2 traces)

[ok] wrote experiments/results/poly_shared_weight_cartesian/o6/grid30/point_094
[start] point_095 weights=(0.1, 0.3, 3.0) seconds=30
device=cuda order=6 methods=('vanilla', 'sinh') bc_weights=0.1,0.3,3 seconds=30.0
[run] vanilla
[done] vanilla steps=35 ms/step=876.80 L2=0.928934
[run] sinh
/root/miniconda3/envs/apolarity/lib/python3.11/site-packages/torch/nn/modules/module.py:1310: UserWarning: Complex modules are a new feature under active development whose design may change, and some modules might not work as expected when using complex tensors as parameters or buffers. Please file an issue at https://github.com/pytorch/pytorch/issues/new?template=bug-report.yml if a complex module does not work as expected.
  warnings.warn(
[done] sinh steps=37 ms/step=842.36 L2=0.140618
[ok] wrote experiments/results/poly_shared_weight_cartesian/o6/grid30/point_095_history.json  (2 traces)

[ok] wrote experiments/results/poly_shared_weight_cartesian/o6/grid30/point_095
[start] point_096 weights=(0.1, 1.0, 0.01) seconds=30
device=cuda order=6 methods=('vanilla', 'sinh') bc_weights=0.1,1,0.01 seconds=30.0
[run] vanilla
[done] vanilla steps=34 ms/step=887.86 L2=0.936716
[run] sinh
/root/miniconda3/envs/apolarity/lib/python3.11/site-packages/torch/nn/modules/module.py:1310: UserWarning: Complex modules are a new feature under active development whose design may change, and some modules might not work as expected when using complex tensors as parameters or buffers. Please file an issue at https://github.com/pytorch/pytorch/issues/new?template=bug-report.yml if a complex module does not work as expected.
  warnings.warn(
[done] sinh steps=37 ms/step=841.54 L2=0.143394
[ok] wrote experiments/results/poly_shared_weight_cartesian/o6/grid30/point_096_history.json  (2 traces)

[ok] wrote experiments/results/poly_shared_weight_cartesian/o6/grid30/point_096
[start] point_097 weights=(0.1, 1.0, 0.03) seconds=30
device=cuda order=6 methods=('vanilla', 'sinh') bc_weights=0.1,1,0.03 seconds=30.0
[run] vanilla
[done] vanilla steps=35 ms/step=870.25 L2=0.932929
[run] sinh
/root/miniconda3/envs/apolarity/lib/python3.11/site-packages/torch/nn/modules/module.py:1310: UserWarning: Complex modules are a new feature under active development whose design may change, and some modules might not work as expected when using complex tensors as parameters or buffers. Please file an issue at https://github.com/pytorch/pytorch/issues/new?template=bug-report.yml if a complex module does not work as expected.
  warnings.warn(
[done] sinh steps=37 ms/step=840.28 L2=0.144225
[ok] wrote experiments/results/poly_shared_weight_cartesian/o6/grid30/point_097_history.json  (2 traces)

[ok] wrote experiments/results/poly_shared_weight_cartesian/o6/grid30/point_097
[start] point_098 weights=(0.1, 1.0, 0.1) seconds=30
device=cuda order=6 methods=('vanilla', 'sinh') bc_weights=0.1,1,0.1 seconds=30.0
[run] vanilla
[done] vanilla steps=35 ms/step=870.39 L2=0.933063
[run] sinh
/root/miniconda3/envs/apolarity/lib/python3.11/site-packages/torch/nn/modules/module.py:1310: UserWarning: Complex modules are a new feature under active development whose design may change, and some modules might not work as expected when using complex tensors as parameters or buffers. Please file an issue at https://github.com/pytorch/pytorch/issues/new?template=bug-report.yml if a complex module does not work as expected.
  warnings.warn(
[done] sinh steps=37 ms/step=839.94 L2=0.14559
[ok] wrote experiments/results/poly_shared_weight_cartesian/o6/grid30/point_098_history.json  (2 traces)

[ok] wrote experiments/results/poly_shared_weight_cartesian/o6/grid30/point_098
[start] point_099 weights=(0.1, 1.0, 0.3) seconds=30
device=cuda order=6 methods=('vanilla', 'sinh') bc_weights=0.1,1,0.3 seconds=30.0
[run] vanilla
[done] vanilla steps=35 ms/step=868.92 L2=0.932863
[run] sinh
/root/miniconda3/envs/apolarity/lib/python3.11/site-packages/torch/nn/modules/module.py:1310: UserWarning: Complex modules are a new feature under active development whose design may change, and some modules might not work as expected when using complex tensors as parameters or buffers. Please file an issue at https://github.com/pytorch/pytorch/issues/new?template=bug-report.yml if a complex module does not work as expected.
  warnings.warn(
[done] sinh steps=37 ms/step=840.16 L2=0.144768
[ok] wrote experiments/results/poly_shared_weight_cartesian/o6/grid30/point_099_history.json  (2 traces)

[ok] wrote experiments/results/poly_shared_weight_cartesian/o6/grid30/point_099
[start] point_100 weights=(0.1, 1.0, 1.0) seconds=30
device=cuda order=6 methods=('vanilla', 'sinh') bc_weights=0.1,1,1 seconds=30.0
[run] vanilla
[done] vanilla steps=35 ms/step=878.91 L2=0.934765
[run] sinh
/root/miniconda3/envs/apolarity/lib/python3.11/site-packages/torch/nn/modules/module.py:1310: UserWarning: Complex modules are a new feature under active development whose design may change, and some modules might not work as expected when using complex tensors as parameters or buffers. Please file an issue at https://github.com/pytorch/pytorch/issues/new?template=bug-report.yml if a complex module does not work as expected.
  warnings.warn(
[done] sinh steps=37 ms/step=841.02 L2=0.132779
[ok] wrote experiments/results/poly_shared_weight_cartesian/o6/grid30/point_100_history.json  (2 traces)

[ok] wrote experiments/results/poly_shared_weight_cartesian/o6/grid30/point_100
[start] point_101 weights=(0.1, 1.0, 3.0) seconds=30
device=cuda order=6 methods=('vanilla', 'sinh') bc_weights=0.1,1,3 seconds=30.0
[run] vanilla
[done] vanilla steps=35 ms/step=867.16 L2=0.934312
[run] sinh
/root/miniconda3/envs/apolarity/lib/python3.11/site-packages/torch/nn/modules/module.py:1310: UserWarning: Complex modules are a new feature under active development whose design may change, and some modules might not work as expected when using complex tensors as parameters or buffers. Please file an issue at https://github.com/pytorch/pytorch/issues/new?template=bug-report.yml if a complex module does not work as expected.
  warnings.warn(
[done] sinh steps=37 ms/step=839.74 L2=0.142447
[ok] wrote experiments/results/poly_shared_weight_cartesian/o6/grid30/point_101_history.json  (2 traces)

[ok] wrote experiments/results/poly_shared_weight_cartesian/o6/grid30/point_101
[start] point_102 weights=(0.1, 3.0, 0.01) seconds=30
device=cuda order=6 methods=('vanilla', 'sinh') bc_weights=0.1,3,0.01 seconds=30.0
[run] vanilla
[done] vanilla steps=35 ms/step=869.90 L2=0.948115
[run] sinh
/root/miniconda3/envs/apolarity/lib/python3.11/site-packages/torch/nn/modules/module.py:1310: UserWarning: Complex modules are a new feature under active development whose design may change, and some modules might not work as expected when using complex tensors as parameters or buffers. Please file an issue at https://github.com/pytorch/pytorch/issues/new?template=bug-report.yml if a complex module does not work as expected.
  warnings.warn(
[done] sinh steps=37 ms/step=840.08 L2=0.16683
[ok] wrote experiments/results/poly_shared_weight_cartesian/o6/grid30/point_102_history.json  (2 traces)

[ok] wrote experiments/results/poly_shared_weight_cartesian/o6/grid30/point_102
[start] point_103 weights=(0.1, 3.0, 0.03) seconds=30
device=cuda order=6 methods=('vanilla', 'sinh') bc_weights=0.1,3,0.03 seconds=30.0
[run] vanilla
[done] vanilla steps=35 ms/step=869.07 L2=0.947994
[run] sinh
/root/miniconda3/envs/apolarity/lib/python3.11/site-packages/torch/nn/modules/module.py:1310: UserWarning: Complex modules are a new feature under active development whose design may change, and some modules might not work as expected when using complex tensors as parameters or buffers. Please file an issue at https://github.com/pytorch/pytorch/issues/new?template=bug-report.yml if a complex module does not work as expected.
  warnings.warn(
[done] sinh steps=37 ms/step=841.89 L2=0.167302
[ok] wrote experiments/results/poly_shared_weight_cartesian/o6/grid30/point_103_history.json  (2 traces)

[ok] wrote experiments/results/poly_shared_weight_cartesian/o6/grid30/point_103
[start] point_104 weights=(0.1, 3.0, 0.1) seconds=30
device=cuda order=6 methods=('vanilla', 'sinh') bc_weights=0.1,3,0.1 seconds=30.0
[run] vanilla
[done] vanilla steps=35 ms/step=867.08 L2=0.947936
[run] sinh
/root/miniconda3/envs/apolarity/lib/python3.11/site-packages/torch/nn/modules/module.py:1310: UserWarning: Complex modules are a new feature under active development whose design may change, and some modules might not work as expected when using complex tensors as parameters or buffers. Please file an issue at https://github.com/pytorch/pytorch/issues/new?template=bug-report.yml if a complex module does not work as expected.
  warnings.warn(
[done] sinh steps=37 ms/step=839.98 L2=0.169054
[ok] wrote experiments/results/poly_shared_weight_cartesian/o6/grid30/point_104_history.json  (2 traces)

[ok] wrote experiments/results/poly_shared_weight_cartesian/o6/grid30/point_104
[start] point_105 weights=(0.1, 3.0, 0.3) seconds=30
device=cuda order=6 methods=('vanilla', 'sinh') bc_weights=0.1,3,0.3 seconds=30.0
[run] vanilla
[done] vanilla steps=35 ms/step=869.39 L2=0.948156
[run] sinh
/root/miniconda3/envs/apolarity/lib/python3.11/site-packages/torch/nn/modules/module.py:1310: UserWarning: Complex modules are a new feature under active development whose design may change, and some modules might not work as expected when using complex tensors as parameters or buffers. Please file an issue at https://github.com/pytorch/pytorch/issues/new?template=bug-report.yml if a complex module does not work as expected.
  warnings.warn(
[done] sinh steps=37 ms/step=840.28 L2=0.171062
[ok] wrote experiments/results/poly_shared_weight_cartesian/o6/grid30/point_105_history.json  (2 traces)

[ok] wrote experiments/results/poly_shared_weight_cartesian/o6/grid30/point_105
[start] point_106 weights=(0.1, 3.0, 1.0) seconds=30
device=cuda order=6 methods=('vanilla', 'sinh') bc_weights=0.1,3,1 seconds=30.0
[run] vanilla
[done] vanilla steps=35 ms/step=880.57 L2=0.949627
[run] sinh
/root/miniconda3/envs/apolarity/lib/python3.11/site-packages/torch/nn/modules/module.py:1310: UserWarning: Complex modules are a new feature under active development whose design may change, and some modules might not work as expected when using complex tensors as parameters or buffers. Please file an issue at https://github.com/pytorch/pytorch/issues/new?template=bug-report.yml if a complex module does not work as expected.
  warnings.warn(
[done] sinh steps=37 ms/step=840.76 L2=0.159543
[ok] wrote experiments/results/poly_shared_weight_cartesian/o6/grid30/point_106_history.json  (2 traces)

[ok] wrote experiments/results/poly_shared_weight_cartesian/o6/grid30/point_106
[start] point_107 weights=(0.1, 3.0, 3.0) seconds=30
device=cuda order=6 methods=('vanilla', 'sinh') bc_weights=0.1,3,3 seconds=30.0
[run] vanilla
[done] vanilla steps=35 ms/step=878.86 L2=0.950184
[run] sinh
/root/miniconda3/envs/apolarity/lib/python3.11/site-packages/torch/nn/modules/module.py:1310: UserWarning: Complex modules are a new feature under active development whose design may change, and some modules might not work as expected when using complex tensors as parameters or buffers. Please file an issue at https://github.com/pytorch/pytorch/issues/new?template=bug-report.yml if a complex module does not work as expected.
  warnings.warn(
[done] sinh steps=37 ms/step=841.77 L2=0.162646
[ok] wrote experiments/results/poly_shared_weight_cartesian/o6/grid30/point_107_history.json  (2 traces)

[ok] wrote experiments/results/poly_shared_weight_cartesian/o6/grid30/point_107
[start] point_108 weights=(0.3, 0.01, 0.01) seconds=30
device=cuda order=6 methods=('vanilla', 'sinh') bc_weights=0.3,0.01,0.01 seconds=30.0
[run] vanilla
[done] vanilla steps=35 ms/step=877.44 L2=0.990921
[run] sinh
/root/miniconda3/envs/apolarity/lib/python3.11/site-packages/torch/nn/modules/module.py:1310: UserWarning: Complex modules are a new feature under active development whose design may change, and some modules might not work as expected when using complex tensors as parameters or buffers. Please file an issue at https://github.com/pytorch/pytorch/issues/new?template=bug-report.yml if a complex module does not work as expected.
  warnings.warn(
[done] sinh steps=37 ms/step=840.22 L2=0.126221
[ok] wrote experiments/results/poly_shared_weight_cartesian/o6/grid30/point_108_history.json  (2 traces)

[ok] wrote experiments/results/poly_shared_weight_cartesian/o6/grid30/point_108
[start] point_109 weights=(0.3, 0.01, 0.03) seconds=30
device=cuda order=6 methods=('vanilla', 'sinh') bc_weights=0.3,0.01,0.03 seconds=30.0
[run] vanilla
[done] vanilla steps=35 ms/step=878.68 L2=0.990914
[run] sinh
/root/miniconda3/envs/apolarity/lib/python3.11/site-packages/torch/nn/modules/module.py:1310: UserWarning: Complex modules are a new feature under active development whose design may change, and some modules might not work as expected when using complex tensors as parameters or buffers. Please file an issue at https://github.com/pytorch/pytorch/issues/new?template=bug-report.yml if a complex module does not work as expected.
  warnings.warn(
[done] sinh steps=37 ms/step=840.67 L2=0.131515
[ok] wrote experiments/results/poly_shared_weight_cartesian/o6/grid30/point_109_history.json  (2 traces)

[ok] wrote experiments/results/poly_shared_weight_cartesian/o6/grid30/point_109
[start] point_110 weights=(0.3, 0.01, 0.1) seconds=30
device=cuda order=6 methods=('vanilla', 'sinh') bc_weights=0.3,0.01,0.1 seconds=30.0
[run] vanilla
[done] vanilla steps=35 ms/step=869.07 L2=0.990852
[run] sinh
/root/miniconda3/envs/apolarity/lib/python3.11/site-packages/torch/nn/modules/module.py:1310: UserWarning: Complex modules are a new feature under active development whose design may change, and some modules might not work as expected when using complex tensors as parameters or buffers. Please file an issue at https://github.com/pytorch/pytorch/issues/new?template=bug-report.yml if a complex module does not work as expected.
  warnings.warn(
[done] sinh steps=37 ms/step=840.16 L2=0.147524
[ok] wrote experiments/results/poly_shared_weight_cartesian/o6/grid30/point_110_history.json  (2 traces)

[ok] wrote experiments/results/poly_shared_weight_cartesian/o6/grid30/point_110
[start] point_111 weights=(0.3, 0.01, 0.3) seconds=30
device=cuda order=6 methods=('vanilla', 'sinh') bc_weights=0.3,0.01,0.3 seconds=30.0
[run] vanilla
[done] vanilla steps=35 ms/step=867.04 L2=0.990851
[run] sinh
/root/miniconda3/envs/apolarity/lib/python3.11/site-packages/torch/nn/modules/module.py:1310: UserWarning: Complex modules are a new feature under active development whose design may change, and some modules might not work as expected when using complex tensors as parameters or buffers. Please file an issue at https://github.com/pytorch/pytorch/issues/new?template=bug-report.yml if a complex module does not work as expected.
  warnings.warn(
[done] sinh steps=37 ms/step=840.25 L2=0.168519
[ok] wrote experiments/results/poly_shared_weight_cartesian/o6/grid30/point_111_history.json  (2 traces)

[ok] wrote experiments/results/poly_shared_weight_cartesian/o6/grid30/point_111
[start] point_112 weights=(0.3, 0.01, 1.0) seconds=30
device=cuda order=6 methods=('vanilla', 'sinh') bc_weights=0.3,0.01,1 seconds=30.0
[run] vanilla
[done] vanilla steps=35 ms/step=878.71 L2=0.990931
[run] sinh
/root/miniconda3/envs/apolarity/lib/python3.11/site-packages/torch/nn/modules/module.py:1310: UserWarning: Complex modules are a new feature under active development whose design may change, and some modules might not work as expected when using complex tensors as parameters or buffers. Please file an issue at https://github.com/pytorch/pytorch/issues/new?template=bug-report.yml if a complex module does not work as expected.
  warnings.warn(
[done] sinh steps=37 ms/step=841.11 L2=0.164866
[ok] wrote experiments/results/poly_shared_weight_cartesian/o6/grid30/point_112_history.json  (2 traces)

[ok] wrote experiments/results/poly_shared_weight_cartesian/o6/grid30/point_112
[start] point_113 weights=(0.3, 0.01, 3.0) seconds=30
device=cuda order=6 methods=('vanilla', 'sinh') bc_weights=0.3,0.01,3 seconds=30.0
[run] vanilla
[done] vanilla steps=35 ms/step=878.12 L2=0.990958
[run] sinh
/root/miniconda3/envs/apolarity/lib/python3.11/site-packages/torch/nn/modules/module.py:1310: UserWarning: Complex modules are a new feature under active development whose design may change, and some modules might not work as expected when using complex tensors as parameters or buffers. Please file an issue at https://github.com/pytorch/pytorch/issues/new?template=bug-report.yml if a complex module does not work as expected.
  warnings.warn(
[done] sinh steps=37 ms/step=840.78 L2=0.138781
[ok] wrote experiments/results/poly_shared_weight_cartesian/o6/grid30/point_113_history.json  (2 traces)

[ok] wrote experiments/results/poly_shared_weight_cartesian/o6/grid30/point_113
[start] point_114 weights=(0.3, 0.03, 0.01) seconds=30
device=cuda order=6 methods=('vanilla', 'sinh') bc_weights=0.3,0.03,0.01 seconds=30.0
[run] vanilla
[done] vanilla steps=35 ms/step=876.67 L2=0.990913
[run] sinh
/root/miniconda3/envs/apolarity/lib/python3.11/site-packages/torch/nn/modules/module.py:1310: UserWarning: Complex modules are a new feature under active development whose design may change, and some modules might not work as expected when using complex tensors as parameters or buffers. Please file an issue at https://github.com/pytorch/pytorch/issues/new?template=bug-report.yml if a complex module does not work as expected.
  warnings.warn(
[done] sinh steps=37 ms/step=841.23 L2=0.130619
[ok] wrote experiments/results/poly_shared_weight_cartesian/o6/grid30/point_114_history.json  (2 traces)

[ok] wrote experiments/results/poly_shared_weight_cartesian/o6/grid30/point_114
[start] point_115 weights=(0.3, 0.03, 0.03) seconds=30
device=cuda order=6 methods=('vanilla', 'sinh') bc_weights=0.3,0.03,0.03 seconds=30.0
[run] vanilla
[done] vanilla steps=34 ms/step=889.69 L2=0.991051
[run] sinh
/root/miniconda3/envs/apolarity/lib/python3.11/site-packages/torch/nn/modules/module.py:1310: UserWarning: Complex modules are a new feature under active development whose design may change, and some modules might not work as expected when using complex tensors as parameters or buffers. Please file an issue at https://github.com/pytorch/pytorch/issues/new?template=bug-report.yml if a complex module does not work as expected.
  warnings.warn(
[done] sinh steps=37 ms/step=841.71 L2=0.13613
[ok] wrote experiments/results/poly_shared_weight_cartesian/o6/grid30/point_115_history.json  (2 traces)

[ok] wrote experiments/results/poly_shared_weight_cartesian/o6/grid30/point_115
[start] point_116 weights=(0.3, 0.03, 0.1) seconds=30
device=cuda order=6 methods=('vanilla', 'sinh') bc_weights=0.3,0.03,0.1 seconds=30.0
[run] vanilla
[done] vanilla steps=35 ms/step=868.95 L2=0.990859
[run] sinh
/root/miniconda3/envs/apolarity/lib/python3.11/site-packages/torch/nn/modules/module.py:1310: UserWarning: Complex modules are a new feature under active development whose design may change, and some modules might not work as expected when using complex tensors as parameters or buffers. Please file an issue at https://github.com/pytorch/pytorch/issues/new?template=bug-report.yml if a complex module does not work as expected.
  warnings.warn(
[done] sinh steps=37 ms/step=840.20 L2=0.151924
[ok] wrote experiments/results/poly_shared_weight_cartesian/o6/grid30/point_116_history.json  (2 traces)

[ok] wrote experiments/results/poly_shared_weight_cartesian/o6/grid30/point_116
[start] point_117 weights=(0.3, 0.03, 0.3) seconds=30
device=cuda order=6 methods=('vanilla', 'sinh') bc_weights=0.3,0.03,0.3 seconds=30.0
[run] vanilla
[done] vanilla steps=35 ms/step=878.62 L2=0.990925
[run] sinh
/root/miniconda3/envs/apolarity/lib/python3.11/site-packages/torch/nn/modules/module.py:1310: UserWarning: Complex modules are a new feature under active development whose design may change, and some modules might not work as expected when using complex tensors as parameters or buffers. Please file an issue at https://github.com/pytorch/pytorch/issues/new?template=bug-report.yml if a complex module does not work as expected.
  warnings.warn(
[done] sinh steps=37 ms/step=841.25 L2=0.171859
[ok] wrote experiments/results/poly_shared_weight_cartesian/o6/grid30/point_117_history.json  (2 traces)

[ok] wrote experiments/results/poly_shared_weight_cartesian/o6/grid30/point_117
[start] point_118 weights=(0.3, 0.03, 1.0) seconds=30
device=cuda order=6 methods=('vanilla', 'sinh') bc_weights=0.3,0.03,1 seconds=30.0
[run] vanilla
[done] vanilla steps=35 ms/step=868.44 L2=0.990864
[run] sinh
/root/miniconda3/envs/apolarity/lib/python3.11/site-packages/torch/nn/modules/module.py:1310: UserWarning: Complex modules are a new feature under active development whose design may change, and some modules might not work as expected when using complex tensors as parameters or buffers. Please file an issue at https://github.com/pytorch/pytorch/issues/new?template=bug-report.yml if a complex module does not work as expected.
  warnings.warn(
[done] sinh steps=37 ms/step=840.37 L2=0.165328
[ok] wrote experiments/results/poly_shared_weight_cartesian/o6/grid30/point_118_history.json  (2 traces)

[ok] wrote experiments/results/poly_shared_weight_cartesian/o6/grid30/point_118
[start] point_119 weights=(0.3, 0.03, 3.0) seconds=30
device=cuda order=6 methods=('vanilla', 'sinh') bc_weights=0.3,0.03,3 seconds=30.0
[run] vanilla
[done] vanilla steps=35 ms/step=870.39 L2=0.990917
[run] sinh
/root/miniconda3/envs/apolarity/lib/python3.11/site-packages/torch/nn/modules/module.py:1310: UserWarning: Complex modules are a new feature under active development whose design may change, and some modules might not work as expected when using complex tensors as parameters or buffers. Please file an issue at https://github.com/pytorch/pytorch/issues/new?template=bug-report.yml if a complex module does not work as expected.
  warnings.warn(
[done] sinh steps=37 ms/step=840.31 L2=0.138755
[ok] wrote experiments/results/poly_shared_weight_cartesian/o6/grid30/point_119_history.json  (2 traces)

[ok] wrote experiments/results/poly_shared_weight_cartesian/o6/grid30/point_119
[start] point_120 weights=(0.3, 0.1, 0.01) seconds=30
device=cuda order=6 methods=('vanilla', 'sinh') bc_weights=0.3,0.1,0.01 seconds=30.0
[run] vanilla
[done] vanilla steps=35 ms/step=875.23 L2=0.990915
[run] sinh
/root/miniconda3/envs/apolarity/lib/python3.11/site-packages/torch/nn/modules/module.py:1310: UserWarning: Complex modules are a new feature under active development whose design may change, and some modules might not work as expected when using complex tensors as parameters or buffers. Please file an issue at https://github.com/pytorch/pytorch/issues/new?template=bug-report.yml if a complex module does not work as expected.
  warnings.warn(
[done] sinh steps=37 ms/step=841.08 L2=0.149976
[ok] wrote experiments/results/poly_shared_weight_cartesian/o6/grid30/point_120_history.json  (2 traces)

[ok] wrote experiments/results/poly_shared_weight_cartesian/o6/grid30/point_120
[start] point_121 weights=(0.3, 0.1, 0.03) seconds=30
device=cuda order=6 methods=('vanilla', 'sinh') bc_weights=0.3,0.1,0.03 seconds=30.0
[run] vanilla
[done] vanilla steps=35 ms/step=875.02 L2=0.990909
[run] sinh
/root/miniconda3/envs/apolarity/lib/python3.11/site-packages/torch/nn/modules/module.py:1310: UserWarning: Complex modules are a new feature under active development whose design may change, and some modules might not work as expected when using complex tensors as parameters or buffers. Please file an issue at https://github.com/pytorch/pytorch/issues/new?template=bug-report.yml if a complex module does not work as expected.
  warnings.warn(
[done] sinh steps=37 ms/step=840.88 L2=0.154943
[ok] wrote experiments/results/poly_shared_weight_cartesian/o6/grid30/point_121_history.json  (2 traces)

[ok] wrote experiments/results/poly_shared_weight_cartesian/o6/grid30/point_121
[start] point_122 weights=(0.3, 0.1, 0.1) seconds=30
device=cuda order=6 methods=('vanilla', 'sinh') bc_weights=0.3,0.1,0.1 seconds=30.0
[run] vanilla
[done] vanilla steps=35 ms/step=870.18 L2=0.990891
[run] sinh
/root/miniconda3/envs/apolarity/lib/python3.11/site-packages/torch/nn/modules/module.py:1310: UserWarning: Complex modules are a new feature under active development whose design may change, and some modules might not work as expected when using complex tensors as parameters or buffers. Please file an issue at https://github.com/pytorch/pytorch/issues/new?template=bug-report.yml if a complex module does not work as expected.
  warnings.warn(
[done] sinh steps=37 ms/step=840.34 L2=0.167714
[ok] wrote experiments/results/poly_shared_weight_cartesian/o6/grid30/point_122_history.json  (2 traces)

[ok] wrote experiments/results/poly_shared_weight_cartesian/o6/grid30/point_122
[start] point_123 weights=(0.3, 0.1, 0.3) seconds=30
device=cuda order=6 methods=('vanilla', 'sinh') bc_weights=0.3,0.1,0.3 seconds=30.0
[run] vanilla
[done] vanilla steps=35 ms/step=875.33 L2=0.990934
[run] sinh
/root/miniconda3/envs/apolarity/lib/python3.11/site-packages/torch/nn/modules/module.py:1310: UserWarning: Complex modules are a new feature under active development whose design may change, and some modules might not work as expected when using complex tensors as parameters or buffers. Please file an issue at https://github.com/pytorch/pytorch/issues/new?template=bug-report.yml if a complex module does not work as expected.
  warnings.warn(
[done] sinh steps=37 ms/step=841.60 L2=0.181406
[ok] wrote experiments/results/poly_shared_weight_cartesian/o6/grid30/point_123_history.json  (2 traces)

[ok] wrote experiments/results/poly_shared_weight_cartesian/o6/grid30/point_123
[start] point_124 weights=(0.3, 0.1, 1.0) seconds=30
device=cuda order=6 methods=('vanilla', 'sinh') bc_weights=0.3,0.1,1 seconds=30.0
[run] vanilla
[done] vanilla steps=35 ms/step=879.95 L2=0.990969
[run] sinh
/root/miniconda3/envs/apolarity/lib/python3.11/site-packages/torch/nn/modules/module.py:1310: UserWarning: Complex modules are a new feature under active development whose design may change, and some modules might not work as expected when using complex tensors as parameters or buffers. Please file an issue at https://github.com/pytorch/pytorch/issues/new?template=bug-report.yml if a complex module does not work as expected.
  warnings.warn(
[done] sinh steps=37 ms/step=842.07 L2=0.166892
[ok] wrote experiments/results/poly_shared_weight_cartesian/o6/grid30/point_124_history.json  (2 traces)

[ok] wrote experiments/results/poly_shared_weight_cartesian/o6/grid30/point_124
[start] point_125 weights=(0.3, 0.1, 3.0) seconds=30
device=cuda order=6 methods=('vanilla', 'sinh') bc_weights=0.3,0.1,3 seconds=30.0
[run] vanilla
[done] vanilla steps=35 ms/step=870.41 L2=0.990943
[run] sinh
/root/miniconda3/envs/apolarity/lib/python3.11/site-packages/torch/nn/modules/module.py:1310: UserWarning: Complex modules are a new feature under active development whose design may change, and some modules might not work as expected when using complex tensors as parameters or buffers. Please file an issue at https://github.com/pytorch/pytorch/issues/new?template=bug-report.yml if a complex module does not work as expected.
  warnings.warn(
[done] sinh steps=37 ms/step=840.21 L2=0.138981
[ok] wrote experiments/results/poly_shared_weight_cartesian/o6/grid30/point_125_history.json  (2 traces)

[ok] wrote experiments/results/poly_shared_weight_cartesian/o6/grid30/point_125
[start] point_126 weights=(0.3, 0.3, 0.01) seconds=30
device=cuda order=6 methods=('vanilla', 'sinh') bc_weights=0.3,0.3,0.01 seconds=30.0
[run] vanilla
[done] vanilla steps=35 ms/step=877.87 L2=0.991004
[run] sinh
/root/miniconda3/envs/apolarity/lib/python3.11/site-packages/torch/nn/modules/module.py:1310: UserWarning: Complex modules are a new feature under active development whose design may change, and some modules might not work as expected when using complex tensors as parameters or buffers. Please file an issue at https://github.com/pytorch/pytorch/issues/new?template=bug-report.yml if a complex module does not work as expected.
  warnings.warn(
[done] sinh steps=37 ms/step=841.09 L2=0.188203
[ok] wrote experiments/results/poly_shared_weight_cartesian/o6/grid30/point_126_history.json  (2 traces)

[ok] wrote experiments/results/poly_shared_weight_cartesian/o6/grid30/point_126
[start] point_127 weights=(0.3, 0.3, 0.03) seconds=30
device=cuda order=6 methods=('vanilla', 'sinh') bc_weights=0.3,0.3,0.03 seconds=30.0
[run] vanilla
[done] vanilla steps=34 ms/step=886.54 L2=0.991117
[run] sinh
/root/miniconda3/envs/apolarity/lib/python3.11/site-packages/torch/nn/modules/module.py:1310: UserWarning: Complex modules are a new feature under active development whose design may change, and some modules might not work as expected when using complex tensors as parameters or buffers. Please file an issue at https://github.com/pytorch/pytorch/issues/new?template=bug-report.yml if a complex module does not work as expected.
  warnings.warn(
[done] sinh steps=37 ms/step=842.56 L2=0.189982
[ok] wrote experiments/results/poly_shared_weight_cartesian/o6/grid30/point_127_history.json  (2 traces)

[ok] wrote experiments/results/poly_shared_weight_cartesian/o6/grid30/point_127
[start] point_128 weights=(0.3, 0.3, 0.1) seconds=30
device=cuda order=6 methods=('vanilla', 'sinh') bc_weights=0.3,0.3,0.1 seconds=30.0
[run] vanilla
[done] vanilla steps=35 ms/step=876.41 L2=0.990984
[run] sinh
/root/miniconda3/envs/apolarity/lib/python3.11/site-packages/torch/nn/modules/module.py:1310: UserWarning: Complex modules are a new feature under active development whose design may change, and some modules might not work as expected when using complex tensors as parameters or buffers. Please file an issue at https://github.com/pytorch/pytorch/issues/new?template=bug-report.yml if a complex module does not work as expected.
  warnings.warn(
[done] sinh steps=37 ms/step=842.86 L2=0.194051
[ok] wrote experiments/results/poly_shared_weight_cartesian/o6/grid30/point_128_history.json  (2 traces)

[ok] wrote experiments/results/poly_shared_weight_cartesian/o6/grid30/point_128
[start] point_129 weights=(0.3, 0.3, 0.3) seconds=30
device=cuda order=6 methods=('vanilla', 'sinh') bc_weights=0.3,0.3,0.3 seconds=30.0
[run] vanilla
[done] vanilla steps=35 ms/step=869.77 L2=0.990962
[run] sinh
/root/miniconda3/envs/apolarity/lib/python3.11/site-packages/torch/nn/modules/module.py:1310: UserWarning: Complex modules are a new feature under active development whose design may change, and some modules might not work as expected when using complex tensors as parameters or buffers. Please file an issue at https://github.com/pytorch/pytorch/issues/new?template=bug-report.yml if a complex module does not work as expected.
  warnings.warn(
[done] sinh steps=37 ms/step=840.50 L2=0.192517
[ok] wrote experiments/results/poly_shared_weight_cartesian/o6/grid30/point_129_history.json  (2 traces)

[ok] wrote experiments/results/poly_shared_weight_cartesian/o6/grid30/point_129
[start] point_130 weights=(0.3, 0.3, 1.0) seconds=30
device=cuda order=6 methods=('vanilla', 'sinh') bc_weights=0.3,0.3,1 seconds=30.0
[run] vanilla
[done] vanilla steps=35 ms/step=876.13 L2=0.991023
[run] sinh
/root/miniconda3/envs/apolarity/lib/python3.11/site-packages/torch/nn/modules/module.py:1310: UserWarning: Complex modules are a new feature under active development whose design may change, and some modules might not work as expected when using complex tensors as parameters or buffers. Please file an issue at https://github.com/pytorch/pytorch/issues/new?template=bug-report.yml if a complex module does not work as expected.
  warnings.warn(
[done] sinh steps=37 ms/step=840.46 L2=0.166428
[ok] wrote experiments/results/poly_shared_weight_cartesian/o6/grid30/point_130_history.json  (2 traces)

[ok] wrote experiments/results/poly_shared_weight_cartesian/o6/grid30/point_130
[start] point_131 weights=(0.3, 0.3, 3.0) seconds=30
device=cuda order=6 methods=('vanilla', 'sinh') bc_weights=0.3,0.3,3 seconds=30.0
[run] vanilla
[done] vanilla steps=35 ms/step=878.02 L2=0.991059
[run] sinh
/root/miniconda3/envs/apolarity/lib/python3.11/site-packages/torch/nn/modules/module.py:1310: UserWarning: Complex modules are a new feature under active development whose design may change, and some modules might not work as expected when using complex tensors as parameters or buffers. Please file an issue at https://github.com/pytorch/pytorch/issues/new?template=bug-report.yml if a complex module does not work as expected.
  warnings.warn(
[done] sinh steps=37 ms/step=840.97 L2=0.139913
[ok] wrote experiments/results/poly_shared_weight_cartesian/o6/grid30/point_131_history.json  (2 traces)

[ok] wrote experiments/results/poly_shared_weight_cartesian/o6/grid30/point_131
[start] point_132 weights=(0.3, 1.0, 0.01) seconds=30
device=cuda order=6 methods=('vanilla', 'sinh') bc_weights=0.3,1,0.01 seconds=30.0
[run] vanilla
[done] vanilla steps=35 ms/step=878.16 L2=0.991233
[run] sinh
/root/miniconda3/envs/apolarity/lib/python3.11/site-packages/torch/nn/modules/module.py:1310: UserWarning: Complex modules are a new feature under active development whose design may change, and some modules might not work as expected when using complex tensors as parameters or buffers. Please file an issue at https://github.com/pytorch/pytorch/issues/new?template=bug-report.yml if a complex module does not work as expected.
  warnings.warn(
[done] sinh steps=37 ms/step=840.79 L2=0.18786
[ok] wrote experiments/results/poly_shared_weight_cartesian/o6/grid30/point_132_history.json  (2 traces)

[ok] wrote experiments/results/poly_shared_weight_cartesian/o6/grid30/point_132
[start] point_133 weights=(0.3, 1.0, 0.03) seconds=30
device=cuda order=6 methods=('vanilla', 'sinh') bc_weights=0.3,1,0.03 seconds=30.0
[run] vanilla
[done] vanilla steps=35 ms/step=869.06 L2=0.991178
[run] sinh
/root/miniconda3/envs/apolarity/lib/python3.11/site-packages/torch/nn/modules/module.py:1310: UserWarning: Complex modules are a new feature under active development whose design may change, and some modules might not work as expected when using complex tensors as parameters or buffers. Please file an issue at https://github.com/pytorch/pytorch/issues/new?template=bug-report.yml if a complex module does not work as expected.
  warnings.warn(
[done] sinh steps=37 ms/step=840.28 L2=0.187459
[ok] wrote experiments/results/poly_shared_weight_cartesian/o6/grid30/point_133_history.json  (2 traces)

[ok] wrote experiments/results/poly_shared_weight_cartesian/o6/grid30/point_133
[start] point_134 weights=(0.3, 1.0, 0.1) seconds=30
device=cuda order=6 methods=('vanilla', 'sinh') bc_weights=0.3,1,0.1 seconds=30.0
[run] vanilla
[done] vanilla steps=35 ms/step=879.21 L2=0.991243
[run] sinh
/root/miniconda3/envs/apolarity/lib/python3.11/site-packages/torch/nn/modules/module.py:1310: UserWarning: Complex modules are a new feature under active development whose design may change, and some modules might not work as expected when using complex tensors as parameters or buffers. Please file an issue at https://github.com/pytorch/pytorch/issues/new?template=bug-report.yml if a complex module does not work as expected.
  warnings.warn(
[done] sinh steps=37 ms/step=840.99 L2=0.185341
[ok] wrote experiments/results/poly_shared_weight_cartesian/o6/grid30/point_134_history.json  (2 traces)

[ok] wrote experiments/results/poly_shared_weight_cartesian/o6/grid30/point_134
[start] point_135 weights=(0.3, 1.0, 0.3) seconds=30
device=cuda order=6 methods=('vanilla', 'sinh') bc_weights=0.3,1,0.3 seconds=30.0
[run] vanilla
[done] vanilla steps=35 ms/step=867.92 L2=0.991186
[run] sinh
/root/miniconda3/envs/apolarity/lib/python3.11/site-packages/torch/nn/modules/module.py:1310: UserWarning: Complex modules are a new feature under active development whose design may change, and some modules might not work as expected when using complex tensors as parameters or buffers. Please file an issue at https://github.com/pytorch/pytorch/issues/new?template=bug-report.yml if a complex module does not work as expected.
  warnings.warn(
[done] sinh steps=37 ms/step=840.08 L2=0.177487
[ok] wrote experiments/results/poly_shared_weight_cartesian/o6/grid30/point_135_history.json  (2 traces)

[ok] wrote experiments/results/poly_shared_weight_cartesian/o6/grid30/point_135
[start] point_136 weights=(0.3, 1.0, 1.0) seconds=30
device=cuda order=6 methods=('vanilla', 'sinh') bc_weights=0.3,1,1 seconds=30.0
[run] vanilla
[done] vanilla steps=35 ms/step=865.79 L2=0.991183
[run] sinh
/root/miniconda3/envs/apolarity/lib/python3.11/site-packages/torch/nn/modules/module.py:1310: UserWarning: Complex modules are a new feature under active development whose design may change, and some modules might not work as expected when using complex tensors as parameters or buffers. Please file an issue at https://github.com/pytorch/pytorch/issues/new?template=bug-report.yml if a complex module does not work as expected.
  warnings.warn(
[done] sinh steps=37 ms/step=840.03 L2=0.157495
[ok] wrote experiments/results/poly_shared_weight_cartesian/o6/grid30/point_136_history.json  (2 traces)

[ok] wrote experiments/results/poly_shared_weight_cartesian/o6/grid30/point_136
[start] point_137 weights=(0.3, 1.0, 3.0) seconds=30
device=cuda order=6 methods=('vanilla', 'sinh') bc_weights=0.3,1,3 seconds=30.0
[run] vanilla
[done] vanilla steps=35 ms/step=868.67 L2=0.991225
[run] sinh
/root/miniconda3/envs/apolarity/lib/python3.11/site-packages/torch/nn/modules/module.py:1310: UserWarning: Complex modules are a new feature under active development whose design may change, and some modules might not work as expected when using complex tensors as parameters or buffers. Please file an issue at https://github.com/pytorch/pytorch/issues/new?template=bug-report.yml if a complex module does not work as expected.
  warnings.warn(
[done] sinh steps=37 ms/step=840.55 L2=0.140312
[ok] wrote experiments/results/poly_shared_weight_cartesian/o6/grid30/point_137_history.json  (2 traces)

[ok] wrote experiments/results/poly_shared_weight_cartesian/o6/grid30/point_137
[start] point_138 weights=(0.3, 3.0, 0.01) seconds=30
device=cuda order=6 methods=('vanilla', 'sinh') bc_weights=0.3,3,0.01 seconds=30.0
[run] vanilla
[done] vanilla steps=35 ms/step=866.04 L2=0.991766
[run] sinh
/root/miniconda3/envs/apolarity/lib/python3.11/site-packages/torch/nn/modules/module.py:1310: UserWarning: Complex modules are a new feature under active development whose design may change, and some modules might not work as expected when using complex tensors as parameters or buffers. Please file an issue at https://github.com/pytorch/pytorch/issues/new?template=bug-report.yml if a complex module does not work as expected.
  warnings.warn(
[done] sinh steps=37 ms/step=840.19 L2=0.174087
[ok] wrote experiments/results/poly_shared_weight_cartesian/o6/grid30/point_138_history.json  (2 traces)

[ok] wrote experiments/results/poly_shared_weight_cartesian/o6/grid30/point_138
[start] point_139 weights=(0.3, 3.0, 0.03) seconds=30
device=cuda order=6 methods=('vanilla', 'sinh') bc_weights=0.3,3,0.03 seconds=30.0
[run] vanilla
[done] vanilla steps=35 ms/step=877.20 L2=0.991835
[run] sinh
/root/miniconda3/envs/apolarity/lib/python3.11/site-packages/torch/nn/modules/module.py:1310: UserWarning: Complex modules are a new feature under active development whose design may change, and some modules might not work as expected when using complex tensors as parameters or buffers. Please file an issue at https://github.com/pytorch/pytorch/issues/new?template=bug-report.yml if a complex module does not work as expected.
  warnings.warn(
[done] sinh steps=37 ms/step=840.72 L2=0.173269
[ok] wrote experiments/results/poly_shared_weight_cartesian/o6/grid30/point_139_history.json  (2 traces)

[ok] wrote experiments/results/poly_shared_weight_cartesian/o6/grid30/point_139
[start] point_140 weights=(0.3, 3.0, 0.1) seconds=30
device=cuda order=6 methods=('vanilla', 'sinh') bc_weights=0.3,3,0.1 seconds=30.0
[run] vanilla
[done] vanilla steps=35 ms/step=868.54 L2=0.991783
[run] sinh
/root/miniconda3/envs/apolarity/lib/python3.11/site-packages/torch/nn/modules/module.py:1310: UserWarning: Complex modules are a new feature under active development whose design may change, and some modules might not work as expected when using complex tensors as parameters or buffers. Please file an issue at https://github.com/pytorch/pytorch/issues/new?template=bug-report.yml if a complex module does not work as expected.
  warnings.warn(
[done] sinh steps=37 ms/step=840.03 L2=0.170273
[ok] wrote experiments/results/poly_shared_weight_cartesian/o6/grid30/point_140_history.json  (2 traces)

[ok] wrote experiments/results/poly_shared_weight_cartesian/o6/grid30/point_140
[start] point_141 weights=(0.3, 3.0, 0.3) seconds=30
device=cuda order=6 methods=('vanilla', 'sinh') bc_weights=0.3,3,0.3 seconds=30.0
[run] vanilla
[done] vanilla steps=35 ms/step=869.44 L2=0.991791
[run] sinh
/root/miniconda3/envs/apolarity/lib/python3.11/site-packages/torch/nn/modules/module.py:1310: UserWarning: Complex modules are a new feature under active development whose design may change, and some modules might not work as expected when using complex tensors as parameters or buffers. Please file an issue at https://github.com/pytorch/pytorch/issues/new?template=bug-report.yml if a complex module does not work as expected.
  warnings.warn(
[done] sinh steps=37 ms/step=840.12 L2=0.161612
[ok] wrote experiments/results/poly_shared_weight_cartesian/o6/grid30/point_141_history.json  (2 traces)

[ok] wrote experiments/results/poly_shared_weight_cartesian/o6/grid30/point_141
[start] point_142 weights=(0.3, 3.0, 1.0) seconds=30
device=cuda order=6 methods=('vanilla', 'sinh') bc_weights=0.3,3,1 seconds=30.0
[run] vanilla
[done] vanilla steps=35 ms/step=879.34 L2=0.991853
[run] sinh
/root/miniconda3/envs/apolarity/lib/python3.11/site-packages/torch/nn/modules/module.py:1310: UserWarning: Complex modules are a new feature under active development whose design may change, and some modules might not work as expected when using complex tensors as parameters or buffers. Please file an issue at https://github.com/pytorch/pytorch/issues/new?template=bug-report.yml if a complex module does not work as expected.
  warnings.warn(
[done] sinh steps=37 ms/step=841.07 L2=0.139775
[ok] wrote experiments/results/poly_shared_weight_cartesian/o6/grid30/point_142_history.json  (2 traces)

[ok] wrote experiments/results/poly_shared_weight_cartesian/o6/grid30/point_142
[start] point_143 weights=(0.3, 3.0, 3.0) seconds=30
device=cuda order=6 methods=('vanilla', 'sinh') bc_weights=0.3,3,3 seconds=30.0
[run] vanilla
[done] vanilla steps=35 ms/step=874.54 L2=0.991853
[run] sinh
/root/miniconda3/envs/apolarity/lib/python3.11/site-packages/torch/nn/modules/module.py:1310: UserWarning: Complex modules are a new feature under active development whose design may change, and some modules might not work as expected when using complex tensors as parameters or buffers. Please file an issue at https://github.com/pytorch/pytorch/issues/new?template=bug-report.yml if a complex module does not work as expected.
  warnings.warn(
[done] sinh steps=37 ms/step=840.95 L2=0.135073
[ok] wrote experiments/results/poly_shared_weight_cartesian/o6/grid30/point_143_history.json  (2 traces)

[ok] wrote experiments/results/poly_shared_weight_cartesian/o6/grid30/point_143
[start] point_144 weights=(1.0, 0.01, 0.01) seconds=30
device=cuda order=6 methods=('vanilla', 'sinh') bc_weights=1,0.01,0.01 seconds=30.0
[run] vanilla
[done] vanilla steps=35 ms/step=866.71 L2=0.997587
[run] sinh
/root/miniconda3/envs/apolarity/lib/python3.11/site-packages/torch/nn/modules/module.py:1310: UserWarning: Complex modules are a new feature under active development whose design may change, and some modules might not work as expected when using complex tensors as parameters or buffers. Please file an issue at https://github.com/pytorch/pytorch/issues/new?template=bug-report.yml if a complex module does not work as expected.
  warnings.warn(
[done] sinh steps=37 ms/step=839.82 L2=0.155564
[ok] wrote experiments/results/poly_shared_weight_cartesian/o6/grid30/point_144_history.json  (2 traces)

[ok] wrote experiments/results/poly_shared_weight_cartesian/o6/grid30/point_144
[start] point_145 weights=(1.0, 0.01, 0.03) seconds=30
device=cuda order=6 methods=('vanilla', 'sinh') bc_weights=1,0.01,0.03 seconds=30.0
[run] vanilla
[done] vanilla steps=35 ms/step=880.52 L2=0.997598
[run] sinh
/root/miniconda3/envs/apolarity/lib/python3.11/site-packages/torch/nn/modules/module.py:1310: UserWarning: Complex modules are a new feature under active development whose design may change, and some modules might not work as expected when using complex tensors as parameters or buffers. Please file an issue at https://github.com/pytorch/pytorch/issues/new?template=bug-report.yml if a complex module does not work as expected.
  warnings.warn(
[done] sinh steps=37 ms/step=841.14 L2=0.162264
[ok] wrote experiments/results/poly_shared_weight_cartesian/o6/grid30/point_145_history.json  (2 traces)

[ok] wrote experiments/results/poly_shared_weight_cartesian/o6/grid30/point_145
[start] point_146 weights=(1.0, 0.01, 0.1) seconds=30
device=cuda order=6 methods=('vanilla', 'sinh') bc_weights=1,0.01,0.1 seconds=30.0
[run] vanilla
[done] vanilla steps=35 ms/step=878.39 L2=0.997596
[run] sinh
/root/miniconda3/envs/apolarity/lib/python3.11/site-packages/torch/nn/modules/module.py:1310: UserWarning: Complex modules are a new feature under active development whose design may change, and some modules might not work as expected when using complex tensors as parameters or buffers. Please file an issue at https://github.com/pytorch/pytorch/issues/new?template=bug-report.yml if a complex module does not work as expected.
  warnings.warn(
[done] sinh steps=37 ms/step=841.08 L2=0.181301
[ok] wrote experiments/results/poly_shared_weight_cartesian/o6/grid30/point_146_history.json  (2 traces)

[ok] wrote experiments/results/poly_shared_weight_cartesian/o6/grid30/point_146
[start] point_147 weights=(1.0, 0.01, 0.3) seconds=30
device=cuda order=6 methods=('vanilla', 'sinh') bc_weights=1,0.01,0.3 seconds=30.0
[run] vanilla
[done] vanilla steps=35 ms/step=878.69 L2=0.997596
[run] sinh
/root/miniconda3/envs/apolarity/lib/python3.11/site-packages/torch/nn/modules/module.py:1310: UserWarning: Complex modules are a new feature under active development whose design may change, and some modules might not work as expected when using complex tensors as parameters or buffers. Please file an issue at https://github.com/pytorch/pytorch/issues/new?template=bug-report.yml if a complex module does not work as expected.
  warnings.warn(
[done] sinh steps=37 ms/step=841.02 L2=0.204282
[ok] wrote experiments/results/poly_shared_weight_cartesian/o6/grid30/point_147_history.json  (2 traces)

[ok] wrote experiments/results/poly_shared_weight_cartesian/o6/grid30/point_147
[start] point_148 weights=(1.0, 0.01, 1.0) seconds=30
device=cuda order=6 methods=('vanilla', 'sinh') bc_weights=1,0.01,1 seconds=30.0
[run] vanilla
[done] vanilla steps=35 ms/step=867.10 L2=0.997588
[run] sinh
/root/miniconda3/envs/apolarity/lib/python3.11/site-packages/torch/nn/modules/module.py:1310: UserWarning: Complex modules are a new feature under active development whose design may change, and some modules might not work as expected when using complex tensors as parameters or buffers. Please file an issue at https://github.com/pytorch/pytorch/issues/new?template=bug-report.yml if a complex module does not work as expected.
  warnings.warn(
[done] sinh steps=37 ms/step=840.14 L2=0.190369
[ok] wrote experiments/results/poly_shared_weight_cartesian/o6/grid30/point_148_history.json  (2 traces)

[ok] wrote experiments/results/poly_shared_weight_cartesian/o6/grid30/point_148
[start] point_149 weights=(1.0, 0.01, 3.0) seconds=30
device=cuda order=6 methods=('vanilla', 'sinh') bc_weights=1,0.01,3 seconds=30.0
[run] vanilla
[done] vanilla steps=35 ms/step=879.33 L2=0.997601
[run] sinh
/root/miniconda3/envs/apolarity/lib/python3.11/site-packages/torch/nn/modules/module.py:1310: UserWarning: Complex modules are a new feature under active development whose design may change, and some modules might not work as expected when using complex tensors as parameters or buffers. Please file an issue at https://github.com/pytorch/pytorch/issues/new?template=bug-report.yml if a complex module does not work as expected.
  warnings.warn(
[done] sinh steps=37 ms/step=841.10 L2=0.157577
[ok] wrote experiments/results/poly_shared_weight_cartesian/o6/grid30/point_149_history.json  (2 traces)

[ok] wrote experiments/results/poly_shared_weight_cartesian/o6/grid30/point_149
[start] point_150 weights=(1.0, 0.03, 0.01) seconds=30
device=cuda order=6 methods=('vanilla', 'sinh') bc_weights=1,0.03,0.01 seconds=30.0
[run] vanilla
[done] vanilla steps=35 ms/step=870.00 L2=0.99759
[run] sinh
/root/miniconda3/envs/apolarity/lib/python3.11/site-packages/torch/nn/modules/module.py:1310: UserWarning: Complex modules are a new feature under active development whose design may change, and some modules might not work as expected when using complex tensors as parameters or buffers. Please file an issue at https://github.com/pytorch/pytorch/issues/new?template=bug-report.yml if a complex module does not work as expected.
  warnings.warn(
[done] sinh steps=37 ms/step=840.48 L2=0.165339
[ok] wrote experiments/results/poly_shared_weight_cartesian/o6/grid30/point_150_history.json  (2 traces)

[ok] wrote experiments/results/poly_shared_weight_cartesian/o6/grid30/point_150
[start] point_151 weights=(1.0, 0.03, 0.03) seconds=30
device=cuda order=6 methods=('vanilla', 'sinh') bc_weights=1,0.03,0.03 seconds=30.0
[run] vanilla
[done] vanilla steps=35 ms/step=867.37 L2=0.997588
[run] sinh
/root/miniconda3/envs/apolarity/lib/python3.11/site-packages/torch/nn/modules/module.py:1310: UserWarning: Complex modules are a new feature under active development whose design may change, and some modules might not work as expected when using complex tensors as parameters or buffers. Please file an issue at https://github.com/pytorch/pytorch/issues/new?template=bug-report.yml if a complex module does not work as expected.
  warnings.warn(
[done] sinh steps=37 ms/step=839.74 L2=0.171707
[ok] wrote experiments/results/poly_shared_weight_cartesian/o6/grid30/point_151_history.json  (2 traces)

[ok] wrote experiments/results/poly_shared_weight_cartesian/o6/grid30/point_151
[start] point_152 weights=(1.0, 0.03, 0.1) seconds=30
device=cuda order=6 methods=('vanilla', 'sinh') bc_weights=1,0.03,0.1 seconds=30.0
[run] vanilla
[done] vanilla steps=35 ms/step=879.29 L2=0.997597
[run] sinh
/root/miniconda3/envs/apolarity/lib/python3.11/site-packages/torch/nn/modules/module.py:1310: UserWarning: Complex modules are a new feature under active development whose design may change, and some modules might not work as expected when using complex tensors as parameters or buffers. Please file an issue at https://github.com/pytorch/pytorch/issues/new?template=bug-report.yml if a complex module does not work as expected.
  warnings.warn(
[done] sinh steps=37 ms/step=840.96 L2=0.189155
[ok] wrote experiments/results/poly_shared_weight_cartesian/o6/grid30/point_152_history.json  (2 traces)

[ok] wrote experiments/results/poly_shared_weight_cartesian/o6/grid30/point_152
[start] point_153 weights=(1.0, 0.03, 0.3) seconds=30
device=cuda order=6 methods=('vanilla', 'sinh') bc_weights=1,0.03,0.3 seconds=30.0
[run] vanilla
[done] vanilla steps=35 ms/step=878.92 L2=0.997597
[run] sinh
/root/miniconda3/envs/apolarity/lib/python3.11/site-packages/torch/nn/modules/module.py:1310: UserWarning: Complex modules are a new feature under active development whose design may change, and some modules might not work as expected when using complex tensors as parameters or buffers. Please file an issue at https://github.com/pytorch/pytorch/issues/new?template=bug-report.yml if a complex module does not work as expected.
  warnings.warn(
[done] sinh steps=37 ms/step=841.10 L2=0.209252
[ok] wrote experiments/results/poly_shared_weight_cartesian/o6/grid30/point_153_history.json  (2 traces)

[ok] wrote experiments/results/poly_shared_weight_cartesian/o6/grid30/point_153
[start] point_154 weights=(1.0, 0.03, 1.0) seconds=30
device=cuda order=6 methods=('vanilla', 'sinh') bc_weights=1,0.03,1 seconds=30.0
[run] vanilla
[done] vanilla steps=35 ms/step=870.88 L2=0.997591
[run] sinh
/root/miniconda3/envs/apolarity/lib/python3.11/site-packages/torch/nn/modules/module.py:1310: UserWarning: Complex modules are a new feature under active development whose design may change, and some modules might not work as expected when using complex tensors as parameters or buffers. Please file an issue at https://github.com/pytorch/pytorch/issues/new?template=bug-report.yml if a complex module does not work as expected.
  warnings.warn(
[done] sinh steps=37 ms/step=840.44 L2=0.192094
[ok] wrote experiments/results/poly_shared_weight_cartesian/o6/grid30/point_154_history.json  (2 traces)

[ok] wrote experiments/results/poly_shared_weight_cartesian/o6/grid30/point_154
[start] point_155 weights=(1.0, 0.03, 3.0) seconds=30
device=cuda order=6 methods=('vanilla', 'sinh') bc_weights=1,0.03,3 seconds=30.0
[run] vanilla
[done] vanilla steps=35 ms/step=880.04 L2=0.997602
[run] sinh
/root/miniconda3/envs/apolarity/lib/python3.11/site-packages/torch/nn/modules/module.py:1310: UserWarning: Complex modules are a new feature under active development whose design may change, and some modules might not work as expected when using complex tensors as parameters or buffers. Please file an issue at https://github.com/pytorch/pytorch/issues/new?template=bug-report.yml if a complex module does not work as expected.
  warnings.warn(
[done] sinh steps=37 ms/step=841.17 L2=0.159196
[ok] wrote experiments/results/poly_shared_weight_cartesian/o6/grid30/point_155_history.json  (2 traces)

[ok] wrote experiments/results/poly_shared_weight_cartesian/o6/grid30/point_155
[start] point_156 weights=(1.0, 0.1, 0.01) seconds=30
device=cuda order=6 methods=('vanilla', 'sinh') bc_weights=1,0.1,0.01 seconds=30.0
[run] vanilla
[done] vanilla steps=35 ms/step=870.26 L2=0.997592
[run] sinh
/root/miniconda3/envs/apolarity/lib/python3.11/site-packages/torch/nn/modules/module.py:1310: UserWarning: Complex modules are a new feature under active development whose design may change, and some modules might not work as expected when using complex tensors as parameters or buffers. Please file an issue at https://github.com/pytorch/pytorch/issues/new?template=bug-report.yml if a complex module does not work as expected.
  warnings.warn(
[done] sinh steps=37 ms/step=840.03 L2=0.193132
[ok] wrote experiments/results/poly_shared_weight_cartesian/o6/grid30/point_156_history.json  (2 traces)

[ok] wrote experiments/results/poly_shared_weight_cartesian/o6/grid30/point_156
[start] point_157 weights=(1.0, 0.1, 0.03) seconds=30
device=cuda order=6 methods=('vanilla', 'sinh') bc_weights=1,0.1,0.03 seconds=30.0
[run] vanilla
[done] vanilla steps=35 ms/step=878.62 L2=0.997599
[run] sinh
/root/miniconda3/envs/apolarity/lib/python3.11/site-packages/torch/nn/modules/module.py:1310: UserWarning: Complex modules are a new feature under active development whose design may change, and some modules might not work as expected when using complex tensors as parameters or buffers. Please file an issue at https://github.com/pytorch/pytorch/issues/new?template=bug-report.yml if a complex module does not work as expected.
  warnings.warn(
[done] sinh steps=37 ms/step=841.08 L2=0.198145
[ok] wrote experiments/results/poly_shared_weight_cartesian/o6/grid30/point_157_history.json  (2 traces)

[ok] wrote experiments/results/poly_shared_weight_cartesian/o6/grid30/point_157
[start] point_158 weights=(1.0, 0.1, 0.1) seconds=30
device=cuda order=6 methods=('vanilla', 'sinh') bc_weights=1,0.1,0.1 seconds=30.0
[run] vanilla
[done] vanilla steps=34 ms/step=891.69 L2=0.99762
[run] sinh
/root/miniconda3/envs/apolarity/lib/python3.11/site-packages/torch/nn/modules/module.py:1310: UserWarning: Complex modules are a new feature under active development whose design may change, and some modules might not work as expected when using complex tensors as parameters or buffers. Please file an issue at https://github.com/pytorch/pytorch/issues/new?template=bug-report.yml if a complex module does not work as expected.
  warnings.warn(
[done] sinh steps=37 ms/step=841.63 L2=0.210422
[ok] wrote experiments/results/poly_shared_weight_cartesian/o6/grid30/point_158_history.json  (2 traces)

[ok] wrote experiments/results/poly_shared_weight_cartesian/o6/grid30/point_158
[start] point_159 weights=(1.0, 0.1, 0.3) seconds=30
device=cuda order=6 methods=('vanilla', 'sinh') bc_weights=1,0.1,0.3 seconds=30.0
[run] vanilla
[done] vanilla steps=35 ms/step=874.22 L2=0.997595
[run] sinh
/root/miniconda3/envs/apolarity/lib/python3.11/site-packages/torch/nn/modules/module.py:1310: UserWarning: Complex modules are a new feature under active development whose design may change, and some modules might not work as expected when using complex tensors as parameters or buffers. Please file an issue at https://github.com/pytorch/pytorch/issues/new?template=bug-report.yml if a complex module does not work as expected.
  warnings.warn(
[done] sinh steps=37 ms/step=840.52 L2=0.221971
[ok] wrote experiments/results/poly_shared_weight_cartesian/o6/grid30/point_159_history.json  (2 traces)

[ok] wrote experiments/results/poly_shared_weight_cartesian/o6/grid30/point_159
[start] point_160 weights=(1.0, 0.1, 1.0) seconds=30
device=cuda order=6 methods=('vanilla', 'sinh') bc_weights=1,0.1,1 seconds=30.0
[run] vanilla
[done] vanilla steps=35 ms/step=876.07 L2=0.997598
[run] sinh
/root/miniconda3/envs/apolarity/lib/python3.11/site-packages/torch/nn/modules/module.py:1310: UserWarning: Complex modules are a new feature under active development whose design may change, and some modules might not work as expected when using complex tensors as parameters or buffers. Please file an issue at https://github.com/pytorch/pytorch/issues/new?template=bug-report.yml if a complex module does not work as expected.
  warnings.warn(
[done] sinh steps=37 ms/step=840.79 L2=0.196755
[ok] wrote experiments/results/poly_shared_weight_cartesian/o6/grid30/point_160_history.json  (2 traces)

[ok] wrote experiments/results/poly_shared_weight_cartesian/o6/grid30/point_160
[start] point_161 weights=(1.0, 0.1, 3.0) seconds=30
device=cuda order=6 methods=('vanilla', 'sinh') bc_weights=1,0.1,3 seconds=30.0
[run] vanilla
[done] vanilla steps=35 ms/step=868.16 L2=0.997595
[run] sinh
/root/miniconda3/envs/apolarity/lib/python3.11/site-packages/torch/nn/modules/module.py:1310: UserWarning: Complex modules are a new feature under active development whose design may change, and some modules might not work as expected when using complex tensors as parameters or buffers. Please file an issue at https://github.com/pytorch/pytorch/issues/new?template=bug-report.yml if a complex module does not work as expected.
  warnings.warn(
[done] sinh steps=37 ms/step=839.83 L2=0.164552
[ok] wrote experiments/results/poly_shared_weight_cartesian/o6/grid30/point_161_history.json  (2 traces)

[ok] wrote experiments/results/poly_shared_weight_cartesian/o6/grid30/point_161
[start] point_162 weights=(1.0, 0.3, 0.01) seconds=30
device=cuda order=6 methods=('vanilla', 'sinh') bc_weights=1,0.3,0.01 seconds=30.0
[run] vanilla
[done] vanilla steps=35 ms/step=878.89 L2=0.997605
[run] sinh
/root/miniconda3/envs/apolarity/lib/python3.11/site-packages/torch/nn/modules/module.py:1310: UserWarning: Complex modules are a new feature under active development whose design may change, and some modules might not work as expected when using complex tensors as parameters or buffers. Please file an issue at https://github.com/pytorch/pytorch/issues/new?template=bug-report.yml if a complex module does not work as expected.
  warnings.warn(
[done] sinh steps=37 ms/step=841.05 L2=0.232249
[ok] wrote experiments/results/poly_shared_weight_cartesian/o6/grid30/point_162_history.json  (2 traces)

[ok] wrote experiments/results/poly_shared_weight_cartesian/o6/grid30/point_162
[start] point_163 weights=(1.0, 0.3, 0.03) seconds=30
device=cuda order=6 methods=('vanilla', 'sinh') bc_weights=1,0.3,0.03 seconds=30.0
[run] vanilla
[done] vanilla steps=35 ms/step=868.91 L2=0.997597
[run] sinh
/root/miniconda3/envs/apolarity/lib/python3.11/site-packages/torch/nn/modules/module.py:1310: UserWarning: Complex modules are a new feature under active development whose design may change, and some modules might not work as expected when using complex tensors as parameters or buffers. Please file an issue at https://github.com/pytorch/pytorch/issues/new?template=bug-report.yml if a complex module does not work as expected.
  warnings.warn(
[done] sinh steps=37 ms/step=840.18 L2=0.234073
[ok] wrote experiments/results/poly_shared_weight_cartesian/o6/grid30/point_163_history.json  (2 traces)

[ok] wrote experiments/results/poly_shared_weight_cartesian/o6/grid30/point_163
[start] point_164 weights=(1.0, 0.3, 0.1) seconds=30
device=cuda order=6 methods=('vanilla', 'sinh') bc_weights=1,0.3,0.1 seconds=30.0
[run] vanilla
[done] vanilla steps=35 ms/step=871.90 L2=0.997598
[run] sinh
/root/miniconda3/envs/apolarity/lib/python3.11/site-packages/torch/nn/modules/module.py:1310: UserWarning: Complex modules are a new feature under active development whose design may change, and some modules might not work as expected when using complex tensors as parameters or buffers. Please file an issue at https://github.com/pytorch/pytorch/issues/new?template=bug-report.yml if a complex module does not work as expected.
  warnings.warn(
[done] sinh steps=37 ms/step=840.70 L2=0.237202
[ok] wrote experiments/results/poly_shared_weight_cartesian/o6/grid30/point_164_history.json  (2 traces)

[ok] wrote experiments/results/poly_shared_weight_cartesian/o6/grid30/point_164
[start] point_165 weights=(1.0, 0.3, 0.3) seconds=30
device=cuda order=6 methods=('vanilla', 'sinh') bc_weights=1,0.3,0.3 seconds=30.0
[run] vanilla
[done] vanilla steps=35 ms/step=880.35 L2=0.997606
[run] sinh
/root/miniconda3/envs/apolarity/lib/python3.11/site-packages/torch/nn/modules/module.py:1310: UserWarning: Complex modules are a new feature under active development whose design may change, and some modules might not work as expected when using complex tensors as parameters or buffers. Please file an issue at https://github.com/pytorch/pytorch/issues/new?template=bug-report.yml if a complex module does not work as expected.
  warnings.warn(
[done] sinh steps=37 ms/step=841.08 L2=0.232932
[ok] wrote experiments/results/poly_shared_weight_cartesian/o6/grid30/point_165_history.json  (2 traces)

[ok] wrote experiments/results/poly_shared_weight_cartesian/o6/grid30/point_165
[start] point_166 weights=(1.0, 0.3, 1.0) seconds=30
device=cuda order=6 methods=('vanilla', 'sinh') bc_weights=1,0.3,1 seconds=30.0
[run] vanilla
[done] vanilla steps=35 ms/step=873.60 L2=0.997602
[run] sinh
/root/miniconda3/envs/apolarity/lib/python3.11/site-packages/torch/nn/modules/module.py:1310: UserWarning: Complex modules are a new feature under active development whose design may change, and some modules might not work as expected when using complex tensors as parameters or buffers. Please file an issue at https://github.com/pytorch/pytorch/issues/new?template=bug-report.yml if a complex module does not work as expected.
  warnings.warn(
[done] sinh steps=37 ms/step=840.89 L2=0.198519
[ok] wrote experiments/results/poly_shared_weight_cartesian/o6/grid30/point_166_history.json  (2 traces)

[ok] wrote experiments/results/poly_shared_weight_cartesian/o6/grid30/point_166
[start] point_167 weights=(1.0, 0.3, 3.0) seconds=30
device=cuda order=6 methods=('vanilla', 'sinh') bc_weights=1,0.3,3 seconds=30.0
[run] vanilla
[done] vanilla steps=35 ms/step=875.38 L2=0.997606
[run] sinh
/root/miniconda3/envs/apolarity/lib/python3.11/site-packages/torch/nn/modules/module.py:1310: UserWarning: Complex modules are a new feature under active development whose design may change, and some modules might not work as expected when using complex tensors as parameters or buffers. Please file an issue at https://github.com/pytorch/pytorch/issues/new?template=bug-report.yml if a complex module does not work as expected.
  warnings.warn(
[done] sinh steps=37 ms/step=840.60 L2=0.173704
[ok] wrote experiments/results/poly_shared_weight_cartesian/o6/grid30/point_167_history.json  (2 traces)

[ok] wrote experiments/results/poly_shared_weight_cartesian/o6/grid30/point_167
[start] point_168 weights=(1.0, 1.0, 0.01) seconds=30
device=cuda order=6 methods=('vanilla', 'sinh') bc_weights=1,1,0.01 seconds=30.0
[run] vanilla
[done] vanilla steps=35 ms/step=866.27 L2=0.997616
[run] sinh
/root/miniconda3/envs/apolarity/lib/python3.11/site-packages/torch/nn/modules/module.py:1310: UserWarning: Complex modules are a new feature under active development whose design may change, and some modules might not work as expected when using complex tensors as parameters or buffers. Please file an issue at https://github.com/pytorch/pytorch/issues/new?template=bug-report.yml if a complex module does not work as expected.
  warnings.warn(
[done] sinh steps=37 ms/step=839.78 L2=0.204372
[ok] wrote experiments/results/poly_shared_weight_cartesian/o6/grid30/point_168_history.json  (2 traces)

[ok] wrote experiments/results/poly_shared_weight_cartesian/o6/grid30/point_168
[start] point_169 weights=(1.0, 1.0, 0.03) seconds=30
device=cuda order=6 methods=('vanilla', 'sinh') bc_weights=1,1,0.03 seconds=30.0
[run] vanilla
[done] vanilla steps=35 ms/step=868.10 L2=0.997617
[run] sinh
/root/miniconda3/envs/apolarity/lib/python3.11/site-packages/torch/nn/modules/module.py:1310: UserWarning: Complex modules are a new feature under active development whose design may change, and some modules might not work as expected when using complex tensors as parameters or buffers. Please file an issue at https://github.com/pytorch/pytorch/issues/new?template=bug-report.yml if a complex module does not work as expected.
  warnings.warn(
[done] sinh steps=37 ms/step=840.19 L2=0.203463
[ok] wrote experiments/results/poly_shared_weight_cartesian/o6/grid30/point_169_history.json  (2 traces)

[ok] wrote experiments/results/poly_shared_weight_cartesian/o6/grid30/point_169
[start] point_170 weights=(1.0, 1.0, 0.1) seconds=30
device=cuda order=6 methods=('vanilla', 'sinh') bc_weights=1,1,0.1 seconds=30.0
[run] vanilla
[done] vanilla steps=35 ms/step=867.69 L2=0.997616
[run] sinh
/root/miniconda3/envs/apolarity/lib/python3.11/site-packages/torch/nn/modules/module.py:1310: UserWarning: Complex modules are a new feature under active development whose design may change, and some modules might not work as expected when using complex tensors as parameters or buffers. Please file an issue at https://github.com/pytorch/pytorch/issues/new?template=bug-report.yml if a complex module does not work as expected.
  warnings.warn(
[done] sinh steps=37 ms/step=840.27 L2=0.200565
[ok] wrote experiments/results/poly_shared_weight_cartesian/o6/grid30/point_170_history.json  (2 traces)

[ok] wrote experiments/results/poly_shared_weight_cartesian/o6/grid30/point_170
[start] point_171 weights=(1.0, 1.0, 0.3) seconds=30
device=cuda order=6 methods=('vanilla', 'sinh') bc_weights=1,1,0.3 seconds=30.0
[run] vanilla
[done] vanilla steps=35 ms/step=877.76 L2=0.997625
[run] sinh
/root/miniconda3/envs/apolarity/lib/python3.11/site-packages/torch/nn/modules/module.py:1310: UserWarning: Complex modules are a new feature under active development whose design may change, and some modules might not work as expected when using complex tensors as parameters or buffers. Please file an issue at https://github.com/pytorch/pytorch/issues/new?template=bug-report.yml if a complex module does not work as expected.
  warnings.warn(
[done] sinh steps=37 ms/step=840.96 L2=0.191788
[ok] wrote experiments/results/poly_shared_weight_cartesian/o6/grid30/point_171_history.json  (2 traces)

[ok] wrote experiments/results/poly_shared_weight_cartesian/o6/grid30/point_171
[start] point_172 weights=(1.0, 1.0, 1.0) seconds=30
device=cuda order=6 methods=('vanilla', 'sinh') bc_weights=1,1,1 seconds=30.0
[run] vanilla
[done] vanilla steps=35 ms/step=875.40 L2=0.997624
[run] sinh
/root/miniconda3/envs/apolarity/lib/python3.11/site-packages/torch/nn/modules/module.py:1310: UserWarning: Complex modules are a new feature under active development whose design may change, and some modules might not work as expected when using complex tensors as parameters or buffers. Please file an issue at https://github.com/pytorch/pytorch/issues/new?template=bug-report.yml if a complex module does not work as expected.
  warnings.warn(
[done] sinh steps=37 ms/step=840.96 L2=0.176047
[ok] wrote experiments/results/poly_shared_weight_cartesian/o6/grid30/point_172_history.json  (2 traces)

[ok] wrote experiments/results/poly_shared_weight_cartesian/o6/grid30/point_172
[start] point_173 weights=(1.0, 1.0, 3.0) seconds=30
device=cuda order=6 methods=('vanilla', 'sinh') bc_weights=1,1,3 seconds=30.0
[run] vanilla
[done] vanilla steps=35 ms/step=866.04 L2=0.99762
[run] sinh
/root/miniconda3/envs/apolarity/lib/python3.11/site-packages/torch/nn/modules/module.py:1310: UserWarning: Complex modules are a new feature under active development whose design may change, and some modules might not work as expected when using complex tensors as parameters or buffers. Please file an issue at https://github.com/pytorch/pytorch/issues/new?template=bug-report.yml if a complex module does not work as expected.
  warnings.warn(
[done] sinh steps=37 ms/step=840.41 L2=0.174413
[ok] wrote experiments/results/poly_shared_weight_cartesian/o6/grid30/point_173_history.json  (2 traces)

[ok] wrote experiments/results/poly_shared_weight_cartesian/o6/grid30/point_173
[start] point_174 weights=(1.0, 3.0, 0.01) seconds=30
device=cuda order=6 methods=('vanilla', 'sinh') bc_weights=1,3,0.01 seconds=30.0
[run] vanilla
[done] vanilla steps=35 ms/step=878.23 L2=0.997684
[run] sinh
/root/miniconda3/envs/apolarity/lib/python3.11/site-packages/torch/nn/modules/module.py:1310: UserWarning: Complex modules are a new feature under active development whose design may change, and some modules might not work as expected when using complex tensors as parameters or buffers. Please file an issue at https://github.com/pytorch/pytorch/issues/new?template=bug-report.yml if a complex module does not work as expected.
  warnings.warn(
[done] sinh steps=37 ms/step=840.72 L2=0.184042
[ok] wrote experiments/results/poly_shared_weight_cartesian/o6/grid30/point_174_history.json  (2 traces)

[ok] wrote experiments/results/poly_shared_weight_cartesian/o6/grid30/point_174
[start] point_175 weights=(1.0, 3.0, 0.03) seconds=30
device=cuda order=6 methods=('vanilla', 'sinh') bc_weights=1,3,0.03 seconds=30.0
[run] vanilla
[done] vanilla steps=35 ms/step=879.11 L2=0.997684
[run] sinh
/root/miniconda3/envs/apolarity/lib/python3.11/site-packages/torch/nn/modules/module.py:1310: UserWarning: Complex modules are a new feature under active development whose design may change, and some modules might not work as expected when using complex tensors as parameters or buffers. Please file an issue at https://github.com/pytorch/pytorch/issues/new?template=bug-report.yml if a complex module does not work as expected.
  warnings.warn(
[done] sinh steps=37 ms/step=840.94 L2=0.183268
[ok] wrote experiments/results/poly_shared_weight_cartesian/o6/grid30/point_175_history.json  (2 traces)

[ok] wrote experiments/results/poly_shared_weight_cartesian/o6/grid30/point_175
[start] point_176 weights=(1.0, 3.0, 0.1) seconds=30
device=cuda order=6 methods=('vanilla', 'sinh') bc_weights=1,3,0.1 seconds=30.0
[run] vanilla
[done] vanilla steps=35 ms/step=868.32 L2=0.997676
[run] sinh
/root/miniconda3/envs/apolarity/lib/python3.11/site-packages/torch/nn/modules/module.py:1310: UserWarning: Complex modules are a new feature under active development whose design may change, and some modules might not work as expected when using complex tensors as parameters or buffers. Please file an issue at https://github.com/pytorch/pytorch/issues/new?template=bug-report.yml if a complex module does not work as expected.
  warnings.warn(
[done] sinh steps=37 ms/step=840.31 L2=0.180611
[ok] wrote experiments/results/poly_shared_weight_cartesian/o6/grid30/point_176_history.json  (2 traces)

[ok] wrote experiments/results/poly_shared_weight_cartesian/o6/grid30/point_176
[start] point_177 weights=(1.0, 3.0, 0.3) seconds=30
device=cuda order=6 methods=('vanilla', 'sinh') bc_weights=1,3,0.3 seconds=30.0
[run] vanilla
[done] vanilla steps=35 ms/step=877.78 L2=0.997683
[run] sinh
/root/miniconda3/envs/apolarity/lib/python3.11/site-packages/torch/nn/modules/module.py:1310: UserWarning: Complex modules are a new feature under active development whose design may change, and some modules might not work as expected when using complex tensors as parameters or buffers. Please file an issue at https://github.com/pytorch/pytorch/issues/new?template=bug-report.yml if a complex module does not work as expected.
  warnings.warn(
[done] sinh steps=37 ms/step=842.53 L2=0.17466
[ok] wrote experiments/results/poly_shared_weight_cartesian/o6/grid30/point_177_history.json  (2 traces)

[ok] wrote experiments/results/poly_shared_weight_cartesian/o6/grid30/point_177
[start] point_178 weights=(1.0, 3.0, 1.0) seconds=30
device=cuda order=6 methods=('vanilla', 'sinh') bc_weights=1,3,1 seconds=30.0
[run] vanilla
[done] vanilla steps=35 ms/step=868.99 L2=0.997677
[run] sinh
/root/miniconda3/envs/apolarity/lib/python3.11/site-packages/torch/nn/modules/module.py:1310: UserWarning: Complex modules are a new feature under active development whose design may change, and some modules might not work as expected when using complex tensors as parameters or buffers. Please file an issue at https://github.com/pytorch/pytorch/issues/new?template=bug-report.yml if a complex module does not work as expected.
  warnings.warn(
[done] sinh steps=37 ms/step=839.95 L2=0.163766
[ok] wrote experiments/results/poly_shared_weight_cartesian/o6/grid30/point_178_history.json  (2 traces)

[ok] wrote experiments/results/poly_shared_weight_cartesian/o6/grid30/point_178
[start] point_179 weights=(1.0, 3.0, 3.0) seconds=30
device=cuda order=6 methods=('vanilla', 'sinh') bc_weights=1,3,3 seconds=30.0
[run] vanilla
[done] vanilla steps=35 ms/step=868.72 L2=0.99768
[run] sinh
/root/miniconda3/envs/apolarity/lib/python3.11/site-packages/torch/nn/modules/module.py:1310: UserWarning: Complex modules are a new feature under active development whose design may change, and some modules might not work as expected when using complex tensors as parameters or buffers. Please file an issue at https://github.com/pytorch/pytorch/issues/new?template=bug-report.yml if a complex module does not work as expected.
  warnings.warn(
[done] sinh steps=37 ms/step=840.21 L2=0.153579
[ok] wrote experiments/results/poly_shared_weight_cartesian/o6/grid30/point_179_history.json  (2 traces)

[ok] wrote experiments/results/poly_shared_weight_cartesian/o6/grid30/point_179
[start] point_180 weights=(3.0, 0.01, 0.01) seconds=30
device=cuda order=6 methods=('vanilla', 'sinh') bc_weights=3,0.01,0.01 seconds=30.0
[run] vanilla
[done] vanilla steps=34 ms/step=884.63 L2=0.999152
[run] sinh
/root/miniconda3/envs/apolarity/lib/python3.11/site-packages/torch/nn/modules/module.py:1310: UserWarning: Complex modules are a new feature under active development whose design may change, and some modules might not work as expected when using complex tensors as parameters or buffers. Please file an issue at https://github.com/pytorch/pytorch/issues/new?template=bug-report.yml if a complex module does not work as expected.
  warnings.warn(
[done] sinh steps=37 ms/step=842.57 L2=0.0526781
[ok] wrote experiments/results/poly_shared_weight_cartesian/o6/grid30/point_180_history.json  (2 traces)

[ok] wrote experiments/results/poly_shared_weight_cartesian/o6/grid30/point_180
[start] point_181 weights=(3.0, 0.01, 0.03) seconds=30
device=cuda order=6 methods=('vanilla', 'sinh') bc_weights=3,0.01,0.03 seconds=30.0
[run] vanilla
[done] vanilla steps=35 ms/step=871.20 L2=0.999145
[run] sinh
/root/miniconda3/envs/apolarity/lib/python3.11/site-packages/torch/nn/modules/module.py:1310: UserWarning: Complex modules are a new feature under active development whose design may change, and some modules might not work as expected when using complex tensors as parameters or buffers. Please file an issue at https://github.com/pytorch/pytorch/issues/new?template=bug-report.yml if a complex module does not work as expected.
  warnings.warn(
[done] sinh steps=37 ms/step=840.21 L2=0.0511042
[ok] wrote experiments/results/poly_shared_weight_cartesian/o6/grid30/point_181_history.json  (2 traces)

[ok] wrote experiments/results/poly_shared_weight_cartesian/o6/grid30/point_181
[start] point_182 weights=(3.0, 0.01, 0.1) seconds=30
device=cuda order=6 methods=('vanilla', 'sinh') bc_weights=3,0.01,0.1 seconds=30.0
[run] vanilla
[done] vanilla steps=35 ms/step=868.27 L2=0.999145
[run] sinh
/root/miniconda3/envs/apolarity/lib/python3.11/site-packages/torch/nn/modules/module.py:1310: UserWarning: Complex modules are a new feature under active development whose design may change, and some modules might not work as expected when using complex tensors as parameters or buffers. Please file an issue at https://github.com/pytorch/pytorch/issues/new?template=bug-report.yml if a complex module does not work as expected.
  warnings.warn(
[done] sinh steps=37 ms/step=840.07 L2=0.0502096
[ok] wrote experiments/results/poly_shared_weight_cartesian/o6/grid30/point_182_history.json  (2 traces)

[ok] wrote experiments/results/poly_shared_weight_cartesian/o6/grid30/point_182
[start] point_183 weights=(3.0, 0.01, 0.3) seconds=30
device=cuda order=6 methods=('vanilla', 'sinh') bc_weights=3,0.01,0.3 seconds=30.0
[run] vanilla
[done] vanilla steps=35 ms/step=873.51 L2=0.999146
[run] sinh
/root/miniconda3/envs/apolarity/lib/python3.11/site-packages/torch/nn/modules/module.py:1310: UserWarning: Complex modules are a new feature under active development whose design may change, and some modules might not work as expected when using complex tensors as parameters or buffers. Please file an issue at https://github.com/pytorch/pytorch/issues/new?template=bug-report.yml if a complex module does not work as expected.
  warnings.warn(
[done] sinh steps=37 ms/step=840.65 L2=0.0626243
[ok] wrote experiments/results/poly_shared_weight_cartesian/o6/grid30/point_183_history.json  (2 traces)

[ok] wrote experiments/results/poly_shared_weight_cartesian/o6/grid30/point_183
[start] point_184 weights=(3.0, 0.01, 1.0) seconds=30
device=cuda order=6 methods=('vanilla', 'sinh') bc_weights=3,0.01,1 seconds=30.0
[run] vanilla
[done] vanilla steps=35 ms/step=864.85 L2=0.999145
[run] sinh
/root/miniconda3/envs/apolarity/lib/python3.11/site-packages/torch/nn/modules/module.py:1310: UserWarning: Complex modules are a new feature under active development whose design may change, and some modules might not work as expected when using complex tensors as parameters or buffers. Please file an issue at https://github.com/pytorch/pytorch/issues/new?template=bug-report.yml if a complex module does not work as expected.
  warnings.warn(
[done] sinh steps=37 ms/step=840.23 L2=0.0987126
[ok] wrote experiments/results/poly_shared_weight_cartesian/o6/grid30/point_184_history.json  (2 traces)

[ok] wrote experiments/results/poly_shared_weight_cartesian/o6/grid30/point_184
[start] point_185 weights=(3.0, 0.01, 3.0) seconds=30
device=cuda order=6 methods=('vanilla', 'sinh') bc_weights=3,0.01,3 seconds=30.0
[run] vanilla
[done] vanilla steps=35 ms/step=864.95 L2=0.999145
[run] sinh
/root/miniconda3/envs/apolarity/lib/python3.11/site-packages/torch/nn/modules/module.py:1310: UserWarning: Complex modules are a new feature under active development whose design may change, and some modules might not work as expected when using complex tensors as parameters or buffers. Please file an issue at https://github.com/pytorch/pytorch/issues/new?template=bug-report.yml if a complex module does not work as expected.
  warnings.warn(
[done] sinh steps=37 ms/step=839.82 L2=0.108286
[ok] wrote experiments/results/poly_shared_weight_cartesian/o6/grid30/point_185_history.json  (2 traces)

[ok] wrote experiments/results/poly_shared_weight_cartesian/o6/grid30/point_185
[start] point_186 weights=(3.0, 0.03, 0.01) seconds=30
device=cuda order=6 methods=('vanilla', 'sinh') bc_weights=3,0.03,0.01 seconds=30.0
[run] vanilla
[done] vanilla steps=35 ms/step=869.05 L2=0.999145
[run] sinh
/root/miniconda3/envs/apolarity/lib/python3.11/site-packages/torch/nn/modules/module.py:1310: UserWarning: Complex modules are a new feature under active development whose design may change, and some modules might not work as expected when using complex tensors as parameters or buffers. Please file an issue at https://github.com/pytorch/pytorch/issues/new?template=bug-report.yml if a complex module does not work as expected.
  warnings.warn(
[done] sinh steps=37 ms/step=840.27 L2=0.0519086
[ok] wrote experiments/results/poly_shared_weight_cartesian/o6/grid30/point_186_history.json  (2 traces)

[ok] wrote experiments/results/poly_shared_weight_cartesian/o6/grid30/point_186
[start] point_187 weights=(3.0, 0.03, 0.03) seconds=30
device=cuda order=6 methods=('vanilla', 'sinh') bc_weights=3,0.03,0.03 seconds=30.0
[run] vanilla
[done] vanilla steps=35 ms/step=868.03 L2=0.999145
[run] sinh
/root/miniconda3/envs/apolarity/lib/python3.11/site-packages/torch/nn/modules/module.py:1310: UserWarning: Complex modules are a new feature under active development whose design may change, and some modules might not work as expected when using complex tensors as parameters or buffers. Please file an issue at https://github.com/pytorch/pytorch/issues/new?template=bug-report.yml if a complex module does not work as expected.
  warnings.warn(
[done] sinh steps=37 ms/step=841.24 L2=0.0512351
[ok] wrote experiments/results/poly_shared_weight_cartesian/o6/grid30/point_187_history.json  (2 traces)

[ok] wrote experiments/results/poly_shared_weight_cartesian/o6/grid30/point_187
[start] point_188 weights=(3.0, 0.03, 0.1) seconds=30
device=cuda order=6 methods=('vanilla', 'sinh') bc_weights=3,0.03,0.1 seconds=30.0
[run] vanilla
[done] vanilla steps=35 ms/step=879.47 L2=0.999147
[run] sinh
/root/miniconda3/envs/apolarity/lib/python3.11/site-packages/torch/nn/modules/module.py:1310: UserWarning: Complex modules are a new feature under active development whose design may change, and some modules might not work as expected when using complex tensors as parameters or buffers. Please file an issue at https://github.com/pytorch/pytorch/issues/new?template=bug-report.yml if a complex module does not work as expected.
  warnings.warn(
[done] sinh steps=37 ms/step=840.75 L2=0.0514456
[ok] wrote experiments/results/poly_shared_weight_cartesian/o6/grid30/point_188_history.json  (2 traces)

[ok] wrote experiments/results/poly_shared_weight_cartesian/o6/grid30/point_188
[start] point_189 weights=(3.0, 0.03, 0.3) seconds=30
device=cuda order=6 methods=('vanilla', 'sinh') bc_weights=3,0.03,0.3 seconds=30.0
[run] vanilla
[done] vanilla steps=35 ms/step=869.44 L2=0.999145
[run] sinh
/root/miniconda3/envs/apolarity/lib/python3.11/site-packages/torch/nn/modules/module.py:1310: UserWarning: Complex modules are a new feature under active development whose design may change, and some modules might not work as expected when using complex tensors as parameters or buffers. Please file an issue at https://github.com/pytorch/pytorch/issues/new?template=bug-report.yml if a complex module does not work as expected.
  warnings.warn(
[done] sinh steps=37 ms/step=840.67 L2=0.0651438
[ok] wrote experiments/results/poly_shared_weight_cartesian/o6/grid30/point_189_history.json  (2 traces)

[ok] wrote experiments/results/poly_shared_weight_cartesian/o6/grid30/point_189
[start] point_190 weights=(3.0, 0.03, 1.0) seconds=30
device=cuda order=6 methods=('vanilla', 'sinh') bc_weights=3,0.03,1 seconds=30.0
[run] vanilla
[done] vanilla steps=35 ms/step=877.10 L2=0.999147
[run] sinh
/root/miniconda3/envs/apolarity/lib/python3.11/site-packages/torch/nn/modules/module.py:1310: UserWarning: Complex modules are a new feature under active development whose design may change, and some modules might not work as expected when using complex tensors as parameters or buffers. Please file an issue at https://github.com/pytorch/pytorch/issues/new?template=bug-report.yml if a complex module does not work as expected.
  warnings.warn(
[done] sinh steps=37 ms/step=841.13 L2=0.100295
[ok] wrote experiments/results/poly_shared_weight_cartesian/o6/grid30/point_190_history.json  (2 traces)

[ok] wrote experiments/results/poly_shared_weight_cartesian/o6/grid30/point_190
[start] point_191 weights=(3.0, 0.03, 3.0) seconds=30
device=cuda order=6 methods=('vanilla', 'sinh') bc_weights=3,0.03,3 seconds=30.0
[run] vanilla
[done] vanilla steps=35 ms/step=879.13 L2=0.999147
[run] sinh
/root/miniconda3/envs/apolarity/lib/python3.11/site-packages/torch/nn/modules/module.py:1310: UserWarning: Complex modules are a new feature under active development whose design may change, and some modules might not work as expected when using complex tensors as parameters or buffers. Please file an issue at https://github.com/pytorch/pytorch/issues/new?template=bug-report.yml if a complex module does not work as expected.
  warnings.warn(
[done] sinh steps=37 ms/step=841.10 L2=0.109163
[ok] wrote experiments/results/poly_shared_weight_cartesian/o6/grid30/point_191_history.json  (2 traces)

[ok] wrote experiments/results/poly_shared_weight_cartesian/o6/grid30/point_191
[start] point_192 weights=(3.0, 0.1, 0.01) seconds=30
device=cuda order=6 methods=('vanilla', 'sinh') bc_weights=3,0.1,0.01 seconds=30.0
[run] vanilla
[done] vanilla steps=35 ms/step=863.58 L2=0.999145
[run] sinh
/root/miniconda3/envs/apolarity/lib/python3.11/site-packages/torch/nn/modules/module.py:1310: UserWarning: Complex modules are a new feature under active development whose design may change, and some modules might not work as expected when using complex tensors as parameters or buffers. Please file an issue at https://github.com/pytorch/pytorch/issues/new?template=bug-report.yml if a complex module does not work as expected.
  warnings.warn(
[done] sinh steps=37 ms/step=840.11 L2=0.0533683
[ok] wrote experiments/results/poly_shared_weight_cartesian/o6/grid30/point_192_history.json  (2 traces)

[ok] wrote experiments/results/poly_shared_weight_cartesian/o6/grid30/point_192
[start] point_193 weights=(3.0, 0.1, 0.03) seconds=30
device=cuda order=6 methods=('vanilla', 'sinh') bc_weights=3,0.1,0.03 seconds=30.0
[run] vanilla
[done] vanilla steps=35 ms/step=876.08 L2=0.999146
[run] sinh
/root/miniconda3/envs/apolarity/lib/python3.11/site-packages/torch/nn/modules/module.py:1310: UserWarning: Complex modules are a new feature under active development whose design may change, and some modules might not work as expected when using complex tensors as parameters or buffers. Please file an issue at https://github.com/pytorch/pytorch/issues/new?template=bug-report.yml if a complex module does not work as expected.
  warnings.warn(
[done] sinh steps=37 ms/step=840.56 L2=0.0539051
[ok] wrote experiments/results/poly_shared_weight_cartesian/o6/grid30/point_193_history.json  (2 traces)

[ok] wrote experiments/results/poly_shared_weight_cartesian/o6/grid30/point_193
[start] point_194 weights=(3.0, 0.1, 0.1) seconds=30
device=cuda order=6 methods=('vanilla', 'sinh') bc_weights=3,0.1,0.1 seconds=30.0
[run] vanilla
[done] vanilla steps=35 ms/step=866.15 L2=0.999145
[run] sinh
/root/miniconda3/envs/apolarity/lib/python3.11/site-packages/torch/nn/modules/module.py:1310: UserWarning: Complex modules are a new feature under active development whose design may change, and some modules might not work as expected when using complex tensors as parameters or buffers. Please file an issue at https://github.com/pytorch/pytorch/issues/new?template=bug-report.yml if a complex module does not work as expected.
  warnings.warn(
[done] sinh steps=37 ms/step=839.84 L2=0.0574244
[ok] wrote experiments/results/poly_shared_weight_cartesian/o6/grid30/point_194_history.json  (2 traces)

[ok] wrote experiments/results/poly_shared_weight_cartesian/o6/grid30/point_194
[start] point_195 weights=(3.0, 0.1, 0.3) seconds=30
device=cuda order=6 methods=('vanilla', 'sinh') bc_weights=3,0.1,0.3 seconds=30.0
[run] vanilla
[done] vanilla steps=35 ms/step=870.07 L2=0.999146
[run] sinh
/root/miniconda3/envs/apolarity/lib/python3.11/site-packages/torch/nn/modules/module.py:1310: UserWarning: Complex modules are a new feature under active development whose design may change, and some modules might not work as expected when using complex tensors as parameters or buffers. Please file an issue at https://github.com/pytorch/pytorch/issues/new?template=bug-report.yml if a complex module does not work as expected.
  warnings.warn(
[done] sinh steps=37 ms/step=840.22 L2=0.0738568
[ok] wrote experiments/results/poly_shared_weight_cartesian/o6/grid30/point_195_history.json  (2 traces)

[ok] wrote experiments/results/poly_shared_weight_cartesian/o6/grid30/point_195
[start] point_196 weights=(3.0, 0.1, 1.0) seconds=30
device=cuda order=6 methods=('vanilla', 'sinh') bc_weights=3,0.1,1 seconds=30.0
[run] vanilla
[done] vanilla steps=35 ms/step=877.42 L2=0.999147
[run] sinh
/root/miniconda3/envs/apolarity/lib/python3.11/site-packages/torch/nn/modules/module.py:1310: UserWarning: Complex modules are a new feature under active development whose design may change, and some modules might not work as expected when using complex tensors as parameters or buffers. Please file an issue at https://github.com/pytorch/pytorch/issues/new?template=bug-report.yml if a complex module does not work as expected.
  warnings.warn(
[done] sinh steps=37 ms/step=840.51 L2=0.106105
[ok] wrote experiments/results/poly_shared_weight_cartesian/o6/grid30/point_196_history.json  (2 traces)

[ok] wrote experiments/results/poly_shared_weight_cartesian/o6/grid30/point_196
[start] point_197 weights=(3.0, 0.1, 3.0) seconds=30
device=cuda order=6 methods=('vanilla', 'sinh') bc_weights=3,0.1,3 seconds=30.0
[run] vanilla
[done] vanilla steps=35 ms/step=880.41 L2=0.999148
[run] sinh
/root/miniconda3/envs/apolarity/lib/python3.11/site-packages/torch/nn/modules/module.py:1310: UserWarning: Complex modules are a new feature under active development whose design may change, and some modules might not work as expected when using complex tensors as parameters or buffers. Please file an issue at https://github.com/pytorch/pytorch/issues/new?template=bug-report.yml if a complex module does not work as expected.
  warnings.warn(
[done] sinh steps=37 ms/step=841.11 L2=0.11221
[ok] wrote experiments/results/poly_shared_weight_cartesian/o6/grid30/point_197_history.json  (2 traces)

[ok] wrote experiments/results/poly_shared_weight_cartesian/o6/grid30/point_197
[start] point_198 weights=(3.0, 0.3, 0.01) seconds=30
device=cuda order=6 methods=('vanilla', 'sinh') bc_weights=3,0.3,0.01 seconds=30.0
[run] vanilla
[done] vanilla steps=35 ms/step=874.45 L2=0.999148
[run] sinh
/root/miniconda3/envs/apolarity/lib/python3.11/site-packages/torch/nn/modules/module.py:1310: UserWarning: Complex modules are a new feature under active development whose design may change, and some modules might not work as expected when using complex tensors as parameters or buffers. Please file an issue at https://github.com/pytorch/pytorch/issues/new?template=bug-report.yml if a complex module does not work as expected.
  warnings.warn(
[done] sinh steps=37 ms/step=840.56 L2=0.0722542
[ok] wrote experiments/results/poly_shared_weight_cartesian/o6/grid30/point_198_history.json  (2 traces)

[ok] wrote experiments/results/poly_shared_weight_cartesian/o6/grid30/point_198
[start] point_199 weights=(3.0, 0.3, 0.03) seconds=30
device=cuda order=6 methods=('vanilla', 'sinh') bc_weights=3,0.3,0.03 seconds=30.0
[run] vanilla
[done] vanilla steps=35 ms/step=876.00 L2=0.999148
[run] sinh
/root/miniconda3/envs/apolarity/lib/python3.11/site-packages/torch/nn/modules/module.py:1310: UserWarning: Complex modules are a new feature under active development whose design may change, and some modules might not work as expected when using complex tensors as parameters or buffers. Please file an issue at https://github.com/pytorch/pytorch/issues/new?template=bug-report.yml if a complex module does not work as expected.
  warnings.warn(
[done] sinh steps=37 ms/step=840.92 L2=0.0741057
[ok] wrote experiments/results/poly_shared_weight_cartesian/o6/grid30/point_199_history.json  (2 traces)

[ok] wrote experiments/results/poly_shared_weight_cartesian/o6/grid30/point_199
[start] point_200 weights=(3.0, 0.3, 0.1) seconds=30
device=cuda order=6 methods=('vanilla', 'sinh') bc_weights=3,0.3,0.1 seconds=30.0
[run] vanilla
[done] vanilla steps=35 ms/step=877.70 L2=0.999148
[run] sinh
/root/miniconda3/envs/apolarity/lib/python3.11/site-packages/torch/nn/modules/module.py:1310: UserWarning: Complex modules are a new feature under active development whose design may change, and some modules might not work as expected when using complex tensors as parameters or buffers. Please file an issue at https://github.com/pytorch/pytorch/issues/new?template=bug-report.yml if a complex module does not work as expected.
  warnings.warn(
[done] sinh steps=37 ms/step=841.03 L2=0.0807037
[ok] wrote experiments/results/poly_shared_weight_cartesian/o6/grid30/point_200_history.json  (2 traces)

[ok] wrote experiments/results/poly_shared_weight_cartesian/o6/grid30/point_200
[start] point_201 weights=(3.0, 0.3, 0.3) seconds=30
device=cuda order=6 methods=('vanilla', 'sinh') bc_weights=3,0.3,0.3 seconds=30.0
[run] vanilla
[done] vanilla steps=35 ms/step=874.37 L2=0.999147
[run] sinh
/root/miniconda3/envs/apolarity/lib/python3.11/site-packages/torch/nn/modules/module.py:1310: UserWarning: Complex modules are a new feature under active development whose design may change, and some modules might not work as expected when using complex tensors as parameters or buffers. Please file an issue at https://github.com/pytorch/pytorch/issues/new?template=bug-report.yml if a complex module does not work as expected.
  warnings.warn(
[done] sinh steps=37 ms/step=840.57 L2=0.0973618
[ok] wrote experiments/results/poly_shared_weight_cartesian/o6/grid30/point_201_history.json  (2 traces)

[ok] wrote experiments/results/poly_shared_weight_cartesian/o6/grid30/point_201
[start] point_202 weights=(3.0, 0.3, 1.0) seconds=30
device=cuda order=6 methods=('vanilla', 'sinh') bc_weights=3,0.3,1 seconds=30.0
[run] vanilla
[done] vanilla steps=35 ms/step=877.61 L2=0.999148
[run] sinh
/root/miniconda3/envs/apolarity/lib/python3.11/site-packages/torch/nn/modules/module.py:1310: UserWarning: Complex modules are a new feature under active development whose design may change, and some modules might not work as expected when using complex tensors as parameters or buffers. Please file an issue at https://github.com/pytorch/pytorch/issues/new?template=bug-report.yml if a complex module does not work as expected.
  warnings.warn(
[done] sinh steps=37 ms/step=840.68 L2=0.120642
[ok] wrote experiments/results/poly_shared_weight_cartesian/o6/grid30/point_202_history.json  (2 traces)

[ok] wrote experiments/results/poly_shared_weight_cartesian/o6/grid30/point_202
[start] point_203 weights=(3.0, 0.3, 3.0) seconds=30
device=cuda order=6 methods=('vanilla', 'sinh') bc_weights=3,0.3,3 seconds=30.0
[run] vanilla
[done] vanilla steps=35 ms/step=868.20 L2=0.999147
[run] sinh
/root/miniconda3/envs/apolarity/lib/python3.11/site-packages/torch/nn/modules/module.py:1310: UserWarning: Complex modules are a new feature under active development whose design may change, and some modules might not work as expected when using complex tensors as parameters or buffers. Please file an issue at https://github.com/pytorch/pytorch/issues/new?template=bug-report.yml if a complex module does not work as expected.
  warnings.warn(
[done] sinh steps=37 ms/step=840.15 L2=0.120096
[ok] wrote experiments/results/poly_shared_weight_cartesian/o6/grid30/point_203_history.json  (2 traces)

[ok] wrote experiments/results/poly_shared_weight_cartesian/o6/grid30/point_203
[start] point_204 weights=(3.0, 1.0, 0.01) seconds=30
device=cuda order=6 methods=('vanilla', 'sinh') bc_weights=3,1,0.01 seconds=30.0
[run] vanilla
[done] vanilla steps=35 ms/step=877.48 L2=0.999152
[run] sinh
/root/miniconda3/envs/apolarity/lib/python3.11/site-packages/torch/nn/modules/module.py:1310: UserWarning: Complex modules are a new feature under active development whose design may change, and some modules might not work as expected when using complex tensors as parameters or buffers. Please file an issue at https://github.com/pytorch/pytorch/issues/new?template=bug-report.yml if a complex module does not work as expected.
  warnings.warn(
[done] sinh steps=37 ms/step=841.00 L2=0.132431
[ok] wrote experiments/results/poly_shared_weight_cartesian/o6/grid30/point_204_history.json  (2 traces)

[ok] wrote experiments/results/poly_shared_weight_cartesian/o6/grid30/point_204
[start] point_205 weights=(3.0, 1.0, 0.03) seconds=30
device=cuda order=6 methods=('vanilla', 'sinh') bc_weights=3,1,0.03 seconds=30.0
[run] vanilla
[done] vanilla steps=35 ms/step=870.28 L2=0.999151
[run] sinh
/root/miniconda3/envs/apolarity/lib/python3.11/site-packages/torch/nn/modules/module.py:1310: UserWarning: Complex modules are a new feature under active development whose design may change, and some modules might not work as expected when using complex tensors as parameters or buffers. Please file an issue at https://github.com/pytorch/pytorch/issues/new?template=bug-report.yml if a complex module does not work as expected.
  warnings.warn(
[done] sinh steps=37 ms/step=840.33 L2=0.133463
[ok] wrote experiments/results/poly_shared_weight_cartesian/o6/grid30/point_205_history.json  (2 traces)

[ok] wrote experiments/results/poly_shared_weight_cartesian/o6/grid30/point_205
[start] point_206 weights=(3.0, 1.0, 0.1) seconds=30
device=cuda order=6 methods=('vanilla', 'sinh') bc_weights=3,1,0.1 seconds=30.0
[run] vanilla
[done] vanilla steps=35 ms/step=880.04 L2=0.999153
[run] sinh
/root/miniconda3/envs/apolarity/lib/python3.11/site-packages/torch/nn/modules/module.py:1310: UserWarning: Complex modules are a new feature under active development whose design may change, and some modules might not work as expected when using complex tensors as parameters or buffers. Please file an issue at https://github.com/pytorch/pytorch/issues/new?template=bug-report.yml if a complex module does not work as expected.
  warnings.warn(
[done] sinh steps=37 ms/step=841.08 L2=0.136888
[ok] wrote experiments/results/poly_shared_weight_cartesian/o6/grid30/point_206_history.json  (2 traces)

[ok] wrote experiments/results/poly_shared_weight_cartesian/o6/grid30/point_206
[start] point_207 weights=(3.0, 1.0, 0.3) seconds=30
device=cuda order=6 methods=('vanilla', 'sinh') bc_weights=3,1,0.3 seconds=30.0
[run] vanilla
[done] vanilla steps=35 ms/step=869.92 L2=0.999151
[run] sinh
/root/miniconda3/envs/apolarity/lib/python3.11/site-packages/torch/nn/modules/module.py:1310: UserWarning: Complex modules are a new feature under active development whose design may change, and some modules might not work as expected when using complex tensors as parameters or buffers. Please file an issue at https://github.com/pytorch/pytorch/issues/new?template=bug-report.yml if a complex module does not work as expected.
  warnings.warn(
[done] sinh steps=37 ms/step=840.24 L2=0.142572
[ok] wrote experiments/results/poly_shared_weight_cartesian/o6/grid30/point_207_history.json  (2 traces)

[ok] wrote experiments/results/poly_shared_weight_cartesian/o6/grid30/point_207
[start] point_208 weights=(3.0, 1.0, 1.0) seconds=30
device=cuda order=6 methods=('vanilla', 'sinh') bc_weights=3,1,1 seconds=30.0
[run] vanilla
[done] vanilla steps=35 ms/step=869.60 L2=0.999151
[run] sinh
/root/miniconda3/envs/apolarity/lib/python3.11/site-packages/torch/nn/modules/module.py:1310: UserWarning: Complex modules are a new feature under active development whose design may change, and some modules might not work as expected when using complex tensors as parameters or buffers. Please file an issue at https://github.com/pytorch/pytorch/issues/new?template=bug-report.yml if a complex module does not work as expected.
  warnings.warn(
[done] sinh steps=37 ms/step=840.25 L2=0.144491
[ok] wrote experiments/results/poly_shared_weight_cartesian/o6/grid30/point_208_history.json  (2 traces)

[ok] wrote experiments/results/poly_shared_weight_cartesian/o6/grid30/point_208
[start] point_209 weights=(3.0, 1.0, 3.0) seconds=30
device=cuda order=6 methods=('vanilla', 'sinh') bc_weights=3,1,3 seconds=30.0
[run] vanilla
[done] vanilla steps=35 ms/step=869.66 L2=0.999152
[run] sinh
/root/miniconda3/envs/apolarity/lib/python3.11/site-packages/torch/nn/modules/module.py:1310: UserWarning: Complex modules are a new feature under active development whose design may change, and some modules might not work as expected when using complex tensors as parameters or buffers. Please file an issue at https://github.com/pytorch/pytorch/issues/new?template=bug-report.yml if a complex module does not work as expected.
  warnings.warn(
[done] sinh steps=37 ms/step=840.27 L2=0.133483
[ok] wrote experiments/results/poly_shared_weight_cartesian/o6/grid30/point_209_history.json  (2 traces)

[ok] wrote experiments/results/poly_shared_weight_cartesian/o6/grid30/point_209
[start] point_210 weights=(3.0, 3.0, 0.01) seconds=30
device=cuda order=6 methods=('vanilla', 'sinh') bc_weights=3,3,0.01 seconds=30.0
[run] vanilla
[done] vanilla steps=35 ms/step=872.12 L2=0.999163
[run] sinh
/root/miniconda3/envs/apolarity/lib/python3.11/site-packages/torch/nn/modules/module.py:1310: UserWarning: Complex modules are a new feature under active development whose design may change, and some modules might not work as expected when using complex tensors as parameters or buffers. Please file an issue at https://github.com/pytorch/pytorch/issues/new?template=bug-report.yml if a complex module does not work as expected.
  warnings.warn(
[done] sinh steps=37 ms/step=842.22 L2=0.134875
[ok] wrote experiments/results/poly_shared_weight_cartesian/o6/grid30/point_210_history.json  (2 traces)

[ok] wrote experiments/results/poly_shared_weight_cartesian/o6/grid30/point_210
[start] point_211 weights=(3.0, 3.0, 0.03) seconds=30
device=cuda order=6 methods=('vanilla', 'sinh') bc_weights=3,3,0.03 seconds=30.0
[run] vanilla
[done] vanilla steps=35 ms/step=877.36 L2=0.999163
[run] sinh
/root/miniconda3/envs/apolarity/lib/python3.11/site-packages/torch/nn/modules/module.py:1310: UserWarning: Complex modules are a new feature under active development whose design may change, and some modules might not work as expected when using complex tensors as parameters or buffers. Please file an issue at https://github.com/pytorch/pytorch/issues/new?template=bug-report.yml if a complex module does not work as expected.
  warnings.warn(
[done] sinh steps=37 ms/step=840.97 L2=0.134592
[ok] wrote experiments/results/poly_shared_weight_cartesian/o6/grid30/point_211_history.json  (2 traces)

[ok] wrote experiments/results/poly_shared_weight_cartesian/o6/grid30/point_211
[start] point_212 weights=(3.0, 3.0, 0.1) seconds=30
device=cuda order=6 methods=('vanilla', 'sinh') bc_weights=3,3,0.1 seconds=30.0
[run] vanilla
[done] vanilla steps=35 ms/step=869.89 L2=0.999162
[run] sinh
/root/miniconda3/envs/apolarity/lib/python3.11/site-packages/torch/nn/modules/module.py:1310: UserWarning: Complex modules are a new feature under active development whose design may change, and some modules might not work as expected when using complex tensors as parameters or buffers. Please file an issue at https://github.com/pytorch/pytorch/issues/new?template=bug-report.yml if a complex module does not work as expected.
  warnings.warn(
[done] sinh steps=37 ms/step=840.21 L2=0.133486
[ok] wrote experiments/results/poly_shared_weight_cartesian/o6/grid30/point_212_history.json  (2 traces)

[ok] wrote experiments/results/poly_shared_weight_cartesian/o6/grid30/point_212
[start] point_213 weights=(3.0, 3.0, 0.3) seconds=30
device=cuda order=6 methods=('vanilla', 'sinh') bc_weights=3,3,0.3 seconds=30.0
[run] vanilla
[done] vanilla steps=35 ms/step=878.56 L2=0.999164
[run] sinh
/root/miniconda3/envs/apolarity/lib/python3.11/site-packages/torch/nn/modules/module.py:1310: UserWarning: Complex modules are a new feature under active development whose design may change, and some modules might not work as expected when using complex tensors as parameters or buffers. Please file an issue at https://github.com/pytorch/pytorch/issues/new?template=bug-report.yml if a complex module does not work as expected.
  warnings.warn(
[done] sinh steps=37 ms/step=841.12 L2=0.131256
[ok] wrote experiments/results/poly_shared_weight_cartesian/o6/grid30/point_213_history.json  (2 traces)

[ok] wrote experiments/results/poly_shared_weight_cartesian/o6/grid30/point_213
[start] point_214 weights=(3.0, 3.0, 1.0) seconds=30
device=cuda order=6 methods=('vanilla', 'sinh') bc_weights=3,3,1 seconds=30.0
[run] vanilla
[done] vanilla steps=35 ms/step=877.59 L2=0.999164
[run] sinh
/root/miniconda3/envs/apolarity/lib/python3.11/site-packages/torch/nn/modules/module.py:1310: UserWarning: Complex modules are a new feature under active development whose design may change, and some modules might not work as expected when using complex tensors as parameters or buffers. Please file an issue at https://github.com/pytorch/pytorch/issues/new?template=bug-report.yml if a complex module does not work as expected.
  warnings.warn(
[done] sinh steps=37 ms/step=840.86 L2=0.125079
[ok] wrote experiments/results/poly_shared_weight_cartesian/o6/grid30/point_214_history.json  (2 traces)

[ok] wrote experiments/results/poly_shared_weight_cartesian/o6/grid30/point_214
[start] point_215 weights=(3.0, 3.0, 3.0) seconds=30
device=cuda order=6 methods=('vanilla', 'sinh') bc_weights=3,3,3 seconds=30.0
[run] vanilla
[done] vanilla steps=35 ms/step=877.80 L2=0.999164
[run] sinh
/root/miniconda3/envs/apolarity/lib/python3.11/site-packages/torch/nn/modules/module.py:1310: UserWarning: Complex modules are a new feature under active development whose design may change, and some modules might not work as expected when using complex tensors as parameters or buffers. Please file an issue at https://github.com/pytorch/pytorch/issues/new?template=bug-report.yml if a complex module does not work as expected.
  warnings.warn(
[done] sinh steps=37 ms/step=841.00 L2=0.125997
[ok] wrote experiments/results/poly_shared_weight_cartesian/o6/grid30/point_215_history.json  (2 traces)

[ok] wrote experiments/results/poly_shared_weight_cartesian/o6/grid30/point_215
[start] rank_01 weights=(3.0, 0.01, 0.1) seconds=90
device=cuda order=6 methods=('vanilla', 'sinh') bc_weights=3,0.01,0.1 seconds=90.0
[run] vanilla
[done] vanilla steps=104 ms/step=867.94 L2=0.998842
[run] sinh
/root/miniconda3/envs/apolarity/lib/python3.11/site-packages/torch/nn/modules/module.py:1310: UserWarning: Complex modules are a new feature under active development whose design may change, and some modules might not work as expected when using complex tensors as parameters or buffers. Please file an issue at https://github.com/pytorch/pytorch/issues/new?template=bug-report.yml if a complex module does not work as expected.
  warnings.warn(
[done] sinh steps=109 ms/step=831.17 L2=0.0899471
[ok] wrote experiments/results/poly_shared_weight_cartesian/o6/confirm90/rank_01_history.json  (2 traces)

[ok] wrote experiments/results/poly_shared_weight_cartesian/o6/confirm90/rank_01
[start] rank_02 weights=(3.0, 0.01, 0.03) seconds=90
device=cuda order=6 methods=('vanilla', 'sinh') bc_weights=3,0.01,0.03 seconds=90.0
[run] vanilla
[done] vanilla steps=102 ms/step=884.43 L2=0.998848
[run] sinh
/root/miniconda3/envs/apolarity/lib/python3.11/site-packages/torch/nn/modules/module.py:1310: UserWarning: Complex modules are a new feature under active development whose design may change, and some modules might not work as expected when using complex tensors as parameters or buffers. Please file an issue at https://github.com/pytorch/pytorch/issues/new?template=bug-report.yml if a complex module does not work as expected.
  warnings.warn(
[done] sinh steps=109 ms/step=832.93 L2=0.0791533
[ok] wrote experiments/results/poly_shared_weight_cartesian/o6/confirm90/rank_02_history.json  (2 traces)

[ok] wrote experiments/results/poly_shared_weight_cartesian/o6/confirm90/rank_02
[start] rank_03 weights=(3.0, 0.03, 0.03) seconds=90
device=cuda order=6 methods=('vanilla', 'sinh') bc_weights=3,0.03,0.03 seconds=90.0
[run] vanilla
[done] vanilla steps=103 ms/step=877.52 L2=0.998846
[run] sinh
/root/miniconda3/envs/apolarity/lib/python3.11/site-packages/torch/nn/modules/module.py:1310: UserWarning: Complex modules are a new feature under active development whose design may change, and some modules might not work as expected when using complex tensors as parameters or buffers. Please file an issue at https://github.com/pytorch/pytorch/issues/new?template=bug-report.yml if a complex module does not work as expected.
  warnings.warn(
[done] sinh steps=109 ms/step=833.14 L2=0.0852939
[ok] wrote experiments/results/poly_shared_weight_cartesian/o6/confirm90/rank_03_history.json  (2 traces)

[ok] wrote experiments/results/poly_shared_weight_cartesian/o6/confirm90/rank_03
[start] rank_04 weights=(3.0, 0.03, 0.1) seconds=90
device=cuda order=6 methods=('vanilla', 'sinh') bc_weights=3,0.03,0.1 seconds=90.0
[run] vanilla
[done] vanilla steps=103 ms/step=874.98 L2=0.998845
[run] sinh
/root/miniconda3/envs/apolarity/lib/python3.11/site-packages/torch/nn/modules/module.py:1310: UserWarning: Complex modules are a new feature under active development whose design may change, and some modules might not work as expected when using complex tensors as parameters or buffers. Please file an issue at https://github.com/pytorch/pytorch/issues/new?template=bug-report.yml if a complex module does not work as expected.
  warnings.warn(
[done] sinh steps=109 ms/step=832.39 L2=0.093937
[ok] wrote experiments/results/poly_shared_weight_cartesian/o6/confirm90/rank_04_history.json  (2 traces)

[ok] wrote experiments/results/poly_shared_weight_cartesian/o6/confirm90/rank_04
[start] rank_05 weights=(3.0, 0.03, 0.01) seconds=90
device=cuda order=6 methods=('vanilla', 'sinh') bc_weights=3,0.03,0.01 seconds=90.0
[run] vanilla
[done] vanilla steps=104 ms/step=869.35 L2=0.998842
[run] sinh
/root/miniconda3/envs/apolarity/lib/python3.11/site-packages/torch/nn/modules/module.py:1310: UserWarning: Complex modules are a new feature under active development whose design may change, and some modules might not work as expected when using complex tensors as parameters or buffers. Please file an issue at https://github.com/pytorch/pytorch/issues/new?template=bug-report.yml if a complex module does not work as expected.
  warnings.warn(
[done] sinh steps=109 ms/step=831.73 L2=0.0804785
[ok] wrote experiments/results/poly_shared_weight_cartesian/o6/confirm90/rank_05_history.json  (2 traces)

[ok] wrote experiments/results/poly_shared_weight_cartesian/o6/confirm90/rank_05
