L_BC,L_IC,L_PDE,elapsed_seconds,loss,method,method_label,rel_error,seed,step,task_id
0.08760176599025726,0.13886696100234985,0.0024949884973466396,0.0,2.2671823501586914,war,"WAR (complex64, sinh)",1.3738802671432495,0,0,zk_2d_o3
0.0025487393140792847,0.0045809196308255196,0.0023620296269655228,20.022583,0.07365861535072327,war,"WAR (complex64, sinh)",0.7866655588150024,0,760,zk_2d_o3
0.000576798222027719,0.001688607269898057,0.0022015669383108616,40.009463,0.02485562115907669,war,"WAR (complex64, sinh)",0.7405885457992554,0,1539,zk_2d_o3
0.00012762998812831938,0.00019963397062383592,0.00189013103954494,60.024813,0.005162770859897137,war,"WAR (complex64, sinh)",0.7072641849517822,0,2342,zk_2d_o3
2.3028549549053423e-05,2.9205366445239633e-05,0.0017996358219534159,80.022857,0.0023219750728458166,war,"WAR (complex64, sinh)",0.6728633642196655,0,3141,zk_2d_o3
1.4415258192457259e-05,3.118317908956669e-05,0.0016483590006828308,100.023961,0.002104343380779028,war,"WAR (complex64, sinh)",0.65004563331604,0,3921,zk_2d_o3
7.627538434462622e-05,0.0001237157848663628,0.0014735291479155421,120.006712,0.003473440883681178,war,"WAR (complex64, sinh)",0.6110922694206238,0,4684,zk_2d_o3
2.5279459805460647e-05,6.103686610003933e-05,0.0013359172735363245,140.016692,0.002199080539867282,war,"WAR (complex64, sinh)",0.5587449669837952,0,5447,zk_2d_o3
5.217516081756912e-05,7.468531839549541e-05,0.0008962638676166534,160.005229,0.002164868637919426,war,"WAR (complex64, sinh)",0.47266554832458496,0,6246,zk_2d_o3
1.0507900697120931e-05,5.812389645143412e-06,0.0007511918665841222,180.009864,0.0009143947972916067,war,"WAR (complex64, sinh)",0.4230981171131134,0,7051,zk_2d_o3
8.499190880684182e-05,0.0001626501907594502,0.00022715776867698878,200.021289,0.0027035786770284176,war,"WAR (complex64, sinh)",0.2367987185716629,0,7853,zk_2d_o3
0.0003002734447363764,0.00021692426525987685,0.00010469296103110537,220.003504,0.0052766697481274605,war,"WAR (complex64, sinh)",0.17418326437473297,0,8656,zk_2d_o3
3.6992034438299015e-05,4.182856355328113e-05,6.41491569695063e-05,240.012485,0.000852355151437223,war,"WAR (complex64, sinh)",0.15515422821044922,0,9460,zk_2d_o3
0.0005790554569102824,0.0007160631939768791,0.0001486738328821957,260.023418,0.013099860399961472,war,"WAR (complex64, sinh)",0.2531995177268982,0,10260,zk_2d_o3
5.619289731839672e-05,5.331700958777219e-05,5.964980664430186e-05,280.018565,0.0011547488393262029,war,"WAR (complex64, sinh)",0.16300001740455627,0,11062,zk_2d_o3
0.0001455745514249429,0.00011895735224243253,6.733061309205368e-05,300.013495,0.0027126497589051723,war,"WAR (complex64, sinh)",0.17766907811164856,0,11864,zk_2d_o3
4.170249667367898e-05,2.9614193408633582e-05,4.58962022094056e-05,320.013961,0.0007590630557388067,war,"WAR (complex64, sinh)",0.1576225757598877,0,12666,zk_2d_o3
1.749082002788782e-05,3.1504983780905604e-05,2.7646201488096267e-05,340.004813,0.0005176042323000729,war,"WAR (complex64, sinh)",0.13423404097557068,0,13470,zk_2d_o3
1.8882959921029396e-05,2.956442767754197e-05,4.7113175241975114e-05,360.0057,0.0005315870512276888,war,"WAR (complex64, sinh)",0.16382795572280884,0,14275,zk_2d_o3
3.421819565119222e-05,5.8782563428394496e-05,2.873982157325372e-05,380.013578,0.0009587474050931633,war,"WAR (complex64, sinh)",0.12523695826530457,0,15073,zk_2d_o3
2.528017466829624e-05,1.9945924577768892e-05,1.927580524352379e-05,400.023654,0.0004715367977041751,war,"WAR (complex64, sinh)",0.1037152111530304,0,15871,zk_2d_o3
2.1695534542232053e-06,3.99201235268265e-06,1.7408183339284733e-05,420.019219,7.902384095359594e-05,war,"WAR (complex64, sinh)",0.09708936512470245,0,16638,zk_2d_o3
9.96187372948043e-05,0.0001083215611288324,2.103198494296521e-05,440.011472,0.0021004348527640104,war,"WAR (complex64, sinh)",0.09973268955945969,0,17396,zk_2d_o3
1.0917678082478233e-05,1.8381131667410955e-05,1.6085614333860576e-05,460.00396,0.00030907371547073126,war,"WAR (complex64, sinh)",0.08964040875434875,0,18177,zk_2d_o3
6.649548140558181e-06,1.2679535757342819e-05,1.44804807860055e-05,480.002159,0.0002077713143080473,war,"WAR (complex64, sinh)",0.0868866816163063,0,18979,zk_2d_o3
2.676343501661904e-05,3.80148776457645e-05,1.035649074765388e-05,500.001794,0.0006581395864486694,war,"WAR (complex64, sinh)",0.08558885008096695,0,19778,zk_2d_o3
1.0442702205182286e-06,1.5290934243239462e-06,9.50721550907474e-06,520.00356,3.524085332173854e-05,war,"WAR (complex64, sinh)",0.0625319555401802,0,20580,zk_2d_o3
9.573402167006861e-06,9.63440106716007e-06,1.039341623254586e-05,540.012515,0.00020247144857421517,war,"WAR (complex64, sinh)",0.07778675854206085,0,21382,zk_2d_o3
1.453758613934042e-06,2.1777809706691187e-06,8.421519851253834e-06,560.019893,4.473691660678014e-05,war,"WAR (complex64, sinh)",0.0636436715722084,0,22180,zk_2d_o3
1.943911001944798e-06,1.4482492360912147e-06,7.152481884986628e-06,580.020635,4.107408312847838e-05,war,"WAR (complex64, sinh)",0.05632359907031059,0,22982,zk_2d_o3
1.8142472981708124e-06,2.452663920848863e-06,6.168517757032532e-06,600.006142,4.8837628128239885e-05,war,"WAR (complex64, sinh)",0.0511353462934494,0,23783,zk_2d_o3
1.0117262718267739e-05,7.695369276916608e-06,7.99338158685714e-06,620.017053,0.000186119694262743,war,"WAR (complex64, sinh)",0.06074158102273941,0,24581,zk_2d_o3
7.230771075228404e-07,6.199318249855423e-07,5.236308879830176e-06,640.01867,1.866639831860084e-05,war,"WAR (complex64, sinh)",0.047412749379873276,0,25375,zk_2d_o3
5.367520770960255e-06,8.388189598917961e-06,5.817409146402497e-06,660.015343,0.00014337452012114227,war,"WAR (complex64, sinh)",0.05041885748505592,0,26177,zk_2d_o3
1.8947166608995758e-05,2.13692710531177e-05,4.007534244010458e-06,680.019108,0.00040717190131545067,war,"WAR (complex64, sinh)",0.036939170211553574,0,26976,zk_2d_o3
3.643057880253764e-06,3.1216750357998535e-06,4.958110366715118e-06,700.014155,7.26054422557354e-05,war,"WAR (complex64, sinh)",0.04551780968904495,0,27777,zk_2d_o3
1.0998778634530026e-05,1.1241318134125322e-05,9.271083399653435e-06,720.024481,0.00023167204926721752,war,"WAR (complex64, sinh)",0.06493064761161804,0,28580,zk_2d_o3
1.0240203209832544e-06,1.4594286312785698e-06,3.065645387323457e-06,740.01103,2.7900134227820672e-05,war,"WAR (complex64, sinh)",0.03162181004881859,0,29380,zk_2d_o3
9.487129318586085e-06,9.328456144430675e-06,2.528164714021841e-06,760.001195,0.00019068401888944209,war,"WAR (complex64, sinh)",0.030108418315649033,0,30181,zk_2d_o3
7.402768915198976e-06,8.933927347243298e-06,3.2906004889809992e-06,780.003863,0.00016665755538269877,war,"WAR (complex64, sinh)",0.03510041907429695,0,30984,zk_2d_o3
1.7539308601044468e-06,1.973953658307437e-06,2.5624003683333285e-06,800.021637,3.984124487033114e-05,war,"WAR (complex64, sinh)",0.027640532702207565,0,31785,zk_2d_o3
4.621128937287722e-06,3.8408661566791125e-06,2.819483142957324e-06,820.002602,8.743943180888891e-05,war,"WAR (complex64, sinh)",0.02895934320986271,0,32585,zk_2d_o3
3.979428981892852e-07,6.897899993418832e-07,2.421550561848562e-06,840.024446,1.3298878911882639e-05,war,"WAR (complex64, sinh)",0.024244854226708412,0,33386,zk_2d_o3
1.292188585466647e-06,1.8715224996412871e-06,1.854685820035229e-06,860.017456,3.349179678480141e-05,war,"WAR (complex64, sinh)",0.02403254806995392,0,34184,zk_2d_o3
7.030573101474147e-07,8.334432664014457e-07,2.2689425804856e-06,880.00098,1.763394902809523e-05,war,"WAR (complex64, sinh)",0.027780750766396523,0,34986,zk_2d_o3
1.950735253331004e-07,3.1440191605724976e-07,1.9581107153499033e-06,900.002486,7.052864930301439e-06,war,"WAR (complex64, sinh)",0.02124834805727005,0,35787,zk_2d_o3
4.6595360458923096e-07,7.445589744747849e-07,1.6245662664005067e-06,920.004273,1.3729692000197247e-05,war,"WAR (complex64, sinh)",0.020468490198254585,0,36586,zk_2d_o3
4.3616887523967307e-07,6.640976835114998e-07,1.4590582395612728e-06,940.018194,1.2461723599699326e-05,war,"WAR (complex64, sinh)",0.019137343391776085,0,37368,zk_2d_o3
1.3362961226448533e-07,2.228053403996455e-07,1.6687696415829123e-06,960.008901,5.2331188271637075e-06,war,"WAR (complex64, sinh)",0.018856670707464218,0,38131,zk_2d_o3
1.8855294570130354e-07,2.739062665568781e-07,1.4251439779400243e-06,980.001849,6.049735929991584e-06,war,"WAR (complex64, sinh)",0.018211860209703445,0,38891,zk_2d_o3
2.2310851477413962e-07,3.308868201656878e-07,1.4945771908969618e-06,1000.014874,7.0345304266083986e-06,war,"WAR (complex64, sinh)",0.01748456433415413,0,39670,zk_2d_o3
1.067489847628167e-06,1.4791303328820504e-06,1.2897544365841895e-06,1020.01499,2.675595533219166e-05,war,"WAR (complex64, sinh)",0.018469013273715973,0,40470,zk_2d_o3
2.3252697189946048e-07,3.827595662642125e-07,1.1922509202122455e-06,1040.013157,7.345116500800941e-06,war,"WAR (complex64, sinh)",0.01571764051914215,0,41268,zk_2d_o3
3.1343745376943843e-07,3.3417200029361993e-07,1.2228580317241722e-06,1060.011448,7.698952686041594e-06,war,"WAR (complex64, sinh)",0.015771767124533653,0,42047,zk_2d_o3
1.5841850427023019e-06,1.1242709661019035e-06,1.3132028016116237e-06,1080.01154,2.8397762434906326e-05,war,"WAR (complex64, sinh)",0.015545868314802647,0,42835,zk_2d_o3
2.1497585578345024e-07,3.0946046081226086e-07,1.0599782171993866e-06,1100.022136,6.3043412410479505e-06,war,"WAR (complex64, sinh)",0.01567971706390381,0,43635,zk_2d_o3
4.827663246942393e-07,2.841629793692846e-07,1.1734981626432273e-06,1120.011153,8.842791430652142e-06,war,"WAR (complex64, sinh)",0.014483853243291378,0,44436,zk_2d_o3
2.0776742815087346e-07,2.0148678459008806e-07,1.023494860419305e-06,1140.012667,5.116036845720373e-06,war,"WAR (complex64, sinh)",0.014408672228455544,0,45237,zk_2d_o3
1.0255100590939037e-07,1.6449851614197541e-07,1.0646065220498713e-06,1160.01462,3.735101699930965e-06,war,"WAR (complex64, sinh)",0.014367480762302876,0,46036,zk_2d_o3
1.596670017534052e-06,2.056557377727586e-06,9.584513236404746e-07,1180.016052,3.749072493519634e-05,war,"WAR (complex64, sinh)",0.014625758863985538,0,46837,zk_2d_o3
1.5771789207974507e-07,1.6395411250869074e-07,9.97007646219572e-07,1200.002288,4.213727606838802e-06,war,"WAR (complex64, sinh)",0.01405627466738224,0,47637,zk_2d_o3
0.05284520611166954,0.11980558186769485,0.002486802637577057,0.0,1.7289947271347046,real_tanh_autodiff,"Real AD (float32, tanh)",1.249793291091919,0,0,zk_2d_o3
0.0017686932114884257,0.001228479202836752,0.01284740585833788,20.02335,0.042819127440452576,real_tanh_autodiff,"Real AD (float32, tanh)",0.9190222024917603,0,756,zk_2d_o3
0.0013680318370461464,0.0008520330302417278,0.008304575458168983,40.017246,0.03050522319972515,real_tanh_autodiff,"Real AD (float32, tanh)",0.858386754989624,0,1587,zk_2d_o3
0.0007453496218658984,0.00033282418735325336,0.006361125502735376,60.013956,0.01714286394417286,real_tanh_autodiff,"Real AD (float32, tanh)",0.8359624147415161,0,2419,zk_2d_o3
0.0006536410073749721,0.00026449240976944566,0.004022827837616205,80.017311,0.013204162009060383,real_tanh_autodiff,"Real AD (float32, tanh)",0.7863780856132507,0,3251,zk_2d_o3
0.00035675056278705597,0.0003498569712974131,0.002666715532541275,100.012049,0.009732790291309357,real_tanh_autodiff,"Real AD (float32, tanh)",0.7158568501472473,0,4078,zk_2d_o3
0.0001968281139852479,0.00012080938904546201,0.0016212689224630594,120.004736,0.004797643981873989,real_tanh_autodiff,"Real AD (float32, tanh)",0.604117751121521,0,4908,zk_2d_o3
0.00013850294635631144,9.565180516801775e-05,0.001053343527019024,140.010866,0.0033948910422623158,real_tanh_autodiff,"Real AD (float32, tanh)",0.5315165519714355,0,5740,zk_2d_o3
8.651034295326099e-05,5.8575842558639124e-05,0.0006595349404960871,160.007408,0.002110396744683385,real_tanh_autodiff,"Real AD (float32, tanh)",0.44690462946891785,0,6574,zk_2d_o3
8.073035132838413e-05,4.147129220655188e-05,0.0004947449779137969,180.015374,0.0017167613841593266,real_tanh_autodiff,"Real AD (float32, tanh)",0.3541080057621002,0,7407,zk_2d_o3
4.375323260319419e-05,6.470923835877329e-05,0.0003322968550492078,200.018438,0.0014169214991852641,real_tanh_autodiff,"Real AD (float32, tanh)",0.296318382024765,0,8237,zk_2d_o3
0.00013672432396560907,8.583404996898025e-05,0.0002398329379502684,220.008541,0.0024654166772961617,real_tanh_autodiff,"Real AD (float32, tanh)",0.23973491787910461,0,9069,zk_2d_o3
8.34966340335086e-05,8.81456580827944e-05,0.0001808976667234674,240.015326,0.0018973206169903278,real_tanh_autodiff,"Real AD (float32, tanh)",0.210982084274292,0,9901,zk_2d_o3
0.00021176548034418374,0.00013401461183093488,0.00015598037862218916,260.023887,0.0036137811839580536,real_tanh_autodiff,"Real AD (float32, tanh)",0.20024681091308594,0,10731,zk_2d_o3
2.4767421564320102e-05,1.6211004549404606e-05,0.00012268262798897922,280.020985,0.0005324669182300568,real_tanh_autodiff,"Real AD (float32, tanh)",0.16606606543064117,0,11560,zk_2d_o3
1.3597017641586717e-05,1.722551678540185e-05,0.00010234065121039748,300.013821,0.00041056599002331495,real_tanh_autodiff,"Real AD (float32, tanh)",0.15229791402816772,0,12350,zk_2d_o3
1.6326235709129833e-05,8.774448360782117e-06,9.333062916994095e-05,320.010953,0.0003443374880589545,real_tanh_autodiff,"Real AD (float32, tanh)",0.14136837422847748,0,13168,zk_2d_o3
3.575934215405141e-06,3.0614860406785738e-06,9.252759627997875e-05,340.01593,0.00015890179201960564,real_tanh_autodiff,"Real AD (float32, tanh)",0.13455279171466827,0,13995,zk_2d_o3
5.6528642744524404e-05,3.406233372515999e-05,7.85907031968236e-05,360.009567,0.0009845005115494132,real_tanh_autodiff,"Real AD (float32, tanh)",0.12053266912698746,0,14823,zk_2d_o3
3.293347390354029e-06,2.997664523718413e-06,6.690180453006178e-05,380.021275,0.00012981193140149117,real_tanh_autodiff,"Real AD (float32, tanh)",0.1181647926568985,0,15653,zk_2d_o3
0.00013772313832305372,0.00010820136230904609,6.155695882625878e-05,400.01648,0.002520801965147257,real_tanh_autodiff,"Real AD (float32, tanh)",0.11214551329612732,0,16487,zk_2d_o3
1.3925870007369667e-05,1.4723566891916562e-05,5.791228613816202e-05,420.022201,0.0003444066387601197,real_tanh_autodiff,"Real AD (float32, tanh)",0.10110612213611603,0,17303,zk_2d_o3
6.261382168304408e-06,6.427359949157108e-06,5.1652466936502606e-05,440.023213,0.00017853989265859127,real_tanh_autodiff,"Real AD (float32, tanh)",0.09605091065168381,0,18063,zk_2d_o3
3.438439080127864e-06,3.0812350360065466e-06,4.8755180614534765e-05,460.004126,0.00011395191540941596,real_tanh_autodiff,"Real AD (float32, tanh)",0.0949028804898262,0,18894,zk_2d_o3
2.3327291273744777e-05,1.6102070730994456e-05,4.249719495419413e-05,480.001465,0.00043679081136360765,real_tanh_autodiff,"Real AD (float32, tanh)",0.08855514228343964,0,19723,zk_2d_o3
7.1195113378053065e-06,4.633488970284816e-06,3.8738078728783876e-05,500.000143,0.0001562680845381692,real_tanh_autodiff,"Real AD (float32, tanh)",0.08147705346345901,0,20550,zk_2d_o3
6.715339168295031e-06,3.8702492020092905e-06,3.816896060016006e-05,520.011384,0.00014402484521269798,real_tanh_autodiff,"Real AD (float32, tanh)",0.08083585649728775,0,21376,zk_2d_o3
0.00010890722478507087,8.227278885897249e-05,3.3780233934521675e-05,540.001108,0.00194558035582304,real_tanh_autodiff,"Real AD (float32, tanh)",0.08103706687688828,0,22206,zk_2d_o3
3.579749318305403e-06,2.256980224046856e-06,3.2169049518415704e-05,560.004345,9.053634130395949e-05,real_tanh_autodiff,"Real AD (float32, tanh)",0.06935584545135498,0,23042,zk_2d_o3
6.752875833626604e-06,4.559160515782423e-06,3.161703352816403e-05,580.01433,0.0001447373942937702,real_tanh_autodiff,"Real AD (float32, tanh)",0.06552059948444366,0,23845,zk_2d_o3
1.0541660913077067e-06,1.7812895976021537e-06,2.9228560379124247e-05,600.010746,5.758311817771755e-05,real_tanh_autodiff,"Real AD (float32, tanh)",0.06470363587141037,0,24642,zk_2d_o3
9.902188139676582e-06,1.0244345503451768e-05,2.6815077944775112e-05,620.01261,0.00022828041983302683,real_tanh_autodiff,"Real AD (float32, tanh)",0.05986176058650017,0,25474,zk_2d_o3
0.00012650925782509148,7.716222171438858e-05,2.43234790104907e-05,640.011839,0.00206103827804327,real_tanh_autodiff,"Real AD (float32, tanh)",0.07025952637195587,0,26309,zk_2d_o3
9.944253633875633e-07,1.4572794952982804e-06,2.2591502784052864e-05,660.005827,4.71085513709113e-05,real_tanh_autodiff,"Real AD (float32, tanh)",0.05298923701047897,0,27142,zk_2d_o3
0.0001606711302883923,0.0001238025724887848,2.3743508791085333e-05,680.01684,0.0028684805147349834,real_tanh_autodiff,"Real AD (float32, tanh)",0.07907401770353317,0,27976,zk_2d_o3
1.0752872867669794e-06,1.307253796767327e-06,2.239486639155075e-05,700.003176,4.622027699952014e-05,real_tanh_autodiff,"Real AD (float32, tanh)",0.04732893779873848,0,28796,zk_2d_o3
2.2258013814280275e-06,1.8458515569363954e-06,1.9926497770939022e-05,720.018766,6.06430257903412e-05,real_tanh_autodiff,"Real AD (float32, tanh)",0.048510774970054626,0,29629,zk_2d_o3
6.248646513995482e-06,2.6171769604843576e-06,1.7883017790154554e-05,740.003663,0.00010654125071596354,real_tanh_autodiff,"Real AD (float32, tanh)",0.043247923254966736,0,30461,zk_2d_o3
3.2748773719504243e-06,1.6292826785502257e-06,1.782156505214516e-05,760.012911,6.686316191917285e-05,real_tanh_autodiff,"Real AD (float32, tanh)",0.042428724467754364,0,31290,zk_2d_o3
7.652475687791593e-06,1.5188192264758982e-05,1.670158962951973e-05,780.00257,0.0002451082691550255,real_tanh_autodiff,"Real AD (float32, tanh)",0.04365593567490578,0,32122,zk_2d_o3
4.456652732187649e-06,2.46597437580931e-06,1.4566620848199818e-05,800.009191,8.379289647564292e-05,real_tanh_autodiff,"Real AD (float32, tanh)",0.03727998211979866,0,32951,zk_2d_o3
4.114207968086703e-06,2.0429592950677034e-06,1.658519613556564e-05,820.00222,7.81568669481203e-05,real_tanh_autodiff,"Real AD (float32, tanh)",0.037374164909124374,0,33776,zk_2d_o3
2.296561888215365e-06,2.0371753635117784e-06,1.4215334886102937e-05,840.000975,5.7552704674890265e-05,real_tanh_autodiff,"Real AD (float32, tanh)",0.03711748495697975,0,34604,zk_2d_o3
9.960589522961527e-06,1.632822386454791e-05,1.4477255717793014e-05,860.023693,0.00027736538322642446,real_tanh_autodiff,"Real AD (float32, tanh)",0.03632764145731926,0,35426,zk_2d_o3
3.14284443447832e-06,1.4694727497044369e-06,1.36390735860914e-05,880.012091,5.9762245655292645e-05,real_tanh_autodiff,"Real AD (float32, tanh)",0.03243198245763779,0,36232,zk_2d_o3
6.611976459680591e-06,2.5592953534214757e-06,1.1946716767852195e-05,900.00352,0.00010365943307988346,real_tanh_autodiff,"Real AD (float32, tanh)",0.03413299843668938,0,37047,zk_2d_o3
2.2896485916135134e-06,1.2679428209594334e-06,1.2234952009748667e-05,920.002257,4.781086681759916e-05,real_tanh_autodiff,"Real AD (float32, tanh)",0.03141859918832779,0,37880,zk_2d_o3
3.308128725620918e-06,2.4900548396544764e-06,1.1538758371898439e-05,940.020441,6.952059629838914e-05,real_tanh_autodiff,"Real AD (float32, tanh)",0.03127279505133629,0,38704,zk_2d_o3
1.294355456593621e-06,1.0087007922265911e-06,1.1662676115520298e-05,960.003252,3.469323928584345e-05,real_tanh_autodiff,"Real AD (float32, tanh)",0.030707035213708878,0,39536,zk_2d_o3
3.543983666531858e-06,2.577233772171894e-06,1.1526166417752393e-05,980.00245,7.273833762155846e-05,real_tanh_autodiff,"Real AD (float32, tanh)",0.03138964623212814,0,40367,zk_2d_o3
8.246112201959477e-07,1.4766849290026585e-06,9.710529411677271e-06,1000.014407,3.27234884025529e-05,real_tanh_autodiff,"Real AD (float32, tanh)",0.02952348068356514,0,41197,zk_2d_o3
1.7987584897127817e-06,1.7805575680540642e-06,1.0693596777855419e-05,1020.014354,4.64867553091608e-05,real_tanh_autodiff,"Real AD (float32, tanh)",0.02740854024887085,0,42029,zk_2d_o3
2.0439144918782404e-06,3.5273096727905795e-06,1.0043931979453191e-05,1040.022755,6.575617589987814e-05,real_tanh_autodiff,"Real AD (float32, tanh)",0.028027284890413284,0,42857,zk_2d_o3
1.5470683365492732e-06,9.225547046298743e-07,9.161018169834279e-06,1060.004213,3.385724994586781e-05,real_tanh_autodiff,"Real AD (float32, tanh)",0.02770024538040161,0,43682,zk_2d_o3
4.98908946156007e-07,3.1087574825505726e-07,9.30165515455883e-06,1080.005639,1.7399503121851012e-05,real_tanh_autodiff,"Real AD (float32, tanh)",0.026516325771808624,0,44511,zk_2d_o3
1.0871552831304143e-06,5.481725793288206e-07,8.447551408607978e-06,1100.003824,2.4800829123705626e-05,real_tanh_autodiff,"Real AD (float32, tanh)",0.027003278955817223,0,45340,zk_2d_o3
3.048840824249055e-07,2.2656362830275611e-07,8.173714377335273e-06,1120.010299,1.3488192053046077e-05,real_tanh_autodiff,"Real AD (float32, tanh)",0.0259172972291708,0,46131,zk_2d_o3
2.8476731017690327e-07,5.583873416981078e-07,8.61795706441626e-06,1140.022298,1.704950409475714e-05,real_tanh_autodiff,"Real AD (float32, tanh)",0.025804467499256134,0,46932,zk_2d_o3
1.3878741356165847e-06,1.4704137356602587e-06,8.693634299561381e-06,1160.023125,3.7276513467077166e-05,real_tanh_autodiff,"Real AD (float32, tanh)",0.025688190013170242,0,47764,zk_2d_o3
7.423911938531091e-07,8.432803042524029e-07,8.153048838721588e-06,1180.011505,2.4009763365029357e-05,real_tanh_autodiff,"Real AD (float32, tanh)",0.024804702028632164,0,48594,zk_2d_o3
4.04234100415124e-07,2.4454391223116545e-07,7.611708497279324e-06,1200.00674,1.4099488907959312e-05,real_tanh_autodiff,"Real AD (float32, tanh)",0.02460380271077156,0,49424,zk_2d_o3
0.0013323602033779025,0.11692868918180466,0.002658106852322817,0.0,1.185268521308899,war,"WAR (complex64, sinh)",1.076512336730957,1,0,zk_2d_o3
0.0005696014850400388,0.0011118450202047825,0.001258384669199586,20.000258,0.01807284913957119,war,"WAR (complex64, sinh)",0.5036755800247192,1,765,zk_2d_o3
7.901821663836017e-05,0.0001374833518639207,0.0008497390663251281,40.009016,0.003014754503965378,war,"WAR (complex64, sinh)",0.4386973977088928,1,1545,zk_2d_o3
0.0006801632698625326,0.00036903918953612447,0.0007373300613835454,60.000532,0.01122935488820076,war,"WAR (complex64, sinh)",0.3900597095489502,1,2308,zk_2d_o3
0.00013311963994055986,0.0001679271226748824,0.0005887543084099889,80.018251,0.0035992220509797335,war,"WAR (complex64, sinh)",0.36917784810066223,1,3107,zk_2d_o3
0.0002076076780213043,0.00016965894610621035,0.0005002289544790983,100.013271,0.004272894933819771,war,"WAR (complex64, sinh)",0.33842921257019043,1,3905,zk_2d_o3
0.00010132932948181406,0.00012319046072661877,0.0004318331484682858,120.004828,0.002677030861377716,war,"WAR (complex64, sinh)",0.29086142778396606,1,4698,zk_2d_o3
0.00018842674035113305,0.00018017269030679017,0.00036306283436715603,140.017234,0.004049057140946388,war,"WAR (complex64, sinh)",0.2627711594104767,1,5498,zk_2d_o3
7.076964539010078e-05,0.00013158151705283672,0.0003510083188302815,160.019702,0.0023745198268443346,war,"WAR (complex64, sinh)",0.25266385078430176,1,6298,zk_2d_o3
3.094329804298468e-05,2.7024903829442337e-05,0.00022036478912923485,180.020883,0.0008000467787496746,war,"WAR (complex64, sinh)",0.21480533480644226,1,7097,zk_2d_o3
4.459985575522296e-05,5.442865949589759e-05,0.00015925077605061233,200.016531,0.0011495358776301146,war,"WAR (complex64, sinh)",0.1970358043909073,1,7896,zk_2d_o3
0.0001448349648853764,0.00014128244947642088,0.00012285476259421557,220.011026,0.0029840287752449512,war,"WAR (complex64, sinh)",0.18537865579128265,1,8698,zk_2d_o3
0.0003394170489627868,0.0001849280670285225,0.00010916667815763503,240.024168,0.005352617707103491,war,"WAR (complex64, sinh)",0.17692172527313232,1,9497,zk_2d_o3
3.7291811167960986e-05,5.447803050628863e-05,0.00010052452853415161,260.014008,0.001018222887068987,war,"WAR (complex64, sinh)",0.15571166574954987,1,10295,zk_2d_o3
0.00011969875049544498,6.622688670177013e-05,8.613813406554982e-05,280.002162,0.0019453944405540824,war,"WAR (complex64, sinh)",0.14287827908992767,1,11095,zk_2d_o3
1.648479883442633e-05,2.81520260614343e-05,5.5548400268889964e-05,300.019817,0.0005019166273996234,war,"WAR (complex64, sinh)",0.12666532397270203,1,11894,zk_2d_o3
1.7493170162197202e-05,2.88551309495233e-05,4.335455014370382e-05,320.0041,0.0005068375612609088,war,"WAR (complex64, sinh)",0.11552944779396057,1,12679,zk_2d_o3
4.794039705302566e-05,4.6344459406100214e-05,3.652562008937821e-05,340.016559,0.0009793741628527641,war,"WAR (complex64, sinh)",0.11112798005342484,1,13440,zk_2d_o3
0.0002790087601169944,0.00011999712296528742,3.1944262445904315e-05,360.002021,0.004022003151476383,war,"WAR (complex64, sinh)",0.1055215373635292,1,14198,zk_2d_o3
6.469028448918834e-05,5.5502154282294214e-05,2.7944068278884515e-05,380.021878,0.0012298685032874346,war,"WAR (complex64, sinh)",0.10550122708082199,1,14961,zk_2d_o3
3.008056773978751e-05,4.166773214819841e-05,2.0270188542781398e-05,400.017885,0.0007377531728707254,war,"WAR (complex64, sinh)",0.09648171067237854,1,15726,zk_2d_o3
8.843465911922976e-05,5.112423241371289e-05,2.9547858503065072e-05,420.021793,0.001425136812031269,war,"WAR (complex64, sinh)",0.10793109238147736,1,16512,zk_2d_o3
1.5533422583757783e-06,1.6769402009231271e-06,2.3165166567196138e-05,440.020458,5.546798638533801e-05,war,"WAR (complex64, sinh)",0.09448639303445816,1,17313,zk_2d_o3
2.4216116798925214e-05,1.9333247109898366e-05,1.6865178622538224e-05,460.014706,0.00045235879952088,war,"WAR (complex64, sinh)",0.08540551364421844,1,18114,zk_2d_o3
2.778263706204598e-06,1.6373940070479875e-06,1.6996236809063703e-05,480.012262,6.115280848462135e-05,war,"WAR (complex64, sinh)",0.07963334769010544,1,18913,zk_2d_o3
9.41008352128847e-07,8.27785015644622e-07,1.2994857570447493e-05,500.019961,3.0682789656566456e-05,war,"WAR (complex64, sinh)",0.07453938573598862,1,19711,zk_2d_o3
1.0395167009846773e-05,9.819089427764993e-06,1.58880739036249e-05,520.001114,0.00021803064737468958,war,"WAR (complex64, sinh)",0.07435242831707001,1,20508,zk_2d_o3
2.9269902370288037e-05,2.54555961873848e-05,1.488322413933929e-05,540.024621,0.0005621382151730359,war,"WAR (complex64, sinh)",0.07399477809667587,1,21306,zk_2d_o3
9.7890315373661e-06,1.0868119716178626e-05,1.2592395250976551e-05,560.015328,0.0002191639068769291,war,"WAR (complex64, sinh)",0.06827369332313538,1,22105,zk_2d_o3
2.4998842491186224e-05,1.9601109670475125e-05,8.470078682876192e-06,580.024759,0.00045446958392858505,war,"WAR (complex64, sinh)",0.058241359889507294,1,22904,zk_2d_o3
5.8652472034737e-06,5.319558113114908e-06,7.404084499285091e-06,600.012253,0.00011925213766517118,war,"WAR (complex64, sinh)",0.053857624530792236,1,23701,zk_2d_o3
1.0854167157958727e-05,1.0902134818024933e-05,7.248133442772087e-06,620.019831,0.0002248111559310928,war,"WAR (complex64, sinh)",0.0511641763150692,1,24498,zk_2d_o3
1.5772646975165117e-06,1.4542665667249821e-06,7.289013410627376e-06,640.004611,3.7604324461426586e-05,war,"WAR (complex64, sinh)",0.050564128905534744,1,25296,zk_2d_o3
8.150215649038728e-07,1.1064123555115657e-06,6.1828959587728605e-06,660.022863,2.5397235731361434e-05,war,"WAR (complex64, sinh)",0.04504581168293953,1,26094,zk_2d_o3
9.675665069153183e-07,8.957794648267736e-07,5.535537638934329e-06,680.015677,2.4168995878426358e-05,war,"WAR (complex64, sinh)",0.044217344373464584,1,26879,zk_2d_o3
3.474560799077153e-06,1.2469772627810016e-06,5.2725508794537745e-06,700.011117,5.2487932407530025e-05,war,"WAR (complex64, sinh)",0.03694705292582512,1,27684,zk_2d_o3
2.6623005396686494e-05,3.369256592122838e-05,5.036252787249396e-06,720.015889,0.0006081919418647885,war,"WAR (complex64, sinh)",0.045606136322021484,1,28485,zk_2d_o3
5.410460289567709e-06,2.353961008338956e-06,5.3309368013287894e-06,740.00844,8.297515159938484e-05,war,"WAR (complex64, sinh)",0.03661295399069786,1,29287,zk_2d_o3
4.3750432610067946e-07,3.813550506492902e-07,4.1471166696283035e-06,760.015674,1.2335710380284581e-05,war,"WAR (complex64, sinh)",0.03531046211719513,1,30089,zk_2d_o3
5.3520325309364125e-06,4.517794877756387e-06,3.949351594201289e-06,780.006433,0.00010264762386213988,war,"WAR (complex64, sinh)",0.03427606448531151,1,30889,zk_2d_o3
1.0653205890776007e-06,1.0499927611817839e-06,3.878509232890792e-06,800.005324,2.5031642508110963e-05,war,"WAR (complex64, sinh)",0.030288221314549446,1,31690,zk_2d_o3
3.272359435868566e-06,3.319823917991016e-06,3.8253456295933574e-06,820.007431,6.974717689445242e-05,war,"WAR (complex64, sinh)",0.03127852454781532,1,32489,zk_2d_o3
2.5141284254459606e-07,2.728750700953242e-07,3.2588091016805265e-06,840.01483,8.50168817123631e-06,war,"WAR (complex64, sinh)",0.0281352661550045,1,33285,zk_2d_o3
2.389098654020927e-06,2.5363779059262015e-06,2.8731524253089447e-06,860.005971,5.212791802478023e-05,war,"WAR (complex64, sinh)",0.030416568741202354,1,34084,zk_2d_o3
1.944883024407318e-06,2.455131379974773e-06,2.907026328102802e-06,880.024001,4.6907174692023546e-05,war,"WAR (complex64, sinh)",0.025829024612903595,1,34885,zk_2d_o3
1.7710259498926462e-06,9.128066267294344e-07,2.6530042305239476e-06,900.015691,2.9491329769371077e-05,war,"WAR (complex64, sinh)",0.024693483486771584,1,35681,zk_2d_o3
8.84434484760277e-06,5.186127509659855e-06,2.555159653638839e-06,920.024255,0.00014285987708717585,war,"WAR (complex64, sinh)",0.03139904886484146,1,36481,zk_2d_o3
5.295449341247149e-07,4.3252734371890256e-07,2.2670549242320703e-06,940.019554,1.1887777873198502e-05,war,"WAR (complex64, sinh)",0.023785196244716644,1,37280,zk_2d_o3
3.2667742289049784e-07,2.853403771041485e-07,2.054460765066324e-06,960.006736,8.174638423952274e-06,war,"WAR (complex64, sinh)",0.023394320160150528,1,38076,zk_2d_o3
2.491222517164715e-07,1.892019412252921e-07,2.042027062998386e-06,980.011043,6.425269020837732e-06,war,"WAR (complex64, sinh)",0.02238013595342636,1,38875,zk_2d_o3
4.1653720472822897e-07,2.8644404892474995e-07,1.9049994079978205e-06,1000.008881,8.934812285588123e-06,war,"WAR (complex64, sinh)",0.0210080835968256,1,39673,zk_2d_o3
3.137421629162418e-07,7.165160695876693e-07,1.836428282331326e-06,1020.019927,1.2139011232648045e-05,war,"WAR (complex64, sinh)",0.020680328831076622,1,40473,zk_2d_o3
4.525888925854815e-07,7.294707984328852e-07,1.7913191641127924e-06,1040.007957,1.361191607429646e-05,war,"WAR (complex64, sinh)",0.0210072360932827,1,41271,zk_2d_o3
3.529363254983764e-07,3.463967459538253e-07,1.7245602066395804e-06,1060.011925,8.717890523257665e-06,war,"WAR (complex64, sinh)",0.0205620639026165,1,42066,zk_2d_o3
4.861967113356513e-07,4.560072568438045e-07,1.6968172076303745e-06,1080.001337,1.1118856491521001e-05,war,"WAR (complex64, sinh)",0.019414693117141724,1,42863,zk_2d_o3
1.4568082633559243e-06,1.3086671515338821e-06,1.6025830973376287e-06,1100.003591,2.9257338610477746e-05,war,"WAR (complex64, sinh)",0.01997373066842556,1,43660,zk_2d_o3
3.414897093989566e-07,4.0286897728947224e-07,1.4036279480933445e-06,1120.011086,8.847214303386863e-06,war,"WAR (complex64, sinh)",0.018694574013352394,1,44459,zk_2d_o3
2.838575881014549e-07,2.479395107002347e-07,1.4860524970572442e-06,1140.0164,6.804023541917559e-06,war,"WAR (complex64, sinh)",0.01780734397470951,1,45259,zk_2d_o3
8.180072086361179e-07,5.137403604749124e-07,1.3247238257463323e-06,1160.012707,1.4642198948422447e-05,war,"WAR (complex64, sinh)",0.01810881681740284,1,46060,zk_2d_o3
7.752969395369291e-07,8.477286428387742e-07,1.3349929304240504e-06,1180.003596,1.756524943630211e-05,war,"WAR (complex64, sinh)",0.017337245866656303,1,46858,zk_2d_o3
1.117697024710651e-06,1.111956407839898e-06,1.3204258948462666e-06,1200.019818,2.3616961698280647e-05,war,"WAR (complex64, sinh)",0.018029222264885902,1,47651,zk_2d_o3
0.06424420326948166,0.1589285433292389,0.0028728297911584377,0.0,2.234600305557251,real_tanh_autodiff,"Real AD (float32, tanh)",1.3602606058120728,1,0,zk_2d_o3
0.0021122335456311703,0.0014880354283377528,0.013528160750865936,20.01634,0.04953085258603096,real_tanh_autodiff,"Real AD (float32, tanh)",0.9180725812911987,1,796,zk_2d_o3
0.001173158991150558,0.0007147748838178813,0.008054694160819054,40.019748,0.026934033259749413,real_tanh_autodiff,"Real AD (float32, tanh)",0.8255365490913391,1,1624,zk_2d_o3
0.0007515204488299787,0.00042580210720188916,0.005139794200658798,60.020595,0.016913020983338356,real_tanh_autodiff,"Real AD (float32, tanh)",0.8231115937232971,1,2450,zk_2d_o3
0.0004531389568001032,0.0002815971674863249,0.0038114916533231735,80.019755,0.011158852837979794,real_tanh_autodiff,"Real AD (float32, tanh)",0.8534794449806213,1,3273,zk_2d_o3
0.0005159713909961283,0.00032490602461621165,0.0026834500022232533,100.017608,0.011092224158346653,real_tanh_autodiff,"Real AD (float32, tanh)",0.7652338743209839,1,4101,zk_2d_o3
0.00026057366630993783,0.0001860319753177464,0.0015937238931655884,120.004093,0.00605978025123477,real_tanh_autodiff,"Real AD (float32, tanh)",0.6503081917762756,1,4925,zk_2d_o3
7.576349162263796e-05,4.2096784454770386e-05,0.0009982550982385874,140.021094,0.0021768577862530947,real_tanh_autodiff,"Real AD (float32, tanh)",0.5042148232460022,1,5745,zk_2d_o3
5.585212420555763e-05,3.668615681817755e-05,0.0006095516728237271,160.016054,0.0015349345048889518,real_tanh_autodiff,"Real AD (float32, tanh)",0.3943101167678833,1,6566,zk_2d_o3
3.884073157678358e-05,1.63673103088513e-05,0.0003693547332659364,180.015313,0.0009214351302944124,real_tanh_autodiff,"Real AD (float32, tanh)",0.2980092465877533,1,7386,zk_2d_o3
3.434870814089663e-05,3.1722614949103445e-05,0.0002755429013632238,200.013946,0.0009362561395391822,real_tanh_autodiff,"Real AD (float32, tanh)",0.22630944848060608,1,8207,zk_2d_o3
0.00010210011532763019,7.1258436946664e-05,0.00021446161554194987,220.00508,0.001948047080077231,real_tanh_autodiff,"Real AD (float32, tanh)",0.2047206163406372,1,9033,zk_2d_o3
4.793491825694218e-05,3.634778840932995e-05,0.00016216692165471613,240.016458,0.0010049939155578613,real_tanh_autodiff,"Real AD (float32, tanh)",0.16557368636131287,1,9859,zk_2d_o3
6.98098010616377e-05,3.752577322302386e-05,0.0001353854895569384,260.001567,0.0012087412178516388,real_tanh_autodiff,"Real AD (float32, tanh)",0.14778704941272736,1,10682,zk_2d_o3
8.552678082196508e-06,3.1706415029475465e-05,0.00011927321611437947,280.000984,0.000521864159964025,real_tanh_autodiff,"Real AD (float32, tanh)",0.14641334116458893,1,11507,zk_2d_o3
0.0003344311553519219,0.00024428439792245626,0.00010310649668099359,300.011851,0.005890262313187122,real_tanh_autodiff,"Real AD (float32, tanh)",0.1454383283853531,1,12333,zk_2d_o3
5.140876965015195e-05,3.565462975529954e-05,9.020233119372278e-05,320.022849,0.0009608363034203649,real_tanh_autodiff,"Real AD (float32, tanh)",0.12348097562789917,1,13161,zk_2d_o3
8.664052438689396e-05,0.00010794308764161542,8.047318260651082e-05,340.007087,0.002026309259235859,real_tanh_autodiff,"Real AD (float32, tanh)",0.13909730315208435,1,13981,zk_2d_o3
5.894857531529851e-05,0.00014925085997674614,7.334290421567857e-05,360.016254,0.0021553372498601675,real_tanh_autodiff,"Real AD (float32, tanh)",0.1211538314819336,1,14799,zk_2d_o3
1.877469003375154e-05,1.6453759599244222e-05,6.467624916695058e-05,380.008852,0.0004169607418589294,real_tanh_autodiff,"Real AD (float32, tanh)",0.11375775188207626,1,15585,zk_2d_o3
1.073909970727982e-05,2.2449708922067657e-05,5.9272770158713683e-05,400.003953,0.000391160836443305,real_tanh_autodiff,"Real AD (float32, tanh)",0.10762197524309158,1,16332,zk_2d_o3
4.477078255149536e-05,2.5745463062776253e-05,5.465354479383677e-05,420.019854,0.0007598160300403833,real_tanh_autodiff,"Real AD (float32, tanh)",0.10685764253139496,1,17087,zk_2d_o3
0.00011610431101871654,0.00010742100130300969,4.850005643675104e-05,440.015674,0.00228375312872231,real_tanh_autodiff,"Real AD (float32, tanh)",0.1096935048699379,1,17903,zk_2d_o3
4.734654430649243e-05,5.004701961297542e-05,5.0152964831795543e-05,460.01299,0.0010240885894745588,real_tanh_autodiff,"Real AD (float32, tanh)",0.09893099963665009,1,18725,zk_2d_o3
2.4464200123475166e-06,2.1187747734074946e-06,4.068145790370181e-05,480.014324,8.633340621599928e-05,real_tanh_autodiff,"Real AD (float32, tanh)",0.09138786047697067,1,19550,zk_2d_o3
7.1151416705106385e-06,7.3041405812546145e-06,4.059618368046358e-05,500.009223,0.00018478900892660022,real_tanh_autodiff,"Real AD (float32, tanh)",0.0958644449710846,1,20357,zk_2d_o3
1.5555086065432988e-05,1.3784869224764407e-05,3.8091675378382206e-05,520.003109,0.00033149123191833496,real_tanh_autodiff,"Real AD (float32, tanh)",0.08507595211267471,1,21112,zk_2d_o3
3.917292269761674e-05,2.3647129637538455e-05,3.605005986173637e-05,540.024949,0.0006642505759373307,real_tanh_autodiff,"Real AD (float32, tanh)",0.08734515309333801,1,21863,zk_2d_o3
0.0003087662626057863,9.650126594351605e-05,4.872076169704087e-05,560.012174,0.004101396072655916,real_tanh_autodiff,"Real AD (float32, tanh)",0.09620409458875656,1,22631,zk_2d_o3
6.5769709181040525e-06,5.955925189482514e-06,3.12532065436244e-05,580.00631,0.00015658215852454305,real_tanh_autodiff,"Real AD (float32, tanh)",0.07846646010875702,1,23417,zk_2d_o3
2.477295993230655e-06,3.3216247175005265e-06,3.00414212688338e-05,600.009641,8.803063246887177e-05,real_tanh_autodiff,"Real AD (float32, tanh)",0.07358930259943008,1,24241,zk_2d_o3
1.5193390936474316e-06,8.57743088999996e-07,2.657349978107959e-05,620.012943,5.034432251704857e-05,real_tanh_autodiff,"Real AD (float32, tanh)",0.06933662295341492,1,25065,zk_2d_o3
2.1730568278144347e-06,3.713390469783917e-06,2.8302187274675816e-05,640.003187,8.716665615793318e-05,real_tanh_autodiff,"Real AD (float32, tanh)",0.06970345228910446,1,25821,zk_2d_o3
2.999189746333286e-06,3.624220880737994e-06,2.537102955102455e-05,660.011947,9.160513582173735e-05,real_tanh_autodiff,"Real AD (float32, tanh)",0.0634782612323761,1,26635,zk_2d_o3
9.62831691140309e-05,8.973664080258459e-05,2.5947076210286468e-05,680.000899,0.0018861452117562294,real_tanh_autodiff,"Real AD (float32, tanh)",0.06850612908601761,1,27447,zk_2d_o3
2.1520913833228406e-06,3.068197656830307e-06,2.2097672626841813e-05,700.023108,7.43005657568574e-05,real_tanh_autodiff,"Real AD (float32, tanh)",0.05836460739374161,1,28276,zk_2d_o3
3.78265076506068e-06,2.9124453249096405e-06,1.8226754036732018e-05,720.00057,8.517771493643522e-05,real_tanh_autodiff,"Real AD (float32, tanh)",0.05763997882604599,1,29107,zk_2d_o3
2.805962594720768e-06,1.2715277080133092e-06,2.0421026420081034e-05,740.012041,6.1195925809443e-05,real_tanh_autodiff,"Real AD (float32, tanh)",0.05433410406112671,1,29935,zk_2d_o3
3.409397095310851e-06,7.0812930061947554e-06,1.905010867631063e-05,760.01784,0.00012395701196510345,real_tanh_autodiff,"Real AD (float32, tanh)",0.053088925778865814,1,30761,zk_2d_o3
2.3422933281835867e-06,1.9459489521977957e-06,1.7391323126503266e-05,780.012063,6.027374547556974e-05,real_tanh_autodiff,"Real AD (float32, tanh)",0.05045540630817413,1,31588,zk_2d_o3
1.265671585315431e-06,1.7825877876020968e-06,1.839827928051818e-05,800.015339,4.8880872782319784e-05,real_tanh_autodiff,"Real AD (float32, tanh)",0.048312604427337646,1,32410,zk_2d_o3
2.1053954242233885e-06,4.426360192155698e-06,1.656769381952472e-05,820.000197,8.188524952856824e-05,real_tanh_autodiff,"Real AD (float32, tanh)",0.04799487069249153,1,33238,zk_2d_o3
1.4403309478439041e-06,7.397031822620193e-07,1.6076159226940945e-05,840.007111,3.787649984587915e-05,real_tanh_autodiff,"Real AD (float32, tanh)",0.04447796568274498,1,34066,zk_2d_o3
6.81952826653287e-07,2.0830013909289846e-06,1.3997560017742217e-05,860.021883,4.1647101170383394e-05,real_tanh_autodiff,"Real AD (float32, tanh)",0.043550677597522736,1,34884,zk_2d_o3
5.513383712241193e-06,5.041821168561e-06,1.361841623293003e-05,880.010629,0.00011917046504095197,real_tanh_autodiff,"Real AD (float32, tanh)",0.04339529201388359,1,35692,zk_2d_o3
7.641598358532065e-07,9.207610105477215e-07,1.6416604921687394e-05,900.021728,3.3265812817262486e-05,real_tanh_autodiff,"Real AD (float32, tanh)",0.0413842648267746,1,36465,zk_2d_o3
6.842540642537642e-06,3.6737278605869506e-06,1.267476545763202e-05,920.020323,0.00011783745139837265,real_tanh_autodiff,"Real AD (float32, tanh)",0.04067794233560562,1,37290,zk_2d_o3
3.663632469397271e-06,2.1549462871917058e-06,1.2180393241578713e-05,940.023864,7.036617898847908e-05,real_tanh_autodiff,"Real AD (float32, tanh)",0.03940065950155258,1,38119,zk_2d_o3
1.5825677337488742e-06,1.8693643824008177e-06,1.0125336302735377e-05,960.001876,4.4644657464232296e-05,real_tanh_autodiff,"Real AD (float32, tanh)",0.037889860570430756,1,38948,zk_2d_o3
1.1130383654744946e-06,7.997709303708689e-07,1.0528996426728554e-05,980.009459,2.9657088816748e-05,real_tanh_autodiff,"Real AD (float32, tanh)",0.037105876952409744,1,39746,zk_2d_o3
8.131722211146553e-07,8.312863428727724e-07,1.0608883712848183e-05,1000.01304,2.705346923903562e-05,real_tanh_autodiff,"Real AD (float32, tanh)",0.03623862564563751,1,40574,zk_2d_o3
1.5973445215422544e-06,1.6684969068592181e-06,1.0486295650480315e-05,1020.007755,4.314471152611077e-05,real_tanh_autodiff,"Real AD (float32, tanh)",0.03545461222529411,1,41403,zk_2d_o3
5.339434210327454e-07,4.3336976318641973e-07,9.963601769413799e-06,1040.023077,1.9636732758954167e-05,real_tanh_autodiff,"Real AD (float32, tanh)",0.03464341163635254,1,42232,zk_2d_o3
7.821250846973271e-07,1.2550624433060875e-06,9.081718417291995e-06,1060.000137,2.9453593015205115e-05,real_tanh_autodiff,"Real AD (float32, tanh)",0.033580657094717026,1,43062,zk_2d_o3
7.52990388264152e-07,5.08819141487038e-07,9.19459398573963e-06,1080.004282,2.1812687919009477e-05,real_tanh_autodiff,"Real AD (float32, tanh)",0.033177848905324936,1,43890,zk_2d_o3
9.556561053614132e-07,6.859237942080654e-07,8.133629307849333e-06,1100.005383,2.4549428417230956e-05,real_tanh_autodiff,"Real AD (float32, tanh)",0.03222230449318886,1,44717,zk_2d_o3
1.8387083855486708e-06,1.1643990092125023e-06,9.31637805479113e-06,1120.012618,3.934745109290816e-05,real_tanh_autodiff,"Real AD (float32, tanh)",0.03210843726992607,1,45543,zk_2d_o3
1.3649040511154453e-06,7.113271749403793e-07,7.964086762513034e-06,1140.009677,2.8726399250444956e-05,real_tanh_autodiff,"Real AD (float32, tanh)",0.0310054924339056,1,46370,zk_2d_o3
3.569005571080197e-07,3.908650683115411e-07,8.21797857497586e-06,1160.005951,1.5695633919676766e-05,real_tanh_autodiff,"Real AD (float32, tanh)",0.030969208106398582,1,47199,zk_2d_o3
2.3029615192626807e-07,2.5067535602829594e-07,8.36571507534245e-06,1180.011368,1.3175430467526894e-05,real_tanh_autodiff,"Real AD (float32, tanh)",0.03011593036353588,1,48027,zk_2d_o3
2.242561549792299e-07,1.9944266682614398e-07,7.738150088698603e-06,1200.006553,1.1975138477282599e-05,real_tanh_autodiff,"Real AD (float32, tanh)",0.029930967837572098,1,48808,zk_2d_o3
0.07590260356664658,0.1397227942943573,0.0024864203296601772,0.0,2.158740520477295,war,"WAR (complex64, sinh)",1.3253854513168335,2,0,zk_2d_o3
0.008463604375720024,0.007516731973737478,0.002016723621636629,20.014232,0.16182008385658264,war,"WAR (complex64, sinh)",0.6525876522064209,2,782,zk_2d_o3
0.00035314643173478544,0.0008275668951682746,0.0010855663567781448,40.010134,0.012892699800431728,war,"WAR (complex64, sinh)",0.4079263508319855,2,1577,zk_2d_o3
6.871221557958052e-05,0.00025941935018636286,0.0005936337984167039,60.006037,0.003874949412420392,war,"WAR (complex64, sinh)",0.2903903126716614,2,2375,zk_2d_o3
0.0006090355454944074,0.0004426321538630873,0.0003632128646131605,80.015318,0.01087989006191492,war,"WAR (complex64, sinh)",0.23211076855659485,2,3174,zk_2d_o3
0.00014860305236652493,0.00018023942539002746,0.0002940972917713225,100.020119,0.0035825222730636597,war,"WAR (complex64, sinh)",0.21828219294548035,2,3970,zk_2d_o3
0.00011085526057286188,0.00010301187285222113,0.0002238709421362728,120.017122,0.0023625423200428486,war,"WAR (complex64, sinh)",0.20570829510688782,2,4768,zk_2d_o3
0.00010152628965443,0.00010933182784356177,0.00018650488345883787,140.006695,0.002295086160302162,war,"WAR (complex64, sinh)",0.20049531757831573,2,5565,zk_2d_o3
0.00014115209341980517,0.00031767188920639455,0.00016473038704134524,160.008997,0.004752970300614834,war,"WAR (complex64, sinh)",0.20881064236164093,2,6328,zk_2d_o3
1.481153867644025e-05,1.8960210582008585e-05,0.00013332421076484025,180.015659,0.0004710417124442756,war,"WAR (complex64, sinh)",0.19054223597049713,2,7107,zk_2d_o3
0.00017139209376182407,0.00012203259393572807,0.00010240446863463148,200.009741,0.0030366512946784496,war,"WAR (complex64, sinh)",0.19179655611515045,2,7901,zk_2d_o3
0.00032377877505496144,0.0003237144846934825,0.00010257370013277978,220.016252,0.006577506195753813,war,"WAR (complex64, sinh)",0.22005513310432434,2,8696,zk_2d_o3
6.71393281663768e-05,5.478060120367445e-05,7.66346201999113e-05,240.003401,0.001295833964832127,war,"WAR (complex64, sinh)",0.18320728838443756,2,9489,zk_2d_o3
4.207543679513037e-05,3.637959889601916e-05,7.840280886739492e-05,260.024748,0.0008629531366750598,war,"WAR (complex64, sinh)",0.18266770243644714,2,10284,zk_2d_o3
1.5777490261825733e-05,1.180236904474441e-05,6.161871715448797e-05,280.00796,0.00033741729566827416,war,"WAR (complex64, sinh)",0.1680126190185547,2,11077,zk_2d_o3
6.858998676761985e-05,4.370514943730086e-05,5.0552964239614084e-05,300.025172,0.0011735043954104185,war,"WAR (complex64, sinh)",0.16890999674797058,2,11871,zk_2d_o3
1.902463918668218e-05,4.3026655475841835e-05,4.343754699220881e-05,320.011157,0.0006639504572376609,war,"WAR (complex64, sinh)",0.15562501549720764,2,12667,zk_2d_o3
0.0002046768640866503,0.00020118762040510774,4.175552385277115e-05,340.021568,0.004100400023162365,war,"WAR (complex64, sinh)",0.14740321040153503,2,13466,zk_2d_o3
2.755178684310522e-05,1.715846883598715e-05,3.5531920730136335e-05,360.016553,0.0004826344666071236,war,"WAR (complex64, sinh)",0.13585114479064941,2,14249,zk_2d_o3
6.289339944487438e-05,0.00010192731133429334,3.735606514965184e-05,380.003468,0.0016855631256476045,war,"WAR (complex64, sinh)",0.13236866891384125,2,15023,zk_2d_o3
1.876532769529149e-05,1.346016870229505e-05,3.176415339112282e-05,400.010421,0.0003540191100910306,war,"WAR (complex64, sinh)",0.12412439286708832,2,15817,zk_2d_o3
7.41623171052197e-06,5.18110300617991e-06,2.8915794246131554e-05,420.004342,0.00015488913049921393,war,"WAR (complex64, sinh)",0.11888929456472397,2,16584,zk_2d_o3
1.8549819287727587e-05,1.399481698172167e-05,2.9452367016347125e-05,440.017561,0.0003548987442627549,war,"WAR (complex64, sinh)",0.11848041415214539,2,17350,zk_2d_o3
2.9266034289321396e-06,2.7936164315178758e-06,2.1809235477121547e-05,460.013167,7.901143544586375e-05,war,"WAR (complex64, sinh)",0.10387271642684937,2,18145,zk_2d_o3
2.5964951419155113e-05,1.4923123671906069e-05,1.9820701709249988e-05,480.011213,0.00042870143079198897,war,"WAR (complex64, sinh)",0.09878082573413849,2,18942,zk_2d_o3
7.760652806609869e-06,5.485482688527554e-06,1.846913801273331e-05,500.017473,0.00015093048568814993,war,"WAR (complex64, sinh)",0.09143323451280594,2,19739,zk_2d_o3
3.815009222307708e-06,6.676396878901869e-06,1.8328006262890995e-05,520.02406,0.00012324206181801856,war,"WAR (complex64, sinh)",0.08979831635951996,2,20533,zk_2d_o3
1.138670904765604e-05,1.1399674804124516e-05,1.721923763398081e-05,540.0088,0.00024508306523784995,war,"WAR (complex64, sinh)",0.08744187653064728,2,21329,zk_2d_o3
2.057960409729276e-05,1.212163351738127e-05,1.2842309843108524e-05,560.018872,0.0003398546832613647,war,"WAR (complex64, sinh)",0.07663671672344208,2,22101,zk_2d_o3
4.134442406211747e-06,3.410956651350716e-06,1.2048434655298479e-05,580.017544,8.750242704991251e-05,war,"WAR (complex64, sinh)",0.07147009670734406,2,22859,zk_2d_o3
3.193370275766938e-06,2.242874415969709e-06,1.2085562048014253e-05,600.014247,6.644800305366516e-05,war,"WAR (complex64, sinh)",0.06674490869045258,2,23639,zk_2d_o3
5.431270437838975e-06,3.556939191184938e-06,1.06159714050591e-05,620.022533,0.00010049806587630883,war,"WAR (complex64, sinh)",0.06490515172481537,2,24434,zk_2d_o3
4.002460173069267e-06,4.1635503293946385e-06,9.917152056004852e-06,640.012819,9.15772543521598e-05,war,"WAR (complex64, sinh)",0.061202842742204666,2,25220,zk_2d_o3
8.6276412503139e-07,6.647362624789821e-07,8.066019290708937e-06,660.001768,2.3341022824752145e-05,war,"WAR (complex64, sinh)",0.054004866629838943,2,26016,zk_2d_o3
5.250989033811493e-06,5.972578946966678e-06,8.399276339332573e-06,680.00814,0.00012063495523761958,war,"WAR (complex64, sinh)",0.05398903787136078,2,26814,zk_2d_o3
8.062677807174623e-06,1.0632624253048562e-05,7.696935426793061e-06,700.013742,0.00019464996876195073,war,"WAR (complex64, sinh)",0.05471628159284592,2,27598,zk_2d_o3
2.3266609332495136e-06,1.5808458329047426e-06,7.151268619054463e-06,720.018703,4.622633787221275e-05,war,"WAR (complex64, sinh)",0.04610687866806984,2,28358,zk_2d_o3
4.000045009888709e-06,2.1919379378232406e-06,6.065104116714792e-06,740.002423,6.798493268433958e-05,war,"WAR (complex64, sinh)",0.044756677001714706,2,29114,zk_2d_o3
2.0006036720587872e-05,1.763199907145463e-05,5.488670467457268e-06,760.00861,0.0003818690311163664,war,"WAR (complex64, sinh)",0.04507487639784813,2,29869,zk_2d_o3
8.539532245777082e-07,9.060618708645052e-07,5.467577466333751e-06,780.012181,2.3067728761816397e-05,war,"WAR (complex64, sinh)",0.039415519684553146,2,30627,zk_2d_o3
2.9452869512169855e-06,2.430667791486485e-06,5.12760834681103e-06,800.006594,5.888715531909838e-05,war,"WAR (complex64, sinh)",0.038146909326314926,2,31384,zk_2d_o3
9.18397017812822e-06,6.603707788599422e-06,4.623345830623293e-06,820.002862,0.00016250013140961528,war,"WAR (complex64, sinh)",0.03873702138662338,2,32140,zk_2d_o3
7.889673838690214e-07,6.184856715663045e-07,4.943443855154328e-06,840.014956,1.9017974409507588e-05,war,"WAR (complex64, sinh)",0.03319704160094261,2,32899,zk_2d_o3
3.262848622398451e-06,3.561972107490874e-06,3.801142611337127e-06,860.013283,7.204934809124097e-05,war,"WAR (complex64, sinh)",0.032667115330696106,2,33658,zk_2d_o3
1.1573646361284773e-06,8.138397333823377e-07,4.031131538795307e-06,880.015295,2.374317409703508e-05,war,"WAR (complex64, sinh)",0.030353043228387833,2,34415,zk_2d_o3
1.6364807606805698e-06,1.0631151781126391e-06,3.75804256691481e-06,900.006983,3.0754003091715276e-05,war,"WAR (complex64, sinh)",0.02888016775250435,2,35171,zk_2d_o3
9.010768735606689e-07,1.1059444204875035e-06,3.3928313314390834e-06,920.012271,2.346304609091021e-05,war,"WAR (complex64, sinh)",0.027945205569267273,2,35924,zk_2d_o3
1.0570171298240894e-06,8.742641171011201e-07,3.5706507333088666e-06,940.001243,2.28834633162478e-05,war,"WAR (complex64, sinh)",0.02618226408958435,2,36679,zk_2d_o3
7.021178589639021e-07,6.912400181136036e-07,3.3761571103241295e-06,960.006445,1.7309735994786024e-05,war,"WAR (complex64, sinh)",0.024977054446935654,2,37461,zk_2d_o3
1.1726722277671797e-06,6.560291581081401e-07,2.9352825094974833e-06,980.009742,2.1222296709311195e-05,war,"WAR (complex64, sinh)",0.02362000197172165,2,38256,zk_2d_o3
7.318258212762885e-07,5.579021262747119e-07,2.763656993920449e-06,1000.008417,1.566093669680413e-05,war,"WAR (complex64, sinh)",0.022603821009397507,2,39048,zk_2d_o3
2.7944398084400746e-07,2.1151927853679808e-07,2.6611041903379373e-06,1020.006457,7.570736670459155e-06,war,"WAR (complex64, sinh)",0.021972229704260826,2,39844,zk_2d_o3
4.359611978088651e-07,5.341944984138536e-07,3.1088775358512066e-06,1040.024127,1.2810434782295488e-05,war,"WAR (complex64, sinh)",0.0213384460657835,2,40642,zk_2d_o3
3.4957932371071365e-07,4.898079168924596e-07,2.434913312754361e-06,1060.001557,1.082878588931635e-05,war,"WAR (complex64, sinh)",0.020339027047157288,2,41436,zk_2d_o3
3.1149889423431887e-07,2.8441479571483796e-07,2.323441549378913e-06,1080.00617,8.282579074148089e-06,war,"WAR (complex64, sinh)",0.019417572766542435,2,42231,zk_2d_o3
1.4099665577305132e-06,1.183172798846499e-06,2.3927559595904313e-06,1100.002249,2.832414975273423e-05,war,"WAR (complex64, sinh)",0.019596556201577187,2,43022,zk_2d_o3
2.852363252259238e-07,3.618922050918627e-07,2.1037026272097137e-06,1120.011471,8.574987987230998e-06,war,"WAR (complex64, sinh)",0.018858306109905243,2,43816,zk_2d_o3
4.312301769004989e-07,4.1566875097487355e-07,2.1115897652634885e-06,1140.000898,1.0580579328234307e-05,war,"WAR (complex64, sinh)",0.018333636224269867,2,44613,zk_2d_o3
2.0087086340936366e-06,1.1674346751533449e-06,2.0125846731389174e-06,1160.001871,3.3774016628740355e-05,war,"WAR (complex64, sinh)",0.018147340044379234,2,45411,zk_2d_o3
3.1534054869553074e-06,1.6035037333494984e-06,1.7717881064527319e-06,1180.015125,4.93408806505613e-05,war,"WAR (complex64, sinh)",0.018254734575748444,2,46208,zk_2d_o3
3.7639361494257173e-07,3.385456466276082e-07,1.9333733689563815e-06,1200.015487,9.082765245693736e-06,war,"WAR (complex64, sinh)",0.016656646504998207,2,47005,zk_2d_o3
0.020605063065886497,0.14254900813102722,0.0027642687782645226,0.0,1.6343050003051758,real_tanh_autodiff,"Real AD (float32, tanh)",1.210328221321106,2,0,zk_2d_o3
0.0022158005740493536,0.0017764155054464936,0.016309835016727448,20.000816,0.05623199790716171,real_tanh_autodiff,"Real AD (float32, tanh)",0.9631389379501343,2,774,zk_2d_o3
0.001578327501192689,0.0010231308406218886,0.009098855778574944,40.011964,0.035113438963890076,real_tanh_autodiff,"Real AD (float32, tanh)",0.8876203298568726,2,1547,zk_2d_o3
0.00252705835737288,0.0011371172731742263,0.006628681439906359,60.004513,0.04327043890953064,real_tanh_autodiff,"Real AD (float32, tanh)",0.8100550770759583,2,2205,zk_2d_o3
0.000785246433224529,0.00048677262384444475,0.004901934415102005,80.029494,0.017622124403715134,real_tanh_autodiff,"Real AD (float32, tanh)",0.8284099102020264,2,2873,zk_2d_o3
0.0004636446537915617,0.0002752058207988739,0.0035325458738952875,100.004603,0.010921049863100052,real_tanh_autodiff,"Real AD (float32, tanh)",0.8464175462722778,2,3539,zk_2d_o3
0.0005527722532860935,0.0008009246666915715,0.002441603224724531,120.002265,0.01597857102751732,real_tanh_autodiff,"Real AD (float32, tanh)",0.7650468349456787,2,4206,zk_2d_o3
9.617813338991255e-05,6.656807090621442e-05,0.0016441101906821132,140.025442,0.0032715722918510437,real_tanh_autodiff,"Real AD (float32, tanh)",0.7203809022903442,2,4867,zk_2d_o3
0.00043067775550298393,0.0001303117023780942,0.0011275685392320156,160.004645,0.006737463176250458,real_tanh_autodiff,"Real AD (float32, tanh)",0.6287274956703186,2,5525,zk_2d_o3
4.086799890501425e-05,6.51618538540788e-05,0.0007488788105547428,180.008135,0.0018091772217303514,real_tanh_autodiff,"Real AD (float32, tanh)",0.5112975835800171,2,6189,zk_2d_o3
3.793919677264057e-05,9.446676995139569e-05,0.0004866554227191955,200.012129,0.0018107150681316853,real_tanh_autodiff,"Real AD (float32, tanh)",0.4322880208492279,2,6851,zk_2d_o3
7.340136653510854e-05,8.039858948905021e-05,0.0003572746063582599,220.00176,0.001895274268463254,real_tanh_autodiff,"Real AD (float32, tanh)",0.3677663803100586,2,7512,zk_2d_o3
4.7203637222992256e-05,2.149553256458603e-05,0.00027210195548832417,240.00961,0.0009590936824679375,real_tanh_autodiff,"Real AD (float32, tanh)",0.3130611777305603,2,8178,zk_2d_o3
0.0005419767694547772,0.0003304813290014863,0.00022513826843351126,260.023774,0.008949719369411469,real_tanh_autodiff,"Real AD (float32, tanh)",0.2898096740245819,2,8844,zk_2d_o3
0.00016526077524758875,6.413145456463099e-05,0.0001825438521336764,280.011434,0.0024764661211520433,real_tanh_autodiff,"Real AD (float32, tanh)",0.2448289394378662,2,9500,zk_2d_o3
1.6442310879938304e-05,1.1132333384011872e-05,0.00014267783262766898,300.024893,0.00041842428618110716,real_tanh_autodiff,"Real AD (float32, tanh)",0.20486952364444733,2,10154,zk_2d_o3
2.9080885724397376e-05,3.214591561118141e-05,0.00012344136484898627,320.019914,0.0007357093272730708,real_tanh_autodiff,"Real AD (float32, tanh)",0.18381944298744202,2,10817,zk_2d_o3
1.09982011053944e-05,1.7221187590621412e-05,0.00010353840480092913,340.018353,0.0003857323026750237,real_tanh_autodiff,"Real AD (float32, tanh)",0.15866558253765106,2,11481,zk_2d_o3
4.72227948193904e-05,2.36583364312537e-05,8.715859439689666e-05,360.017371,0.0007959699141792953,real_tanh_autodiff,"Real AD (float32, tanh)",0.15015818178653717,2,12146,zk_2d_o3
1.8225953681394458e-05,3.206636756658554e-05,7.611225737491623e-05,380.026315,0.000579035491682589,real_tanh_autodiff,"Real AD (float32, tanh)",0.1268157958984375,2,12811,zk_2d_o3
9.23135521588847e-05,0.00014316552551463246,6.8932436988689e-05,400.002999,0.002423723228275776,real_tanh_autodiff,"Real AD (float32, tanh)",0.1356518566608429,2,13474,zk_2d_o3
4.794587948708795e-05,9.479484288021922e-05,6.192874570842832e-05,420.021475,0.0014893360203132033,real_tanh_autodiff,"Real AD (float32, tanh)",0.12569642066955566,2,14143,zk_2d_o3
8.733256254345179e-05,5.301069177221507e-05,6.142351776361465e-05,440.020838,0.0014648560900241137,real_tanh_autodiff,"Real AD (float32, tanh)",0.11044399440288544,2,14811,zk_2d_o3
2.4575338102295063e-05,2.2980022549745627e-05,5.760749991168268e-05,460.013713,0.0005331611027941108,real_tanh_autodiff,"Real AD (float32, tanh)",0.09635329991579056,2,15475,zk_2d_o3
1.764846092555672e-05,0.00018386860028840601,4.988590444554575e-05,480.019663,0.0020650564692914486,real_tanh_autodiff,"Real AD (float32, tanh)",0.11179077625274658,2,16137,zk_2d_o3
3.669049692689441e-05,2.193527325289324e-05,4.945293767377734e-05,500.006799,0.0006357106612995267,real_tanh_autodiff,"Real AD (float32, tanh)",0.09226275235414505,2,16828,zk_2d_o3
2.391112684563268e-05,1.3377775758272037e-05,4.701474244939163e-05,520.012704,0.0004199037794023752,real_tanh_autodiff,"Real AD (float32, tanh)",0.08147986978292465,2,17604,zk_2d_o3
1.631279928915319e-06,1.9651720322144683e-06,4.430386979947798e-05,540.001848,8.026839350350201e-05,real_tanh_autodiff,"Real AD (float32, tanh)",0.08243916928768158,2,18398,zk_2d_o3
0.0001305543992202729,5.20350513397716e-05,4.1108411096502095e-05,560.006867,0.0018670030403882265,real_tanh_autodiff,"Real AD (float32, tanh)",0.08126340061426163,2,19196,zk_2d_o3
8.692225492268335e-06,7.651466148672625e-06,3.536022632033564e-05,580.014121,0.00019879714818671346,real_tanh_autodiff,"Real AD (float32, tanh)",0.07361816614866257,2,19916,zk_2d_o3
4.313112640375039e-06,3.94465314457193e-06,3.581213968573138e-05,600.01556,0.00011838979844469577,real_tanh_autodiff,"Real AD (float32, tanh)",0.07023236155509949,2,20708,zk_2d_o3
2.5330658900202252e-05,1.889021586976014e-05,3.16782170557417e-05,620.001814,0.0004738869611173868,real_tanh_autodiff,"Real AD (float32, tanh)",0.07448872178792953,2,21495,zk_2d_o3
1.4130941963230725e-06,1.932729901454877e-06,2.7808335289591923e-05,640.013183,6.126657535787672e-05,real_tanh_autodiff,"Real AD (float32, tanh)",0.0658649131655693,2,22281,zk_2d_o3
3.301981996628456e-05,1.7418689822079614e-05,2.8515543817775324e-05,660.01845,0.000532900623511523,real_tanh_autodiff,"Real AD (float32, tanh)",0.061144132167100906,2,23065,zk_2d_o3
4.133956281293649e-06,2.3035131562210154e-06,3.00652754958719e-05,680.003514,9.443996532354504e-05,real_tanh_autodiff,"Real AD (float32, tanh)",0.061865635216236115,2,23855,zk_2d_o3
1.0013866358349333e-06,7.753176305413945e-07,2.602959102659952e-05,700.009931,4.379663005238399e-05,real_tanh_autodiff,"Real AD (float32, tanh)",0.06259053200483322,2,24637,zk_2d_o3
8.708892096365162e-07,8.216889000323135e-07,2.5693119823699817e-05,720.009893,4.2618899897206575e-05,real_tanh_autodiff,"Real AD (float32, tanh)",0.0582839697599411,2,25425,zk_2d_o3
1.4135276614979375e-05,9.493034667684697e-06,2.144733298337087e-05,740.001391,0.0002577304549049586,real_tanh_autodiff,"Real AD (float32, tanh)",0.05926908552646637,2,26214,zk_2d_o3
3.2255659334623488e-06,1.4161598755890736e-06,2.257434607599862e-05,760.001061,6.899160507600754e-05,real_tanh_autodiff,"Real AD (float32, tanh)",0.05576068535447121,2,26992,zk_2d_o3
1.2570170611070353e-06,1.2515430398707394e-06,2.1617612219415605e-05,780.023727,4.670321141020395e-05,real_tanh_autodiff,"Real AD (float32, tanh)",0.05332938954234123,2,27765,zk_2d_o3
1.138468974204443e-06,1.3653743735630997e-06,2.0546740415738896e-05,800.012073,4.55851768492721e-05,real_tanh_autodiff,"Real AD (float32, tanh)",0.05129081755876541,2,28437,zk_2d_o3
2.3656598386878613e-06,1.5155832215896226e-06,1.9778726709773764e-05,820.027005,5.859115481143817e-05,real_tanh_autodiff,"Real AD (float32, tanh)",0.04929459095001221,2,29144,zk_2d_o3
9.287280704484147e-07,7.680140470256447e-07,1.644525400479324e-05,840.000291,3.341267438372597e-05,real_tanh_autodiff,"Real AD (float32, tanh)",0.04957989230751991,2,29832,zk_2d_o3
2.654314585015527e-06,1.7892641608341364e-06,1.611414336366579e-05,860.015179,6.054992991266772e-05,real_tanh_autodiff,"Real AD (float32, tanh)",0.04707146808505058,2,30621,zk_2d_o3
4.893609002465382e-06,6.520232091133948e-06,1.629781036172062e-05,880.012544,0.00013043622311670333,real_tanh_autodiff,"Real AD (float32, tanh)",0.04691306874155998,2,31390,zk_2d_o3
1.1844006166938925e-06,9.349052447760187e-07,1.578190494910814e-05,900.021733,3.6974961403757334e-05,real_tanh_autodiff,"Real AD (float32, tanh)",0.046074651181697845,2,32184,zk_2d_o3
1.3171548971513403e-06,1.130494865719811e-06,1.5931320376694202e-05,920.023616,4.040781641378999e-05,real_tanh_autodiff,"Real AD (float32, tanh)",0.04313582181930542,2,32979,zk_2d_o3
4.14750456911861e-06,2.9266998353705276e-06,1.565314960316755e-05,940.022625,8.639519364805892e-05,real_tanh_autodiff,"Real AD (float32, tanh)",0.041996002197265625,2,33734,zk_2d_o3
1.343727944913553e-05,1.717050326988101e-05,1.4526898667099886e-05,960.01823,0.00032060471130535007,real_tanh_autodiff,"Real AD (float32, tanh)",0.04174930974841118,2,34524,zk_2d_o3
2.878564146158169e-06,1.919390115290298e-06,1.3666322047356516e-05,980.015942,6.16458710283041e-05,real_tanh_autodiff,"Real AD (float32, tanh)",0.039573173969984055,2,35317,zk_2d_o3
8.062636993599881e-07,8.766909331825445e-07,1.3884049621992745e-05,1000.019163,3.071359606110491e-05,real_tanh_autodiff,"Real AD (float32, tanh)",0.03997459635138512,2,36065,zk_2d_o3
1.7684245676719001e-06,7.799176842127054e-07,1.3034293260716368e-05,1020.010705,3.8517719076480716e-05,real_tanh_autodiff,"Real AD (float32, tanh)",0.03944874554872513,2,36814,zk_2d_o3
1.0765191973405308e-06,3.2517996260139626e-06,1.1986090612481348e-05,1040.022987,5.526927998289466e-05,real_tanh_autodiff,"Real AD (float32, tanh)",0.03857019543647766,2,37603,zk_2d_o3
4.3059594645455945e-07,5.797857625111646e-07,1.2004778000118677e-05,1060.015624,2.2108593839220703e-05,real_tanh_autodiff,"Real AD (float32, tanh)",0.038093652576208115,2,38388,zk_2d_o3
9.161705065707793e-07,1.3167634733690647e-06,1.111605524783954e-05,1080.01674,3.3445394365116954e-05,real_tanh_autodiff,"Real AD (float32, tanh)",0.038185667246580124,2,39181,zk_2d_o3
6.750078682671301e-07,5.503552529262379e-07,1.1202822861378081e-05,1100.016697,2.345645407331176e-05,real_tanh_autodiff,"Real AD (float32, tanh)",0.03696596994996071,2,39972,zk_2d_o3
5.665198159476859e-07,5.547969976760214e-07,1.0498177289264277e-05,1120.018447,2.1711344743380323e-05,real_tanh_autodiff,"Real AD (float32, tanh)",0.03635186702013016,2,40757,zk_2d_o3
2.9975834081596986e-07,2.4507835405529477e-07,1.0696622666728217e-05,1140.009124,1.614498978597112e-05,real_tanh_autodiff,"Real AD (float32, tanh)",0.03559873253107071,2,41547,zk_2d_o3
3.84302637712608e-07,6.278917794588779e-07,1.037868787534535e-05,1160.009607,2.0500632672337815e-05,real_tanh_autodiff,"Real AD (float32, tanh)",0.03501754626631737,2,42337,zk_2d_o3
1.3422874189927825e-06,8.639250381747843e-07,9.480643711867742e-06,1180.000739,3.154276782879606e-05,real_tanh_autodiff,"Real AD (float32, tanh)",0.035360679030418396,2,43128,zk_2d_o3
2.8120209663029527e-06,1.757607833496877e-06,9.598497854312882e-06,1200.016211,5.529478585231118e-05,real_tanh_autodiff,"Real AD (float32, tanh)",0.03356540575623512,2,43921,zk_2d_o3
0.004171275533735752,0.09960004687309265,0.0024705566465854645,0.0,1.0401837825775146,war,"WAR (complex64, sinh)",1.0151312351226807,3,0,zk_2d_o3
0.001112269819714129,0.003420046530663967,0.0029407211113721132,20.010177,0.04826388508081436,war,"WAR (complex64, sinh)",0.8140214681625366,3,743,zk_2d_o3
0.0001824753126129508,0.00033220817567780614,0.00276991818100214,40.003641,0.007916753180325031,war,"WAR (complex64, sinh)",0.796665608882904,3,1490,zk_2d_o3
7.59191534598358e-05,0.00019876236910931766,0.002636150922626257,60.006521,0.005382965784519911,war,"WAR (complex64, sinh)",0.7748974561691284,3,2237,zk_2d_o3
0.00028353070956654847,0.00024756317725405097,0.0021690165158361197,80.01092,0.007479955442249775,war,"WAR (complex64, sinh)",0.7433791160583496,3,2984,zk_2d_o3
0.00024742557434365153,0.00071546999970451,0.0021333463955670595,100.020668,0.011762302368879318,war,"WAR (complex64, sinh)",0.725276529788971,3,3732,zk_2d_o3
3.784106593229808e-05,0.00010600288078421727,0.001837034011259675,120.003912,0.0032754733692854643,war,"WAR (complex64, sinh)",0.6804620623588562,3,4479,zk_2d_o3
7.208519673440605e-05,0.00010687649773899466,0.0014435665216296911,140.019589,0.003233183640986681,war,"WAR (complex64, sinh)",0.6259955763816833,3,5203,zk_2d_o3
0.00010592474427539855,0.0004888018011115491,0.0009069476509466767,160.007723,0.0068542128428816795,war,"WAR (complex64, sinh)",0.5328084230422974,3,5908,zk_2d_o3
9.110476639762055e-06,1.7942631529876962e-05,0.000528030504938215,180.017024,0.0007985616102814674,war,"WAR (complex64, sinh)",0.4180428385734558,3,6609,zk_2d_o3
8.133026858558878e-05,8.663759217597544e-05,0.0002567608025856316,200.002553,0.001936439424753189,war,"WAR (complex64, sinh)",0.2902604639530182,3,7310,zk_2d_o3
2.1939747966825962e-05,3.704216214828193e-05,0.0001262653386220336,220.016139,0.0007160844397731125,war,"WAR (complex64, sinh)",0.21447113156318665,3,8021,zk_2d_o3
5.267585493129445e-06,9.318202501162887e-06,0.00019893760327249765,240.004712,0.0003447954950388521,war,"WAR (complex64, sinh)",0.27045950293540955,3,8741,zk_2d_o3
4.427103340276517e-05,7.04492413206026e-05,0.0001695568353170529,260.024108,0.0013167596189305186,war,"WAR (complex64, sinh)",0.2616792917251587,3,9482,zk_2d_o3
3.62927175956429e-06,6.268699507927522e-06,7.250749331433326e-05,280.011022,0.00017148719052784145,war,"WAR (complex64, sinh)",0.16942183673381805,3,10264,zk_2d_o3
5.45330067325267e-06,6.747111001459416e-06,0.00010555783228483051,300.002146,0.00022756194812245667,war,"WAR (complex64, sinh)",0.20356068015098572,3,11042,zk_2d_o3
0.00010819911403814331,9.564281208440661e-05,8.874987543094903e-05,320.006867,0.0021271691657602787,war,"WAR (complex64, sinh)",0.19392991065979004,3,11794,zk_2d_o3
3.495649070828222e-05,3.754774297703989e-05,7.828087836969644e-05,340.019354,0.0008033232297748327,war,"WAR (complex64, sinh)",0.17980174720287323,3,12543,zk_2d_o3
4.293996244086884e-05,0.00019383704056963325,7.331084634643048e-05,360.007417,0.002441080752760172,war,"WAR (complex64, sinh)",0.16943755745887756,3,13314,zk_2d_o3
0.0004947060951963067,0.00045299751218408346,4.2966312321368605e-05,380.004465,0.009520001709461212,war,"WAR (complex64, sinh)",0.1473257839679718,3,14088,zk_2d_o3
3.973168531956617e-06,3.232830977140111e-06,8.83012471604161e-05,400.021441,0.000160361232701689,war,"WAR (complex64, sinh)",0.19509805738925934,3,14861,zk_2d_o3
2.3842820155550726e-05,1.2170077752671205e-05,3.88916305382736e-05,420.002927,0.0003990206168964505,war,"WAR (complex64, sinh)",0.12413617968559265,3,15630,zk_2d_o3
1.2962834261998069e-05,1.2374135621939786e-05,2.6919256924884394e-05,440.000435,0.0002802889503072947,war,"WAR (complex64, sinh)",0.10061614215373993,3,16391,zk_2d_o3
0.00013244120054878294,0.00012374203652143478,3.2403018849436194e-05,460.021195,0.0025942353531718254,war,"WAR (complex64, sinh)",0.11010651290416718,3,17167,zk_2d_o3
8.156987860274967e-06,1.3035866686550435e-05,2.4351644242415205e-05,480.024368,0.000236280175158754,war,"WAR (complex64, sinh)",0.09562230110168457,3,17929,zk_2d_o3
1.6398313391619013e-06,2.6717307264334522e-06,2.0905114070046693e-05,500.023076,6.402073631761596e-05,war,"WAR (complex64, sinh)",0.08857215195894241,3,18635,zk_2d_o3
1.1580962109292159e-06,1.0745611689344514e-06,3.921315510524437e-05,520.018182,6.153972935862839e-05,war,"WAR (complex64, sinh)",0.12805677950382233,3,19347,zk_2d_o3
2.8703207135549746e-06,3.1239551390171982e-06,3.2516261853743345e-05,540.013789,9.245902037946507e-05,war,"WAR (complex64, sinh)",0.10765690356492996,3,20110,zk_2d_o3
2.0947225493728183e-05,1.6552070519537665e-05,1.422734021616634e-05,560.006456,0.00038922030944377184,war,"WAR (complex64, sinh)",0.06789800524711609,3,20881,zk_2d_o3
1.2025061550957616e-06,1.8652463040780276e-06,1.5693398381699808e-05,580.0105,4.6370922063943e-05,war,"WAR (complex64, sinh)",0.0746431052684784,3,21651,zk_2d_o3
4.91033142679953e-06,4.781889401783701e-06,1.296162918151822e-05,600.024325,0.00010988384019583464,war,"WAR (complex64, sinh)",0.06423816829919815,3,22434,zk_2d_o3
1.1450059901108034e-05,6.586098606931046e-06,1.316482484980952e-05,620.007436,0.00019352641538716853,war,"WAR (complex64, sinh)",0.06491146236658096,3,23203,zk_2d_o3
1.2917196727357805e-05,1.6565434634685516e-05,1.2767130101565272e-05,640.018453,0.00030759343644604087,war,"WAR (complex64, sinh)",0.0676804631948471,3,23972,zk_2d_o3
3.658342393464409e-05,2.7339756343280897e-05,9.844092346611433e-06,660.009847,0.0006490758969448507,war,"WAR (complex64, sinh)",0.06308819353580475,3,24748,zk_2d_o3
1.0200166798313148e-05,2.2476076992461458e-05,1.0309346180292778e-05,680.020161,0.0003370717749930918,war,"WAR (complex64, sinh)",0.06586703658103943,3,25506,zk_2d_o3
2.579138026703731e-06,3.2660545912222005e-06,8.250244718510658e-06,700.015468,6.670216680504382e-05,war,"WAR (complex64, sinh)",0.05004844814538956,3,26216,zk_2d_o3
2.319328359590145e-06,1.8148799654227332e-06,7.671376806683838e-06,720.015567,4.901345891994424e-05,war,"WAR (complex64, sinh)",0.04755944758653641,3,26926,zk_2d_o3
8.466452527500223e-06,1.242070175067056e-05,7.649767212569714e-06,740.026596,0.00021652130817528814,war,"WAR (complex64, sinh)",0.048175327479839325,3,27635,zk_2d_o3
1.4602234159610816e-06,1.967252046597423e-06,8.86266934685409e-06,760.001576,4.3137421016581357e-05,war,"WAR (complex64, sinh)",0.05530283972620964,3,28338,zk_2d_o3
1.3468193174048793e-05,1.619354407011997e-05,7.0869282353669405e-06,780.003849,0.00030370429158210754,war,"WAR (complex64, sinh)",0.04626962170004845,3,29044,zk_2d_o3
1.107763978325238e-06,8.560404012314393e-07,5.507152764039347e-06,800.027163,2.514519655960612e-05,war,"WAR (complex64, sinh)",0.041043881326913834,3,29746,zk_2d_o3
1.4642083442595322e-05,8.92642856342718e-06,4.800922397407703e-06,820.024772,0.00024048604245763272,war,"WAR (complex64, sinh)",0.037218499928712845,3,30455,zk_2d_o3
6.505711553472793e-06,1.2172005881438963e-05,4.785528744832845e-06,840.023636,0.00019156270718667656,war,"WAR (complex64, sinh)",0.039025306701660156,3,31162,zk_2d_o3
3.91301182389725e-06,3.7796526157762855e-06,4.752200766233727e-06,860.023962,8.167884516296908e-05,war,"WAR (complex64, sinh)",0.03402392566204071,3,31871,zk_2d_o3
1.7442686157664866e-06,1.8301207092008553e-06,4.0406475818599574e-06,880.020506,3.9784539694665e-05,war,"WAR (complex64, sinh)",0.03268104046583176,3,32580,zk_2d_o3
1.6786191281426e-06,1.570785570947919e-06,3.97840767618618e-06,900.01558,3.647245466709137e-05,war,"WAR (complex64, sinh)",0.03118961863219738,3,33292,zk_2d_o3
2.0796494482056005e-06,1.8205990954811568e-06,3.952659426431637e-06,920.000436,4.295514372643083e-05,war,"WAR (complex64, sinh)",0.031990896910429,3,34001,zk_2d_o3
6.648400585618219e-07,5.708683374905377e-07,3.234882569813635e-06,940.023035,1.559196607558988e-05,war,"WAR (complex64, sinh)",0.02843751385807991,3,34709,zk_2d_o3
6.132127623459382e-07,6.334686304398929e-07,3.3965916372835636e-06,960.024119,1.586340476933401e-05,war,"WAR (complex64, sinh)",0.02735721878707409,3,35417,zk_2d_o3
1.5210375750029925e-06,2.733627979978337e-06,3.0580965812987415e-06,980.010201,4.560475281323306e-05,war,"WAR (complex64, sinh)",0.025914274156093597,3,36123,zk_2d_o3
8.457138278572529e-07,8.117034440147108e-07,2.71470798907103e-06,1000.017927,1.928888013935648e-05,war,"WAR (complex64, sinh)",0.024314330890774727,3,36868,zk_2d_o3
8.801781632428174e-07,8.47953344873531e-07,2.6989887373929378e-06,1020.017886,1.998030347749591e-05,war,"WAR (complex64, sinh)",0.02338394708931446,3,37650,zk_2d_o3
3.2911822245296207e-07,2.9784467869831133e-07,2.568588797657867e-06,1040.012739,8.838217581796926e-06,war,"WAR (complex64, sinh)",0.021809164434671402,3,38432,zk_2d_o3
4.687671832925844e-07,2.7059292051490047e-07,2.2713102225679904e-06,1060.02324,9.664910976425745e-06,war,"WAR (complex64, sinh)",0.021446486935019493,3,39211,zk_2d_o3
4.5548105731541e-07,3.667727241918328e-07,2.193973614339484e-06,1080.019904,1.041651103150798e-05,war,"WAR (complex64, sinh)",0.01966782845556736,3,39984,zk_2d_o3
3.8038010075069906e-07,3.2110011716213194e-07,2.1261703295749612e-06,1100.015905,9.140972906607203e-06,war,"WAR (complex64, sinh)",0.01959359273314476,3,40759,zk_2d_o3
3.2734365618125594e-07,3.205932443961501e-07,1.9196472749172244e-06,1120.018537,8.399016223847866e-06,war,"WAR (complex64, sinh)",0.018386641517281532,3,41539,zk_2d_o3
2.705259021240636e-07,3.991806920566887e-07,1.902495796457515e-06,1140.020793,8.5995616245782e-06,war,"WAR (complex64, sinh)",0.017957111820578575,3,42319,zk_2d_o3
1.01156399523461e-06,1.0862088402063819e-06,1.9005807416760945e-06,1160.019477,2.2878310119267553e-05,war,"WAR (complex64, sinh)",0.018187452107667923,3,43099,zk_2d_o3
4.437529241840821e-07,6.817813869020029e-07,1.9270078155386727e-06,1180.009546,1.3182350812712684e-05,war,"WAR (complex64, sinh)",0.01661541685461998,3,43881,zk_2d_o3
4.0219023844656476e-07,6.789825874875532e-07,1.6422443422925426e-06,1200.009187,1.2453972885850817e-05,war,"WAR (complex64, sinh)",0.01612105779349804,3,44657,zk_2d_o3
0.019359545782208443,0.10027369856834412,0.002491137944161892,0.0,1.1988235712051392,real_tanh_autodiff,"Real AD (float32, tanh)",1.1128085851669312,3,0,zk_2d_o3
0.0016691094497218728,0.0020266976207494736,0.013622429221868515,20.000448,0.050580501556396484,real_tanh_autodiff,"Real AD (float32, tanh)",0.9418355822563171,3,751,zk_2d_o3
0.0009563610074110329,0.0006995330913923681,0.007445502560585737,40.001291,0.024004444479942322,real_tanh_autodiff,"Real AD (float32, tanh)",0.8767237663269043,3,1523,zk_2d_o3
0.0008564068120904267,0.00048123259330168366,0.0047005899250507355,60.006844,0.018076984211802483,real_tanh_autodiff,"Real AD (float32, tanh)",0.9296484589576721,3,2322,zk_2d_o3
0.0006142926285974681,0.0003462615713942796,0.0030026689637452364,80.014857,0.012608211487531662,real_tanh_autodiff,"Real AD (float32, tanh)",0.8912466764450073,3,3128,zk_2d_o3
0.0015666903927922249,0.0011855834163725376,0.0017346341628581285,100.004559,0.02925737202167511,real_tanh_autodiff,"Real AD (float32, tanh)",0.7237380146980286,3,3932,zk_2d_o3
6.398437835741788e-05,2.6938978407997638e-05,0.0010498741175979376,120.001432,0.001959107583388686,real_tanh_autodiff,"Real AD (float32, tanh)",0.5855491757392883,3,4735,zk_2d_o3
0.0001555987255414948,9.277582284994423e-05,0.000742088130209595,140.021334,0.0032258336432278156,real_tanh_autodiff,"Real AD (float32, tanh)",0.5113343000411987,3,5540,zk_2d_o3
4.706264735432342e-05,5.8908892242470756e-05,0.000606537563726306,160.023477,0.0016662529669702053,real_tanh_autodiff,"Real AD (float32, tanh)",0.44800716638565063,3,6344,zk_2d_o3
1.5767876902827993e-05,1.804266867111437e-05,0.00042009545722976327,180.009039,0.0007582008838653564,real_tanh_autodiff,"Real AD (float32, tanh)",0.3773914575576782,3,7144,zk_2d_o3
0.0003560966288205236,0.0011037217918783426,0.00035438957274891436,200.024742,0.014952573925256729,real_tanh_autodiff,"Real AD (float32, tanh)",0.3397424519062042,3,7949,zk_2d_o3
1.9879293176927604e-05,2.8910542823723517e-05,0.0002627493522595614,220.006275,0.0007506477413699031,real_tanh_autodiff,"Real AD (float32, tanh)",0.26758667826652527,3,8754,zk_2d_o3
4.138361691730097e-05,3.206954352208413e-05,0.00018604443175718188,240.022062,0.0009205759852193296,real_tanh_autodiff,"Real AD (float32, tanh)",0.22489185631275177,3,9560,zk_2d_o3
1.1437945431680419e-05,6.5198510128539056e-06,0.00016094846068881452,260.015258,0.00034052642877213657,real_tanh_autodiff,"Real AD (float32, tanh)",0.20254063606262207,3,10360,zk_2d_o3
9.75093207671307e-05,8.726638770895079e-05,0.00013626938743982464,280.003906,0.0019840265158563852,real_tanh_autodiff,"Real AD (float32, tanh)",0.17973527312278748,3,11139,zk_2d_o3
0.00013828692317474633,8.21749126771465e-05,0.00012325297575443983,300.011911,0.002327871276065707,real_tanh_autodiff,"Real AD (float32, tanh)",0.17881663143634796,3,11863,zk_2d_o3
2.5756540708243847e-05,2.8985417884541675e-05,0.00010084478708449751,320.014112,0.0006482643657363951,real_tanh_autodiff,"Real AD (float32, tanh)",0.1456490159034729,3,12588,zk_2d_o3
0.00026034150505438447,0.00024373173073399812,9.515427518635988e-05,340.016038,0.005135886371135712,real_tanh_autodiff,"Real AD (float32, tanh)",0.14389117062091827,3,13344,zk_2d_o3
1.3510975804820191e-05,1.4865322555124294e-05,8.250537212006748e-05,360.017523,0.00036626835935749114,real_tanh_autodiff,"Real AD (float32, tanh)",0.11985062062740326,3,14099,zk_2d_o3
5.539776975638233e-05,2.9340941182454117e-05,7.010741683188826e-05,380.008079,0.0009174945298582315,real_tanh_autodiff,"Real AD (float32, tanh)",0.11514575034379959,3,14766,zk_2d_o3
4.8840505769476295e-05,6.288394797593355e-05,6.854753155494109e-05,400.014587,0.0011857920326292515,real_tanh_autodiff,"Real AD (float32, tanh)",0.10927349328994751,3,15434,zk_2d_o3
1.2927622265124228e-05,7.497667866118718e-06,6.180470518302172e-05,420.003347,0.0002660576137714088,real_tanh_autodiff,"Real AD (float32, tanh)",0.10534567385911942,3,16100,zk_2d_o3
2.3928136215545237e-05,2.3254266125150025e-05,5.9108126151841134e-05,440.016679,0.0005309321568347514,real_tanh_autodiff,"Real AD (float32, tanh)",0.10451733320951462,3,16769,zk_2d_o3
1.9002880435436964e-05,5.1905888540204614e-05,5.47908348380588e-05,460.008837,0.000763878517318517,real_tanh_autodiff,"Real AD (float32, tanh)",0.09704919904470444,3,17439,zk_2d_o3
2.747815779002849e-05,1.85120698006358e-05,5.064622382633388e-05,480.005196,0.0005105484742671251,real_tanh_autodiff,"Real AD (float32, tanh)",0.08950883895158768,3,18108,zk_2d_o3
1.349876129097538e-06,1.4829035990260309e-06,4.887922841589898e-05,500.007888,7.720702706137672e-05,real_tanh_autodiff,"Real AD (float32, tanh)",0.08191009610891342,3,18776,zk_2d_o3
5.7417983043706045e-05,6.14020973443985e-05,4.307096605771221e-05,520.005827,0.0012312717735767365,real_tanh_autodiff,"Real AD (float32, tanh)",0.07552681118249893,3,19443,zk_2d_o3
2.3362631509371568e-06,1.8639418613020098e-06,4.267245822120458e-05,540.011463,8.46745097078383e-05,real_tanh_autodiff,"Real AD (float32, tanh)",0.07543893903493881,3,20112,zk_2d_o3
3.697572901728563e-05,1.7502989066997543e-05,3.8343758205883205e-05,560.022811,0.0005831309244967997,real_tanh_autodiff,"Real AD (float32, tanh)",0.07947637140750885,3,20865,zk_2d_o3
3.0219014206522843e-06,2.7488690648169722e-06,4.006184826721437e-05,580.015746,9.77695599431172e-05,real_tanh_autodiff,"Real AD (float32, tanh)",0.06326265633106232,3,21651,zk_2d_o3
2.7483731173560955e-05,4.0205210098065436e-05,3.540403849910945e-05,600.013783,0.0007122934330254793,real_tanh_autodiff,"Real AD (float32, tanh)",0.06942302733659744,3,22420,zk_2d_o3
5.802732175652636e-06,3.7310949210223043e-06,3.09401293634437e-05,620.018089,0.00012627840624190867,real_tanh_autodiff,"Real AD (float32, tanh)",0.054353635758161545,3,23203,zk_2d_o3
2.107030468323501e-06,5.110786787554389e-06,3.131138510070741e-05,640.01757,0.0001034895540215075,real_tanh_autodiff,"Real AD (float32, tanh)",0.05340129882097244,3,23983,zk_2d_o3
1.778066871338524e-05,2.5459845346631482e-05,2.9675567930098623e-05,660.007342,0.0004620807012543082,real_tanh_autodiff,"Real AD (float32, tanh)",0.04923947528004646,3,24766,zk_2d_o3
2.1132629626663402e-05,2.425214188406244e-05,2.5520363124087453e-05,680.021963,0.0004793680855073035,real_tanh_autodiff,"Real AD (float32, tanh)",0.05283438414335251,3,25551,zk_2d_o3
4.450241249287501e-06,4.5348315325099975e-06,2.627328285598196e-05,700.016639,0.00011612401431193575,real_tanh_autodiff,"Real AD (float32, tanh)",0.04479759931564331,3,26333,zk_2d_o3
6.663437034148956e-06,5.762988621427212e-06,2.147392660845071e-05,720.002403,0.0001457381877116859,real_tanh_autodiff,"Real AD (float32, tanh)",0.04350218176841736,3,27119,zk_2d_o3
9.349750143883284e-06,1.1679232557071373e-05,2.337323167012073e-05,740.003068,0.00023366307141259313,real_tanh_autodiff,"Real AD (float32, tanh)",0.042849794030189514,3,27900,zk_2d_o3
4.058953436469892e-06,2.1269856915751006e-06,2.0052721083629876e-05,760.023231,8.19121123640798e-05,real_tanh_autodiff,"Real AD (float32, tanh)",0.03859987109899521,3,28665,zk_2d_o3
1.7915694115799852e-05,1.2900013643957209e-05,2.0274566850275733e-05,780.004733,0.0003284316626377404,real_tanh_autodiff,"Real AD (float32, tanh)",0.04350362345576286,3,29368,zk_2d_o3
1.8533221464167582e-06,5.950008016952779e-06,1.8985525457537733e-05,800.024043,9.701882663648576e-05,real_tanh_autodiff,"Real AD (float32, tanh)",0.036699287593364716,3,30137,zk_2d_o3
7.668898547308345e-07,1.0143755844183033e-06,1.5672174413339235e-05,820.005101,3.348483005538583e-05,real_tanh_autodiff,"Real AD (float32, tanh)",0.03529330715537071,3,30876,zk_2d_o3
1.6161308167284005e-06,1.4213326267054072e-06,1.7250978999072686e-05,840.020614,4.762561002280563e-05,real_tanh_autodiff,"Real AD (float32, tanh)",0.03304760158061981,3,31673,zk_2d_o3
4.896094765172165e-07,5.927677193540148e-07,1.5205851923383307e-05,860.006744,2.602962194941938e-05,real_tanh_autodiff,"Real AD (float32, tanh)",0.03331660106778145,3,32458,zk_2d_o3
1.928785422933288e-06,2.0817260519834235e-06,1.5641267964383587e-05,880.005176,5.57463827135507e-05,real_tanh_autodiff,"Real AD (float32, tanh)",0.032196640968322754,3,33243,zk_2d_o3
1.4178543779053143e-06,2.5756960440048715e-06,1.3926640349382069e-05,900.001116,5.3862146160099655e-05,real_tanh_autodiff,"Real AD (float32, tanh)",0.032233912497758865,3,34034,zk_2d_o3
6.782212267353316e-07,5.177381581233931e-07,1.4255738278734498e-05,920.018377,2.621532985358499e-05,real_tanh_autodiff,"Real AD (float32, tanh)",0.03038826212286949,3,34810,zk_2d_o3
4.051595169585198e-06,5.5901405175973196e-06,1.3835903700964991e-05,940.017691,0.00011025326239177957,real_tanh_autodiff,"Real AD (float32, tanh)",0.03340023756027222,3,35580,zk_2d_o3
1.7023645568770007e-06,3.7496558888960863e-06,1.2864581549365539e-05,960.016595,6.738478259649128e-05,real_tanh_autodiff,"Real AD (float32, tanh)",0.028776993975043297,3,36349,zk_2d_o3
3.856849161820719e-06,1.1770611308747903e-05,1.1566683497221675e-05,980.025138,0.0001678412954788655,real_tanh_autodiff,"Real AD (float32, tanh)",0.032270364463329315,3,37103,zk_2d_o3
9.629668511479395e-07,1.7960112472792389e-06,1.16959190563648e-05,1000.01664,3.9285700040636584e-05,real_tanh_autodiff,"Real AD (float32, tanh)",0.02843608148396015,3,37889,zk_2d_o3
5.457605425362999e-07,5.321333560459607e-07,1.1706010809575673e-05,1020.009269,2.2484950022771955e-05,real_tanh_autodiff,"Real AD (float32, tanh)",0.027525929734110832,3,38671,zk_2d_o3
7.289840482371801e-07,5.932138265052345e-07,1.0629832104314119e-05,1040.020135,2.3851811420172453e-05,real_tanh_autodiff,"Real AD (float32, tanh)",0.026673005893826485,3,39456,zk_2d_o3
4.216308866489271e-07,6.7165672135161e-07,9.668799975770526e-06,1060.013951,2.0601675714715384e-05,real_tanh_autodiff,"Real AD (float32, tanh)",0.02679802104830742,3,40245,zk_2d_o3
9.029359944179305e-07,7.137941793189384e-07,9.70242854236858e-06,1080.022453,2.5869730961858295e-05,real_tanh_autodiff,"Real AD (float32, tanh)",0.026825513690710068,3,41039,zk_2d_o3
1.5078815067681717e-06,1.1891345366166206e-06,9.547677109367214e-06,1100.01129,3.651783481473103e-05,real_tanh_autodiff,"Real AD (float32, tanh)",0.02635963447391987,3,41825,zk_2d_o3
3.6727837482430914e-07,2.50726998274331e-07,9.342425983049907e-06,1120.005782,1.5522478861385025e-05,real_tanh_autodiff,"Real AD (float32, tanh)",0.026051422581076622,3,42610,zk_2d_o3
1.3669357485923683e-06,1.0769192613224732e-06,1.0064559319289401e-05,1140.016708,3.450310759944841e-05,real_tanh_autodiff,"Real AD (float32, tanh)",0.026921000331640244,3,43401,zk_2d_o3
5.736331445405085e-07,1.401784288646013e-06,8.066372174653225e-06,1160.021887,2.782054798444733e-05,real_tanh_autodiff,"Real AD (float32, tanh)",0.025738753378391266,3,44190,zk_2d_o3
1.156453208750463e-06,6.614317271669279e-07,8.891386642062571e-06,1180.023029,2.7070236683357507e-05,real_tanh_autodiff,"Real AD (float32, tanh)",0.0257145706564188,3,44982,zk_2d_o3
3.8876078178873286e-07,5.333746457836241e-07,7.306858606170863e-06,1200.005089,1.6528212654520757e-05,real_tanh_autodiff,"Real AD (float32, tanh)",0.025479324162006378,3,45770,zk_2d_o3
0.007909541949629784,0.12539595365524292,0.00273765716701746,0.0,1.3357925415039062,war,"WAR (complex64, sinh)",1.159508466720581,4,0,zk_2d_o3
0.0005665078060701489,0.001055738888680935,0.0018682286608964205,20.006331,0.01809069514274597,war,"WAR (complex64, sinh)",0.5859812498092651,4,789,zk_2d_o3
0.0002101506106555462,0.0002317577600479126,0.0014097592793405056,40.015975,0.0058288429863750935,war,"WAR (complex64, sinh)",0.4909324049949646,4,1585,zk_2d_o3
1.789383532013744e-05,4.153858753852546e-05,0.0007870254339650273,60.001881,0.001381349633447826,war,"WAR (complex64, sinh)",0.4055192470550537,4,2379,zk_2d_o3
0.00015537011495325714,0.00013796878920402378,0.0004807672812603414,80.020028,0.0034141563810408115,war,"WAR (complex64, sinh)",0.33365297317504883,4,3174,zk_2d_o3
2.229635174444411e-05,1.682371112110559e-05,0.000349496491253376,100.021265,0.0007406971417367458,war,"WAR (complex64, sinh)",0.28822582960128784,4,3970,zk_2d_o3
1.7343567378702573e-05,2.400404991931282e-05,0.00019521857029758394,120.005011,0.0006086947396397591,war,"WAR (complex64, sinh)",0.2152848243713379,4,4765,zk_2d_o3
9.788365423446521e-05,5.808472269563936e-05,9.756820509210229e-05,140.005748,0.0016572519671171904,war,"WAR (complex64, sinh)",0.15295912325382233,4,5561,zk_2d_o3
2.1322170141502284e-05,2.0650924852816388e-05,9.023184975376353e-05,160.023486,0.0005099627887830138,war,"WAR (complex64, sinh)",0.15439102053642273,4,6358,zk_2d_o3
3.0378421797649935e-05,2.760929783107713e-05,6.984320498304442e-05,180.019208,0.0006497203721664846,war,"WAR (complex64, sinh)",0.1377531737089157,4,7155,zk_2d_o3
0.00015932768292259425,0.00013713014777749777,8.309628901770338e-05,200.005306,0.003047674661502242,war,"WAR (complex64, sinh)",0.1468164324760437,4,7951,zk_2d_o3
2.5699968318804167e-05,2.1236210159258917e-05,6.230807048268616e-05,220.017757,0.0005316698225215077,war,"WAR (complex64, sinh)",0.12719327211380005,4,8747,zk_2d_o3
2.5992442260758253e-06,3.331803782202769e-06,0.0001040913921315223,240.021265,0.0001634018699405715,war,"WAR (complex64, sinh)",0.1840226799249649,4,9541,zk_2d_o3
4.66939018224366e-05,4.423156497068703e-05,2.567358751548454e-05,260.024333,0.0009349282481707633,war,"WAR (complex64, sinh)",0.09898640960454941,4,10335,zk_2d_o3
4.026235546916723e-05,2.604778273962438e-05,2.4853441573213786e-05,280.010436,0.0006879548309370875,war,"WAR (complex64, sinh)",0.09557229280471802,4,11130,zk_2d_o3
2.4000763005460612e-05,1.606649675522931e-05,3.5724435292650014e-05,300.023192,0.00043639703653752804,war,"WAR (complex64, sinh)",0.11915428191423416,4,11926,zk_2d_o3
0.0002846808638423681,0.0001978768705157563,8.06748284958303e-05,320.018672,0.004906252026557922,war,"WAR (complex64, sinh)",0.17008338868618011,4,12718,zk_2d_o3
2.04741027118871e-05,1.96372111531673e-05,3.908096186933108e-05,340.017371,0.00044019409688189626,war,"WAR (complex64, sinh)",0.12225925922393799,4,13513,zk_2d_o3
5.016601789975539e-05,3.606284371926449e-05,1.391022033203626e-05,360.014176,0.0008761988719925284,war,"WAR (complex64, sinh)",0.07241826504468918,4,14308,zk_2d_o3
2.1730618300352944e-06,3.366049895703327e-06,1.9890354451490566e-05,380.021645,7.528147398261353e-05,war,"WAR (complex64, sinh)",0.08899398893117905,4,15080,zk_2d_o3
1.086378233594587e-05,5.947526005911641e-06,1.3002486412005965e-05,400.023915,0.0001811155816540122,war,"WAR (complex64, sinh)",0.07111980766057968,4,15836,zk_2d_o3
1.0218248007731745e-06,9.61861928772123e-07,1.3029035471845418e-05,420.004073,3.2865900720935315e-05,war,"WAR (complex64, sinh)",0.07369130104780197,4,16591,zk_2d_o3
8.053257261053659e-06,5.355674147722311e-06,8.623818757769186e-06,440.003821,0.000142713135574013,war,"WAR (complex64, sinh)",0.047065265476703644,4,17373,zk_2d_o3
3.9293277040997054e-06,1.1823373824881855e-05,1.801099642761983e-05,460.019348,0.00017553800716996193,war,"WAR (complex64, sinh)",0.09088444709777832,4,18170,zk_2d_o3
6.364920409396291e-06,5.067043275630567e-06,7.855302101233974e-06,480.004982,0.00012217494077049196,war,"WAR (complex64, sinh)",0.049777112901210785,4,18967,zk_2d_o3
3.5625751024781493e-06,5.487349881150294e-06,8.13936276244931e-06,500.022024,9.86386148724705e-05,war,"WAR (complex64, sinh)",0.05501917749643326,4,19762,zk_2d_o3
5.042897100793198e-06,7.369676950474968e-06,6.490230589406565e-06,520.021437,0.00013061598292551935,war,"WAR (complex64, sinh)",0.045355454087257385,4,20559,zk_2d_o3
4.26985297963256e-06,5.981312824587803e-06,1.0554829714237712e-05,540.023148,0.00011306648957543075,war,"WAR (complex64, sinh)",0.06386536359786987,4,21357,zk_2d_o3
9.600570592738222e-06,1.4927174561307766e-05,1.7225160263478756e-05,560.00465,0.00026250260998494923,war,"WAR (complex64, sinh)",0.0873449519276619,4,22153,zk_2d_o3
1.0216441296506673e-05,7.975181688379962e-06,6.9591224018950015e-06,580.00411,0.00018887534679379314,war,"WAR (complex64, sinh)",0.04713302105665207,4,22951,zk_2d_o3
0.00013409569510258734,7.917806942714378e-05,6.89901435180218e-06,600.020916,0.0021396365482360125,war,"WAR (complex64, sinh)",0.049846287816762924,4,23748,zk_2d_o3
1.4427302630792838e-05,1.32315544760786e-05,7.690508937230334e-06,620.009879,0.0002842790854629129,war,"WAR (complex64, sinh)",0.04371996596455574,4,24540,zk_2d_o3
1.2137340945628239e-06,1.0870302276089205e-06,4.6915238272049464e-06,640.013462,2.7699166821548715e-05,war,"WAR (complex64, sinh)",0.034384142607450485,4,25335,zk_2d_o3
1.7443516071580234e-06,4.738446932606166e-06,7.420452220685547e-06,660.002423,7.224844011943787e-05,war,"WAR (complex64, sinh)",0.05294409766793251,4,26130,zk_2d_o3
1.2708052054222208e-05,1.1394314242352266e-05,4.524098585534375e-06,680.007408,0.0002455477660987526,war,"WAR (complex64, sinh)",0.03369113430380821,4,26924,zk_2d_o3
2.43224781115714e-06,4.38745610154001e-06,4.195786459604278e-06,700.009614,7.239282422233373e-05,war,"WAR (complex64, sinh)",0.033764198422431946,4,27719,zk_2d_o3
5.217240754973318e-07,8.044479500313173e-07,3.513821866363287e-06,720.000904,1.677554246271029e-05,war,"WAR (complex64, sinh)",0.028763659298419952,4,28515,zk_2d_o3
1.4190229649102548e-06,1.1993076896033017e-06,3.665382337203482e-06,740.009988,2.9848688427591696e-05,war,"WAR (complex64, sinh)",0.031527262181043625,4,29285,zk_2d_o3
3.311236866920808e-07,4.6579413037761697e-07,4.007266397820786e-06,760.017433,1.1976444511674345e-05,war,"WAR (complex64, sinh)",0.033342283219099045,4,30037,zk_2d_o3
9.485432315159414e-07,1.0304845545761054e-06,3.34424930770183e-06,780.010507,2.3134527509682812e-05,war,"WAR (complex64, sinh)",0.026311486959457397,4,30806,zk_2d_o3
4.605686285685806e-07,6.686994993287954e-07,3.277855057604029e-06,800.00762,1.457053622289095e-05,war,"WAR (complex64, sinh)",0.027181509882211685,4,31603,zk_2d_o3
5.480109848576831e-06,3.524135991028743e-06,2.761808673312771e-06,820.003808,9.280426456825808e-05,war,"WAR (complex64, sinh)",0.02308712899684906,4,32400,zk_2d_o3
3.047360905839014e-07,3.740706233656965e-07,2.6646671358321328e-06,840.003588,9.452734047954436e-06,war,"WAR (complex64, sinh)",0.020327115431427956,4,33196,zk_2d_o3
1.7626900898903841e-06,1.1840639899673988e-06,2.3969359972397797e-06,860.008466,3.186447429470718e-05,war,"WAR (complex64, sinh)",0.021154969930648804,4,33990,zk_2d_o3
4.8213801164820325e-06,1.24528869491769e-05,2.470213303240598e-06,880.023381,0.00017521288827992976,war,"WAR (complex64, sinh)",0.021920688450336456,4,34788,zk_2d_o3
2.817023187162704e-06,1.842966526055534e-06,2.2078183974372223e-06,900.011,4.880771666648798e-05,war,"WAR (complex64, sinh)",0.0194944366812706,4,35586,zk_2d_o3
2.2900255771673983e-06,1.4464333162322873e-06,1.8230989553558175e-06,920.017343,3.9187689253594726e-05,war,"WAR (complex64, sinh)",0.017449431121349335,4,36358,zk_2d_o3
1.0885846677410882e-06,1.5876140651016613e-06,2.160938038286986e-06,940.004243,2.8922924684593454e-05,war,"WAR (complex64, sinh)",0.018889348953962326,4,37111,zk_2d_o3
1.2948710264026886e-06,1.4124263998382958e-06,1.999927462748019e-06,960.019838,2.9072902179905213e-05,war,"WAR (complex64, sinh)",0.01667293906211853,4,37865,zk_2d_o3
1.8495931897177798e-07,2.208076779197654e-07,1.6921354699661606e-06,980.007023,5.749805495725013e-06,war,"WAR (complex64, sinh)",0.014282584190368652,4,38615,zk_2d_o3
4.985796294931788e-06,4.673352123063523e-06,1.8147711671190336e-06,1000.002944,9.840624989010394e-05,war,"WAR (complex64, sinh)",0.014785737730562687,4,39367,zk_2d_o3
2.391845441707119e-07,1.9579516674639308e-07,1.5127093320188578e-06,1020.009035,5.8625064411899075e-06,war,"WAR (complex64, sinh)",0.013097752816975117,4,40155,zk_2d_o3
2.6691836296777183e-07,2.5875459641611087e-07,1.4009608548803953e-06,1040.007308,6.657690846623154e-06,war,"WAR (complex64, sinh)",0.012505851686000824,4,40942,zk_2d_o3
5.08458526837785e-07,4.312272494644276e-07,1.3489436696545454e-06,1060.006552,1.0745801773737185e-05,war,"WAR (complex64, sinh)",0.011409970000386238,4,41739,zk_2d_o3
1.3342473437205626e-07,1.9856531707773684e-07,1.4473361034106347e-06,1080.0054,4.767236532643437e-06,war,"WAR (complex64, sinh)",0.01132657565176487,4,42535,zk_2d_o3
2.074771145998966e-07,2.571031245679478e-07,1.3838675840815995e-06,1100.019214,6.029669748386368e-06,war,"WAR (complex64, sinh)",0.010818609967827797,4,43331,zk_2d_o3
6.850615932307846e-07,8.793713277555071e-07,1.2679524843406398e-06,1120.014474,1.6912281353143044e-05,war,"WAR (complex64, sinh)",0.01043886598199606,4,44097,zk_2d_o3
7.963633947838389e-07,4.344811088685674e-07,1.2128158459745464e-06,1140.016016,1.3521261280402541e-05,war,"WAR (complex64, sinh)",0.010415120050311089,4,44807,zk_2d_o3
2.963305689718254e-07,2.1546981088249595e-07,1.1871579772559926e-06,1160.00488,6.30516160526895e-06,war,"WAR (complex64, sinh)",0.00948320236057043,4,45520,zk_2d_o3
4.863501885665755e-07,4.38397023572179e-07,1.111247911467217e-06,1180.015555,1.0358719919167925e-05,war,"WAR (complex64, sinh)",0.010013153776526451,4,46238,zk_2d_o3
1.202163986135929e-07,1.3030891921061993e-07,1.178170123239397e-06,1200.022315,3.6834233014815254e-06,war,"WAR (complex64, sinh)",0.009023328311741352,4,46955,zk_2d_o3
0.06767740100622177,0.11937126517295837,0.002484043827280402,0.0,1.8729708194732666,real_tanh_autodiff,"Real AD (float32, tanh)",1.3301115036010742,4,0,zk_2d_o3
0.001915465109050274,0.0015894672833383083,0.012663425877690315,20.000267,0.04771275073289871,real_tanh_autodiff,"Real AD (float32, tanh)",0.8775180578231812,4,793,zk_2d_o3
0.001503721228800714,0.0006950244423933327,0.008191606029868126,40.000554,0.030179062858223915,real_tanh_autodiff,"Real AD (float32, tanh)",0.8455867767333984,4,1609,zk_2d_o3
0.001666154945269227,0.0009371276246383786,0.004633322358131409,60.008064,0.03066614642739296,real_tanh_autodiff,"Real AD (float32, tanh)",0.920493483543396,4,2424,zk_2d_o3
0.00021929747890681028,0.0003225092077627778,0.0030360613018274307,80.019009,0.008454128168523312,real_tanh_autodiff,"Real AD (float32, tanh)",0.8357701897621155,4,3244,zk_2d_o3
0.0001235745585290715,0.0002642523031681776,0.001796562341041863,100.018031,0.005674830637872219,real_tanh_autodiff,"Real AD (float32, tanh)",0.709044873714447,4,4064,zk_2d_o3
0.00011197347339475527,8.306415111292154e-05,0.0011278006713837385,120.021081,0.003078176872804761,real_tanh_autodiff,"Real AD (float32, tanh)",0.6069023609161377,4,4880,zk_2d_o3
9.186924580717459e-05,5.8725050621433184e-05,0.0007892207941040397,140.022207,0.002295163692906499,real_tanh_autodiff,"Real AD (float32, tanh)",0.5321230292320251,4,5700,zk_2d_o3
8.870611054589972e-05,0.00013650111213792115,0.0005409335717558861,160.015218,0.0027930056676268578,real_tanh_autodiff,"Real AD (float32, tanh)",0.47803154587745667,4,6502,zk_2d_o3
1.806487671274226e-05,6.574352300958708e-05,0.0004341953608673066,180.015087,0.001272279303520918,real_tanh_autodiff,"Real AD (float32, tanh)",0.3980788290500641,4,7240,zk_2d_o3
0.0003480400191619992,0.00020923733245581388,0.000346827000612393,200.005692,0.005919600836932659,real_tanh_autodiff,"Real AD (float32, tanh)",0.3764658570289612,4,7974,zk_2d_o3
5.36164989171084e-05,3.475444464129396e-05,0.0002829636796377599,220.018248,0.001166673144325614,real_tanh_autodiff,"Real AD (float32, tanh)",0.3072447180747986,4,8746,zk_2d_o3
1.703453563095536e-05,1.5560650354018435e-05,0.00020671574748121202,240.016832,0.0005326676182448864,real_tanh_autodiff,"Real AD (float32, tanh)",0.26638275384902954,4,9563,zk_2d_o3
1.4273059605329763e-05,8.046496077440679e-06,0.00017503643175587058,260.021888,0.0003982319904025644,real_tanh_autodiff,"Real AD (float32, tanh)",0.2468893826007843,4,10380,zk_2d_o3
0.0002704378857742995,0.00021535415726248175,0.0001345105847576633,280.024562,0.004992431029677391,real_tanh_autodiff,"Real AD (float32, tanh)",0.22010469436645508,4,11195,zk_2d_o3
1.1176692169101443e-05,3.566580926417373e-05,0.00012013673403998837,300.000166,0.0005885617574676871,real_tanh_autodiff,"Real AD (float32, tanh)",0.20257435739040375,4,11928,zk_2d_o3
1.2434664313332178e-05,9.682953532319516e-06,0.00010809377999976277,320.01136,0.00032926996937021613,real_tanh_autodiff,"Real AD (float32, tanh)",0.18908773362636566,4,12662,zk_2d_o3
0.00011496767547214404,5.832950773765333e-05,9.383532596984878e-05,340.014985,0.0018268071580678225,real_tanh_autodiff,"Real AD (float32, tanh)",0.17296051979064941,4,13403,zk_2d_o3
4.354916381998919e-05,0.00025685440050438046,8.213910041376948e-05,360.020168,0.0030861746054142714,real_tanh_autodiff,"Real AD (float32, tanh)",0.16251589357852936,4,14215,zk_2d_o3
8.542494470020756e-06,6.1626810747839045e-06,7.154171180445701e-05,380.019521,0.0002185934572480619,real_tanh_autodiff,"Real AD (float32, tanh)",0.1547859162092209,4,15029,zk_2d_o3
1.547287502035033e-05,8.79908930073725e-06,6.534128624480218e-05,400.024198,0.0003080609312746674,real_tanh_autodiff,"Real AD (float32, tanh)",0.1404479444026947,4,15841,zk_2d_o3
6.435043360397685e-06,5.095081633044174e-06,5.790691284346394e-05,420.020587,0.00017320815823040903,real_tanh_autodiff,"Real AD (float32, tanh)",0.1337532103061676,4,16654,zk_2d_o3
2.7007708922610618e-05,2.230984318885021e-05,5.607594357570633e-05,440.021981,0.0005492514465004206,real_tanh_autodiff,"Real AD (float32, tanh)",0.1263207197189331,4,17392,zk_2d_o3
5.268299446470337e-06,8.7303742475342e-06,5.2844756282866e-05,460.005028,0.0001928315032273531,real_tanh_autodiff,"Real AD (float32, tanh)",0.11868704110383987,4,18070,zk_2d_o3
3.8750487874494866e-05,3.997416206402704e-05,5.2706876886077225e-05,480.014325,0.0008399533689953387,real_tanh_autodiff,"Real AD (float32, tanh)",0.11842423677444458,4,18749,zk_2d_o3
4.201487172394991e-05,2.8318449039943516e-05,4.7684985474916175e-05,500.011533,0.0007510181749239564,real_tanh_autodiff,"Real AD (float32, tanh)",0.11138123273849487,4,19430,zk_2d_o3
2.9512622859328985e-05,0.00012077904102625325,4.3087136873509735e-05,520.019513,0.0015460038557648659,real_tanh_autodiff,"Real AD (float32, tanh)",0.10799863934516907,4,20112,zk_2d_o3
4.0451737731928006e-05,2.5366032787133008e-05,4.000189801445231e-05,540.021317,0.0006981795886531472,real_tanh_autodiff,"Real AD (float32, tanh)",0.09845493733882904,4,20795,zk_2d_o3
4.621844709618017e-06,7.890472261351533e-06,3.81468198611401e-05,560.014671,0.0001632699859328568,real_tanh_autodiff,"Real AD (float32, tanh)",0.09302250295877457,4,21474,zk_2d_o3
4.911965879728086e-05,2.625613342388533e-05,3.5542077966965735e-05,580.013241,0.0007893000147305429,real_tanh_autodiff,"Real AD (float32, tanh)",0.09710279852151871,4,22152,zk_2d_o3
7.869772525737062e-05,0.00011351479042787105,3.293158806627616e-05,600.020119,0.0019550565630197525,real_tanh_autodiff,"Real AD (float32, tanh)",0.08629912883043289,4,22833,zk_2d_o3
0.00034508301177993417,0.00028120671049691737,3.370622653164901e-05,620.009645,0.006296603009104729,real_tanh_autodiff,"Real AD (float32, tanh)",0.1176290363073349,4,23514,zk_2d_o3
1.9598180642788066e-06,3.214141315766028e-06,3.167998147546314e-05,640.022836,8.34195816423744e-05,real_tanh_autodiff,"Real AD (float32, tanh)",0.0768139660358429,4,24197,zk_2d_o3
8.043950947467238e-05,7.694070518482476e-05,2.814593244693242e-05,660.028444,0.0016019479371607304,real_tanh_autodiff,"Real AD (float32, tanh)",0.07180293649435043,4,24877,zk_2d_o3
1.702036206552293e-05,1.4184261999616865e-05,2.6961039111483842e-05,680.01379,0.00033900729613378644,real_tanh_autodiff,"Real AD (float32, tanh)",0.07165694981813431,4,25560,zk_2d_o3
5.4930601436353754e-06,6.515892437164439e-06,2.53422767855227e-05,700.027828,0.00014543179713655263,real_tanh_autodiff,"Real AD (float32, tanh)",0.06617411971092224,4,26246,zk_2d_o3
3.850753273582086e-06,3.2116795409820043e-06,2.348507769056596e-05,720.001515,9.410940401721746e-05,real_tanh_autodiff,"Real AD (float32, tanh)",0.06277898699045181,4,26929,zk_2d_o3
5.080234586785082e-06,4.616513251676224e-06,2.1865636881557293e-05,740.022748,0.00011883311526617035,real_tanh_autodiff,"Real AD (float32, tanh)",0.06264642626047134,4,27614,zk_2d_o3
1.8489766944185249e-06,1.0475800991116557e-06,2.0707497242256068e-05,760.013939,4.967306449543685e-05,real_tanh_autodiff,"Real AD (float32, tanh)",0.05579155683517456,4,28295,zk_2d_o3
7.207043381640688e-06,2.364170904911589e-05,2.021841282839887e-05,780.028377,0.00032870593713596463,real_tanh_autodiff,"Real AD (float32, tanh)",0.05594946816563606,4,28975,zk_2d_o3
7.881414603616577e-06,4.065072062076069e-06,1.8419430489302613e-05,800.014457,0.00013788430078420788,real_tanh_autodiff,"Real AD (float32, tanh)",0.05188509821891785,4,29654,zk_2d_o3
5.443807094707154e-05,2.5767529223230667e-05,1.8238275515614077e-05,820.018756,0.0008202942553907633,real_tanh_autodiff,"Real AD (float32, tanh)",0.05388360843062401,4,30333,zk_2d_o3
6.041191227268428e-06,7.2410352913721e-06,1.7077843949664384e-05,840.022942,0.00014990010822657496,real_tanh_autodiff,"Real AD (float32, tanh)",0.052508387714624405,4,31015,zk_2d_o3
2.2341359908750746e-06,1.9232638805988245e-06,1.5898844139883295e-05,860.021657,5.747284012613818e-05,real_tanh_autodiff,"Real AD (float32, tanh)",0.04600893333554268,4,31698,zk_2d_o3
3.5849877804139396e-06,6.186891368997749e-06,1.6090010831248946e-05,880.014003,0.00011380879732314497,real_tanh_autodiff,"Real AD (float32, tanh)",0.04464653506875038,4,32383,zk_2d_o3
3.0989740480436012e-06,1.8938288803838077e-06,1.5278325008694082e-05,900.00918,6.520635361084715e-05,real_tanh_autodiff,"Real AD (float32, tanh)",0.042683981359004974,4,33156,zk_2d_o3
1.0884449466175283e-06,1.059328269548132e-06,1.5158478163357358e-05,920.000798,3.663621100713499e-05,real_tanh_autodiff,"Real AD (float32, tanh)",0.04057079181075096,4,33967,zk_2d_o3
4.906515187030891e-06,2.4491669137205463e-06,1.4110388292465359e-05,940.006298,8.766721293795854e-05,real_tanh_autodiff,"Real AD (float32, tanh)",0.039284657686948776,4,34774,zk_2d_o3
1.5763500869070413e-06,3.270626621088013e-06,1.2754035196849145e-05,960.022143,6.122380000306293e-05,real_tanh_autodiff,"Real AD (float32, tanh)",0.038519810885190964,4,35576,zk_2d_o3
4.283184352971148e-06,5.41275403520558e-06,1.2254517969267908e-05,980.017714,0.0001092139063985087,real_tanh_autodiff,"Real AD (float32, tanh)",0.03923686966300011,4,36375,zk_2d_o3
1.568914399285859e-06,1.4969100448070094e-06,1.2151418559369631e-05,1000.001828,4.2809660953935236e-05,real_tanh_autodiff,"Real AD (float32, tanh)",0.036361921578645706,4,37177,zk_2d_o3
6.485341259576671e-07,4.390550998323306e-07,1.1879304111062083e-05,1020.021274,2.2755197278456762e-05,real_tanh_autodiff,"Real AD (float32, tanh)",0.03517341613769531,4,37986,zk_2d_o3
7.348629651460215e-07,6.235999308046303e-07,1.1107913451269269e-05,1040.004182,2.4692542865523137e-05,real_tanh_autodiff,"Real AD (float32, tanh)",0.03441999480128288,4,38796,zk_2d_o3
6.346808731905185e-07,6.702969130856218e-07,1.098276516131591e-05,1060.012504,2.4032542569329962e-05,real_tanh_autodiff,"Real AD (float32, tanh)",0.03405294194817543,4,39614,zk_2d_o3
6.714805067531415e-07,4.5188883746050124e-07,9.421608410775661e-06,1080.016821,2.065530134132132e-05,real_tanh_autodiff,"Real AD (float32, tanh)",0.03283195570111275,4,40425,zk_2d_o3
7.020965426818293e-07,3.9271151308639674e-07,9.80529875960201e-06,1100.008838,2.075337943097111e-05,real_tanh_autodiff,"Real AD (float32, tanh)",0.032526347786188126,4,41240,zk_2d_o3
4.039002021727356e-07,3.3392700515832985e-07,8.947094102040865e-06,1120.003191,1.6325366232194938e-05,real_tanh_autodiff,"Real AD (float32, tanh)",0.031550824642181396,4,41984,zk_2d_o3
5.368628990254365e-07,4.809684810425097e-07,8.645713933219668e-06,1140.008604,1.8824028302333318e-05,real_tanh_autodiff,"Real AD (float32, tanh)",0.03080543503165245,4,42794,zk_2d_o3
9.175162745123089e-07,4.2082203322024725e-07,8.923279892769642e-06,1160.000833,2.230666359537281e-05,real_tanh_autodiff,"Real AD (float32, tanh)",0.030107179656624794,4,43596,zk_2d_o3
1.2600070249391138e-06,1.5296395758923609e-06,8.423568033322226e-06,1180.01281,3.632003426901065e-05,real_tanh_autodiff,"Real AD (float32, tanh)",0.029296431690454483,4,44403,zk_2d_o3
2.0392931219248567e-06,1.2569976206577849e-06,8.48364652483724e-06,1200.005225,4.1446553950663656e-05,real_tanh_autodiff,"Real AD (float32, tanh)",0.0303416159003973,4,45212,zk_2d_o3
