task_id,candidate_id,candidate_index,weight_labels,weights,weight_map,war_status,war_loss,war_rel_error,war_steps,war_history_points,war_log_final_has_loss,war_log_final_has_rel_error,war_final_metrics_source,realad_status,realad_loss,realad_rel_error,realad_steps,realad_history_points,realad_log_final_has_loss,realad_log_final_has_rel_error,realad_final_metrics_source,paired_complete,geometric_mean_rel_error,max_rel_error,mean_rel_error
poly_d2_o2,point_000,0,"[""1e-3""]",[0.001],"{""w_u"":0.001}",complete,9.452330175397585e-06,0.03342397385334869,967,13,False,True,candidate_json_top_level,complete,1.2330570576812362e-05,0.0905878834029448,2444,13,False,True,candidate_json_top_level,True,0.055025512685391915,0.0905878834029448,0.062005928628146745
poly_d2_o2,point_001,1,"[""1e-2""]",[0.01],"{""w_u"":0.01}",complete,8.373043356355503e-06,0.0058205735470533825,965,13,False,True,candidate_json_top_level,complete,5.616353950152028e-06,0.014110684367421205,2422,13,False,True,candidate_json_top_level,True,0.009062685924152483,0.014110684367421205,0.009965628957237294
poly_d2_o2,point_002,2,"[""1e-1""]",[0.1],"{""w_u"":0.1}",complete,8.195562738520443e-06,0.0010139278245799702,967,13,False,True,candidate_json_top_level,complete,9.470876664476262e-06,0.003740178422118903,2444,13,False,True,candidate_json_top_level,True,0.0019473754057910777,0.003740178422118903,0.0023770531233494366
poly_d2_o2,point_003,3,"[""1e+0""]",[1.0],"{""w_u"":1.0}",complete,8.993025928876755e-06,0.00045797371451688503,962,13,True,True,text_log_final_line,complete,0.0003337345941740828,0.0053944316866919905,2427,13,True,True,text_log_final_line,True,0.001571784946251209,0.0053944316866919905,0.002926202700604438
poly_d2_o2,point_004,4,"[""1e+1""]",[10.0],"{""w_u"":10.0}",complete,2.2441695392378155e-05,0.0009093189630813055,962,13,True,True,text_log_final_line,complete,0.021744503622634116,0.10611828993926276,2455,13,True,True,text_log_final_line,True,0.009823205860182904,0.10611828993926276,0.05351380445117203
poly_d2_o2,point_005,5,"[""1e+2""]",[100.0],"{""w_u"":100.0}",complete,0.00013153664016520247,0.0051158646515672025,964,13,True,True,text_log_final_line,complete,0.1313005040304108,0.8610148987063697,2468,13,True,True,text_log_final_line,True,0.06636893614308302,0.8610148987063697,0.43306538167896846
poly_d2_o2,point_006,6,"[""1e+3""]",[1000.0],"{""w_u"":1000.0}",complete,0.0033152854084487725,0.0907158633087419,963,13,True,True,text_log_final_line,complete,0.23878703719385388,0.9996853993614445,2451,13,True,True,text_log_final_line,True,0.3011433612753531,0.9996853993614445,0.5452006313350932
poly_d2_o4,point_000,0,"[""1e-3"",""1e-3""]","[0.001,0.001]","{""w_Delta_u"":0.001,""w_u"":0.001}",complete,4.061669338841716e-05,0.16268134973299453,240,13,True,True,text_log_final_line,complete,0.00015532103707963348,0.5276219271951392,394,13,True,True,text_log_final_line,True,0.29297482360235155,0.5276219271951392,0.3451516384640669
poly_d2_o4,point_001,1,"[""1e-3"",""1e-2""]","[0.001,0.01]","{""w_Delta_u"":0.01,""w_u"":0.001}",complete,5.1348723431582295e-05,0.08822336071821855,240,13,True,True,text_log_final_line,complete,0.0002976545284425802,0.3122263805681201,393,13,True,True,text_log_final_line,True,0.16596885430286323,0.3122263805681201,0.20022487064316932
poly_d2_o4,point_002,2,"[""1e-3"",""1e-1""]","[0.001,0.1]","{""w_Delta_u"":0.1,""w_u"":0.001}",complete,2.4684165924614173e-05,0.05968777016146912,240,13,True,True,text_log_final_line,complete,0.00028890378848665853,0.3904437262995234,393,13,True,True,text_log_final_line,True,0.15265882023765776,0.3904437262995234,0.22506574823049624
poly_d2_o4,point_003,3,"[""1e-3"",""1e+0""]","[0.001,1.0]","{""w_Delta_u"":1.0,""w_u"":0.001}",complete,2.72835629565599e-05,0.07063084069609217,240,13,True,True,text_log_final_line,complete,0.0002764460565516176,0.437221553441734,393,13,True,True,text_log_final_line,True,0.17573083363496875,0.437221553441734,0.2539261970689131
poly_d2_o4,point_004,4,"[""1e-3"",""1e+1""]","[0.001,10.0]","{""w_Delta_u"":10.0,""w_u"":0.001}",complete,5.027030386460563e-05,0.10293741739366255,240,13,True,True,text_log_final_line,complete,0.0027853047892653204,1.6159634055360919,393,13,True,True,text_log_final_line,True,0.4078518107947457,1.6159634055360919,0.8594504114648772
poly_d2_o4,point_005,5,"[""1e-3"",""1e+2""]","[0.001,100.0]","{""w_Delta_u"":100.0,""w_u"":0.001}",complete,0.0003040173031767717,0.21366782560251704,240,13,True,True,text_log_final_line,complete,0.010534451537204531,2.0911621749901594,396,13,True,True,text_log_final_line,True,0.668441526920925,2.0911621749901594,1.1524150002963383
poly_d2_o4,point_006,6,"[""1e-3"",""1e+3""]","[0.001,1000.0]","{""w_Delta_u"":1000.0,""w_u"":0.001}",complete,0.010868992279968716,0.3963484912970216,240,13,True,True,text_log_final_line,complete,0.12420892658972407,2.0364551878336385,395,13,True,True,text_log_final_line,True,0.8984130126461077,2.0364551878336385,1.21640183956533
poly_d2_o4,point_007,7,"[""1e-2"",""1e-3""]","[0.01,0.001]","{""w_Delta_u"":0.001,""w_u"":0.01}",complete,5.19555039820493e-05,0.08685609369759247,240,13,True,True,text_log_final_line,complete,0.0004751350512244871,0.2987943441850365,394,13,True,True,text_log_final_line,True,0.16109658455363424,0.2987943441850365,0.19282521894131446
poly_d2_o4,point_008,8,"[""1e-2"",""1e-2""]","[0.01,0.01]","{""w_Delta_u"":0.01,""w_u"":0.01}",complete,4.0903515636167226e-05,0.04868116821913461,240,13,True,True,text_log_final_line,complete,0.0005748850764153566,0.2365539882404105,394,13,True,True,text_log_final_line,True,0.10731134373605902,0.2365539882404105,0.14261757822977256
poly_d2_o4,point_009,9,"[""1e-2"",""1e-1""]","[0.01,0.1]","{""w_Delta_u"":0.1,""w_u"":0.01}",complete,2.6330466995108864e-05,0.022561400913340225,240,13,True,True,text_log_final_line,complete,0.0003173632839167525,0.11037509514898312,394,13,True,True,text_log_final_line,True,0.049902071825769743,0.11037509514898312,0.06646824803116168
poly_d2_o4,point_010,10,"[""1e-2"",""1e+0""]","[0.01,1.0]","{""w_Delta_u"":1.0,""w_u"":0.01}",complete,2.9452997995484486e-05,0.02410596221303928,240,13,True,True,text_log_final_line,complete,0.00020257041655752703,0.08739430300739265,392,13,True,True,text_log_final_line,True,0.04589906062144532,0.08739430300739265,0.05575013261021596
poly_d2_o4,point_011,11,"[""1e-2"",""1e+1""]","[0.01,10.0]","{""w_Delta_u"":10.0,""w_u"":0.01}",complete,5.1690908599436155e-05,0.030617897782816143,240,13,True,True,text_log_final_line,complete,0.0014171155872803464,0.29530741970200286,393,13,True,True,text_log_final_line,True,0.0950878141032967,0.29530741970200286,0.1629626587424095
poly_d2_o4,point_012,12,"[""1e-2"",""1e+2""]","[0.01,100.0]","{""w_Delta_u"":100.0,""w_u"":0.01}",complete,0.0003397142088688715,0.08479171750818539,240,13,True,True,text_log_final_line,complete,0.017980724770010923,1.1539190772467784,394,13,True,True,text_log_final_line,True,0.31279830630170424,1.1539190772467784,0.6193553973774819
poly_d2_o4,point_013,13,"[""1e-2"",""1e+3""]","[0.01,1000.0]","{""w_Delta_u"":1000.0,""w_u"":0.01}",complete,0.011171428369906007,0.3648341746378378,240,13,True,True,text_log_final_line,complete,0.117817462611311,1.7225484045550474,393,13,True,True,text_log_final_line,True,0.7927449308885961,1.7225484045550474,1.0436912895964425
poly_d2_o4,point_014,14,"[""1e-1"",""1e-3""]","[0.1,0.001]","{""w_Delta_u"":0.001,""w_u"":0.1}",complete,1.6740385369324104e-05,0.04533343959737343,240,13,True,True,text_log_final_line,complete,0.0033222285335203863,0.27984513847737114,392,13,True,True,text_log_final_line,True,0.11263366584544121,0.27984513847737114,0.1625892890373723
poly_d2_o4,point_015,15,"[""1e-1"",""1e-2""]","[0.1,0.01]","{""w_Delta_u"":0.01,""w_u"":0.1}",complete,2.2213748576584145e-05,0.02760054365840375,240,13,True,True,text_log_final_line,complete,0.003866659055389281,0.2709336675041285,394,13,True,True,text_log_final_line,True,0.08647494734591715,0.2709336675041285,0.14926710558126613
poly_d2_o4,point_016,16,"[""1e-1"",""1e-1""]","[0.1,0.1]","{""w_Delta_u"":0.1,""w_u"":0.1}",complete,2.7716568566964076e-05,0.006797810586372248,240,13,True,True,text_log_final_line,complete,0.004824882631044001,0.1698885519852643,393,13,True,True,text_log_final_line,True,0.03398338119123642,0.1698885519852643,0.08834318128581828
poly_d2_o4,point_017,17,"[""1e-1"",""1e+0""]","[0.1,1.0]","{""w_Delta_u"":1.0,""w_u"":0.1}",complete,2.8427398434134156e-05,0.005591773212874354,240,13,True,True,text_log_final_line,complete,0.001344846337962567,0.0944726283601376,393,13,True,True,text_log_final_line,True,0.02298411435348448,0.0944726283601376,0.05003220078650598
poly_d2_o4,point_018,18,"[""1e-1"",""1e+1""]","[0.1,10.0]","{""w_Delta_u"":10.0,""w_u"":0.1}",complete,5.3448002550791115e-05,0.011341342655126098,240,13,True,True,text_log_final_line,complete,0.0015792964238123374,0.15219599301332815,396,13,True,True,text_log_final_line,True,0.0415464427779483,0.15219599301332815,0.08176866783422712
poly_d2_o4,point_019,19,"[""1e-1"",""1e+2""]","[0.1,100.0]","{""w_Delta_u"":100.0,""w_u"":0.1}",complete,0.00038702051983014466,0.03519146218288109,240,13,True,True,text_log_final_line,complete,0.011742415486846862,0.5877211162356802,395,13,True,True,text_log_final_line,True,0.14381503897746092,0.5877211162356802,0.31145628920928065
poly_d2_o4,point_020,20,"[""1e-1"",""1e+3""]","[0.1,1000.0]","{""w_Delta_u"":1000.0,""w_u"":0.1}",complete,0.011516912774862205,0.22800247101232937,240,13,True,True,text_log_final_line,complete,0.10654840498644885,1.25667088331457,393,13,True,True,text_log_final_line,True,0.5352794285650894,1.25667088331457,0.7423366771634498
poly_d2_o4,point_021,21,"[""1e+0"",""1e-3""]","[1.0,0.001]","{""w_Delta_u"":0.001,""w_u"":1.0}",complete,2.280889149170503e-05,0.05312860112915988,240,13,True,True,text_log_final_line,complete,0.02775984156047363,0.3943111449500605,393,13,True,True,text_log_final_line,True,0.14473838309458245,0.3943111449500605,0.2237198730396102
poly_d2_o4,point_022,22,"[""1e+0"",""1e-2""]","[1.0,0.01]","{""w_Delta_u"":0.01,""w_u"":1.0}",complete,3.147676874057772e-05,0.04236777701578412,241,13,True,True,text_log_final_line,complete,0.024487018769279303,0.222365940848683,393,13,True,True,text_log_final_line,True,0.09706261173995909,0.222365940848683,0.13236685893223354
poly_d2_o4,point_023,23,"[""1e+0"",""1e-1""]","[1.0,0.1]","{""w_Delta_u"":0.1,""w_u"":1.0}",complete,4.105876144224075e-05,0.012057137319387816,240,13,True,True,text_log_final_line,complete,0.03032679074248451,0.17166844891658126,395,13,True,True,text_log_final_line,True,0.045495385062592146,0.17166844891658126,0.09186279311798454
poly_d2_o4,point_024,24,"[""1e+0"",""1e+0""]","[1.0,1.0]","{""w_Delta_u"":1.0,""w_u"":1.0}",complete,3.573763539893798e-05,0.004571065138301653,240,13,True,True,text_log_final_line,complete,0.04180338298511918,0.31429948819957165,396,13,True,True,text_log_final_line,True,0.03790360713039214,0.31429948819957165,0.15943527666893664
poly_d2_o4,point_025,25,"[""1e+0"",""1e+1""]","[1.0,10.0]","{""w_Delta_u"":10.0,""w_u"":1.0}",complete,5.975526248411988e-05,0.01246035080048455,240,13,True,True,text_log_final_line,complete,0.021061801647020685,0.371087739549116,395,13,True,True,text_log_final_line,True,0.06799914273386709,0.371087739549116,0.1917740451748003
poly_d2_o4,point_026,26,"[""1e+0"",""1e+2""]","[1.0,100.0]","{""w_Delta_u"":100.0,""w_u"":1.0}",complete,0.0005440845033178539,0.013056876530442442,241,13,True,True,text_log_final_line,complete,0.04512011552678895,0.6068760230155582,393,13,True,True,text_log_final_line,True,0.08901632042384187,0.6068760230155582,0.3099664497730003
poly_d2_o4,point_027,27,"[""1e+0"",""1e+3""]","[1.0,1000.0]","{""w_Delta_u"":1000.0,""w_u"":1.0}",complete,0.014139833990422438,0.16865071265490594,240,13,True,True,text_log_final_line,complete,0.1405341967881272,0.7744760171120918,394,13,True,True,text_log_final_line,True,0.361408262523268,0.7744760171120918,0.47156336488349887
poly_d2_o4,point_028,28,"[""1e+1"",""1e-3""]","[10.0,0.001]","{""w_Delta_u"":0.001,""w_u"":10.0}",complete,8.90169140826269e-05,0.053973073161598245,240,13,True,True,text_log_final_line,complete,0.1834281698209943,1.1282354166565747,396,13,True,True,text_log_final_line,True,0.24676777076172565,1.1282354166565747,0.5911042449090864
poly_d2_o4,point_029,29,"[""1e+1"",""1e-2""]","[10.0,0.01]","{""w_Delta_u"":0.01,""w_u"":10.0}",complete,0.00010149602633563986,0.053521585362636834,240,13,True,True,text_log_final_line,complete,0.18355009383657314,1.1322135919871439,396,13,True,True,text_log_final_line,True,0.24616633890984688,1.1322135919871439,0.5928675886748903
poly_d2_o4,point_030,30,"[""1e+1"",""1e-1""]","[10.0,0.1]","{""w_Delta_u"":0.1,""w_u"":10.0}",complete,0.00017169642597392708,0.04873027632437749,240,13,True,True,text_log_final_line,complete,0.1846246937528774,1.114498850609176,394,13,True,True,text_log_final_line,True,0.2330447102025409,1.114498850609176,0.5816145634667768
poly_d2_o4,point_031,31,"[""1e+1"",""1e+0""]","[10.0,1.0]","{""w_Delta_u"":1.0,""w_u"":10.0}",complete,0.00018136829753027042,0.03989642745956277,240,13,True,True,text_log_final_line,complete,0.19084759882652425,1.0747886852513713,395,13,True,True,text_log_final_line,True,0.2070754181825795,1.0747886852513713,0.557342556355467
poly_d2_o4,point_032,32,"[""1e+1"",""1e+1""]","[10.0,10.0]","{""w_Delta_u"":10.0,""w_u"":10.0}",complete,0.0002444326458424821,0.06365322889057852,240,13,True,True,text_log_final_line,complete,0.21393824777997691,0.9658563102178251,393,13,True,True,text_log_final_line,True,0.24795135165936247,0.9658563102178251,0.5147547695542019
poly_d2_o4,point_033,33,"[""1e+1"",""1e+2""]","[10.0,100.0]","{""w_Delta_u"":100.0,""w_u"":10.0}",complete,0.00038320986976269706,0.07144055019421554,240,13,True,True,text_log_final_line,complete,0.23625795028318372,0.9917602481813994,395,13,True,True,text_log_final_line,True,0.266180197969028,0.9917602481813994,0.5316003991878074
poly_d2_o4,point_034,34,"[""1e+1"",""1e+3""]","[10.0,1000.0]","{""w_Delta_u"":1000.0,""w_u"":10.0}",complete,0.02085828033332481,0.21673348825581973,240,13,True,True,text_log_final_line,complete,0.2386753452647906,1.0000211888197212,395,13,True,True,text_log_final_line,True,0.46555137265679924,1.0000211888197212,0.6083773385377704
poly_d2_o4,point_035,35,"[""1e+2"",""1e-3""]","[100.0,0.001]","{""w_Delta_u"":0.001,""w_u"":100.0}",complete,0.00141064892217026,0.12536484774712353,240,13,True,True,text_log_final_line,complete,0.23888883763536653,0.9998590491542905,396,13,True,True,text_log_final_line,True,0.35404403323006495,0.9998590491542905,0.5626119484507071
poly_d2_o4,point_036,36,"[""1e+2"",""1e-2""]","[100.0,0.01]","{""w_Delta_u"":0.01,""w_u"":100.0}",complete,0.001426437107496117,0.12562779407283697,240,13,True,True,text_log_final_line,complete,0.23888916311712668,0.9998603729100463,393,13,True,True,text_log_final_line,True,0.35441536793645567,0.9998603729100463,0.5627440834914417
poly_d2_o4,point_037,37,"[""1e+2"",""1e-1""]","[100.0,0.1]","{""w_Delta_u"":0.1,""w_u"":100.0}",complete,0.0015563504202189661,0.1276626109059417,240,13,True,True,text_log_final_line,complete,0.2388887841910931,0.9998588341038597,397,13,True,True,text_log_final_line,True,0.35727382957483683,0.9998588341038597,0.5637607225049007
poly_d2_o4,point_038,38,"[""1e+2"",""1e+0""]","[100.0,1.0]","{""w_Delta_u"":1.0,""w_u"":100.0}",complete,0.0021370922139887817,0.13456612739786294,240,13,True,True,text_log_final_line,complete,0.23888879041872846,0.9998588782979984,397,13,True,True,text_log_final_line,True,0.3668066755075932,0.9998588782979984,0.5672125028479307
poly_d2_o4,point_039,39,"[""1e+2"",""1e+1""]","[100.0,10.0]","{""w_Delta_u"":10.0,""w_u"":100.0}",complete,0.0018875029040392546,0.12391571846700643,240,13,True,True,text_log_final_line,complete,0.23888891737368723,0.9998595904194925,397,13,True,True,text_log_final_line,True,0.35199193103387777,0.9998595904194925,0.5618876544432494
poly_d2_o4,point_040,40,"[""1e+2"",""1e+2""]","[100.0,100.0]","{""w_Delta_u"":100.0,""w_u"":100.0}",complete,0.002342114650221232,0.14159631149615673,240,13,True,True,text_log_final_line,complete,0.2388900975486148,0.9998668147276056,396,13,True,True,text_log_final_line,True,0.37626779420093887,0.9998668147276056,0.5707315631118812
poly_d2_o4,point_041,41,"[""1e+2"",""1e+3""]","[100.0,1000.0]","{""w_Delta_u"":1000.0,""w_u"":100.0}",complete,0.07871770469472951,0.550715395550693,240,13,True,True,text_log_final_line,complete,0.23889329750067378,0.9999126334184831,394,13,True,True,text_log_final_line,True,0.7420695933867625,0.9999126334184831,0.775314014484588
poly_d2_o4,point_042,42,"[""1e+3"",""1e-3""]","[1000.0,0.001]","{""w_Delta_u"":0.001,""w_u"":1000.0}",complete,0.22234615906423252,0.9628325536381529,240,13,True,True,text_log_final_line,complete,0.23893181837227087,1.0000241515985377,398,13,True,True,text_log_final_line,True,0.9812521630974617,1.0000241515985377,0.9814283526183454
poly_d2_o4,point_043,43,"[""1e+3"",""1e-2""]","[1000.0,0.01]","{""w_Delta_u"":0.01,""w_u"":1000.0}",complete,0.22232987288456335,0.9627959307691214,240,13,True,True,text_log_final_line,complete,0.23893179960802827,1.0000241425334044,398,13,True,True,text_log_final_line,True,0.9812334967285012,1.0000241425334044,0.9814100366512629
poly_d2_o4,point_044,44,"[""1e+3"",""1e-1""]","[1000.0,0.1]","{""w_Delta_u"":0.1,""w_u"":1000.0}",complete,0.2223320835660063,0.9627978860192841,240,13,True,True,text_log_final_line,complete,0.2389325327745786,1.0000244705264694,394,13,True,True,text_log_final_line,True,0.9812346539897776,1.0000244705264694,0.9814111782728767
poly_d2_o4,point_045,45,"[""1e+3"",""1e+0""]","[1000.0,1.0]","{""w_Delta_u"":1.0,""w_u"":1000.0}",complete,0.22239406917344293,0.9629055415768235,240,13,True,True,text_log_final_line,complete,0.23893200426087619,1.0000242311431375,397,13,True,True,text_log_final_line,True,0.9812893935424093,1.0000242311431375,0.9814648863599805
poly_d2_o4,point_046,46,"[""1e+3"",""1e+1""]","[1000.0,10.0]","{""w_Delta_u"":10.0,""w_u"":1000.0}",complete,0.22262115761947057,0.9631623401135015,241,13,True,True,text_log_final_line,complete,0.23893211282260135,1.000024272070517,396,13,True,True,text_log_final_line,True,0.9814202555774667,1.000024272070517,0.9815933060920092
poly_d2_o4,point_047,47,"[""1e+3"",""1e+2""]","[1000.0,100.0]","{""w_Delta_u"":100.0,""w_u"":1000.0}",complete,0.22445671662601335,0.9666953680961903,241,13,True,True,text_log_final_line,complete,0.23893272178221833,1.0000244786381203,395,13,True,True,text_log_final_line,True,0.9832187098922999,1.0000244786381203,0.9833599233671553
poly_d2_o4,point_048,48,"[""1e+3"",""1e+3""]","[1000.0,1000.0]","{""w_Delta_u"":1000.0,""w_u"":1000.0}",complete,0.22880922890654967,0.9773329338544028,241,13,True,True,text_log_final_line,complete,0.2389349427843063,1.0000251240913278,395,13,True,True,text_log_final_line,True,0.9886139228517322,1.0000251240913278,0.9886790289728653
poly_d2_o6,point_000,0,"[""1e-3"",""1e-3"",""1e-3""]","[0.001,0.001,0.001]","{""w_Delta2_u"":0.001,""w_Delta_u"":0.001,""w_u"":0.001}",complete,0.00026571415163725615,0.29051456249340113,71,13,True,True,text_log_final_line,complete,0.072073461070016,3.442995056225108,64,13,True,True,text_log_final_line,True,1.0001200940018056,3.442995056225108,1.8667548093592545
poly_d2_o6,point_001,1,"[""1e-3"",""1e-3"",""1e-2""]","[0.001,0.001,0.01]","{""w_Delta2_u"":0.01,""w_Delta_u"":0.001,""w_u"":0.001}",complete,0.00036117365167118463,0.2886745378285845,71,13,True,True,text_log_final_line,complete,0.07378278532190637,3.4176951021323623,63,13,True,True,text_log_final_line,True,0.9932781856293214,3.4176951021323623,1.8531848199804735
poly_d2_o6,point_002,2,"[""1e-3"",""1e-3"",""1e-1""]","[0.001,0.001,0.1]","{""w_Delta2_u"":0.1,""w_Delta_u"":0.001,""w_u"":0.001}",complete,0.0005762961371879858,0.2863932591243225,71,13,True,True,text_log_final_line,complete,0.07526136118982951,3.388154346198841,63,13,True,True,text_log_final_line,True,0.9850606913404494,3.388154346198841,1.8372738026615816
poly_d2_o6,point_003,3,"[""1e-3"",""1e-3"",""1e+0""]","[0.001,0.001,1.0]","{""w_Delta2_u"":1.0,""w_Delta_u"":0.001,""w_u"":0.001}",complete,0.00025691989701405005,0.3831582028241463,71,13,True,True,text_log_final_line,complete,0.09039358353942992,2.937538257951599,63,13,True,True,text_log_final_line,True,1.0609155855410497,2.937538257951599,1.6603482303878727
poly_d2_o6,point_004,4,"[""1e-3"",""1e-3"",""1e+1""]","[0.001,0.001,10.0]","{""w_Delta2_u"":10.0,""w_Delta_u"":0.001,""w_u"":0.001}",complete,0.00025787309174750986,0.5077466897851663,71,13,True,True,text_log_final_line,complete,0.08174554802099841,2.1267615884964575,64,13,True,True,text_log_final_line,True,1.0391612755108413,2.1267615884964575,1.317254139140812
poly_d2_o6,point_005,5,"[""1e-3"",""1e-3"",""1e+2""]","[0.001,0.001,100.0]","{""w_Delta2_u"":100.0,""w_Delta_u"":0.001,""w_u"":0.001}",complete,0.0017401005186564854,0.8012302256896828,71,13,True,True,text_log_final_line,complete,0.05450494058653833,1.3079707348848577,64,13,True,True,text_log_final_line,True,1.0237117207042687,1.3079707348848577,1.0546004802872702
poly_d2_o6,point_006,6,"[""1e-3"",""1e-3"",""1e+3""]","[0.001,0.001,1000.0]","{""w_Delta2_u"":1000.0,""w_Delta_u"":0.001,""w_u"":0.001}",complete,0.21858314500009815,0.9467951181525908,71,13,True,True,text_log_final_line,complete,0.12411255797006124,0.9703194395570959,63,13,True,True,text_log_final_line,True,0.958485111215201,0.9703194395570959,0.9585572788548433
poly_d2_o6,point_007,7,"[""1e-3"",""1e-2"",""1e-3""]","[0.001,0.01,0.001]","{""w_Delta2_u"":0.001,""w_Delta_u"":0.01,""w_u"":0.001}",complete,0.00041775955358535927,0.26379413379253175,71,13,True,True,text_log_final_line,complete,0.07590097011683632,3.360981102850653,63,13,True,True,text_log_final_line,True,0.9415981620200605,3.360981102850653,1.8123876183215923
poly_d2_o6,point_008,8,"[""1e-3"",""1e-2"",""1e-2""]","[0.001,0.01,0.01]","{""w_Delta2_u"":0.01,""w_Delta_u"":0.01,""w_u"":0.001}",complete,0.0004927832455963405,0.2620095730881998,71,13,True,True,text_log_final_line,complete,0.07627330545105311,3.353227541971411,63,13,True,True,text_log_final_line,True,0.9373247658840147,3.353227541971411,1.8076185575298054
poly_d2_o6,point_009,9,"[""1e-3"",""1e-2"",""1e-1""]","[0.001,0.01,0.1]","{""w_Delta2_u"":0.1,""w_Delta_u"":0.01,""w_u"":0.001}",complete,0.0006222032795855805,0.2602315061430985,71,13,True,True,text_log_final_line,complete,0.07739222203691658,3.329232688458011,63,13,True,True,text_log_final_line,True,0.9307906514454607,3.329232688458011,1.7947320973005547
poly_d2_o6,point_010,10,"[""1e-3"",""1e-2"",""1e+0""]","[0.001,0.01,1.0]","{""w_Delta2_u"":1.0,""w_Delta_u"":0.01,""w_u"":0.001}",complete,0.0002897939212162446,0.3753965921782219,71,13,True,True,text_log_final_line,complete,0.09077351450256801,2.879961332929368,64,13,True,True,text_log_final_line,True,1.0397728934660369,2.879961332929368,1.6276789625537949
poly_d2_o6,point_011,11,"[""1e-3"",""1e-2"",""1e+1""]","[0.001,0.01,10.0]","{""w_Delta2_u"":10.0,""w_Delta_u"":0.01,""w_u"":0.001}",complete,0.0002893636612213291,0.49839497997266624,71,13,True,True,text_log_final_line,complete,0.08211640461943452,2.130296789690086,64,13,True,True,text_log_final_line,True,1.0304024581848714,2.130296789690086,1.3143458848313763
poly_d2_o6,point_012,12,"[""1e-3"",""1e-2"",""1e+2""]","[0.001,0.01,100.0]","{""w_Delta2_u"":100.0,""w_Delta_u"":0.01,""w_u"":0.001}",complete,0.0018096402185430618,0.796287450257035,71,13,True,True,text_log_final_line,complete,0.05633529657539924,1.3032644988847524,63,13,True,True,text_log_final_line,True,1.0187115218880425,1.3032644988847524,1.0497759745708937
poly_d2_o6,point_013,13,"[""1e-3"",""1e-2"",""1e+3""]","[0.001,0.01,1000.0]","{""w_Delta2_u"":1000.0,""w_Delta_u"":0.01,""w_u"":0.001}",complete,0.21860082288504917,0.946854278923978,71,13,True,True,text_log_final_line,complete,0.1251371771956453,0.9569370615073836,63,13,True,True,text_log_final_line,True,0.951882320115887,0.9569370615073836,0.9518956702156808
poly_d2_o6,point_014,14,"[""1e-3"",""1e-1"",""1e-3""]","[0.001,0.1,0.001]","{""w_Delta2_u"":0.001,""w_Delta_u"":0.1,""w_u"":0.001}",complete,0.0006118381580725781,0.22510336745497733,71,13,True,True,text_log_final_line,complete,0.09363398692688904,2.7129685027108557,63,13,True,True,text_log_final_line,True,0.7814719097699555,2.7129685027108557,1.4690359350829165
poly_d2_o6,point_015,15,"[""1e-3"",""1e-1"",""1e-2""]","[0.001,0.1,0.01]","{""w_Delta2_u"":0.01,""w_Delta_u"":0.1,""w_u"":0.001}",complete,0.0006173127655220561,0.2265835281094213,71,13,True,True,text_log_final_line,complete,0.09359947843884367,2.7104571934711474,63,13,True,True,text_log_final_line,True,0.7836740098320557,2.7104571934711474,1.4685203607902844
poly_d2_o6,point_016,16,"[""1e-3"",""1e-1"",""1e-1""]","[0.001,0.1,0.1]","{""w_Delta2_u"":0.1,""w_Delta_u"":0.1,""w_u"":0.001}",complete,0.0005654949966139632,0.24846012227817038,71,13,True,True,text_log_final_line,complete,0.0939858390020158,2.671801318891175,63,13,True,True,text_log_final_line,True,0.8147613653056202,2.671801318891175,1.4601307205846727
poly_d2_o6,point_017,17,"[""1e-3"",""1e-1"",""1e+0""]","[0.001,0.1,1.0]","{""w_Delta2_u"":1.0,""w_Delta_u"":0.1,""w_u"":0.001}",complete,0.00043016610279013274,0.3730756383159193,71,13,True,True,text_log_final_line,complete,0.09808816283050648,2.2964686840000255,64,13,True,True,text_log_final_line,True,0.9256114304371077,2.2964686840000255,1.3347721611579724
poly_d2_o6,point_018,18,"[""1e-3"",""1e-1"",""1e+1""]","[0.001,0.1,10.0]","{""w_Delta2_u"":10.0,""w_Delta_u"":0.1,""w_u"":0.001}",complete,0.0004466230959998001,0.45795958317049484,71,13,True,True,text_log_final_line,complete,0.08465455136286933,2.1719856641993887,63,13,True,True,text_log_final_line,True,0.997337279674756,2.1719856641993887,1.3149726236849417
poly_d2_o6,point_019,19,"[""1e-3"",""1e-1"",""1e+2""]","[0.001,0.1,100.0]","{""w_Delta2_u"":100.0,""w_Delta_u"":0.1,""w_u"":0.001}",complete,0.0022869925635583275,0.7551014617055695,71,13,True,True,text_log_final_line,complete,0.05659315691202135,1.3706900247615914,64,13,True,True,text_log_final_line,True,1.017354432458384,1.3706900247615914,1.0628957432335804
poly_d2_o6,point_020,20,"[""1e-3"",""1e-1"",""1e+3""]","[0.001,0.1,1000.0]","{""w_Delta2_u"":1000.0,""w_Delta_u"":0.1,""w_u"":0.001}",complete,0.2186242650288155,0.94686773886953,71,13,True,True,text_log_final_line,complete,0.12299548093536455,1.0171753540790818,63,13,True,True,text_log_final_line,True,0.981392137501964,1.0171753540790818,0.9820215464743058
poly_d2_o6,point_021,21,"[""1e-3"",""1e+0"",""1e-3""]","[0.001,1.0,0.001]","{""w_Delta2_u"":0.001,""w_Delta_u"":1.0,""w_u"":0.001}",complete,0.00022648124978537107,0.4423425537685689,71,13,True,True,text_log_final_line,complete,0.07238665629262422,1.5729153604249793,63,13,True,True,text_log_final_line,True,0.8341267274174796,1.5729153604249793,1.007628957096774
poly_d2_o6,point_022,22,"[""1e-3"",""1e+0"",""1e-2""]","[0.001,1.0,0.01]","{""w_Delta2_u"":0.01,""w_Delta_u"":1.0,""w_u"":0.001}",complete,0.0002567726662482788,0.44010200492841317,71,13,True,True,text_log_final_line,complete,0.0710965122833795,1.5821426772257343,64,13,True,True,text_log_final_line,True,0.8344484192146648,1.5821426772257343,1.0111223410770738
poly_d2_o6,point_023,23,"[""1e-3"",""1e+0"",""1e-1""]","[0.001,1.0,0.1]","{""w_Delta2_u"":0.1,""w_Delta_u"":1.0,""w_u"":0.001}",complete,0.0004464205586131715,0.4084979172633485,71,13,True,True,text_log_final_line,complete,0.07476760688146651,1.559103259266615,63,13,True,True,text_log_final_line,True,0.7980541549349334,1.559103259266615,0.9838005882649817
poly_d2_o6,point_024,24,"[""1e-3"",""1e+0"",""1e+0""]","[0.001,1.0,1.0]","{""w_Delta2_u"":1.0,""w_Delta_u"":1.0,""w_u"":0.001}",complete,0.0005895921625235437,0.3099592856709752,71,13,True,True,text_log_final_line,complete,0.07626070911242834,1.5373072232826925,63,13,True,True,text_log_final_line,True,0.6902917128182358,1.5373072232826925,0.9236332544768339
poly_d2_o6,point_025,25,"[""1e-3"",""1e+0"",""1e+1""]","[0.001,1.0,10.0]","{""w_Delta2_u"":10.0,""w_Delta_u"":1.0,""w_u"":0.001}",complete,0.0005746392936709965,0.34518241796234134,71,13,True,True,text_log_final_line,complete,0.06881182068528266,1.5482785621223436,63,13,True,True,text_log_final_line,True,0.7310530334747595,1.5482785621223436,0.9467304900423424
poly_d2_o6,point_026,26,"[""1e-3"",""1e+0"",""1e+2""]","[0.001,1.0,100.0]","{""w_Delta2_u"":100.0,""w_Delta_u"":1.0,""w_u"":0.001}",complete,0.003509725814168294,0.6736055360813639,71,13,True,True,text_log_final_line,complete,0.06569094409202551,1.7991299318053084,64,13,True,True,text_log_final_line,True,1.1008650608470334,1.7991299318053084,1.236367733943336
poly_d2_o6,point_027,27,"[""1e-3"",""1e+0"",""1e+3""]","[0.001,1.0,1000.0]","{""w_Delta2_u"":1000.0,""w_Delta_u"":1.0,""w_u"":0.001}",complete,0.2187478130582261,0.9467392750089098,71,13,True,True,text_log_final_line,complete,0.13126306320471334,1.0941439038927916,63,13,True,True,text_log_final_line,True,1.0177765011665774,1.0941439038927916,1.0204415894508507
poly_d2_o6,point_028,28,"[""1e-3"",""1e+1"",""1e-3""]","[0.001,10.0,0.001]","{""w_Delta2_u"":0.001,""w_Delta_u"":10.0,""w_u"":0.001}",complete,0.0003063980430273749,0.5742954500037091,71,13,True,True,text_log_final_line,complete,0.03999719458596217,2.542782319204113,63,13,True,True,text_log_final_line,True,1.2084321728044156,2.542782319204113,1.558538884603911
poly_d2_o6,point_029,29,"[""1e-3"",""1e+1"",""1e-2""]","[0.001,10.0,0.01]","{""w_Delta2_u"":0.01,""w_Delta_u"":10.0,""w_u"":0.001}",complete,0.0003370748939109607,0.5705976724244455,71,13,True,True,text_log_final_line,complete,0.037066662506568766,2.577911980754743,64,13,True,True,text_log_final_line,True,1.2128275128532284,2.577911980754743,1.5742548265895944
poly_d2_o6,point_030,30,"[""1e-3"",""1e+1"",""1e-1""]","[0.001,10.0,0.1]","{""w_Delta2_u"":0.1,""w_Delta_u"":10.0,""w_u"":0.001}",complete,0.0005333596736099285,0.5324459553390143,71,13,True,True,text_log_final_line,complete,0.03852944710422076,2.5661796511016877,63,13,True,True,text_log_final_line,True,1.1689105936308288,2.5661796511016877,1.549312803220351
poly_d2_o6,point_031,31,"[""1e-3"",""1e+1"",""1e+0""]","[0.001,10.0,1.0]","{""w_Delta2_u"":1.0,""w_Delta_u"":10.0,""w_u"":0.001}",complete,0.0004640680968551779,0.3902257921570019,71,13,True,True,text_log_final_line,complete,0.0454578447762966,2.500662000608793,63,13,True,True,text_log_final_line,True,0.987837441133145,2.500662000608793,1.4454438963828975
poly_d2_o6,point_032,32,"[""1e-3"",""1e+1"",""1e+1""]","[0.001,10.0,10.0]","{""w_Delta2_u"":10.0,""w_Delta_u"":10.0,""w_u"":0.001}",complete,0.00043494747704531144,0.425201855890668,71,13,True,True,text_log_final_line,complete,0.06493722418317976,2.2891141872685115,64,13,True,True,text_log_final_line,True,0.9865777216074916,2.2891141872685115,1.3571580215795898
poly_d2_o6,point_033,33,"[""1e-3"",""1e+1"",""1e+2""]","[0.001,10.0,100.0]","{""w_Delta2_u"":100.0,""w_Delta_u"":10.0,""w_u"":0.001}",complete,0.004862319984736632,0.6780679527155673,71,13,True,True,text_log_final_line,complete,0.09353474462623476,2.0854837313365286,63,13,True,True,text_log_final_line,True,1.189159234135186,2.0854837313365286,1.381775842026048
poly_d2_o6,point_034,34,"[""1e-3"",""1e+1"",""1e+3""]","[0.001,10.0,1000.0]","{""w_Delta2_u"":1000.0,""w_Delta_u"":10.0,""w_u"":0.001}",complete,0.21973640764888414,0.9464073941659682,71,13,True,True,text_log_final_line,complete,0.1452753956940645,1.337191286660944,64,13,True,True,text_log_final_line,True,1.1249567641070577,1.337191286660944,1.141799340413456
poly_d2_o6,point_035,35,"[""1e-3"",""1e+2"",""1e-3""]","[0.001,100.0,0.001]","{""w_Delta2_u"":0.001,""w_Delta_u"":100.0,""w_u"":0.001}",complete,0.0030135311773453045,0.6042423081700421,71,13,True,True,text_log_final_line,complete,0.17471400631899964,1.503444753099944,63,13,True,True,text_log_final_line,True,0.953123773609309,1.503444753099944,1.053843530634993
poly_d2_o6,point_036,36,"[""1e-3"",""1e+2"",""1e-2""]","[0.001,100.0,0.01]","{""w_Delta2_u"":0.01,""w_Delta_u"":100.0,""w_u"":0.001}",complete,0.003127836877187436,0.6033431739156515,71,13,True,True,text_log_final_line,complete,0.17302230580170663,1.522509453080346,63,13,True,True,text_log_final_line,True,0.9584339756801606,1.522509453080346,1.0629263134979987
poly_d2_o6,point_037,37,"[""1e-3"",""1e+2"",""1e-1""]","[0.001,100.0,0.1]","{""w_Delta2_u"":0.1,""w_Delta_u"":100.0,""w_u"":0.001}",complete,0.004126176764436719,0.5932680995428514,71,13,True,True,text_log_final_line,complete,0.17405320024126636,1.5120937023885257,63,13,True,True,text_log_final_line,True,0.9471414662798555,1.5120937023885257,1.0526809009656886
poly_d2_o6,point_038,38,"[""1e-3"",""1e+2"",""1e+0""]","[0.001,100.0,1.0]","{""w_Delta2_u"":1.0,""w_Delta_u"":100.0,""w_u"":0.001}",complete,0.00873015121451726,0.5320288808546145,71,13,True,True,text_log_final_line,complete,0.1731472325392395,1.5239843230885914,64,13,True,True,text_log_final_line,True,0.9004463747790873,1.5239843230885914,1.028006601971603
poly_d2_o6,point_039,39,"[""1e-3"",""1e+2"",""1e+1""]","[0.001,100.0,10.0]","{""w_Delta2_u"":10.0,""w_Delta_u"":100.0,""w_u"":0.001}",complete,0.009526610067120404,0.46491840430024717,71,13,True,True,text_log_final_line,complete,0.18254574357464548,1.4703478050222665,63,13,True,True,text_log_final_line,True,0.8267960784119159,1.4703478050222665,0.9676331046612568
poly_d2_o6,point_040,40,"[""1e-3"",""1e+2"",""1e+2""]","[0.001,100.0,100.0]","{""w_Delta2_u"":100.0,""w_Delta_u"":100.0,""w_u"":0.001}",complete,0.07078680730902256,0.6112374000824549,71,13,True,True,text_log_final_line,complete,0.20289860184891717,1.2957277945918542,64,13,True,True,text_log_final_line,True,0.8899422949724876,1.2957277945918542,0.9534825973371546
poly_d2_o6,point_041,41,"[""1e-3"",""1e+2"",""1e+3""]","[0.001,100.0,1000.0]","{""w_Delta2_u"":1000.0,""w_Delta_u"":100.0,""w_u"":0.001}",complete,0.22362348767861207,0.9622118995967145,71,13,True,True,text_log_final_line,complete,0.21913509636692333,1.0595570251438775,63,13,True,True,text_log_final_line,True,1.0097120272110927,1.0595570251438775,1.010884462370296
poly_d2_o6,point_042,42,"[""1e-3"",""1e+3"",""1e-3""]","[0.001,1000.0,0.001]","{""w_Delta2_u"":0.001,""w_Delta_u"":1000.0,""w_u"":0.001}",complete,0.22532918127023113,0.9714986994168657,71,13,True,True,text_log_final_line,complete,0.2388277761098593,1.0010403847359,64,13,True,True,text_log_final_line,True,0.9861589282842222,1.0010403847359,0.9862695420763828
poly_d2_o6,point_043,43,"[""1e-3"",""1e+3"",""1e-2""]","[0.001,1000.0,0.01]","{""w_Delta2_u"":0.01,""w_Delta_u"":1000.0,""w_u"":0.001}",complete,0.22531886314770952,0.9714702107215256,71,13,True,True,text_log_final_line,complete,0.23882945585485982,1.0010201090181319,63,13,True,True,text_log_final_line,True,0.9861344818250344,1.0010201090181319,0.9862451598698287
poly_d2_o6,point_044,44,"[""1e-3"",""1e+3"",""1e-1""]","[0.001,1000.0,0.1]","{""w_Delta2_u"":0.1,""w_Delta_u"":1000.0,""w_u"":0.001}",complete,0.22532218110980248,0.971472238815265,71,13,True,True,text_log_final_line,complete,0.2388295030834075,1.0010191779619992,63,13,True,True,text_log_final_line,True,0.9861350525722933,1.0010191779619992,0.9862457083886321
poly_d2_o6,point_045,45,"[""1e-3"",""1e+3"",""1e+0""]","[0.001,1000.0,1.0]","{""w_Delta2_u"":1.0,""w_Delta_u"":1000.0,""w_u"":0.001}",complete,0.22536341801456067,0.9714751954128499,71,13,True,True,text_log_final_line,complete,0.23882884557153156,1.0010321881140498,63,13,True,True,text_log_final_line,True,0.9861429615236572,1.0010321881140498,0.9862536917634499
poly_d2_o6,point_046,46,"[""1e-3"",""1e+3"",""1e+1""]","[0.001,1000.0,10.0]","{""w_Delta2_u"":10.0,""w_Delta_u"":1000.0,""w_u"":0.001}",complete,0.22581570574593898,0.9715615024638661,71,13,True,True,text_log_final_line,complete,0.23882807805876405,1.0010362444801435,64,13,True,True,text_log_final_line,True,0.9861887637303085,1.0010362444801435,0.9862988734720048
poly_d2_o6,point_047,47,"[""1e-3"",""1e+3"",""1e+2""]","[0.001,1000.0,100.0]","{""w_Delta2_u"":100.0,""w_Delta_u"":1000.0,""w_u"":0.001}",complete,0.2286127348997316,0.974525496189232,71,13,True,True,text_log_final_line,complete,0.23882897551688048,1.0010288059517098,64,13,True,True,text_log_final_line,True,0.9876882574070649,1.0010288059517098,0.9877771510704709
poly_d2_o6,point_048,48,"[""1e-3"",""1e+3"",""1e+3""]","[0.001,1000.0,1000.0]","{""w_Delta2_u"":1000.0,""w_Delta_u"":1000.0,""w_u"":0.001}",complete,0.23312968506629173,0.9861038968178139,71,13,True,True,text_log_final_line,complete,0.23883704339414746,1.0009650213815264,63,13,True,True,text_log_final_line,True,0.9935066724298581,1.0009650213815264,0.9935344590996702
poly_d2_o6,point_049,49,"[""1e-2"",""1e-3"",""1e-3""]","[0.01,0.001,0.001]","{""w_Delta2_u"":0.001,""w_Delta_u"":0.001,""w_u"":0.01}",complete,0.0004408762911897055,0.28280434623001455,71,13,True,True,text_log_final_line,complete,0.08170339943787919,1.7585070322838618,63,13,True,True,text_log_final_line,True,0.7052045317536755,1.7585070322838618,1.0206556892569383
poly_d2_o6,point_050,50,"[""1e-2"",""1e-3"",""1e-2""]","[0.01,0.001,0.01]","{""w_Delta2_u"":0.01,""w_Delta_u"":0.001,""w_u"":0.01}",complete,0.0005199319202592379,0.2784749550755142,71,13,True,True,text_log_final_line,complete,0.08067474294268848,1.7561073959954285,63,13,True,True,text_log_final_line,True,0.6993081782787938,1.7561073959954285,1.0172911755354714
poly_d2_o6,point_051,51,"[""1e-2"",""1e-3"",""1e-1""]","[0.01,0.001,0.1]","{""w_Delta2_u"":0.1,""w_Delta_u"":0.001,""w_u"":0.01}",complete,0.0006433142610248557,0.24826151069807592,71,13,True,True,text_log_final_line,complete,0.08270955289268413,1.7161170586913284,63,13,True,True,text_log_final_line,True,0.6527218500444487,1.7161170586913284,0.9821892846947021
poly_d2_o6,point_052,52,"[""1e-2"",""1e-3"",""1e+0""]","[0.01,0.001,1.0]","{""w_Delta2_u"":1.0,""w_Delta_u"":0.001,""w_u"":0.01}",complete,0.00030172321398051825,0.21371928968318854,71,13,True,True,text_log_final_line,complete,0.08695672767582205,1.475978580786388,63,13,True,True,text_log_final_line,True,0.5616449891820167,1.475978580786388,0.8448489352347883
poly_d2_o6,point_053,53,"[""1e-2"",""1e-3"",""1e+1""]","[0.01,0.001,10.0]","{""w_Delta2_u"":10.0,""w_Delta_u"":0.001,""w_u"":0.01}",complete,0.0002938370150455832,0.24720415204674967,71,13,True,True,text_log_final_line,complete,0.08970984656474981,1.0222392433948848,63,13,True,True,text_log_final_line,True,0.5026945248879715,1.0222392433948848,0.6347216977208172
poly_d2_o6,point_054,54,"[""1e-2"",""1e-3"",""1e+2""]","[0.01,0.001,100.0]","{""w_Delta2_u"":100.0,""w_Delta_u"":0.001,""w_u"":0.01}",complete,0.0020617803118415426,0.5167141502229305,71,13,True,True,text_log_final_line,complete,0.06992485149071846,0.49964614666211676,63,13,True,True,text_log_final_line,True,0.5081084865308563,0.5167141502229305,0.5081801484425237
poly_d2_o6,point_055,55,"[""1e-2"",""1e-3"",""1e+3""]","[0.01,0.001,1000.0]","{""w_Delta2_u"":1000.0,""w_Delta_u"":0.001,""w_u"":0.01}",complete,0.2186129419147938,0.9468261277864557,71,13,True,True,text_log_final_line,complete,0.1521146240474843,0.7388078255676239,63,13,True,True,text_log_final_line,True,0.8363746485042003,0.9468261277864557,0.8428169766770398
poly_d2_o6,point_056,56,"[""1e-2"",""1e-2"",""1e-3""]","[0.01,0.01,0.001]","{""w_Delta2_u"":0.001,""w_Delta_u"":0.01,""w_u"":0.01}",complete,0.0005427953920001586,0.2643146195185164,71,13,True,True,text_log_final_line,complete,0.08128707495204396,1.7169323258679274,63,13,True,True,text_log_final_line,True,0.6736544473621641,1.7169323258679274,0.9906234726932219
poly_d2_o6,point_057,57,"[""1e-2"",""1e-2"",""1e-2""]","[0.01,0.01,0.01]","{""w_Delta2_u"":0.01,""w_Delta_u"":0.01,""w_u"":0.01}",complete,0.0006017049382007029,0.2601839677400881,71,13,True,True,text_log_final_line,complete,0.08022046105673114,1.7126254139993267,64,13,True,True,text_log_final_line,True,0.6675310295910265,1.7126254139993267,0.9864046908697074
poly_d2_o6,point_058,58,"[""1e-2"",""1e-2"",""1e-1""]","[0.01,0.01,0.1]","{""w_Delta2_u"":0.1,""w_Delta_u"":0.01,""w_u"":0.01}",complete,0.0006571026622807589,0.2322521854521609,71,13,True,True,text_log_final_line,complete,0.08109535502532494,1.675127708832131,64,13,True,True,text_log_final_line,True,0.6237403877317337,1.675127708832131,0.9536899471421459
poly_d2_o6,point_059,59,"[""1e-2"",""1e-2"",""1e+0""]","[0.01,0.01,1.0]","{""w_Delta2_u"":1.0,""w_Delta_u"":0.01,""w_u"":0.01}",complete,0.00032371101937846245,0.2083889409326316,71,13,True,True,text_log_final_line,complete,0.08646685730030387,1.446738271162224,63,13,True,True,text_log_final_line,True,0.5490758200232481,1.446738271162224,0.8275636060474278
poly_d2_o6,point_060,60,"[""1e-2"",""1e-2"",""1e+1""]","[0.01,0.01,10.0]","{""w_Delta2_u"":10.0,""w_Delta_u"":0.01,""w_u"":0.01}",complete,0.0003169291790412977,0.2436655852236829,71,13,True,True,text_log_final_line,complete,0.08898883786959381,1.0128533962360808,63,13,True,True,text_log_final_line,True,0.49678719341349714,1.0128533962360808,0.6282594907298819
poly_d2_o6,point_061,61,"[""1e-2"",""1e-2"",""1e+2""]","[0.01,0.01,100.0]","{""w_Delta2_u"":100.0,""w_Delta_u"":0.01,""w_u"":0.01}",complete,0.0020985790635972544,0.5133635820180782,71,13,True,True,text_log_final_line,complete,0.06834136091777772,0.49919486068774627,64,13,True,True,text_log_final_line,True,0.5062296532283317,0.5133635820180782,0.5062792213529123
poly_d2_o6,point_062,62,"[""1e-2"",""1e-2"",""1e+3""]","[0.01,0.01,1000.0]","{""w_Delta2_u"":1000.0,""w_Delta_u"":0.01,""w_u"":0.01}",complete,0.21861081357816767,0.9468140102897681,71,13,True,True,text_log_final_line,complete,0.1494287127216165,0.7221514748307232,63,13,True,True,text_log_final_line,True,0.8268876186768959,0.9468140102897681,0.8344827425602457
poly_d2_o6,point_063,63,"[""1e-2"",""1e-1"",""1e-3""]","[0.01,0.1,0.001]","{""w_Delta2_u"":0.001,""w_Delta_u"":0.1,""w_u"":0.01}",complete,0.0005754538120446284,0.15919441217014413,71,13,True,True,text_log_final_line,complete,0.08713254455005434,1.3497777678480034,63,13,True,True,text_log_final_line,True,0.4635483559596476,1.3497777678480034,0.7544860900090737
poly_d2_o6,point_064,64,"[""1e-2"",""1e-1"",""1e-2""]","[0.01,0.1,0.01]","{""w_Delta2_u"":0.01,""w_Delta_u"":0.1,""w_u"":0.01}",complete,0.0005831774665610678,0.15851413551003432,71,13,True,True,text_log_final_line,complete,0.08713025994915508,1.3471818133459852,63,13,True,True,text_log_final_line,True,0.46211184849274234,1.3471818133459852,0.7528479744280098
poly_d2_o6,point_065,65,"[""1e-2"",""1e-1"",""1e-1""]","[0.01,0.1,0.1]","{""w_Delta2_u"":0.1,""w_Delta_u"":0.1,""w_u"":0.01}",complete,0.0005467856762862952,0.1570465912404847,71,13,True,True,text_log_final_line,complete,0.08665488338479467,1.32175954388671,64,13,True,True,text_log_final_line,True,0.4556071013570636,1.32175954388671,0.7394030675635974
poly_d2_o6,point_066,66,"[""1e-2"",""1e-1"",""1e+0""]","[0.01,0.1,1.0]","{""w_Delta2_u"":1.0,""w_Delta_u"":0.1,""w_u"":0.01}",complete,0.0004334290643680621,0.17290438305280448,71,13,True,True,text_log_final_line,complete,0.09167442477710785,1.1904092731443852,63,13,True,True,text_log_final_line,True,0.45368158542458753,1.1904092731443852,0.6816568280985948
poly_d2_o6,point_067,67,"[""1e-2"",""1e-1"",""1e+1""]","[0.01,0.1,10.0]","{""w_Delta2_u"":10.0,""w_Delta_u"":0.1,""w_u"":0.01}",complete,0.00045666859204557156,0.21948781378634377,71,13,True,True,text_log_final_line,complete,0.0904278114772375,0.8815506924797228,64,13,True,True,text_log_final_line,True,0.4398745664780038,0.8815506924797228,0.5505192531330333
poly_d2_o6,point_068,68,"[""1e-2"",""1e-1"",""1e+2""]","[0.01,0.1,100.0]","{""w_Delta2_u"":100.0,""w_Delta_u"":0.1,""w_u"":0.01}",complete,0.0023699060939078812,0.4872189083730692,71,13,True,True,text_log_final_line,complete,0.0710432159347621,0.4861025263497893,64,13,True,True,text_log_final_line,True,0.48666039724384336,0.4872189083730692,0.48666071736142924
poly_d2_o6,point_069,69,"[""1e-2"",""1e-1"",""1e+3""]","[0.01,0.1,1000.0]","{""w_Delta2_u"":1000.0,""w_Delta_u"":0.1,""w_u"":0.01}",complete,0.21862041347765485,0.9467874805011585,71,13,True,True,text_log_final_line,complete,0.15266080666205958,0.7376390461737824,63,13,True,True,text_log_final_line,True,0.8356957664402478,0.9467874805011585,0.8422132633374704
poly_d2_o6,point_070,70,"[""1e-2"",""1e+0"",""1e-3""]","[0.01,1.0,0.001]","{""w_Delta2_u"":0.001,""w_Delta_u"":1.0,""w_u"":0.01}",complete,0.00022344661726458152,0.2072947470551775,71,13,True,True,text_log_final_line,complete,0.08924560526511684,0.7972490807226841,63,13,True,True,text_log_final_line,True,0.4065286540065553,0.7972490807226841,0.5022719138889308
poly_d2_o6,point_071,71,"[""1e-2"",""1e+0"",""1e-2""]","[0.01,1.0,0.01]","{""w_Delta2_u"":0.01,""w_Delta_u"":1.0,""w_u"":0.01}",complete,0.0002507666775156119,0.20366107917592263,71,13,True,True,text_log_final_line,complete,0.08474204684044183,0.8575601744545684,64,13,True,True,text_log_final_line,True,0.417913424751718,0.8575601744545684,0.5306106268152455
poly_d2_o6,point_072,72,"[""1e-2"",""1e+0"",""1e-1""]","[0.01,1.0,0.1]","{""w_Delta2_u"":0.1,""w_Delta_u"":1.0,""w_u"":0.01}",complete,0.0004134753169752504,0.18184799720918104,71,13,True,True,text_log_final_line,complete,0.08743057789395206,0.8223668369121273,63,13,True,True,text_log_final_line,True,0.38671147159570995,0.8223668369121273,0.5021074170606542
poly_d2_o6,point_073,73,"[""1e-2"",""1e+0"",""1e+0""]","[0.01,1.0,1.0]","{""w_Delta2_u"":1.0,""w_Delta_u"":1.0,""w_u"":0.01}",complete,0.0005590637876434617,0.10449782354706005,71,13,True,True,text_log_final_line,complete,0.08794991568861385,0.8012437455849966,64,13,True,True,text_log_final_line,True,0.28935830305060617,0.8012437455849966,0.4528707845660283
poly_d2_o6,point_074,74,"[""1e-2"",""1e+0"",""1e+1""]","[0.01,1.0,10.0]","{""w_Delta2_u"":10.0,""w_Delta_u"":1.0,""w_u"":0.01}",complete,0.0005465139125320778,0.17254100290857968,71,13,True,True,text_log_final_line,complete,0.09471736459000481,0.5834054948450841,63,13,True,True,text_log_final_line,True,0.31727175919540496,0.5834054948450841,0.37797324887683187
poly_d2_o6,point_075,75,"[""1e-2"",""1e+0"",""1e+2""]","[0.01,1.0,100.0]","{""w_Delta2_u"":100.0,""w_Delta_u"":1.0,""w_u"":0.01}",complete,0.003640376850548668,0.4645027026483972,71,13,True,True,text_log_final_line,complete,0.08632860798154782,0.7360512266862143,62,13,True,True,text_log_final_line,True,0.5847202613929284,0.7360512266862143,0.6002769646673057
poly_d2_o6,point_076,76,"[""1e-2"",""1e+0"",""1e+3""]","[0.01,1.0,1000.0]","{""w_Delta2_u"":1000.0,""w_Delta_u"":1.0,""w_u"":0.01}",complete,0.2187485661556798,0.9466815210030036,71,13,True,True,text_log_final_line,complete,0.15758017555740614,0.7706575534439207,63,13,True,True,text_log_final_line,True,0.854147097909221,0.9466815210030036,0.8586695372234622
poly_d2_o6,point_077,77,"[""1e-2"",""1e+1"",""1e-3""]","[0.01,10.0,0.001]","{""w_Delta2_u"":0.001,""w_Delta_u"":10.0,""w_u"":0.01}",complete,0.000299476398983661,0.29761549624091327,71,13,True,True,text_log_final_line,complete,0.06431565022537691,1.6657947682982264,63,13,True,True,text_log_final_line,True,0.7041067650595283,1.6657947682982264,0.9817051322695698
poly_d2_o6,point_078,78,"[""1e-2"",""1e+1"",""1e-2""]","[0.01,10.0,0.01]","{""w_Delta2_u"":0.01,""w_Delta_u"":10.0,""w_u"":0.01}",complete,0.0003260747931545065,0.2948814922297736,71,13,True,True,text_log_final_line,complete,0.0641430251432902,1.6685221143155937,63,13,True,True,text_log_final_line,True,0.7014387292470805,1.6685221143155937,0.9817018032726836
poly_d2_o6,point_079,79,"[""1e-2"",""1e+1"",""1e-1""]","[0.01,10.0,0.1]","{""w_Delta2_u"":0.1,""w_Delta_u"":10.0,""w_u"":0.01}",complete,0.0004994340540692543,0.2716727421673483,71,13,True,True,text_log_final_line,complete,0.066578913303161,1.6532088849564053,63,13,True,True,text_log_final_line,True,0.6701729561475388,1.6532088849564053,0.9624408135618768
poly_d2_o6,point_080,80,"[""1e-2"",""1e+1"",""1e+0""]","[0.01,10.0,1.0]","{""w_Delta2_u"":1.0,""w_Delta_u"":10.0,""w_u"":0.01}",complete,0.00043849240393933046,0.17932207716409346,71,13,True,True,text_log_final_line,complete,0.07182676578549368,1.67881598709357,63,13,True,True,text_log_final_line,True,0.5486791138560925,1.67881598709357,0.9290690321288317
poly_d2_o6,point_081,81,"[""1e-2"",""1e+1"",""1e+1""]","[0.01,10.0,10.0]","{""w_Delta2_u"":10.0,""w_Delta_u"":10.0,""w_u"":0.01}",complete,0.0004225927124377473,0.1605966283640907,71,13,True,True,text_log_final_line,complete,0.09219634016487271,1.6934286227636013,63,13,True,True,text_log_final_line,True,0.5214968141715537,1.6934286227636013,0.927012625563846
poly_d2_o6,point_082,82,"[""1e-2"",""1e+1"",""1e+2""]","[0.01,10.0,100.0]","{""w_Delta2_u"":100.0,""w_Delta_u"":10.0,""w_u"":0.01}",complete,0.00499229350047119,0.48889925106582227,71,13,True,True,text_log_final_line,complete,0.10569443893534383,1.67849730889606,64,13,True,True,text_log_final_line,True,0.9058786216901699,1.67849730889606,1.0836982799809411
poly_d2_o6,point_083,83,"[""1e-2"",""1e+1"",""1e+3""]","[0.01,10.0,1000.0]","{""w_Delta2_u"":1000.0,""w_Delta_u"":10.0,""w_u"":0.01}",complete,0.21977046259440786,0.9465008534293468,71,13,True,True,text_log_final_line,complete,0.16851129381443986,1.0530150470411717,63,13,True,True,text_log_final_line,True,0.9983384399583203,1.0530150470411717,0.9997579502352592
poly_d2_o6,point_084,84,"[""1e-2"",""1e+2"",""1e-3""]","[0.01,100.0,0.001]","{""w_Delta2_u"":0.001,""w_Delta_u"":100.0,""w_u"":0.01}",complete,0.0034938893089553644,0.46778681560679625,71,13,True,True,text_log_final_line,complete,0.1767379927484753,1.177743671530309,62,13,True,True,text_log_final_line,True,0.7422485848462225,1.177743671530309,0.8227652435685526
poly_d2_o6,point_085,85,"[""1e-2"",""1e+2"",""1e-2""]","[0.01,100.0,0.01]","{""w_Delta2_u"":0.01,""w_Delta_u"":100.0,""w_u"":0.01}",complete,0.003599076194897366,0.46664859620093974,71,13,True,True,text_log_final_line,complete,0.1754669375521857,1.1712254598209295,64,13,True,True,text_log_final_line,True,0.7392906848190615,1.1712254598209295,0.8189370280109346
poly_d2_o6,point_086,86,"[""1e-2"",""1e+2"",""1e-1""]","[0.01,100.0,0.1]","{""w_Delta2_u"":0.1,""w_Delta_u"":100.0,""w_u"":0.01}",complete,0.0045716591825020105,0.4577456417226507,71,13,True,True,text_log_final_line,complete,0.1761866869276618,1.1719700174561967,63,13,True,True,text_log_final_line,True,0.7324371425045243,1.1719700174561967,0.8148578295894237
poly_d2_o6,point_087,87,"[""1e-2"",""1e+2"",""1e+0""]","[0.01,100.0,1.0]","{""w_Delta2_u"":1.0,""w_Delta_u"":100.0,""w_u"":0.01}",complete,0.009012922394178715,0.4036783005921867,71,13,True,True,text_log_final_line,complete,0.17690659344646584,1.1712444689016805,63,13,True,True,text_log_final_line,True,0.6876088835844317,1.1712444689016805,0.7874613847469336
poly_d2_o6,point_088,88,"[""1e-2"",""1e+2"",""1e+1""]","[0.01,100.0,10.0]","{""w_Delta2_u"":10.0,""w_Delta_u"":100.0,""w_u"":0.01}",complete,0.00982663372914344,0.3667582166810472,71,13,True,True,text_log_final_line,complete,0.18428341850937957,1.1481928618900334,64,13,True,True,text_log_final_line,True,0.6489292460913567,1.1481928618900334,0.7574755392855403
poly_d2_o6,point_089,89,"[""1e-2"",""1e+2"",""1e+2""]","[0.01,100.0,100.0]","{""w_Delta2_u"":100.0,""w_Delta_u"":100.0,""w_u"":0.01}",complete,0.07096914528137326,0.6022568518320364,71,13,True,True,text_log_final_line,complete,0.205706754618669,1.087094564586793,63,13,True,True,text_log_final_line,True,0.8091416131381208,1.087094564586793,0.8446757082094147
poly_d2_o6,point_090,90,"[""1e-2"",""1e+2"",""1e+3""]","[0.01,100.0,1000.0]","{""w_Delta2_u"":1000.0,""w_Delta_u"":100.0,""w_u"":0.01}",complete,0.2236211767088026,0.9622165837883271,71,13,True,True,text_log_final_line,complete,0.21926195619150934,1.0353960277836125,63,13,True,True,text_log_final_line,True,0.9981358768834789,1.0353960277836125,0.9988063057859697
poly_d2_o6,point_091,91,"[""1e-2"",""1e+3"",""1e-3""]","[0.01,1000.0,0.001]","{""w_Delta2_u"":0.001,""w_Delta_u"":1000.0,""w_u"":0.01}",complete,0.22532809341499618,0.9714919826958033,71,13,True,True,text_log_final_line,complete,0.23883013235362646,1.001057019176802,63,13,True,True,text_log_final_line,True,0.9861637127534262,1.001057019176802,0.9862745009363026
poly_d2_o6,point_092,92,"[""1e-2"",""1e+3"",""1e-2""]","[0.01,1000.0,0.01]","{""w_Delta2_u"":0.01,""w_Delta_u"":1000.0,""w_u"":0.01}",complete,0.22534005684291972,0.9715219990380756,71,13,True,True,text_log_final_line,complete,0.2388301546887808,1.0010565615729605,63,13,True,True,text_log_final_line,True,0.9861787220628647,1.0010565615729605,0.9862892803055181
poly_d2_o6,point_093,93,"[""1e-2"",""1e+3"",""1e-1""]","[0.01,1000.0,0.1]","{""w_Delta2_u"":0.1,""w_Delta_u"":1000.0,""w_u"":0.01}",complete,0.22531718981712512,0.9714554498680381,71,13,True,True,text_log_final_line,complete,0.2388286167601976,1.0010752735153587,64,13,True,True,text_log_final_line,True,0.9861541614700169,1.0010752735153587,0.9862653616916984
poly_d2_o6,point_094,94,"[""1e-2"",""1e+3"",""1e+0""]","[0.01,1000.0,1.0]","{""w_Delta2_u"":1.0,""w_Delta_u"":1000.0,""w_u"":0.01}",complete,0.22536320754482017,0.9714704501975526,71,13,True,True,text_log_final_line,complete,0.23883025396617982,1.001054632943368,63,13,True,True,text_log_final_line,True,0.9861516084952858,1.001054632943368,0.9862625415704603
poly_d2_o6,point_095,95,"[""1e-2"",""1e+3"",""1e+1""]","[0.01,1000.0,10.0]","{""w_Delta2_u"":10.0,""w_Delta_u"":1000.0,""w_u"":0.01}",complete,0.2258308637436393,0.9715990807958199,71,13,True,True,text_log_final_line,complete,0.23883030789677193,1.0010546037628523,63,13,True,True,text_log_final_line,True,0.9862168792118755,1.0010546037628523,0.9863268422793361
poly_d2_o6,point_096,96,"[""1e-2"",""1e+3"",""1e+2""]","[0.01,1000.0,100.0]","{""w_Delta2_u"":100.0,""w_Delta_u"":1000.0,""w_u"":0.01}",complete,0.22861140665061688,0.9745215237657975,71,13,True,True,text_log_final_line,complete,0.23883097032429396,1.0010515298663354,63,13,True,True,text_log_final_line,True,0.9876974548177311,1.0010515298663354,0.9877865268160664
poly_d2_o6,point_097,97,"[""1e-2"",""1e+3"",""1e+3""]","[0.01,1000.0,1000.0]","{""w_Delta2_u"":1000.0,""w_Delta_u"":1000.0,""w_u"":0.01}",complete,0.23313180702654063,0.9861090836921574,71,13,True,True,text_log_final_line,complete,0.23883755893022235,1.0010068148593683,63,13,True,True,text_log_final_line,True,0.9935300262048333,1.0010068148593683,0.9935579492757629
poly_d2_o6,point_098,98,"[""1e-1"",""1e-3"",""1e-3""]","[0.1,0.001,0.001]","{""w_Delta2_u"":0.001,""w_Delta_u"":0.001,""w_u"":0.1}",complete,0.00032042661278617164,0.15758087083510422,71,13,True,True,text_log_final_line,complete,0.1787242187658577,0.6281358694840931,63,13,True,True,text_log_final_line,True,0.31461436285724265,0.6281358694840931,0.3928583701595986
poly_d2_o6,point_099,99,"[""1e-1"",""1e-3"",""1e-2""]","[0.1,0.001,0.01]","{""w_Delta2_u"":0.01,""w_Delta_u"":0.001,""w_u"":0.1}",complete,0.0003874906531459901,0.15374803975946497,71,13,True,True,text_log_final_line,complete,0.17584393778492027,0.6229409668493877,64,13,True,True,text_log_final_line,True,0.30947690146270884,0.6229409668493877,0.3883445033044263
poly_d2_o6,point_100,100,"[""1e-1"",""1e-3"",""1e-1""]","[0.1,0.001,0.1]","{""w_Delta2_u"":0.1,""w_Delta_u"":0.001,""w_u"":0.1}",complete,0.000546774383524841,0.12807434666865522,71,13,True,True,text_log_final_line,complete,0.17601825577802332,0.6229754347152121,64,13,True,True,text_log_final_line,True,0.2824662312414924,0.6229754347152121,0.3755248906919337
poly_d2_o6,point_101,101,"[""1e-1"",""1e-3"",""1e+0""]","[0.1,0.001,1.0]","{""w_Delta2_u"":1.0,""w_Delta_u"":0.001,""w_u"":0.1}",complete,0.0004729214384654757,0.09164329402346075,71,13,True,True,text_log_final_line,complete,0.1784652368484232,0.6254060679831412,63,13,True,True,text_log_final_line,True,0.2394039936430374,0.6254060679831412,0.358524681003301
poly_d2_o6,point_102,102,"[""1e-1"",""1e-3"",""1e+1""]","[0.1,0.001,10.0]","{""w_Delta2_u"":10.0,""w_Delta_u"":0.001,""w_u"":0.1}",complete,0.0004716717470187814,0.19274131826872273,71,13,True,True,text_log_final_line,complete,0.18444566510969063,0.6458316426208625,63,13,True,True,text_log_final_line,True,0.3528150254430778,0.6458316426208625,0.4192864804447926
poly_d2_o6,point_103,103,"[""1e-1"",""1e-3"",""1e+2""]","[0.1,0.001,100.0]","{""w_Delta2_u"":100.0,""w_Delta_u"":0.001,""w_u"":0.1}",complete,0.0022896721963377347,0.3368213179885389,71,13,True,True,text_log_final_line,complete,0.19370918767275647,0.7480257413052045,63,13,True,True,text_log_final_line,True,0.5019472243929364,0.7480257413052045,0.5424235296468717
poly_d2_o6,point_104,104,"[""1e-1"",""1e-3"",""1e+3""]","[0.1,0.001,1000.0]","{""w_Delta2_u"":1000.0,""w_Delta_u"":0.001,""w_u"":0.1}",complete,0.21882666533433257,0.9469539029131284,71,13,True,True,text_log_final_line,complete,0.2112852203389527,0.8680643060474996,64,13,True,True,text_log_final_line,True,0.9066514669878697,0.9469539029131284,0.9075091044803141
poly_d2_o6,point_105,105,"[""1e-1"",""1e-2"",""1e-3""]","[0.1,0.01,0.001]","{""w_Delta2_u"":0.001,""w_Delta_u"":0.01,""w_u"":0.1}",complete,0.00034743845033498983,0.15093182614524153,71,13,True,True,text_log_final_line,complete,0.17890563603141302,0.6288125847611975,63,13,True,True,text_log_final_line,True,0.3080711471740205,0.6288125847611975,0.38987220545321954
poly_d2_o6,point_106,106,"[""1e-1"",""1e-2"",""1e-2""]","[0.1,0.01,0.01]","{""w_Delta2_u"":0.01,""w_Delta_u"":0.01,""w_u"":0.1}",complete,0.00040691914373289494,0.147415581081908,71,13,True,True,text_log_final_line,complete,0.17564153752839898,0.6228811521095802,64,13,True,True,text_log_final_line,True,0.30302208992613405,0.6228811521095802,0.3851483665957441
poly_d2_o6,point_107,107,"[""1e-1"",""1e-2"",""1e-1""]","[0.1,0.01,0.1]","{""w_Delta2_u"":0.1,""w_Delta_u"":0.01,""w_u"":0.1}",complete,0.0005441090211831008,0.12397583207402935,71,13,True,True,text_log_final_line,complete,0.17898191139857464,0.6286833361227383,63,13,True,True,text_log_final_line,True,0.27918012054387603,0.6286833361227383,0.3763295840983838
poly_d2_o6,point_108,108,"[""1e-1"",""1e-2"",""1e+0""]","[0.1,0.01,1.0]","{""w_Delta2_u"":1.0,""w_Delta_u"":0.01,""w_u"":0.1}",complete,0.00047666542664893133,0.08961861659706982,71,13,True,True,text_log_final_line,complete,0.17973979705216753,0.6284368066137445,63,13,True,True,text_log_final_line,True,0.2373175872694733,0.6284368066137445,0.35902771160540714
poly_d2_o6,point_109,109,"[""1e-1"",""1e-2"",""1e+1""]","[0.1,0.01,10.0]","{""w_Delta2_u"":10.0,""w_Delta_u"":0.01,""w_u"":0.1}",complete,0.000476709290320226,0.19200550108051806,71,13,True,True,text_log_final_line,complete,0.18416506680822184,0.6455439732415204,63,13,True,True,text_log_final_line,True,0.35206248600461065,0.6455439732415204,0.4187747371610192
poly_d2_o6,point_110,110,"[""1e-1"",""1e-2"",""1e+2""]","[0.1,0.01,100.0]","{""w_Delta2_u"":100.0,""w_Delta_u"":0.01,""w_u"":0.1}",complete,0.00231653885121104,0.3360839273971555,71,13,True,True,text_log_final_line,complete,0.19153613083252663,0.7415278667359483,64,13,True,True,text_log_final_line,True,0.4992149814729642,0.7415278667359483,0.5388058970665519
poly_d2_o6,point_111,111,"[""1e-1"",""1e-2"",""1e+3""]","[0.1,0.01,1000.0]","{""w_Delta2_u"":1000.0,""w_Delta_u"":0.01,""w_u"":0.1}",complete,0.2188126500417045,0.9469075497355625,71,13,True,True,text_log_final_line,complete,0.21136928915248757,0.8685123054371506,64,13,True,True,text_log_final_line,True,0.9068631975423177,0.9469075497355625,0.9077099275863565
poly_d2_o6,point_112,112,"[""1e-1"",""1e-1"",""1e-3""]","[0.1,0.1,0.001]","{""w_Delta2_u"":0.001,""w_Delta_u"":0.1,""w_u"":0.1}",complete,0.0004142833558053707,0.11982486920966494,71,13,True,True,text_log_final_line,complete,0.1797444212537277,0.6338090066178602,63,13,True,True,text_log_final_line,True,0.2755831658898866,0.6338090066178602,0.3768169379137626
poly_d2_o6,point_113,113,"[""1e-1"",""1e-1"",""1e-2""]","[0.1,0.1,0.01]","{""w_Delta2_u"":0.01,""w_Delta_u"":0.1,""w_u"":0.1}",complete,0.0004400582657497831,0.11762765811140989,71,13,True,True,text_log_final_line,complete,0.17931406112165987,0.632993811761965,63,13,True,True,text_log_final_line,True,0.2728691621942182,0.632993811761965,0.37531073493668743
poly_d2_o6,point_114,114,"[""1e-1"",""1e-1"",""1e-1""]","[0.1,0.1,0.1]","{""w_Delta2_u"":0.1,""w_Delta_u"":0.1,""w_u"":0.1}",complete,0.000500012549659317,0.10508613849333659,71,13,True,True,text_log_final_line,complete,0.17959421036652726,0.6333220690562505,63,13,True,True,text_log_final_line,True,0.2579793996809273,0.6333220690562505,0.36920410377479357
poly_d2_o6,point_115,115,"[""1e-1"",""1e-1"",""1e+0""]","[0.1,0.1,1.0]","{""w_Delta2_u"":1.0,""w_Delta_u"":0.1,""w_u"":0.1}",complete,0.0005050403353879991,0.0770242684938476,71,13,True,True,text_log_final_line,complete,0.17806725133358486,0.6292340894264729,64,13,True,True,text_log_final_line,True,0.22015061991615276,0.6292340894264729,0.3531291789601602
poly_d2_o6,point_116,116,"[""1e-1"",""1e-1"",""1e+1""]","[0.1,0.1,10.0]","{""w_Delta2_u"":10.0,""w_Delta_u"":0.1,""w_u"":0.1}",complete,0.0005071244405328067,0.18820819992675022,71,13,True,True,text_log_final_line,complete,0.18471952933341393,0.6510062749910801,63,13,True,True,text_log_final_line,True,0.35003531130028886,0.6510062749910801,0.41960723745891515
poly_d2_o6,point_117,117,"[""1e-1"",""1e-1"",""1e+2""]","[0.1,0.1,100.0]","{""w_Delta2_u"":100.0,""w_Delta_u"":0.1,""w_u"":0.1}",complete,0.0025607007608742737,0.32966077483943185,71,13,True,True,text_log_final_line,complete,0.1936454153092192,0.7494141584662507,63,13,True,True,text_log_final_line,True,0.4970437125199603,0.7494141584662507,0.5395374666528413
poly_d2_o6,point_118,118,"[""1e-1"",""1e-1"",""1e+3""]","[0.1,0.1,1000.0]","{""w_Delta2_u"":1000.0,""w_Delta_u"":0.1,""w_u"":0.1}",complete,0.2188026258885231,0.9468413229595952,71,13,True,True,text_log_final_line,complete,0.21333437554033283,0.8799207145147325,63,13,True,True,text_log_final_line,True,0.9127679296681505,0.9468413229595952,0.9133810187371638
poly_d2_o6,point_119,119,"[""1e-1"",""1e+0"",""1e-3""]","[0.1,1.0,0.001]","{""w_Delta2_u"":0.001,""w_Delta_u"":1.0,""w_u"":0.1}",complete,0.00033561761218548045,0.10200085563238315,71,13,True,True,text_log_final_line,complete,0.18263794471147043,0.683795797400689,64,13,True,True,text_log_final_line,True,0.2640980053175298,0.683795797400689,0.39289832651653606
poly_d2_o6,point_120,120,"[""1e-1"",""1e+0"",""1e-2""]","[0.1,1.0,0.01]","{""w_Delta2_u"":0.01,""w_Delta_u"":1.0,""w_u"":0.1}",complete,0.0003599419222870659,0.0999856625633087,71,13,True,True,text_log_final_line,complete,0.1824544759892736,0.6835919120435919,64,13,True,True,text_log_final_line,True,0.2614371630977463,0.6835919120435919,0.3917887873034503
poly_d2_o6,point_121,121,"[""1e-1"",""1e+0"",""1e-1""]","[0.1,1.0,0.1]","{""w_Delta2_u"":0.1,""w_Delta_u"":1.0,""w_u"":0.1}",complete,0.0005057308382113081,0.09020454642217714,71,13,True,True,text_log_final_line,complete,0.18272475339506386,0.6839410509970626,64,13,True,True,text_log_final_line,True,0.2483839614079322,0.6839410509970626,0.38707279870961986
poly_d2_o6,point_122,122,"[""1e-1"",""1e+0"",""1e+0""]","[0.1,1.0,1.0]","{""w_Delta2_u"":1.0,""w_Delta_u"":1.0,""w_u"":0.1}",complete,0.0005916909376637612,0.07586054900245487,71,13,True,True,text_log_final_line,complete,0.1837869317501807,0.6858665959617745,64,13,True,True,text_log_final_line,True,0.22810132948342302,0.6858665959617745,0.38086357248211467
poly_d2_o6,point_123,123,"[""1e-1"",""1e+0"",""1e+1""]","[0.1,1.0,10.0]","{""w_Delta2_u"":10.0,""w_Delta_u"":1.0,""w_u"":0.1}",complete,0.0005790947285401157,0.1714142506860422,71,13,True,True,text_log_final_line,complete,0.18728403082297232,0.6999792024270536,64,13,True,True,text_log_final_line,True,0.34639054617562365,0.6999792024270536,0.4356967265565479
poly_d2_o6,point_124,124,"[""1e-1"",""1e+0"",""1e+2""]","[0.1,1.0,100.0]","{""w_Delta2_u"":100.0,""w_Delta_u"":1.0,""w_u"":0.1}",complete,0.003827669358112255,0.2940761339403902,71,13,True,True,text_log_final_line,complete,0.19524715961903272,0.7700883530865521,64,13,True,True,text_log_final_line,True,0.47588297476187924,0.7700883530865521,0.5320822435134711
poly_d2_o6,point_125,125,"[""1e-1"",""1e+0"",""1e+3""]","[0.1,1.0,1000.0]","{""w_Delta2_u"":1000.0,""w_Delta_u"":1.0,""w_u"":0.1}",complete,0.21893181075049753,0.9467834860548314,71,13,True,True,text_log_final_line,complete,0.21336191045490366,0.8786808683589924,63,13,True,True,text_log_final_line,True,0.9120967797742809,0.9467834860548314,0.9127321772069119
poly_d2_o6,point_126,126,"[""1e-1"",""1e+1"",""1e-3""]","[0.1,10.0,0.001]","{""w_Delta2_u"":0.001,""w_Delta_u"":10.0,""w_u"":0.1}",complete,0.0003971549046027705,0.17001146718406637,71,13,True,True,text_log_final_line,complete,0.19805938528917674,0.9020723703973962,64,13,True,True,text_log_final_line,True,0.39161543278766464,0.9020723703973962,0.5360419187907313
poly_d2_o6,point_127,127,"[""1e-1"",""1e+1"",""1e-2""]","[0.1,10.0,0.01]","{""w_Delta2_u"":0.01,""w_Delta_u"":10.0,""w_u"":0.1}",complete,0.00041940103953490147,0.16946554567526798,71,13,True,True,text_log_final_line,complete,0.2000456664456156,0.9013952788170212,63,13,True,True,text_log_final_line,True,0.39083940793353583,0.9013952788170212,0.5354304122461446
poly_d2_o6,point_128,128,"[""1e-1"",""1e+1"",""1e-1""]","[0.1,10.0,0.1]","{""w_Delta2_u"":0.1,""w_Delta_u"":10.0,""w_u"":0.1}",complete,0.0005555478793522461,0.1627430189509077,71,13,True,True,text_log_final_line,complete,0.20033154753523577,0.9014166370922041,63,13,True,True,text_log_final_line,True,0.3830134003569067,0.9014166370922041,0.532079828021556
poly_d2_o6,point_129,129,"[""1e-1"",""1e+1"",""1e+0""]","[0.1,10.0,1.0]","{""w_Delta2_u"":1.0,""w_Delta_u"":10.0,""w_u"":0.1}",complete,0.00048658026714173063,0.13535361627139425,71,13,True,True,text_log_final_line,complete,0.2004962084844433,0.9016616982175387,63,13,True,True,text_log_final_line,True,0.34934677829794053,0.9016616982175387,0.5185076572444665
poly_d2_o6,point_130,130,"[""1e-1"",""1e+1"",""1e+1""]","[0.1,10.0,10.0]","{""w_Delta2_u"":10.0,""w_Delta_u"":10.0,""w_u"":0.1}",complete,0.0004889719751491439,0.1573649216000496,71,13,True,True,text_log_final_line,complete,0.20211796868687396,0.904478472610004,64,13,True,True,text_log_final_line,True,0.3772707037807281,0.904478472610004,0.5309216971050268
poly_d2_o6,point_131,131,"[""1e-1"",""1e+1"",""1e+2""]","[0.1,10.0,100.0]","{""w_Delta2_u"":100.0,""w_Delta_u"":10.0,""w_u"":0.1}",complete,0.00468307020237707,0.2734008266030422,71,13,True,True,text_log_final_line,complete,0.20890543970673797,0.9068766915771176,63,13,True,True,text_log_final_line,True,0.49793657939964214,0.9068766915771176,0.59013875909008
poly_d2_o6,point_132,132,"[""1e-1"",""1e+1"",""1e+3""]","[0.1,10.0,1000.0]","{""w_Delta2_u"":1000.0,""w_Delta_u"":10.0,""w_u"":0.1}",complete,0.21987612469574813,0.9467498792887528,71,13,True,True,text_log_final_line,complete,0.21943444583178862,0.9227874146382319,63,13,True,True,text_log_final_line,True,0.9346918601431845,0.9467498792887528,0.9347686469634924
poly_d2_o6,point_133,133,"[""1e-1"",""1e+2"",""1e-3""]","[0.1,100.0,0.001]","{""w_Delta2_u"":0.001,""w_Delta_u"":100.0,""w_u"":0.1}",complete,0.0035363348343810013,0.17117227978462632,71,13,True,True,text_log_final_line,complete,0.22308270084013365,1.0049361260100513,64,13,True,True,text_log_final_line,True,0.4147495723048681,1.0049361260100513,0.5880542028973388
poly_d2_o6,point_134,134,"[""1e-1"",""1e+2"",""1e-2""]","[0.1,100.0,0.01]","{""w_Delta2_u"":0.01,""w_Delta_u"":100.0,""w_u"":0.1}",complete,0.003647679362472173,0.1710335987403033,71,13,True,True,text_log_final_line,complete,0.22306728120584549,1.0049505978450528,64,13,True,True,text_log_final_line,True,0.4145845116567413,1.0049505978450528,0.5879920982926781
poly_d2_o6,point_135,135,"[""1e-1"",""1e+2"",""1e-1""]","[0.1,100.0,0.1]","{""w_Delta2_u"":0.1,""w_Delta_u"":100.0,""w_u"":0.1}",complete,0.004484919662004855,0.16710093952661215,71,13,True,True,text_log_final_line,complete,0.22417657667399696,1.0040509206685801,63,13,True,True,text_log_final_line,True,0.4096069483984368,1.0040509206685801,0.5855759300975961
poly_d2_o6,point_136,136,"[""1e-1"",""1e+2"",""1e+0""]","[0.1,100.0,1.0]","{""w_Delta2_u"":1.0,""w_Delta_u"":100.0,""w_u"":0.1}",complete,0.008703278876928787,0.1549127116096889,71,13,True,True,text_log_final_line,complete,0.22428296118670207,1.003947570318803,63,13,True,True,text_log_final_line,True,0.3943656177103229,1.003947570318803,0.5794301409642459
poly_d2_o6,point_137,137,"[""1e-1"",""1e+2"",""1e+1""]","[0.1,100.0,10.0]","{""w_Delta2_u"":10.0,""w_Delta_u"":100.0,""w_u"":0.1}",complete,0.00995699263827832,0.17296570004875472,71,13,True,True,text_log_final_line,complete,0.22474479846332182,1.003237089544236,63,13,True,True,text_log_final_line,True,0.4165640473059263,1.003237089544236,0.5881013947964954
poly_d2_o6,point_138,138,"[""1e-1"",""1e+2"",""1e+2""]","[0.1,100.0,100.0]","{""w_Delta2_u"":100.0,""w_Delta_u"":100.0,""w_u"":0.1}",complete,0.0724376103225159,0.5614469971300172,71,13,True,True,text_log_final_line,complete,0.22731426469620716,1.0007098372654077,63,13,True,True,text_log_final_line,True,0.7495635617685343,1.0007098372654077,0.7810784171977125
poly_d2_o6,point_139,139,"[""1e-1"",""1e+2"",""1e+3""]","[0.1,100.0,1000.0]","{""w_Delta2_u"":1000.0,""w_Delta_u"":100.0,""w_u"":0.1}",complete,0.2236510881428196,0.962357868203832,71,13,True,True,text_log_final_line,complete,0.23237108340205584,0.9983250971813096,63,13,True,True,text_log_final_line,True,0.9801765209888413,0.9983250971813096,0.9803414826925707
poly_d2_o6,point_140,140,"[""1e-1"",""1e+3"",""1e-3""]","[0.1,1000.0,0.001]","{""w_Delta2_u"":0.001,""w_Delta_u"":1000.0,""w_u"":0.1}",complete,0.22536071837942132,0.9715271980524668,71,13,True,True,text_log_final_line,complete,0.238828585880067,1.001103891902687,64,13,True,True,text_log_final_line,True,0.9862046740203765,1.001103891902687,0.9863155449775769
poly_d2_o6,point_141,141,"[""1e-1"",""1e+3"",""1e-2""]","[0.1,1000.0,0.01]","{""w_Delta2_u"":0.01,""w_Delta_u"":1000.0,""w_u"":0.1}",complete,0.22536121712667,0.9715282851024282,71,13,True,True,text_log_final_line,complete,0.23883019250420567,1.0011028459431104,63,13,True,True,text_log_final_line,True,0.9862047105597652,1.0011028459431104,0.9863155655227693
poly_d2_o6,point_142,142,"[""1e-1"",""1e+3"",""1e-1""]","[0.1,1000.0,0.1]","{""w_Delta2_u"":0.1,""w_Delta_u"":1000.0,""w_u"":0.1}",complete,0.22536095065839007,0.9715210741113868,71,13,True,True,text_log_final_line,complete,0.23882946604107774,1.001111026781795,63,13,True,True,text_log_final_line,True,0.9862050801145789,1.001111026781795,0.9863160504465909
poly_d2_o6,point_143,143,"[""1e-1"",""1e+3"",""1e+0""]","[0.1,1000.0,1.0]","{""w_Delta2_u"":1.0,""w_Delta_u"":1000.0,""w_u"":0.1}",complete,0.22538241311862942,0.9714882250891809,71,13,True,True,text_log_final_line,complete,0.23882880692406994,1.0011019502633691,64,13,True,True,text_log_final_line,True,0.98618393659331,1.0011019502633691,0.986295087676275
poly_d2_o6,point_144,144,"[""1e-1"",""1e+3"",""1e+1""]","[0.1,1000.0,10.0]","{""w_Delta2_u"":10.0,""w_Delta_u"":1000.0,""w_u"":0.1}",complete,0.22583880080631658,0.971584899533891,71,13,True,True,text_log_final_line,complete,0.23883014657018373,1.0011041671020098,63,13,True,True,text_log_final_line,True,0.9862340957484516,1.0011041671020098,0.9863445333179504
poly_d2_o6,point_145,145,"[""1e-1"",""1e+3"",""1e+2""]","[0.1,1000.0,100.0]","{""w_Delta2_u"":100.0,""w_Delta_u"":1000.0,""w_u"":0.1}",complete,0.22862254871656698,0.9745545893817756,71,13,True,True,text_log_final_line,complete,0.238830847259855,1.001102475523662,63,13,True,True,text_log_final_line,True,0.9877393441404677,1.001102475523662,0.9878285324527187
poly_d2_o6,point_146,146,"[""1e-1"",""1e+3"",""1e+3""]","[0.1,1000.0,1000.0]","{""w_Delta2_u"":1000.0,""w_Delta_u"":1000.0,""w_u"":0.1}",complete,0.23313851513654635,0.9861179515357282,71,13,True,True,text_log_final_line,complete,0.23883693842084044,1.0010654011426312,64,13,True,True,text_log_final_line,True,0.9935635675325779,1.0010654011426312,0.9935916763391797
poly_d2_o6,point_147,147,"[""1e+0"",""1e-3"",""1e-3""]","[1.0,0.001,0.001]","{""w_Delta2_u"":0.001,""w_Delta_u"":0.001,""w_u"":1.0}",complete,0.000259224557547374,0.15833298478783642,71,13,True,True,text_log_final_line,complete,0.23880217096064163,0.9961818479101175,63,13,True,True,text_log_final_line,True,0.3971504064848372,0.9961818479101175,0.577257416348977
poly_d2_o6,point_148,148,"[""1e+0"",""1e-3"",""1e-2""]","[1.0,0.001,0.01]","{""w_Delta2_u"":0.01,""w_Delta_u"":0.001,""w_u"":1.0}",complete,0.0003428837892502134,0.1546305870819978,71,13,True,True,text_log_final_line,complete,0.23879979386165956,0.9961483062407538,63,13,True,True,text_log_final_line,True,0.392472925709208,0.9961483062407538,0.5753894466613758
poly_d2_o6,point_149,149,"[""1e+0"",""1e-3"",""1e-1""]","[1.0,0.001,0.1]","{""w_Delta2_u"":0.1,""w_Delta_u"":0.001,""w_u"":1.0}",complete,0.0006235003530319754,0.13104386693009223,71,13,True,True,text_log_final_line,complete,0.2388002185741157,0.9961540466435906,63,13,True,True,text_log_final_line,True,0.36130302839892664,0.9961540466435906,0.5635989567868415
poly_d2_o6,point_150,150,"[""1e+0"",""1e-3"",""1e+0""]","[1.0,0.001,1.0]","{""w_Delta2_u"":1.0,""w_Delta_u"":0.001,""w_u"":1.0}",complete,0.0002965229818134531,0.1392461035657134,71,13,True,True,text_log_final_line,complete,0.23880013262912694,0.9961549007501822,63,13,True,True,text_log_final_line,True,0.37243883857266125,0.9961549007501822,0.5677005021579478
poly_d2_o6,point_151,151,"[""1e+0"",""1e-3"",""1e+1""]","[1.0,0.001,10.0]","{""w_Delta2_u"":10.0,""w_Delta_u"":0.001,""w_u"":1.0}",complete,0.00023076749859891728,0.1736186907887045,71,13,True,True,text_log_final_line,complete,0.23879806843907633,0.9961528121208004,64,13,True,True,text_log_final_line,True,0.4158734748284624,0.9961528121208004,0.5848857514547525
poly_d2_o6,point_152,152,"[""1e+0"",""1e-3"",""1e+2""]","[1.0,0.001,100.0]","{""w_Delta2_u"":100.0,""w_Delta_u"":0.001,""w_u"":1.0}",complete,0.0037474616702094132,0.2540741530240569,71,13,True,True,text_log_final_line,complete,0.23880406898781753,0.9963970207849812,64,13,True,True,text_log_final_line,True,0.5031488141013926,0.9963970207849812,0.625235586904519
poly_d2_o6,point_153,153,"[""1e+0"",""1e-3"",""1e+3""]","[1.0,0.001,1000.0]","{""w_Delta2_u"":1000.0,""w_Delta_u"":0.001,""w_u"":1.0}",complete,0.21967073782295157,0.9481749276082906,71,13,True,True,text_log_final_line,complete,0.23884019503431678,0.997964115681474,63,13,True,True,text_log_final_line,True,0.9727510232027275,0.997964115681474,0.9730695216448824
poly_d2_o6,point_154,154,"[""1e+0"",""1e-2"",""1e-3""]","[1.0,0.01,0.001]","{""w_Delta2_u"":0.001,""w_Delta_u"":0.01,""w_u"":1.0}",complete,0.0003050842683471161,0.15632413075636895,71,13,True,True,text_log_final_line,complete,0.2388023280700736,0.9961841629535366,63,13,True,True,text_log_final_line,True,0.39462339432295773,0.9961841629535366,0.5762541468549528
poly_d2_o6,point_155,155,"[""1e+0"",""1e-2"",""1e-2""]","[1.0,0.01,0.01]","{""w_Delta2_u"":0.01,""w_Delta_u"":0.01,""w_u"":1.0}",complete,0.00038307972640892805,0.15234061236175653,71,13,True,True,text_log_final_line,complete,0.23880160555159102,0.9961739435711325,63,13,True,True,text_log_final_line,True,0.3895609690182683,0.9961739435711325,0.5742572779664445
poly_d2_o6,point_156,156,"[""1e+0"",""1e-2"",""1e-1""]","[1.0,0.01,0.1]","{""w_Delta2_u"":0.1,""w_Delta_u"":0.01,""w_u"":1.0}",complete,0.0006336146981480213,0.1302978681119786,71,13,True,True,text_log_final_line,complete,0.23880001336590423,0.9961519132514332,63,13,True,True,text_log_final_line,True,0.3602727725103999,0.9961519132514332,0.5632248906817059
poly_d2_o6,point_157,157,"[""1e+0"",""1e-2"",""1e+0""]","[1.0,0.01,1.0]","{""w_Delta2_u"":1.0,""w_Delta_u"":0.01,""w_u"":1.0}",complete,0.00030291182524831543,0.13931580990472145,71,13,True,True,text_log_final_line,complete,0.23879787939682823,0.9961334137616634,64,13,True,True,text_log_final_line,True,0.3725280302357946,0.9961334137616634,0.5677246118331924
poly_d2_o6,point_158,158,"[""1e+0"",""1e-2"",""1e+1""]","[1.0,0.01,10.0]","{""w_Delta2_u"":10.0,""w_Delta_u"":0.01,""w_u"":1.0}",complete,0.00023988023849505792,0.17343176888142844,71,13,True,True,text_log_final_line,complete,0.23879846189870138,0.9961583089376135,64,13,True,True,text_log_final_line,True,0.4156506918134298,0.9961583089376135,0.584795038909521
poly_d2_o6,point_159,159,"[""1e+0"",""1e-2"",""1e+2""]","[1.0,0.01,100.0]","{""w_Delta2_u"":100.0,""w_Delta_u"":0.01,""w_u"":1.0}",complete,0.0037492237355513276,0.25379146631789234,71,13,True,True,text_log_final_line,complete,0.2388062052064397,0.9964163046432749,63,13,True,True,text_log_final_line,True,0.5028736968846874,0.9964163046432749,0.6251038854805836
poly_d2_o6,point_160,160,"[""1e+0"",""1e-2"",""1e+3""]","[1.0,0.01,1000.0]","{""w_Delta2_u"":1000.0,""w_Delta_u"":0.01,""w_u"":1.0}",complete,0.21969481430450047,0.9482378390125487,71,13,True,True,text_log_final_line,complete,0.2388396652801777,0.9979625550121158,63,13,True,True,text_log_final_line,True,0.9727825330360997,0.9979625550121158,0.9731001970123323
poly_d2_o6,point_161,161,"[""1e+0"",""1e-1"",""1e-3""]","[1.0,0.1,0.001]","{""w_Delta2_u"":0.001,""w_Delta_u"":0.1,""w_u"":1.0}",complete,0.00055305663109548,0.1430872439960607,71,13,True,True,text_log_final_line,complete,0.23880040976253625,0.9961605979997585,63,13,True,True,text_log_final_line,True,0.37754188449131465,0.9961605979997585,0.5696239209979096
poly_d2_o6,point_162,162,"[""1e+0"",""1e-1"",""1e-2""]","[1.0,0.1,0.01]","{""w_Delta2_u"":0.01,""w_Delta_u"":0.1,""w_u"":1.0}",complete,0.0005907266220476213,0.14127399829168716,71,13,True,True,text_log_final_line,complete,0.23880025807348712,0.9961582743162662,63,13,True,True,text_log_final_line,True,0.3751416563699721,0.9961582743162662,0.5687161363039767
poly_d2_o6,point_163,163,"[""1e+0"",""1e-1"",""1e-1""]","[1.0,0.1,0.1]","{""w_Delta2_u"":0.1,""w_Delta_u"":0.1,""w_u"":1.0}",complete,0.0006791810024946124,0.12744310814196838,71,13,True,True,text_log_final_line,complete,0.23880162079186376,0.9961774589602469,63,13,True,True,text_log_final_line,True,0.3563087869122259,0.9961774589602469,0.5618102835511076
poly_d2_o6,point_164,164,"[""1e+0"",""1e-1"",""1e+0""]","[1.0,0.1,1.0]","{""w_Delta2_u"":1.0,""w_Delta_u"":0.1,""w_u"":1.0}",complete,0.00035566855730619464,0.13990922642351705,71,13,True,True,text_log_final_line,complete,0.2388020153382694,0.9961846127621268,63,13,True,True,text_log_final_line,True,0.3733301736352957,0.9961846127621268,0.5680469195928219
poly_d2_o6,point_165,165,"[""1e+0"",""1e-1"",""1e+1""]","[1.0,0.1,10.0]","{""w_Delta2_u"":10.0,""w_Delta_u"":0.1,""w_u"":1.0}",complete,0.00031716673379460886,0.16950658406301913,71,13,True,True,text_log_final_line,complete,0.2388018918182072,0.9961994737930132,63,13,True,True,text_log_final_line,True,0.4109286675908981,0.9961994737930132,0.5828530289280162
poly_d2_o6,point_166,166,"[""1e+0"",""1e-1"",""1e+2""]","[1.0,0.1,100.0]","{""w_Delta2_u"":100.0,""w_Delta_u"":0.1,""w_u"":1.0}",complete,0.003770719630051671,0.25042138731640845,71,13,True,True,text_log_final_line,complete,0.2388075909580637,0.9964373518332436,63,13,True,True,text_log_final_line,True,0.4995290021810236,0.9964373518332436,0.623429369574826
poly_d2_o6,point_167,167,"[""1e+0"",""1e-1"",""1e+3""]","[1.0,0.1,1000.0]","{""w_Delta2_u"":1000.0,""w_Delta_u"":0.1,""w_u"":1.0}",complete,0.21970475390985925,0.9482346937536658,71,13,True,True,text_log_final_line,complete,0.2388380702843768,0.9979651478593883,64,13,True,True,text_log_final_line,True,0.972782183408639,0.9979651478593883,0.973099920806527
poly_d2_o6,point_168,168,"[""1e+0"",""1e+0"",""1e-3""]","[1.0,1.0,0.001]","{""w_Delta2_u"":0.001,""w_Delta_u"":1.0,""w_u"":1.0}",complete,0.0004664298184700575,0.14017921999509358,71,13,True,True,text_log_final_line,complete,0.23879866443166436,0.9961774649337423,64,13,True,True,text_log_final_line,True,0.37368888130515965,0.9961774649337423,0.5681783424644179
poly_d2_o6,point_169,169,"[""1e+0"",""1e+0"",""1e-2""]","[1.0,1.0,0.01]","{""w_Delta2_u"":0.01,""w_Delta_u"":1.0,""w_u"":1.0}",complete,0.00047922755857837706,0.1411070798636851,71,13,True,True,text_log_final_line,complete,0.23880305779230324,0.9962284234738178,63,13,True,True,text_log_final_line,True,0.37493317233020756,0.9962284234738178,0.5686677516687515
poly_d2_o6,point_170,170,"[""1e+0"",""1e+0"",""1e-1""]","[1.0,1.0,0.1]","{""w_Delta2_u"":0.1,""w_Delta_u"":1.0,""w_u"":1.0}",complete,0.0005310693580909591,0.1436786414618647,71,13,True,True,text_log_final_line,complete,0.23880261927379465,0.9962225987171075,63,13,True,True,text_log_final_line,True,0.37833306698897257,0.9962225987171075,0.5699506200894862
poly_d2_o6,point_171,171,"[""1e+0"",""1e+0"",""1e+0""]","[1.0,1.0,1.0]","{""w_Delta2_u"":1.0,""w_Delta_u"":1.0,""w_u"":1.0}",complete,0.0004361425850063411,0.15983307045954034,71,13,True,True,text_log_final_line,complete,0.23880254258612504,0.9962229931883197,63,13,True,True,text_log_final_line,True,0.3990355621541555,0.9962229931883197,0.57802803182393
poly_d2_o6,point_172,172,"[""1e+0"",""1e+0"",""1e+1""]","[1.0,1.0,10.0]","{""w_Delta2_u"":10.0,""w_Delta_u"":1.0,""w_u"":1.0}",complete,0.00046481772278040765,0.16993277829191292,71,13,True,True,text_log_final_line,complete,0.2388033293134802,0.9962503211333467,63,13,True,True,text_log_final_line,True,0.4114554470953083,0.9962503211333467,0.5830915497126298
poly_d2_o6,point_173,173,"[""1e+0"",""1e+0"",""1e+2""]","[1.0,1.0,100.0]","{""w_Delta2_u"":100.0,""w_Delta_u"":1.0,""w_u"":1.0}",complete,0.00403539993298093,0.23167725359172153,71,13,True,True,text_log_final_line,complete,0.2388048644606811,0.99644055709435,64,13,True,True,text_log_final_line,True,0.48047123913406514,0.99644055709435,0.6140589053430358
poly_d2_o6,point_174,174,"[""1e+0"",""1e+0"",""1e+3""]","[1.0,1.0,1000.0]","{""w_Delta2_u"":1000.0,""w_Delta_u"":1.0,""w_u"":1.0}",complete,0.21978332718254998,0.9482981003998887,71,13,True,True,text_log_final_line,complete,0.23883825839588016,0.9979820001979186,64,13,True,True,text_log_final_line,True,0.9728229206905887,0.9979820001979186,0.9731400502989036
poly_d2_o6,point_175,175,"[""1e+0"",""1e+1"",""1e-3""]","[1.0,10.0,0.001]","{""w_Delta2_u"":0.001,""w_Delta_u"":10.0,""w_u"":1.0}",complete,0.0004926595586701842,0.14000177383559992,71,13,True,True,text_log_final_line,complete,0.23880938942407068,0.9966056810957785,63,13,True,True,text_log_final_line,True,0.3735325463303636,0.9966056810957785,0.5683037274656892
poly_d2_o6,point_176,176,"[""1e+0"",""1e+1"",""1e-2""]","[1.0,10.0,0.01]","{""w_Delta2_u"":0.01,""w_Delta_u"":10.0,""w_u"":1.0}",complete,0.0005020808172708081,0.1396401663543547,71,13,True,True,text_log_final_line,complete,0.23880537207667132,0.9965661300322088,64,13,True,True,text_log_final_line,True,0.3730424375065297,0.9965661300322088,0.5681031481932818
poly_d2_o6,point_177,177,"[""1e+0"",""1e+1"",""1e-1""]","[1.0,10.0,0.1]","{""w_Delta2_u"":0.1,""w_Delta_u"":10.0,""w_u"":1.0}",complete,0.000560421891046377,0.1368247008472985,71,13,True,True,text_log_final_line,complete,0.2388054894560993,0.9965676512643316,64,13,True,True,text_log_final_line,True,0.3692628748714621,0.9965676512643316,0.566696176055815
poly_d2_o6,point_178,178,"[""1e+0"",""1e+1"",""1e+0""]","[1.0,10.0,1.0]","{""w_Delta2_u"":1.0,""w_Delta_u"":10.0,""w_u"":1.0}",complete,0.0005260491900741795,0.11962603894663777,71,13,True,True,text_log_final_line,complete,0.23880522828211131,0.9965662652900726,64,13,True,True,text_log_final_line,True,0.345275650552563,0.9965662652900726,0.5580961521183552
poly_d2_o6,point_179,179,"[""1e+0"",""1e+1"",""1e+1""]","[1.0,10.0,10.0]","{""w_Delta2_u"":10.0,""w_Delta_u"":10.0,""w_u"":1.0}",complete,0.0005576328671978965,0.11286052123059444,71,13,True,True,text_log_final_line,complete,0.2388059124988289,0.996589594413395,64,13,True,True,text_log_final_line,True,0.3353738527054285,0.996589594413395,0.5547250578219948
poly_d2_o6,point_180,180,"[""1e+0"",""1e+1"",""1e+2""]","[1.0,10.0,100.0]","{""w_Delta2_u"":100.0,""w_Delta_u"":10.0,""w_u"":1.0}",complete,0.005146815921805371,0.23470290259503515,71,13,True,True,text_log_final_line,complete,0.23881427683738998,0.9968252038333179,63,13,True,True,text_log_final_line,True,0.48369181171440895,0.9968252038333179,0.6157640532141765
poly_d2_o6,point_181,181,"[""1e+0"",""1e+1"",""1e+3""]","[1.0,10.0,1000.0]","{""w_Delta2_u"":1000.0,""w_Delta_u"":10.0,""w_u"":1.0}",complete,0.22045630742921016,0.9495008558033514,71,13,True,True,text_log_final_line,complete,0.23884072817564567,0.9981427830185675,64,13,True,True,text_log_final_line,True,0.9735180669561653,0.9981427830185675,0.9738218194109595
poly_d2_o6,point_182,182,"[""1e+0"",""1e+2"",""1e-3""]","[1.0,100.0,0.001]","{""w_Delta2_u"":0.001,""w_Delta_u"":100.0,""w_u"":1.0}",complete,0.006062572400903735,0.1375012986310004,71,13,True,True,text_log_final_line,complete,0.23883936134867784,0.998531146789523,63,13,True,True,text_log_final_line,True,0.37053924138620126,0.998531146789523,0.5680162227102618
poly_d2_o6,point_183,183,"[""1e+0"",""1e+2"",""1e-2""]","[1.0,100.0,0.01]","{""w_Delta2_u"":0.01,""w_Delta_u"":100.0,""w_u"":1.0}",complete,0.006154973266098742,0.13767245522807464,71,13,True,True,text_log_final_line,complete,0.23883945377508373,0.9985309677558549,63,13,True,True,text_log_final_line,True,0.37076975328661044,0.9985309677558549,0.5681017114919648
poly_d2_o6,point_184,184,"[""1e+0"",""1e+2"",""1e-1""]","[1.0,100.0,0.1]","{""w_Delta2_u"":0.1,""w_Delta_u"":100.0,""w_u"":1.0}",complete,0.00684622760056847,0.13768901778168963,71,13,True,True,text_log_final_line,complete,0.23883962368948283,0.9985307959002361,63,13,True,True,text_log_final_line,True,0.3707920232586892,0.9985307959002361,0.5681099068409629
poly_d2_o6,point_185,185,"[""1e+0"",""1e+2"",""1e+0""]","[1.0,100.0,1.0]","{""w_Delta2_u"":1.0,""w_Delta_u"":100.0,""w_u"":1.0}",complete,0.010566075578540739,0.14284034565135498,71,13,True,True,text_log_final_line,complete,0.23883938251787004,0.9985316889483631,63,13,True,True,text_log_final_line,True,0.3776646814215164,0.9985316889483631,0.570686017299859
poly_d2_o6,point_186,186,"[""1e+0"",""1e+2"",""1e+1""]","[1.0,100.0,10.0]","{""w_Delta2_u"":10.0,""w_Delta_u"":100.0,""w_u"":1.0}",complete,0.0113513822791096,0.17346876969658412,71,13,True,True,text_log_final_line,complete,0.23883955265250076,0.9985383235419394,63,13,True,True,text_log_final_line,True,0.4161913195631426,0.9985383235419394,0.5860035466192618
poly_d2_o6,point_187,187,"[""1e+0"",""1e+2"",""1e+2""]","[1.0,100.0,100.0]","{""w_Delta2_u"":100.0,""w_Delta_u"":100.0,""w_u"":1.0}",complete,0.07774006776167104,0.5529057658646681,71,13,True,True,text_log_final_line,complete,0.2388391980779973,0.9986100370052742,64,13,True,True,text_log_final_line,True,0.7430593834348272,0.9986100370052742,0.7757579014349711
poly_d2_o6,point_188,188,"[""1e+0"",""1e+2"",""1e+3""]","[1.0,100.0,1000.0]","{""w_Delta2_u"":1000.0,""w_Delta_u"":100.0,""w_u"":1.0}",complete,0.2238287129193135,0.9632313648429862,71,13,True,True,text_log_final_line,complete,0.23885418001941158,0.9991263748817862,63,13,True,True,text_log_final_line,True,0.9810147102505692,0.9991263748817862,0.9811788698623862
poly_d2_o6,point_189,189,"[""1e+0"",""1e+3"",""1e-3""]","[1.0,1000.0,0.001]","{""w_Delta2_u"":0.001,""w_Delta_u"":1000.0,""w_u"":1.0}",complete,0.22562466813360327,0.9717715426867408,71,13,True,True,text_log_final_line,complete,0.23887383022384773,1.0002170935731538,64,13,True,True,text_log_final_line,True,0.9858917324144837,1.0002170935731538,0.9859943181299473
poly_d2_o6,point_190,190,"[""1e+0"",""1e+3"",""1e-2""]","[1.0,1000.0,0.01]","{""w_Delta2_u"":0.01,""w_Delta_u"":1000.0,""w_u"":1.0}",complete,0.2256153659842553,0.9717464601411544,71,13,True,True,text_log_final_line,complete,0.23887383331564518,1.0002170058724196,64,13,True,True,text_log_final_line,True,0.9858789656086127,1.0002170058724196,0.985981733006787
poly_d2_o6,point_191,191,"[""1e+0"",""1e+3"",""1e-1""]","[1.0,1000.0,0.1]","{""w_Delta2_u"":0.1,""w_Delta_u"":1000.0,""w_u"":1.0}",complete,0.22563074937193467,0.9717759786355079,71,13,True,True,text_log_final_line,complete,0.23887450415776612,1.0001921401081173,63,13,True,True,text_log_final_line,True,0.9858816844718785,1.0001921401081173,0.9859840593718125
poly_d2_o6,point_192,192,"[""1e+0"",""1e+3"",""1e+0""]","[1.0,1000.0,1.0]","{""w_Delta2_u"":1.0,""w_Delta_u"":1000.0,""w_u"":1.0}",complete,0.22564579154653702,0.9717178669283614,71,13,True,True,text_log_final_line,complete,0.23887384747818596,1.00021655348925,64,13,True,True,text_log_final_line,True,0.9858642380282445,1.00021655348925,0.9859672102088057
poly_d2_o6,point_193,193,"[""1e+0"",""1e+3"",""1e+1""]","[1.0,1000.0,10.0]","{""w_Delta2_u"":10.0,""w_Delta_u"":1000.0,""w_u"":1.0}",complete,0.22599073206806894,0.9717233489710291,71,13,True,True,text_log_final_line,complete,0.23887382638123275,1.0002184328689325,64,13,True,True,text_log_final_line,True,0.9858679451579474,1.0002184328689325,0.9859708909199808
poly_d2_o6,point_194,194,"[""1e+0"",""1e+3"",""1e+2""]","[1.0,1000.0,100.0]","{""w_Delta2_u"":100.0,""w_Delta_u"":1000.0,""w_u"":1.0}",complete,0.22871503713160246,0.9748413748111405,71,13,True,True,text_log_final_line,complete,0.23887485184846813,1.0001941091926538,63,13,True,True,text_log_final_line,True,0.9874363779420782,1.0001941091926538,0.9875177420018972
poly_d2_o6,point_195,195,"[""1e+0"",""1e+3"",""1e+3""]","[1.0,1000.0,1000.0]","{""w_Delta2_u"":1000.0,""w_Delta_u"":1000.0,""w_u"":1.0}",complete,0.2331780843092234,0.9861447238577462,71,13,True,True,text_log_final_line,complete,0.23887615115169206,1.0002470216133403,63,13,True,True,text_log_final_line,True,0.9931708427649397,1.0002470216133403,0.9931958727355432
poly_d2_o6,point_196,196,"[""1e+1"",""1e-3"",""1e-3""]","[10.0,0.001,0.001]","{""w_Delta2_u"":0.001,""w_Delta_u"":0.001,""w_u"":10.0}",complete,0.0010226776094681398,0.18769928837703168,71,13,True,True,text_log_final_line,complete,0.23892679480289855,0.9995423295695799,63,13,True,True,text_log_final_line,True,0.4331436066282528,0.9995423295695799,0.5936208089733058
poly_d2_o6,point_197,197,"[""1e+1"",""1e-3"",""1e-2""]","[10.0,0.001,0.01]","{""w_Delta2_u"":0.01,""w_Delta_u"":0.001,""w_u"":10.0}",complete,0.0011261752807366645,0.18427167534160876,71,13,True,True,text_log_final_line,complete,0.23892676411650443,0.9995427272435204,63,13,True,True,text_log_final_line,True,0.42917061050901917,0.9995427272435204,0.5919072012925646
poly_d2_o6,point_198,198,"[""1e+1"",""1e-3"",""1e-1""]","[10.0,0.001,0.1]","{""w_Delta2_u"":0.1,""w_Delta_u"":0.001,""w_u"":10.0}",complete,0.0018070222797220972,0.1568852293392093,71,13,True,True,text_log_final_line,complete,0.23892686653158907,0.9995418687810372,63,13,True,True,text_log_final_line,True,0.39599666074078815,0.9995418687810372,0.5782135490601232
poly_d2_o6,point_199,199,"[""1e+1"",""1e-3"",""1e+0""]","[10.0,0.001,1.0]","{""w_Delta2_u"":1.0,""w_Delta_u"":0.001,""w_u"":10.0}",complete,0.0015469605294310053,0.070845137385647,71,13,True,True,text_log_final_line,complete,0.23892681035323388,0.9995421713931024,63,13,True,True,text_log_final_line,True,0.26610656221726714,0.9995421713931024,0.5351936543893747
poly_d2_o6,point_200,200,"[""1e+1"",""1e-3"",""1e+1""]","[10.0,0.001,10.0]","{""w_Delta2_u"":10.0,""w_Delta_u"":0.001,""w_u"":10.0}",complete,0.0010214551270677438,0.11161833158758692,71,13,True,True,text_log_final_line,complete,0.23892672260508704,0.9995427253109231,63,13,True,True,text_log_final_line,True,0.33401690279043506,0.9995427253109231,0.555580528449255
poly_d2_o6,point_201,201,"[""1e+1"",""1e-3"",""1e+2""]","[10.0,0.001,100.0]","{""w_Delta2_u"":100.0,""w_Delta_u"":0.001,""w_u"":10.0}",complete,0.0026872045237266535,0.23908600101612532,71,13,True,True,text_log_final_line,complete,0.23892671296244347,0.9995434092819988,63,13,True,True,text_log_final_line,True,0.48885257140293054,0.9995434092819988,0.6193147051490621
poly_d2_o6,point_202,202,"[""1e+1"",""1e-3"",""1e+3""]","[10.0,0.001,1000.0]","{""w_Delta2_u"":1000.0,""w_Delta_u"":0.001,""w_u"":10.0}",complete,0.2214076094315296,0.9575143160167287,71,13,True,True,text_log_final_line,complete,0.23892674490096183,0.9995515904341179,63,13,True,True,text_log_final_line,True,0.9783071897098363,0.9995515904341179,0.9785329532254232
poly_d2_o6,point_203,203,"[""1e+1"",""1e-2"",""1e-3""]","[10.0,0.01,0.001]","{""w_Delta2_u"":0.001,""w_Delta_u"":0.01,""w_u"":10.0}",complete,0.001065301329469407,0.1861217623875573,71,13,True,True,text_log_final_line,complete,0.23892512327560256,0.9995407138179776,64,13,True,True,text_log_final_line,True,0.43131923123588983,0.9995407138179776,0.5928312381027674
poly_d2_o6,point_204,204,"[""1e+1"",""1e-2"",""1e-2""]","[10.0,0.01,0.01]","{""w_Delta2_u"":0.01,""w_Delta_u"":0.01,""w_u"":10.0}",complete,0.0011652800887276364,0.18275597572937785,71,13,True,True,text_log_final_line,complete,0.23892508966557055,0.999540920029306,64,13,True,True,text_log_final_line,True,0.4274015396806566,0.999540920029306,0.5911484478793418
poly_d2_o6,point_205,205,"[""1e+1"",""1e-2"",""1e-1""]","[10.0,0.01,0.1]","{""w_Delta2_u"":0.1,""w_Delta_u"":0.01,""w_u"":10.0}",complete,0.0018350449701045797,0.15574623871462304,71,13,True,True,text_log_final_line,complete,0.23892514689455946,0.9995401063501835,64,13,True,True,text_log_final_line,True,0.39455622160657333,0.9995401063501835,0.5776431725324033
poly_d2_o6,point_206,206,"[""1e+1"",""1e-2"",""1e+0""]","[10.0,0.01,1.0]","{""w_Delta2_u"":1.0,""w_Delta_u"":0.01,""w_u"":10.0}",complete,0.0015549386019959486,0.07061847138891658,71,13,True,True,text_log_final_line,complete,0.2389251115980855,0.9995404249771622,64,13,True,True,text_log_final_line,True,0.26568029076940436,0.9995404249771622,0.5350794481830394
poly_d2_o6,point_207,207,"[""1e+1"",""1e-2"",""1e+1""]","[10.0,0.01,10.0]","{""w_Delta2_u"":10.0,""w_Delta_u"":0.01,""w_u"":10.0}",complete,0.0010293746620918067,0.11155977258775643,71,13,True,True,text_log_final_line,complete,0.23892514463102713,0.9995401076518784,64,13,True,True,text_log_final_line,True,0.333928835385603,0.9995401076518784,0.5555499401198174
poly_d2_o6,point_208,208,"[""1e+1"",""1e-2"",""1e+2""]","[10.0,0.01,100.0]","{""w_Delta2_u"":100.0,""w_Delta_u"":0.01,""w_u"":10.0}",complete,0.0026900939517491584,0.23885550958060298,71,13,True,True,text_log_final_line,complete,0.2389251516804331,0.999541488047505,64,13,True,True,text_log_final_line,True,0.4886164052449948,0.999541488047505,0.619198498814054
poly_d2_o6,point_209,209,"[""1e+1"",""1e-2"",""1e+3""]","[10.0,0.01,1000.0]","{""w_Delta2_u"":1000.0,""w_Delta_u"":0.01,""w_u"":10.0}",complete,0.2214055126483099,0.957508921499541,71,13,True,True,text_log_final_line,complete,0.23892524467783302,0.999549326292498,64,13,True,True,text_log_final_line,True,0.978303325867761,0.999549326292498,0.9785291238960195
poly_d2_o6,point_210,210,"[""1e+1"",""1e-1"",""1e-3""]","[10.0,0.1,0.001]","{""w_Delta2_u"":0.001,""w_Delta_u"":0.1,""w_u"":10.0}",complete,0.001426835192845114,0.17159021901678267,71,13,True,True,text_log_final_line,complete,0.23892677254630068,0.9995426415167609,63,13,True,True,text_log_final_line,True,0.4141397599536592,0.9995426415167609,0.5855664302667718
poly_d2_o6,point_211,211,"[""1e+1"",""1e-1"",""1e-2""]","[10.0,0.1,0.01]","{""w_Delta2_u"":0.01,""w_Delta_u"":0.1,""w_u"":10.0}",complete,0.0015104793958163056,0.16890552657615923,71,13,True,True,text_log_final_line,complete,0.23892688014011726,0.9995418361874528,63,13,True,True,text_log_final_line,True,0.410887016314878,0.9995418361874528,0.584223681381806
poly_d2_o6,point_212,212,"[""1e+1"",""1e-1"",""1e-1""]","[10.0,0.1,0.1]","{""w_Delta2_u"":0.1,""w_Delta_u"":0.1,""w_u"":10.0}",complete,0.0020511274646939155,0.14449172898544288,71,13,True,True,text_log_final_line,complete,0.23892513253671238,0.9995404053405187,64,13,True,True,text_log_final_line,True,0.3800333161164452,0.9995404053405187,0.5720160671629808
poly_d2_o6,point_213,213,"[""1e+1"",""1e-1"",""1e+0""]","[10.0,0.1,1.0]","{""w_Delta2_u"":1.0,""w_Delta_u"":0.1,""w_u"":10.0}",complete,0.0016205770015676072,0.06834178686378511,71,13,True,True,text_log_final_line,complete,0.23892691534451732,0.9995417972147012,63,13,True,True,text_log_final_line,True,0.26136272202954236,0.9995417972147012,0.5339417920392431
poly_d2_o6,point_214,214,"[""1e+1"",""1e-1"",""1e+1""]","[10.0,0.1,10.0]","{""w_Delta2_u"":10.0,""w_Delta_u"":0.1,""w_u"":10.0}",complete,0.0011113389757458792,0.11131266268903553,71,13,True,True,text_log_final_line,complete,0.23892516011676315,0.9995400214846513,64,13,True,True,text_log_final_line,True,0.33355878230937397,0.9995400214846513,0.5554263420868434
poly_d2_o6,point_215,215,"[""1e+1"",""1e-1"",""1e+2""]","[10.0,0.1,100.0]","{""w_Delta2_u"":100.0,""w_Delta_u"":0.1,""w_u"":10.0}",complete,0.002834308726154265,0.23636261249431645,71,13,True,True,text_log_final_line,complete,0.23892514775865514,0.9995412265798964,64,13,True,True,text_log_final_line,True,0.48605984776588756,0.9995412265798964,0.6179519195371064
poly_d2_o6,point_216,216,"[""1e+1"",""1e-1"",""1e+3""]","[10.0,0.1,1000.0]","{""w_Delta2_u"":1000.0,""w_Delta_u"":0.1,""w_u"":10.0}",complete,0.22141879520927396,0.9575382169139088,71,13,True,True,text_log_final_line,complete,0.23892530908417745,0.999548479448277,64,13,True,True,text_log_final_line,True,0.9783178771390779,0.999548479448277,0.9785433481810929
poly_d2_o6,point_217,217,"[""1e+1"",""1e+0"",""1e-3""]","[10.0,1.0,0.001]","{""w_Delta2_u"":0.001,""w_Delta_u"":1.0,""w_u"":10.0}",complete,0.0024030971130720646,0.10292889302206598,71,13,True,True,text_log_final_line,complete,0.23892513856921926,0.999540516948874,64,13,True,True,text_log_final_line,True,0.3207516156471409,0.999540516948874,0.55123470498547
poly_d2_o6,point_218,218,"[""1e+1"",""1e+0"",""1e-2""]","[10.0,1.0,0.01]","{""w_Delta2_u"":0.01,""w_Delta_u"":1.0,""w_u"":10.0}",complete,0.0024226805748152045,0.10196400125210697,71,13,True,True,text_log_final_line,complete,0.23892694627457067,0.9995420879796623,63,13,True,True,text_log_final_line,True,0.3192449071015729,0.9995420879796623,0.5507530446158846
poly_d2_o6,point_219,219,"[""1e+1"",""1e+0"",""1e-1""]","[10.0,1.0,0.1]","{""w_Delta2_u"":0.1,""w_Delta_u"":1.0,""w_u"":10.0}",complete,0.0025268099366637497,0.09191960425045827,71,13,True,True,text_log_final_line,complete,0.23892664976810804,0.9995434472237708,63,13,True,True,text_log_final_line,True,0.30311324302964365,0.9995434472237708,0.5457315257371145
poly_d2_o6,point_220,220,"[""1e+1"",""1e+0"",""1e+0""]","[10.0,1.0,1.0]","{""w_Delta2_u"":1.0,""w_Delta_u"":1.0,""w_u"":10.0}",complete,0.0018748405848760111,0.06203152776529537,71,13,True,True,text_log_final_line,complete,0.23892735538431098,0.9995401934223066,63,13,True,True,text_log_final_line,True,0.24900402659556434,0.9995401934223066,0.530785860593801
poly_d2_o6,point_221,221,"[""1e+1"",""1e+0"",""1e+1""]","[10.0,1.0,10.0]","{""w_Delta2_u"":10.0,""w_Delta_u"":1.0,""w_u"":10.0}",complete,0.0016865399813190947,0.10667264835596399,71,13,True,True,text_log_final_line,complete,0.23892738473290434,0.9995400018970974,63,13,True,True,text_log_final_line,True,0.32653266167427825,0.9995400018970974,0.5531063251265307
poly_d2_o6,point_222,222,"[""1e+1"",""1e+0"",""1e+2""]","[10.0,1.0,100.0]","{""w_Delta2_u"":100.0,""w_Delta_u"":1.0,""w_u"":10.0}",complete,0.0038939423905908154,0.21707676502879633,71,13,True,True,text_log_final_line,complete,0.23892739009955405,0.9995407184712264,63,13,True,True,text_log_final_line,True,0.46580797082090886,0.9995407184712264,0.6083087417500114
poly_d2_o6,point_223,223,"[""1e+1"",""1e+0"",""1e+3""]","[10.0,1.0,1000.0]","{""w_Delta2_u"":1000.0,""w_Delta_u"":1.0,""w_u"":10.0}",complete,0.2214018334184015,0.9574523712922751,71,13,True,True,text_log_final_line,complete,0.23892674695092622,0.999551790770858,63,13,True,True,text_log_final_line,True,0.9782756422925994,0.999551790770858,0.9785020810315666
poly_d2_o6,point_224,224,"[""1e+1"",""1e+1"",""1e-3""]","[10.0,10.0,0.001]","{""w_Delta2_u"":0.001,""w_Delta_u"":10.0,""w_u"":10.0}",complete,0.002007336908867797,0.07877839330235145,71,13,True,True,text_log_final_line,complete,0.23892533997753343,0.9995426064981269,64,13,True,True,text_log_final_line,True,0.28061069220036317,0.9995426064981269,0.5391604999002392
poly_d2_o6,point_225,225,"[""1e+1"",""1e+1"",""1e-2""]","[10.0,10.0,0.01]","{""w_Delta2_u"":0.01,""w_Delta_u"":10.0,""w_u"":10.0}",complete,0.0020176535780376016,0.07865710005653997,71,13,True,True,text_log_final_line,complete,0.23892697815126926,0.9995450619965444,63,13,True,True,text_log_final_line,True,0.28039492854272996,0.9995450619965444,0.5391010810265422
poly_d2_o6,point_226,226,"[""1e+1"",""1e+1"",""1e-1""]","[10.0,10.0,0.1]","{""w_Delta2_u"":0.1,""w_Delta_u"":10.0,""w_u"":10.0}",complete,0.0020950559829021253,0.07753012044246817,71,13,True,True,text_log_final_line,complete,0.23892531415113888,0.9995431154626924,64,13,True,True,text_log_final_line,True,0.27837869553768374,0.9995431154626924,0.5385366179525802
poly_d2_o6,point_227,227,"[""1e+1"",""1e+1"",""1e+0""]","[10.0,10.0,1.0]","{""w_Delta2_u"":1.0,""w_Delta_u"":10.0,""w_u"":10.0}",complete,0.002248114302087543,0.07693269877902581,71,13,True,True,text_log_final_line,complete,0.23892691544464653,0.9995452632712596,63,13,True,True,text_log_final_line,True,0.2773043718646532,0.9995452632712596,0.5382389810251427
poly_d2_o6,point_228,228,"[""1e+1"",""1e+1"",""1e+1""]","[10.0,10.0,10.0]","{""w_Delta2_u"":10.0,""w_Delta_u"":10.0,""w_u"":10.0}",complete,0.002429773820382903,0.1210993719453882,71,13,True,True,text_log_final_line,complete,0.2389252888501513,0.9995435051071442,64,13,True,True,text_log_final_line,True,0.347913912772351,0.9995435051071442,0.5603214385262661
poly_d2_o6,point_229,229,"[""1e+1"",""1e+1"",""1e+2""]","[10.0,10.0,100.0]","{""w_Delta2_u"":100.0,""w_Delta_u"":10.0,""w_u"":10.0}",complete,0.006824251017163354,0.18849185959168133,71,13,True,True,text_log_final_line,complete,0.23892540447681707,0.9995431791889621,64,13,True,True,text_log_final_line,True,0.4340573148646485,0.9995431791889621,0.5940175193903217
poly_d2_o6,point_230,230,"[""1e+1"",""1e+1"",""1e+3""]","[10.0,10.0,1000.0]","{""w_Delta2_u"":1000.0,""w_Delta_u"":10.0,""w_u"":10.0}",complete,0.22187896506190977,0.9583246420908531,71,13,True,True,text_log_final_line,complete,0.23892766839987886,0.9995514139150629,63,13,True,True,text_log_final_line,True,0.9787209770877289,0.9995514139150629,0.978938028002958
poly_d2_o6,point_231,231,"[""1e+1"",""1e+2"",""1e-3""]","[10.0,100.0,0.001]","{""w_Delta2_u"":0.001,""w_Delta_u"":100.0,""w_u"":10.0}",complete,0.030499939882301354,0.29938295374931034,71,13,True,True,text_log_final_line,complete,0.23892836032643902,0.9995685126517049,63,13,True,True,text_log_final_line,True,0.547040925153203,0.9995685126517049,0.6494757332005077
poly_d2_o6,point_232,232,"[""1e+1"",""1e+2"",""1e-2""]","[10.0,100.0,0.01]","{""w_Delta2_u"":0.01,""w_Delta_u"":100.0,""w_u"":10.0}",complete,0.030601515075457962,0.2999454762645014,71,13,True,True,text_log_final_line,complete,0.2389285692119699,0.9995678669675012,63,13,True,True,text_log_final_line,True,0.5475544355735409,0.9995678669675012,0.6497566716160013
poly_d2_o6,point_233,233,"[""1e+1"",""1e+2"",""1e-1""]","[10.0,100.0,0.1]","{""w_Delta2_u"":0.1,""w_Delta_u"":100.0,""w_u"":10.0}",complete,0.030987357643366055,0.3007676884885335,71,13,True,True,text_log_final_line,complete,0.23892839058596582,0.9995687262880829,63,13,True,True,text_log_final_line,True,0.5483046373058451,0.9995687262880829,0.6501682073883082
poly_d2_o6,point_234,234,"[""1e+1"",""1e+2"",""1e+0""]","[10.0,100.0,1.0]","{""w_Delta2_u"":1.0,""w_Delta_u"":100.0,""w_u"":10.0}",complete,0.03622498795215571,0.32549570473806505,71,13,True,True,text_log_final_line,complete,0.23892823570696536,0.9995689801925748,63,13,True,True,text_log_final_line,True,0.5703993422525057,0.9995689801925748,0.6625323424653199
poly_d2_o6,point_235,235,"[""1e+1"",""1e+2"",""1e+1""]","[10.0,100.0,10.0]","{""w_Delta2_u"":10.0,""w_Delta_u"":100.0,""w_u"":10.0}",complete,0.056147840831447846,0.4388257033100134,71,13,True,True,text_log_final_line,complete,0.23892667206108095,0.9995677858000446,64,13,True,True,text_log_final_line,True,0.6622960339679963,0.9995677858000446,0.719196744555029
poly_d2_o6,point_236,236,"[""1e+1"",""1e+2"",""1e+2""]","[10.0,100.0,100.0]","{""w_Delta2_u"":100.0,""w_Delta_u"":100.0,""w_u"":10.0}",complete,0.11937737602496754,0.6884904664923127,71,13,True,True,text_log_final_line,complete,0.23892667477531954,0.9995691557328653,64,13,True,True,text_log_final_line,True,0.8295744899174803,0.9995691557328653,0.844029811112589
poly_d2_o6,point_237,237,"[""1e+1"",""1e+2"",""1e+3""]","[10.0,100.0,1000.0]","{""w_Delta2_u"":1000.0,""w_Delta_u"":100.0,""w_u"":10.0}",complete,0.2246038281331355,0.9645892629668577,71,13,True,True,text_log_final_line,complete,0.23892855187239007,0.9995768876760638,63,13,True,True,text_log_final_line,True,0.9819272546182634,0.9995768876760638,0.9820830753214607
poly_d2_o6,point_238,238,"[""1e+1"",""1e+3"",""1e-3""]","[10.0,1000.0,0.001]","{""w_Delta2_u"":0.001,""w_Delta_u"":1000.0,""w_u"":10.0}",complete,0.2266488912910715,0.9741148245766004,71,13,True,True,text_log_final_line,complete,0.2389259152519461,0.9997542792734095,64,13,True,True,text_log_final_line,True,0.9868512878717456,0.9997542792734095,0.986934551925005
poly_d2_o6,point_239,239,"[""1e+1"",""1e+3"",""1e-2""]","[10.0,1000.0,0.01]","{""w_Delta2_u"":0.01,""w_Delta_u"":1000.0,""w_u"":10.0}",complete,0.22663793825108444,0.9740893565201555,71,13,True,True,text_log_final_line,complete,0.23892886388358694,0.9997445210905976,63,13,True,True,text_log_final_line,True,0.9868335711930818,0.9997445210905976,0.9869169388053766
poly_d2_o6,point_240,240,"[""1e+1"",""1e+3"",""1e-1""]","[10.0,1000.0,0.1]","{""w_Delta2_u"":0.1,""w_Delta_u"":1000.0,""w_u"":10.0}",complete,0.22664369202528864,0.974095766213598,71,13,True,True,text_log_final_line,complete,0.23892588499894823,0.9997548946675726,64,13,True,True,text_log_final_line,True,0.9868419377727135,0.9997548946675726,0.9869253304405853
poly_d2_o6,point_241,241,"[""1e+1"",""1e+3"",""1e+0""]","[10.0,1000.0,1.0]","{""w_Delta2_u"":1.0,""w_Delta_u"":1000.0,""w_u"":10.0}",complete,0.22669911590607808,0.9741608576734894,71,13,True,True,text_log_final_line,complete,0.23892898144436034,0.9997480431403984,63,13,True,True,text_log_final_line,True,0.9868715271822585,0.9997480431403984,0.9869544504069439
poly_d2_o6,point_242,242,"[""1e+1"",""1e+3"",""1e+1""]","[10.0,1000.0,10.0]","{""w_Delta2_u"":10.0,""w_Delta_u"":1000.0,""w_u"":10.0}",complete,0.2270319553790439,0.9743721041634894,71,13,True,True,text_log_final_line,complete,0.23892588120277358,0.99975511439194,64,13,True,True,text_log_final_line,True,0.986982013239494,0.99975511439194,0.9870636092777147
poly_d2_o6,point_243,243,"[""1e+1"",""1e+3"",""1e+2""]","[10.0,1000.0,100.0]","{""w_Delta2_u"":100.0,""w_Delta_u"":1000.0,""w_u"":10.0}",complete,0.22915579070307399,0.9770735009418391,71,13,True,True,text_log_final_line,complete,0.2389288393678112,0.9997442373254709,63,13,True,True,text_log_final_line,True,0.988343868301932,0.9997442373254709,0.988408869133655
poly_d2_o6,point_244,244,"[""1e+1"",""1e+3"",""1e+3""]","[10.0,1000.0,1000.0]","{""w_Delta2_u"":1000.0,""w_Delta_u"":1000.0,""w_u"":10.0}",complete,0.23341171787591294,0.9860951559438657,71,13,True,True,text_log_final_line,complete,0.23892602027201343,0.999761309537983,64,13,True,True,text_log_final_line,True,0.9929047207237464,0.999761309537983,0.9929282327409243
poly_d2_o6,point_245,245,"[""1e+2"",""1e-3"",""1e-3""]","[100.0,0.001,0.001]","{""w_Delta2_u"":0.001,""w_Delta_u"":0.001,""w_u"":100.0}",complete,0.20786264163522145,0.934781958549426,71,13,True,True,text_log_final_line,complete,0.23914837175963205,0.9998619984606144,63,13,True,True,text_log_final_line,True,0.9667745120761906,0.9998619984606144,0.9673219785050202
poly_d2_o6,point_246,246,"[""1e+2"",""1e-3"",""1e-2""]","[100.0,0.001,0.01]","{""w_Delta2_u"":0.01,""w_Delta_u"":0.001,""w_u"":100.0}",complete,0.2078280566308916,0.9347127866977989,71,13,True,True,text_log_final_line,complete,0.2391323264809574,0.9998617282236312,64,13,True,True,text_log_final_line,True,0.9667386111562875,0.9998617282236312,0.967287257460715
poly_d2_o6,point_247,247,"[""1e+2"",""1e-3"",""1e-1""]","[100.0,0.001,0.1]","{""w_Delta2_u"":0.1,""w_Delta_u"":0.001,""w_u"":100.0}",complete,0.20792345040761004,0.9348765519770686,71,13,True,True,text_log_final_line,complete,0.23913216299115408,0.9998618138734612,64,13,True,True,text_log_final_line,True,0.9668233370205536,0.9998618138734612,0.9673691829252649
poly_d2_o6,point_248,248,"[""1e+2"",""1e-3"",""1e+0""]","[100.0,0.001,1.0]","{""w_Delta2_u"":1.0,""w_Delta_u"":0.001,""w_u"":100.0}",complete,0.2083473073371301,0.9354970246761164,71,13,True,True,text_log_final_line,complete,0.2391430689946746,0.9998629363496541,63,13,True,True,text_log_final_line,True,0.9671446644835645,0.9998629363496541,0.9676799805128853
poly_d2_o6,point_249,249,"[""1e+2"",""1e-3"",""1e+1""]","[100.0,0.001,10.0]","{""w_Delta2_u"":10.0,""w_Delta_u"":0.001,""w_u"":100.0}",complete,0.2110608892716095,0.9396186532703865,71,13,True,True,text_log_final_line,complete,0.23914450638870247,0.9998626217970724,63,13,True,True,text_log_final_line,True,0.9692727016419904,0.9998626217970724,0.9697406375337294
poly_d2_o6,point_250,250,"[""1e+2"",""1e-3"",""1e+2""]","[100.0,0.001,100.0]","{""w_Delta2_u"":100.0,""w_Delta_u"":0.001,""w_u"":100.0}",complete,0.21713051379471923,0.9496980642632145,71,13,True,True,text_log_final_line,complete,0.23914064518733333,0.9998641062281418,63,13,True,True,text_log_final_line,True,0.9744583142500942,0.9998641062281418,0.9747810852456782
poly_d2_o6,point_251,251,"[""1e+2"",""1e-3"",""1e+3""]","[100.0,0.001,1000.0]","{""w_Delta2_u"":1000.0,""w_Delta_u"":0.001,""w_u"":100.0}",complete,0.22617712954694452,0.9701543036253875,71,13,True,True,text_log_final_line,complete,0.23915519118077466,0.9998586056359088,63,13,True,True,text_log_final_line,True,0.9848944762128357,0.9998586056359088,0.9850064546306481
poly_d2_o6,point_252,252,"[""1e+2"",""1e-2"",""1e-3""]","[100.0,0.01,0.001]","{""w_Delta2_u"":0.001,""w_Delta_u"":0.01,""w_u"":100.0}",complete,0.20786456185206587,0.9347853804189056,71,13,True,True,text_log_final_line,complete,0.23914736028081898,0.9998622570731196,63,13,True,True,text_log_final_line,True,0.9667764065928593,0.9998622570731196,0.9673238187460126
poly_d2_o6,point_253,253,"[""1e+2"",""1e-2"",""1e-2""]","[100.0,0.01,0.01]","{""w_Delta2_u"":0.01,""w_Delta_u"":0.01,""w_u"":100.0}",complete,0.20780578428897276,0.9346687770245786,71,13,True,True,text_log_final_line,complete,0.23915452951767696,0.9998595008403616,63,13,True,True,text_log_final_line,True,0.9667147753328623,0.9998595008403616,0.9672641389324701
poly_d2_o6,point_254,254,"[""1e+2"",""1e-2"",""1e-1""]","[100.0,0.01,0.1]","{""w_Delta2_u"":0.1,""w_Delta_u"":0.01,""w_u"":100.0}",complete,0.20789332700389848,0.9348169215518171,71,13,True,True,text_log_final_line,complete,0.23914962092205774,0.9998618607309355,63,13,True,True,text_log_final_line,True,0.9667925251187893,0.9998618607309355,0.9673393911413763
poly_d2_o6,point_255,255,"[""1e+2"",""1e-2"",""1e+0""]","[100.0,0.01,1.0]","{""w_Delta2_u"":1.0,""w_Delta_u"":0.01,""w_u"":100.0}",complete,0.20834671208285604,0.9354948238971393,71,13,True,True,text_log_final_line,complete,0.23914207441647545,0.9998633875669747,63,13,True,True,text_log_final_line,True,0.9671437450933362,0.9998633875669747,0.9676791057320571
poly_d2_o6,point_256,256,"[""1e+2"",""1e-2"",""1e+1""]","[100.0,0.01,10.0]","{""w_Delta2_u"":10.0,""w_Delta_u"":0.01,""w_u"":100.0}",complete,0.2110455214936603,0.939585783033688,71,13,True,True,text_log_final_line,complete,0.2391408963263478,0.9998639239080833,63,13,True,True,text_log_final_line,True,0.9692563788143529,0.9998639239080833,0.9697248534708857
poly_d2_o6,point_257,257,"[""1e+2"",""1e-2"",""1e+2""]","[100.0,0.01,100.0]","{""w_Delta2_u"":100.0,""w_Delta_u"":0.01,""w_u"":100.0}",complete,0.217129617343928,0.9496957221040859,71,13,True,True,text_log_final_line,complete,0.23914590324860774,0.999861461109643,63,13,True,True,text_log_final_line,True,0.9744558236844648,0.999861461109643,0.9747785916068645
poly_d2_o6,point_258,258,"[""1e+2"",""1e-2"",""1e+3""]","[100.0,0.01,1000.0]","{""w_Delta2_u"":1000.0,""w_Delta_u"":0.01,""w_u"":100.0}",complete,0.2261794890869012,0.9701590482802995,71,13,True,True,text_log_final_line,complete,0.23914981670358745,0.9998599088293346,63,13,True,True,text_log_final_line,True,0.9848975264277469,0.9998599088293346,0.9850094785548171
poly_d2_o6,point_259,259,"[""1e+2"",""1e-1"",""1e-3""]","[100.0,0.1,0.001]","{""w_Delta2_u"":0.001,""w_Delta_u"":0.1,""w_u"":100.0}",complete,0.20787686947222409,0.9348041318216945,71,13,True,True,text_log_final_line,complete,0.23914687908422724,0.9998623222530688,63,13,True,True,text_log_final_line,True,0.9667861346207874,0.9998623222530688,0.9673332270373817
poly_d2_o6,point_260,260,"[""1e+2"",""1e-1"",""1e-2""]","[100.0,0.1,0.01]","{""w_Delta2_u"":0.01,""w_Delta_u"":0.1,""w_u"":100.0}",complete,0.20783039549125126,0.9347099277407382,71,13,True,True,text_log_final_line,complete,0.2391449362050055,0.999862369316064,63,13,True,True,text_log_final_line,True,0.966737442625505,0.999862369316064,0.9672861485284011
poly_d2_o6,point_261,261,"[""1e+2"",""1e-1"",""1e-1""]","[100.0,0.1,0.1]","{""w_Delta2_u"":0.1,""w_Delta_u"":0.1,""w_u"":100.0}",complete,0.20790560773684727,0.9348372833507332,71,13,True,True,text_log_final_line,complete,0.23913259634653972,0.9998618575537427,64,13,True,True,text_log_final_line,True,0.9668030526645841,0.9998618575537427,0.9673495704522379
poly_d2_o6,point_262,262,"[""1e+2"",""1e-1"",""1e+0""]","[100.0,0.1,1.0]","{""w_Delta2_u"":1.0,""w_Delta_u"":0.1,""w_u"":100.0}",complete,0.20838679051503012,0.9355713982831464,71,13,True,True,text_log_final_line,complete,0.23913273751940833,0.9998616880594771,64,13,True,True,text_log_final_line,True,0.9671825047981131,0.9998616880594771,0.9677165431713117
poly_d2_o6,point_263,263,"[""1e+2"",""1e-1"",""1e+1""]","[100.0,0.1,10.0]","{""w_Delta2_u"":10.0,""w_Delta_u"":0.1,""w_u"":100.0}",complete,0.2110895725997022,0.9396772774187683,71,13,True,True,text_log_final_line,complete,0.2391323229083367,0.9998619574649931,64,13,True,True,text_log_final_line,True,0.9693026163099453,0.9998619574649931,0.9697696174418806
poly_d2_o6,point_264,264,"[""1e+2"",""1e-1"",""1e+2""]","[100.0,0.1,100.0]","{""w_Delta2_u"":100.0,""w_Delta_u"":0.1,""w_u"":100.0}",complete,0.21716473530443917,0.9497744742378856,71,13,True,True,text_log_final_line,complete,0.23915345017161618,0.999859492199793,63,13,True,True,text_log_final_line,True,0.9744952660304809,0.999859492199793,0.9748169832188394
poly_d2_o6,point_265,265,"[""1e+2"",""1e-1"",""1e+3""]","[100.0,0.1,1000.0]","{""w_Delta2_u"":1000.0,""w_Delta_u"":0.1,""w_u"":100.0}",complete,0.2261782593464813,0.9701545265350306,71,13,True,True,text_log_final_line,complete,0.239151256210217,0.9998594683161319,63,13,True,True,text_log_final_line,True,0.9848950142455816,0.9998594683161319,0.9850069974255813
poly_d2_o6,point_266,266,"[""1e+2"",""1e+0"",""1e-3""]","[100.0,1.0,0.001]","{""w_Delta2_u"":0.001,""w_Delta_u"":1.0,""w_u"":100.0}",complete,0.2080006462530014,0.9350174950263596,71,13,True,True,text_log_final_line,complete,0.23915456574283203,0.9998601736778073,63,13,True,True,text_log_final_line,True,0.9668954209059242,0.9998601736778073,0.9674388343520834
poly_d2_o6,point_267,267,"[""1e+2"",""1e+0"",""1e-2""]","[100.0,1.0,0.01]","{""w_Delta2_u"":0.01,""w_Delta_u"":1.0,""w_u"":100.0}",complete,0.20801688460230983,0.9350473840184056,71,13,True,True,text_log_final_line,complete,0.23914425226797448,0.9998622761839566,63,13,True,True,text_log_final_line,True,0.9669118913967794,0.9998622761839566,0.9674548301011812
poly_d2_o6,point_268,268,"[""1e+2"",""1e+0"",""1e-1""]","[100.0,1.0,0.1]","{""w_Delta2_u"":0.1,""w_Delta_u"":1.0,""w_u"":100.0}",complete,0.2080776575550103,0.9351444963268387,71,13,True,True,text_log_final_line,complete,0.23915237498826492,0.9998603657966934,63,13,True,True,text_log_final_line,True,0.9669611771783382,0.9998603657966934,0.967502431061766
poly_d2_o6,point_269,269,"[""1e+2"",""1e+0"",""1e+0""]","[100.0,1.0,1.0]","{""w_Delta2_u"":1.0,""w_Delta_u"":1.0,""w_u"":100.0}",complete,0.20845039068599067,0.9356720492218964,71,13,True,True,text_log_final_line,complete,0.23915108661731066,0.9998610427165768,63,13,True,True,text_log_final_line,True,0.9672342171241469,0.9998610427165768,0.9677665459692366
poly_d2_o6,point_270,270,"[""1e+2"",""1e+0"",""1e+1""]","[100.0,1.0,10.0]","{""w_Delta2_u"":10.0,""w_Delta_u"":1.0,""w_u"":100.0}",complete,0.2111974359022342,0.9398898738680078,71,13,True,True,text_log_final_line,complete,0.23913256845714895,0.9998621576267985,64,13,True,True,text_log_final_line,True,0.9694123566456361,0.9998621576267985,0.9698760157474031
poly_d2_o6,point_271,271,"[""1e+2"",""1e+0"",""1e+2""]","[100.0,1.0,100.0]","{""w_Delta2_u"":100.0,""w_Delta_u"":1.0,""w_u"":100.0}",complete,0.2172115780799792,0.9498816712681181,71,13,True,True,text_log_final_line,complete,0.23915048707793954,0.9998611439921438,63,13,True,True,text_log_final_line,True,0.974551063049705,0.9998611439921438,0.9748714076301309
poly_d2_o6,point_272,272,"[""1e+2"",""1e+0"",""1e+3""]","[100.0,1.0,1000.0]","{""w_Delta2_u"":1000.0,""w_Delta_u"":1.0,""w_u"":100.0}",complete,0.2261966174599264,0.9701723381214032,71,13,True,True,text_log_final_line,complete,0.23915449631736552,0.9998589766559155,63,13,True,True,text_log_final_line,True,0.9849038131583931,0.9998589766559155,0.9850156573886594
poly_d2_o6,point_273,273,"[""1e+2"",""1e+1"",""1e-3""]","[100.0,10.0,0.001]","{""w_Delta2_u"":0.001,""w_Delta_u"":10.0,""w_u"":100.0}",complete,0.2093881264968358,0.9376792848273906,71,13,True,True,text_log_final_line,complete,0.2391470037242168,0.9998620904298267,63,13,True,True,text_log_final_line,True,0.9682716405432205,0.9998620904298267,0.9687706876286086
poly_d2_o6,point_274,274,"[""1e+2"",""1e+1"",""1e-2""]","[100.0,10.0,0.01]","{""w_Delta2_u"":0.01,""w_Delta_u"":10.0,""w_u"":100.0}",complete,0.20937873848811034,0.9376591794213515,71,13,True,True,text_log_final_line,complete,0.23914810948640533,0.9998618655660529,63,13,True,True,text_log_final_line,True,0.968261150930557,0.9998618655660529,0.9687605224937021
poly_d2_o6,point_275,275,"[""1e+2"",""1e+1"",""1e-1""]","[100.0,10.0,0.1]","{""w_Delta2_u"":0.1,""w_Delta_u"":10.0,""w_u"":100.0}",complete,0.20939394132221836,0.9376679672745919,71,13,True,True,text_log_final_line,complete,0.23915475842198308,0.999860110044939,63,13,True,True,text_log_final_line,True,0.9682648382259823,0.999860110044939,0.9687640386597655
poly_d2_o6,point_276,276,"[""1e+2"",""1e+1"",""1e+0""]","[100.0,10.0,1.0]","{""w_Delta2_u"":1.0,""w_Delta_u"":10.0,""w_u"":100.0}",complete,0.2097293165752747,0.9381745246632317,71,13,True,True,text_log_final_line,complete,0.23913321697025075,0.9998615123513187,64,13,True,True,text_log_final_line,True,0.9685270254769655,0.9998615123513187,0.9690180185072752
poly_d2_o6,point_277,277,"[""1e+2"",""1e+1"",""1e+1""]","[100.0,10.0,10.0]","{""w_Delta2_u"":10.0,""w_Delta_u"":10.0,""w_u"":100.0}",complete,0.21241766677810917,0.9424393846424597,71,13,True,True,text_log_final_line,complete,0.23913283802960483,0.9998616381331958,64,13,True,True,text_log_final_line,True,0.9707260102468929,0.9998616381331958,0.9711505113878278
poly_d2_o6,point_278,278,"[""1e+2"",""1e+1"",""1e+2""]","[100.0,10.0,100.0]","{""w_Delta2_u"":100.0,""w_Delta_u"":10.0,""w_u"":100.0}",complete,0.21783833720439064,0.9513027643600631,71,13,True,True,text_log_final_line,complete,0.23913321723205422,0.9998608727642582,64,13,True,True,text_log_final_line,True,0.9752796584755083,0.9998608727642582,0.9755818185621606
poly_d2_o6,point_279,279,"[""1e+2"",""1e+1"",""1e+3""]","[100.0,10.0,1000.0]","{""w_Delta2_u"":1000.0,""w_Delta_u"":10.0,""w_u"":100.0}",complete,0.226404516634881,0.970494013749877,71,13,True,True,text_log_final_line,complete,0.2391485043548306,0.9998601850242979,63,13,True,True,text_log_final_line,True,0.9850676749101686,0.9998601850242979,0.9851770993870874
poly_d2_o6,point_280,280,"[""1e+2"",""1e+2"",""1e-3""]","[100.0,100.0,0.001]","{""w_Delta2_u"":0.001,""w_Delta_u"":100.0,""w_u"":100.0}",complete,0.21629966453421565,0.9518286678767915,71,13,True,True,text_log_final_line,complete,0.2391522176641711,0.9998599857367501,63,13,True,True,text_log_final_line,True,0.9755487677646457,0.9998599857367501,0.9758443268067708
poly_d2_o6,point_281,281,"[""1e+2"",""1e+2"",""1e-2""]","[100.0,100.0,0.01]","{""w_Delta2_u"":0.01,""w_Delta_u"":100.0,""w_u"":100.0}",complete,0.21630724839412,0.9518424779831219,71,13,True,True,text_log_final_line,complete,0.23914785620764178,0.9998608578227685,63,13,True,True,text_log_final_line,True,0.9755562703136882,0.9998608578227685,0.9758516679029452
poly_d2_o6,point_282,282,"[""1e+2"",""1e+2"",""1e-1""]","[100.0,100.0,0.1]","{""w_Delta2_u"":0.1,""w_Delta_u"":100.0,""w_u"":100.0}",complete,0.21632926252241977,0.951877166767847,71,13,True,True,text_log_final_line,complete,0.23913462853935277,0.9998603048180882,64,13,True,True,text_log_final_line,True,0.9755737768687089,0.9998603048180882,0.9758687357929676
poly_d2_o6,point_283,283,"[""1e+2"",""1e+2"",""1e+0""]","[100.0,100.0,1.0]","{""w_Delta2_u"":1.0,""w_Delta_u"":100.0,""w_u"":100.0}",complete,0.21645780654451494,0.9520540571025826,71,13,True,True,text_log_final_line,complete,0.239156306080468,0.9998590481350329,63,13,True,True,text_log_final_line,True,0.9756638064967279,0.9998590481350329,0.9759565526188078
poly_d2_o6,point_284,284,"[""1e+2"",""1e+2"",""1e+1""]","[100.0,100.0,10.0]","{""w_Delta2_u"":10.0,""w_Delta_u"":100.0,""w_u"":100.0}",complete,0.21746834237467802,0.9534943969685407,71,13,True,True,text_log_final_line,complete,0.23915158871140768,0.999860204510058,63,13,True,True,text_log_final_line,True,0.976402121439809,0.999860204510058,0.9766773007392993
poly_d2_o6,point_285,285,"[""1e+2"",""1e+2"",""1e+2""]","[100.0,100.0,100.0]","{""w_Delta2_u"":100.0,""w_Delta_u"":100.0,""w_u"":100.0}",complete,0.22131313545808542,0.9594686710337359,71,13,True,True,text_log_final_line,complete,0.2391490770533544,0.9998605508450733,63,13,True,True,text_log_final_line,True,0.9794564175798643,0.9998605508450733,0.9796646109394046
poly_d2_o6,point_286,286,"[""1e+2"",""1e+2"",""1e+3""]","[100.0,100.0,1000.0]","{""w_Delta2_u"":1000.0,""w_Delta_u"":100.0,""w_u"":100.0}",complete,0.22816630455374562,0.9738940004685271,71,13,True,True,text_log_final_line,complete,0.2391570336517659,0.9998569445835397,63,13,True,True,text_log_final_line,True,0.9867900889534217,0.9998569445835397,0.9868754725260334
poly_d2_o6,point_287,287,"[""1e+2"",""1e+3"",""1e-3""]","[100.0,1000.0,0.001]","{""w_Delta2_u"":0.001,""w_Delta_u"":1000.0,""w_u"":100.0}",complete,0.23052958158708695,0.9821503975632494,71,13,True,True,text_log_final_line,complete,0.2391467072043688,0.9998507337496537,64,13,True,True,text_log_final_line,True,0.9909610464877664,0.9998507337496537,0.9910005656564516
poly_d2_o6,point_288,288,"[""1e+2"",""1e+3"",""1e-2""]","[100.0,1000.0,0.01]","{""w_Delta2_u"":0.01,""w_Delta_u"":1000.0,""w_u"":100.0}",complete,0.23053823912925103,0.9821658900966587,71,13,True,True,text_log_final_line,complete,0.23914689623518984,0.9998506830172139,64,13,True,True,text_log_final_line,True,0.990968837072768,0.9998506830172139,0.9910082865569363
poly_d2_o6,point_289,289,"[""1e+2"",""1e+3"",""1e-1""]","[100.0,1000.0,0.1]","{""w_Delta2_u"":0.1,""w_Delta_u"":1000.0,""w_u"":100.0}",complete,0.2305360812130078,0.9821605083767202,71,13,True,True,text_log_final_line,complete,0.23916283257785334,0.9998500672380651,63,13,True,True,text_log_final_line,True,0.9909658169377166,0.9998500672380651,0.9910052878073927
poly_d2_o6,point_290,290,"[""1e+2"",""1e+3"",""1e+0""]","[100.0,1000.0,1.0]","{""w_Delta2_u"":1.0,""w_Delta_u"":1000.0,""w_u"":100.0}",complete,0.2305734520720454,0.9822095367904448,71,13,True,True,text_log_final_line,complete,0.23916334792468968,0.9998504685023714,63,13,True,True,text_log_final_line,True,0.9909907494661205,0.9998504685023714,0.9910300026464081
poly_d2_o6,point_291,291,"[""1e+2"",""1e+3"",""1e+1""]","[100.0,1000.0,10.0]","{""w_Delta2_u"":10.0,""w_Delta_u"":1000.0,""w_u"":100.0}",complete,0.23074408755703077,0.9823616127375994,71,13,True,True,text_log_final_line,complete,0.23916469041884125,0.9998496127820589,63,13,True,True,text_log_final_line,True,0.9910670401681451,0.9998496127820589,0.9911056127598291
poly_d2_o6,point_292,292,"[""1e+2"",""1e+3"",""1e+2""]","[100.0,1000.0,100.0]","{""w_Delta2_u"":100.0,""w_Delta_u"":1000.0,""w_u"":100.0}",complete,0.2317284772372043,0.9835407974408055,71,13,True,True,text_log_final_line,complete,0.23914661393451225,0.9998504794602647,64,13,True,True,text_log_final_line,True,0.9916621087295412,0.9998504794602647,0.9916956384505351
poly_d2_o6,point_293,293,"[""1e+2"",""1e+3"",""1e+3""]","[100.0,1000.0,1000.0]","{""w_Delta2_u"":1000.0,""w_Delta_u"":1000.0,""w_u"":100.0}",complete,0.2343398078728,0.9877196667365226,71,13,True,True,text_log_final_line,complete,0.23914670017545628,0.999848931007255,64,13,True,True,text_log_final_line,True,0.9937657937971875,0.999848931007255,0.9937842988718888
poly_d2_o6,point_294,294,"[""1e+3"",""1e-3"",""1e-3""]","[1000.0,0.001,0.001]","{""w_Delta2_u"":0.001,""w_Delta_u"":0.001,""w_u"":1000.0}",complete,0.23642931036849413,0.9925149373086505,71,13,True,True,text_log_final_line,complete,0.2412826398368467,0.9998943824720953,63,13,True,True,text_log_final_line,True,0.9961978269071677,0.9998943824720953,0.9962046598903729
poly_d2_o6,point_295,295,"[""1e+3"",""1e-3"",""1e-2""]","[1000.0,0.001,0.01]","{""w_Delta2_u"":0.01,""w_Delta_u"":0.001,""w_u"":1000.0}",complete,0.23643211375610845,0.9925184929795487,71,13,True,True,text_log_final_line,complete,0.24129109406368993,0.9998939744658407,63,13,True,True,text_log_final_line,True,0.9961994080886455,0.9998939744658407,0.9962062337226947
poly_d2_o6,point_296,296,"[""1e+3"",""1e-3"",""1e-1""]","[1000.0,0.001,0.1]","{""w_Delta2_u"":0.1,""w_Delta_u"":0.001,""w_u"":1000.0}",complete,0.23643300298240916,0.9925182881790019,71,13,True,True,text_log_final_line,complete,0.24112891330879999,0.9998940856993638,64,13,True,True,text_log_final_line,True,0.9961993607198515,0.9998940856993638,0.9962061869391828
poly_d2_o6,point_297,297,"[""1e+3"",""1e-3"",""1e+0""]","[1000.0,0.001,1.0]","{""w_Delta2_u"":1.0,""w_Delta_u"":0.001,""w_u"":1000.0}",complete,0.23645389702991315,0.9925333957054105,71,13,True,True,text_log_final_line,complete,0.241293679901535,0.9998939061592294,63,13,True,True,text_log_final_line,True,0.9962068530307182,0.9998939061592294,0.99621365093232
poly_d2_o6,point_298,298,"[""1e+3"",""1e-3"",""1e+1""]","[1000.0,0.001,10.0]","{""w_Delta2_u"":10.0,""w_Delta_u"":0.001,""w_u"":1000.0}",complete,0.23663409456695647,0.9926501088021659,71,13,True,True,text_log_final_line,complete,0.24112787670143424,0.9998941956373968,64,13,True,True,text_log_final_line,True,0.9962655680540786,0.9998941956373968,0.9962721522197813
poly_d2_o6,point_299,299,"[""1e+3"",""1e-3"",""1e+2""]","[1000.0,0.001,100.0]","{""w_Delta2_u"":100.0,""w_Delta_u"":0.001,""w_u"":1000.0}",complete,0.23713038274638512,0.9937242113155296,71,13,True,True,text_log_final_line,complete,0.24112870510503595,0.9998937977495164,64,13,True,True,text_log_final_line,True,0.9968042313152206,0.9998937977495164,0.996809004532523
poly_d2_o6,point_300,300,"[""1e+3"",""1e-3"",""1e+3""]","[1000.0,0.001,1000.0]","{""w_Delta2_u"":1000.0,""w_Delta_u"":0.001,""w_u"":1000.0}",complete,0.23839202445218224,0.995411103820803,71,13,True,True,text_log_final_line,complete,0.24128677763044953,0.9998939430751244,63,13,True,True,text_log_final_line,True,0.9976500055531222,0.9998939430751244,0.9976525234479636
poly_d2_o6,point_301,301,"[""1e+3"",""1e-2"",""1e-3""]","[1000.0,0.01,0.001]","{""w_Delta2_u"":0.001,""w_Delta_u"":0.01,""w_u"":1000.0}",complete,0.2364321806033751,0.9925187618111967,71,13,True,True,text_log_final_line,complete,0.24127327934455486,0.9998943160953482,63,13,True,True,text_log_final_line,True,0.996199713186572,0.9998943160953482,0.9962065389532724
poly_d2_o6,point_302,302,"[""1e+3"",""1e-2"",""1e-2""]","[1000.0,0.01,0.01]","{""w_Delta2_u"":0.01,""w_Delta_u"":0.01,""w_u"":1000.0}",complete,0.23642799857045282,0.9925130946192067,71,13,True,True,text_log_final_line,complete,0.2412926600102738,0.9998940370847775,63,13,True,True,text_log_final_line,True,0.9961967300881409,0.9998940370847775,0.9962035658519921
poly_d2_o6,point_303,303,"[""1e+3"",""1e-2"",""1e-1""]","[1000.0,0.01,0.1]","{""w_Delta2_u"":0.1,""w_Delta_u"":0.01,""w_u"":1000.0}",complete,0.23643619787916131,0.9925223068975397,71,13,True,True,text_log_final_line,complete,0.2412981353460651,0.9998940056561775,63,13,True,True,text_log_final_line,True,0.9962013376556422,0.9998940056561775,0.9962081562768585
poly_d2_o6,point_304,304,"[""1e+3"",""1e-2"",""1e+0""]","[1000.0,0.01,1.0]","{""w_Delta2_u"":1.0,""w_Delta_u"":0.01,""w_u"":1000.0}",complete,0.2364508489440407,0.9925292236573976,71,13,True,True,text_log_final_line,complete,0.24112711300460318,0.9998943608079658,64,13,True,True,text_log_final_line,True,0.9962049857695654,0.9998943608079658,0.9962117922326816
poly_d2_o6,point_305,305,"[""1e+3"",""1e-2"",""1e+1""]","[1000.0,0.01,10.0]","{""w_Delta2_u"":10.0,""w_Delta_u"":0.01,""w_u"":1000.0}",complete,0.23663095097387887,0.992646401221253,71,13,True,True,text_log_final_line,complete,0.24129259200945227,0.9998940074309366,63,13,True,True,text_log_final_line,True,0.9962636137483974,0.9998940074309366,0.9962702043260948
poly_d2_o6,point_306,306,"[""1e+3"",""1e-2"",""1e+2""]","[1000.0,0.01,100.0]","{""w_Delta2_u"":100.0,""w_Delta_u"":0.01,""w_u"":1000.0}",complete,0.23712783526995784,0.9937223571035858,71,13,True,True,text_log_final_line,complete,0.24129363132407497,0.9998939993995473,63,13,True,True,text_log_final_line,True,0.9968034018486541,0.9998939993995473,0.9968081782515665
poly_d2_o6,point_307,307,"[""1e+3"",""1e-2"",""1e+3""]","[1000.0,0.01,1000.0]","{""w_Delta2_u"":1000.0,""w_Delta_u"":0.01,""w_u"":1000.0}",complete,0.23839744773036092,0.9954058137352315,71,13,True,True,text_log_final_line,complete,0.24113033167751205,0.999893919402,64,13,True,True,text_log_final_line,True,0.9976473427475552,0.999893919402,0.9976498665686158
poly_d2_o6,point_308,308,"[""1e+3"",""1e-1"",""1e-3""]","[1000.0,0.1,0.001]","{""w_Delta2_u"":0.001,""w_Delta_u"":0.1,""w_u"":1000.0}",complete,0.2364303328133047,0.9925157772459462,71,13,True,True,text_log_final_line,complete,0.24129046402275886,0.9998941719568274,63,13,True,True,text_log_final_line,True,0.996198143565537,0.9998941719568274,0.9962049746013868
poly_d2_o6,point_309,309,"[""1e+3"",""1e-1"",""1e-2""]","[1000.0,0.1,0.01]","{""w_Delta2_u"":0.01,""w_Delta_u"":0.1,""w_u"":1000.0}",complete,0.23643112856831114,0.9925166547080032,71,13,True,True,text_log_final_line,complete,0.24112296049498882,0.9998942180161832,64,13,True,True,text_log_final_line,True,0.9961986068687795,0.9998942180161832,0.9962054363620931
poly_d2_o6,point_310,310,"[""1e+3"",""1e-1"",""1e-1""]","[1000.0,0.1,0.1]","{""w_Delta2_u"":0.1,""w_Delta_u"":0.1,""w_u"":1000.0}",complete,0.23643621006534082,0.9925217139700133,71,13,True,True,text_log_final_line,complete,0.24127427155525583,0.9998946738053545,63,13,True,True,text_log_final_line,True,0.9962013729335941,0.9998946738053545,0.9962081938876839
poly_d2_o6,point_311,311,"[""1e+3"",""1e-1"",""1e+0""]","[1000.0,0.1,1.0]","{""w_Delta2_u"":1.0,""w_Delta_u"":0.1,""w_u"":1000.0}",complete,0.2364537499656391,0.9925323662499302,71,13,True,True,text_log_final_line,complete,0.24112537335644957,0.9998941201841887,64,13,True,True,text_log_final_line,True,0.9962064430156056,0.9998941201841887,0.9962132432170594
poly_d2_o6,point_312,312,"[""1e+3"",""1e-1"",""1e+1""]","[1000.0,0.1,10.0]","{""w_Delta2_u"":10.0,""w_Delta_u"":0.1,""w_u"":1000.0}",complete,0.23662935714058086,0.9926436570562854,71,13,True,True,text_log_final_line,complete,0.241307405287316,0.9998935230178027,63,13,True,True,text_log_final_line,True,0.9962619953382166,0.9998935230178027,0.996268590037044
poly_d2_o6,point_313,313,"[""1e+3"",""1e-1"",""1e+2""]","[1000.0,0.1,100.0]","{""w_Delta2_u"":100.0,""w_Delta_u"":0.1,""w_u"":1000.0}",complete,0.23712899532751858,0.993723454655044,71,13,True,True,text_log_final_line,complete,0.24112296968856026,0.9998943038513641,64,13,True,True,text_log_final_line,True,0.9968041040811769,0.9998943038513641,0.996808879253204
poly_d2_o6,point_314,314,"[""1e+3"",""1e-1"",""1e+3""]","[1000.0,0.1,1000.0]","{""w_Delta2_u"":1000.0,""w_Delta_u"":0.1,""w_u"":1000.0}",complete,0.23839633620392495,0.9954035726077501,71,13,True,True,text_log_final_line,complete,0.24134647288436437,0.9998929170913918,63,13,True,True,text_log_final_line,True,0.9976457196309502,0.9998929170913918,0.9976482448495709
poly_d2_o6,point_315,315,"[""1e+3"",""1e+0"",""1e-3""]","[1000.0,1.0,0.001]","{""w_Delta2_u"":0.001,""w_Delta_u"":1.0,""w_u"":1000.0}",complete,0.23643835094224017,0.9925234151237917,71,13,True,True,text_log_final_line,complete,0.2412688150156755,0.9998944426655091,63,13,True,True,text_log_final_line,True,0.996202111520384,0.9998944426655091,0.9962089288946504
poly_d2_o6,point_316,316,"[""1e+3"",""1e+0"",""1e-2""]","[1000.0,1.0,0.01]","{""w_Delta2_u"":0.01,""w_Delta_u"":1.0,""w_u"":1000.0}",complete,0.23643909663812163,0.9925241739102524,71,13,True,True,text_log_final_line,complete,0.24112504103670387,0.9998943579455578,64,13,True,True,text_log_final_line,True,0.9962024501161584,0.9998943579455578,0.9962092659279052
poly_d2_o6,point_317,317,"[""1e+3"",""1e+0"",""1e-1""]","[1000.0,1.0,0.1]","{""w_Delta2_u"":0.1,""w_Delta_u"":1.0,""w_u"":1000.0}",complete,0.23643898053667672,0.992522709478138,71,13,True,True,text_log_final_line,complete,0.2412990273566428,0.9998940048773679,63,13,True,True,text_log_final_line,True,0.9962015393040866,0.9998940048773679,0.9962083571777529
poly_d2_o6,point_318,318,"[""1e+3"",""1e+0"",""1e+0""]","[1000.0,1.0,1.0]","{""w_Delta2_u"":1.0,""w_Delta_u"":1.0,""w_u"":1000.0}",complete,0.23646159384611873,0.9925377809378843,71,13,True,True,text_log_final_line,complete,0.24127442150399772,0.9998943710975454,63,13,True,True,text_log_final_line,True,0.9962092853720241,0.9998943710975454,0.9962160760177148
poly_d2_o6,point_319,319,"[""1e+3"",""1e+0"",""1e+1""]","[1000.0,1.0,10.0]","{""w_Delta2_u"":10.0,""w_Delta_u"":1.0,""w_u"":1000.0}",complete,0.23663683148686454,0.9926430970863372,71,13,True,True,text_log_final_line,complete,0.24112744840350603,0.9998939460625617,64,13,True,True,text_log_final_line,True,0.9962619250866813,0.9998939460625617,0.9962685215744495
poly_d2_o6,point_320,320,"[""1e+3"",""1e+0"",""1e+2""]","[1000.0,1.0,100.0]","{""w_Delta2_u"":100.0,""w_Delta_u"":1.0,""w_u"":1000.0}",complete,0.2372064923138692,0.9938229307491782,71,13,True,True,text_log_final_line,complete,0.24112427094492397,0.9998944395179925,64,13,True,True,text_log_final_line,True,0.9968540627000414,0.9998944395179925,0.9968586851335853
poly_d2_o6,point_321,321,"[""1e+3"",""1e+0"",""1e+3""]","[1000.0,1.0,1000.0]","{""w_Delta2_u"":1000.0,""w_Delta_u"":1.0,""w_u"":1000.0}",complete,0.23839572548287513,0.995408514050536,71,13,True,True,text_log_final_line,complete,0.2412951373622528,0.9998936927574642,63,13,True,True,text_log_final_line,True,0.9976485828768618,0.9998936927574642,0.9976511034040001
poly_d2_o6,point_322,322,"[""1e+3"",""1e+1"",""1e-3""]","[1000.0,10.0,0.001]","{""w_Delta2_u"":0.001,""w_Delta_u"":10.0,""w_u"":1000.0}",complete,0.23650400811763567,0.992543446124101,71,13,True,True,text_log_final_line,complete,0.24129075461918875,0.9998939471553493,63,13,True,True,text_log_final_line,True,0.9962119172486344,0.9998939471553493,0.9962186966397251
poly_d2_o6,point_323,323,"[""1e+3"",""1e+1"",""1e-2""]","[1000.0,10.0,0.01]","{""w_Delta2_u"":0.01,""w_Delta_u"":10.0,""w_u"":1000.0}",complete,0.2365056708836447,0.9925462179012999,71,13,True,True,text_log_final_line,complete,0.24130145472074668,0.9998939831409024,63,13,True,True,text_log_final_line,True,0.9962133261850942,0.9998939831409024,0.9962201005211011
poly_d2_o6,point_324,324,"[""1e+3"",""1e+1"",""1e-1""]","[1000.0,10.0,0.1]","{""w_Delta2_u"":0.1,""w_Delta_u"":10.0,""w_u"":1000.0}",complete,0.23650637263268584,0.9925452256007665,71,13,True,True,text_log_final_line,complete,0.24112594512320384,0.9998941510076165,64,13,True,True,text_log_final_line,True,0.9962129118259518,0.9998941510076165,0.9962196883041915
poly_d2_o6,point_325,325,"[""1e+3"",""1e+1"",""1e+0""]","[1000.0,10.0,1.0]","{""w_Delta2_u"":1.0,""w_Delta_u"":10.0,""w_u"":1000.0}",complete,0.2365272755326398,0.992558372166217,71,13,True,True,text_log_final_line,complete,0.241289919247882,0.9998941038729892,63,13,True,True,text_log_final_line,True,0.9962194858959407,0.9998941038729892,0.9962262380196031
poly_d2_o6,point_326,326,"[""1e+3"",""1e+1"",""1e+1""]","[1000.0,10.0,10.0]","{""w_Delta2_u"":10.0,""w_Delta_u"":10.0,""w_u"":1000.0}",complete,0.2366948235679407,0.9926716190541859,71,13,True,True,text_log_final_line,complete,0.24112658254968541,0.9998942696154954,64,13,True,True,text_log_final_line,True,0.9962763991494612,0.9998942696154954,0.9962829443348407
poly_d2_o6,point_327,327,"[""1e+3"",""1e+1"",""1e+2""]","[1000.0,10.0,100.0]","{""w_Delta2_u"":100.0,""w_Delta_u"":10.0,""w_u"":1000.0}",complete,0.237256415752154,0.99386095730084,71,13,True,True,text_log_final_line,complete,0.2411262499360617,0.9998940212311213,64,13,True,True,text_log_final_line,True,0.9968729252718967,0.9998940212311213,0.9968774892659806
poly_d2_o6,point_328,328,"[""1e+3"",""1e+1"",""1e+3""]","[1000.0,10.0,1000.0]","{""w_Delta2_u"":1000.0,""w_Delta_u"":10.0,""w_u"":1000.0}",complete,0.23843108452351225,0.9953927857031583,71,13,True,True,text_log_final_line,complete,0.24112357270149745,0.9998940245588191,64,13,True,True,text_log_final_line,True,0.9976408665013403,0.9998940245588191,0.9976434051309887
poly_d2_o6,point_329,329,"[""1e+3"",""1e+2"",""1e-3""]","[1000.0,100.0,0.001]","{""w_Delta2_u"":0.001,""w_Delta_u"":100.0,""w_u"":1000.0}",complete,0.23700394517503093,0.992758595111482,71,13,True,True,text_log_final_line,complete,0.24112811893538735,0.9998939851944755,64,13,True,True,text_log_final_line,True,0.9963199024420262,0.9998939851944755,0.9963262901529788
poly_d2_o6,point_330,330,"[""1e+3"",""1e+2"",""1e-2""]","[1000.0,100.0,0.01]","{""w_Delta2_u"":0.01,""w_Delta_u"":100.0,""w_u"":1000.0}",complete,0.2370076692191235,0.9927626276281502,71,13,True,True,text_log_final_line,complete,0.24113249676634996,0.9998935487742271,64,13,True,True,text_log_final_line,True,0.9963217085005915,0.9998935487742271,0.9963280882011887
poly_d2_o6,point_331,331,"[""1e+3"",""1e+2"",""1e-1""]","[1000.0,100.0,0.1]","{""w_Delta2_u"":0.1,""w_Delta_u"":100.0,""w_u"":1000.0}",complete,0.23700643598112575,0.9927606263574617,71,13,True,True,text_log_final_line,complete,0.2411301232843223,0.9998939464036546,64,13,True,True,text_log_final_line,True,0.9963209023817208,0.9998939464036546,0.9963272863805581
poly_d2_o6,point_332,332,"[""1e+3"",""1e+2"",""1e+0""]","[1000.0,100.0,1.0]","{""w_Delta2_u"":1.0,""w_Delta_u"":100.0,""w_u"":1000.0}",complete,0.2370162781368776,0.9927643182951038,71,13,True,True,text_log_final_line,complete,0.2412952314426257,0.9998938523759817,63,13,True,True,text_log_final_line,True,0.996322708122979,0.9998938523759817,0.9963290853355428
poly_d2_o6,point_333,333,"[""1e+3"",""1e+2"",""1e+1""]","[1000.0,100.0,10.0]","{""w_Delta2_u"":10.0,""w_Delta_u"":100.0,""w_u"":1000.0}",complete,0.23713720722543524,0.9928818208954536,71,13,True,True,text_log_final_line,complete,0.2412850178431814,0.9998939329211605,63,13,True,True,text_log_final_line,True,0.9963817083934642,0.9998939329211605,0.996387876908307
poly_d2_o6,point_334,334,"[""1e+3"",""1e+2"",""1e+2""]","[1000.0,100.0,100.0]","{""w_Delta2_u"":100.0,""w_Delta_u"":100.0,""w_u"":1000.0}",complete,0.23746442526285966,0.9938137293189987,71,13,True,True,text_log_final_line,complete,0.24128631694832536,0.9998941769678751,63,13,True,True,text_log_final_line,True,0.996849317066925,0.9998941769678751,0.9968539531434368
poly_d2_o6,point_335,335,"[""1e+3"",""1e+2"",""1e+3""]","[1000.0,100.0,1000.0]","{""w_Delta2_u"":1000.0,""w_Delta_u"":100.0,""w_u"":1000.0}",complete,0.23874406462811168,0.9953653919656665,71,13,True,True,text_log_final_line,complete,0.24130398589515895,0.9998931212117221,63,13,True,True,text_log_final_line,True,0.9976266879543066,0.9998931212117221,0.9976292565886944
poly_d2_o6,point_336,336,"[""1e+3"",""1e+3"",""1e-3""]","[1000.0,1000.0,0.001]","{""w_Delta2_u"":0.001,""w_Delta_u"":1000.0,""w_u"":1000.0}",complete,0.2379919072725125,0.9943694164691909,71,13,True,True,text_log_final_line,complete,0.24130436218811388,0.9998921975478141,63,13,True,True,text_log_final_line,True,0.9971269833916424,0.9998921975478141,0.9971308070085025
poly_d2_o6,point_337,337,"[""1e+3"",""1e+3"",""1e-2""]","[1000.0,1000.0,0.01]","{""w_Delta2_u"":0.01,""w_Delta_u"":1000.0,""w_u"":1000.0}",complete,0.23799228877176482,0.9943701967480026,71,13,True,True,text_log_final_line,complete,0.24131288443011836,0.9998921200466583,63,13,True,True,text_log_final_line,True,0.9971273359694705,0.9998921200466583,0.9971311583973305
poly_d2_o6,point_338,338,"[""1e+3"",""1e+3"",""1e-1""]","[1000.0,1000.0,0.1]","{""w_Delta2_u"":0.1,""w_Delta_u"":1000.0,""w_u"":1000.0}",complete,0.23799352242944774,0.9943698274635636,71,13,True,True,text_log_final_line,complete,0.24114877810850288,0.9998921190206134,64,13,True,True,text_log_final_line,True,0.9971271503036633,0.9998921190206134,0.9971309732420885
poly_d2_o6,point_339,339,"[""1e+3"",""1e+3"",""1e+0""]","[1000.0,1000.0,1.0]","{""w_Delta2_u"":1.0,""w_Delta_u"":1000.0,""w_u"":1000.0}",complete,0.23800290480593603,0.9943795865060441,71,13,True,True,text_log_final_line,complete,0.24114398018855956,0.9998922756273856,64,13,True,True,text_log_final_line,True,0.9971321214307295,0.9998922756273856,0.9971359310667148
poly_d2_o6,point_340,340,"[""1e+3"",""1e+3"",""1e+1""]","[1000.0,1000.0,10.0]","{""w_Delta2_u"":10.0,""w_Delta_u"":1000.0,""w_u"":1000.0}",complete,0.23806725112664434,0.9943982042021472,71,13,True,True,text_log_final_line,complete,0.24132192776894715,0.9998916451207697,63,13,True,True,text_log_final_line,True,0.9971411416167844,0.9998916451207697,0.9971449246614584
poly_d2_o6,point_341,341,"[""1e+3"",""1e+3"",""1e+2""]","[1000.0,1000.0,100.0]","{""w_Delta2_u"":100.0,""w_Delta_u"":1000.0,""w_u"":1000.0}",complete,0.23844432909317015,0.9945856795786265,71,13,True,True,text_log_final_line,complete,0.2411434299729108,0.9998921457454197,64,13,True,True,text_log_final_line,True,0.9972353830874331,0.9998921457454197,0.9972389126620231
poly_d2_o6,point_342,342,"[""1e+3"",""1e+3"",""1e+3""]","[1000.0,1000.0,1000.0]","{""w_Delta2_u"":1000.0,""w_Delta_u"":1000.0,""w_u"":1000.0}",complete,0.23951545083136658,0.9957589388565465,71,13,True,True,text_log_final_line,complete,0.241144282794604,0.9998916632353371,64,13,True,True,text_log_final_line,True,0.9978231614643581,0.9998916632353371,0.9978253010459418
cahn_hilliard_o4,point_000,0,"[""1e-3"",""1e-3""]","[0.001,0.001]","{""lambda_ic"":0.001,""mu_mean"":0.001}",complete,0.025954221682888766,0.053364552384366375,437,13,True,True,text_log_final_line,complete,0.034360294723886735,1.8626750795935443,730,13,True,True,text_log_final_line,True,0.3152789587968463,1.8626750795935443,0.9580198159889554
cahn_hilliard_o4,point_001,1,"[""1e-3"",""1e-2""]","[0.001,0.01]","{""lambda_ic"":0.001,""mu_mean"":0.01}",complete,0.022751862791272552,0.049571531836096805,437,13,True,True,text_log_final_line,complete,0.042537966060152796,1.8638320578984524,727,13,True,True,text_log_final_line,True,0.3039621854692635,1.8638320578984524,0.9567017948672746
cahn_hilliard_o4,point_002,2,"[""1e-3"",""1e-1""]","[0.001,0.1]","{""lambda_ic"":0.001,""mu_mean"":0.1}",complete,0.026481572666570304,0.054433383320762176,436,13,True,True,text_log_final_line,complete,0.08528234868645101,1.8649424153702239,729,13,True,True,text_log_final_line,True,0.31861438349044363,1.8649424153702239,0.959687899345493
cahn_hilliard_o4,point_003,3,"[""1e-3"",""1e+0""]","[0.001,1.0]","{""lambda_ic"":0.001,""mu_mean"":1.0}",complete,0.0256414798090603,0.052858163776763355,438,13,True,True,text_log_final_line,complete,0.016559132976512625,0.0338783304384133,727,13,True,True,text_log_final_line,True,0.042317210905221024,0.052858163776763355,0.043368247107588326
cahn_hilliard_o4,point_004,4,"[""1e-3"",""1e+1""]","[0.001,10.0]","{""lambda_ic"":0.001,""mu_mean"":10.0}",complete,0.023001358783270136,0.04612257246374335,437,13,True,True,text_log_final_line,complete,0.013417155041866038,0.028845950447293538,734,13,True,True,text_log_final_line,True,0.03647532645214908,0.04612257246374335,0.03748426145551845
cahn_hilliard_o4,point_005,5,"[""1e-3"",""1e+2""]","[0.001,100.0]","{""lambda_ic"":0.001,""mu_mean"":100.0}",complete,0.015147857331033314,0.029764374073863908,436,13,True,True,text_log_final_line,complete,0.012572783119934835,0.026400564086043236,734,13,True,True,text_log_final_line,True,0.028032057812761586,0.029764374073863908,0.02808246907995357
cahn_hilliard_o4,point_006,6,"[""1e-3"",""1e+3""]","[0.001,1000.0]","{""lambda_ic"":0.001,""mu_mean"":1000.0}",complete,1.5753698600577475,0.22247675037776724,437,13,True,True,text_log_final_line,complete,0.09097425993632169,0.0883880838454754,732,13,True,True,text_log_final_line,True,0.14022943223895257,0.22247675037776724,0.1554324171116213
cahn_hilliard_o4,point_007,7,"[""1e-2"",""1e-3""]","[0.01,0.001]","{""lambda_ic"":0.01,""mu_mean"":0.001}",complete,0.024439501056959207,0.05160622361981987,437,13,True,True,text_log_final_line,complete,0.046654187384111326,1.8624563900115803,724,13,True,True,text_log_final_line,True,0.31002312969373763,1.8624563900115803,0.9570313068157
cahn_hilliard_o4,point_008,8,"[""1e-2"",""1e-2""]","[0.01,0.01]","{""lambda_ic"":0.01,""mu_mean"":0.01}",complete,0.023080533565851744,0.049859344296381676,436,13,True,True,text_log_final_line,complete,0.053421704969509105,1.8638999202701825,725,13,True,True,text_log_final_line,True,0.3048488606814029,1.8638999202701825,0.9568796322832821
cahn_hilliard_o4,point_009,9,"[""1e-2"",""1e-1""]","[0.01,0.1]","{""lambda_ic"":0.01,""mu_mean"":0.1}",complete,0.028650817021628996,0.05704140109091758,437,13,True,True,text_log_final_line,complete,0.09355863802007122,1.8604323470887074,727,13,True,True,text_log_final_line,True,0.3257632080404479,1.8604323470887074,0.9587368740898125
cahn_hilliard_o4,point_010,10,"[""1e-2"",""1e+0""]","[0.01,1.0]","{""lambda_ic"":0.01,""mu_mean"":1.0}",complete,0.02532539257852119,0.05251925175942658,437,13,True,True,text_log_final_line,complete,0.013551687986367461,0.029900316468440002,727,13,True,True,text_log_final_line,True,0.03962754406082377,0.05251925175942658,0.04120978411393329
cahn_hilliard_o4,point_011,11,"[""1e-2"",""1e+1""]","[0.01,10.0]","{""lambda_ic"":0.01,""mu_mean"":10.0}",complete,0.02290933702751873,0.04599700723855749,436,13,True,True,text_log_final_line,complete,0.013419847822060443,0.028948662231573618,732,13,True,True,text_log_final_line,True,0.036490434722160375,0.04599700723855749,0.037472834735065554
cahn_hilliard_o4,point_012,12,"[""1e-2"",""1e+2""]","[0.01,100.0]","{""lambda_ic"":0.01,""mu_mean"":100.0}",complete,0.016925240271169994,0.030531919806056438,436,13,True,True,text_log_final_line,complete,0.0077284650430906494,0.014947256226500777,729,13,True,True,text_log_final_line,True,0.021362781383239857,0.030531919806056438,0.02273958801627861
cahn_hilliard_o4,point_013,13,"[""1e-2"",""1e+3""]","[0.01,1000.0]","{""lambda_ic"":0.01,""mu_mean"":1000.0}",complete,1.5814739767040271,0.22283697657368287,437,13,True,True,text_log_final_line,complete,0.08923941081553022,0.0873020241387923,735,13,True,True,text_log_final_line,True,0.13947802374514473,0.22283697657368287,0.1550695003562376
cahn_hilliard_o4,point_014,14,"[""1e-1"",""1e-3""]","[0.1,0.001]","{""lambda_ic"":0.1,""mu_mean"":0.001}",complete,0.024826465752812082,0.05218110020055253,436,13,True,True,text_log_final_line,complete,0.16369319712367922,1.8535837443509415,725,13,True,True,text_log_final_line,True,0.31100167056479266,1.8535837443509415,0.952882422275747
cahn_hilliard_o4,point_015,15,"[""1e-1"",""1e-2""]","[0.1,0.01]","{""lambda_ic"":0.1,""mu_mean"":0.01}",complete,0.025075880883525106,0.052477286140041164,437,13,True,True,text_log_final_line,complete,0.18140077048468098,1.8534698614485656,733,13,True,True,text_log_final_line,True,0.31187348119258046,1.8534698614485656,0.9529735737943034
cahn_hilliard_o4,point_016,16,"[""1e-1"",""1e-1""]","[0.1,0.1]","{""lambda_ic"":0.1,""mu_mean"":0.1}",complete,0.02330184097139262,0.049010450249751945,437,13,True,True,text_log_final_line,complete,0.19748834914382687,1.8471116864023687,724,13,True,True,text_log_final_line,True,0.30087833988534085,1.8471116864023687,0.9480610683260603
cahn_hilliard_o4,point_017,17,"[""1e-1"",""1e+0""]","[0.1,1.0]","{""lambda_ic"":0.1,""mu_mean"":1.0}",complete,0.023605880127785757,0.050496411349690656,436,13,True,True,text_log_final_line,complete,0.00960774106781709,0.02180935662831359,731,13,True,True,text_log_final_line,True,0.03318575362373778,0.050496411349690656,0.03615288398900213
cahn_hilliard_o4,point_018,18,"[""1e-1"",""1e+1""]","[0.1,10.0]","{""lambda_ic"":0.1,""mu_mean"":10.0}",complete,0.02401702451703164,0.04698591643263851,437,13,True,True,text_log_final_line,complete,0.013675141739237522,0.029836749062684798,727,13,True,True,text_log_final_line,True,0.037442048529439644,0.04698591643263851,0.038411332747661654
cahn_hilliard_o4,point_019,19,"[""1e-1"",""1e+2""]","[0.1,100.0]","{""lambda_ic"":0.1,""mu_mean"":100.0}",complete,0.016920695598900696,0.030634598482740246,436,13,True,True,text_log_final_line,complete,0.015371577897658951,0.03198079099196413,731,13,True,True,text_log_final_line,True,0.031300458322511146,0.03198079099196413,0.03130769473735219
cahn_hilliard_o4,point_020,20,"[""1e-1"",""1e+3""]","[0.1,1000.0]","{""lambda_ic"":0.1,""mu_mean"":1000.0}",complete,1.5907395751998188,0.22327237719251405,436,13,True,True,text_log_final_line,complete,0.09025659563764818,0.0902901936632574,736,13,True,True,text_log_final_line,True,0.1419834714900574,0.22327237719251405,0.15678128542788572
cahn_hilliard_o4,point_021,21,"[""1e+0"",""1e-3""]","[1.0,0.001]","{""lambda_ic"":1.0,""mu_mean"":0.001}",complete,0.02604945015044094,0.05409971238586471,437,13,True,True,text_log_final_line,complete,0.01475658266885726,0.03186630060954266,731,13,True,True,text_log_final_line,True,0.041520569574341866,0.05409971238586471,0.04298300649770369
cahn_hilliard_o4,point_022,22,"[""1e+0"",""1e-2""]","[1.0,0.01]","{""lambda_ic"":1.0,""mu_mean"":0.01}",complete,0.024272883550322453,0.05177768848374,436,13,True,True,text_log_final_line,complete,0.015132405005109161,0.032511386358969385,730,13,True,True,text_log_final_line,True,0.04102882444171696,0.05177768848374,0.0421445374213547
cahn_hilliard_o4,point_023,23,"[""1e+0"",""1e-1""]","[1.0,0.1]","{""lambda_ic"":1.0,""mu_mean"":0.1}",complete,0.025526905724107048,0.052828830852925196,438,13,True,True,text_log_final_line,complete,0.016821115283811323,0.03469064493941879,730,13,True,True,text_log_final_line,True,0.04280965094092033,0.052828830852925196,0.04375973789617199
cahn_hilliard_o4,point_024,24,"[""1e+0"",""1e+0""]","[1.0,1.0]","{""lambda_ic"":1.0,""mu_mean"":1.0}",complete,0.02693994278523492,0.05439041234984767,437,13,True,True,text_log_final_line,complete,0.009018655415254448,0.019330029717760686,730,13,True,True,text_log_final_line,True,0.03242480974630095,0.05439041234984767,0.03686022103380418
cahn_hilliard_o4,point_025,25,"[""1e+0"",""1e+1""]","[1.0,10.0]","{""lambda_ic"":1.0,""mu_mean"":10.0}",complete,0.029690191602962414,0.057594857810856104,437,13,True,True,text_log_final_line,complete,0.010849634640940489,0.026758324015026903,730,13,True,True,text_log_final_line,True,0.03925737977632092,0.057594857810856104,0.0421765909129415
cahn_hilliard_o4,point_026,26,"[""1e+0"",""1e+2""]","[1.0,100.0]","{""lambda_ic"":1.0,""mu_mean"":100.0}",complete,0.015583193488283237,0.030363312559683536,437,13,True,True,text_log_final_line,complete,0.015015130644229803,0.030319052959856447,735,13,True,True,text_log_final_line,True,0.03034117468941701,0.030363312559683536,0.03034118275976999
cahn_hilliard_o4,point_027,27,"[""1e+0"",""1e+3""]","[1.0,1000.0]","{""lambda_ic"":1.0,""mu_mean"":1000.0}",complete,1.3173477872095687,0.20488640766248079,437,13,True,True,text_log_final_line,complete,0.07510782511402687,0.08566440110938474,733,13,True,True,text_log_final_line,True,0.1324819663496118,0.20488640766248079,0.14527540438593275
cahn_hilliard_o4,point_028,28,"[""1e+1"",""1e-3""]","[10.0,0.001]","{""lambda_ic"":10.0,""mu_mean"":0.001}",complete,0.02858530242875368,0.05520088354951014,438,13,True,True,text_log_final_line,complete,0.03597566545301374,0.054668688067939085,727,13,True,True,text_log_final_line,True,0.05493414133162363,0.05520088354951014,0.054934785808724615
cahn_hilliard_o4,point_029,29,"[""1e+1"",""1e-2""]","[10.0,0.01]","{""lambda_ic"":10.0,""mu_mean"":0.01}",complete,0.027675000630231615,0.054093531668201536,436,13,True,True,text_log_final_line,complete,0.035537116978781064,0.05424707003390199,730,13,True,True,text_log_final_line,True,0.054170246453067054,0.05424707003390199,0.05417030085105176
cahn_hilliard_o4,point_030,30,"[""1e+1"",""1e-1""]","[10.0,0.1]","{""lambda_ic"":10.0,""mu_mean"":0.1}",complete,0.012074314806612392,0.03245482721285411,436,13,True,True,text_log_final_line,complete,0.031865325847544666,0.05030420757610168,726,13,True,True,text_log_final_line,True,0.04040562293743195,0.05030420757610168,0.04137951739447789
cahn_hilliard_o4,point_031,31,"[""1e+1"",""1e+0""]","[10.0,1.0]","{""lambda_ic"":10.0,""mu_mean"":1.0}",complete,0.01983810379253703,0.043524436357786175,436,13,True,True,text_log_final_line,complete,0.027703488790101052,0.05219683210126615,731,13,True,True,text_log_final_line,True,0.047663798598827696,0.05219683210126615,0.04786063422952616
cahn_hilliard_o4,point_032,32,"[""1e+1"",""1e+1""]","[10.0,10.0]","{""lambda_ic"":10.0,""mu_mean"":10.0}",complete,0.011126938621468576,0.02454221066289811,436,13,True,True,text_log_final_line,complete,0.014578794343703565,0.035990541169905396,732,13,True,True,text_log_final_line,True,0.029720152140652403,0.035990541169905396,0.03026637591640175
cahn_hilliard_o4,point_033,33,"[""1e+1"",""1e+2""]","[10.0,100.0]","{""lambda_ic"":10.0,""mu_mean"":100.0}",complete,0.020920418780308356,0.03504936257970114,435,13,True,True,text_log_final_line,complete,0.05191305746892941,0.07475584332359478,727,13,True,True,text_log_final_line,True,0.05118734860881158,0.07475584332359478,0.054902602951647964
cahn_hilliard_o4,point_034,34,"[""1e+1"",""1e+3""]","[10.0,1000.0]","{""lambda_ic"":10.0,""mu_mean"":1000.0}",complete,0.17541017213106178,0.06899312854316329,435,13,True,True,text_log_final_line,complete,0.08620190907118525,0.1116188020380442,729,13,True,True,text_log_final_line,True,0.08775494491391742,0.1116188020380442,0.09030596529060375
cahn_hilliard_o4,point_035,35,"[""1e+2"",""1e-3""]","[100.0,0.001]","{""lambda_ic"":100.0,""mu_mean"":0.001}",complete,0.018053449322328215,0.03506538999608221,436,13,True,True,text_log_final_line,complete,0.028754984980028264,0.0450586985622487,723,13,True,True,text_log_final_line,True,0.039749224367289976,0.0450586985622487,0.04006204427916546
cahn_hilliard_o4,point_036,36,"[""1e+2"",""1e-2""]","[100.0,0.01]","{""lambda_ic"":100.0,""mu_mean"":0.01}",complete,0.017960774016012513,0.03499397260691828,436,13,True,True,text_log_final_line,complete,0.028232051738582103,0.04440300290249952,724,13,True,True,text_log_final_line,True,0.039418745125066844,0.04440300290249952,0.0396984877547089
cahn_hilliard_o4,point_037,37,"[""1e+2"",""1e-1""]","[100.0,0.1]","{""lambda_ic"":100.0,""mu_mean"":0.1}",complete,0.017635632323712742,0.03450697483217415,436,13,True,True,text_log_final_line,complete,0.027689770711545117,0.04345524523572747,726,13,True,True,text_log_final_line,True,0.03872349485357957,0.04345524523572747,0.038981110033950814
cahn_hilliard_o4,point_038,38,"[""1e+2"",""1e+0""]","[100.0,1.0]","{""lambda_ic"":100.0,""mu_mean"":1.0}",complete,0.016112970676391062,0.03222171608297512,435,13,True,True,text_log_final_line,complete,0.0504303074541575,0.06666125884052745,724,13,True,True,text_log_final_line,True,0.04634587528673065,0.06666125884052745,0.04944148746175128
cahn_hilliard_o4,point_039,39,"[""1e+2"",""1e+1""]","[100.0,10.0]","{""lambda_ic"":100.0,""mu_mean"":10.0}",complete,0.02086070505616129,0.03669382047102962,436,13,True,True,text_log_final_line,complete,0.052648339767850987,0.06545755436574922,725,13,True,True,text_log_final_line,True,0.049009057819646595,0.06545755436574922,0.05107568741838942
cahn_hilliard_o4,point_040,40,"[""1e+2"",""1e+2""]","[100.0,100.0]","{""lambda_ic"":100.0,""mu_mean"":100.0}",complete,0.030735372458457977,0.037246259642842644,436,13,True,True,text_log_final_line,complete,0.04744677768288652,0.06994662065180199,730,13,True,True,text_log_final_line,True,0.05104164960046292,0.06994662065180199,0.053596440147322316
cahn_hilliard_o4,point_041,41,"[""1e+2"",""1e+3""]","[100.0,1000.0]","{""lambda_ic"":100.0,""mu_mean"":1000.0}",complete,0.06693680681808616,0.03333070208185985,436,13,True,True,text_log_final_line,complete,0.09875690389986336,0.11747986611737452,727,13,True,True,text_log_final_line,True,0.06257544580883935,0.11747986611737452,0.07540528409961718
cahn_hilliard_o4,point_042,42,"[""1e+3"",""1e-3""]","[1000.0,0.001]","{""lambda_ic"":1000.0,""mu_mean"":0.001}",complete,0.05512127641413922,0.05256861960003185,437,13,True,True,text_log_final_line,complete,0.09839408691257377,0.09518002420306403,723,13,True,True,text_log_final_line,True,0.07073529872597342,0.09518002420306403,0.07387432190154794
cahn_hilliard_o4,point_043,43,"[""1e+3"",""1e-2""]","[1000.0,0.01]","{""lambda_ic"":1000.0,""mu_mean"":0.01}",complete,0.05521612643099986,0.05257079268802564,436,13,True,True,text_log_final_line,complete,0.09985963452263268,0.09640375771578936,728,13,True,True,text_log_final_line,True,0.07119004116604664,0.09640375771578936,0.07448727520190751
cahn_hilliard_o4,point_044,44,"[""1e+3"",""1e-1""]","[1000.0,0.1]","{""lambda_ic"":1000.0,""mu_mean"":0.1}",complete,0.05514133947994578,0.05252791180538532,436,13,True,True,text_log_final_line,complete,0.09979452294120103,0.09621814374213154,726,13,True,True,text_log_final_line,True,0.07109246210790968,0.09621814374213154,0.07437302777375843
cahn_hilliard_o4,point_045,45,"[""1e+3"",""1e+0""]","[1000.0,1.0]","{""lambda_ic"":1000.0,""mu_mean"":1.0}",complete,0.055539933330485715,0.052070729577626415,436,13,True,True,text_log_final_line,complete,0.10085729987430873,0.09664294847808816,722,13,True,True,text_log_final_line,True,0.07093848628062915,0.09664294847808816,0.07435683902785728
cahn_hilliard_o4,point_046,46,"[""1e+3"",""1e+1""]","[1000.0,10.0]","{""lambda_ic"":1000.0,""mu_mean"":10.0}",complete,0.057301267778592395,0.048456424679060105,436,13,True,True,text_log_final_line,complete,0.11071364383461652,0.10411544213841675,728,13,True,True,text_log_final_line,True,0.07102860043607245,0.10411544213841675,0.07628593340873843
cahn_hilliard_o4,point_047,47,"[""1e+3"",""1e+2""]","[1000.0,100.0]","{""lambda_ic"":1000.0,""mu_mean"":100.0}",complete,0.05689233520154545,0.043359260451428724,436,13,True,True,text_log_final_line,complete,0.11380445310634488,0.10342437954531908,725,13,True,True,text_log_final_line,True,0.06696569726160483,0.10342437954531908,0.07339181999837391
cahn_hilliard_o4,point_048,48,"[""1e+3"",""1e+3""]","[1000.0,1000.0]","{""lambda_ic"":1000.0,""mu_mean"":1000.0}",complete,0.1622994635989877,0.0562717018124631,436,13,True,True,text_log_final_line,complete,0.112396620970533,0.09464493622626981,729,13,True,True,text_log_final_line,True,0.07297829560481829,0.09464493622626981,0.07545831901936645
cahn_hilliard_o6,point_000,0,"[""1e-3"",""1e-3""]","[0.001,0.001]","{""lambda_ic"":0.001,""mu_mean"":0.001}",complete,0.021064537258371742,0.08511952986277163,376,13,True,True,text_log_final_line,complete,0.08053699288026515,0.11725788732001986,206,13,True,True,text_log_final_line,True,0.0999046357351947,0.11725788732001986,0.10118870859139575
cahn_hilliard_o6,point_001,1,"[""1e-3"",""1e-2""]","[0.001,0.01]","{""lambda_ic"":0.001,""mu_mean"":0.01}",complete,0.02343749886121413,0.09805285992638169,375,13,True,True,text_log_final_line,complete,0.07017299627144946,0.11418347801526493,209,13,True,True,text_log_final_line,True,0.1058112308582499,0.11418347801526493,0.10611816897082331
cahn_hilliard_o6,point_002,2,"[""1e-3"",""1e-1""]","[0.001,0.1]","{""lambda_ic"":0.001,""mu_mean"":0.1}",complete,0.02747662176972215,0.08816819163698995,376,13,True,True,text_log_final_line,complete,0.4128731168858907,1.9298110239479311,206,13,True,True,text_log_final_line,True,0.4124899370683084,1.9298110239479311,1.0089896077924605
cahn_hilliard_o6,point_003,3,"[""1e-3"",""1e+0""]","[0.001,1.0]","{""lambda_ic"":0.001,""mu_mean"":1.0}",complete,0.02156954509661261,0.08558028630722034,376,13,True,True,text_log_final_line,complete,0.36475731627777297,1.7459951488315675,209,13,True,True,text_log_final_line,True,0.3865524087727605,1.7459951488315675,0.9157877175693939
cahn_hilliard_o6,point_004,4,"[""1e-3"",""1e+1""]","[0.001,10.0]","{""lambda_ic"":0.001,""mu_mean"":10.0}",complete,0.008550743485879085,0.05362917166570155,377,13,True,True,text_log_final_line,complete,0.05926814118566248,0.1898554440099055,207,13,True,True,text_log_final_line,True,0.10090485715997626,0.1898554440099055,0.12174230783780353
cahn_hilliard_o6,point_005,5,"[""1e-3"",""1e+2""]","[0.001,100.0]","{""lambda_ic"":0.001,""mu_mean"":100.0}",complete,0.010676763462032763,0.04899566035826071,376,13,True,True,text_log_final_line,complete,0.40381076073216166,0.23270451940335063,208,13,True,True,text_log_final_line,True,0.10677786098493852,0.23270451940335063,0.14085008988080566
cahn_hilliard_o6,point_006,6,"[""1e-3"",""1e+3""]","[0.001,1000.0]","{""lambda_ic"":0.001,""mu_mean"":1000.0}",complete,6.917266114673715,0.809866403222997,377,13,True,True,text_log_final_line,complete,6.59893996739598,1.089314476078002,210,13,True,True,text_log_final_line,True,0.9392545963262756,1.089314476078002,0.9495904396504995
cahn_hilliard_o6,point_007,7,"[""1e-2"",""1e-3""]","[0.01,0.001]","{""lambda_ic"":0.01,""mu_mean"":0.001}",complete,0.02668725342171895,0.10786244626509985,378,13,True,True,text_log_final_line,complete,0.08296504183307304,0.11678343718746852,210,13,True,True,text_log_final_line,True,0.11223434063728883,0.11678343718746852,0.11232294172628418
cahn_hilliard_o6,point_008,8,"[""1e-2"",""1e-2""]","[0.01,0.01]","{""lambda_ic"":0.01,""mu_mean"":0.01}",complete,0.022585323923106755,0.0872838796114112,378,13,True,True,text_log_final_line,complete,0.07177865967132371,0.11344766776600537,210,13,True,True,text_log_final_line,True,0.09950956022153544,0.11344766776600537,0.10036577368870828
cahn_hilliard_o6,point_009,9,"[""1e-2"",""1e-1""]","[0.01,0.1]","{""lambda_ic"":0.01,""mu_mean"":0.1}",complete,0.02831033916131601,0.0880381043930437,378,13,True,True,text_log_final_line,complete,0.2860155504913984,1.9525778164555545,211,13,True,True,text_log_final_line,True,0.4146097558435588,1.9525778164555545,1.020307960424299
cahn_hilliard_o6,point_010,10,"[""1e-2"",""1e+0""]","[0.01,1.0]","{""lambda_ic"":0.01,""mu_mean"":1.0}",complete,0.022190639424045294,0.08904565214029993,376,13,True,True,text_log_final_line,complete,0.3659565777814525,1.7411017644195477,210,13,True,True,text_log_final_line,True,0.39374806927192096,1.7411017644195477,0.9150737082799238
cahn_hilliard_o6,point_011,11,"[""1e-2"",""1e+1""]","[0.01,10.0]","{""lambda_ic"":0.01,""mu_mean"":10.0}",complete,0.008550619538856975,0.053613925184625225,377,13,True,True,text_log_final_line,complete,0.0672928155892635,0.19576334525207112,209,13,True,True,text_log_final_line,True,0.10244823739936426,0.19576334525207112,0.12468863521834816
cahn_hilliard_o6,point_012,12,"[""1e-2"",""1e+2""]","[0.01,100.0]","{""lambda_ic"":0.01,""mu_mean"":100.0}",complete,0.010656181152211888,0.04857591050918163,377,13,True,True,text_log_final_line,complete,0.37802169889290005,0.22173175744569767,208,13,True,True,text_log_final_line,True,0.10378257082345656,0.22173175744569767,0.13515383397743966
cahn_hilliard_o6,point_013,13,"[""1e-2"",""1e+3""]","[0.01,1000.0]","{""lambda_ic"":0.01,""mu_mean"":1000.0}",complete,6.906252062605517,0.8086994521078151,377,13,True,True,text_log_final_line,complete,6.726164271752967,1.079782313195318,208,13,True,True,text_log_final_line,True,0.9344620725726448,1.079782313195318,0.9442408826515665
cahn_hilliard_o6,point_014,14,"[""1e-1"",""1e-3""]","[0.1,0.001]","{""lambda_ic"":0.1,""mu_mean"":0.001}",complete,0.027474453350124644,0.08909092646054745,378,13,True,True,text_log_final_line,complete,0.08931714500069528,0.10992385501451096,208,13,True,True,text_log_final_line,True,0.09896068958610624,0.10992385501451096,0.0995073907375292
cahn_hilliard_o6,point_015,15,"[""1e-1"",""1e-2""]","[0.1,0.01]","{""lambda_ic"":0.1,""mu_mean"":0.01}",complete,0.02895294812200079,0.09009346788679116,378,13,True,True,text_log_final_line,complete,0.08702664713052374,0.10737132194100348,207,13,True,True,text_log_final_line,True,0.09835372257954506,0.10737132194100348,0.09873239491389732
cahn_hilliard_o6,point_016,16,"[""1e-1"",""1e-1""]","[0.1,0.1]","{""lambda_ic"":0.1,""mu_mean"":0.1}",complete,0.01807521770170535,0.08469150144469617,376,13,True,True,text_log_final_line,complete,0.11453750089499802,0.15459841576459307,210,13,True,True,text_log_final_line,True,0.11442539906889018,0.15459841576459307,0.11964495860464462
cahn_hilliard_o6,point_017,17,"[""1e-1"",""1e+0""]","[0.1,1.0]","{""lambda_ic"":0.1,""mu_mean"":1.0}",complete,0.02870882478026771,0.09802778980235863,378,13,True,True,text_log_final_line,complete,0.5097188739065732,1.7139001336330961,208,13,True,True,text_log_final_line,True,0.40989003652445555,1.7139001336330961,0.9059639617177274
cahn_hilliard_o6,point_018,18,"[""1e-1"",""1e+1""]","[0.1,10.0]","{""lambda_ic"":0.1,""mu_mean"":10.0}",complete,0.017214962647137254,0.07093825880510123,377,13,True,True,text_log_final_line,complete,0.07529077664697752,0.18788616826329937,208,13,True,True,text_log_final_line,True,0.11544833316319784,0.18788616826329937,0.1294122135342003
cahn_hilliard_o6,point_019,19,"[""1e-1"",""1e+2""]","[0.1,100.0]","{""lambda_ic"":0.1,""mu_mean"":100.0}",complete,0.011663535705488936,0.048721962471124515,377,13,True,True,text_log_final_line,complete,0.29135205814032555,0.18845537479575658,210,13,True,True,text_log_final_line,True,0.09582231315450779,0.18845537479575658,0.11858866863344054
cahn_hilliard_o6,point_020,20,"[""1e-1"",""1e+3""]","[0.1,1000.0]","{""lambda_ic"":0.1,""mu_mean"":1000.0}",complete,6.739785983904081,0.7940012329865117,377,13,True,True,text_log_final_line,complete,6.801007199820633,1.074548886265152,208,13,True,True,text_log_final_line,True,0.9236845460430815,1.074548886265152,0.9342750596258318
cahn_hilliard_o6,point_021,21,"[""1e+0"",""1e-3""]","[1.0,0.001]","{""lambda_ic"":1.0,""mu_mean"":0.001}",complete,0.024045070979005084,0.077844922045375,377,13,True,True,text_log_final_line,complete,0.10410746526504289,0.09932164334698454,208,13,True,True,text_log_final_line,True,0.0879300038881186,0.09932164334698454,0.08858328269617977
cahn_hilliard_o6,point_022,22,"[""1e+0"",""1e-2""]","[1.0,0.01]","{""lambda_ic"":1.0,""mu_mean"":0.01}",complete,0.025185635682643405,0.07988979896357935,378,13,True,True,text_log_final_line,complete,0.14509565215510986,0.12901258048514438,209,13,True,True,text_log_final_line,True,0.10152235772838801,0.12901258048514438,0.10445118972436188
cahn_hilliard_o6,point_023,23,"[""1e+0"",""1e-1""]","[1.0,0.1]","{""lambda_ic"":1.0,""mu_mean"":0.1}",complete,0.026795698937437867,0.0848624243790928,377,13,True,True,text_log_final_line,complete,0.13762196515867559,0.15479812498160067,207,13,True,True,text_log_final_line,True,0.1146147642115816,0.15479812498160067,0.11983027468034674
cahn_hilliard_o6,point_024,24,"[""1e+0"",""1e+0""]","[1.0,1.0]","{""lambda_ic"":1.0,""mu_mean"":1.0}",complete,0.02417883106394565,0.07846808899373185,377,13,True,True,text_log_final_line,complete,0.09781688706394376,0.12377278301089184,210,13,True,True,text_log_final_line,True,0.09855056444435274,0.12377278301089184,0.10112043600231185
cahn_hilliard_o6,point_025,25,"[""1e+0"",""1e+1""]","[1.0,10.0]","{""lambda_ic"":1.0,""mu_mean"":10.0}",complete,0.012956015918994628,0.05572851159098465,377,13,True,True,text_log_final_line,complete,0.06534700042103289,0.09786496900892762,210,13,True,True,text_log_final_line,True,0.07385031523132028,0.09786496900892762,0.07679674029995613
cahn_hilliard_o6,point_026,26,"[""1e+0"",""1e+2""]","[1.0,100.0]","{""lambda_ic"":1.0,""mu_mean"":100.0}",complete,0.03182969588470155,0.0827011545571613,376,13,True,True,text_log_final_line,complete,0.20010260402466648,0.11794720974025953,210,13,True,True,text_log_final_line,True,0.09876421630486987,0.11794720974025953,0.10032418214871042
cahn_hilliard_o6,point_027,27,"[""1e+0"",""1e+3""]","[1.0,1000.0]","{""lambda_ic"":1.0,""mu_mean"":1000.0}",complete,3.203766523721965,0.4256859074419832,377,13,True,True,text_log_final_line,complete,7.407594151253826,1.0326734081933115,210,13,True,True,text_log_final_line,True,0.6630192432033745,1.0326734081933115,0.7291796578176474
cahn_hilliard_o6,point_028,28,"[""1e+1"",""1e-3""]","[10.0,0.001]","{""lambda_ic"":10.0,""mu_mean"":0.001}",complete,0.03699026500400373,0.06441006773876246,377,13,True,True,text_log_final_line,complete,0.09679697123350132,0.10491384911517329,210,13,True,True,text_log_final_line,True,0.0822040639399453,0.10491384911517329,0.08466195842696787
cahn_hilliard_o6,point_029,29,"[""1e+1"",""1e-2""]","[10.0,0.01]","{""lambda_ic"":10.0,""mu_mean"":0.01}",complete,0.0340154317051111,0.06105423212696336,377,13,True,True,text_log_final_line,complete,0.09551190174492982,0.10495125890122514,211,13,True,True,text_log_final_line,True,0.0800482262325183,0.10495125890122514,0.08300274551409426
cahn_hilliard_o6,point_030,30,"[""1e+1"",""1e-1""]","[10.0,0.1]","{""lambda_ic"":10.0,""mu_mean"":0.1}",complete,0.03331874365404411,0.060995397651730926,378,13,True,True,text_log_final_line,complete,0.09290060922651835,0.10516277432017268,209,13,True,True,text_log_final_line,True,0.08009023185019612,0.10516277432017268,0.0830790859859518
cahn_hilliard_o6,point_031,31,"[""1e+1"",""1e+0""]","[10.0,1.0]","{""lambda_ic"":10.0,""mu_mean"":1.0}",complete,0.042875060690672394,0.05917739394484572,377,13,True,True,text_log_final_line,complete,0.2516714100018006,0.12515569364760554,208,13,True,True,text_log_final_line,True,0.0860603729217157,0.12515569364760554,0.09216654379622563
cahn_hilliard_o6,point_032,32,"[""1e+1"",""1e+1""]","[10.0,10.0]","{""lambda_ic"":10.0,""mu_mean"":10.0}",complete,0.016854377901552656,0.029409737235105746,377,13,True,True,text_log_final_line,complete,0.1674020748366175,0.1131861694944507,209,13,True,True,text_log_final_line,True,0.05769554145235087,0.1131861694944507,0.07129795336477823
cahn_hilliard_o6,point_033,33,"[""1e+1"",""1e+2""]","[10.0,100.0]","{""lambda_ic"":10.0,""mu_mean"":100.0}",complete,0.0455858505700728,0.03559842873812981,378,13,True,True,text_log_final_line,complete,0.13762398785105218,0.128125679457552,208,13,True,True,text_log_final_line,True,0.06753571551182476,0.128125679457552,0.08186205409784089
cahn_hilliard_o6,point_034,34,"[""1e+1"",""1e+3""]","[10.0,1000.0]","{""lambda_ic"":10.0,""mu_mean"":1000.0}",complete,0.5587032278828548,0.13010942066850864,377,13,True,True,text_log_final_line,complete,4.2202664509870615,0.44062460039049645,208,13,True,True,text_log_final_line,True,0.2394356103195609,0.44062460039049645,0.28536701052950253
cahn_hilliard_o6,point_035,35,"[""1e+2"",""1e-3""]","[100.0,0.001]","{""lambda_ic"":100.0,""mu_mean"":0.001}",complete,0.03957948310158787,0.05021697458943806,376,13,True,True,text_log_final_line,complete,0.3693773066490112,0.19209538818448657,206,13,True,True,text_log_final_line,True,0.09821633890147098,0.19209538818448657,0.12115618138696231
cahn_hilliard_o6,point_036,36,"[""1e+2"",""1e-2""]","[100.0,0.01]","{""lambda_ic"":100.0,""mu_mean"":0.01}",complete,0.039823353307827505,0.05033732918384164,376,13,True,True,text_log_final_line,complete,0.36520852912854634,0.19141569405375078,207,13,True,True,text_log_final_line,True,0.09815984312608274,0.19141569405375078,0.12087651161879621
cahn_hilliard_o6,point_037,37,"[""1e+2"",""1e-1""]","[100.0,0.1]","{""lambda_ic"":100.0,""mu_mean"":0.1}",complete,0.040795451634377075,0.05071339602039978,376,13,True,True,text_log_final_line,complete,0.3631709267995685,0.19143482973464146,206,13,True,True,text_log_final_line,True,0.09853075830638205,0.19143482973464146,0.12107411287752062
cahn_hilliard_o6,point_038,38,"[""1e+2"",""1e+0""]","[100.0,1.0]","{""lambda_ic"":100.0,""mu_mean"":1.0}",complete,0.03975836602979091,0.04969950193629099,376,13,True,True,text_log_final_line,complete,0.27661027802235444,0.17279460052794293,209,13,True,True,text_log_final_line,True,0.09267041374418875,0.17279460052794293,0.11124705123211696
cahn_hilliard_o6,point_039,39,"[""1e+2"",""1e+1""]","[100.0,10.0]","{""lambda_ic"":100.0,""mu_mean"":10.0}",complete,0.04649866821933041,0.04795080273811927,376,13,True,True,text_log_final_line,complete,0.423369871395222,0.19953690985988082,206,13,True,True,text_log_final_line,True,0.09781592408020809,0.19953690985988082,0.12374385629900005
cahn_hilliard_o6,point_040,40,"[""1e+2"",""1e+2""]","[100.0,100.0]","{""lambda_ic"":100.0,""mu_mean"":100.0}",complete,0.04991906455493113,0.036636115504658416,376,13,True,True,text_log_final_line,complete,0.43834973788391546,0.19233588285025643,207,13,True,True,text_log_final_line,True,0.08394307368563796,0.19233588285025643,0.11448599917745743
cahn_hilliard_o6,point_041,41,"[""1e+2"",""1e+3""]","[100.0,1000.0]","{""lambda_ic"":100.0,""mu_mean"":1000.0}",complete,0.14940404445290317,0.12701448682986477,375,13,True,True,text_log_final_line,complete,0.42256303172438886,0.22212912996183368,209,13,True,True,text_log_final_line,True,0.16796909671742194,0.22212912996183368,0.17457180839584924
cahn_hilliard_o6,point_042,42,"[""1e+3"",""1e-3""]","[1000.0,0.001]","{""lambda_ic"":1000.0,""mu_mean"":0.001}",complete,0.15234255101731692,0.09209853330179907,377,13,True,True,text_log_final_line,complete,1.414198670437064,0.3143637944315806,210,13,True,True,text_log_final_line,True,0.1701541782923265,0.3143637944315806,0.20323116386668982
cahn_hilliard_o6,point_043,43,"[""1e+3"",""1e-2""]","[1000.0,0.01]","{""lambda_ic"":1000.0,""mu_mean"":0.01}",complete,0.15219948261460378,0.09205751586542264,377,13,True,True,text_log_final_line,complete,1.4276667128843807,0.3151836372703816,208,13,True,True,text_log_final_line,True,0.17033796608078827,0.3151836372703816,0.20362057656790214
cahn_hilliard_o6,point_044,44,"[""1e+3"",""1e-1""]","[1000.0,0.1]","{""lambda_ic"":1000.0,""mu_mean"":0.1}",complete,0.15278010760941937,0.09196242113085619,376,13,True,True,text_log_final_line,complete,1.4353437353952863,0.3155915363316575,208,13,True,True,text_log_final_line,True,0.17036009441610964,0.3155915363316575,0.20377697873125683
cahn_hilliard_o6,point_045,45,"[""1e+3"",""1e+0""]","[1000.0,1.0]","{""lambda_ic"":1000.0,""mu_mean"":1.0}",complete,0.15205573651823795,0.0903523410489002,378,13,True,True,text_log_final_line,complete,1.436786693170899,0.31526963988169576,207,13,True,True,text_log_final_line,True,0.16877603510260256,0.31526963988169576,0.202810990465298
cahn_hilliard_o6,point_046,46,"[""1e+3"",""1e+1""]","[1000.0,10.0]","{""lambda_ic"":1000.0,""mu_mean"":10.0}",complete,0.15373543260513986,0.0836170028520531,376,13,True,True,text_log_final_line,complete,1.3506744653511735,0.3073543024245379,208,13,True,True,text_log_final_line,True,0.16031233758642338,0.3073543024245379,0.19548565263829548
cahn_hilliard_o6,point_047,47,"[""1e+3"",""1e+2""]","[1000.0,100.0]","{""lambda_ic"":1000.0,""mu_mean"":100.0}",complete,0.15204872458895075,0.07954409796101838,376,13,True,True,text_log_final_line,complete,1.2916883994167951,0.2977721316340103,209,13,True,True,text_log_final_line,True,0.15390261729014545,0.2977721316340103,0.18865811479751432
cahn_hilliard_o6,point_048,48,"[""1e+3"",""1e+3""]","[1000.0,1000.0]","{""lambda_ic"":1000.0,""mu_mean"":1000.0}",complete,0.3075216120829487,0.12122169796958712,376,13,True,True,text_log_final_line,complete,1.4822582498514556,0.31702472912279217,206,13,True,True,text_log_final_line,True,0.19603641488920695,0.31702472912279217,0.21912321354618963
