budget_seconds,candidate_id,candidate_index,completed_at,final_metrics_source,history_final_loss,history_final_rel_error,history_points,json_path,json_protocol_id,log_final_has_loss,log_final_has_rel_error,log_final_status,log_path,loss,method,method_name,rel_error,status,steps,task_id,weight_labels,weight_map,weights
60.0,point_000,0,2026-08-06T20:13:58.920192+00:00,candidate_json_top_level,9.453163842785075e-06,0.033472384298419325,13,results/poly_d2_o2/points/point_000/war.json,war_realad_weight_grid_v1,False,True,ok,results/poly_d2_o2/points/point_000/war.log,9.452330175397585e-06,war,war,0.03342397385334869,complete,967,poly_d2_o2,['1e-3'],{'w_u': 0.001},[0.001]
60.0,point_000,0,2026-08-06T20:15:01.544355+00:00,candidate_json_top_level,1.2331962092037547e-05,0.09113259706930947,13,results/poly_d2_o2/points/point_000/real_tanh_autodiff.json,war_realad_weight_grid_v1,False,True,ok,results/poly_d2_o2/points/point_000/real_tanh_autodiff.log,1.2330570576812362e-05,realad,real_tanh_autodiff,0.0905878834029448,complete,2444,poly_d2_o2,['1e-3'],{'w_u': 0.001},[0.001]
60.0,point_001,1,2026-08-06T20:16:04.371755+00:00,candidate_json_top_level,8.373888848639623e-06,0.00577599473190436,13,results/poly_d2_o2/points/point_001/war.json,war_realad_weight_grid_v1,False,True,ok,results/poly_d2_o2/points/point_001/war.log,8.373043356355503e-06,war,war,0.0058205735470533825,complete,965,poly_d2_o2,['1e-2'],{'w_u': 0.01},[0.01]
60.0,point_001,1,2026-08-06T20:17:11.424680+00:00,candidate_json_top_level,5.620034634928057e-06,0.014276351355111903,13,results/poly_d2_o2/points/point_001/real_tanh_autodiff.json,war_realad_weight_grid_v1,False,True,ok,results/poly_d2_o2/points/point_001/real_tanh_autodiff.log,5.616353950152028e-06,realad,real_tanh_autodiff,0.014110684367421205,complete,2422,poly_d2_o2,['1e-2'],{'w_u': 0.01},[0.01]
60.0,point_002,2,2026-08-06T20:18:14.257163+00:00,candidate_json_top_level,8.195952646583342e-06,0.0009949722600733851,13,results/poly_d2_o2/points/point_002/war.json,war_realad_weight_grid_v1,False,True,ok,results/poly_d2_o2/points/point_002/war.log,8.195562738520443e-06,war,war,0.0010139278245799702,complete,967,poly_d2_o2,['1e-1'],{'w_u': 0.1},[0.1]
60.0,point_002,2,2026-08-06T20:19:16.940029+00:00,candidate_json_top_level,9.475221563498864e-06,0.0038831633163168605,13,results/poly_d2_o2/points/point_002/real_tanh_autodiff.json,war_realad_weight_grid_v1,False,True,ok,results/poly_d2_o2/points/point_002/real_tanh_autodiff.log,9.470876664476262e-06,realad,real_tanh_autodiff,0.003740178422118903,complete,2444,poly_d2_o2,['1e-1'],{'w_u': 0.1},[0.1]
60.0,point_003,3,2026-08-06T20:20:19.517599+00:00,text_log_final_line,8.993695284067006e-06,0.00043849644890799056,13,results/poly_d2_o2/points/point_003/war.json,war_realad_weight_grid_v1,True,True,ok,results/poly_d2_o2/points/point_003/war.log,8.993025928876755e-06,war,war,0.00045797371451688503,complete,962,poly_d2_o2,['1e+0'],{'w_u': 1.0},[1.0]
60.0,point_003,3,2026-08-06T20:21:22.133870+00:00,text_log_final_line,0.00033385755561088186,0.005493189836460162,13,results/poly_d2_o2/points/point_003/real_tanh_autodiff.json,war_realad_weight_grid_v1,True,True,ok,results/poly_d2_o2/points/point_003/real_tanh_autodiff.log,0.0003337345941740828,realad,real_tanh_autodiff,0.0053944316866919905,complete,2427,poly_d2_o2,['1e+0'],{'w_u': 1.0},[1.0]
60.0,point_004,4,2026-08-06T20:22:24.802687+00:00,text_log_final_line,2.2449855712527253e-05,0.0009182841325009276,13,results/poly_d2_o2/points/point_004/war.json,war_realad_weight_grid_v1,True,True,ok,results/poly_d2_o2/points/point_004/war.log,2.2441695392378155e-05,war,war,0.0009093189630813055,complete,962,poly_d2_o2,['1e+1'],{'w_u': 10.0},[10.0]
60.0,point_004,4,2026-08-06T20:23:27.382060+00:00,text_log_final_line,0.021750048844504256,0.10596573885411933,13,results/poly_d2_o2/points/point_004/real_tanh_autodiff.json,war_realad_weight_grid_v1,True,True,ok,results/poly_d2_o2/points/point_004/real_tanh_autodiff.log,0.021744503622634116,realad,real_tanh_autodiff,0.10611828993926276,complete,2455,poly_d2_o2,['1e+1'],{'w_u': 10.0},[10.0]
60.0,point_005,5,2026-08-06T20:24:30.067559+00:00,text_log_final_line,0.00013160538575151688,0.005130296393003557,13,results/poly_d2_o2/points/point_005/war.json,war_realad_weight_grid_v1,True,True,ok,results/poly_d2_o2/points/point_005/war.log,0.00013153664016520247,war,war,0.0051158646515672025,complete,964,poly_d2_o2,['1e+2'],{'w_u': 100.0},[100.0]
60.0,point_005,5,2026-08-06T20:25:32.742811+00:00,text_log_final_line,0.13186453512319068,0.866762422155081,13,results/poly_d2_o2/points/point_005/real_tanh_autodiff.json,war_realad_weight_grid_v1,True,True,ok,results/poly_d2_o2/points/point_005/real_tanh_autodiff.log,0.1313005040304108,realad,real_tanh_autodiff,0.8610148987063697,complete,2468,poly_d2_o2,['1e+2'],{'w_u': 100.0},[100.0]
60.0,point_006,6,2026-08-06T20:26:35.348464+00:00,text_log_final_line,0.003317507103205084,0.09169392188420819,13,results/poly_d2_o2/points/point_006/war.json,war_realad_weight_grid_v1,True,True,ok,results/poly_d2_o2/points/point_006/war.log,0.0033152854084487725,war,war,0.0907158633087419,complete,963,poly_d2_o2,['1e+3'],{'w_u': 1000.0},[1000.0]
60.0,point_006,6,2026-08-06T20:27:37.926496+00:00,text_log_final_line,0.23878706815070985,0.9996898203541789,13,results/poly_d2_o2/points/point_006/real_tanh_autodiff.json,war_realad_weight_grid_v1,True,True,ok,results/poly_d2_o2/points/point_006/real_tanh_autodiff.log,0.23878703719385388,realad,real_tanh_autodiff,0.9996853993614445,complete,2451,poly_d2_o2,['1e+3'],{'w_u': 1000.0},[1000.0]
60.0,point_000,0,2026-08-06T20:28:40.768381+00:00,text_log_final_line,4.064874281080813e-05,0.16220869760722229,13,results/poly_d2_o4/points/point_000/war.json,war_realad_weight_grid_v1,True,True,ok,results/poly_d2_o4/points/point_000/war.log,4.061669338841716e-05,war,war,0.16268134973299453,complete,240,poly_d2_o4,"['1e-3', '1e-3']","{'w_Delta_u': 0.001, 'w_u': 0.001}","[0.001, 0.001]"
60.0,point_000,0,2026-08-06T20:29:43.353554+00:00,text_log_final_line,0.00015566949222423036,0.5312840485980304,13,results/poly_d2_o4/points/point_000/real_tanh_autodiff.json,war_realad_weight_grid_v1,True,True,ok,results/poly_d2_o4/points/point_000/real_tanh_autodiff.log,0.00015532103707963348,realad,real_tanh_autodiff,0.5276219271951392,complete,394,poly_d2_o4,"['1e-3', '1e-3']","{'w_Delta_u': 0.001, 'w_u': 0.001}","[0.001, 0.001]"
60.0,point_001,1,2026-08-06T20:30:46.075261+00:00,text_log_final_line,5.142200563723541e-05,0.0870577538614397,13,results/poly_d2_o4/points/point_001/war.json,war_realad_weight_grid_v1,True,True,ok,results/poly_d2_o4/points/point_001/war.log,5.1348723431582295e-05,war,war,0.08822336071821855,complete,240,poly_d2_o4,"['1e-3', '1e-2']","{'w_Delta_u': 0.01, 'w_u': 0.001}","[0.001, 0.01]"
60.0,point_001,1,2026-08-06T20:31:48.792996+00:00,text_log_final_line,0.00029786703398687977,0.31106824913067155,13,results/poly_d2_o4/points/point_001/real_tanh_autodiff.json,war_realad_weight_grid_v1,True,True,ok,results/poly_d2_o4/points/point_001/real_tanh_autodiff.log,0.0002976545284425802,realad,real_tanh_autodiff,0.3122263805681201,complete,393,poly_d2_o4,"['1e-3', '1e-2']","{'w_Delta_u': 0.01, 'w_u': 0.001}","[0.001, 0.01]"
60.0,point_002,2,2026-08-06T20:32:51.723690+00:00,text_log_final_line,2.472064771728141e-05,0.05946378141181183,13,results/poly_d2_o4/points/point_002/war.json,war_realad_weight_grid_v1,True,True,ok,results/poly_d2_o4/points/point_002/war.log,2.4684165924614173e-05,war,war,0.05968777016146912,complete,240,poly_d2_o4,"['1e-3', '1e-1']","{'w_Delta_u': 0.1, 'w_u': 0.001}","[0.001, 0.1]"
60.0,point_002,2,2026-08-06T20:33:54.555510+00:00,text_log_final_line,0.0002892208835528975,0.3897360746303559,13,results/poly_d2_o4/points/point_002/real_tanh_autodiff.json,war_realad_weight_grid_v1,True,True,ok,results/poly_d2_o4/points/point_002/real_tanh_autodiff.log,0.00028890378848665853,realad,real_tanh_autodiff,0.3904437262995234,complete,393,poly_d2_o4,"['1e-3', '1e-1']","{'w_Delta_u': 0.1, 'w_u': 0.001}","[0.001, 0.1]"
60.0,point_003,3,2026-08-06T20:34:57.326036+00:00,text_log_final_line,2.7316177960786333e-05,0.07044653665125068,13,results/poly_d2_o4/points/point_003/war.json,war_realad_weight_grid_v1,True,True,ok,results/poly_d2_o4/points/point_003/war.log,2.72835629565599e-05,war,war,0.07063084069609217,complete,240,poly_d2_o4,"['1e-3', '1e+0']","{'w_Delta_u': 1.0, 'w_u': 0.001}","[0.001, 1.0]"
60.0,point_003,3,2026-08-06T20:36:00.004367+00:00,text_log_final_line,0.0002767969484618458,0.43808542939723266,13,results/poly_d2_o4/points/point_003/real_tanh_autodiff.json,war_realad_weight_grid_v1,True,True,ok,results/poly_d2_o4/points/point_003/real_tanh_autodiff.log,0.0002764460565516176,realad,real_tanh_autodiff,0.437221553441734,complete,393,poly_d2_o4,"['1e-3', '1e+0']","{'w_Delta_u': 1.0, 'w_u': 0.001}","[0.001, 1.0]"
60.0,point_004,4,2026-08-06T20:37:03.436449+00:00,text_log_final_line,5.033990097817698e-05,0.102331849812169,13,results/poly_d2_o4/points/point_004/war.json,war_realad_weight_grid_v1,True,True,ok,results/poly_d2_o4/points/point_004/war.log,5.027030386460563e-05,war,war,0.10293741739366255,complete,240,poly_d2_o4,"['1e-3', '1e+1']","{'w_Delta_u': 10.0, 'w_u': 0.001}","[0.001, 10.0]"
60.0,point_004,4,2026-08-06T20:38:09.138468+00:00,text_log_final_line,0.0027853047892653204,1.6159634055360919,13,results/poly_d2_o4/points/point_004/real_tanh_autodiff.json,war_realad_weight_grid_v1,True,True,ok,results/poly_d2_o4/points/point_004/real_tanh_autodiff.log,0.0027853047892653204,realad,real_tanh_autodiff,1.6159634055360919,complete,393,poly_d2_o4,"['1e-3', '1e+1']","{'w_Delta_u': 10.0, 'w_u': 0.001}","[0.001, 10.0]"
60.0,point_005,5,2026-08-06T20:39:11.913365+00:00,text_log_final_line,0.0003045352254449832,0.2131744238607743,13,results/poly_d2_o4/points/point_005/war.json,war_realad_weight_grid_v1,True,True,ok,results/poly_d2_o4/points/point_005/war.log,0.0003040173031767717,war,war,0.21366782560251704,complete,240,poly_d2_o4,"['1e-3', '1e+2']","{'w_Delta_u': 100.0, 'w_u': 0.001}","[0.001, 100.0]"
60.0,point_005,5,2026-08-06T20:40:14.674859+00:00,text_log_final_line,0.010539331149841041,2.0925496872829004,13,results/poly_d2_o4/points/point_005/real_tanh_autodiff.json,war_realad_weight_grid_v1,True,True,ok,results/poly_d2_o4/points/point_005/real_tanh_autodiff.log,0.010534451537204531,realad,real_tanh_autodiff,2.0911621749901594,complete,396,poly_d2_o4,"['1e-3', '1e+2']","{'w_Delta_u': 100.0, 'w_u': 0.001}","[0.001, 100.0]"
60.0,point_006,6,2026-08-06T20:41:17.545744+00:00,text_log_final_line,0.010965093917601958,0.39726589818404495,13,results/poly_d2_o4/points/point_006/war.json,war_realad_weight_grid_v1,True,True,ok,results/poly_d2_o4/points/point_006/war.log,0.010868992279968716,war,war,0.3963484912970216,complete,240,poly_d2_o4,"['1e-3', '1e+3']","{'w_Delta_u': 1000.0, 'w_u': 0.001}","[0.001, 1000.0]"
60.0,point_006,6,2026-08-06T20:42:20.287036+00:00,text_log_final_line,0.1243526988956572,2.0413138472000565,13,results/poly_d2_o4/points/point_006/real_tanh_autodiff.json,war_realad_weight_grid_v1,True,True,ok,results/poly_d2_o4/points/point_006/real_tanh_autodiff.log,0.12420892658972407,realad,real_tanh_autodiff,2.0364551878336385,complete,395,poly_d2_o4,"['1e-3', '1e+3']","{'w_Delta_u': 1000.0, 'w_u': 0.001}","[0.001, 1000.0]"
60.0,point_007,7,2026-08-06T20:43:23.270562+00:00,text_log_final_line,5.2043770381642915e-05,0.08691057761965679,13,results/poly_d2_o4/points/point_007/war.json,war_realad_weight_grid_v1,True,True,ok,results/poly_d2_o4/points/point_007/war.log,5.19555039820493e-05,war,war,0.08685609369759247,complete,240,poly_d2_o4,"['1e-2', '1e-3']","{'w_Delta_u': 0.001, 'w_u': 0.01}","[0.01, 0.001]"
60.0,point_007,7,2026-08-06T20:44:25.818724+00:00,text_log_final_line,0.00047534368788402766,0.30021295771769757,13,results/poly_d2_o4/points/point_007/real_tanh_autodiff.json,war_realad_weight_grid_v1,True,True,ok,results/poly_d2_o4/points/point_007/real_tanh_autodiff.log,0.0004751350512244871,realad,real_tanh_autodiff,0.2987943441850365,complete,394,poly_d2_o4,"['1e-2', '1e-3']","{'w_Delta_u': 0.001, 'w_u': 0.01}","[0.01, 0.001]"
60.0,point_008,8,2026-08-06T20:45:28.861313+00:00,text_log_final_line,4.098174334773983e-05,0.04862467343169228,13,results/poly_d2_o4/points/point_008/war.json,war_realad_weight_grid_v1,True,True,ok,results/poly_d2_o4/points/point_008/war.log,4.0903515636167226e-05,war,war,0.04868116821913461,complete,240,poly_d2_o4,"['1e-2', '1e-2']","{'w_Delta_u': 0.01, 'w_u': 0.01}","[0.01, 0.01]"
60.0,point_008,8,2026-08-06T20:46:31.599093+00:00,text_log_final_line,0.0005752949491850446,0.2372676093018685,13,results/poly_d2_o4/points/point_008/real_tanh_autodiff.json,war_realad_weight_grid_v1,True,True,ok,results/poly_d2_o4/points/point_008/real_tanh_autodiff.log,0.0005748850764153566,realad,real_tanh_autodiff,0.2365539882404105,complete,394,poly_d2_o4,"['1e-2', '1e-2']","{'w_Delta_u': 0.01, 'w_u': 0.01}","[0.01, 0.01]"
60.0,point_009,9,2026-08-06T20:47:34.352230+00:00,text_log_final_line,2.635962789447013e-05,0.022570481593350587,13,results/poly_d2_o4/points/point_009/war.json,war_realad_weight_grid_v1,True,True,ok,results/poly_d2_o4/points/point_009/war.log,2.6330466995108864e-05,war,war,0.022561400913340225,complete,240,poly_d2_o4,"['1e-2', '1e-1']","{'w_Delta_u': 0.1, 'w_u': 0.01}","[0.01, 0.1]"
60.0,point_009,9,2026-08-06T20:48:37.726882+00:00,text_log_final_line,0.00031779894920159373,0.11022154916487083,13,results/poly_d2_o4/points/point_009/real_tanh_autodiff.json,war_realad_weight_grid_v1,True,True,ok,results/poly_d2_o4/points/point_009/real_tanh_autodiff.log,0.0003173632839167525,realad,real_tanh_autodiff,0.11037509514898312,complete,394,poly_d2_o4,"['1e-2', '1e-1']","{'w_Delta_u': 0.1, 'w_u': 0.01}","[0.01, 0.1]"
60.0,point_010,10,2026-08-06T20:49:40.490844+00:00,text_log_final_line,2.9480627180180677e-05,0.024180841985115713,13,results/poly_d2_o4/points/point_010/war.json,war_realad_weight_grid_v1,True,True,ok,results/poly_d2_o4/points/point_010/war.log,2.9452997995484486e-05,war,war,0.02410596221303928,complete,240,poly_d2_o4,"['1e-2', '1e+0']","{'w_Delta_u': 1.0, 'w_u': 0.01}","[0.01, 1.0]"
60.0,point_010,10,2026-08-06T20:50:43.281792+00:00,text_log_final_line,0.00020283652106062498,0.08776458184428722,13,results/poly_d2_o4/points/point_010/real_tanh_autodiff.json,war_realad_weight_grid_v1,True,True,ok,results/poly_d2_o4/points/point_010/real_tanh_autodiff.log,0.00020257041655752703,realad,real_tanh_autodiff,0.08739430300739265,complete,392,poly_d2_o4,"['1e-2', '1e+0']","{'w_Delta_u': 1.0, 'w_u': 0.01}","[0.01, 1.0]"
60.0,point_011,11,2026-08-06T20:51:46.074697+00:00,text_log_final_line,5.174954322239322e-05,0.030859801258422755,13,results/poly_d2_o4/points/point_011/war.json,war_realad_weight_grid_v1,True,True,ok,results/poly_d2_o4/points/point_011/war.log,5.1690908599436155e-05,war,war,0.030617897782816143,complete,240,poly_d2_o4,"['1e-2', '1e+1']","{'w_Delta_u': 10.0, 'w_u': 0.01}","[0.01, 10.0]"
60.0,point_011,11,2026-08-06T20:52:49.013552+00:00,text_log_final_line,0.0014202102610767833,0.29606938620971945,13,results/poly_d2_o4/points/point_011/real_tanh_autodiff.json,war_realad_weight_grid_v1,True,True,ok,results/poly_d2_o4/points/point_011/real_tanh_autodiff.log,0.0014171155872803464,realad,real_tanh_autodiff,0.29530741970200286,complete,393,poly_d2_o4,"['1e-2', '1e+1']","{'w_Delta_u': 10.0, 'w_u': 0.01}","[0.01, 10.0]"
60.0,point_012,12,2026-08-06T20:53:51.693254+00:00,text_log_final_line,0.0003403419352629286,0.0841893225704104,13,results/poly_d2_o4/points/point_012/war.json,war_realad_weight_grid_v1,True,True,ok,results/poly_d2_o4/points/point_012/war.log,0.0003397142088688715,war,war,0.08479171750818539,complete,240,poly_d2_o4,"['1e-2', '1e+2']","{'w_Delta_u': 100.0, 'w_u': 0.01}","[0.01, 100.0]"
60.0,point_012,12,2026-08-06T20:54:54.532777+00:00,text_log_final_line,0.017998894166193248,1.1569813531369515,13,results/poly_d2_o4/points/point_012/real_tanh_autodiff.json,war_realad_weight_grid_v1,True,True,ok,results/poly_d2_o4/points/point_012/real_tanh_autodiff.log,0.017980724770010923,realad,real_tanh_autodiff,1.1539190772467784,complete,394,poly_d2_o4,"['1e-2', '1e+2']","{'w_Delta_u': 100.0, 'w_u': 0.01}","[0.01, 100.0]"
60.0,point_013,13,2026-08-06T20:55:57.441366+00:00,text_log_final_line,0.011267797438540467,0.36548079895940955,13,results/poly_d2_o4/points/point_013/war.json,war_realad_weight_grid_v1,True,True,ok,results/poly_d2_o4/points/point_013/war.log,0.011171428369906007,war,war,0.3648341746378378,complete,240,poly_d2_o4,"['1e-2', '1e+3']","{'w_Delta_u': 1000.0, 'w_u': 0.01}","[0.01, 1000.0]"
60.0,point_013,13,2026-08-06T20:57:00.469915+00:00,text_log_final_line,0.11802846397217068,1.730548053378942,13,results/poly_d2_o4/points/point_013/real_tanh_autodiff.json,war_realad_weight_grid_v1,True,True,ok,results/poly_d2_o4/points/point_013/real_tanh_autodiff.log,0.117817462611311,realad,real_tanh_autodiff,1.7225484045550474,complete,393,poly_d2_o4,"['1e-2', '1e+3']","{'w_Delta_u': 1000.0, 'w_u': 0.01}","[0.01, 1000.0]"
60.0,point_014,14,2026-08-06T20:58:03.480229+00:00,text_log_final_line,1.675431379291839e-05,0.04532097329121849,13,results/poly_d2_o4/points/point_014/war.json,war_realad_weight_grid_v1,True,True,ok,results/poly_d2_o4/points/point_014/war.log,1.6740385369324104e-05,war,war,0.04533343959737343,complete,240,poly_d2_o4,"['1e-1', '1e-3']","{'w_Delta_u': 0.001, 'w_u': 0.1}","[0.1, 0.001]"
60.0,point_014,14,2026-08-06T20:59:08.788801+00:00,text_log_final_line,0.0033245676336152953,0.28125599286770525,13,results/poly_d2_o4/points/point_014/real_tanh_autodiff.json,war_realad_weight_grid_v1,True,True,ok,results/poly_d2_o4/points/point_014/real_tanh_autodiff.log,0.0033222285335203863,realad,real_tanh_autodiff,0.27984513847737114,complete,392,poly_d2_o4,"['1e-1', '1e-3']","{'w_Delta_u': 0.001, 'w_u': 0.1}","[0.1, 0.001]"
60.0,point_015,15,2026-08-06T21:00:11.643125+00:00,text_log_final_line,2.2230675017426756e-05,0.027610863654749976,13,results/poly_d2_o4/points/point_015/war.json,war_realad_weight_grid_v1,True,True,ok,results/poly_d2_o4/points/point_015/war.log,2.2213748576584145e-05,war,war,0.02760054365840375,complete,240,poly_d2_o4,"['1e-1', '1e-2']","{'w_Delta_u': 0.01, 'w_u': 0.1}","[0.1, 0.01]"
60.0,point_015,15,2026-08-06T21:01:14.585819+00:00,text_log_final_line,0.003869038177136818,0.27223552284321,13,results/poly_d2_o4/points/point_015/real_tanh_autodiff.json,war_realad_weight_grid_v1,True,True,ok,results/poly_d2_o4/points/point_015/real_tanh_autodiff.log,0.003866659055389281,realad,real_tanh_autodiff,0.2709336675041285,complete,394,poly_d2_o4,"['1e-1', '1e-2']","{'w_Delta_u': 0.01, 'w_u': 0.1}","[0.1, 0.01]"
60.0,point_016,16,2026-08-06T21:02:17.441781+00:00,text_log_final_line,2.7748794765369415e-05,0.006759308676515864,13,results/poly_d2_o4/points/point_016/war.json,war_realad_weight_grid_v1,True,True,ok,results/poly_d2_o4/points/point_016/war.log,2.7716568566964076e-05,war,war,0.006797810586372248,complete,240,poly_d2_o4,"['1e-1', '1e-1']","{'w_Delta_u': 0.1, 'w_u': 0.1}","[0.1, 0.1]"
60.0,point_016,16,2026-08-06T21:03:20.419448+00:00,text_log_final_line,0.004828935299033658,0.1705133489664894,13,results/poly_d2_o4/points/point_016/real_tanh_autodiff.json,war_realad_weight_grid_v1,True,True,ok,results/poly_d2_o4/points/point_016/real_tanh_autodiff.log,0.004824882631044001,realad,real_tanh_autodiff,0.1698885519852643,complete,393,poly_d2_o4,"['1e-1', '1e-1']","{'w_Delta_u': 0.1, 'w_u': 0.1}","[0.1, 0.1]"
60.0,point_017,17,2026-08-06T21:04:23.554994+00:00,text_log_final_line,2.8460522980137283e-05,0.005471853226307175,13,results/poly_d2_o4/points/point_017/war.json,war_realad_weight_grid_v1,True,True,ok,results/poly_d2_o4/points/point_017/war.log,2.8427398434134156e-05,war,war,0.005591773212874354,complete,240,poly_d2_o4,"['1e-1', '1e+0']","{'w_Delta_u': 1.0, 'w_u': 0.1}","[0.1, 1.0]"
60.0,point_017,17,2026-08-06T21:05:26.283613+00:00,text_log_final_line,0.0013467762765524876,0.09512872306883717,13,results/poly_d2_o4/points/point_017/real_tanh_autodiff.json,war_realad_weight_grid_v1,True,True,ok,results/poly_d2_o4/points/point_017/real_tanh_autodiff.log,0.001344846337962567,realad,real_tanh_autodiff,0.0944726283601376,complete,393,poly_d2_o4,"['1e-1', '1e+0']","{'w_Delta_u': 1.0, 'w_u': 0.1}","[0.1, 1.0]"
60.0,point_018,18,2026-08-06T21:06:29.286178+00:00,text_log_final_line,5.3527690633895414e-05,0.011180727749506448,13,results/poly_d2_o4/points/point_018/war.json,war_realad_weight_grid_v1,True,True,ok,results/poly_d2_o4/points/point_018/war.log,5.3448002550791115e-05,war,war,0.011341342655126098,complete,240,poly_d2_o4,"['1e-1', '1e+1']","{'w_Delta_u': 10.0, 'w_u': 0.1}","[0.1, 10.0]"
60.0,point_018,18,2026-08-06T21:07:31.926695+00:00,text_log_final_line,0.001580716736618976,0.15281059113861684,13,results/poly_d2_o4/points/point_018/real_tanh_autodiff.json,war_realad_weight_grid_v1,True,True,ok,results/poly_d2_o4/points/point_018/real_tanh_autodiff.log,0.0015792964238123374,realad,real_tanh_autodiff,0.15219599301332815,complete,396,poly_d2_o4,"['1e-1', '1e+1']","{'w_Delta_u': 10.0, 'w_u': 0.1}","[0.1, 10.0]"
60.0,point_019,19,2026-08-06T21:08:34.673520+00:00,text_log_final_line,0.00038767510610236553,0.03510483959831949,13,results/poly_d2_o4/points/point_019/war.json,war_realad_weight_grid_v1,True,True,ok,results/poly_d2_o4/points/point_019/war.log,0.00038702051983014466,war,war,0.03519146218288109,complete,240,poly_d2_o4,"['1e-1', '1e+2']","{'w_Delta_u': 100.0, 'w_u': 0.1}","[0.1, 100.0]"
60.0,point_019,19,2026-08-06T21:09:37.511750+00:00,text_log_final_line,0.01177222855298752,0.591076316320713,13,results/poly_d2_o4/points/point_019/real_tanh_autodiff.json,war_realad_weight_grid_v1,True,True,ok,results/poly_d2_o4/points/point_019/real_tanh_autodiff.log,0.011742415486846862,realad,real_tanh_autodiff,0.5877211162356802,complete,395,poly_d2_o4,"['1e-1', '1e+2']","{'w_Delta_u': 100.0, 'w_u': 0.1}","[0.1, 100.0]"
60.0,point_020,20,2026-08-06T21:10:40.352715+00:00,text_log_final_line,0.011623447472405513,0.22787889163850478,13,results/poly_d2_o4/points/point_020/war.json,war_realad_weight_grid_v1,True,True,ok,results/poly_d2_o4/points/point_020/war.log,0.011516912774862205,war,war,0.22800247101232937,complete,240,poly_d2_o4,"['1e-1', '1e+3']","{'w_Delta_u': 1000.0, 'w_u': 0.1}","[0.1, 1000.0]"
60.0,point_020,20,2026-08-06T21:11:43.250076+00:00,text_log_final_line,0.10678546918421265,1.2633645808860459,13,results/poly_d2_o4/points/point_020/real_tanh_autodiff.json,war_realad_weight_grid_v1,True,True,ok,results/poly_d2_o4/points/point_020/real_tanh_autodiff.log,0.10654840498644885,realad,real_tanh_autodiff,1.25667088331457,complete,393,poly_d2_o4,"['1e-1', '1e+3']","{'w_Delta_u': 1000.0, 'w_u': 0.1}","[0.1, 1000.0]"
60.0,point_021,21,2026-08-06T21:12:46.044498+00:00,text_log_final_line,2.282962539817004e-05,0.053259306628273606,13,results/poly_d2_o4/points/point_021/war.json,war_realad_weight_grid_v1,True,True,ok,results/poly_d2_o4/points/point_021/war.log,2.280889149170503e-05,war,war,0.05312860112915988,complete,240,poly_d2_o4,"['1e+0', '1e-3']","{'w_Delta_u': 0.001, 'w_u': 1.0}","[1.0, 0.001]"
60.0,point_021,21,2026-08-06T21:13:48.751705+00:00,text_log_final_line,0.027788714650366267,0.3973879783401838,13,results/poly_d2_o4/points/point_021/real_tanh_autodiff.json,war_realad_weight_grid_v1,True,True,ok,results/poly_d2_o4/points/point_021/real_tanh_autodiff.log,0.02775984156047363,realad,real_tanh_autodiff,0.3943111449500605,complete,393,poly_d2_o4,"['1e+0', '1e-3']","{'w_Delta_u': 0.001, 'w_u': 1.0}","[1.0, 0.001]"
60.0,point_022,22,2026-08-06T21:14:51.638534+00:00,text_log_final_line,3.150257090024679e-05,0.042482793300401965,13,results/poly_d2_o4/points/point_022/war.json,war_realad_weight_grid_v1,True,True,ok,results/poly_d2_o4/points/point_022/war.log,3.147676874057772e-05,war,war,0.04236777701578412,complete,241,poly_d2_o4,"['1e+0', '1e-2']","{'w_Delta_u': 0.01, 'w_u': 1.0}","[1.0, 0.01]"
60.0,point_022,22,2026-08-06T21:15:54.399056+00:00,text_log_final_line,0.02450926398096023,0.2242297623042836,13,results/poly_d2_o4/points/point_022/real_tanh_autodiff.json,war_realad_weight_grid_v1,True,True,ok,results/poly_d2_o4/points/point_022/real_tanh_autodiff.log,0.024487018769279303,realad,real_tanh_autodiff,0.222365940848683,complete,393,poly_d2_o4,"['1e+0', '1e-2']","{'w_Delta_u': 0.01, 'w_u': 1.0}","[1.0, 0.01]"
60.0,point_023,23,2026-08-06T21:16:57.198253+00:00,text_log_final_line,4.110885220636426e-05,0.012071362919655297,13,results/poly_d2_o4/points/point_023/war.json,war_realad_weight_grid_v1,True,True,ok,results/poly_d2_o4/points/point_023/war.log,4.105876144224075e-05,war,war,0.012057137319387816,complete,240,poly_d2_o4,"['1e+0', '1e-1']","{'w_Delta_u': 0.1, 'w_u': 1.0}","[1.0, 0.1]"
60.0,point_023,23,2026-08-06T21:17:59.962835+00:00,text_log_final_line,0.03034925833944947,0.17341925064272196,13,results/poly_d2_o4/points/point_023/real_tanh_autodiff.json,war_realad_weight_grid_v1,True,True,ok,results/poly_d2_o4/points/point_023/real_tanh_autodiff.log,0.03032679074248451,realad,real_tanh_autodiff,0.17166844891658126,complete,395,poly_d2_o4,"['1e+0', '1e-1']","{'w_Delta_u': 0.1, 'w_u': 1.0}","[1.0, 0.1]"
60.0,point_024,24,2026-08-06T21:19:03.534841+00:00,text_log_final_line,3.577617595074979e-05,0.004575318764565014,13,results/poly_d2_o4/points/point_024/war.json,war_realad_weight_grid_v1,True,True,ok,results/poly_d2_o4/points/point_024/war.log,3.573763539893798e-05,war,war,0.004571065138301653,complete,240,poly_d2_o4,"['1e+0', '1e+0']","{'w_Delta_u': 1.0, 'w_u': 1.0}","[1.0, 1.0]"
60.0,point_024,24,2026-08-06T21:20:08.014918+00:00,text_log_final_line,0.04186109547099995,0.31586343970732056,13,results/poly_d2_o4/points/point_024/real_tanh_autodiff.json,war_realad_weight_grid_v1,True,True,ok,results/poly_d2_o4/points/point_024/real_tanh_autodiff.log,0.04180338298511918,realad,real_tanh_autodiff,0.31429948819957165,complete,396,poly_d2_o4,"['1e+0', '1e+0']","{'w_Delta_u': 1.0, 'w_u': 1.0}","[1.0, 1.0]"
60.0,point_025,25,2026-08-06T21:21:10.771510+00:00,text_log_final_line,5.9832472162927055e-05,0.012492913572464577,13,results/poly_d2_o4/points/point_025/war.json,war_realad_weight_grid_v1,True,True,ok,results/poly_d2_o4/points/point_025/war.log,5.975526248411988e-05,war,war,0.01246035080048455,complete,240,poly_d2_o4,"['1e+0', '1e+1']","{'w_Delta_u': 10.0, 'w_u': 1.0}","[1.0, 10.0]"
60.0,point_025,25,2026-08-06T21:22:13.886192+00:00,text_log_final_line,0.02111988788131732,0.37220095459596547,13,results/poly_d2_o4/points/point_025/real_tanh_autodiff.json,war_realad_weight_grid_v1,True,True,ok,results/poly_d2_o4/points/point_025/real_tanh_autodiff.log,0.021061801647020685,realad,real_tanh_autodiff,0.371087739549116,complete,395,poly_d2_o4,"['1e+0', '1e+1']","{'w_Delta_u': 10.0, 'w_u': 1.0}","[1.0, 10.0]"
60.0,point_026,26,2026-08-06T21:23:16.813987+00:00,text_log_final_line,0.0005453300603218635,0.01299896979771895,13,results/poly_d2_o4/points/point_026/war.json,war_realad_weight_grid_v1,True,True,ok,results/poly_d2_o4/points/point_026/war.log,0.0005440845033178539,war,war,0.013056876530442442,complete,241,poly_d2_o4,"['1e+0', '1e+2']","{'w_Delta_u': 100.0, 'w_u': 1.0}","[1.0, 100.0]"
60.0,point_026,26,2026-08-06T21:24:19.451459+00:00,text_log_final_line,0.045286113313728706,0.6097993122963917,13,results/poly_d2_o4/points/point_026/real_tanh_autodiff.json,war_realad_weight_grid_v1,True,True,ok,results/poly_d2_o4/points/point_026/real_tanh_autodiff.log,0.04512011552678895,realad,real_tanh_autodiff,0.6068760230155582,complete,393,poly_d2_o4,"['1e+0', '1e+2']","{'w_Delta_u': 100.0, 'w_u': 1.0}","[1.0, 100.0]"
60.0,point_027,27,2026-08-06T21:25:22.156807+00:00,text_log_final_line,0.014255512792624212,0.16864254218514937,13,results/poly_d2_o4/points/point_027/war.json,war_realad_weight_grid_v1,True,True,ok,results/poly_d2_o4/points/point_027/war.log,0.014139833990422438,war,war,0.16865071265490594,complete,240,poly_d2_o4,"['1e+0', '1e+3']","{'w_Delta_u': 1000.0, 'w_u': 1.0}","[1.0, 1000.0]"
60.0,point_027,27,2026-08-06T21:26:25.000615+00:00,text_log_final_line,0.14087782033969976,0.7772629604558625,13,results/poly_d2_o4/points/point_027/real_tanh_autodiff.json,war_realad_weight_grid_v1,True,True,ok,results/poly_d2_o4/points/point_027/real_tanh_autodiff.log,0.1405341967881272,realad,real_tanh_autodiff,0.7744760171120918,complete,394,poly_d2_o4,"['1e+0', '1e+3']","{'w_Delta_u': 1000.0, 'w_u': 1.0}","[1.0, 1000.0]"
60.0,point_028,28,2026-08-06T21:27:27.679995+00:00,text_log_final_line,8.915236472719649e-05,0.05417502884910754,13,results/poly_d2_o4/points/point_028/war.json,war_realad_weight_grid_v1,True,True,ok,results/poly_d2_o4/points/point_028/war.log,8.90169140826269e-05,war,war,0.053973073161598245,complete,240,poly_d2_o4,"['1e+1', '1e-3']","{'w_Delta_u': 0.001, 'w_u': 10.0}","[10.0, 0.001]"
60.0,point_028,28,2026-08-06T21:28:30.324490+00:00,text_log_final_line,0.1835396310618743,1.1325501743932609,13,results/poly_d2_o4/points/point_028/real_tanh_autodiff.json,war_realad_weight_grid_v1,True,True,ok,results/poly_d2_o4/points/point_028/real_tanh_autodiff.log,0.1834281698209943,realad,real_tanh_autodiff,1.1282354166565747,complete,396,poly_d2_o4,"['1e+1', '1e-3']","{'w_Delta_u': 0.001, 'w_u': 10.0}","[10.0, 0.001]"
60.0,point_029,29,2026-08-06T21:29:33.092110+00:00,text_log_final_line,0.00010163492924814463,0.05372123192190324,13,results/poly_d2_o4/points/point_029/war.json,war_realad_weight_grid_v1,True,True,ok,results/poly_d2_o4/points/point_029/war.log,0.00010149602633563986,war,war,0.053521585362636834,complete,240,poly_d2_o4,"['1e+1', '1e-2']","{'w_Delta_u': 0.01, 'w_u': 10.0}","[10.0, 0.01]"
60.0,point_029,29,2026-08-06T21:30:35.893190+00:00,text_log_final_line,0.18358511368851688,1.136515858913729,13,results/poly_d2_o4/points/point_029/real_tanh_autodiff.json,war_realad_weight_grid_v1,True,True,ok,results/poly_d2_o4/points/point_029/real_tanh_autodiff.log,0.18355009383657314,realad,real_tanh_autodiff,1.1322135919871439,complete,396,poly_d2_o4,"['1e+1', '1e-2']","{'w_Delta_u': 0.01, 'w_u': 10.0}","[10.0, 0.01]"
60.0,point_030,30,2026-08-06T21:31:38.631779+00:00,text_log_final_line,0.00017188810349540024,0.04890360104280477,13,results/poly_d2_o4/points/point_030/war.json,war_realad_weight_grid_v1,True,True,ok,results/poly_d2_o4/points/point_030/war.log,0.00017169642597392708,war,war,0.04873027632437749,complete,240,poly_d2_o4,"['1e+1', '1e-1']","{'w_Delta_u': 0.1, 'w_u': 10.0}","[10.0, 0.1]"
60.0,point_030,30,2026-08-06T21:32:41.345153+00:00,text_log_final_line,0.18474531998759633,1.1187040696049224,13,results/poly_d2_o4/points/point_030/real_tanh_autodiff.json,war_realad_weight_grid_v1,True,True,ok,results/poly_d2_o4/points/point_030/real_tanh_autodiff.log,0.1846246937528774,realad,real_tanh_autodiff,1.114498850609176,complete,394,poly_d2_o4,"['1e+1', '1e-1']","{'w_Delta_u': 0.1, 'w_u': 10.0}","[10.0, 0.1]"
60.0,point_031,31,2026-08-06T21:33:44.060589+00:00,text_log_final_line,0.00018161959852672647,0.04000649533853039,13,results/poly_d2_o4/points/point_031/war.json,war_realad_weight_grid_v1,True,True,ok,results/poly_d2_o4/points/point_031/war.log,0.00018136829753027042,war,war,0.03989642745956277,complete,240,poly_d2_o4,"['1e+1', '1e+0']","{'w_Delta_u': 1.0, 'w_u': 10.0}","[10.0, 1.0]"
60.0,point_031,31,2026-08-06T21:34:46.642441+00:00,text_log_final_line,0.1909402820587979,1.0785479190723868,13,results/poly_d2_o4/points/point_031/real_tanh_autodiff.json,war_realad_weight_grid_v1,True,True,ok,results/poly_d2_o4/points/point_031/real_tanh_autodiff.log,0.19084759882652425,realad,real_tanh_autodiff,1.0747886852513713,complete,395,poly_d2_o4,"['1e+1', '1e+0']","{'w_Delta_u': 1.0, 'w_u': 10.0}","[10.0, 1.0]"
60.0,point_032,32,2026-08-06T21:35:49.428829+00:00,text_log_final_line,0.0002447303056465832,0.06387266880805921,13,results/poly_d2_o4/points/point_032/war.json,war_realad_weight_grid_v1,True,True,ok,results/poly_d2_o4/points/point_032/war.log,0.0002444326458424821,war,war,0.06365322889057852,complete,240,poly_d2_o4,"['1e+1', '1e+1']","{'w_Delta_u': 10.0, 'w_u': 10.0}","[10.0, 10.0]"
60.0,point_032,32,2026-08-06T21:36:52.274494+00:00,text_log_final_line,0.21404466984911552,0.9676834423126599,13,results/poly_d2_o4/points/point_032/real_tanh_autodiff.json,war_realad_weight_grid_v1,True,True,ok,results/poly_d2_o4/points/point_032/real_tanh_autodiff.log,0.21393824777997691,realad,real_tanh_autodiff,0.9658563102178251,complete,393,poly_d2_o4,"['1e+1', '1e+1']","{'w_Delta_u': 10.0, 'w_u': 10.0}","[10.0, 10.0]"
60.0,point_033,33,2026-08-06T21:37:55.325869+00:00,text_log_final_line,0.0003838422615317547,0.07174486413630594,13,results/poly_d2_o4/points/point_033/war.json,war_realad_weight_grid_v1,True,True,ok,results/poly_d2_o4/points/point_033/war.log,0.00038320986976269706,war,war,0.07144055019421554,complete,240,poly_d2_o4,"['1e+1', '1e+2']","{'w_Delta_u': 100.0, 'w_u': 10.0}","[10.0, 100.0]"
60.0,point_033,33,2026-08-06T21:38:58.002492+00:00,text_log_final_line,0.23626966579519743,0.9919132696071828,13,results/poly_d2_o4/points/point_033/real_tanh_autodiff.json,war_realad_weight_grid_v1,True,True,ok,results/poly_d2_o4/points/point_033/real_tanh_autodiff.log,0.23625795028318372,realad,real_tanh_autodiff,0.9917602481813994,complete,395,poly_d2_o4,"['1e+1', '1e+2']","{'w_Delta_u': 100.0, 'w_u': 10.0}","[10.0, 100.0]"
60.0,point_034,34,2026-08-06T21:40:00.990084+00:00,text_log_final_line,0.021078953213470555,0.21763961326804768,13,results/poly_d2_o4/points/point_034/war.json,war_realad_weight_grid_v1,True,True,ok,results/poly_d2_o4/points/point_034/war.log,0.02085828033332481,war,war,0.21673348825581973,complete,240,poly_d2_o4,"['1e+1', '1e+3']","{'w_Delta_u': 1000.0, 'w_u': 10.0}","[10.0, 1000.0]"
60.0,point_034,34,2026-08-06T21:41:04.211942+00:00,text_log_final_line,0.238675819458844,1.0000513122301073,13,results/poly_d2_o4/points/point_034/real_tanh_autodiff.json,war_realad_weight_grid_v1,True,True,ok,results/poly_d2_o4/points/point_034/real_tanh_autodiff.log,0.2386753452647906,realad,real_tanh_autodiff,1.0000211888197212,complete,395,poly_d2_o4,"['1e+1', '1e+3']","{'w_Delta_u': 1000.0, 'w_u': 10.0}","[10.0, 1000.0]"
60.0,point_035,35,2026-08-06T21:42:09.965818+00:00,text_log_final_line,0.0014170828983606706,0.12554398883005452,13,results/poly_d2_o4/points/point_035/war.json,war_realad_weight_grid_v1,True,True,ok,results/poly_d2_o4/points/point_035/war.log,0.00141064892217026,war,war,0.12536484774712353,complete,240,poly_d2_o4,"['1e+2', '1e-3']","{'w_Delta_u': 0.001, 'w_u': 100.0}","[100.0, 0.001]"
60.0,point_035,35,2026-08-06T21:43:15.044321+00:00,text_log_final_line,0.2388888615151735,0.9998619648984985,13,results/poly_d2_o4/points/point_035/real_tanh_autodiff.json,war_realad_weight_grid_v1,True,True,ok,results/poly_d2_o4/points/point_035/real_tanh_autodiff.log,0.23888883763536653,realad,real_tanh_autodiff,0.9998590491542905,complete,396,poly_d2_o4,"['1e+2', '1e-3']","{'w_Delta_u': 0.001, 'w_u': 100.0}","[100.0, 0.001]"
60.0,point_036,36,2026-08-06T21:44:17.884845+00:00,text_log_final_line,0.0014328825744628563,0.12580676477055122,13,results/poly_d2_o4/points/point_036/war.json,war_realad_weight_grid_v1,True,True,ok,results/poly_d2_o4/points/point_036/war.log,0.001426437107496117,war,war,0.12562779407283697,complete,240,poly_d2_o4,"['1e+2', '1e-2']","{'w_Delta_u': 0.01, 'w_u': 100.0}","[100.0, 0.01]"
60.0,point_036,36,2026-08-06T21:45:20.651235+00:00,text_log_final_line,0.23888918700826803,0.9998632374560447,13,results/poly_d2_o4/points/point_036/real_tanh_autodiff.json,war_realad_weight_grid_v1,True,True,ok,results/poly_d2_o4/points/point_036/real_tanh_autodiff.log,0.23888916311712668,realad,real_tanh_autodiff,0.9998603729100463,complete,393,poly_d2_o4,"['1e+2', '1e-2']","{'w_Delta_u': 0.01, 'w_u': 100.0}","[100.0, 0.01]"
60.0,point_037,37,2026-08-06T21:46:23.600487+00:00,text_log_final_line,0.0015628991533360205,0.12783723041880968,13,results/poly_d2_o4/points/point_037/war.json,war_realad_weight_grid_v1,True,True,ok,results/poly_d2_o4/points/point_037/war.log,0.0015563504202189661,war,war,0.1276626109059417,complete,240,poly_d2_o4,"['1e+2', '1e-1']","{'w_Delta_u': 0.1, 'w_u': 100.0}","[100.0, 0.1]"
60.0,point_037,37,2026-08-06T21:47:26.561108+00:00,text_log_final_line,0.23888880808646118,0.999861758019918,13,results/poly_d2_o4/points/point_037/real_tanh_autodiff.json,war_realad_weight_grid_v1,True,True,ok,results/poly_d2_o4/points/point_037/real_tanh_autodiff.log,0.2388887841910931,realad,real_tanh_autodiff,0.9998588341038597,complete,397,poly_d2_o4,"['1e+2', '1e-1']","{'w_Delta_u': 0.1, 'w_u': 100.0}","[100.0, 0.1]"
60.0,point_038,38,2026-08-06T21:48:29.316313+00:00,text_log_final_line,0.0021449647558026775,0.13470788522362973,13,results/poly_d2_o4/points/point_038/war.json,war_realad_weight_grid_v1,True,True,ok,results/poly_d2_o4/points/point_038/war.log,0.0021370922139887817,war,war,0.13456612739786294,complete,240,poly_d2_o4,"['1e+2', '1e+0']","{'w_Delta_u': 1.0, 'w_u': 100.0}","[100.0, 1.0]"
60.0,point_038,38,2026-08-06T21:49:31.928950+00:00,text_log_final_line,0.23888881430128645,0.9998618002531765,13,results/poly_d2_o4/points/point_038/real_tanh_autodiff.json,war_realad_weight_grid_v1,True,True,ok,results/poly_d2_o4/points/point_038/real_tanh_autodiff.log,0.23888879041872846,realad,real_tanh_autodiff,0.9998588782979984,complete,397,poly_d2_o4,"['1e+2', '1e+0']","{'w_Delta_u': 1.0, 'w_u': 100.0}","[100.0, 1.0]"
60.0,point_039,39,2026-08-06T21:50:34.671050+00:00,text_log_final_line,0.0018946721689150924,0.12406991793051846,13,results/poly_d2_o4/points/point_039/war.json,war_realad_weight_grid_v1,True,True,ok,results/poly_d2_o4/points/point_039/war.log,0.0018875029040392546,war,war,0.12391571846700643,complete,240,poly_d2_o4,"['1e+2', '1e+1']","{'w_Delta_u': 10.0, 'w_u': 100.0}","[100.0, 10.0]"
60.0,point_039,39,2026-08-06T21:51:37.717234+00:00,text_log_final_line,0.2388889411492035,0.999862482130709,13,results/poly_d2_o4/points/point_039/real_tanh_autodiff.json,war_realad_weight_grid_v1,True,True,ok,results/poly_d2_o4/points/point_039/real_tanh_autodiff.log,0.23888891737368723,realad,real_tanh_autodiff,0.9998595904194925,complete,397,poly_d2_o4,"['1e+2', '1e+1']","{'w_Delta_u': 10.0, 'w_u': 100.0}","[100.0, 10.0]"
60.0,point_040,40,2026-08-06T21:52:40.526417+00:00,text_log_final_line,0.0023528810830211787,0.1418049114868649,13,results/poly_d2_o4/points/point_040/war.json,war_realad_weight_grid_v1,True,True,ok,results/poly_d2_o4/points/point_040/war.log,0.002342114650221232,war,war,0.14159631149615673,complete,240,poly_d2_o4,"['1e+2', '1e+2']","{'w_Delta_u': 100.0, 'w_u': 100.0}","[100.0, 100.0]"
60.0,point_040,40,2026-08-06T21:53:43.180738+00:00,text_log_final_line,0.238890120467359,0.9998694063912625,13,results/poly_d2_o4/points/point_040/real_tanh_autodiff.json,war_realad_weight_grid_v1,True,True,ok,results/poly_d2_o4/points/point_040/real_tanh_autodiff.log,0.2388900975486148,realad,real_tanh_autodiff,0.9998668147276056,complete,396,poly_d2_o4,"['1e+2', '1e+2']","{'w_Delta_u': 100.0, 'w_u': 100.0}","[100.0, 100.0]"
60.0,point_041,41,2026-08-06T21:54:45.929084+00:00,text_log_final_line,0.07935123846420966,0.5517794427759797,13,results/poly_d2_o4/points/point_041/war.json,war_realad_weight_grid_v1,True,True,ok,results/poly_d2_o4/points/point_041/war.log,0.07871770469472951,war,war,0.550715395550693,complete,240,poly_d2_o4,"['1e+2', '1e+3']","{'w_Delta_u': 1000.0, 'w_u': 100.0}","[100.0, 1000.0]"
60.0,point_041,41,2026-08-06T21:55:48.714945+00:00,text_log_final_line,0.23889331582329976,0.9999136217578625,13,results/poly_d2_o4/points/point_041/real_tanh_autodiff.json,war_realad_weight_grid_v1,True,True,ok,results/poly_d2_o4/points/point_041/real_tanh_autodiff.log,0.23889329750067378,realad,real_tanh_autodiff,0.9999126334184831,complete,394,poly_d2_o4,"['1e+2', '1e+3']","{'w_Delta_u': 1000.0, 'w_u': 100.0}","[100.0, 1000.0]"
60.0,point_042,42,2026-08-06T21:56:51.525399+00:00,text_log_final_line,0.2223803547097697,0.9629048009057088,13,results/poly_d2_o4/points/point_042/war.json,war_realad_weight_grid_v1,True,True,ok,results/poly_d2_o4/points/point_042/war.log,0.22234615906423252,war,war,0.9628325536381529,complete,240,poly_d2_o4,"['1e+3', '1e-3']","{'w_Delta_u': 0.001, 'w_u': 1000.0}","[1000.0, 0.001]"
60.0,point_042,42,2026-08-06T21:57:54.152784+00:00,text_log_final_line,0.23893186064598598,1.0000258140340033,13,results/poly_d2_o4/points/point_042/real_tanh_autodiff.json,war_realad_weight_grid_v1,True,True,ok,results/poly_d2_o4/points/point_042/real_tanh_autodiff.log,0.23893181837227087,realad,real_tanh_autodiff,1.0000241515985377,complete,398,poly_d2_o4,"['1e+3', '1e-3']","{'w_Delta_u': 0.001, 'w_u': 1000.0}","[1000.0, 0.001]"
60.0,point_043,43,2026-08-06T21:58:56.932060+00:00,text_log_final_line,0.22236409310886882,0.9628681791812995,13,results/poly_d2_o4/points/point_043/war.json,war_realad_weight_grid_v1,True,True,ok,results/poly_d2_o4/points/point_043/war.log,0.22232987288456335,war,war,0.9627959307691214,complete,240,poly_d2_o4,"['1e+3', '1e-2']","{'w_Delta_u': 0.01, 'w_u': 1000.0}","[1000.0, 0.01]"
60.0,point_043,43,2026-08-06T21:59:59.715074+00:00,text_log_final_line,0.2389318418460847,1.0000258059761578,13,results/poly_d2_o4/points/point_043/real_tanh_autodiff.json,war_realad_weight_grid_v1,True,True,ok,results/poly_d2_o4/points/point_043/real_tanh_autodiff.log,0.23893179960802827,realad,real_tanh_autodiff,1.0000241425334044,complete,398,poly_d2_o4,"['1e+3', '1e-2']","{'w_Delta_u': 0.01, 'w_u': 1000.0}","[1000.0, 0.01]"
60.0,point_044,44,2026-08-06T22:01:03.173005+00:00,text_log_final_line,0.2223662964681006,0.9628701549747991,13,results/poly_d2_o4/points/point_044/war.json,war_realad_weight_grid_v1,True,True,ok,results/poly_d2_o4/points/point_044/war.log,0.2223320835660063,war,war,0.9627978860192841,complete,240,poly_d2_o4,"['1e+3', '1e-1']","{'w_Delta_u': 0.1, 'w_u': 1000.0}","[1000.0, 0.1]"
60.0,point_044,44,2026-08-06T22:02:07.351293+00:00,text_log_final_line,0.23893257613441207,1.0000260960488776,13,results/poly_d2_o4/points/point_044/real_tanh_autodiff.json,war_realad_weight_grid_v1,True,True,ok,results/poly_d2_o4/points/point_044/real_tanh_autodiff.log,0.2389325327745786,realad,real_tanh_autodiff,1.0000244705264694,complete,394,poly_d2_o4,"['1e+3', '1e-1']","{'w_Delta_u': 0.1, 'w_u': 1000.0}","[1000.0, 0.1]"
60.0,point_045,45,2026-08-06T22:03:10.597761+00:00,text_log_final_line,0.22242811440899102,0.9629771371296385,13,results/poly_d2_o4/points/point_045/war.json,war_realad_weight_grid_v1,True,True,ok,results/poly_d2_o4/points/point_045/war.log,0.22239406917344293,war,war,0.9629055415768235,complete,240,poly_d2_o4,"['1e+3', '1e+0']","{'w_Delta_u': 1.0, 'w_u': 1000.0}","[1000.0, 1.0]"
60.0,point_045,45,2026-08-06T22:04:13.238635+00:00,text_log_final_line,0.2389320468162085,1.0000258834237472,13,results/poly_d2_o4/points/point_045/real_tanh_autodiff.json,war_realad_weight_grid_v1,True,True,ok,results/poly_d2_o4/points/point_045/real_tanh_autodiff.log,0.23893200426087619,realad,real_tanh_autodiff,1.0000242311431375,complete,397,poly_d2_o4,"['1e+3', '1e+0']","{'w_Delta_u': 1.0, 'w_u': 1000.0}","[1000.0, 1.0]"
60.0,point_046,46,2026-08-06T22:05:16.112068+00:00,text_log_final_line,0.2226543434534513,0.9632301631683301,13,results/poly_d2_o4/points/point_046/war.json,war_realad_weight_grid_v1,True,True,ok,results/poly_d2_o4/points/point_046/war.log,0.22262115761947057,war,war,0.9631623401135015,complete,241,poly_d2_o4,"['1e+3', '1e+1']","{'w_Delta_u': 10.0, 'w_u': 1000.0}","[1000.0, 10.0]"
60.0,point_046,46,2026-08-06T22:06:18.699979+00:00,text_log_final_line,0.23893215546482532,1.0000259183802773,13,results/poly_d2_o4/points/point_046/real_tanh_autodiff.json,war_realad_weight_grid_v1,True,True,ok,results/poly_d2_o4/points/point_046/real_tanh_autodiff.log,0.23893211282260135,realad,real_tanh_autodiff,1.000024272070517,complete,396,poly_d2_o4,"['1e+3', '1e+1']","{'w_Delta_u': 10.0, 'w_u': 1000.0}","[1000.0, 10.0]"
60.0,point_047,47,2026-08-06T22:07:21.660126+00:00,text_log_final_line,0.22448498931785274,0.9667674282864848,13,results/poly_d2_o4/points/point_047/war.json,war_realad_weight_grid_v1,True,True,ok,results/poly_d2_o4/points/point_047/war.log,0.22445671662601335,war,war,0.9666953680961903,complete,241,poly_d2_o4,"['1e+3', '1e+2']","{'w_Delta_u': 100.0, 'w_u': 1000.0}","[1000.0, 100.0]"
60.0,point_047,47,2026-08-06T22:08:24.312495+00:00,text_log_final_line,0.238932764976532,1.0000260905859466,13,results/poly_d2_o4/points/point_047/real_tanh_autodiff.json,war_realad_weight_grid_v1,True,True,ok,results/poly_d2_o4/points/point_047/real_tanh_autodiff.log,0.23893272178221833,realad,real_tanh_autodiff,1.0000244786381203,complete,395,poly_d2_o4,"['1e+3', '1e+2']","{'w_Delta_u': 100.0, 'w_u': 1000.0}","[1000.0, 100.0]"
60.0,point_048,48,2026-08-06T22:09:27.205811+00:00,text_log_final_line,0.2288278524566475,0.9774359761052345,13,results/poly_d2_o4/points/point_048/war.json,war_realad_weight_grid_v1,True,True,ok,results/poly_d2_o4/points/point_048/war.log,0.22880922890654967,war,war,0.9773329338544028,complete,241,poly_d2_o4,"['1e+3', '1e+3']","{'w_Delta_u': 1000.0, 'w_u': 1000.0}","[1000.0, 1000.0]"
60.0,point_048,48,2026-08-06T22:10:30.400394+00:00,text_log_final_line,0.23893498696596752,1.0000265551655765,13,results/poly_d2_o4/points/point_048/real_tanh_autodiff.json,war_realad_weight_grid_v1,True,True,ok,results/poly_d2_o4/points/point_048/real_tanh_autodiff.log,0.2389349427843063,realad,real_tanh_autodiff,1.0000251240913278,complete,395,poly_d2_o4,"['1e+3', '1e+3']","{'w_Delta_u': 1000.0, 'w_u': 1000.0}","[1000.0, 1000.0]"
60.0,point_000,0,2026-08-07T01:36:55.365419+00:00,text_log_final_line,0.0002688183624080882,0.29060439917950454,13,results/poly_d2_o6/points/point_000/war.json,war_realad_weight_grid_v1,True,True,ok,results/poly_d2_o6/points/point_000/war.log,0.00026571415163725615,war,war,0.29051456249340113,complete,71,poly_d2_o6,"['1e-3', '1e-3', '1e-3']","{'w_Delta2_u': 0.001, 'w_Delta_u': 0.001, 'w_u': 0.001}","[0.001, 0.001, 0.001]"
60.0,point_000,0,2026-08-07T01:37:59.479065+00:00,text_log_final_line,0.07267351371526759,3.457371187364691,13,results/poly_d2_o6/points/point_000/real_tanh_autodiff.json,war_realad_weight_grid_v1,True,True,ok,results/poly_d2_o6/points/point_000/real_tanh_autodiff.log,0.072073461070016,realad,real_tanh_autodiff,3.442995056225108,complete,64,poly_d2_o6,"['1e-3', '1e-3', '1e-3']","{'w_Delta2_u': 0.001, 'w_Delta_u': 0.001, 'w_u': 0.001}","[0.001, 0.001, 0.001]"
60.0,point_001,1,2026-08-07T01:39:03.101196+00:00,text_log_final_line,0.00036451616380824123,0.2887655641191102,13,results/poly_d2_o6/points/point_001/war.json,war_realad_weight_grid_v1,True,True,ok,results/poly_d2_o6/points/point_001/war.log,0.00036117365167118463,war,war,0.2886745378285845,complete,71,poly_d2_o6,"['1e-3', '1e-3', '1e-2']","{'w_Delta2_u': 0.01, 'w_Delta_u': 0.001, 'w_u': 0.001}","[0.001, 0.001, 0.01]"
60.0,point_001,1,2026-08-07T01:40:09.634921+00:00,text_log_final_line,0.07439723769324855,3.431991369061075,13,results/poly_d2_o6/points/point_001/real_tanh_autodiff.json,war_realad_weight_grid_v1,True,True,ok,results/poly_d2_o6/points/point_001/real_tanh_autodiff.log,0.07378278532190637,realad,real_tanh_autodiff,3.4176951021323623,complete,63,poly_d2_o6,"['1e-3', '1e-3', '1e-2']","{'w_Delta2_u': 0.01, 'w_Delta_u': 0.001, 'w_u': 0.001}","[0.001, 0.001, 0.01]"
60.0,point_002,2,2026-08-07T01:41:13.250301+00:00,text_log_final_line,0.0005808821704096589,0.2866922650240058,13,results/poly_d2_o6/points/point_002/war.json,war_realad_weight_grid_v1,True,True,ok,results/poly_d2_o6/points/point_002/war.log,0.0005762961371879858,war,war,0.2863932591243225,complete,71,poly_d2_o6,"['1e-3', '1e-3', '1e-1']","{'w_Delta2_u': 0.1, 'w_Delta_u': 0.001, 'w_u': 0.001}","[0.001, 0.001, 0.1]"
60.0,point_002,2,2026-08-07T02:24:28.053975+00:00,text_log_final_line,0.0758537189401102,3.4021862932082487,13,results/poly_d2_o6/points/point_002/real_tanh_autodiff.json,war_realad_weight_grid_v1,True,True,ok,results/poly_d2_o6/points/point_002/real_tanh_autodiff.log,0.07526136118982951,realad,real_tanh_autodiff,3.388154346198841,complete,63,poly_d2_o6,"['1e-3', '1e-3', '1e-1']","{'w_Delta2_u': 0.1, 'w_Delta_u': 0.001, 'w_u': 0.001}","[0.001, 0.001, 0.1]"
60.0,point_003,3,2026-08-07T02:25:31.739698+00:00,text_log_final_line,0.0002587471518249314,0.3854314567051825,13,results/poly_d2_o6/points/point_003/war.json,war_realad_weight_grid_v1,True,True,ok,results/poly_d2_o6/points/point_003/war.log,0.00025691989701405005,war,war,0.3831582028241463,complete,71,poly_d2_o6,"['1e-3', '1e-3', '1e+0']","{'w_Delta2_u': 1.0, 'w_Delta_u': 0.001, 'w_u': 0.001}","[0.001, 0.001, 1.0]"
60.0,point_003,3,2026-08-07T02:26:35.514740+00:00,text_log_final_line,0.09093369200033483,2.948434255598802,13,results/poly_d2_o6/points/point_003/real_tanh_autodiff.json,war_realad_weight_grid_v1,True,True,ok,results/poly_d2_o6/points/point_003/real_tanh_autodiff.log,0.09039358353942992,realad,real_tanh_autodiff,2.937538257951599,complete,63,poly_d2_o6,"['1e-3', '1e-3', '1e+0']","{'w_Delta2_u': 1.0, 'w_Delta_u': 0.001, 'w_u': 0.001}","[0.001, 0.001, 1.0]"
60.0,point_004,4,2026-08-07T02:27:39.182435+00:00,text_log_final_line,0.0002607408412026357,0.5106197457853991,13,results/poly_d2_o6/points/point_004/war.json,war_realad_weight_grid_v1,True,True,ok,results/poly_d2_o6/points/point_004/war.log,0.00025787309174750986,war,war,0.5077466897851663,complete,71,poly_d2_o6,"['1e-3', '1e-3', '1e+1']","{'w_Delta2_u': 10.0, 'w_Delta_u': 0.001, 'w_u': 0.001}","[0.001, 0.001, 10.0]"
60.0,point_004,4,2026-08-07T02:28:43.258792+00:00,text_log_final_line,0.08261764607748345,2.1341739373103388,13,results/poly_d2_o6/points/point_004/real_tanh_autodiff.json,war_realad_weight_grid_v1,True,True,ok,results/poly_d2_o6/points/point_004/real_tanh_autodiff.log,0.08174554802099841,realad,real_tanh_autodiff,2.1267615884964575,complete,64,poly_d2_o6,"['1e-3', '1e-3', '1e+1']","{'w_Delta2_u': 10.0, 'w_Delta_u': 0.001, 'w_u': 0.001}","[0.001, 0.001, 10.0]"
60.0,point_005,5,2026-08-07T02:29:46.935341+00:00,text_log_final_line,0.001776699371528344,0.8060082682746418,13,results/poly_d2_o6/points/point_005/war.json,war_realad_weight_grid_v1,True,True,ok,results/poly_d2_o6/points/point_005/war.log,0.0017401005186564854,war,war,0.8012302256896828,complete,71,poly_d2_o6,"['1e-3', '1e-3', '1e+2']","{'w_Delta2_u': 100.0, 'w_Delta_u': 0.001, 'w_u': 0.001}","[0.001, 0.001, 100.0]"
60.0,point_005,5,2026-08-07T02:30:51.141672+00:00,text_log_final_line,0.05538474083683501,1.3171481012310355,13,results/poly_d2_o6/points/point_005/real_tanh_autodiff.json,war_realad_weight_grid_v1,True,True,ok,results/poly_d2_o6/points/point_005/real_tanh_autodiff.log,0.05450494058653833,realad,real_tanh_autodiff,1.3079707348848577,complete,64,poly_d2_o6,"['1e-3', '1e-3', '1e+2']","{'w_Delta2_u': 100.0, 'w_Delta_u': 0.001, 'w_u': 0.001}","[0.001, 0.001, 100.0]"
60.0,point_006,6,2026-08-07T02:31:55.080216+00:00,text_log_final_line,0.21872475480741474,0.9466465608999838,13,results/poly_d2_o6/points/point_006/war.json,war_realad_weight_grid_v1,True,True,ok,results/poly_d2_o6/points/point_006/war.log,0.21858314500009815,war,war,0.9467951181525908,complete,71,poly_d2_o6,"['1e-3', '1e-3', '1e+3']","{'w_Delta2_u': 1000.0, 'w_Delta_u': 0.001, 'w_u': 0.001}","[0.001, 0.001, 1000.0]"
60.0,point_006,6,2026-08-07T02:32:58.832169+00:00,text_log_final_line,0.12529120721087647,0.973718617930058,13,results/poly_d2_o6/points/point_006/real_tanh_autodiff.json,war_realad_weight_grid_v1,True,True,ok,results/poly_d2_o6/points/point_006/real_tanh_autodiff.log,0.12411255797006124,realad,real_tanh_autodiff,0.9703194395570959,complete,63,poly_d2_o6,"['1e-3', '1e-3', '1e+3']","{'w_Delta2_u': 1000.0, 'w_Delta_u': 0.001, 'w_u': 0.001}","[0.001, 0.001, 1000.0]"
60.0,point_007,7,2026-08-07T02:34:02.645902+00:00,text_log_final_line,0.0004209613356097196,0.26415719506931296,13,results/poly_d2_o6/points/point_007/war.json,war_realad_weight_grid_v1,True,True,ok,results/poly_d2_o6/points/point_007/war.log,0.00041775955358535927,war,war,0.26379413379253175,complete,71,poly_d2_o6,"['1e-3', '1e-2', '1e-3']","{'w_Delta2_u': 0.001, 'w_Delta_u': 0.01, 'w_u': 0.001}","[0.001, 0.01, 0.001]"
60.0,point_007,7,2026-08-07T02:35:08.851573+00:00,text_log_final_line,0.07649870443448818,3.3747348777472292,13,results/poly_d2_o6/points/point_007/real_tanh_autodiff.json,war_realad_weight_grid_v1,True,True,ok,results/poly_d2_o6/points/point_007/real_tanh_autodiff.log,0.07590097011683632,realad,real_tanh_autodiff,3.360981102850653,complete,63,poly_d2_o6,"['1e-3', '1e-2', '1e-3']","{'w_Delta2_u': 0.001, 'w_Delta_u': 0.01, 'w_u': 0.001}","[0.001, 0.01, 0.001]"
60.0,point_008,8,2026-08-07T02:36:12.634755+00:00,text_log_final_line,0.0004962535543935557,0.26235050637374474,13,results/poly_d2_o6/points/point_008/war.json,war_realad_weight_grid_v1,True,True,ok,results/poly_d2_o6/points/point_008/war.log,0.0004927832455963405,war,war,0.2620095730881998,complete,71,poly_d2_o6,"['1e-3', '1e-2', '1e-2']","{'w_Delta2_u': 0.01, 'w_Delta_u': 0.01, 'w_u': 0.001}","[0.001, 0.01, 0.01]"
60.0,point_008,8,2026-08-07T02:37:16.674505+00:00,text_log_final_line,0.0768711120973846,3.366944798369619,13,results/poly_d2_o6/points/point_008/real_tanh_autodiff.json,war_realad_weight_grid_v1,True,True,ok,results/poly_d2_o6/points/point_008/real_tanh_autodiff.log,0.07627330545105311,realad,real_tanh_autodiff,3.353227541971411,complete,63,poly_d2_o6,"['1e-3', '1e-2', '1e-2']","{'w_Delta2_u': 0.01, 'w_Delta_u': 0.01, 'w_u': 0.001}","[0.001, 0.01, 0.01]"
60.0,point_009,9,2026-08-07T02:38:20.431154+00:00,text_log_final_line,0.0006267710063289518,0.2605619742868813,13,results/poly_d2_o6/points/point_009/war.json,war_realad_weight_grid_v1,True,True,ok,results/poly_d2_o6/points/point_009/war.log,0.0006222032795855805,war,war,0.2602315061430985,complete,71,poly_d2_o6,"['1e-3', '1e-2', '1e-1']","{'w_Delta2_u': 0.1, 'w_Delta_u': 0.01, 'w_u': 0.001}","[0.001, 0.01, 0.1]"
60.0,point_009,9,2026-08-07T02:39:23.805803+00:00,text_log_final_line,0.07796732856905436,3.3426912705159806,13,results/poly_d2_o6/points/point_009/real_tanh_autodiff.json,war_realad_weight_grid_v1,True,True,ok,results/poly_d2_o6/points/point_009/real_tanh_autodiff.log,0.07739222203691658,realad,real_tanh_autodiff,3.329232688458011,complete,63,poly_d2_o6,"['1e-3', '1e-2', '1e-1']","{'w_Delta2_u': 0.1, 'w_Delta_u': 0.01, 'w_u': 0.001}","[0.001, 0.01, 0.1]"
60.0,point_010,10,2026-08-07T02:40:27.742651+00:00,text_log_final_line,0.000291665269780698,0.377498739172016,13,results/poly_d2_o6/points/point_010/war.json,war_realad_weight_grid_v1,True,True,ok,results/poly_d2_o6/points/point_010/war.log,0.0002897939212162446,war,war,0.3753965921782219,complete,71,poly_d2_o6,"['1e-3', '1e-2', '1e+0']","{'w_Delta2_u': 1.0, 'w_Delta_u': 0.01, 'w_u': 0.001}","[0.001, 0.01, 1.0]"
60.0,point_010,10,2026-08-07T02:41:31.949600+00:00,text_log_final_line,0.0913198999218679,2.890190263141653,13,results/poly_d2_o6/points/point_010/real_tanh_autodiff.json,war_realad_weight_grid_v1,True,True,ok,results/poly_d2_o6/points/point_010/real_tanh_autodiff.log,0.09077351450256801,realad,real_tanh_autodiff,2.879961332929368,complete,64,poly_d2_o6,"['1e-3', '1e-2', '1e+0']","{'w_Delta2_u': 1.0, 'w_Delta_u': 0.01, 'w_u': 0.001}","[0.001, 0.01, 1.0]"
60.0,point_011,11,2026-08-07T02:42:36.011526+00:00,text_log_final_line,0.00029220289738717345,0.5010705501856568,13,results/poly_d2_o6/points/point_011/war.json,war_realad_weight_grid_v1,True,True,ok,results/poly_d2_o6/points/point_011/war.log,0.0002893636612213291,war,war,0.49839497997266624,complete,71,poly_d2_o6,"['1e-3', '1e-2', '1e+1']","{'w_Delta2_u': 10.0, 'w_Delta_u': 0.01, 'w_u': 0.001}","[0.001, 0.01, 10.0]"
60.0,point_011,11,2026-08-07T02:43:40.171367+00:00,text_log_final_line,0.08298492749399136,2.1378092765166783,13,results/poly_d2_o6/points/point_011/real_tanh_autodiff.json,war_realad_weight_grid_v1,True,True,ok,results/poly_d2_o6/points/point_011/real_tanh_autodiff.log,0.08211640461943452,realad,real_tanh_autodiff,2.130296789690086,complete,64,poly_d2_o6,"['1e-3', '1e-2', '1e+1']","{'w_Delta2_u': 10.0, 'w_Delta_u': 0.01, 'w_u': 0.001}","[0.001, 0.01, 10.0]"
60.0,point_012,12,2026-08-07T02:44:43.965226+00:00,text_log_final_line,0.0018460517699081102,0.8009945472660338,13,results/poly_d2_o6/points/point_012/war.json,war_realad_weight_grid_v1,True,True,ok,results/poly_d2_o6/points/point_012/war.log,0.0018096402185430618,war,war,0.796287450257035,complete,71,poly_d2_o6,"['1e-3', '1e-2', '1e+2']","{'w_Delta2_u': 100.0, 'w_Delta_u': 0.01, 'w_u': 0.001}","[0.001, 0.01, 100.0]"
60.0,point_012,12,2026-08-07T02:45:47.745594+00:00,text_log_final_line,0.057209620501212456,1.3122886934321492,13,results/poly_d2_o6/points/point_012/real_tanh_autodiff.json,war_realad_weight_grid_v1,True,True,ok,results/poly_d2_o6/points/point_012/real_tanh_autodiff.log,0.05633529657539924,realad,real_tanh_autodiff,1.3032644988847524,complete,63,poly_d2_o6,"['1e-3', '1e-2', '1e+2']","{'w_Delta2_u': 100.0, 'w_Delta_u': 0.01, 'w_u': 0.001}","[0.001, 0.01, 100.0]"
60.0,point_013,13,2026-08-07T02:46:51.669528+00:00,text_log_final_line,0.21874242751669992,0.9467060050431548,13,results/poly_d2_o6/points/point_013/war.json,war_realad_weight_grid_v1,True,True,ok,results/poly_d2_o6/points/point_013/war.log,0.21860082288504917,war,war,0.946854278923978,complete,71,poly_d2_o6,"['1e-3', '1e-2', '1e+3']","{'w_Delta2_u': 1000.0, 'w_Delta_u': 0.01, 'w_u': 0.001}","[0.001, 0.01, 1000.0]"
60.0,point_013,13,2026-08-07T02:47:55.500643+00:00,text_log_final_line,0.12632073890010556,0.960211993225301,13,results/poly_d2_o6/points/point_013/real_tanh_autodiff.json,war_realad_weight_grid_v1,True,True,ok,results/poly_d2_o6/points/point_013/real_tanh_autodiff.log,0.1251371771956453,realad,real_tanh_autodiff,0.9569370615073836,complete,63,poly_d2_o6,"['1e-3', '1e-2', '1e+3']","{'w_Delta2_u': 1000.0, 'w_Delta_u': 0.01, 'w_u': 0.001}","[0.001, 0.01, 1000.0]"
60.0,point_014,14,2026-08-07T02:48:59.797891+00:00,text_log_final_line,0.000617120758908668,0.22510803340215532,13,results/poly_d2_o6/points/point_014/war.json,war_realad_weight_grid_v1,True,True,ok,results/poly_d2_o6/points/point_014/war.log,0.0006118381580725781,war,war,0.22510336745497733,complete,71,poly_d2_o6,"['1e-3', '1e-1', '1e-3']","{'w_Delta2_u': 0.001, 'w_Delta_u': 0.1, 'w_u': 0.001}","[0.001, 0.1, 0.001]"
60.0,point_014,14,2026-08-07T02:50:03.683301+00:00,text_log_final_line,0.09416766516834676,2.7211327262107456,13,results/poly_d2_o6/points/point_014/real_tanh_autodiff.json,war_realad_weight_grid_v1,True,True,ok,results/poly_d2_o6/points/point_014/real_tanh_autodiff.log,0.09363398692688904,realad,real_tanh_autodiff,2.7129685027108557,complete,63,poly_d2_o6,"['1e-3', '1e-1', '1e-3']","{'w_Delta2_u': 0.001, 'w_Delta_u': 0.1, 'w_u': 0.001}","[0.001, 0.1, 0.001]"
60.0,point_015,15,2026-08-07T02:51:10.755347+00:00,text_log_final_line,0.000622622539236468,0.22658705866588164,13,results/poly_d2_o6/points/point_015/war.json,war_realad_weight_grid_v1,True,True,ok,results/poly_d2_o6/points/point_015/war.log,0.0006173127655220561,war,war,0.2265835281094213,complete,71,poly_d2_o6,"['1e-3', '1e-1', '1e-2']","{'w_Delta2_u': 0.01, 'w_Delta_u': 0.1, 'w_u': 0.001}","[0.001, 0.1, 0.01]"
60.0,point_015,15,2026-08-07T02:52:14.819030+00:00,text_log_final_line,0.09413307571585768,2.718597465243851,13,results/poly_d2_o6/points/point_015/real_tanh_autodiff.json,war_realad_weight_grid_v1,True,True,ok,results/poly_d2_o6/points/point_015/real_tanh_autodiff.log,0.09359947843884367,realad,real_tanh_autodiff,2.7104571934711474,complete,63,poly_d2_o6,"['1e-3', '1e-1', '1e-2']","{'w_Delta2_u': 0.01, 'w_Delta_u': 0.1, 'w_u': 0.001}","[0.001, 0.1, 0.01]"
60.0,point_016,16,2026-08-07T02:53:18.756050+00:00,text_log_final_line,0.0005702492250422984,0.24856890828530176,13,results/poly_d2_o6/points/point_016/war.json,war_realad_weight_grid_v1,True,True,ok,results/poly_d2_o6/points/point_016/war.log,0.0005654949966139632,war,war,0.24846012227817038,complete,71,poly_d2_o6,"['1e-3', '1e-1', '1e-1']","{'w_Delta2_u': 0.1, 'w_Delta_u': 0.1, 'w_u': 0.001}","[0.001, 0.1, 0.1]"
60.0,point_016,16,2026-08-07T02:54:22.264409+00:00,text_log_final_line,0.0945235613678591,2.6796618688770475,13,results/poly_d2_o6/points/point_016/real_tanh_autodiff.json,war_realad_weight_grid_v1,True,True,ok,results/poly_d2_o6/points/point_016/real_tanh_autodiff.log,0.0939858390020158,realad,real_tanh_autodiff,2.671801318891175,complete,63,poly_d2_o6,"['1e-3', '1e-1', '1e-1']","{'w_Delta2_u': 0.1, 'w_Delta_u': 0.1, 'w_u': 0.001}","[0.001, 0.1, 0.1]"
60.0,point_017,17,2026-08-07T02:55:26.122036+00:00,text_log_final_line,0.0004327147573436528,0.37424568061650226,13,results/poly_d2_o6/points/point_017/war.json,war_realad_weight_grid_v1,True,True,ok,results/poly_d2_o6/points/point_017/war.log,0.00043016610279013274,war,war,0.3730756383159193,complete,71,poly_d2_o6,"['1e-3', '1e-1', '1e+0']","{'w_Delta2_u': 1.0, 'w_Delta_u': 0.1, 'w_u': 0.001}","[0.001, 0.1, 1.0]"
60.0,point_017,17,2026-08-07T02:56:30.655637+00:00,text_log_final_line,0.09871911234064018,2.301973170943124,13,results/poly_d2_o6/points/point_017/real_tanh_autodiff.json,war_realad_weight_grid_v1,True,True,ok,results/poly_d2_o6/points/point_017/real_tanh_autodiff.log,0.09808816283050648,realad,real_tanh_autodiff,2.2964686840000255,complete,64,poly_d2_o6,"['1e-3', '1e-1', '1e+0']","{'w_Delta2_u': 1.0, 'w_Delta_u': 0.1, 'w_u': 0.001}","[0.001, 0.1, 1.0]"
60.0,point_018,18,2026-08-07T02:57:34.472966+00:00,text_log_final_line,0.00044977979260964613,0.45956312309187985,13,results/poly_d2_o6/points/point_018/war.json,war_realad_weight_grid_v1,True,True,ok,results/poly_d2_o6/points/point_018/war.log,0.0004466230959998001,war,war,0.45795958317049484,complete,71,poly_d2_o6,"['1e-3', '1e-1', '1e+1']","{'w_Delta2_u': 10.0, 'w_Delta_u': 0.1, 'w_u': 0.001}","[0.001, 0.1, 10.0]"
60.0,point_018,18,2026-08-07T02:58:38.454114+00:00,text_log_final_line,0.08550672030860995,2.180503401295312,13,results/poly_d2_o6/points/point_018/real_tanh_autodiff.json,war_realad_weight_grid_v1,True,True,ok,results/poly_d2_o6/points/point_018/real_tanh_autodiff.log,0.08465455136286933,realad,real_tanh_autodiff,2.1719856641993887,complete,63,poly_d2_o6,"['1e-3', '1e-1', '1e+1']","{'w_Delta2_u': 10.0, 'w_Delta_u': 0.1, 'w_u': 0.001}","[0.001, 0.1, 10.0]"
60.0,point_019,19,2026-08-07T02:59:42.245254+00:00,text_log_final_line,0.0023313402946733724,0.7591604605818486,13,results/poly_d2_o6/points/point_019/war.json,war_realad_weight_grid_v1,True,True,ok,results/poly_d2_o6/points/point_019/war.log,0.0022869925635583275,war,war,0.7551014617055695,complete,71,poly_d2_o6,"['1e-3', '1e-1', '1e+2']","{'w_Delta2_u': 100.0, 'w_Delta_u': 0.1, 'w_u': 0.001}","[0.001, 0.1, 100.0]"
60.0,point_019,19,2026-08-07T03:00:46.458216+00:00,text_log_final_line,0.057457290716101436,1.380553602151237,13,results/poly_d2_o6/points/point_019/real_tanh_autodiff.json,war_realad_weight_grid_v1,True,True,ok,results/poly_d2_o6/points/point_019/real_tanh_autodiff.log,0.05659315691202135,realad,real_tanh_autodiff,1.3706900247615914,complete,64,poly_d2_o6,"['1e-3', '1e-1', '1e+2']","{'w_Delta2_u': 100.0, 'w_Delta_u': 0.1, 'w_u': 0.001}","[0.001, 0.1, 100.0]"
60.0,point_020,20,2026-08-07T03:01:50.923641+00:00,text_log_final_line,0.21876571693901595,0.9467197924351219,13,results/poly_d2_o6/points/point_020/war.json,war_realad_weight_grid_v1,True,True,ok,results/poly_d2_o6/points/point_020/war.log,0.2186242650288155,war,war,0.94686773886953,complete,71,poly_d2_o6,"['1e-3', '1e-1', '1e+3']","{'w_Delta2_u': 1000.0, 'w_Delta_u': 0.1, 'w_u': 0.001}","[0.001, 0.1, 1000.0]"
60.0,point_020,20,2026-08-07T03:02:54.716266+00:00,text_log_final_line,0.1241534638887444,1.0210268153278546,13,results/poly_d2_o6/points/point_020/real_tanh_autodiff.json,war_realad_weight_grid_v1,True,True,ok,results/poly_d2_o6/points/point_020/real_tanh_autodiff.log,0.12299548093536455,realad,real_tanh_autodiff,1.0171753540790818,complete,63,poly_d2_o6,"['1e-3', '1e-1', '1e+3']","{'w_Delta2_u': 1000.0, 'w_Delta_u': 0.1, 'w_u': 0.001}","[0.001, 0.1, 1000.0]"
60.0,point_021,21,2026-08-07T03:03:58.597290+00:00,text_log_final_line,0.0002282268758381839,0.4435589851148314,13,results/poly_d2_o6/points/point_021/war.json,war_realad_weight_grid_v1,True,True,ok,results/poly_d2_o6/points/point_021/war.log,0.00022648124978537107,war,war,0.4423425537685689,complete,71,poly_d2_o6,"['1e-3', '1e+0', '1e-3']","{'w_Delta2_u': 0.001, 'w_Delta_u': 1.0, 'w_u': 0.001}","[0.001, 1.0, 0.001]"
60.0,point_021,21,2026-08-07T03:05:01.909949+00:00,text_log_final_line,0.07373651599323325,1.5812961478548497,13,results/poly_d2_o6/points/point_021/real_tanh_autodiff.json,war_realad_weight_grid_v1,True,True,ok,results/poly_d2_o6/points/point_021/real_tanh_autodiff.log,0.07238665629262422,realad,real_tanh_autodiff,1.5729153604249793,complete,63,poly_d2_o6,"['1e-3', '1e+0', '1e-3']","{'w_Delta2_u': 0.001, 'w_Delta_u': 1.0, 'w_u': 0.001}","[0.001, 1.0, 0.001]"
60.0,point_022,22,2026-08-07T03:06:06.021156+00:00,text_log_final_line,0.00025854511170343074,0.4413088934754969,13,results/poly_d2_o6/points/point_022/war.json,war_realad_weight_grid_v1,True,True,ok,results/poly_d2_o6/points/point_022/war.log,0.0002567726662482788,war,war,0.44010200492841317,complete,71,poly_d2_o6,"['1e-3', '1e+0', '1e-2']","{'w_Delta2_u': 0.01, 'w_Delta_u': 1.0, 'w_u': 0.001}","[0.001, 1.0, 0.01]"
60.0,point_022,22,2026-08-07T03:07:15.295341+00:00,text_log_final_line,0.07243986522956819,1.5907551561624658,13,results/poly_d2_o6/points/point_022/real_tanh_autodiff.json,war_realad_weight_grid_v1,True,True,ok,results/poly_d2_o6/points/point_022/real_tanh_autodiff.log,0.0710965122833795,realad,real_tanh_autodiff,1.5821426772257343,complete,64,poly_d2_o6,"['1e-3', '1e+0', '1e-2']","{'w_Delta2_u': 0.01, 'w_Delta_u': 1.0, 'w_u': 0.001}","[0.001, 1.0, 0.01]"
60.0,point_023,23,2026-08-07T03:08:19.107117+00:00,text_log_final_line,0.0004488060374543128,0.4095436438204257,13,results/poly_d2_o6/points/point_023/war.json,war_realad_weight_grid_v1,True,True,ok,results/poly_d2_o6/points/point_023/war.log,0.0004464205586131715,war,war,0.4084979172633485,complete,71,poly_d2_o6,"['1e-3', '1e+0', '1e-1']","{'w_Delta2_u': 0.1, 'w_Delta_u': 1.0, 'w_u': 0.001}","[0.001, 1.0, 0.1]"
60.0,point_023,23,2026-08-07T03:09:23.441627+00:00,text_log_final_line,0.07610322641668214,1.5671616084261974,13,results/poly_d2_o6/points/point_023/real_tanh_autodiff.json,war_realad_weight_grid_v1,True,True,ok,results/poly_d2_o6/points/point_023/real_tanh_autodiff.log,0.07476760688146651,realad,real_tanh_autodiff,1.559103259266615,complete,63,poly_d2_o6,"['1e-3', '1e+0', '1e-1']","{'w_Delta2_u': 0.1, 'w_Delta_u': 1.0, 'w_u': 0.001}","[0.001, 1.0, 0.1]"
60.0,point_024,24,2026-08-07T03:10:27.359716+00:00,text_log_final_line,0.0005948998322740143,0.31039806994121066,13,results/poly_d2_o6/points/point_024/war.json,war_realad_weight_grid_v1,True,True,ok,results/poly_d2_o6/points/point_024/war.log,0.0005895921625235437,war,war,0.3099592856709752,complete,71,poly_d2_o6,"['1e-3', '1e+0', '1e+0']","{'w_Delta2_u': 1.0, 'w_Delta_u': 1.0, 'w_u': 0.001}","[0.001, 1.0, 1.0]"
60.0,point_024,24,2026-08-07T03:11:31.271603+00:00,text_log_final_line,0.07753022468611612,1.545288059185449,13,results/poly_d2_o6/points/point_024/real_tanh_autodiff.json,war_realad_weight_grid_v1,True,True,ok,results/poly_d2_o6/points/point_024/real_tanh_autodiff.log,0.07626070911242834,realad,real_tanh_autodiff,1.5373072232826925,complete,63,poly_d2_o6,"['1e-3', '1e+0', '1e+0']","{'w_Delta2_u': 1.0, 'w_Delta_u': 1.0, 'w_u': 0.001}","[0.001, 1.0, 1.0]"
60.0,point_025,25,2026-08-07T03:12:35.161608+00:00,text_log_final_line,0.0005800116685084338,0.34586804900939644,13,results/poly_d2_o6/points/point_025/war.json,war_realad_weight_grid_v1,True,True,ok,results/poly_d2_o6/points/point_025/war.log,0.0005746392936709965,war,war,0.34518241796234134,complete,71,poly_d2_o6,"['1e-3', '1e+0', '1e+1']","{'w_Delta2_u': 10.0, 'w_Delta_u': 1.0, 'w_u': 0.001}","[0.001, 1.0, 10.0]"
60.0,point_025,25,2026-08-07T03:13:38.622536+00:00,text_log_final_line,0.0699686131956833,1.558814312633614,13,results/poly_d2_o6/points/point_025/real_tanh_autodiff.json,war_realad_weight_grid_v1,True,True,ok,results/poly_d2_o6/points/point_025/real_tanh_autodiff.log,0.06881182068528266,realad,real_tanh_autodiff,1.5482785621223436,complete,63,poly_d2_o6,"['1e-3', '1e+0', '1e+1']","{'w_Delta2_u': 10.0, 'w_Delta_u': 1.0, 'w_u': 0.001}","[0.001, 1.0, 10.0]"
60.0,point_026,26,2026-08-07T03:14:42.409684+00:00,text_log_final_line,0.0035710294368676296,0.6756618131415499,13,results/poly_d2_o6/points/point_026/war.json,war_realad_weight_grid_v1,True,True,ok,results/poly_d2_o6/points/point_026/war.log,0.003509725814168294,war,war,0.6736055360813639,complete,71,poly_d2_o6,"['1e-3', '1e+0', '1e+2']","{'w_Delta2_u': 100.0, 'w_Delta_u': 1.0, 'w_u': 0.001}","[0.001, 1.0, 100.0]"
60.0,point_026,26,2026-08-07T03:15:46.822449+00:00,text_log_final_line,0.06652308286095392,1.8128789250221433,13,results/poly_d2_o6/points/point_026/real_tanh_autodiff.json,war_realad_weight_grid_v1,True,True,ok,results/poly_d2_o6/points/point_026/real_tanh_autodiff.log,0.06569094409202551,realad,real_tanh_autodiff,1.7991299318053084,complete,64,poly_d2_o6,"['1e-3', '1e+0', '1e+2']","{'w_Delta2_u': 100.0, 'w_Delta_u': 1.0, 'w_u': 0.001}","[0.001, 1.0, 100.0]"
60.0,point_027,27,2026-08-07T03:16:50.638377+00:00,text_log_final_line,0.21888795509240488,0.9465953421202238,13,results/poly_d2_o6/points/point_027/war.json,war_realad_weight_grid_v1,True,True,ok,results/poly_d2_o6/points/point_027/war.log,0.2187478130582261,war,war,0.9467392750089098,complete,71,poly_d2_o6,"['1e-3', '1e+0', '1e+3']","{'w_Delta2_u': 1000.0, 'w_Delta_u': 1.0, 'w_u': 0.001}","[0.001, 1.0, 1000.0]"
60.0,point_027,27,2026-08-07T03:17:54.372120+00:00,text_log_final_line,0.13231769110684188,1.098976375789041,13,results/poly_d2_o6/points/point_027/real_tanh_autodiff.json,war_realad_weight_grid_v1,True,True,ok,results/poly_d2_o6/points/point_027/real_tanh_autodiff.log,0.13126306320471334,realad,real_tanh_autodiff,1.0941439038927916,complete,63,poly_d2_o6,"['1e-3', '1e+0', '1e+3']","{'w_Delta2_u': 1000.0, 'w_Delta_u': 1.0, 'w_u': 0.001}","[0.001, 1.0, 1000.0]"
60.0,point_028,28,2026-08-07T03:18:58.158268+00:00,text_log_final_line,0.00030858904437625686,0.5763095767769081,13,results/poly_d2_o6/points/point_028/war.json,war_realad_weight_grid_v1,True,True,ok,results/poly_d2_o6/points/point_028/war.log,0.0003063980430273749,war,war,0.5742954500037091,complete,71,poly_d2_o6,"['1e-3', '1e+1', '1e-3']","{'w_Delta2_u': 0.001, 'w_Delta_u': 10.0, 'w_u': 0.001}","[0.001, 10.0, 0.001]"
60.0,point_028,28,2026-08-07T03:20:02.470916+00:00,text_log_final_line,0.04065955212910552,2.561286576796957,13,results/poly_d2_o6/points/point_028/real_tanh_autodiff.json,war_realad_weight_grid_v1,True,True,ok,results/poly_d2_o6/points/point_028/real_tanh_autodiff.log,0.03999719458596217,realad,real_tanh_autodiff,2.542782319204113,complete,63,poly_d2_o6,"['1e-3', '1e+1', '1e-3']","{'w_Delta2_u': 0.001, 'w_Delta_u': 10.0, 'w_u': 0.001}","[0.001, 10.0, 0.001]"
60.0,point_029,29,2026-08-07T03:21:08.359454+00:00,text_log_final_line,0.00033930294754938475,0.5725971988207176,13,results/poly_d2_o6/points/point_029/war.json,war_realad_weight_grid_v1,True,True,ok,results/poly_d2_o6/points/point_029/war.log,0.0003370748939109607,war,war,0.5705976724244455,complete,71,poly_d2_o6,"['1e-3', '1e+1', '1e-2']","{'w_Delta2_u': 0.01, 'w_Delta_u': 10.0, 'w_u': 0.001}","[0.001, 10.0, 0.01]"
60.0,point_029,29,2026-08-07T03:22:13.295337+00:00,text_log_final_line,0.03766355771752904,2.5963948872496676,13,results/poly_d2_o6/points/point_029/real_tanh_autodiff.json,war_realad_weight_grid_v1,True,True,ok,results/poly_d2_o6/points/point_029/real_tanh_autodiff.log,0.037066662506568766,realad,real_tanh_autodiff,2.577911980754743,complete,64,poly_d2_o6,"['1e-3', '1e+1', '1e-2']","{'w_Delta2_u': 0.01, 'w_Delta_u': 10.0, 'w_u': 0.001}","[0.001, 10.0, 0.01]"
60.0,point_030,30,2026-08-07T03:23:17.174579+00:00,text_log_final_line,0.0005360328297096429,0.5342886804414732,13,results/poly_d2_o6/points/point_030/war.json,war_realad_weight_grid_v1,True,True,ok,results/poly_d2_o6/points/point_030/war.log,0.0005333596736099285,war,war,0.5324459553390143,complete,71,poly_d2_o6,"['1e-3', '1e+1', '1e-1']","{'w_Delta2_u': 0.1, 'w_Delta_u': 10.0, 'w_u': 0.001}","[0.001, 10.0, 0.1]"
60.0,point_030,30,2026-08-07T03:24:20.643191+00:00,text_log_final_line,0.03913022657730459,2.584606648533071,13,results/poly_d2_o6/points/point_030/real_tanh_autodiff.json,war_realad_weight_grid_v1,True,True,ok,results/poly_d2_o6/points/point_030/real_tanh_autodiff.log,0.03852944710422076,realad,real_tanh_autodiff,2.5661796511016877,complete,63,poly_d2_o6,"['1e-3', '1e+1', '1e-1']","{'w_Delta2_u': 0.1, 'w_Delta_u': 10.0, 'w_u': 0.001}","[0.001, 10.0, 0.1]"
60.0,point_031,31,2026-08-07T03:25:24.514108+00:00,text_log_final_line,0.00046873859755304644,0.39162627298790914,13,results/poly_d2_o6/points/point_031/war.json,war_realad_weight_grid_v1,True,True,ok,results/poly_d2_o6/points/point_031/war.log,0.0004640680968551779,war,war,0.3902257921570019,complete,71,poly_d2_o6,"['1e-3', '1e+1', '1e+0']","{'w_Delta2_u': 1.0, 'w_Delta_u': 10.0, 'w_u': 0.001}","[0.001, 10.0, 1.0]"
60.0,point_031,31,2026-08-07T03:26:28.520678+00:00,text_log_final_line,0.04609204084563395,2.5183300960293424,13,results/poly_d2_o6/points/point_031/real_tanh_autodiff.json,war_realad_weight_grid_v1,True,True,ok,results/poly_d2_o6/points/point_031/real_tanh_autodiff.log,0.0454578447762966,realad,real_tanh_autodiff,2.500662000608793,complete,63,poly_d2_o6,"['1e-3', '1e+1', '1e+0']","{'w_Delta2_u': 1.0, 'w_Delta_u': 10.0, 'w_u': 0.001}","[0.001, 10.0, 1.0]"
60.0,point_032,32,2026-08-07T03:27:32.384730+00:00,text_log_final_line,0.00044116025877727924,0.42689626924445295,13,results/poly_d2_o6/points/point_032/war.json,war_realad_weight_grid_v1,True,True,ok,results/poly_d2_o6/points/point_032/war.log,0.00043494747704531144,war,war,0.425201855890668,complete,71,poly_d2_o6,"['1e-3', '1e+1', '1e+1']","{'w_Delta2_u': 10.0, 'w_Delta_u': 10.0, 'w_u': 0.001}","[0.001, 10.0, 10.0]"
60.0,point_032,32,2026-08-07T03:28:37.336358+00:00,text_log_final_line,0.06570927829500876,2.303895737078346,13,results/poly_d2_o6/points/point_032/real_tanh_autodiff.json,war_realad_weight_grid_v1,True,True,ok,results/poly_d2_o6/points/point_032/real_tanh_autodiff.log,0.06493722418317976,realad,real_tanh_autodiff,2.2891141872685115,complete,64,poly_d2_o6,"['1e-3', '1e+1', '1e+1']","{'w_Delta2_u': 10.0, 'w_Delta_u': 10.0, 'w_u': 0.001}","[0.001, 10.0, 10.0]"
60.0,point_033,33,2026-08-07T03:29:41.165019+00:00,text_log_final_line,0.004988242204348081,0.680063957254129,13,results/poly_d2_o6/points/point_033/war.json,war_realad_weight_grid_v1,True,True,ok,results/poly_d2_o6/points/point_033/war.log,0.004862319984736632,war,war,0.6780679527155673,complete,71,poly_d2_o6,"['1e-3', '1e+1', '1e+2']","{'w_Delta2_u': 100.0, 'w_Delta_u': 10.0, 'w_u': 0.001}","[0.001, 10.0, 100.0]"
60.0,point_033,33,2026-08-07T03:30:45.091586+00:00,text_log_final_line,0.09424753845338142,2.0974275043294686,13,results/poly_d2_o6/points/point_033/real_tanh_autodiff.json,war_realad_weight_grid_v1,True,True,ok,results/poly_d2_o6/points/point_033/real_tanh_autodiff.log,0.09353474462623476,realad,real_tanh_autodiff,2.0854837313365286,complete,63,poly_d2_o6,"['1e-3', '1e+1', '1e+2']","{'w_Delta2_u': 100.0, 'w_Delta_u': 10.0, 'w_u': 0.001}","[0.001, 10.0, 100.0]"
60.0,point_034,34,2026-08-07T03:31:48.844604+00:00,text_log_final_line,0.21986666726427476,0.9462818236980838,13,results/poly_d2_o6/points/point_034/war.json,war_realad_weight_grid_v1,True,True,ok,results/poly_d2_o6/points/point_034/war.log,0.21973640764888414,war,war,0.9464073941659682,complete,71,poly_d2_o6,"['1e-3', '1e+1', '1e+3']","{'w_Delta2_u': 1000.0, 'w_Delta_u': 10.0, 'w_u': 0.001}","[0.001, 10.0, 1000.0]"
60.0,point_034,34,2026-08-07T03:32:53.130263+00:00,text_log_final_line,0.14622819858481872,1.3439494002264245,13,results/poly_d2_o6/points/point_034/real_tanh_autodiff.json,war_realad_weight_grid_v1,True,True,ok,results/poly_d2_o6/points/point_034/real_tanh_autodiff.log,0.1452753956940645,realad,real_tanh_autodiff,1.337191286660944,complete,64,poly_d2_o6,"['1e-3', '1e+1', '1e+3']","{'w_Delta2_u': 1000.0, 'w_Delta_u': 10.0, 'w_u': 0.001}","[0.001, 10.0, 1000.0]"
60.0,point_035,35,2026-08-07T03:33:56.913856+00:00,text_log_final_line,0.00310938282809294,0.607431604796245,13,results/poly_d2_o6/points/point_035/war.json,war_realad_weight_grid_v1,True,True,ok,results/poly_d2_o6/points/point_035/war.log,0.0030135311773453045,war,war,0.6042423081700421,complete,71,poly_d2_o6,"['1e-3', '1e+2', '1e-3']","{'w_Delta2_u': 0.001, 'w_Delta_u': 100.0, 'w_u': 0.001}","[0.001, 100.0, 0.001]"
60.0,point_035,35,2026-08-07T03:35:01.351593+00:00,text_log_final_line,0.17581964499916616,1.5099377703330628,13,results/poly_d2_o6/points/point_035/real_tanh_autodiff.json,war_realad_weight_grid_v1,True,True,ok,results/poly_d2_o6/points/point_035/real_tanh_autodiff.log,0.17471400631899964,realad,real_tanh_autodiff,1.503444753099944,complete,63,poly_d2_o6,"['1e-3', '1e+2', '1e-3']","{'w_Delta2_u': 0.001, 'w_Delta_u': 100.0, 'w_u': 0.001}","[0.001, 100.0, 0.001]"
60.0,point_036,36,2026-08-07T03:36:05.429524+00:00,text_log_final_line,0.0032244223468411905,0.6065183556973981,13,results/poly_d2_o6/points/point_036/war.json,war_realad_weight_grid_v1,True,True,ok,results/poly_d2_o6/points/point_036/war.log,0.003127836877187436,war,war,0.6033431739156515,complete,71,poly_d2_o6,"['1e-3', '1e+2', '1e-2']","{'w_Delta2_u': 0.01, 'w_Delta_u': 100.0, 'w_u': 0.001}","[0.001, 100.0, 0.01]"
60.0,point_036,36,2026-08-07T03:37:16.687556+00:00,text_log_final_line,0.17410606477540067,1.529391823101654,13,results/poly_d2_o6/points/point_036/real_tanh_autodiff.json,war_realad_weight_grid_v1,True,True,ok,results/poly_d2_o6/points/point_036/real_tanh_autodiff.log,0.17302230580170663,realad,real_tanh_autodiff,1.522509453080346,complete,63,poly_d2_o6,"['1e-3', '1e+2', '1e-2']","{'w_Delta2_u': 0.01, 'w_Delta_u': 100.0, 'w_u': 0.001}","[0.001, 100.0, 0.01]"
60.0,point_037,37,2026-08-07T03:38:20.475463+00:00,text_log_final_line,0.0042274889721417835,0.5963122960703359,13,results/poly_d2_o6/points/point_037/war.json,war_realad_weight_grid_v1,True,True,ok,results/poly_d2_o6/points/point_037/war.log,0.004126176764436719,war,war,0.5932680995428514,complete,71,poly_d2_o6,"['1e-3', '1e+2', '1e-1']","{'w_Delta2_u': 0.1, 'w_Delta_u': 100.0, 'w_u': 0.001}","[0.001, 100.0, 0.1]"
60.0,point_037,37,2026-08-07T03:39:24.466521+00:00,text_log_final_line,0.17514737003991304,1.518755276418548,13,results/poly_d2_o6/points/point_037/real_tanh_autodiff.json,war_realad_weight_grid_v1,True,True,ok,results/poly_d2_o6/points/point_037/real_tanh_autodiff.log,0.17405320024126636,realad,real_tanh_autodiff,1.5120937023885257,complete,63,poly_d2_o6,"['1e-3', '1e+2', '1e-1']","{'w_Delta2_u': 0.1, 'w_Delta_u': 100.0, 'w_u': 0.001}","[0.001, 100.0, 0.1]"
60.0,point_038,38,2026-08-07T03:40:28.339999+00:00,text_log_final_line,0.00891152448904888,0.5342546395035689,13,results/poly_d2_o6/points/point_038/war.json,war_realad_weight_grid_v1,True,True,ok,results/poly_d2_o6/points/point_038/war.log,0.00873015121451726,war,war,0.5320288808546145,complete,71,poly_d2_o6,"['1e-3', '1e+2', '1e+0']","{'w_Delta2_u': 1.0, 'w_Delta_u': 100.0, 'w_u': 0.001}","[0.001, 100.0, 1.0]"
60.0,point_038,38,2026-08-07T03:41:32.816692+00:00,text_log_final_line,0.17418900682269953,1.5309062095571602,13,results/poly_d2_o6/points/point_038/real_tanh_autodiff.json,war_realad_weight_grid_v1,True,True,ok,results/poly_d2_o6/points/point_038/real_tanh_autodiff.log,0.1731472325392395,realad,real_tanh_autodiff,1.5239843230885914,complete,64,poly_d2_o6,"['1e-3', '1e+2', '1e+0']","{'w_Delta2_u': 1.0, 'w_Delta_u': 100.0, 'w_u': 0.001}","[0.001, 100.0, 1.0]"
60.0,point_039,39,2026-08-07T03:42:36.544861+00:00,text_log_final_line,0.009940299871567405,0.4663981496631451,13,results/poly_d2_o6/points/point_039/war.json,war_realad_weight_grid_v1,True,True,ok,results/poly_d2_o6/points/point_039/war.log,0.009526610067120404,war,war,0.46491840430024717,complete,71,poly_d2_o6,"['1e-3', '1e+2', '1e+1']","{'w_Delta2_u': 10.0, 'w_Delta_u': 100.0, 'w_u': 0.001}","[0.001, 100.0, 10.0]"
60.0,point_039,39,2026-08-07T03:43:39.980933+00:00,text_log_final_line,0.18326246014730627,1.4764965645625068,13,results/poly_d2_o6/points/point_039/real_tanh_autodiff.json,war_realad_weight_grid_v1,True,True,ok,results/poly_d2_o6/points/point_039/real_tanh_autodiff.log,0.18254574357464548,realad,real_tanh_autodiff,1.4703478050222665,complete,63,poly_d2_o6,"['1e-3', '1e+2', '1e+1']","{'w_Delta2_u': 10.0, 'w_Delta_u': 100.0, 'w_u': 0.001}","[0.001, 100.0, 10.0]"
60.0,point_040,40,2026-08-07T03:44:43.861014+00:00,text_log_final_line,0.07253797533017482,0.6116621530206113,13,results/poly_d2_o6/points/point_040/war.json,war_realad_weight_grid_v1,True,True,ok,results/poly_d2_o6/points/point_040/war.log,0.07078680730902256,war,war,0.6112374000824549,complete,71,poly_d2_o6,"['1e-3', '1e+2', '1e+2']","{'w_Delta2_u': 100.0, 'w_Delta_u': 100.0, 'w_u': 0.001}","[0.001, 100.0, 100.0]"
60.0,point_040,40,2026-08-07T03:45:47.994098+00:00,text_log_final_line,0.20327469317588456,1.2996645591985354,13,results/poly_d2_o6/points/point_040/real_tanh_autodiff.json,war_realad_weight_grid_v1,True,True,ok,results/poly_d2_o6/points/point_040/real_tanh_autodiff.log,0.20289860184891717,realad,real_tanh_autodiff,1.2957277945918542,complete,64,poly_d2_o6,"['1e-3', '1e+2', '1e+2']","{'w_Delta2_u': 100.0, 'w_Delta_u': 100.0, 'w_u': 0.001}","[0.001, 100.0, 100.0]"
60.0,point_041,41,2026-08-07T03:46:52.044928+00:00,text_log_final_line,0.22372229942003866,0.9621594669843901,13,results/poly_d2_o6/points/point_041/war.json,war_realad_weight_grid_v1,True,True,ok,results/poly_d2_o6/points/point_041/war.log,0.22362348767861207,war,war,0.9622118995967145,complete,71,poly_d2_o6,"['1e-3', '1e+2', '1e+3']","{'w_Delta2_u': 1000.0, 'w_Delta_u': 100.0, 'w_u': 0.001}","[0.001, 100.0, 1000.0]"
60.0,point_041,41,2026-08-07T03:47:56.138487+00:00,text_log_final_line,0.21946589977627817,1.0587159119578506,13,results/poly_d2_o6/points/point_041/real_tanh_autodiff.json,war_realad_weight_grid_v1,True,True,ok,results/poly_d2_o6/points/point_041/real_tanh_autodiff.log,0.21913509636692333,realad,real_tanh_autodiff,1.0595570251438775,complete,63,poly_d2_o6,"['1e-3', '1e+2', '1e+3']","{'w_Delta2_u': 1000.0, 'w_Delta_u': 100.0, 'w_u': 0.001}","[0.001, 100.0, 1000.0]"
60.0,point_042,42,2026-08-07T03:49:00.032970+00:00,text_log_final_line,0.22540310869903832,0.9714968522238069,13,results/poly_d2_o6/points/point_042/war.json,war_realad_weight_grid_v1,True,True,ok,results/poly_d2_o6/points/point_042/war.log,0.22532918127023113,war,war,0.9714986994168657,complete,71,poly_d2_o6,"['1e-3', '1e+3', '1e-3']","{'w_Delta2_u': 0.001, 'w_Delta_u': 1000.0, 'w_u': 0.001}","[0.001, 1000.0, 0.001]"
60.0,point_042,42,2026-08-07T03:50:04.215698+00:00,text_log_final_line,0.23882846175519154,1.0009980586510008,13,results/poly_d2_o6/points/point_042/real_tanh_autodiff.json,war_realad_weight_grid_v1,True,True,ok,results/poly_d2_o6/points/point_042/real_tanh_autodiff.log,0.2388277761098593,realad,real_tanh_autodiff,1.0010403847359,complete,64,poly_d2_o6,"['1e-3', '1e+3', '1e-3']","{'w_Delta2_u': 0.001, 'w_Delta_u': 1000.0, 'w_u': 0.001}","[0.001, 1000.0, 0.001]"
60.0,point_043,43,2026-08-07T03:51:14.276509+00:00,text_log_final_line,0.22539294458570916,0.9714681810386675,13,results/poly_d2_o6/points/point_043/war.json,war_realad_weight_grid_v1,True,True,ok,results/poly_d2_o6/points/point_043/war.log,0.22531886314770952,war,war,0.9714702107215256,complete,71,poly_d2_o6,"['1e-3', '1e+3', '1e-2']","{'w_Delta2_u': 0.01, 'w_Delta_u': 1000.0, 'w_u': 0.001}","[0.001, 1000.0, 0.01]"
60.0,point_043,43,2026-08-07T03:52:18.716872+00:00,text_log_final_line,0.2388301073959725,1.000978706130763,13,results/poly_d2_o6/points/point_043/real_tanh_autodiff.json,war_realad_weight_grid_v1,True,True,ok,results/poly_d2_o6/points/point_043/real_tanh_autodiff.log,0.23882945585485982,realad,real_tanh_autodiff,1.0010201090181319,complete,63,poly_d2_o6,"['1e-3', '1e+3', '1e-2']","{'w_Delta2_u': 0.01, 'w_Delta_u': 1000.0, 'w_u': 0.001}","[0.001, 1000.0, 0.01]"
60.0,point_044,44,2026-08-07T03:53:22.678688+00:00,text_log_final_line,0.22539619434857525,0.9714703219532501,13,results/poly_d2_o6/points/point_044/war.json,war_realad_weight_grid_v1,True,True,ok,results/poly_d2_o6/points/point_044/war.log,0.22532218110980248,war,war,0.971472238815265,complete,71,poly_d2_o6,"['1e-3', '1e+3', '1e-1']","{'w_Delta2_u': 0.1, 'w_Delta_u': 1000.0, 'w_u': 0.001}","[0.001, 1000.0, 0.1]"
60.0,point_044,44,2026-08-07T03:54:26.501841+00:00,text_log_final_line,0.23883015338892913,1.0009777887944364,13,results/poly_d2_o6/points/point_044/real_tanh_autodiff.json,war_realad_weight_grid_v1,True,True,ok,results/poly_d2_o6/points/point_044/real_tanh_autodiff.log,0.2388295030834075,realad,real_tanh_autodiff,1.0010191779619992,complete,63,poly_d2_o6,"['1e-3', '1e+3', '1e-1']","{'w_Delta2_u': 0.1, 'w_Delta_u': 1000.0, 'w_u': 0.001}","[0.001, 1000.0, 0.1]"
60.0,point_045,45,2026-08-07T03:55:30.373864+00:00,text_log_final_line,0.22543702861572906,0.9714732604166411,13,results/poly_d2_o6/points/point_045/war.json,war_realad_weight_grid_v1,True,True,ok,results/poly_d2_o6/points/point_045/war.log,0.22536341801456067,war,war,0.9714751954128499,complete,71,poly_d2_o6,"['1e-3', '1e+3', '1e+0']","{'w_Delta2_u': 1.0, 'w_Delta_u': 1000.0, 'w_u': 0.001}","[0.001, 1000.0, 1.0]"
60.0,point_045,45,2026-08-07T03:56:33.748868+00:00,text_log_final_line,0.23882951349241613,1.0009905837495,13,results/poly_d2_o6/points/point_045/real_tanh_autodiff.json,war_realad_weight_grid_v1,True,True,ok,results/poly_d2_o6/points/point_045/real_tanh_autodiff.log,0.23882884557153156,realad,real_tanh_autodiff,1.0010321881140498,complete,63,poly_d2_o6,"['1e-3', '1e+3', '1e+0']","{'w_Delta2_u': 1.0, 'w_Delta_u': 1000.0, 'w_u': 0.001}","[0.001, 1000.0, 1.0]"
60.0,point_046,46,2026-08-07T03:57:37.448294+00:00,text_log_final_line,0.2258852236002071,0.9715601230383046,13,results/poly_d2_o6/points/point_046/war.json,war_realad_weight_grid_v1,True,True,ok,results/poly_d2_o6/points/point_046/war.log,0.22581570574593898,war,war,0.9715615024638661,complete,71,poly_d2_o6,"['1e-3', '1e+3', '1e+1']","{'w_Delta2_u': 10.0, 'w_Delta_u': 1000.0, 'w_u': 0.001}","[0.001, 1000.0, 10.0]"
60.0,point_046,46,2026-08-07T03:58:41.586177+00:00,text_log_final_line,0.23882875897678607,1.0009940036698388,13,results/poly_d2_o6/points/point_046/real_tanh_autodiff.json,war_realad_weight_grid_v1,True,True,ok,results/poly_d2_o6/points/point_046/real_tanh_autodiff.log,0.23882807805876405,realad,real_tanh_autodiff,1.0010362444801435,complete,64,poly_d2_o6,"['1e-3', '1e+3', '1e+1']","{'w_Delta2_u': 10.0, 'w_Delta_u': 1000.0, 'w_u': 0.001}","[0.001, 1000.0, 10.0]"
60.0,point_047,47,2026-08-07T03:59:45.588372+00:00,text_log_final_line,0.22866600442711443,0.9745607126080129,13,results/poly_d2_o6/points/point_047/war.json,war_realad_weight_grid_v1,True,True,ok,results/poly_d2_o6/points/point_047/war.log,0.2286127348997316,war,war,0.974525496189232,complete,71,poly_d2_o6,"['1e-3', '1e+3', '1e+2']","{'w_Delta2_u': 100.0, 'w_Delta_u': 1000.0, 'w_u': 0.001}","[0.001, 1000.0, 100.0]"
60.0,point_047,47,2026-08-07T04:00:49.837937+00:00,text_log_final_line,0.2388296422453581,1.0009866025066885,13,results/poly_d2_o6/points/point_047/real_tanh_autodiff.json,war_realad_weight_grid_v1,True,True,ok,results/poly_d2_o6/points/point_047/real_tanh_autodiff.log,0.23882897551688048,realad,real_tanh_autodiff,1.0010288059517098,complete,64,poly_d2_o6,"['1e-3', '1e+3', '1e+2']","{'w_Delta2_u': 100.0, 'w_Delta_u': 1000.0, 'w_u': 0.001}","[0.001, 1000.0, 100.0]"
60.0,point_048,48,2026-08-07T04:01:53.832579+00:00,text_log_final_line,0.2331778581151443,0.9861823522392371,13,results/poly_d2_o6/points/point_048/war.json,war_realad_weight_grid_v1,True,True,ok,results/poly_d2_o6/points/point_048/war.log,0.23312968506629173,war,war,0.9861038968178139,complete,71,poly_d2_o6,"['1e-3', '1e+3', '1e+3']","{'w_Delta2_u': 1000.0, 'w_Delta_u': 1000.0, 'w_u': 0.001}","[0.001, 1000.0, 1000.0]"
60.0,point_048,48,2026-08-07T04:02:57.919849+00:00,text_log_final_line,0.23883758587789153,1.000925686859314,13,results/poly_d2_o6/points/point_048/real_tanh_autodiff.json,war_realad_weight_grid_v1,True,True,ok,results/poly_d2_o6/points/point_048/real_tanh_autodiff.log,0.23883704339414746,realad,real_tanh_autodiff,1.0009650213815264,complete,63,poly_d2_o6,"['1e-3', '1e+3', '1e+3']","{'w_Delta2_u': 1000.0, 'w_Delta_u': 1000.0, 'w_u': 0.001}","[0.001, 1000.0, 1000.0]"
60.0,point_049,49,2026-08-07T04:04:01.731411+00:00,text_log_final_line,0.0004447463822933736,0.2826559205487775,13,results/poly_d2_o6/points/point_049/war.json,war_realad_weight_grid_v1,True,True,ok,results/poly_d2_o6/points/point_049/war.log,0.0004408762911897055,war,war,0.28280434623001455,complete,71,poly_d2_o6,"['1e-2', '1e-3', '1e-3']","{'w_Delta2_u': 0.001, 'w_Delta_u': 0.001, 'w_u': 0.01}","[0.01, 0.001, 0.001]"
60.0,point_049,49,2026-08-07T04:05:12.517532+00:00,text_log_final_line,0.08256944315277132,1.7701997391147073,13,results/poly_d2_o6/points/point_049/real_tanh_autodiff.json,war_realad_weight_grid_v1,True,True,ok,results/poly_d2_o6/points/point_049/real_tanh_autodiff.log,0.08170339943787919,realad,real_tanh_autodiff,1.7585070322838618,complete,63,poly_d2_o6,"['1e-2', '1e-3', '1e-3']","{'w_Delta2_u': 0.001, 'w_Delta_u': 0.001, 'w_u': 0.01}","[0.01, 0.001, 0.001]"
60.0,point_050,50,2026-08-07T04:06:16.775740+00:00,text_log_final_line,0.0005239784720061983,0.27832452633049254,13,results/poly_d2_o6/points/point_050/war.json,war_realad_weight_grid_v1,True,True,ok,results/poly_d2_o6/points/point_050/war.log,0.0005199319202592379,war,war,0.2784749550755142,complete,71,poly_d2_o6,"['1e-2', '1e-3', '1e-2']","{'w_Delta2_u': 0.01, 'w_Delta_u': 0.001, 'w_u': 0.01}","[0.01, 0.001, 0.01]"
60.0,point_050,50,2026-08-07T04:07:20.291404+00:00,text_log_final_line,0.08155164546133706,1.7679129721943219,13,results/poly_d2_o6/points/point_050/real_tanh_autodiff.json,war_realad_weight_grid_v1,True,True,ok,results/poly_d2_o6/points/point_050/real_tanh_autodiff.log,0.08067474294268848,realad,real_tanh_autodiff,1.7561073959954285,complete,63,poly_d2_o6,"['1e-2', '1e-3', '1e-2']","{'w_Delta2_u': 0.01, 'w_Delta_u': 0.001, 'w_u': 0.01}","[0.01, 0.001, 0.01]"
60.0,point_051,51,2026-08-07T04:08:24.145776+00:00,text_log_final_line,0.000647723890441489,0.24822572125765743,13,results/poly_d2_o6/points/point_051/war.json,war_realad_weight_grid_v1,True,True,ok,results/poly_d2_o6/points/point_051/war.log,0.0006433142610248557,war,war,0.24826151069807592,complete,71,poly_d2_o6,"['1e-2', '1e-3', '1e-1']","{'w_Delta2_u': 0.1, 'w_Delta_u': 0.001, 'w_u': 0.01}","[0.01, 0.001, 0.1]"
60.0,point_051,51,2026-08-07T04:09:28.087493+00:00,text_log_final_line,0.08357410340520052,1.7275408375706793,13,results/poly_d2_o6/points/point_051/real_tanh_autodiff.json,war_realad_weight_grid_v1,True,True,ok,results/poly_d2_o6/points/point_051/real_tanh_autodiff.log,0.08270955289268413,realad,real_tanh_autodiff,1.7161170586913284,complete,63,poly_d2_o6,"['1e-2', '1e-3', '1e-1']","{'w_Delta2_u': 0.1, 'w_Delta_u': 0.001, 'w_u': 0.01}","[0.01, 0.001, 0.1]"
60.0,point_052,52,2026-08-07T04:10:31.865630+00:00,text_log_final_line,0.0003038160726709525,0.2142961260214386,13,results/poly_d2_o6/points/point_052/war.json,war_realad_weight_grid_v1,True,True,ok,results/poly_d2_o6/points/point_052/war.log,0.00030172321398051825,war,war,0.21371928968318854,complete,71,poly_d2_o6,"['1e-2', '1e-3', '1e+0']","{'w_Delta2_u': 1.0, 'w_Delta_u': 0.001, 'w_u': 0.01}","[0.01, 0.001, 1.0]"
60.0,point_052,52,2026-08-07T04:11:35.761541+00:00,text_log_final_line,0.08785131478703755,1.4858964468348612,13,results/poly_d2_o6/points/point_052/real_tanh_autodiff.json,war_realad_weight_grid_v1,True,True,ok,results/poly_d2_o6/points/point_052/real_tanh_autodiff.log,0.08695672767582205,realad,real_tanh_autodiff,1.475978580786388,complete,63,poly_d2_o6,"['1e-2', '1e-3', '1e+0']","{'w_Delta2_u': 1.0, 'w_Delta_u': 0.001, 'w_u': 0.01}","[0.01, 0.001, 1.0]"
60.0,point_053,53,2026-08-07T04:12:39.650149+00:00,text_log_final_line,0.0002970271752936256,0.24798696427232367,13,results/poly_d2_o6/points/point_053/war.json,war_realad_weight_grid_v1,True,True,ok,results/poly_d2_o6/points/point_053/war.log,0.0002938370150455832,war,war,0.24720415204674967,complete,71,poly_d2_o6,"['1e-2', '1e-3', '1e+1']","{'w_Delta2_u': 10.0, 'w_Delta_u': 0.001, 'w_u': 0.01}","[0.01, 0.001, 10.0]"
60.0,point_053,53,2026-08-07T04:13:43.529175+00:00,text_log_final_line,0.0907060206874389,1.0292061605755551,13,results/poly_d2_o6/points/point_053/real_tanh_autodiff.json,war_realad_weight_grid_v1,True,True,ok,results/poly_d2_o6/points/point_053/real_tanh_autodiff.log,0.08970984656474981,realad,real_tanh_autodiff,1.0222392433948848,complete,63,poly_d2_o6,"['1e-2', '1e-3', '1e+1']","{'w_Delta2_u': 10.0, 'w_Delta_u': 0.001, 'w_u': 0.01}","[0.01, 0.001, 10.0]"
60.0,point_054,54,2026-08-07T04:14:47.306387+00:00,text_log_final_line,0.0021101088701355325,0.5187450114200904,13,results/poly_d2_o6/points/point_054/war.json,war_realad_weight_grid_v1,True,True,ok,results/poly_d2_o6/points/point_054/war.log,0.0020617803118415426,war,war,0.5167141502229305,complete,71,poly_d2_o6,"['1e-2', '1e-3', '1e+2']","{'w_Delta2_u': 100.0, 'w_Delta_u': 0.001, 'w_u': 0.01}","[0.01, 0.001, 100.0]"
60.0,point_054,54,2026-08-07T04:15:50.719721+00:00,text_log_final_line,0.07101146229659491,0.5078674486083573,13,results/poly_d2_o6/points/point_054/real_tanh_autodiff.json,war_realad_weight_grid_v1,True,True,ok,results/poly_d2_o6/points/point_054/real_tanh_autodiff.log,0.06992485149071846,realad,real_tanh_autodiff,0.49964614666211676,complete,63,poly_d2_o6,"['1e-2', '1e-3', '1e+2']","{'w_Delta2_u': 100.0, 'w_Delta_u': 0.001, 'w_u': 0.01}","[0.01, 0.001, 100.0]"
60.0,point_055,55,2026-08-07T04:16:54.709619+00:00,text_log_final_line,0.21875436044242066,0.9466806369927467,13,results/poly_d2_o6/points/point_055/war.json,war_realad_weight_grid_v1,True,True,ok,results/poly_d2_o6/points/point_055/war.log,0.2186129419147938,war,war,0.9468261277864557,complete,71,poly_d2_o6,"['1e-2', '1e-3', '1e+3']","{'w_Delta2_u': 1000.0, 'w_Delta_u': 0.001, 'w_u': 0.01}","[0.01, 0.001, 1000.0]"
60.0,point_055,55,2026-08-07T04:17:58.755257+00:00,text_log_final_line,0.153132092117637,0.7406081481940897,13,results/poly_d2_o6/points/point_055/real_tanh_autodiff.json,war_realad_weight_grid_v1,True,True,ok,results/poly_d2_o6/points/point_055/real_tanh_autodiff.log,0.1521146240474843,realad,real_tanh_autodiff,0.7388078255676239,complete,63,poly_d2_o6,"['1e-2', '1e-3', '1e+3']","{'w_Delta2_u': 1000.0, 'w_Delta_u': 0.001, 'w_u': 0.01}","[0.01, 0.001, 1000.0]"
60.0,point_056,56,2026-08-07T04:19:03.163198+00:00,text_log_final_line,0.0005468286066593041,0.2642615250662234,13,results/poly_d2_o6/points/point_056/war.json,war_realad_weight_grid_v1,True,True,ok,results/poly_d2_o6/points/point_056/war.log,0.0005427953920001586,war,war,0.2643146195185164,complete,71,poly_d2_o6,"['1e-2', '1e-2', '1e-3']","{'w_Delta2_u': 0.001, 'w_Delta_u': 0.01, 'w_u': 0.01}","[0.01, 0.01, 0.001]"
60.0,point_056,56,2026-08-07T04:20:09.361789+00:00,text_log_final_line,0.08216654248995604,1.7285801279488269,13,results/poly_d2_o6/points/point_056/real_tanh_autodiff.json,war_realad_weight_grid_v1,True,True,ok,results/poly_d2_o6/points/point_056/real_tanh_autodiff.log,0.08128707495204396,realad,real_tanh_autodiff,1.7169323258679274,complete,63,poly_d2_o6,"['1e-2', '1e-2', '1e-3']","{'w_Delta2_u': 0.001, 'w_Delta_u': 0.01, 'w_u': 0.01}","[0.01, 0.01, 0.001]"
60.0,point_057,57,2026-08-07T04:21:13.466563+00:00,text_log_final_line,0.0006059039311234511,0.260125828800885,13,results/poly_d2_o6/points/point_057/war.json,war_realad_weight_grid_v1,True,True,ok,results/poly_d2_o6/points/point_057/war.log,0.0006017049382007029,war,war,0.2601839677400881,complete,71,poly_d2_o6,"['1e-2', '1e-2', '1e-2']","{'w_Delta2_u': 0.01, 'w_Delta_u': 0.01, 'w_u': 0.01}","[0.01, 0.01, 0.01]"
60.0,point_057,57,2026-08-07T04:22:17.660758+00:00,text_log_final_line,0.08110872895296523,1.7242755000459014,13,results/poly_d2_o6/points/point_057/real_tanh_autodiff.json,war_realad_weight_grid_v1,True,True,ok,results/poly_d2_o6/points/point_057/real_tanh_autodiff.log,0.08022046105673114,realad,real_tanh_autodiff,1.7126254139993267,complete,64,poly_d2_o6,"['1e-2', '1e-2', '1e-2']","{'w_Delta2_u': 0.01, 'w_Delta_u': 0.01, 'w_u': 0.01}","[0.01, 0.01, 0.01]"
60.0,point_058,58,2026-08-07T04:23:21.591628+00:00,text_log_final_line,0.0006616203567585414,0.2322789587163358,13,results/poly_d2_o6/points/point_058/war.json,war_realad_weight_grid_v1,True,True,ok,results/poly_d2_o6/points/point_058/war.log,0.0006571026622807589,war,war,0.2322521854521609,complete,71,poly_d2_o6,"['1e-2', '1e-2', '1e-1']","{'w_Delta2_u': 0.1, 'w_Delta_u': 0.01, 'w_u': 0.01}","[0.01, 0.01, 0.1]"
60.0,point_058,58,2026-08-07T04:24:25.834818+00:00,text_log_final_line,0.08198299288834834,1.686567305682781,13,results/poly_d2_o6/points/point_058/real_tanh_autodiff.json,war_realad_weight_grid_v1,True,True,ok,results/poly_d2_o6/points/point_058/real_tanh_autodiff.log,0.08109535502532494,realad,real_tanh_autodiff,1.675127708832131,complete,64,poly_d2_o6,"['1e-2', '1e-2', '1e-1']","{'w_Delta2_u': 0.1, 'w_Delta_u': 0.01, 'w_u': 0.01}","[0.01, 0.01, 0.1]"
60.0,point_059,59,2026-08-07T04:25:29.821520+00:00,text_log_final_line,0.00032585090288581785,0.20895570411111983,13,results/poly_d2_o6/points/point_059/war.json,war_realad_weight_grid_v1,True,True,ok,results/poly_d2_o6/points/point_059/war.log,0.00032371101937846245,war,war,0.2083889409326316,complete,71,poly_d2_o6,"['1e-2', '1e-2', '1e+0']","{'w_Delta2_u': 1.0, 'w_Delta_u': 0.01, 'w_u': 0.01}","[0.01, 0.01, 1.0]"
60.0,point_059,59,2026-08-07T04:26:33.254439+00:00,text_log_final_line,0.08737170143161022,1.4566625819593337,13,results/poly_d2_o6/points/point_059/real_tanh_autodiff.json,war_realad_weight_grid_v1,True,True,ok,results/poly_d2_o6/points/point_059/real_tanh_autodiff.log,0.08646685730030387,realad,real_tanh_autodiff,1.446738271162224,complete,63,poly_d2_o6,"['1e-2', '1e-2', '1e+0']","{'w_Delta2_u': 1.0, 'w_Delta_u': 0.01, 'w_u': 0.01}","[0.01, 0.01, 1.0]"
60.0,point_060,60,2026-08-07T04:27:37.307261+00:00,text_log_final_line,0.00032019500335895987,0.2444325586696447,13,results/poly_d2_o6/points/point_060/war.json,war_realad_weight_grid_v1,True,True,ok,results/poly_d2_o6/points/point_060/war.log,0.0003169291790412977,war,war,0.2436655852236829,complete,71,poly_d2_o6,"['1e-2', '1e-2', '1e+1']","{'w_Delta2_u': 10.0, 'w_Delta_u': 0.01, 'w_u': 0.01}","[0.01, 0.01, 10.0]"
60.0,point_060,60,2026-08-07T04:28:40.876826+00:00,text_log_final_line,0.08998762702363879,1.0198414613608309,13,results/poly_d2_o6/points/point_060/real_tanh_autodiff.json,war_realad_weight_grid_v1,True,True,ok,results/poly_d2_o6/points/point_060/real_tanh_autodiff.log,0.08898883786959381,realad,real_tanh_autodiff,1.0128533962360808,complete,63,poly_d2_o6,"['1e-2', '1e-2', '1e+1']","{'w_Delta2_u': 10.0, 'w_Delta_u': 0.01, 'w_u': 0.01}","[0.01, 0.01, 10.0]"
60.0,point_061,61,2026-08-07T04:29:44.706723+00:00,text_log_final_line,0.0021476981652530838,0.5153488913522241,13,results/poly_d2_o6/points/point_061/war.json,war_realad_weight_grid_v1,True,True,ok,results/poly_d2_o6/points/point_061/war.log,0.0020985790635972544,war,war,0.5133635820180782,complete,71,poly_d2_o6,"['1e-2', '1e-2', '1e+2']","{'w_Delta2_u': 100.0, 'w_Delta_u': 0.01, 'w_u': 0.01}","[0.01, 0.01, 100.0]"
60.0,point_061,61,2026-08-07T04:30:48.882956+00:00,text_log_final_line,0.0693835903670591,0.5073999449159606,13,results/poly_d2_o6/points/point_061/real_tanh_autodiff.json,war_realad_weight_grid_v1,True,True,ok,results/poly_d2_o6/points/point_061/real_tanh_autodiff.log,0.06834136091777772,realad,real_tanh_autodiff,0.49919486068774627,complete,64,poly_d2_o6,"['1e-2', '1e-2', '1e+2']","{'w_Delta2_u': 100.0, 'w_Delta_u': 0.01, 'w_u': 0.01}","[0.01, 0.01, 100.0]"
60.0,point_062,62,2026-08-07T04:31:52.621382+00:00,text_log_final_line,0.21875221717261767,0.9466685044312496,13,results/poly_d2_o6/points/point_062/war.json,war_realad_weight_grid_v1,True,True,ok,results/poly_d2_o6/points/point_062/war.log,0.21861081357816767,war,war,0.9468140102897681,complete,71,poly_d2_o6,"['1e-2', '1e-2', '1e+3']","{'w_Delta2_u': 1000.0, 'w_Delta_u': 0.01, 'w_u': 0.01}","[0.01, 0.01, 1000.0]"
60.0,point_062,62,2026-08-07T04:32:56.004549+00:00,text_log_final_line,0.150510705169217,0.723527202378398,13,results/poly_d2_o6/points/point_062/real_tanh_autodiff.json,war_realad_weight_grid_v1,True,True,ok,results/poly_d2_o6/points/point_062/real_tanh_autodiff.log,0.1494287127216165,realad,real_tanh_autodiff,0.7221514748307232,complete,63,poly_d2_o6,"['1e-2', '1e-2', '1e+3']","{'w_Delta2_u': 1000.0, 'w_Delta_u': 0.01, 'w_u': 0.01}","[0.01, 0.01, 1000.0]"
60.0,point_063,63,2026-08-07T04:34:00.362311+00:00,text_log_final_line,0.000581260194761567,0.15948159013214155,13,results/poly_d2_o6/points/point_063/war.json,war_realad_weight_grid_v1,True,True,ok,results/poly_d2_o6/points/point_063/war.log,0.0005754538120446284,war,war,0.15919441217014413,complete,71,poly_d2_o6,"['1e-2', '1e-1', '1e-3']","{'w_Delta2_u': 0.001, 'w_Delta_u': 0.1, 'w_u': 0.01}","[0.01, 0.1, 0.001]"
60.0,point_063,63,2026-08-07T04:35:10.968362+00:00,text_log_final_line,0.08804776727037272,1.3597183168166171,13,results/poly_d2_o6/points/point_063/real_tanh_autodiff.json,war_realad_weight_grid_v1,True,True,ok,results/poly_d2_o6/points/point_063/real_tanh_autodiff.log,0.08713254455005434,realad,real_tanh_autodiff,1.3497777678480034,complete,63,poly_d2_o6,"['1e-2', '1e-1', '1e-3']","{'w_Delta2_u': 0.001, 'w_Delta_u': 0.1, 'w_u': 0.01}","[0.01, 0.1, 0.001]"
60.0,point_064,64,2026-08-07T04:36:14.821997+00:00,text_log_final_line,0.0005889812320947859,0.15880803041209424,13,results/poly_d2_o6/points/point_064/war.json,war_realad_weight_grid_v1,True,True,ok,results/poly_d2_o6/points/point_064/war.log,0.0005831774665610678,war,war,0.15851413551003432,complete,71,poly_d2_o6,"['1e-2', '1e-1', '1e-2']","{'w_Delta2_u': 0.01, 'w_Delta_u': 0.1, 'w_u': 0.01}","[0.01, 0.1, 0.01]"
60.0,point_064,64,2026-08-07T04:37:18.617279+00:00,text_log_final_line,0.08804554934186272,1.3571112770654146,13,results/poly_d2_o6/points/point_064/real_tanh_autodiff.json,war_realad_weight_grid_v1,True,True,ok,results/poly_d2_o6/points/point_064/real_tanh_autodiff.log,0.08713025994915508,realad,real_tanh_autodiff,1.3471818133459852,complete,63,poly_d2_o6,"['1e-2', '1e-1', '1e-2']","{'w_Delta2_u': 0.01, 'w_Delta_u': 0.1, 'w_u': 0.01}","[0.01, 0.1, 0.01]"
60.0,point_065,65,2026-08-07T04:38:22.392130+00:00,text_log_final_line,0.0005519758926285474,0.15738082524291708,13,results/poly_d2_o6/points/point_065/war.json,war_realad_weight_grid_v1,True,True,ok,results/poly_d2_o6/points/point_065/war.log,0.0005467856762862952,war,war,0.1570465912404847,complete,71,poly_d2_o6,"['1e-2', '1e-1', '1e-1']","{'w_Delta2_u': 0.1, 'w_Delta_u': 0.1, 'w_u': 0.01}","[0.01, 0.1, 0.1]"
60.0,point_065,65,2026-08-07T04:39:26.696806+00:00,text_log_final_line,0.08757923150751543,1.3315918058837308,13,results/poly_d2_o6/points/point_065/real_tanh_autodiff.json,war_realad_weight_grid_v1,True,True,ok,results/poly_d2_o6/points/point_065/real_tanh_autodiff.log,0.08665488338479467,realad,real_tanh_autodiff,1.32175954388671,complete,64,poly_d2_o6,"['1e-2', '1e-1', '1e-1']","{'w_Delta2_u': 0.1, 'w_Delta_u': 0.1, 'w_u': 0.01}","[0.01, 0.1, 0.1]"
60.0,point_066,66,2026-08-07T04:40:30.669943+00:00,text_log_final_line,0.00043627397692973724,0.17330894772242256,13,results/poly_d2_o6/points/point_066/war.json,war_realad_weight_grid_v1,True,True,ok,results/poly_d2_o6/points/point_066/war.log,0.0004334290643680621,war,war,0.17290438305280448,complete,71,poly_d2_o6,"['1e-2', '1e-1', '1e+0']","{'w_Delta2_u': 1.0, 'w_Delta_u': 0.1, 'w_u': 0.01}","[0.01, 0.1, 1.0]"
60.0,point_066,66,2026-08-07T04:41:34.435146+00:00,text_log_final_line,0.09259053098138076,1.19920619055918,13,results/poly_d2_o6/points/point_066/real_tanh_autodiff.json,war_realad_weight_grid_v1,True,True,ok,results/poly_d2_o6/points/point_066/real_tanh_autodiff.log,0.09167442477710785,realad,real_tanh_autodiff,1.1904092731443852,complete,63,poly_d2_o6,"['1e-2', '1e-1', '1e+0']","{'w_Delta2_u': 1.0, 'w_Delta_u': 0.1, 'w_u': 0.01}","[0.01, 0.1, 1.0]"
60.0,point_067,67,2026-08-07T04:42:38.195052+00:00,text_log_final_line,0.00045988144037445867,0.22007017140601692,13,results/poly_d2_o6/points/point_067/war.json,war_realad_weight_grid_v1,True,True,ok,results/poly_d2_o6/points/point_067/war.log,0.00045666859204557156,war,war,0.21948781378634377,complete,71,poly_d2_o6,"['1e-2', '1e-1', '1e+1']","{'w_Delta2_u': 10.0, 'w_Delta_u': 0.1, 'w_u': 0.01}","[0.01, 0.1, 10.0]"
60.0,point_067,67,2026-08-07T04:43:42.508413+00:00,text_log_final_line,0.09142203939638502,0.8879206005701499,13,results/poly_d2_o6/points/point_067/real_tanh_autodiff.json,war_realad_weight_grid_v1,True,True,ok,results/poly_d2_o6/points/point_067/real_tanh_autodiff.log,0.0904278114772375,realad,real_tanh_autodiff,0.8815506924797228,complete,64,poly_d2_o6,"['1e-2', '1e-1', '1e+1']","{'w_Delta2_u': 10.0, 'w_Delta_u': 0.1, 'w_u': 0.01}","[0.01, 0.1, 10.0]"
60.0,point_068,68,2026-08-07T04:44:46.271440+00:00,text_log_final_line,0.0024231619934873784,0.4888169742122801,13,results/poly_d2_o6/points/point_068/war.json,war_realad_weight_grid_v1,True,True,ok,results/poly_d2_o6/points/point_068/war.log,0.0023699060939078812,war,war,0.4872189083730692,complete,71,poly_d2_o6,"['1e-2', '1e-1', '1e+2']","{'w_Delta2_u': 100.0, 'w_Delta_u': 0.1, 'w_u': 0.01}","[0.01, 0.1, 100.0]"
60.0,point_068,68,2026-08-07T04:45:50.920550+00:00,text_log_final_line,0.07210279766895675,0.4943395438473155,13,results/poly_d2_o6/points/point_068/real_tanh_autodiff.json,war_realad_weight_grid_v1,True,True,ok,results/poly_d2_o6/points/point_068/real_tanh_autodiff.log,0.0710432159347621,realad,real_tanh_autodiff,0.4861025263497893,complete,64,poly_d2_o6,"['1e-2', '1e-1', '1e+2']","{'w_Delta2_u': 100.0, 'w_Delta_u': 0.1, 'w_u': 0.01}","[0.01, 0.1, 100.0]"
60.0,point_069,69,2026-08-07T04:46:54.668914+00:00,text_log_final_line,0.2187616777131515,0.9466421580591304,13,results/poly_d2_o6/points/point_069/war.json,war_realad_weight_grid_v1,True,True,ok,results/poly_d2_o6/points/point_069/war.log,0.21862041347765485,war,war,0.9467874805011585,complete,71,poly_d2_o6,"['1e-2', '1e-1', '1e+3']","{'w_Delta2_u': 1000.0, 'w_Delta_u': 0.1, 'w_u': 0.01}","[0.01, 0.1, 1000.0]"
60.0,point_069,69,2026-08-07T04:47:58.351205+00:00,text_log_final_line,0.15364587448649963,0.7392459378670434,13,results/poly_d2_o6/points/point_069/real_tanh_autodiff.json,war_realad_weight_grid_v1,True,True,ok,results/poly_d2_o6/points/point_069/real_tanh_autodiff.log,0.15266080666205958,realad,real_tanh_autodiff,0.7376390461737824,complete,63,poly_d2_o6,"['1e-2', '1e-1', '1e+3']","{'w_Delta2_u': 1000.0, 'w_Delta_u': 0.1, 'w_u': 0.01}","[0.01, 0.1, 1000.0]"
60.0,point_070,70,2026-08-07T04:49:02.116564+00:00,text_log_final_line,0.0002258952757274405,0.2076082701972349,13,results/poly_d2_o6/points/point_070/war.json,war_realad_weight_grid_v1,True,True,ok,results/poly_d2_o6/points/point_070/war.log,0.00022344661726458152,war,war,0.2072947470551775,complete,71,poly_d2_o6,"['1e-2', '1e+0', '1e-3']","{'w_Delta2_u': 0.001, 'w_Delta_u': 1.0, 'w_u': 0.01}","[0.01, 1.0, 0.001]"
60.0,point_070,70,2026-08-07T04:50:09.192935+00:00,text_log_final_line,0.09053142355595376,0.8043153924985935,13,results/poly_d2_o6/points/point_070/real_tanh_autodiff.json,war_realad_weight_grid_v1,True,True,ok,results/poly_d2_o6/points/point_070/real_tanh_autodiff.log,0.08924560526511684,realad,real_tanh_autodiff,0.7972490807226841,complete,63,poly_d2_o6,"['1e-2', '1e+0', '1e-3']","{'w_Delta2_u': 0.001, 'w_Delta_u': 1.0, 'w_u': 0.01}","[0.01, 1.0, 0.001]"
60.0,point_071,71,2026-08-07T04:51:13.164687+00:00,text_log_final_line,0.0002532279477886306,0.20396704153284884,13,results/poly_d2_o6/points/point_071/war.json,war_realad_weight_grid_v1,True,True,ok,results/poly_d2_o6/points/point_071/war.log,0.0002507666775156119,war,war,0.20366107917592263,complete,71,poly_d2_o6,"['1e-2', '1e+0', '1e-2']","{'w_Delta2_u': 0.01, 'w_Delta_u': 1.0, 'w_u': 0.01}","[0.01, 1.0, 0.01]"
60.0,point_071,71,2026-08-07T04:52:17.271925+00:00,text_log_final_line,0.08602389919367137,0.8651626364508987,13,results/poly_d2_o6/points/point_071/real_tanh_autodiff.json,war_realad_weight_grid_v1,True,True,ok,results/poly_d2_o6/points/point_071/real_tanh_autodiff.log,0.08474204684044183,realad,real_tanh_autodiff,0.8575601744545684,complete,64,poly_d2_o6,"['1e-2', '1e+0', '1e-2']","{'w_Delta2_u': 0.01, 'w_Delta_u': 1.0, 'w_u': 0.01}","[0.01, 1.0, 0.01]"
60.0,point_072,72,2026-08-07T04:53:21.050771+00:00,text_log_final_line,0.00041615963644125325,0.182132443174742,13,results/poly_d2_o6/points/point_072/war.json,war_realad_weight_grid_v1,True,True,ok,results/poly_d2_o6/points/point_072/war.log,0.0004134753169752504,war,war,0.18184799720918104,complete,71,poly_d2_o6,"['1e-2', '1e+0', '1e-1']","{'w_Delta2_u': 0.1, 'w_Delta_u': 1.0, 'w_u': 0.01}","[0.01, 1.0, 0.1]"
60.0,point_072,72,2026-08-07T04:54:24.446203+00:00,text_log_final_line,0.08743057789395206,0.8223668369121273,13,results/poly_d2_o6/points/point_072/real_tanh_autodiff.json,war_realad_weight_grid_v1,True,True,ok,results/poly_d2_o6/points/point_072/real_tanh_autodiff.log,0.08743057789395206,realad,real_tanh_autodiff,0.8223668369121273,complete,63,poly_d2_o6,"['1e-2', '1e+0', '1e-1']","{'w_Delta2_u': 0.1, 'w_Delta_u': 1.0, 'w_u': 0.01}","[0.01, 1.0, 0.1]"
60.0,point_073,73,2026-08-07T04:55:28.244150+00:00,text_log_final_line,0.0005639877352349516,0.10453867298315674,13,results/poly_d2_o6/points/point_073/war.json,war_realad_weight_grid_v1,True,True,ok,results/poly_d2_o6/points/point_073/war.log,0.0005590637876434617,war,war,0.10449782354706005,complete,71,poly_d2_o6,"['1e-2', '1e+0', '1e+0']","{'w_Delta2_u': 1.0, 'w_Delta_u': 1.0, 'w_u': 0.01}","[0.01, 1.0, 1.0]"
60.0,point_073,73,2026-08-07T04:56:32.843258+00:00,text_log_final_line,0.08916704757642066,0.8084460445811011,13,results/poly_d2_o6/points/point_073/real_tanh_autodiff.json,war_realad_weight_grid_v1,True,True,ok,results/poly_d2_o6/points/point_073/real_tanh_autodiff.log,0.08794991568861385,realad,real_tanh_autodiff,0.8012437455849966,complete,64,poly_d2_o6,"['1e-2', '1e+0', '1e+0']","{'w_Delta2_u': 1.0, 'w_Delta_u': 1.0, 'w_u': 0.01}","[0.01, 1.0, 1.0]"
60.0,point_074,74,2026-08-07T04:57:36.750724+00:00,text_log_final_line,0.0005517061678808481,0.17276011552476414,13,results/poly_d2_o6/points/point_074/war.json,war_realad_weight_grid_v1,True,True,ok,results/poly_d2_o6/points/point_074/war.log,0.0005465139125320778,war,war,0.17254100290857968,complete,71,poly_d2_o6,"['1e-2', '1e+0', '1e+1']","{'w_Delta2_u': 10.0, 'w_Delta_u': 1.0, 'w_u': 0.01}","[0.01, 1.0, 10.0]"
60.0,point_074,74,2026-08-07T04:58:40.544650+00:00,text_log_final_line,0.09587360761424711,0.5887404643872223,13,results/poly_d2_o6/points/point_074/real_tanh_autodiff.json,war_realad_weight_grid_v1,True,True,ok,results/poly_d2_o6/points/point_074/real_tanh_autodiff.log,0.09471736459000481,realad,real_tanh_autodiff,0.5834054948450841,complete,63,poly_d2_o6,"['1e-2', '1e+0', '1e+1']","{'w_Delta2_u': 10.0, 'w_Delta_u': 1.0, 'w_u': 0.01}","[0.01, 1.0, 10.0]"
60.0,point_075,75,2026-08-07T04:59:44.325779+00:00,text_log_final_line,0.00370401671170302,0.46542243686729046,13,results/poly_d2_o6/points/point_075/war.json,war_realad_weight_grid_v1,True,True,ok,results/poly_d2_o6/points/point_075/war.log,0.003640376850548668,war,war,0.4645027026483972,complete,71,poly_d2_o6,"['1e-2', '1e+0', '1e+2']","{'w_Delta2_u': 100.0, 'w_Delta_u': 1.0, 'w_u': 0.01}","[0.01, 1.0, 100.0]"
60.0,point_075,75,2026-08-07T05:00:47.794613+00:00,text_log_final_line,0.08755975471979247,0.7424322707464356,13,results/poly_d2_o6/points/point_075/real_tanh_autodiff.json,war_realad_weight_grid_v1,True,True,ok,results/poly_d2_o6/points/point_075/real_tanh_autodiff.log,0.08632860798154782,realad,real_tanh_autodiff,0.7360512266862143,complete,62,poly_d2_o6,"['1e-2', '1e+0', '1e+2']","{'w_Delta2_u': 100.0, 'w_Delta_u': 1.0, 'w_u': 0.01}","[0.01, 1.0, 100.0]"
60.0,point_076,76,2026-08-07T05:01:51.812310+00:00,text_log_final_line,0.21888848560707533,0.946539493655767,13,results/poly_d2_o6/points/point_076/war.json,war_realad_weight_grid_v1,True,True,ok,results/poly_d2_o6/points/point_076/war.log,0.2187485661556798,war,war,0.9466815210030036,complete,71,poly_d2_o6,"['1e-2', '1e+0', '1e+3']","{'w_Delta2_u': 1000.0, 'w_Delta_u': 1.0, 'w_u': 0.01}","[0.01, 1.0, 1000.0]"
60.0,point_076,76,2026-08-07T05:02:56.019429+00:00,text_log_final_line,0.1584959872957182,0.7720236401328053,13,results/poly_d2_o6/points/point_076/real_tanh_autodiff.json,war_realad_weight_grid_v1,True,True,ok,results/poly_d2_o6/points/point_076/real_tanh_autodiff.log,0.15758017555740614,realad,real_tanh_autodiff,0.7706575534439207,complete,63,poly_d2_o6,"['1e-2', '1e+0', '1e+3']","{'w_Delta2_u': 1000.0, 'w_Delta_u': 1.0, 'w_u': 0.01}","[0.01, 1.0, 1000.0]"
60.0,point_077,77,2026-08-07T05:03:59.871293+00:00,text_log_final_line,0.00030201451275735196,0.2982938342921968,13,results/poly_d2_o6/points/point_077/war.json,war_realad_weight_grid_v1,True,True,ok,results/poly_d2_o6/points/point_077/war.log,0.000299476398983661,war,war,0.29761549624091327,complete,71,poly_d2_o6,"['1e-2', '1e+1', '1e-3']","{'w_Delta2_u': 0.001, 'w_Delta_u': 10.0, 'w_u': 0.01}","[0.01, 10.0, 0.001]"
60.0,point_077,77,2026-08-07T05:05:03.663688+00:00,text_log_final_line,0.06553193224391016,1.671931261406091,13,results/poly_d2_o6/points/point_077/real_tanh_autodiff.json,war_realad_weight_grid_v1,True,True,ok,results/poly_d2_o6/points/point_077/real_tanh_autodiff.log,0.06431565022537691,realad,real_tanh_autodiff,1.6657947682982264,complete,63,poly_d2_o6,"['1e-2', '1e+1', '1e-3']","{'w_Delta2_u': 0.001, 'w_Delta_u': 10.0, 'w_u': 0.01}","[0.01, 10.0, 0.001]"
60.0,point_078,78,2026-08-07T05:06:10.219219+00:00,text_log_final_line,0.00032861188594760925,0.29555615583337297,13,results/poly_d2_o6/points/point_078/war.json,war_realad_weight_grid_v1,True,True,ok,results/poly_d2_o6/points/point_078/war.log,0.0003260747931545065,war,war,0.2948814922297736,complete,71,poly_d2_o6,"['1e-2', '1e+1', '1e-2']","{'w_Delta2_u': 0.01, 'w_Delta_u': 10.0, 'w_u': 0.01}","[0.01, 10.0, 0.01]"
60.0,point_078,78,2026-08-07T05:07:13.812787+00:00,text_log_final_line,0.06535656494994682,1.6746412463559865,13,results/poly_d2_o6/points/point_078/real_tanh_autodiff.json,war_realad_weight_grid_v1,True,True,ok,results/poly_d2_o6/points/point_078/real_tanh_autodiff.log,0.0641430251432902,realad,real_tanh_autodiff,1.6685221143155937,complete,63,poly_d2_o6,"['1e-2', '1e+1', '1e-2']","{'w_Delta2_u': 0.01, 'w_Delta_u': 10.0, 'w_u': 0.01}","[0.01, 10.0, 0.01]"
60.0,point_079,79,2026-08-07T05:08:18.063522+00:00,text_log_final_line,0.0005022139485183443,0.2723193559270541,13,results/poly_d2_o6/points/point_079/war.json,war_realad_weight_grid_v1,True,True,ok,results/poly_d2_o6/points/point_079/war.log,0.0004994340540692543,war,war,0.2716727421673483,complete,71,poly_d2_o6,"['1e-2', '1e+1', '1e-1']","{'w_Delta2_u': 0.1, 'w_Delta_u': 10.0, 'w_u': 0.01}","[0.01, 10.0, 0.1]"
60.0,point_079,79,2026-08-07T05:09:22.005948+00:00,text_log_final_line,0.06780193202744236,1.6593986787142796,13,results/poly_d2_o6/points/point_079/real_tanh_autodiff.json,war_realad_weight_grid_v1,True,True,ok,results/poly_d2_o6/points/point_079/real_tanh_autodiff.log,0.066578913303161,realad,real_tanh_autodiff,1.6532088849564053,complete,63,poly_d2_o6,"['1e-2', '1e+1', '1e-1']","{'w_Delta2_u': 0.1, 'w_Delta_u': 10.0, 'w_u': 0.01}","[0.01, 10.0, 0.1]"
60.0,point_080,80,2026-08-07T05:10:26.064323+00:00,text_log_final_line,0.0004429420032841151,0.17973857011182015,13,results/poly_d2_o6/points/point_080/war.json,war_realad_weight_grid_v1,True,True,ok,results/poly_d2_o6/points/point_080/war.log,0.00043849240393933046,war,war,0.17932207716409346,complete,71,poly_d2_o6,"['1e-2', '1e+1', '1e+0']","{'w_Delta2_u': 1.0, 'w_Delta_u': 10.0, 'w_u': 0.01}","[0.01, 10.0, 1.0]"
60.0,point_080,80,2026-08-07T05:11:30.034290+00:00,text_log_final_line,0.07297466107220615,1.68475204960923,13,results/poly_d2_o6/points/point_080/real_tanh_autodiff.json,war_realad_weight_grid_v1,True,True,ok,results/poly_d2_o6/points/point_080/real_tanh_autodiff.log,0.07182676578549368,realad,real_tanh_autodiff,1.67881598709357,complete,63,poly_d2_o6,"['1e-2', '1e+1', '1e+0']","{'w_Delta2_u': 1.0, 'w_Delta_u': 10.0, 'w_u': 0.01}","[0.01, 10.0, 1.0]"
60.0,point_081,81,2026-08-07T05:12:33.831987+00:00,text_log_final_line,0.0004287357913268342,0.16074218077897975,13,results/poly_d2_o6/points/point_081/war.json,war_realad_weight_grid_v1,True,True,ok,results/poly_d2_o6/points/point_081/war.log,0.0004225927124377473,war,war,0.1605966283640907,complete,71,poly_d2_o6,"['1e-2', '1e+1', '1e+1']","{'w_Delta2_u': 10.0, 'w_Delta_u': 10.0, 'w_u': 0.01}","[0.01, 10.0, 10.0]"
60.0,point_081,81,2026-08-07T05:13:38.315840+00:00,text_log_final_line,0.09317517151291392,1.698618950949272,13,results/poly_d2_o6/points/point_081/real_tanh_autodiff.json,war_realad_weight_grid_v1,True,True,ok,results/poly_d2_o6/points/point_081/real_tanh_autodiff.log,0.09219634016487271,realad,real_tanh_autodiff,1.6934286227636013,complete,63,poly_d2_o6,"['1e-2', '1e+1', '1e+1']","{'w_Delta2_u': 10.0, 'w_Delta_u': 10.0, 'w_u': 0.01}","[0.01, 10.0, 10.0]"
60.0,point_082,82,2026-08-07T05:14:42.136400+00:00,text_log_final_line,0.0051207145503606374,0.48969705369100197,13,results/poly_d2_o6/points/point_082/war.json,war_realad_weight_grid_v1,True,True,ok,results/poly_d2_o6/points/point_082/war.log,0.00499229350047119,war,war,0.48889925106582227,complete,71,poly_d2_o6,"['1e-2', '1e+1', '1e+2']","{'w_Delta2_u': 100.0, 'w_Delta_u': 10.0, 'w_u': 0.01}","[0.01, 10.0, 100.0]"
60.0,point_082,82,2026-08-07T05:15:46.391997+00:00,text_log_final_line,0.10647060136760242,1.6835348438400308,13,results/poly_d2_o6/points/point_082/real_tanh_autodiff.json,war_realad_weight_grid_v1,True,True,ok,results/poly_d2_o6/points/point_082/real_tanh_autodiff.log,0.10569443893534383,realad,real_tanh_autodiff,1.67849730889606,complete,64,poly_d2_o6,"['1e-2', '1e+1', '1e+2']","{'w_Delta2_u': 100.0, 'w_Delta_u': 10.0, 'w_u': 0.01}","[0.01, 10.0, 100.0]"
60.0,point_083,83,2026-08-07T05:16:50.271955+00:00,text_log_final_line,0.21990065099797992,0.9463780509146679,13,results/poly_d2_o6/points/point_083/war.json,war_realad_weight_grid_v1,True,True,ok,results/poly_d2_o6/points/point_083/war.log,0.21977046259440786,war,war,0.9465008534293468,complete,71,poly_d2_o6,"['1e-2', '1e+1', '1e+3']","{'w_Delta2_u': 1000.0, 'w_Delta_u': 10.0, 'w_u': 0.01}","[0.01, 10.0, 1000.0]"
60.0,point_083,83,2026-08-07T05:17:54.560981+00:00,text_log_final_line,0.16929597933172677,1.0560265940803306,13,results/poly_d2_o6/points/point_083/real_tanh_autodiff.json,war_realad_weight_grid_v1,True,True,ok,results/poly_d2_o6/points/point_083/real_tanh_autodiff.log,0.16851129381443986,realad,real_tanh_autodiff,1.0530150470411717,complete,63,poly_d2_o6,"['1e-2', '1e+1', '1e+3']","{'w_Delta2_u': 1000.0, 'w_Delta_u': 10.0, 'w_u': 0.01}","[0.01, 10.0, 1000.0]"
60.0,point_084,84,2026-08-07T05:19:00.165815+00:00,text_log_final_line,0.0035960227452268103,0.46977823397350366,13,results/poly_d2_o6/points/point_084/war.json,war_realad_weight_grid_v1,True,True,ok,results/poly_d2_o6/points/point_084/war.log,0.0034938893089553644,war,war,0.46778681560679625,complete,71,poly_d2_o6,"['1e-2', '1e+2', '1e-3']","{'w_Delta2_u': 0.001, 'w_Delta_u': 100.0, 'w_u': 0.01}","[0.01, 100.0, 0.001]"
60.0,point_084,84,2026-08-07T05:20:03.669282+00:00,text_log_final_line,0.17782458363608017,1.1819005423900424,13,results/poly_d2_o6/points/point_084/real_tanh_autodiff.json,war_realad_weight_grid_v1,True,True,ok,results/poly_d2_o6/points/point_084/real_tanh_autodiff.log,0.1767379927484753,realad,real_tanh_autodiff,1.177743671530309,complete,62,poly_d2_o6,"['1e-2', '1e+2', '1e-3']","{'w_Delta2_u': 0.001, 'w_Delta_u': 100.0, 'w_u': 0.01}","[0.01, 100.0, 0.001]"
60.0,point_085,85,2026-08-07T05:21:10.449028+00:00,text_log_final_line,0.0037016603526940114,0.46862589779411346,13,results/poly_d2_o6/points/point_085/war.json,war_realad_weight_grid_v1,True,True,ok,results/poly_d2_o6/points/point_085/war.log,0.003599076194897366,war,war,0.46664859620093974,complete,71,poly_d2_o6,"['1e-2', '1e+2', '1e-2']","{'w_Delta2_u': 0.01, 'w_Delta_u': 100.0, 'w_u': 0.01}","[0.01, 100.0, 0.01]"
60.0,point_085,85,2026-08-07T05:22:14.679918+00:00,text_log_final_line,0.17646240324304532,1.1754042372876037,13,results/poly_d2_o6/points/point_085/real_tanh_autodiff.json,war_realad_weight_grid_v1,True,True,ok,results/poly_d2_o6/points/point_085/real_tanh_autodiff.log,0.1754669375521857,realad,real_tanh_autodiff,1.1712254598209295,complete,64,poly_d2_o6,"['1e-2', '1e+2', '1e-2']","{'w_Delta2_u': 0.01, 'w_Delta_u': 100.0, 'w_u': 0.01}","[0.01, 100.0, 0.01]"
60.0,point_086,86,2026-08-07T05:23:18.869095+00:00,text_log_final_line,0.004680269662607959,0.45960516860630557,13,results/poly_d2_o6/points/point_086/war.json,war_realad_weight_grid_v1,True,True,ok,results/poly_d2_o6/points/point_086/war.log,0.0045716591825020105,war,war,0.4577456417226507,complete,71,poly_d2_o6,"['1e-2', '1e+2', '1e-1']","{'w_Delta2_u': 0.1, 'w_Delta_u': 100.0, 'w_u': 0.01}","[0.01, 100.0, 0.1]"
60.0,point_086,86,2026-08-07T05:24:22.600830+00:00,text_log_final_line,0.1771948509162755,1.17612356605737,13,results/poly_d2_o6/points/point_086/real_tanh_autodiff.json,war_realad_weight_grid_v1,True,True,ok,results/poly_d2_o6/points/point_086/real_tanh_autodiff.log,0.1761866869276618,realad,real_tanh_autodiff,1.1719700174561967,complete,63,poly_d2_o6,"['1e-2', '1e+2', '1e-1']","{'w_Delta2_u': 0.1, 'w_Delta_u': 100.0, 'w_u': 0.01}","[0.01, 100.0, 0.1]"
60.0,point_087,87,2026-08-07T05:25:26.475437+00:00,text_log_final_line,0.009201043973778973,0.40483345295238726,13,results/poly_d2_o6/points/point_087/war.json,war_realad_weight_grid_v1,True,True,ok,results/poly_d2_o6/points/point_087/war.log,0.009012922394178715,war,war,0.4036783005921867,complete,71,poly_d2_o6,"['1e-2', '1e+2', '1e+0']","{'w_Delta2_u': 1.0, 'w_Delta_u': 100.0, 'w_u': 0.01}","[0.01, 100.0, 1.0]"
60.0,point_087,87,2026-08-07T05:26:30.468667+00:00,text_log_final_line,0.1778873193139164,1.1754325839626576,13,results/poly_d2_o6/points/point_087/real_tanh_autodiff.json,war_realad_weight_grid_v1,True,True,ok,results/poly_d2_o6/points/point_087/real_tanh_autodiff.log,0.17690659344646584,realad,real_tanh_autodiff,1.1712444689016805,complete,63,poly_d2_o6,"['1e-2', '1e+2', '1e+0']","{'w_Delta2_u': 1.0, 'w_Delta_u': 100.0, 'w_u': 0.01}","[0.01, 100.0, 1.0]"
60.0,point_088,88,2026-08-07T05:27:34.250414+00:00,text_log_final_line,0.010245124322892115,0.3675606730689448,13,results/poly_d2_o6/points/point_088/war.json,war_realad_weight_grid_v1,True,True,ok,results/poly_d2_o6/points/point_088/war.log,0.00982663372914344,war,war,0.3667582166810472,complete,71,poly_d2_o6,"['1e-2', '1e+2', '1e+1']","{'w_Delta2_u': 10.0, 'w_Delta_u': 100.0, 'w_u': 0.01}","[0.01, 100.0, 10.0]"
60.0,point_088,88,2026-08-07T05:28:39.327759+00:00,text_log_final_line,0.18494873540165013,1.1522493072072006,13,results/poly_d2_o6/points/point_088/real_tanh_autodiff.json,war_realad_weight_grid_v1,True,True,ok,results/poly_d2_o6/points/point_088/real_tanh_autodiff.log,0.18428341850937957,realad,real_tanh_autodiff,1.1481928618900334,complete,64,poly_d2_o6,"['1e-2', '1e+2', '1e+1']","{'w_Delta2_u': 10.0, 'w_Delta_u': 100.0, 'w_u': 0.01}","[0.01, 100.0, 10.0]"
60.0,point_089,89,2026-08-07T05:29:43.143597+00:00,text_log_final_line,0.07271381395140793,0.6026144970964109,13,results/poly_d2_o6/points/point_089/war.json,war_realad_weight_grid_v1,True,True,ok,results/poly_d2_o6/points/point_089/war.log,0.07096914528137326,war,war,0.6022568518320364,complete,71,poly_d2_o6,"['1e-2', '1e+2', '1e+2']","{'w_Delta2_u': 100.0, 'w_Delta_u': 100.0, 'w_u': 0.01}","[0.01, 100.0, 100.0]"
60.0,point_089,89,2026-08-07T05:30:46.517268+00:00,text_log_final_line,0.205706754618669,1.087094564586793,13,results/poly_d2_o6/points/point_089/real_tanh_autodiff.json,war_realad_weight_grid_v1,True,True,ok,results/poly_d2_o6/points/point_089/real_tanh_autodiff.log,0.205706754618669,realad,real_tanh_autodiff,1.087094564586793,complete,63,poly_d2_o6,"['1e-2', '1e+2', '1e+2']","{'w_Delta2_u': 100.0, 'w_Delta_u': 100.0, 'w_u': 0.01}","[0.01, 100.0, 100.0]"
60.0,point_090,90,2026-08-07T05:31:50.610973+00:00,text_log_final_line,0.22371997175210034,0.9621646918497215,13,results/poly_d2_o6/points/point_090/war.json,war_realad_weight_grid_v1,True,True,ok,results/poly_d2_o6/points/point_090/war.log,0.2236211767088026,war,war,0.9622165837883271,complete,71,poly_d2_o6,"['1e-2', '1e+2', '1e+3']","{'w_Delta2_u': 1000.0, 'w_Delta_u': 100.0, 'w_u': 0.01}","[0.01, 100.0, 1000.0]"
60.0,point_090,90,2026-08-07T05:32:54.382343+00:00,text_log_final_line,0.21959226706582644,1.0364542233949687,13,results/poly_d2_o6/points/point_090/real_tanh_autodiff.json,war_realad_weight_grid_v1,True,True,ok,results/poly_d2_o6/points/point_090/real_tanh_autodiff.log,0.21926195619150934,realad,real_tanh_autodiff,1.0353960277836125,complete,63,poly_d2_o6,"['1e-2', '1e+2', '1e+3']","{'w_Delta2_u': 1000.0, 'w_Delta_u': 100.0, 'w_u': 0.01}","[0.01, 100.0, 1000.0]"
60.0,point_091,91,2026-08-07T05:33:58.192866+00:00,text_log_final_line,0.2254020516723392,0.9714901334937729,13,results/poly_d2_o6/points/point_091/war.json,war_realad_weight_grid_v1,True,True,ok,results/poly_d2_o6/points/point_091/war.log,0.22532809341499618,war,war,0.9714919826958033,complete,71,poly_d2_o6,"['1e-2', '1e+3', '1e-3']","{'w_Delta2_u': 0.001, 'w_Delta_u': 1000.0, 'w_u': 0.01}","[0.01, 1000.0, 0.001]"
60.0,point_091,91,2026-08-07T05:35:01.994709+00:00,text_log_final_line,0.23883077969720948,1.001018966154502,13,results/poly_d2_o6/points/point_091/real_tanh_autodiff.json,war_realad_weight_grid_v1,True,True,ok,results/poly_d2_o6/points/point_091/real_tanh_autodiff.log,0.23883013235362646,realad,real_tanh_autodiff,1.001057019176802,complete,63,poly_d2_o6,"['1e-2', '1e+3', '1e-3']","{'w_Delta2_u': 0.001, 'w_Delta_u': 1000.0, 'w_u': 0.01}","[0.01, 1000.0, 0.001]"
60.0,point_092,92,2026-08-07T05:36:06.106646+00:00,text_log_final_line,0.22541383796418926,0.9715203907359419,13,results/poly_d2_o6/points/point_092/war.json,war_realad_weight_grid_v1,True,True,ok,results/poly_d2_o6/points/point_092/war.log,0.22534005684291972,war,war,0.9715219990380756,complete,71,poly_d2_o6,"['1e-2', '1e+3', '1e-2']","{'w_Delta2_u': 0.01, 'w_Delta_u': 1000.0, 'w_u': 0.01}","[0.01, 1000.0, 0.01]"
60.0,point_092,92,2026-08-07T05:37:11.803266+00:00,text_log_final_line,0.23883080144575253,1.0010185090993506,13,results/poly_d2_o6/points/point_092/real_tanh_autodiff.json,war_realad_weight_grid_v1,True,True,ok,results/poly_d2_o6/points/point_092/real_tanh_autodiff.log,0.2388301546887808,realad,real_tanh_autodiff,1.0010565615729605,complete,63,poly_d2_o6,"['1e-2', '1e+3', '1e-2']","{'w_Delta2_u': 0.01, 'w_Delta_u': 1000.0, 'w_u': 0.01}","[0.01, 1000.0, 0.01]"
60.0,point_093,93,2026-08-07T05:38:15.656816+00:00,text_log_final_line,0.22539131780846816,0.9714534033174713,13,results/poly_d2_o6/points/point_093/war.json,war_realad_weight_grid_v1,True,True,ok,results/poly_d2_o6/points/point_093/war.log,0.22531718981712512,war,war,0.9714554498680381,complete,71,poly_d2_o6,"['1e-2', '1e+3', '1e-1']","{'w_Delta2_u': 0.1, 'w_Delta_u': 1000.0, 'w_u': 0.01}","[0.01, 1000.0, 0.1]"
60.0,point_093,93,2026-08-07T05:39:19.727157+00:00,text_log_final_line,0.23882929251452012,1.001036822681868,13,results/poly_d2_o6/points/point_093/real_tanh_autodiff.json,war_realad_weight_grid_v1,True,True,ok,results/poly_d2_o6/points/point_093/real_tanh_autodiff.log,0.2388286167601976,realad,real_tanh_autodiff,1.0010752735153587,complete,64,poly_d2_o6,"['1e-2', '1e+3', '1e-1']","{'w_Delta2_u': 0.1, 'w_Delta_u': 1000.0, 'w_u': 0.01}","[0.01, 1000.0, 0.1]"
60.0,point_094,94,2026-08-07T05:40:23.762357+00:00,text_log_final_line,0.22543682800094308,0.9714684814636425,13,results/poly_d2_o6/points/point_094/war.json,war_realad_weight_grid_v1,True,True,ok,results/poly_d2_o6/points/point_094/war.log,0.22536320754482017,war,war,0.9714704501975526,complete,71,poly_d2_o6,"['1e-2', '1e+3', '1e+0']","{'w_Delta2_u': 1.0, 'w_Delta_u': 1000.0, 'w_u': 0.01}","[0.01, 1000.0, 1.0]"
60.0,point_094,94,2026-08-07T05:41:27.552847+00:00,text_log_final_line,0.2388308982918778,1.001016583076693,13,results/poly_d2_o6/points/point_094/real_tanh_autodiff.json,war_realad_weight_grid_v1,True,True,ok,results/poly_d2_o6/points/point_094/real_tanh_autodiff.log,0.23883025396617982,realad,real_tanh_autodiff,1.001054632943368,complete,63,poly_d2_o6,"['1e-2', '1e+3', '1e+0']","{'w_Delta2_u': 1.0, 'w_Delta_u': 1000.0, 'w_u': 0.01}","[0.01, 1000.0, 1.0]"
60.0,point_095,95,2026-08-07T05:42:31.439398+00:00,text_log_final_line,0.22590013837670778,0.971598023336396,13,results/poly_d2_o6/points/point_095/war.json,war_realad_weight_grid_v1,True,True,ok,results/poly_d2_o6/points/point_095/war.log,0.2258308637436393,war,war,0.9715990807958199,complete,71,poly_d2_o6,"['1e-2', '1e+3', '1e+1']","{'w_Delta2_u': 10.0, 'w_Delta_u': 1000.0, 'w_u': 0.01}","[0.01, 1000.0, 10.0]"
60.0,point_095,95,2026-08-07T05:43:35.268751+00:00,text_log_final_line,0.23883095153115189,1.0010165509138373,13,results/poly_d2_o6/points/point_095/real_tanh_autodiff.json,war_realad_weight_grid_v1,True,True,ok,results/poly_d2_o6/points/point_095/real_tanh_autodiff.log,0.23883030789677193,realad,real_tanh_autodiff,1.0010546037628523,complete,63,poly_d2_o6,"['1e-2', '1e+3', '1e+1']","{'w_Delta2_u': 10.0, 'w_Delta_u': 1000.0, 'w_u': 0.01}","[0.01, 1000.0, 10.0]"
60.0,point_096,96,2026-08-07T05:44:39.035660+00:00,text_log_final_line,0.22866471435959188,0.9745566403737689,13,results/poly_d2_o6/points/point_096/war.json,war_realad_weight_grid_v1,True,True,ok,results/poly_d2_o6/points/point_096/war.log,0.22861140665061688,war,war,0.9745215237657975,complete,71,poly_d2_o6,"['1e-2', '1e+3', '1e+2']","{'w_Delta2_u': 100.0, 'w_Delta_u': 1000.0, 'w_u': 0.01}","[0.01, 1000.0, 100.0]"
60.0,point_096,96,2026-08-07T05:45:43.141266+00:00,text_log_final_line,0.23883160697540548,1.001013587283793,13,results/poly_d2_o6/points/point_096/real_tanh_autodiff.json,war_realad_weight_grid_v1,True,True,ok,results/poly_d2_o6/points/point_096/real_tanh_autodiff.log,0.23883097032429396,realad,real_tanh_autodiff,1.0010515298663354,complete,63,poly_d2_o6,"['1e-2', '1e+3', '1e+2']","{'w_Delta2_u': 100.0, 'w_Delta_u': 1000.0, 'w_u': 0.01}","[0.01, 1000.0, 100.0]"
60.0,point_097,97,2026-08-07T05:46:47.088397+00:00,text_log_final_line,0.23317995528793317,0.9861875678054817,13,results/poly_d2_o6/points/point_097/war.json,war_realad_weight_grid_v1,True,True,ok,results/poly_d2_o6/points/point_097/war.log,0.23313180702654063,war,war,0.9861090836921574,complete,71,poly_d2_o6,"['1e-2', '1e+3', '1e+3']","{'w_Delta2_u': 1000.0, 'w_Delta_u': 1000.0, 'w_u': 0.01}","[0.01, 1000.0, 1000.0]"
60.0,point_097,97,2026-08-07T05:47:50.884067+00:00,text_log_final_line,0.2388381060552608,1.0009683587606388,13,results/poly_d2_o6/points/point_097/real_tanh_autodiff.json,war_realad_weight_grid_v1,True,True,ok,results/poly_d2_o6/points/point_097/real_tanh_autodiff.log,0.23883755893022235,realad,real_tanh_autodiff,1.0010068148593683,complete,63,poly_d2_o6,"['1e-2', '1e+3', '1e+3']","{'w_Delta2_u': 1000.0, 'w_Delta_u': 1000.0, 'w_u': 0.01}","[0.01, 1000.0, 1000.0]"
60.0,point_098,98,2026-08-07T05:48:54.822385+00:00,text_log_final_line,0.00032362573903312194,0.15896383586128088,13,results/poly_d2_o6/points/point_098/war.json,war_realad_weight_grid_v1,True,True,ok,results/poly_d2_o6/points/point_098/war.log,0.00032042661278617164,war,war,0.15758087083510422,complete,71,poly_d2_o6,"['1e-1', '1e-3', '1e-3']","{'w_Delta2_u': 0.001, 'w_Delta_u': 0.001, 'w_u': 0.1}","[0.1, 0.001, 0.001]"
60.0,point_098,98,2026-08-07T05:49:58.672026+00:00,text_log_final_line,0.179680578901924,0.6295272797220781,13,results/poly_d2_o6/points/point_098/real_tanh_autodiff.json,war_realad_weight_grid_v1,True,True,ok,results/poly_d2_o6/points/point_098/real_tanh_autodiff.log,0.1787242187658577,realad,real_tanh_autodiff,0.6281358694840931,complete,63,poly_d2_o6,"['1e-1', '1e-3', '1e-3']","{'w_Delta2_u': 0.001, 'w_Delta_u': 0.001, 'w_u': 0.1}","[0.1, 0.001, 0.001]"
60.0,point_099,99,2026-08-07T05:51:02.945307+00:00,text_log_final_line,0.00039063810342894044,0.15507955004604312,13,results/poly_d2_o6/points/point_099/war.json,war_realad_weight_grid_v1,True,True,ok,results/poly_d2_o6/points/point_099/war.log,0.0003874906531459901,war,war,0.15374803975946497,complete,71,poly_d2_o6,"['1e-1', '1e-3', '1e-2']","{'w_Delta2_u': 0.01, 'w_Delta_u': 0.001, 'w_u': 0.1}","[0.1, 0.001, 0.01]"
60.0,point_099,99,2026-08-07T05:52:09.790421+00:00,text_log_final_line,0.17684215886024235,0.6244689084112189,13,results/poly_d2_o6/points/point_099/real_tanh_autodiff.json,war_realad_weight_grid_v1,True,True,ok,results/poly_d2_o6/points/point_099/real_tanh_autodiff.log,0.17584393778492027,realad,real_tanh_autodiff,0.6229409668493877,complete,64,poly_d2_o6,"['1e-1', '1e-3', '1e-2']","{'w_Delta2_u': 0.01, 'w_Delta_u': 0.001, 'w_u': 0.1}","[0.1, 0.001, 0.01]"
60.0,point_100,100,2026-08-07T05:53:13.806137+00:00,text_log_final_line,0.0005505844322180788,0.12893487139533366,13,results/poly_d2_o6/points/point_100/war.json,war_realad_weight_grid_v1,True,True,ok,results/poly_d2_o6/points/point_100/war.log,0.000546774383524841,war,war,0.12807434666865522,complete,71,poly_d2_o6,"['1e-1', '1e-3', '1e-1']","{'w_Delta2_u': 0.1, 'w_Delta_u': 0.001, 'w_u': 0.1}","[0.1, 0.001, 0.1]"
60.0,point_100,100,2026-08-07T05:54:18.015141+00:00,text_log_final_line,0.17701265491124818,0.6244993971830046,13,results/poly_d2_o6/points/point_100/real_tanh_autodiff.json,war_realad_weight_grid_v1,True,True,ok,results/poly_d2_o6/points/point_100/real_tanh_autodiff.log,0.17601825577802332,realad,real_tanh_autodiff,0.6229754347152121,complete,64,poly_d2_o6,"['1e-1', '1e-3', '1e-1']","{'w_Delta2_u': 0.1, 'w_Delta_u': 0.001, 'w_u': 0.1}","[0.1, 0.001, 0.1]"
60.0,point_101,101,2026-08-07T05:55:21.810787+00:00,text_log_final_line,0.000475827647992149,0.09154605803419485,13,results/poly_d2_o6/points/point_101/war.json,war_realad_weight_grid_v1,True,True,ok,results/poly_d2_o6/points/point_101/war.log,0.0004729214384654757,war,war,0.09164329402346075,complete,71,poly_d2_o6,"['1e-1', '1e-3', '1e+0']","{'w_Delta2_u': 1.0, 'w_Delta_u': 0.001, 'w_u': 0.1}","[0.1, 0.001, 1.0]"
60.0,point_101,101,2026-08-07T05:56:25.232969+00:00,text_log_final_line,0.17941819149777838,0.6268589795081745,13,results/poly_d2_o6/points/point_101/real_tanh_autodiff.json,war_realad_weight_grid_v1,True,True,ok,results/poly_d2_o6/points/point_101/real_tanh_autodiff.log,0.1784652368484232,realad,real_tanh_autodiff,0.6254060679831412,complete,63,poly_d2_o6,"['1e-1', '1e-3', '1e+0']","{'w_Delta2_u': 1.0, 'w_Delta_u': 0.001, 'w_u': 0.1}","[0.1, 0.001, 1.0]"
60.0,point_102,102,2026-08-07T05:57:29.085343+00:00,text_log_final_line,0.0004750248697837801,0.19309462623485862,13,results/poly_d2_o6/points/point_102/war.json,war_realad_weight_grid_v1,True,True,ok,results/poly_d2_o6/points/point_102/war.log,0.0004716717470187814,war,war,0.19274131826872273,complete,71,poly_d2_o6,"['1e-1', '1e-3', '1e+1']","{'w_Delta2_u': 10.0, 'w_Delta_u': 0.001, 'w_u': 0.1}","[0.1, 0.001, 10.0]"
60.0,point_102,102,2026-08-07T05:58:32.844820+00:00,text_log_final_line,0.18531256016512987,0.647568203194299,13,results/poly_d2_o6/points/point_102/real_tanh_autodiff.json,war_realad_weight_grid_v1,True,True,ok,results/poly_d2_o6/points/point_102/real_tanh_autodiff.log,0.18444566510969063,realad,real_tanh_autodiff,0.6458316426208625,complete,63,poly_d2_o6,"['1e-1', '1e-3', '1e+1']","{'w_Delta2_u': 10.0, 'w_Delta_u': 0.001, 'w_u': 0.1}","[0.1, 0.001, 10.0]"
60.0,point_103,103,2026-08-07T05:59:36.765652+00:00,text_log_final_line,0.002353993906418553,0.33769464617917216,13,results/poly_d2_o6/points/point_103/war.json,war_realad_weight_grid_v1,True,True,ok,results/poly_d2_o6/points/point_103/war.log,0.0022896721963377347,war,war,0.3368213179885389,complete,71,poly_d2_o6,"['1e-1', '1e-3', '1e+2']","{'w_Delta2_u': 100.0, 'w_Delta_u': 0.001, 'w_u': 0.1}","[0.1, 0.001, 100.0]"
60.0,point_103,103,2026-08-07T06:00:40.593216+00:00,text_log_final_line,0.19449326657356145,0.7504728407670183,13,results/poly_d2_o6/points/point_103/real_tanh_autodiff.json,war_realad_weight_grid_v1,True,True,ok,results/poly_d2_o6/points/point_103/real_tanh_autodiff.log,0.19370918767275647,realad,real_tanh_autodiff,0.7480257413052045,complete,63,poly_d2_o6,"['1e-1', '1e-3', '1e+2']","{'w_Delta2_u': 100.0, 'w_Delta_u': 0.001, 'w_u': 0.1}","[0.1, 0.001, 100.0]"
60.0,point_104,104,2026-08-07T06:01:44.587088+00:00,text_log_final_line,0.2189663149895189,0.9468356428080495,13,results/poly_d2_o6/points/point_104/war.json,war_realad_weight_grid_v1,True,True,ok,results/poly_d2_o6/points/point_104/war.log,0.21882666533433257,war,war,0.9469539029131284,complete,71,poly_d2_o6,"['1e-1', '1e-3', '1e+3']","{'w_Delta2_u': 1000.0, 'w_Delta_u': 0.001, 'w_u': 0.1}","[0.1, 0.001, 1000.0]"
60.0,point_104,104,2026-08-07T06:02:48.789656+00:00,text_log_final_line,0.2119448834225339,0.8696934393314957,13,results/poly_d2_o6/points/point_104/real_tanh_autodiff.json,war_realad_weight_grid_v1,True,True,ok,results/poly_d2_o6/points/point_104/real_tanh_autodiff.log,0.2112852203389527,realad,real_tanh_autodiff,0.8680643060474996,complete,64,poly_d2_o6,"['1e-1', '1e-3', '1e+3']","{'w_Delta2_u': 1000.0, 'w_Delta_u': 0.001, 'w_u': 0.1}","[0.1, 0.001, 1000.0]"
60.0,point_105,105,2026-08-07T06:03:52.742947+00:00,text_log_final_line,0.00035043655482136813,0.15229557793413,13,results/poly_d2_o6/points/point_105/war.json,war_realad_weight_grid_v1,True,True,ok,results/poly_d2_o6/points/point_105/war.log,0.00034743845033498983,war,war,0.15093182614524153,complete,71,poly_d2_o6,"['1e-1', '1e-2', '1e-3']","{'w_Delta2_u': 0.001, 'w_Delta_u': 0.01, 'w_u': 0.1}","[0.1, 0.01, 0.001]"
60.0,point_105,105,2026-08-07T06:04:56.974976+00:00,text_log_final_line,0.179859247096192,0.6301953307563563,13,results/poly_d2_o6/points/point_105/real_tanh_autodiff.json,war_realad_weight_grid_v1,True,True,ok,results/poly_d2_o6/points/point_105/real_tanh_autodiff.log,0.17890563603141302,realad,real_tanh_autodiff,0.6288125847611975,complete,63,poly_d2_o6,"['1e-1', '1e-2', '1e-3']","{'w_Delta2_u': 0.001, 'w_Delta_u': 0.01, 'w_u': 0.1}","[0.1, 0.01, 0.001]"
60.0,point_106,106,2026-08-07T06:06:01.029911+00:00,text_log_final_line,0.00040994869211681594,0.14872587810497456,13,results/poly_d2_o6/points/point_106/war.json,war_realad_weight_grid_v1,True,True,ok,results/poly_d2_o6/points/point_106/war.log,0.00040691914373289494,war,war,0.147415581081908,complete,71,poly_d2_o6,"['1e-1', '1e-2', '1e-2']","{'w_Delta2_u': 0.01, 'w_Delta_u': 0.01, 'w_u': 0.1}","[0.1, 0.01, 0.01]"
60.0,point_106,106,2026-08-07T06:07:11.049196+00:00,text_log_final_line,0.17664239508172594,0.6244156117553279,13,results/poly_d2_o6/points/point_106/real_tanh_autodiff.json,war_realad_weight_grid_v1,True,True,ok,results/poly_d2_o6/points/point_106/real_tanh_autodiff.log,0.17564153752839898,realad,real_tanh_autodiff,0.6228811521095802,complete,64,poly_d2_o6,"['1e-1', '1e-2', '1e-2']","{'w_Delta2_u': 0.01, 'w_Delta_u': 0.01, 'w_u': 0.1}","[0.1, 0.01, 0.01]"
60.0,point_107,107,2026-08-07T06:08:15.025134+00:00,text_log_final_line,0.0005477975286755524,0.12480106429011191,13,results/poly_d2_o6/points/point_107/war.json,war_realad_weight_grid_v1,True,True,ok,results/poly_d2_o6/points/point_107/war.log,0.0005441090211831008,war,war,0.12397583207402935,complete,71,poly_d2_o6,"['1e-1', '1e-2', '1e-1']","{'w_Delta2_u': 0.1, 'w_Delta_u': 0.01, 'w_u': 0.1}","[0.1, 0.01, 0.1]"
60.0,point_107,107,2026-08-07T06:09:19.192094+00:00,text_log_final_line,0.17993320259808795,0.6300672732827051,13,results/poly_d2_o6/points/point_107/real_tanh_autodiff.json,war_realad_weight_grid_v1,True,True,ok,results/poly_d2_o6/points/point_107/real_tanh_autodiff.log,0.17898191139857464,realad,real_tanh_autodiff,0.6286833361227383,complete,63,poly_d2_o6,"['1e-1', '1e-2', '1e-1']","{'w_Delta2_u': 0.1, 'w_Delta_u': 0.01, 'w_u': 0.1}","[0.1, 0.01, 0.1]"
60.0,point_108,108,2026-08-07T06:10:22.940974+00:00,text_log_final_line,0.0004796579034663128,0.0895078197048282,13,results/poly_d2_o6/points/point_108/war.json,war_realad_weight_grid_v1,True,True,ok,results/poly_d2_o6/points/point_108/war.log,0.00047666542664893133,war,war,0.08961861659706982,complete,71,poly_d2_o6,"['1e-1', '1e-2', '1e+0']","{'w_Delta2_u': 1.0, 'w_Delta_u': 0.01, 'w_u': 0.1}","[0.1, 0.01, 1.0]"
60.0,point_108,108,2026-08-07T06:11:26.772943+00:00,text_log_final_line,0.1806726506719395,0.6298349196902712,13,results/poly_d2_o6/points/point_108/real_tanh_autodiff.json,war_realad_weight_grid_v1,True,True,ok,results/poly_d2_o6/points/point_108/real_tanh_autodiff.log,0.17973979705216753,realad,real_tanh_autodiff,0.6284368066137445,complete,63,poly_d2_o6,"['1e-1', '1e-2', '1e+0']","{'w_Delta2_u': 1.0, 'w_Delta_u': 0.01, 'w_u': 0.1}","[0.1, 0.01, 1.0]"
60.0,point_109,109,2026-08-07T06:12:30.998395+00:00,text_log_final_line,0.00048009573799038375,0.19235459469269628,13,results/poly_d2_o6/points/point_109/war.json,war_realad_weight_grid_v1,True,True,ok,results/poly_d2_o6/points/point_109/war.log,0.000476709290320226,war,war,0.19200550108051806,complete,71,poly_d2_o6,"['1e-1', '1e-2', '1e+1']","{'w_Delta2_u': 10.0, 'w_Delta_u': 0.01, 'w_u': 0.1}","[0.1, 0.01, 10.0]"
60.0,point_109,109,2026-08-07T06:13:34.750487+00:00,text_log_final_line,0.18503499281914623,0.6472924744896184,13,results/poly_d2_o6/points/point_109/real_tanh_autodiff.json,war_realad_weight_grid_v1,True,True,ok,results/poly_d2_o6/points/point_109/real_tanh_autodiff.log,0.18416506680822184,realad,real_tanh_autodiff,0.6455439732415204,complete,63,poly_d2_o6,"['1e-1', '1e-2', '1e+1']","{'w_Delta2_u': 10.0, 'w_Delta_u': 0.01, 'w_u': 0.1}","[0.1, 0.01, 10.0]"
60.0,point_110,110,2026-08-07T06:14:38.551361+00:00,text_log_final_line,0.0023800290051555944,0.3369535326303817,13,results/poly_d2_o6/points/point_110/war.json,war_realad_weight_grid_v1,True,True,ok,results/poly_d2_o6/points/point_110/war.log,0.00231653885121104,war,war,0.3360839273971555,complete,71,poly_d2_o6,"['1e-1', '1e-2', '1e+2']","{'w_Delta2_u': 100.0, 'w_Delta_u': 0.01, 'w_u': 0.1}","[0.1, 0.01, 100.0]"
60.0,point_110,110,2026-08-07T06:15:42.701496+00:00,text_log_final_line,0.19233057358406253,0.7440302873001159,13,results/poly_d2_o6/points/point_110/real_tanh_autodiff.json,war_realad_weight_grid_v1,True,True,ok,results/poly_d2_o6/points/point_110/real_tanh_autodiff.log,0.19153613083252663,realad,real_tanh_autodiff,0.7415278667359483,complete,64,poly_d2_o6,"['1e-1', '1e-2', '1e+2']","{'w_Delta2_u': 100.0, 'w_Delta_u': 0.01, 'w_u': 0.1}","[0.1, 0.01, 100.0]"
60.0,point_111,111,2026-08-07T06:16:46.593601+00:00,text_log_final_line,0.2189522627117535,0.9467892043738545,13,results/poly_d2_o6/points/point_111/war.json,war_realad_weight_grid_v1,True,True,ok,results/poly_d2_o6/points/point_111/war.log,0.2188126500417045,war,war,0.9469075497355625,complete,71,poly_d2_o6,"['1e-1', '1e-2', '1e+3']","{'w_Delta2_u': 1000.0, 'w_Delta_u': 0.01, 'w_u': 0.1}","[0.1, 0.01, 1000.0]"
60.0,point_111,111,2026-08-07T06:17:51.303158+00:00,text_log_final_line,0.21202731165409094,0.8701361126640417,13,results/poly_d2_o6/points/point_111/real_tanh_autodiff.json,war_realad_weight_grid_v1,True,True,ok,results/poly_d2_o6/points/point_111/real_tanh_autodiff.log,0.21136928915248757,realad,real_tanh_autodiff,0.8685123054371506,complete,64,poly_d2_o6,"['1e-1', '1e-2', '1e+3']","{'w_Delta2_u': 1000.0, 'w_Delta_u': 0.01, 'w_u': 0.1}","[0.1, 0.01, 1000.0]"
60.0,point_112,112,2026-08-07T06:18:55.174744+00:00,text_log_final_line,0.000417277759558077,0.1207011303914077,13,results/poly_d2_o6/points/point_112/war.json,war_realad_weight_grid_v1,True,True,ok,results/poly_d2_o6/points/point_112/war.log,0.0004142833558053707,war,war,0.11982486920966494,complete,71,poly_d2_o6,"['1e-1', '1e-1', '1e-3']","{'w_Delta2_u': 0.001, 'w_Delta_u': 0.1, 'w_u': 0.1}","[0.1, 0.1, 0.001]"
60.0,point_112,112,2026-08-07T06:19:59.470680+00:00,text_log_final_line,0.1806847219555982,0.6351496727321498,13,results/poly_d2_o6/points/point_112/real_tanh_autodiff.json,war_realad_weight_grid_v1,True,True,ok,results/poly_d2_o6/points/point_112/real_tanh_autodiff.log,0.1797444212537277,realad,real_tanh_autodiff,0.6338090066178602,complete,63,poly_d2_o6,"['1e-1', '1e-1', '1e-3']","{'w_Delta2_u': 0.001, 'w_Delta_u': 0.1, 'w_u': 0.1}","[0.1, 0.1, 0.001]"
60.0,point_113,113,2026-08-07T06:21:03.591436+00:00,text_log_final_line,0.0004429935759448375,0.11845450998026397,13,results/poly_d2_o6/points/point_113/war.json,war_realad_weight_grid_v1,True,True,ok,results/poly_d2_o6/points/point_113/war.log,0.0004400582657497831,war,war,0.11762765811140989,complete,71,poly_d2_o6,"['1e-1', '1e-1', '1e-2']","{'w_Delta2_u': 0.01, 'w_Delta_u': 0.1, 'w_u': 0.1}","[0.1, 0.1, 0.01]"
60.0,point_113,113,2026-08-07T06:22:09.779303+00:00,text_log_final_line,0.18026022049070645,0.6343520664124352,13,results/poly_d2_o6/points/point_113/real_tanh_autodiff.json,war_realad_weight_grid_v1,True,True,ok,results/poly_d2_o6/points/point_113/real_tanh_autodiff.log,0.17931406112165987,realad,real_tanh_autodiff,0.632993811761965,complete,63,poly_d2_o6,"['1e-1', '1e-1', '1e-2']","{'w_Delta2_u': 0.01, 'w_Delta_u': 0.1, 'w_u': 0.1}","[0.1, 0.1, 0.01]"
60.0,point_114,114,2026-08-07T06:23:13.849852+00:00,text_log_final_line,0.0005033360043746465,0.10550423820936956,13,results/poly_d2_o6/points/point_114/war.json,war_realad_weight_grid_v1,True,True,ok,results/poly_d2_o6/points/point_114/war.log,0.000500012549659317,war,war,0.10508613849333659,complete,71,poly_d2_o6,"['1e-1', '1e-1', '1e-1']","{'w_Delta2_u': 0.1, 'w_Delta_u': 0.1, 'w_u': 0.1}","[0.1, 0.1, 0.1]"
60.0,point_114,114,2026-08-07T06:24:17.818974+00:00,text_log_final_line,0.18053529725054998,0.6346731231684303,13,results/poly_d2_o6/points/point_114/real_tanh_autodiff.json,war_realad_weight_grid_v1,True,True,ok,results/poly_d2_o6/points/point_114/real_tanh_autodiff.log,0.17959421036652726,realad,real_tanh_autodiff,0.6333220690562505,complete,63,poly_d2_o6,"['1e-1', '1e-1', '1e-1']","{'w_Delta2_u': 0.1, 'w_Delta_u': 0.1, 'w_u': 0.1}","[0.1, 0.1, 0.1]"
60.0,point_115,115,2026-08-07T06:25:21.849492+00:00,text_log_final_line,0.0005087436013425093,0.07683619578894592,13,results/poly_d2_o6/points/point_115/war.json,war_realad_weight_grid_v1,True,True,ok,results/poly_d2_o6/points/point_115/war.log,0.0005050403353879991,war,war,0.0770242684938476,complete,71,poly_d2_o6,"['1e-1', '1e-1', '1e+0']","{'w_Delta2_u': 1.0, 'w_Delta_u': 0.1, 'w_u': 0.1}","[0.1, 0.1, 1.0]"
60.0,point_115,115,2026-08-07T06:26:26.221111+00:00,text_log_final_line,0.17902081327671893,0.6307049912421768,13,results/poly_d2_o6/points/point_115/real_tanh_autodiff.json,war_realad_weight_grid_v1,True,True,ok,results/poly_d2_o6/points/point_115/real_tanh_autodiff.log,0.17806725133358486,realad,real_tanh_autodiff,0.6292340894264729,complete,64,poly_d2_o6,"['1e-1', '1e-1', '1e+0']","{'w_Delta2_u': 1.0, 'w_Delta_u': 0.1, 'w_u': 0.1}","[0.1, 0.1, 1.0]"
60.0,point_116,116,2026-08-07T06:27:30.361628+00:00,text_log_final_line,0.0005106296009976212,0.18853907862730251,13,results/poly_d2_o6/points/point_116/war.json,war_realad_weight_grid_v1,True,True,ok,results/poly_d2_o6/points/point_116/war.log,0.0005071244405328067,war,war,0.18820819992675022,complete,71,poly_d2_o6,"['1e-1', '1e-1', '1e+1']","{'w_Delta2_u': 10.0, 'w_Delta_u': 0.1, 'w_u': 0.1}","[0.1, 0.1, 10.0]"
60.0,point_116,116,2026-08-07T06:28:34.192461+00:00,text_log_final_line,0.1855798350823369,0.6527367467551347,13,results/poly_d2_o6/points/point_116/real_tanh_autodiff.json,war_realad_weight_grid_v1,True,True,ok,results/poly_d2_o6/points/point_116/real_tanh_autodiff.log,0.18471952933341393,realad,real_tanh_autodiff,0.6510062749910801,complete,63,poly_d2_o6,"['1e-1', '1e-1', '1e+1']","{'w_Delta2_u': 10.0, 'w_Delta_u': 0.1, 'w_u': 0.1}","[0.1, 0.1, 10.0]"
60.0,point_117,117,2026-08-07T06:29:37.973977+00:00,text_log_final_line,0.002614663410519209,0.3304976447163359,13,results/poly_d2_o6/points/point_117/war.json,war_realad_weight_grid_v1,True,True,ok,results/poly_d2_o6/points/point_117/war.log,0.0025607007608742737,war,war,0.32966077483943185,complete,71,poly_d2_o6,"['1e-1', '1e-1', '1e+2']","{'w_Delta2_u': 100.0, 'w_Delta_u': 0.1, 'w_u': 0.1}","[0.1, 0.1, 100.0]"
60.0,point_117,117,2026-08-07T06:30:42.232028+00:00,text_log_final_line,0.19442448577941263,0.7518490898292234,13,results/poly_d2_o6/points/point_117/real_tanh_autodiff.json,war_realad_weight_grid_v1,True,True,ok,results/poly_d2_o6/points/point_117/real_tanh_autodiff.log,0.1936454153092192,realad,real_tanh_autodiff,0.7494141584662507,complete,63,poly_d2_o6,"['1e-1', '1e-1', '1e+2']","{'w_Delta2_u': 100.0, 'w_Delta_u': 0.1, 'w_u': 0.1}","[0.1, 0.1, 100.0]"
60.0,point_118,118,2026-08-07T06:31:46.341332+00:00,text_log_final_line,0.2189421050970714,0.9467227409871496,13,results/poly_d2_o6/points/point_118/war.json,war_realad_weight_grid_v1,True,True,ok,results/poly_d2_o6/points/point_118/war.log,0.2188026258885231,war,war,0.9468413229595952,complete,71,poly_d2_o6,"['1e-1', '1e-1', '1e+3']","{'w_Delta2_u': 1000.0, 'w_Delta_u': 0.1, 'w_u': 0.1}","[0.1, 0.1, 1000.0]"
60.0,point_118,118,2026-08-07T06:32:50.296249+00:00,text_log_final_line,0.21396020212494984,0.8814913175419368,13,results/poly_d2_o6/points/point_118/real_tanh_autodiff.json,war_realad_weight_grid_v1,True,True,ok,results/poly_d2_o6/points/point_118/real_tanh_autodiff.log,0.21333437554033283,realad,real_tanh_autodiff,0.8799207145147325,complete,63,poly_d2_o6,"['1e-1', '1e-1', '1e+3']","{'w_Delta2_u': 1000.0, 'w_Delta_u': 0.1, 'w_u': 0.1}","[0.1, 0.1, 1000.0]"
60.0,point_119,119,2026-08-07T06:33:54.573353+00:00,text_log_final_line,0.00033826271763383645,0.10212499759544912,13,results/poly_d2_o6/points/point_119/war.json,war_realad_weight_grid_v1,True,True,ok,results/poly_d2_o6/points/point_119/war.log,0.00033561761218548045,war,war,0.10200085563238315,complete,71,poly_d2_o6,"['1e-1', '1e+0', '1e-3']","{'w_Delta2_u': 0.001, 'w_Delta_u': 1.0, 'w_u': 0.1}","[0.1, 1.0, 0.001]"
60.0,point_119,119,2026-08-07T06:34:58.856134+00:00,text_log_final_line,0.1835331758626923,0.6850807349603087,13,results/poly_d2_o6/points/point_119/real_tanh_autodiff.json,war_realad_weight_grid_v1,True,True,ok,results/poly_d2_o6/points/point_119/real_tanh_autodiff.log,0.18263794471147043,realad,real_tanh_autodiff,0.683795797400689,complete,64,poly_d2_o6,"['1e-1', '1e+0', '1e-3']","{'w_Delta2_u': 0.001, 'w_Delta_u': 1.0, 'w_u': 0.1}","[0.1, 1.0, 0.001]"
60.0,point_120,120,2026-08-07T06:36:02.929891+00:00,text_log_final_line,0.000362646502793532,0.10009877810096478,13,results/poly_d2_o6/points/point_120/war.json,war_realad_weight_grid_v1,True,True,ok,results/poly_d2_o6/points/point_120/war.log,0.0003599419222870659,war,war,0.0999856625633087,complete,71,poly_d2_o6,"['1e-1', '1e+0', '1e-2']","{'w_Delta2_u': 0.01, 'w_Delta_u': 1.0, 'w_u': 0.1}","[0.1, 1.0, 0.01]"
60.0,point_120,120,2026-08-07T06:37:10.139877+00:00,text_log_final_line,0.18335193866325847,0.6848827625311563,13,results/poly_d2_o6/points/point_120/real_tanh_autodiff.json,war_realad_weight_grid_v1,True,True,ok,results/poly_d2_o6/points/point_120/real_tanh_autodiff.log,0.1824544759892736,realad,real_tanh_autodiff,0.6835919120435919,complete,64,poly_d2_o6,"['1e-1', '1e+0', '1e-2']","{'w_Delta2_u': 0.01, 'w_Delta_u': 1.0, 'w_u': 0.1}","[0.1, 1.0, 0.01]"
60.0,point_121,121,2026-08-07T06:38:14.195913+00:00,text_log_final_line,0.0005089441448091644,0.09025365679904432,13,results/poly_d2_o6/points/point_121/war.json,war_realad_weight_grid_v1,True,True,ok,results/poly_d2_o6/points/point_121/war.log,0.0005057308382113081,war,war,0.09020454642217714,complete,71,poly_d2_o6,"['1e-1', '1e+0', '1e-1']","{'w_Delta2_u': 0.1, 'w_Delta_u': 1.0, 'w_u': 0.1}","[0.1, 1.0, 0.1]"
60.0,point_121,121,2026-08-07T06:39:18.414204+00:00,text_log_final_line,0.18361741823656386,0.6852302679740451,13,results/poly_d2_o6/points/point_121/real_tanh_autodiff.json,war_realad_weight_grid_v1,True,True,ok,results/poly_d2_o6/points/point_121/real_tanh_autodiff.log,0.18272475339506386,realad,real_tanh_autodiff,0.6839410509970626,complete,64,poly_d2_o6,"['1e-1', '1e+0', '1e-1']","{'w_Delta2_u': 0.1, 'w_Delta_u': 1.0, 'w_u': 0.1}","[0.1, 1.0, 0.1]"
60.0,point_122,122,2026-08-07T06:40:22.490830+00:00,text_log_final_line,0.0005972252439475375,0.07577616594303879,13,results/poly_d2_o6/points/point_122/war.json,war_realad_weight_grid_v1,True,True,ok,results/poly_d2_o6/points/point_122/war.log,0.0005916909376637612,war,war,0.07586054900245487,complete,71,poly_d2_o6,"['1e-1', '1e+0', '1e+0']","{'w_Delta2_u': 1.0, 'w_Delta_u': 1.0, 'w_u': 0.1}","[0.1, 1.0, 1.0]"
60.0,point_122,122,2026-08-07T06:41:26.817661+00:00,text_log_final_line,0.18465612972044015,0.687186279806666,13,results/poly_d2_o6/points/point_122/real_tanh_autodiff.json,war_realad_weight_grid_v1,True,True,ok,results/poly_d2_o6/points/point_122/real_tanh_autodiff.log,0.1837869317501807,realad,real_tanh_autodiff,0.6858665959617745,complete,64,poly_d2_o6,"['1e-1', '1e+0', '1e+0']","{'w_Delta2_u': 1.0, 'w_Delta_u': 1.0, 'w_u': 0.1}","[0.1, 1.0, 1.0]"
60.0,point_123,123,2026-08-07T06:42:30.872603+00:00,text_log_final_line,0.0005847270450489541,0.17169404355624954,13,results/poly_d2_o6/points/point_123/war.json,war_realad_weight_grid_v1,True,True,ok,results/poly_d2_o6/points/point_123/war.log,0.0005790947285401157,war,war,0.1714142506860422,complete,71,poly_d2_o6,"['1e-1', '1e+0', '1e+1']","{'w_Delta2_u': 10.0, 'w_Delta_u': 1.0, 'w_u': 0.1}","[0.1, 1.0, 10.0]"
60.0,point_123,123,2026-08-07T06:43:35.306017+00:00,text_log_final_line,0.1880983266076685,0.7017100478447028,13,results/poly_d2_o6/points/point_123/real_tanh_autodiff.json,war_realad_weight_grid_v1,True,True,ok,results/poly_d2_o6/points/point_123/real_tanh_autodiff.log,0.18728403082297232,realad,real_tanh_autodiff,0.6999792024270536,complete,64,poly_d2_o6,"['1e-1', '1e+0', '1e+1']","{'w_Delta2_u': 10.0, 'w_Delta_u': 1.0, 'w_u': 0.1}","[0.1, 1.0, 10.0]"
60.0,point_124,124,2026-08-07T06:44:39.155050+00:00,text_log_final_line,0.0038993771657686105,0.29467210187536597,13,results/poly_d2_o6/points/point_124/war.json,war_realad_weight_grid_v1,True,True,ok,results/poly_d2_o6/points/point_124/war.log,0.003827669358112255,war,war,0.2940761339403902,complete,71,poly_d2_o6,"['1e-1', '1e+0', '1e+2']","{'w_Delta2_u': 100.0, 'w_Delta_u': 1.0, 'w_u': 0.1}","[0.1, 1.0, 100.0]"
60.0,point_124,124,2026-08-07T06:45:44.245490+00:00,text_log_final_line,0.19597655000275147,0.7723664583353345,13,results/poly_d2_o6/points/point_124/real_tanh_autodiff.json,war_realad_weight_grid_v1,True,True,ok,results/poly_d2_o6/points/point_124/real_tanh_autodiff.log,0.19524715961903272,realad,real_tanh_autodiff,0.7700883530865521,complete,64,poly_d2_o6,"['1e-1', '1e+0', '1e+2']","{'w_Delta2_u': 100.0, 'w_Delta_u': 1.0, 'w_u': 0.1}","[0.1, 1.0, 100.0]"
60.0,point_125,125,2026-08-07T06:46:48.135321+00:00,text_log_final_line,0.2190701343216601,0.946667925622136,13,results/poly_d2_o6/points/point_125/war.json,war_realad_weight_grid_v1,True,True,ok,results/poly_d2_o6/points/point_125/war.log,0.21893181075049753,war,war,0.9467834860548314,complete,71,poly_d2_o6,"['1e-1', '1e+0', '1e+3']","{'w_Delta2_u': 1000.0, 'w_Delta_u': 1.0, 'w_u': 0.1}","[0.1, 1.0, 1000.0]"
60.0,point_125,125,2026-08-07T06:47:51.598972+00:00,text_log_final_line,0.21396264058170744,0.8801540622585153,13,results/poly_d2_o6/points/point_125/real_tanh_autodiff.json,war_realad_weight_grid_v1,True,True,ok,results/poly_d2_o6/points/point_125/real_tanh_autodiff.log,0.21336191045490366,realad,real_tanh_autodiff,0.8786808683589924,complete,63,poly_d2_o6,"['1e-1', '1e+0', '1e+3']","{'w_Delta2_u': 1000.0, 'w_Delta_u': 1.0, 'w_u': 0.1}","[0.1, 1.0, 1000.0]"
60.0,point_126,126,2026-08-07T06:48:55.867892+00:00,text_log_final_line,0.0004001523035479399,0.17031116363006546,13,results/poly_d2_o6/points/point_126/war.json,war_realad_weight_grid_v1,True,True,ok,results/poly_d2_o6/points/point_126/war.log,0.0003971549046027705,war,war,0.17001146718406637,complete,71,poly_d2_o6,"['1e-1', '1e+1', '1e-3']","{'w_Delta2_u': 0.001, 'w_Delta_u': 10.0, 'w_u': 0.1}","[0.1, 10.0, 0.001]"
60.0,point_126,126,2026-08-07T06:50:00.114480+00:00,text_log_final_line,0.19877296446818465,0.9035424457630156,13,results/poly_d2_o6/points/point_126/real_tanh_autodiff.json,war_realad_weight_grid_v1,True,True,ok,results/poly_d2_o6/points/point_126/real_tanh_autodiff.log,0.19805938528917674,realad,real_tanh_autodiff,0.9020723703973962,complete,64,poly_d2_o6,"['1e-1', '1e+1', '1e-3']","{'w_Delta2_u': 0.001, 'w_Delta_u': 10.0, 'w_u': 0.1}","[0.1, 10.0, 0.001]"
60.0,point_127,127,2026-08-07T06:51:04.582684+00:00,text_log_final_line,0.00042248871805027993,0.16976271765250378,13,results/poly_d2_o6/points/point_127/war.json,war_realad_weight_grid_v1,True,True,ok,results/poly_d2_o6/points/point_127/war.log,0.00041940103953490147,war,war,0.16946554567526798,complete,71,poly_d2_o6,"['1e-1', '1e+1', '1e-2']","{'w_Delta2_u': 0.01, 'w_Delta_u': 10.0, 'w_u': 0.1}","[0.1, 10.0, 0.01]"
60.0,point_127,127,2026-08-07T06:52:10.188326+00:00,text_log_final_line,0.200723277892487,0.9028154079239245,13,results/poly_d2_o6/points/point_127/real_tanh_autodiff.json,war_realad_weight_grid_v1,True,True,ok,results/poly_d2_o6/points/point_127/real_tanh_autodiff.log,0.2000456664456156,realad,real_tanh_autodiff,0.9013952788170212,complete,63,poly_d2_o6,"['1e-1', '1e+1', '1e-2']","{'w_Delta2_u': 0.01, 'w_Delta_u': 10.0, 'w_u': 0.1}","[0.1, 10.0, 0.01]"
60.0,point_128,128,2026-08-07T06:53:14.015137+00:00,text_log_final_line,0.0005590956491734833,0.1630068867321606,13,results/poly_d2_o6/points/point_128/war.json,war_realad_weight_grid_v1,True,True,ok,results/poly_d2_o6/points/point_128/war.log,0.0005555478793522461,war,war,0.1627430189509077,complete,71,poly_d2_o6,"['1e-1', '1e+1', '1e-1']","{'w_Delta2_u': 0.1, 'w_Delta_u': 10.0, 'w_u': 0.1}","[0.1, 10.0, 0.1]"
60.0,point_128,128,2026-08-07T06:54:18.084416+00:00,text_log_final_line,0.20100380636462478,0.9028319971881981,13,results/poly_d2_o6/points/point_128/real_tanh_autodiff.json,war_realad_weight_grid_v1,True,True,ok,results/poly_d2_o6/points/point_128/real_tanh_autodiff.log,0.20033154753523577,realad,real_tanh_autodiff,0.9014166370922041,complete,63,poly_d2_o6,"['1e-1', '1e+1', '1e-1']","{'w_Delta2_u': 0.1, 'w_Delta_u': 10.0, 'w_u': 0.1}","[0.1, 10.0, 0.1]"
60.0,point_129,129,2026-08-07T06:55:21.990637+00:00,text_log_final_line,0.0004909241869023819,0.13551277564863692,13,results/poly_d2_o6/points/point_129/war.json,war_realad_weight_grid_v1,True,True,ok,results/poly_d2_o6/points/point_129/war.log,0.00048658026714173063,war,war,0.13535361627139425,complete,71,poly_d2_o6,"['1e-1', '1e+1', '1e+0']","{'w_Delta2_u': 1.0, 'w_Delta_u': 10.0, 'w_u': 0.1}","[0.1, 10.0, 1.0]"
60.0,point_129,129,2026-08-07T06:56:25.875767+00:00,text_log_final_line,0.20116381459055574,0.9030958663969855,13,results/poly_d2_o6/points/point_129/real_tanh_autodiff.json,war_realad_weight_grid_v1,True,True,ok,results/poly_d2_o6/points/point_129/real_tanh_autodiff.log,0.2004962084844433,realad,real_tanh_autodiff,0.9016616982175387,complete,63,poly_d2_o6,"['1e-1', '1e+1', '1e+0']","{'w_Delta2_u': 1.0, 'w_Delta_u': 10.0, 'w_u': 0.1}","[0.1, 10.0, 1.0]"
60.0,point_130,130,2026-08-07T06:57:29.747482+00:00,text_log_final_line,0.0004948343426369064,0.15760331970299246,13,results/poly_d2_o6/points/point_130/war.json,war_realad_weight_grid_v1,True,True,ok,results/poly_d2_o6/points/point_130/war.log,0.0004889719751491439,war,war,0.1573649216000496,complete,71,poly_d2_o6,"['1e-1', '1e+1', '1e+1']","{'w_Delta2_u': 10.0, 'w_Delta_u': 10.0, 'w_u': 0.1}","[0.1, 10.0, 10.0]"
60.0,point_130,130,2026-08-07T06:58:33.997933+00:00,text_log_final_line,0.20276820613540025,0.9060509914427909,13,results/poly_d2_o6/points/point_130/real_tanh_autodiff.json,war_realad_weight_grid_v1,True,True,ok,results/poly_d2_o6/points/point_130/real_tanh_autodiff.log,0.20211796868687396,realad,real_tanh_autodiff,0.904478472610004,complete,64,poly_d2_o6,"['1e-1', '1e+1', '1e+1']","{'w_Delta2_u': 10.0, 'w_Delta_u': 10.0, 'w_u': 0.1}","[0.1, 10.0, 10.0]"
60.0,point_131,131,2026-08-07T06:59:37.870832+00:00,text_log_final_line,0.004805856114807647,0.27311470870237997,13,results/poly_d2_o6/points/point_131/war.json,war_realad_weight_grid_v1,True,True,ok,results/poly_d2_o6/points/point_131/war.log,0.00468307020237707,war,war,0.2734008266030422,complete,71,poly_d2_o6,"['1e-1', '1e+1', '1e+2']","{'w_Delta2_u': 100.0, 'w_Delta_u': 10.0, 'w_u': 0.1}","[0.1, 10.0, 100.0]"
60.0,point_131,131,2026-08-07T07:00:41.800022+00:00,text_log_final_line,0.20948270636663444,0.908469264382428,13,results/poly_d2_o6/points/point_131/real_tanh_autodiff.json,war_realad_weight_grid_v1,True,True,ok,results/poly_d2_o6/points/point_131/real_tanh_autodiff.log,0.20890543970673797,realad,real_tanh_autodiff,0.9068766915771176,complete,63,poly_d2_o6,"['1e-1', '1e+1', '1e+2']","{'w_Delta2_u': 100.0, 'w_Delta_u': 10.0, 'w_u': 0.1}","[0.1, 10.0, 100.0]"
60.0,point_132,132,2026-08-07T07:01:45.679046+00:00,text_log_final_line,0.22000545797727708,0.9466502449421125,13,results/poly_d2_o6/points/point_132/war.json,war_realad_weight_grid_v1,True,True,ok,results/poly_d2_o6/points/point_132/war.log,0.21987612469574813,war,war,0.9467498792887528,complete,71,poly_d2_o6,"['1e-1', '1e+1', '1e+3']","{'w_Delta2_u': 1000.0, 'w_Delta_u': 10.0, 'w_u': 0.1}","[0.1, 10.0, 1000.0]"
60.0,point_132,132,2026-08-07T07:02:49.581659+00:00,text_log_final_line,0.21985653076880077,0.9238029765527541,13,results/poly_d2_o6/points/point_132/real_tanh_autodiff.json,war_realad_weight_grid_v1,True,True,ok,results/poly_d2_o6/points/point_132/real_tanh_autodiff.log,0.21943444583178862,realad,real_tanh_autodiff,0.9227874146382319,complete,63,poly_d2_o6,"['1e-1', '1e+1', '1e+3']","{'w_Delta2_u': 1000.0, 'w_Delta_u': 10.0, 'w_u': 0.1}","[0.1, 10.0, 1000.0]"
60.0,point_133,133,2026-08-07T07:03:53.377713+00:00,text_log_final_line,0.0036490206897932596,0.170870818520512,13,results/poly_d2_o6/points/point_133/war.json,war_realad_weight_grid_v1,True,True,ok,results/poly_d2_o6/points/point_133/war.log,0.0035363348343810013,war,war,0.17117227978462632,complete,71,poly_d2_o6,"['1e-1', '1e+2', '1e-3']","{'w_Delta2_u': 0.001, 'w_Delta_u': 100.0, 'w_u': 0.1}","[0.1, 100.0, 0.001]"
60.0,point_133,133,2026-08-07T07:04:58.277717+00:00,text_log_final_line,0.22351957747574497,1.0062256285648246,13,results/poly_d2_o6/points/point_133/real_tanh_autodiff.json,war_realad_weight_grid_v1,True,True,ok,results/poly_d2_o6/points/point_133/real_tanh_autodiff.log,0.22308270084013365,realad,real_tanh_autodiff,1.0049361260100513,complete,64,poly_d2_o6,"['1e-1', '1e+2', '1e-3']","{'w_Delta2_u': 0.001, 'w_Delta_u': 100.0, 'w_u': 0.1}","[0.1, 100.0, 0.001]"
60.0,point_134,134,2026-08-07T07:06:02.194493+00:00,text_log_final_line,0.00376150334153788,0.17072327236228074,13,results/poly_d2_o6/points/point_134/war.json,war_realad_weight_grid_v1,True,True,ok,results/poly_d2_o6/points/point_134/war.log,0.003647679362472173,war,war,0.1710335987403033,complete,71,poly_d2_o6,"['1e-1', '1e+2', '1e-2']","{'w_Delta2_u': 0.01, 'w_Delta_u': 100.0, 'w_u': 0.1}","[0.1, 100.0, 0.01]"
60.0,point_134,134,2026-08-07T07:07:10.187134+00:00,text_log_final_line,0.22350444082906884,1.0062414728006341,13,results/poly_d2_o6/points/point_134/real_tanh_autodiff.json,war_realad_weight_grid_v1,True,True,ok,results/poly_d2_o6/points/point_134/real_tanh_autodiff.log,0.22306728120584549,realad,real_tanh_autodiff,1.0049505978450528,complete,64,poly_d2_o6,"['1e-1', '1e+2', '1e-2']","{'w_Delta2_u': 0.01, 'w_Delta_u': 100.0, 'w_u': 0.1}","[0.1, 100.0, 0.01]"
60.0,point_135,135,2026-08-07T07:08:13.986688+00:00,text_log_final_line,0.004603292024272868,0.16674880692470445,13,results/poly_d2_o6/points/point_135/war.json,war_realad_weight_grid_v1,True,True,ok,results/poly_d2_o6/points/point_135/war.log,0.004484919662004855,war,war,0.16710093952661215,complete,71,poly_d2_o6,"['1e-1', '1e+2', '1e-1']","{'w_Delta2_u': 0.1, 'w_Delta_u': 100.0, 'w_u': 0.1}","[0.1, 100.0, 0.1]"
60.0,point_135,135,2026-08-07T07:09:17.859723+00:00,text_log_final_line,0.22459067816097755,1.0052436915761203,13,results/poly_d2_o6/points/point_135/real_tanh_autodiff.json,war_realad_weight_grid_v1,True,True,ok,results/poly_d2_o6/points/point_135/real_tanh_autodiff.log,0.22417657667399696,realad,real_tanh_autodiff,1.0040509206685801,complete,63,poly_d2_o6,"['1e-1', '1e+2', '1e-1']","{'w_Delta2_u': 0.1, 'w_Delta_u': 100.0, 'w_u': 0.1}","[0.1, 100.0, 0.1]"
60.0,point_136,136,2026-08-07T07:10:21.949343+00:00,text_log_final_line,0.008892577676575144,0.15452634345570435,13,results/poly_d2_o6/points/point_136/war.json,war_realad_weight_grid_v1,True,True,ok,results/poly_d2_o6/points/point_136/war.log,0.008703278876928787,war,war,0.1549127116096889,complete,71,poly_d2_o6,"['1e-1', '1e+2', '1e+0']","{'w_Delta2_u': 1.0, 'w_Delta_u': 100.0, 'w_u': 0.1}","[0.1, 100.0, 1.0]"
60.0,point_136,136,2026-08-07T07:11:25.816522+00:00,text_log_final_line,0.2246929987981305,1.0051346990694807,13,results/poly_d2_o6/points/point_136/real_tanh_autodiff.json,war_realad_weight_grid_v1,True,True,ok,results/poly_d2_o6/points/point_136/real_tanh_autodiff.log,0.22428296118670207,realad,real_tanh_autodiff,1.003947570318803,complete,63,poly_d2_o6,"['1e-1', '1e+2', '1e+0']","{'w_Delta2_u': 1.0, 'w_Delta_u': 100.0, 'w_u': 0.1}","[0.1, 100.0, 1.0]"
60.0,point_137,137,2026-08-07T07:12:29.736732+00:00,text_log_final_line,0.010391973254247228,0.1732016279552292,13,results/poly_d2_o6/points/point_137/war.json,war_realad_weight_grid_v1,True,True,ok,results/poly_d2_o6/points/point_137/war.log,0.00995699263827832,war,war,0.17296570004875472,complete,71,poly_d2_o6,"['1e-1', '1e+2', '1e+1']","{'w_Delta2_u': 10.0, 'w_Delta_u': 100.0, 'w_u': 0.1}","[0.1, 100.0, 10.0]"
60.0,point_137,137,2026-08-07T07:13:33.530784+00:00,text_log_final_line,0.22513006280616002,1.0044144116075397,13,results/poly_d2_o6/points/point_137/real_tanh_autodiff.json,war_realad_weight_grid_v1,True,True,ok,results/poly_d2_o6/points/point_137/real_tanh_autodiff.log,0.22474479846332182,realad,real_tanh_autodiff,1.003237089544236,complete,63,poly_d2_o6,"['1e-1', '1e+2', '1e+1']","{'w_Delta2_u': 10.0, 'w_Delta_u': 100.0, 'w_u': 0.1}","[0.1, 100.0, 10.0]"
60.0,point_138,138,2026-08-07T07:14:37.495952+00:00,text_log_final_line,0.07417225964976773,0.5616184803851711,13,results/poly_d2_o6/points/point_138/war.json,war_realad_weight_grid_v1,True,True,ok,results/poly_d2_o6/points/point_138/war.log,0.0724376103225159,war,war,0.5614469971300172,complete,71,poly_d2_o6,"['1e-1', '1e+2', '1e+2']","{'w_Delta2_u': 100.0, 'w_Delta_u': 100.0, 'w_u': 0.1}","[0.1, 100.0, 100.0]"
60.0,point_138,138,2026-08-07T07:15:41.340515+00:00,text_log_final_line,0.2276028663111158,1.0017284389210073,13,results/poly_d2_o6/points/point_138/real_tanh_autodiff.json,war_realad_weight_grid_v1,True,True,ok,results/poly_d2_o6/points/point_138/real_tanh_autodiff.log,0.22731426469620716,realad,real_tanh_autodiff,1.0007098372654077,complete,63,poly_d2_o6,"['1e-1', '1e+2', '1e+2']","{'w_Delta2_u': 100.0, 'w_Delta_u': 100.0, 'w_u': 0.1}","[0.1, 100.0, 100.0]"
60.0,point_139,139,2026-08-07T07:16:45.228922+00:00,text_log_final_line,0.2237496502809098,0.9623129702890889,13,results/poly_d2_o6/points/point_139/war.json,war_realad_weight_grid_v1,True,True,ok,results/poly_d2_o6/points/point_139/war.log,0.2236510881428196,war,war,0.962357868203832,complete,71,poly_d2_o6,"['1e-1', '1e+2', '1e+3']","{'w_Delta2_u': 1000.0, 'w_Delta_u': 100.0, 'w_u': 0.1}","[0.1, 100.0, 1000.0]"
60.0,point_139,139,2026-08-07T07:17:49.154184+00:00,text_log_final_line,0.23256239046746288,0.9988549364761254,13,results/poly_d2_o6/points/point_139/real_tanh_autodiff.json,war_realad_weight_grid_v1,True,True,ok,results/poly_d2_o6/points/point_139/real_tanh_autodiff.log,0.23237108340205584,realad,real_tanh_autodiff,0.9983250971813096,complete,63,poly_d2_o6,"['1e-1', '1e+2', '1e+3']","{'w_Delta2_u': 1000.0, 'w_Delta_u': 100.0, 'w_u': 0.1}","[0.1, 100.0, 1000.0]"
60.0,point_140,140,2026-08-07T07:18:53.146090+00:00,text_log_final_line,0.22543430599731976,0.9715260656348473,13,results/poly_d2_o6/points/point_140/war.json,war_realad_weight_grid_v1,True,True,ok,results/poly_d2_o6/points/point_140/war.log,0.22536071837942132,war,war,0.9715271980524668,complete,71,poly_d2_o6,"['1e-1', '1e+3', '1e-3']","{'w_Delta2_u': 0.001, 'w_Delta_u': 1000.0, 'w_u': 0.1}","[0.1, 1000.0, 0.001]"
60.0,point_140,140,2026-08-07T07:19:57.467965+00:00,text_log_final_line,0.23882927566320503,1.001112377418746,13,results/poly_d2_o6/points/point_140/real_tanh_autodiff.json,war_realad_weight_grid_v1,True,True,ok,results/poly_d2_o6/points/point_140/real_tanh_autodiff.log,0.238828585880067,realad,real_tanh_autodiff,1.001103891902687,complete,64,poly_d2_o6,"['1e-1', '1e+3', '1e-3']","{'w_Delta2_u': 0.001, 'w_Delta_u': 1000.0, 'w_u': 0.1}","[0.1, 1000.0, 0.001]"
60.0,point_141,141,2026-08-07T07:21:01.762975+00:00,text_log_final_line,0.2254348054070367,0.9715271909057431,13,results/poly_d2_o6/points/point_141/war.json,war_realad_weight_grid_v1,True,True,ok,results/poly_d2_o6/points/point_141/war.log,0.22536121712667,war,war,0.9715282851024282,complete,71,poly_d2_o6,"['1e-1', '1e+3', '1e-2']","{'w_Delta2_u': 0.01, 'w_Delta_u': 1000.0, 'w_u': 0.1}","[0.1, 1000.0, 0.01]"
60.0,point_141,141,2026-08-07T07:22:06.456999+00:00,text_log_final_line,0.23883086364111022,1.0011106580038567,13,results/poly_d2_o6/points/point_141/real_tanh_autodiff.json,war_realad_weight_grid_v1,True,True,ok,results/poly_d2_o6/points/point_141/real_tanh_autodiff.log,0.23883019250420567,realad,real_tanh_autodiff,1.0011028459431104,complete,63,poly_d2_o6,"['1e-1', '1e+3', '1e-2']","{'w_Delta2_u': 0.01, 'w_Delta_u': 1000.0, 'w_u': 0.1}","[0.1, 1000.0, 0.01]"
60.0,point_142,142,2026-08-07T07:23:12.235065+00:00,text_log_final_line,0.22543453196682461,0.9715200908833939,13,results/poly_d2_o6/points/point_142/war.json,war_realad_weight_grid_v1,True,True,ok,results/poly_d2_o6/points/point_142/war.log,0.22536095065839007,war,war,0.9715210741113868,complete,71,poly_d2_o6,"['1e-1', '1e+3', '1e-1']","{'w_Delta2_u': 0.1, 'w_Delta_u': 1000.0, 'w_u': 0.1}","[0.1, 1000.0, 0.1]"
60.0,point_142,142,2026-08-07T07:24:15.528155+00:00,text_log_final_line,0.23882946604107774,1.001111026781795,13,results/poly_d2_o6/points/point_142/real_tanh_autodiff.json,war_realad_weight_grid_v1,True,True,ok,results/poly_d2_o6/points/point_142/real_tanh_autodiff.log,0.23882946604107774,realad,real_tanh_autodiff,1.001111026781795,complete,63,poly_d2_o6,"['1e-1', '1e+3', '1e-1']","{'w_Delta2_u': 0.1, 'w_Delta_u': 1000.0, 'w_u': 0.1}","[0.1, 1000.0, 0.1]"
60.0,point_143,143,2026-08-07T07:25:19.359213+00:00,text_log_final_line,0.22545583211718503,0.9714867301053602,13,results/poly_d2_o6/points/point_143/war.json,war_realad_weight_grid_v1,True,True,ok,results/poly_d2_o6/points/point_143/war.log,0.22538241311862942,war,war,0.9714882250891809,complete,71,poly_d2_o6,"['1e-1', '1e+3', '1e+0']","{'w_Delta2_u': 1.0, 'w_Delta_u': 1000.0, 'w_u': 0.1}","[0.1, 1000.0, 1.0]"
60.0,point_143,143,2026-08-07T07:26:23.908518+00:00,text_log_final_line,0.23882949422919264,1.0011103411604891,13,results/poly_d2_o6/points/point_143/real_tanh_autodiff.json,war_realad_weight_grid_v1,True,True,ok,results/poly_d2_o6/points/point_143/real_tanh_autodiff.log,0.23882880692406994,realad,real_tanh_autodiff,1.0011019502633691,complete,64,poly_d2_o6,"['1e-1', '1e+3', '1e+0']","{'w_Delta2_u': 1.0, 'w_Delta_u': 1000.0, 'w_u': 0.1}","[0.1, 1000.0, 1.0]"
60.0,point_144,144,2026-08-07T07:27:27.569216+00:00,text_log_final_line,0.22590814936033035,0.9715842258664741,13,results/poly_d2_o6/points/point_144/war.json,war_realad_weight_grid_v1,True,True,ok,results/poly_d2_o6/points/point_144/war.log,0.22583880080631658,war,war,0.971584899533891,complete,71,poly_d2_o6,"['1e-1', '1e+3', '1e+1']","{'w_Delta2_u': 10.0, 'w_Delta_u': 1000.0, 'w_u': 0.1}","[0.1, 1000.0, 10.0]"
60.0,point_144,144,2026-08-07T07:28:31.250675+00:00,text_log_final_line,0.2388308193683089,1.0011120325831049,13,results/poly_d2_o6/points/point_144/real_tanh_autodiff.json,war_realad_weight_grid_v1,True,True,ok,results/poly_d2_o6/points/point_144/real_tanh_autodiff.log,0.23883014657018373,realad,real_tanh_autodiff,1.0011041671020098,complete,63,poly_d2_o6,"['1e-1', '1e+3', '1e+1']","{'w_Delta2_u': 10.0, 'w_Delta_u': 1000.0, 'w_u': 0.1}","[0.1, 1000.0, 10.0]"
60.0,point_145,145,2026-08-07T07:29:35.447910+00:00,text_log_final_line,0.2286757342649091,0.9745893313862029,13,results/poly_d2_o6/points/point_145/war.json,war_realad_weight_grid_v1,True,True,ok,results/poly_d2_o6/points/point_145/war.log,0.22862254871656698,war,war,0.9745545893817756,complete,71,poly_d2_o6,"['1e-1', '1e+3', '1e+2']","{'w_Delta2_u': 100.0, 'w_Delta_u': 1000.0, 'w_u': 0.1}","[0.1, 1000.0, 100.0]"
60.0,point_145,145,2026-08-07T07:30:39.059994+00:00,text_log_final_line,0.2388315123215023,1.001110067828109,13,results/poly_d2_o6/points/point_145/real_tanh_autodiff.json,war_realad_weight_grid_v1,True,True,ok,results/poly_d2_o6/points/point_145/real_tanh_autodiff.log,0.238830847259855,realad,real_tanh_autodiff,1.001102475523662,complete,63,poly_d2_o6,"['1e-1', '1e+3', '1e+2']","{'w_Delta2_u': 100.0, 'w_Delta_u': 1000.0, 'w_u': 0.1}","[0.1, 1000.0, 100.0]"
60.0,point_146,146,2026-08-07T07:31:42.861416+00:00,text_log_final_line,0.23318656445782074,0.9861971380557667,13,results/poly_d2_o6/points/point_146/war.json,war_realad_weight_grid_v1,True,True,ok,results/poly_d2_o6/points/point_146/war.log,0.23313851513654635,war,war,0.9861179515357282,complete,71,poly_d2_o6,"['1e-1', '1e+3', '1e+3']","{'w_Delta2_u': 1000.0, 'w_Delta_u': 1000.0, 'w_u': 0.1}","[0.1, 1000.0, 1000.0]"
60.0,point_146,146,2026-08-07T07:32:46.919309+00:00,text_log_final_line,0.23883749814048869,1.001071436018848,13,results/poly_d2_o6/points/point_146/real_tanh_autodiff.json,war_realad_weight_grid_v1,True,True,ok,results/poly_d2_o6/points/point_146/real_tanh_autodiff.log,0.23883693842084044,realad,real_tanh_autodiff,1.0010654011426312,complete,64,poly_d2_o6,"['1e-1', '1e+3', '1e+3']","{'w_Delta2_u': 1000.0, 'w_Delta_u': 1000.0, 'w_u': 0.1}","[0.1, 1000.0, 1000.0]"
60.0,point_147,147,2026-08-07T07:33:50.734092+00:00,text_log_final_line,0.00026209366560702547,0.1597871805645965,13,results/poly_d2_o6/points/point_147/war.json,war_realad_weight_grid_v1,True,True,ok,results/poly_d2_o6/points/point_147/war.log,0.000259224557547374,war,war,0.15833298478783642,complete,71,poly_d2_o6,"['1e+0', '1e-3', '1e-3']","{'w_Delta2_u': 0.001, 'w_Delta_u': 0.001, 'w_u': 1.0}","[1.0, 0.001, 0.001]"
60.0,point_147,147,2026-08-07T07:34:54.543231+00:00,text_log_final_line,0.2388037096986746,0.9961533054439763,13,results/poly_d2_o6/points/point_147/real_tanh_autodiff.json,war_realad_weight_grid_v1,True,True,ok,results/poly_d2_o6/points/point_147/real_tanh_autodiff.log,0.23880217096064163,realad,real_tanh_autodiff,0.9961818479101175,complete,63,poly_d2_o6,"['1e+0', '1e-3', '1e-3']","{'w_Delta2_u': 0.001, 'w_Delta_u': 0.001, 'w_u': 1.0}","[1.0, 0.001, 0.001]"
60.0,point_148,148,2026-08-07T07:35:58.366639+00:00,text_log_final_line,0.000345844172312748,0.15603412810174389,13,results/poly_d2_o6/points/point_148/war.json,war_realad_weight_grid_v1,True,True,ok,results/poly_d2_o6/points/point_148/war.log,0.0003428837892502134,war,war,0.1546305870819978,complete,71,poly_d2_o6,"['1e+0', '1e-3', '1e-2']","{'w_Delta2_u': 0.01, 'w_Delta_u': 0.001, 'w_u': 1.0}","[1.0, 0.001, 0.01]"
60.0,point_148,148,2026-08-07T07:37:01.686956+00:00,text_log_final_line,0.23880143590310485,0.9961200108359507,13,results/poly_d2_o6/points/point_148/real_tanh_autodiff.json,war_realad_weight_grid_v1,True,True,ok,results/poly_d2_o6/points/point_148/real_tanh_autodiff.log,0.23879979386165956,realad,real_tanh_autodiff,0.9961483062407538,complete,63,poly_d2_o6,"['1e+0', '1e-3', '1e-2']","{'w_Delta2_u': 0.01, 'w_Delta_u': 0.001, 'w_u': 1.0}","[1.0, 0.001, 0.01]"
60.0,point_149,149,2026-08-07T07:38:06.097594+00:00,text_log_final_line,0.0006276297058594475,0.13198378676631378,13,results/poly_d2_o6/points/point_149/war.json,war_realad_weight_grid_v1,True,True,ok,results/poly_d2_o6/points/point_149/war.log,0.0006235003530319754,war,war,0.13104386693009223,complete,71,poly_d2_o6,"['1e+0', '1e-3', '1e-1']","{'w_Delta2_u': 0.1, 'w_Delta_u': 0.001, 'w_u': 1.0}","[1.0, 0.001, 0.1]"
60.0,point_149,149,2026-08-07T07:39:13.268700+00:00,text_log_final_line,0.23880183831441684,0.9961256934867596,13,results/poly_d2_o6/points/point_149/real_tanh_autodiff.json,war_realad_weight_grid_v1,True,True,ok,results/poly_d2_o6/points/point_149/real_tanh_autodiff.log,0.2388002185741157,realad,real_tanh_autodiff,0.9961540466435906,complete,63,poly_d2_o6,"['1e+0', '1e-3', '1e-1']","{'w_Delta2_u': 0.1, 'w_Delta_u': 0.001, 'w_u': 1.0}","[1.0, 0.001, 0.1]"
60.0,point_150,150,2026-08-07T07:40:18.292259+00:00,text_log_final_line,0.00029912442394917113,0.13953371725976454,13,results/poly_d2_o6/points/point_150/war.json,war_realad_weight_grid_v1,True,True,ok,results/poly_d2_o6/points/point_150/war.log,0.0002965229818134531,war,war,0.1392461035657134,complete,71,poly_d2_o6,"['1e+0', '1e-3', '1e+0']","{'w_Delta2_u': 1.0, 'w_Delta_u': 0.001, 'w_u': 1.0}","[1.0, 0.001, 1.0]"
60.0,point_150,150,2026-08-07T07:41:22.011608+00:00,text_log_final_line,0.23880176221138139,0.9961265941628107,13,results/poly_d2_o6/points/point_150/real_tanh_autodiff.json,war_realad_weight_grid_v1,True,True,ok,results/poly_d2_o6/points/point_150/real_tanh_autodiff.log,0.23880013262912694,realad,real_tanh_autodiff,0.9961549007501822,complete,63,poly_d2_o6,"['1e+0', '1e-3', '1e+0']","{'w_Delta2_u': 1.0, 'w_Delta_u': 0.001, 'w_u': 1.0}","[1.0, 0.001, 1.0]"
60.0,point_151,151,2026-08-07T07:42:26.451701+00:00,text_log_final_line,0.00023320367585604124,0.1741487720348185,13,results/poly_d2_o6/points/point_151/war.json,war_realad_weight_grid_v1,True,True,ok,results/poly_d2_o6/points/point_151/war.log,0.00023076749859891728,war,war,0.1736186907887045,complete,71,poly_d2_o6,"['1e+0', '1e-3', '1e+1']","{'w_Delta2_u': 10.0, 'w_Delta_u': 0.001, 'w_u': 1.0}","[1.0, 0.001, 10.0]"
60.0,point_151,151,2026-08-07T07:43:31.230191+00:00,text_log_final_line,0.23879978169077287,0.996125645642859,13,results/poly_d2_o6/points/point_151/real_tanh_autodiff.json,war_realad_weight_grid_v1,True,True,ok,results/poly_d2_o6/points/point_151/real_tanh_autodiff.log,0.23879806843907633,realad,real_tanh_autodiff,0.9961528121208004,complete,64,poly_d2_o6,"['1e+0', '1e-3', '1e+1']","{'w_Delta2_u': 10.0, 'w_Delta_u': 0.001, 'w_u': 1.0}","[1.0, 0.001, 10.0]"
60.0,point_152,152,2026-08-07T07:44:34.974380+00:00,text_log_final_line,0.0038400695392590196,0.253877478235947,13,results/poly_d2_o6/points/point_152/war.json,war_realad_weight_grid_v1,True,True,ok,results/poly_d2_o6/points/point_152/war.log,0.0037474616702094132,war,war,0.2540741530240569,complete,71,poly_d2_o6,"['1e+0', '1e-3', '1e+2']","{'w_Delta2_u': 100.0, 'w_Delta_u': 0.001, 'w_u': 1.0}","[1.0, 0.001, 100.0]"
60.0,point_152,152,2026-08-07T07:45:39.189879+00:00,text_log_final_line,0.23880563756455125,0.9963713036997451,13,results/poly_d2_o6/points/point_152/real_tanh_autodiff.json,war_realad_weight_grid_v1,True,True,ok,results/poly_d2_o6/points/point_152/real_tanh_autodiff.log,0.23880406898781753,realad,real_tanh_autodiff,0.9963970207849812,complete,64,poly_d2_o6,"['1e+0', '1e-3', '1e+2']","{'w_Delta2_u': 100.0, 'w_Delta_u': 0.001, 'w_u': 1.0}","[1.0, 0.001, 100.0]"
60.0,point_153,153,2026-08-07T07:46:42.937699+00:00,text_log_final_line,0.2198033856078651,0.9482484798843038,13,results/poly_d2_o6/points/point_153/war.json,war_realad_weight_grid_v1,True,True,ok,results/poly_d2_o6/points/point_153/war.log,0.21967073782295157,war,war,0.9481749276082906,complete,71,poly_d2_o6,"['1e+0', '1e-3', '1e+3']","{'w_Delta2_u': 1000.0, 'w_Delta_u': 0.001, 'w_u': 1.0}","[1.0, 0.001, 1000.0]"
60.0,point_153,153,2026-08-07T07:47:47.569153+00:00,text_log_final_line,0.23884096189235896,0.9979463946990575,13,results/poly_d2_o6/points/point_153/real_tanh_autodiff.json,war_realad_weight_grid_v1,True,True,ok,results/poly_d2_o6/points/point_153/real_tanh_autodiff.log,0.23884019503431678,realad,real_tanh_autodiff,0.997964115681474,complete,63,poly_d2_o6,"['1e+0', '1e-3', '1e+3']","{'w_Delta2_u': 1000.0, 'w_Delta_u': 0.001, 'w_u': 1.0}","[1.0, 0.001, 1000.0]"
60.0,point_154,154,2026-08-07T07:48:51.607952+00:00,text_log_final_line,0.00030792032909692245,0.15772832705377193,13,results/poly_d2_o6/points/point_154/war.json,war_realad_weight_grid_v1,True,True,ok,results/poly_d2_o6/points/point_154/war.log,0.0003050842683471161,war,war,0.15632413075636895,complete,71,poly_d2_o6,"['1e+0', '1e-2', '1e-3']","{'w_Delta2_u': 0.001, 'w_Delta_u': 0.01, 'w_u': 1.0}","[1.0, 0.01, 0.001]"
60.0,point_154,154,2026-08-07T07:49:55.797118+00:00,text_log_final_line,0.23880385652422145,0.9961556066853556,13,results/poly_d2_o6/points/point_154/real_tanh_autodiff.json,war_realad_weight_grid_v1,True,True,ok,results/poly_d2_o6/points/point_154/real_tanh_autodiff.log,0.2388023280700736,realad,real_tanh_autodiff,0.9961841629535366,complete,63,poly_d2_o6,"['1e+0', '1e-2', '1e-3']","{'w_Delta2_u': 0.001, 'w_Delta_u': 0.01, 'w_u': 1.0}","[1.0, 0.01, 0.001]"
60.0,point_155,155,2026-08-07T07:50:59.920291+00:00,text_log_final_line,0.00038615071557765473,0.1536950480000037,13,results/poly_d2_o6/points/point_155/war.json,war_realad_weight_grid_v1,True,True,ok,results/poly_d2_o6/points/point_155/war.log,0.00038307972640892805,war,war,0.15234061236175653,complete,71,poly_d2_o6,"['1e+0', '1e-2', '1e-2']","{'w_Delta2_u': 0.01, 'w_Delta_u': 0.01, 'w_u': 1.0}","[1.0, 0.01, 0.01]"
60.0,point_155,155,2026-08-07T07:52:03.669616+00:00,text_log_final_line,0.23880316734150306,0.9961454626267583,13,results/poly_d2_o6/points/point_155/real_tanh_autodiff.json,war_realad_weight_grid_v1,True,True,ok,results/poly_d2_o6/points/point_155/real_tanh_autodiff.log,0.23880160555159102,realad,real_tanh_autodiff,0.9961739435711325,complete,63,poly_d2_o6,"['1e+0', '1e-2', '1e-2']","{'w_Delta2_u': 0.01, 'w_Delta_u': 0.01, 'w_u': 1.0}","[1.0, 0.01, 0.01]"
60.0,point_156,156,2026-08-07T07:53:16.777134+00:00,text_log_final_line,0.0006377573544989552,0.13119842477406174,13,results/poly_d2_o6/points/point_156/war.json,war_realad_weight_grid_v1,True,True,ok,results/poly_d2_o6/points/point_156/war.log,0.0006336146981480213,war,war,0.1302978681119786,complete,71,poly_d2_o6,"['1e+0', '1e-2', '1e-1']","{'w_Delta2_u': 0.1, 'w_Delta_u': 0.01, 'w_u': 1.0}","[1.0, 0.01, 0.1]"
60.0,point_156,156,2026-08-07T07:54:20.326379+00:00,text_log_final_line,0.23880164695670977,0.996123598987063,13,results/poly_d2_o6/points/point_156/real_tanh_autodiff.json,war_realad_weight_grid_v1,True,True,ok,results/poly_d2_o6/points/point_156/real_tanh_autodiff.log,0.23880001336590423,realad,real_tanh_autodiff,0.9961519132514332,complete,63,poly_d2_o6,"['1e+0', '1e-2', '1e-1']","{'w_Delta2_u': 0.1, 'w_Delta_u': 0.01, 'w_u': 1.0}","[1.0, 0.01, 0.1]"
60.0,point_157,157,2026-08-07T07:55:24.561985+00:00,text_log_final_line,0.0003054792076602678,0.13960581609567055,13,results/poly_d2_o6/points/point_157/war.json,war_realad_weight_grid_v1,True,True,ok,results/poly_d2_o6/points/point_157/war.log,0.00030291182524831543,war,war,0.13931580990472145,complete,71,poly_d2_o6,"['1e+0', '1e-2', '1e+0']","{'w_Delta2_u': 1.0, 'w_Delta_u': 0.01, 'w_u': 1.0}","[1.0, 0.01, 1.0]"
60.0,point_157,157,2026-08-07T07:56:29.088164+00:00,text_log_final_line,0.23879959230430406,0.9961060605254354,13,results/poly_d2_o6/points/point_157/real_tanh_autodiff.json,war_realad_weight_grid_v1,True,True,ok,results/poly_d2_o6/points/point_157/real_tanh_autodiff.log,0.23879787939682823,realad,real_tanh_autodiff,0.9961334137616634,complete,64,poly_d2_o6,"['1e+0', '1e-2', '1e+0']","{'w_Delta2_u': 1.0, 'w_Delta_u': 0.01, 'w_u': 1.0}","[1.0, 0.01, 1.0]"
60.0,point_158,158,2026-08-07T07:57:33.047398+00:00,text_log_final_line,0.00024231557901011885,0.17396536718919509,13,results/poly_d2_o6/points/point_158/war.json,war_realad_weight_grid_v1,True,True,ok,results/poly_d2_o6/points/point_158/war.log,0.00023988023849505792,war,war,0.17343176888142844,complete,71,poly_d2_o6,"['1e+0', '1e-2', '1e+1']","{'w_Delta2_u': 10.0, 'w_Delta_u': 0.01, 'w_u': 1.0}","[1.0, 0.01, 10.0]"
60.0,point_158,158,2026-08-07T07:58:37.387360+00:00,text_log_final_line,0.23880016070680385,0.9961311155150518,13,results/poly_d2_o6/points/point_158/real_tanh_autodiff.json,war_realad_weight_grid_v1,True,True,ok,results/poly_d2_o6/points/point_158/real_tanh_autodiff.log,0.23879846189870138,realad,real_tanh_autodiff,0.9961583089376135,complete,64,poly_d2_o6,"['1e+0', '1e-2', '1e+1']","{'w_Delta2_u': 10.0, 'w_Delta_u': 0.01, 'w_u': 1.0}","[1.0, 0.01, 10.0]"
60.0,point_159,159,2026-08-07T07:59:41.831512+00:00,text_log_final_line,0.0038421729299061708,0.2535936789787858,13,results/poly_d2_o6/points/point_159/war.json,war_realad_weight_grid_v1,True,True,ok,results/poly_d2_o6/points/point_159/war.log,0.0037492237355513276,war,war,0.25379146631789234,complete,71,poly_d2_o6,"['1e+0', '1e-2', '1e+2']","{'w_Delta2_u': 100.0, 'w_Delta_u': 0.01, 'w_u': 1.0}","[1.0, 0.01, 100.0]"
60.0,point_159,159,2026-08-07T08:00:45.337782+00:00,text_log_final_line,0.2388062052064397,0.9964163046432749,13,results/poly_d2_o6/points/point_159/real_tanh_autodiff.json,war_realad_weight_grid_v1,True,True,ok,results/poly_d2_o6/points/point_159/real_tanh_autodiff.log,0.2388062052064397,realad,real_tanh_autodiff,0.9964163046432749,complete,63,poly_d2_o6,"['1e+0', '1e-2', '1e+2']","{'w_Delta2_u': 100.0, 'w_Delta_u': 0.01, 'w_u': 1.0}","[1.0, 0.01, 100.0]"
60.0,point_160,160,2026-08-07T08:01:49.525383+00:00,text_log_final_line,0.2198274724569308,0.9483114715154667,13,results/poly_d2_o6/points/point_160/war.json,war_realad_weight_grid_v1,True,True,ok,results/poly_d2_o6/points/point_160/war.log,0.21969481430450047,war,war,0.9482378390125487,complete,71,poly_d2_o6,"['1e+0', '1e-2', '1e+3']","{'w_Delta2_u': 1000.0, 'w_Delta_u': 0.01, 'w_u': 1.0}","[1.0, 0.01, 1000.0]"
60.0,point_160,160,2026-08-07T08:02:53.292269+00:00,text_log_final_line,0.23884046643556237,0.9979449569886321,13,results/poly_d2_o6/points/point_160/real_tanh_autodiff.json,war_realad_weight_grid_v1,True,True,ok,results/poly_d2_o6/points/point_160/real_tanh_autodiff.log,0.2388396652801777,realad,real_tanh_autodiff,0.9979625550121158,complete,63,poly_d2_o6,"['1e+0', '1e-2', '1e+3']","{'w_Delta2_u': 1000.0, 'w_Delta_u': 0.01, 'w_u': 1.0}","[1.0, 0.01, 1000.0]"
60.0,point_161,161,2026-08-07T08:03:57.187899+00:00,text_log_final_line,0.0005566314409721544,0.14408450717791663,13,results/poly_d2_o6/points/point_161/war.json,war_realad_weight_grid_v1,True,True,ok,results/poly_d2_o6/points/point_161/war.log,0.00055305663109548,war,war,0.1430872439960607,complete,71,poly_d2_o6,"['1e+0', '1e-1', '1e-3']","{'w_Delta2_u': 0.001, 'w_Delta_u': 0.1, 'w_u': 1.0}","[1.0, 0.1, 0.001]"
60.0,point_161,161,2026-08-07T08:05:01.225818+00:00,text_log_final_line,0.2388020307281567,0.9961322816359597,13,results/poly_d2_o6/points/point_161/real_tanh_autodiff.json,war_realad_weight_grid_v1,True,True,ok,results/poly_d2_o6/points/point_161/real_tanh_autodiff.log,0.23880040976253625,realad,real_tanh_autodiff,0.9961605979997585,complete,63,poly_d2_o6,"['1e+0', '1e-1', '1e-3']","{'w_Delta2_u': 0.001, 'w_Delta_u': 0.1, 'w_u': 1.0}","[1.0, 0.1, 0.001]"
60.0,point_162,162,2026-08-07T08:06:05.442316+00:00,text_log_final_line,0.0005944648239602428,0.14223043654918657,13,results/poly_d2_o6/points/point_162/war.json,war_realad_weight_grid_v1,True,True,ok,results/poly_d2_o6/points/point_162/war.log,0.0005907266220476213,war,war,0.14127399829168716,complete,71,poly_d2_o6,"['1e+0', '1e-1', '1e-2']","{'w_Delta2_u': 0.01, 'w_Delta_u': 0.1, 'w_u': 1.0}","[1.0, 0.1, 0.01]"
60.0,point_162,162,2026-08-07T08:07:10.548005+00:00,text_log_final_line,0.23880188280420525,0.9961299674057496,13,results/poly_d2_o6/points/point_162/real_tanh_autodiff.json,war_realad_weight_grid_v1,True,True,ok,results/poly_d2_o6/points/point_162/real_tanh_autodiff.log,0.23880025807348712,realad,real_tanh_autodiff,0.9961582743162662,complete,63,poly_d2_o6,"['1e+0', '1e-1', '1e-2']","{'w_Delta2_u': 0.01, 'w_Delta_u': 0.1, 'w_u': 1.0}","[1.0, 0.1, 0.01]"
60.0,point_163,163,2026-08-07T08:08:14.767460+00:00,text_log_final_line,0.0006835579084057471,0.12805611886759902,13,results/poly_d2_o6/points/point_163/war.json,war_realad_weight_grid_v1,True,True,ok,results/poly_d2_o6/points/point_163/war.log,0.0006791810024946124,war,war,0.12744310814196838,complete,71,poly_d2_o6,"['1e+0', '1e-1', '1e-1']","{'w_Delta2_u': 0.1, 'w_Delta_u': 0.1, 'w_u': 1.0}","[1.0, 0.1, 0.1]"
60.0,point_163,163,2026-08-07T08:09:18.784756+00:00,text_log_final_line,0.23880318499741068,0.9961490122169548,13,results/poly_d2_o6/points/point_163/real_tanh_autodiff.json,war_realad_weight_grid_v1,True,True,ok,results/poly_d2_o6/points/point_163/real_tanh_autodiff.log,0.23880162079186376,realad,real_tanh_autodiff,0.9961774589602469,complete,63,poly_d2_o6,"['1e+0', '1e-1', '1e-1']","{'w_Delta2_u': 0.1, 'w_Delta_u': 0.1, 'w_u': 1.0}","[1.0, 0.1, 0.1]"
60.0,point_164,164,2026-08-07T08:10:23.275472+00:00,text_log_final_line,0.0003582593666356336,0.14021572599517307,13,results/poly_d2_o6/points/point_164/war.json,war_realad_weight_grid_v1,True,True,ok,results/poly_d2_o6/points/point_164/war.log,0.00035566855730619464,war,war,0.13990922642351705,complete,71,poly_d2_o6,"['1e+0', '1e-1', '1e+0']","{'w_Delta2_u': 1.0, 'w_Delta_u': 0.1, 'w_u': 1.0}","[1.0, 0.1, 1.0]"
60.0,point_164,164,2026-08-07T08:11:27.548821+00:00,text_log_final_line,0.23880356247068313,0.9961561404760993,13,results/poly_d2_o6/points/point_164/real_tanh_autodiff.json,war_realad_weight_grid_v1,True,True,ok,results/poly_d2_o6/points/point_164/real_tanh_autodiff.log,0.2388020153382694,realad,real_tanh_autodiff,0.9961846127621268,complete,63,poly_d2_o6,"['1e+0', '1e-1', '1e+0']","{'w_Delta2_u': 1.0, 'w_Delta_u': 0.1, 'w_u': 1.0}","[1.0, 0.1, 1.0]"
60.0,point_165,165,2026-08-07T08:12:31.379206+00:00,text_log_final_line,0.00031979983109688744,0.17005013247703582,13,results/poly_d2_o6/points/point_165/war.json,war_realad_weight_grid_v1,True,True,ok,results/poly_d2_o6/points/point_165/war.log,0.00031716673379460886,war,war,0.16950658406301913,complete,71,poly_d2_o6,"['1e+0', '1e-1', '1e+1']","{'w_Delta2_u': 10.0, 'w_Delta_u': 0.1, 'w_u': 1.0}","[1.0, 0.1, 10.0]"
60.0,point_165,165,2026-08-07T08:13:35.330344+00:00,text_log_final_line,0.238803456467176,0.9961712354358191,13,results/poly_d2_o6/points/point_165/real_tanh_autodiff.json,war_realad_weight_grid_v1,True,True,ok,results/poly_d2_o6/points/point_165/real_tanh_autodiff.log,0.2388018918182072,realad,real_tanh_autodiff,0.9961994737930132,complete,63,poly_d2_o6,"['1e+0', '1e-1', '1e+1']","{'w_Delta2_u': 10.0, 'w_Delta_u': 0.1, 'w_u': 1.0}","[1.0, 0.1, 10.0]"
60.0,point_166,166,2026-08-07T08:14:39.253483+00:00,text_log_final_line,0.003864973822903886,0.250207950657562,13,results/poly_d2_o6/points/point_166/war.json,war_realad_weight_grid_v1,True,True,ok,results/poly_d2_o6/points/point_166/war.log,0.003770719630051671,war,war,0.25042138731640845,complete,71,poly_d2_o6,"['1e+0', '1e-1', '1e+2']","{'w_Delta2_u': 100.0, 'w_Delta_u': 0.1, 'w_u': 1.0}","[1.0, 0.1, 100.0]"
60.0,point_166,166,2026-08-07T08:15:43.284567+00:00,text_log_final_line,0.23880901725152984,0.9964105612375255,13,results/poly_d2_o6/points/point_166/real_tanh_autodiff.json,war_realad_weight_grid_v1,True,True,ok,results/poly_d2_o6/points/point_166/real_tanh_autodiff.log,0.2388075909580637,realad,real_tanh_autodiff,0.9964373518332436,complete,63,poly_d2_o6,"['1e+0', '1e-1', '1e+2']","{'w_Delta2_u': 100.0, 'w_Delta_u': 0.1, 'w_u': 1.0}","[1.0, 0.1, 100.0]"
60.0,point_167,167,2026-08-07T08:16:47.699865+00:00,text_log_final_line,0.2198373695019449,0.9483081296431907,13,results/poly_d2_o6/points/point_167/war.json,war_realad_weight_grid_v1,True,True,ok,results/poly_d2_o6/points/point_167/war.log,0.21970475390985925,war,war,0.9482346937536658,complete,71,poly_d2_o6,"['1e+0', '1e-1', '1e+3']","{'w_Delta2_u': 1000.0, 'w_Delta_u': 0.1, 'w_u': 1.0}","[1.0, 0.1, 1000.0]"
60.0,point_167,167,2026-08-07T08:17:52.303783+00:00,text_log_final_line,0.23883895384450649,0.9979485984141097,13,results/poly_d2_o6/points/point_167/real_tanh_autodiff.json,war_realad_weight_grid_v1,True,True,ok,results/poly_d2_o6/points/point_167/real_tanh_autodiff.log,0.2388380702843768,realad,real_tanh_autodiff,0.9979651478593883,complete,64,poly_d2_o6,"['1e+0', '1e-1', '1e+3']","{'w_Delta2_u': 1000.0, 'w_Delta_u': 0.1, 'w_u': 1.0}","[1.0, 0.1, 1000.0]"
60.0,point_168,168,2026-08-07T08:18:56.448694+00:00,text_log_final_line,0.00047028718485327126,0.14055854128270207,13,results/poly_d2_o6/points/point_168/war.json,war_realad_weight_grid_v1,True,True,ok,results/poly_d2_o6/points/point_168/war.log,0.0004664298184700575,war,war,0.14017921999509358,complete,71,poly_d2_o6,"['1e+0', '1e+0', '1e-3']","{'w_Delta2_u': 0.001, 'w_Delta_u': 1.0, 'w_u': 1.0}","[1.0, 1.0, 0.001]"
60.0,point_168,168,2026-08-07T08:20:00.742428+00:00,text_log_final_line,0.23880036360972232,0.9961503743886002,13,results/poly_d2_o6/points/point_168/real_tanh_autodiff.json,war_realad_weight_grid_v1,True,True,ok,results/poly_d2_o6/points/point_168/real_tanh_autodiff.log,0.23879866443166436,realad,real_tanh_autodiff,0.9961774649337423,complete,64,poly_d2_o6,"['1e+0', '1e+0', '1e-3']","{'w_Delta2_u': 0.001, 'w_Delta_u': 1.0, 'w_u': 1.0}","[1.0, 1.0, 0.001]"
60.0,point_169,169,2026-08-07T08:21:05.384984+00:00,text_log_final_line,0.0004831225102143311,0.14148204735741576,13,results/poly_d2_o6/points/point_169/war.json,war_realad_weight_grid_v1,True,True,ok,results/poly_d2_o6/points/point_169/war.log,0.00047922755857837706,war,war,0.1411070798636851,complete,71,poly_d2_o6,"['1e+0', '1e+0', '1e-2']","{'w_Delta2_u': 0.01, 'w_Delta_u': 1.0, 'w_u': 1.0}","[1.0, 1.0, 0.01]"
60.0,point_169,169,2026-08-07T08:22:11.411223+00:00,text_log_final_line,0.2388045755483091,0.9962001572546851,13,results/poly_d2_o6/points/point_169/real_tanh_autodiff.json,war_realad_weight_grid_v1,True,True,ok,results/poly_d2_o6/points/point_169/real_tanh_autodiff.log,0.23880305779230324,realad,real_tanh_autodiff,0.9962284234738178,complete,63,poly_d2_o6,"['1e+0', '1e+0', '1e-2']","{'w_Delta2_u': 0.01, 'w_Delta_u': 1.0, 'w_u': 1.0}","[1.0, 1.0, 0.01]"
60.0,point_170,170,2026-08-07T08:23:15.453340+00:00,text_log_final_line,0.000535447995911647,0.1440032279275938,13,results/poly_d2_o6/points/point_170/war.json,war_realad_weight_grid_v1,True,True,ok,results/poly_d2_o6/points/point_170/war.log,0.0005310693580909591,war,war,0.1436786414618647,complete,71,poly_d2_o6,"['1e+0', '1e+0', '1e-1']","{'w_Delta2_u': 0.1, 'w_Delta_u': 1.0, 'w_u': 1.0}","[1.0, 1.0, 0.1]"
60.0,point_170,170,2026-08-07T08:24:19.426828+00:00,text_log_final_line,0.2388041585999939,0.9961943845142934,13,results/poly_d2_o6/points/point_170/real_tanh_autodiff.json,war_realad_weight_grid_v1,True,True,ok,results/poly_d2_o6/points/point_170/real_tanh_autodiff.log,0.23880261927379465,realad,real_tanh_autodiff,0.9962225987171075,complete,63,poly_d2_o6,"['1e+0', '1e+0', '1e-1']","{'w_Delta2_u': 0.1, 'w_Delta_u': 1.0, 'w_u': 1.0}","[1.0, 1.0, 0.1]"
60.0,point_171,171,2026-08-07T08:25:23.606454+00:00,text_log_final_line,0.00043945060904297006,0.16024943654274965,13,results/poly_d2_o6/points/point_171/war.json,war_realad_weight_grid_v1,True,True,ok,results/poly_d2_o6/points/point_171/war.log,0.0004361425850063411,war,war,0.15983307045954034,complete,71,poly_d2_o6,"['1e+0', '1e+0', '1e+0']","{'w_Delta2_u': 1.0, 'w_Delta_u': 1.0, 'w_u': 1.0}","[1.0, 1.0, 1.0]"
60.0,point_171,171,2026-08-07T08:26:28.281686+00:00,text_log_final_line,0.2388040857545595,0.9961948035946088,13,results/poly_d2_o6/points/point_171/real_tanh_autodiff.json,war_realad_weight_grid_v1,True,True,ok,results/poly_d2_o6/points/point_171/real_tanh_autodiff.log,0.23880254258612504,realad,real_tanh_autodiff,0.9962229931883197,complete,63,poly_d2_o6,"['1e+0', '1e+0', '1e+0']","{'w_Delta2_u': 1.0, 'w_Delta_u': 1.0, 'w_u': 1.0}","[1.0, 1.0, 1.0]"
60.0,point_172,172,2026-08-07T08:27:32.244648+00:00,text_log_final_line,0.00046917948982436197,0.17042062512656883,13,results/poly_d2_o6/points/point_172/war.json,war_realad_weight_grid_v1,True,True,ok,results/poly_d2_o6/points/point_172/war.log,0.00046481772278040765,war,war,0.16993277829191292,complete,71,poly_d2_o6,"['1e+0', '1e+0', '1e+1']","{'w_Delta2_u': 10.0, 'w_Delta_u': 1.0, 'w_u': 1.0}","[1.0, 1.0, 10.0]"
60.0,point_172,172,2026-08-07T08:28:36.529246+00:00,text_log_final_line,0.23880484916706868,0.9962222673302416,13,results/poly_d2_o6/points/point_172/real_tanh_autodiff.json,war_realad_weight_grid_v1,True,True,ok,results/poly_d2_o6/points/point_172/real_tanh_autodiff.log,0.2388033293134802,realad,real_tanh_autodiff,0.9962503211333467,complete,63,poly_d2_o6,"['1e+0', '1e+0', '1e+1']","{'w_Delta2_u': 10.0, 'w_Delta_u': 1.0, 'w_u': 1.0}","[1.0, 1.0, 10.0]"
60.0,point_173,173,2026-08-07T08:29:40.646268+00:00,text_log_final_line,0.004125199485477202,0.23137264208506145,13,results/poly_d2_o6/points/point_173/war.json,war_realad_weight_grid_v1,True,True,ok,results/poly_d2_o6/points/point_173/war.log,0.00403539993298093,war,war,0.23167725359172153,complete,71,poly_d2_o6,"['1e+0', '1e+0', '1e+2']","{'w_Delta2_u': 100.0, 'w_Delta_u': 1.0, 'w_u': 1.0}","[1.0, 1.0, 100.0]"
60.0,point_173,173,2026-08-07T08:30:44.942269+00:00,text_log_final_line,0.23880641895206042,0.9964150850775645,13,results/poly_d2_o6/points/point_173/real_tanh_autodiff.json,war_realad_weight_grid_v1,True,True,ok,results/poly_d2_o6/points/point_173/real_tanh_autodiff.log,0.2388048644606811,realad,real_tanh_autodiff,0.99644055709435,complete,64,poly_d2_o6,"['1e+0', '1e+0', '1e+2']","{'w_Delta2_u': 100.0, 'w_Delta_u': 1.0, 'w_u': 1.0}","[1.0, 1.0, 100.0]"
60.0,point_174,174,2026-08-07T08:31:49.692540+00:00,text_log_final_line,0.21991511280258022,0.9483707983324284,13,results/poly_d2_o6/points/point_174/war.json,war_realad_weight_grid_v1,True,True,ok,results/poly_d2_o6/points/point_174/war.log,0.21978332718254998,war,war,0.9482981003998887,complete,71,poly_d2_o6,"['1e+0', '1e+0', '1e+3']","{'w_Delta2_u': 1000.0, 'w_Delta_u': 1.0, 'w_u': 1.0}","[1.0, 1.0, 1000.0]"
60.0,point_174,174,2026-08-07T08:32:54.600666+00:00,text_log_final_line,0.23883914255182268,0.997965540476397,13,results/poly_d2_o6/points/point_174/real_tanh_autodiff.json,war_realad_weight_grid_v1,True,True,ok,results/poly_d2_o6/points/point_174/real_tanh_autodiff.log,0.23883825839588016,realad,real_tanh_autodiff,0.9979820001979186,complete,64,poly_d2_o6,"['1e+0', '1e+0', '1e+3']","{'w_Delta2_u': 1000.0, 'w_Delta_u': 1.0, 'w_u': 1.0}","[1.0, 1.0, 1000.0]"
60.0,point_175,175,2026-08-07T08:33:58.564937+00:00,text_log_final_line,0.0004977237598450888,0.14017046314559573,13,results/poly_d2_o6/points/point_175/war.json,war_realad_weight_grid_v1,True,True,ok,results/poly_d2_o6/points/point_175/war.log,0.0004926595586701842,war,war,0.14000177383559992,complete,71,poly_d2_o6,"['1e+0', '1e+1', '1e-3']","{'w_Delta2_u': 0.001, 'w_Delta_u': 10.0, 'w_u': 1.0}","[1.0, 10.0, 0.001]"
60.0,point_175,175,2026-08-07T08:35:07.501885+00:00,text_log_final_line,0.23881080349198172,0.9965798099894071,13,results/poly_d2_o6/points/point_175/real_tanh_autodiff.json,war_realad_weight_grid_v1,True,True,ok,results/poly_d2_o6/points/point_175/real_tanh_autodiff.log,0.23880938942407068,realad,real_tanh_autodiff,0.9966056810957785,complete,63,poly_d2_o6,"['1e+0', '1e+1', '1e-3']","{'w_Delta2_u': 0.001, 'w_Delta_u': 10.0, 'w_u': 1.0}","[1.0, 10.0, 0.001]"
60.0,point_176,176,2026-08-07T08:36:11.936136+00:00,text_log_final_line,0.0005071556608163906,0.1398037519035304,13,results/poly_d2_o6/points/point_176/war.json,war_realad_weight_grid_v1,True,True,ok,results/poly_d2_o6/points/point_176/war.log,0.0005020808172708081,war,war,0.1396401663543547,complete,71,poly_d2_o6,"['1e+0', '1e+1', '1e-2']","{'w_Delta2_u': 0.01, 'w_Delta_u': 10.0, 'w_u': 1.0}","[1.0, 10.0, 0.01]"
60.0,point_176,176,2026-08-07T08:37:16.234544+00:00,text_log_final_line,0.23880695331549207,0.996541336552382,13,results/poly_d2_o6/points/point_176/real_tanh_autodiff.json,war_realad_weight_grid_v1,True,True,ok,results/poly_d2_o6/points/point_176/real_tanh_autodiff.log,0.23880537207667132,realad,real_tanh_autodiff,0.9965661300322088,complete,64,poly_d2_o6,"['1e+0', '1e+1', '1e-2']","{'w_Delta2_u': 0.01, 'w_Delta_u': 10.0, 'w_u': 1.0}","[1.0, 10.0, 0.01]"
60.0,point_177,177,2026-08-07T08:38:20.110085+00:00,text_log_final_line,0.0005659445886647143,0.13694455876399586,13,results/poly_d2_o6/points/point_177/war.json,war_realad_weight_grid_v1,True,True,ok,results/poly_d2_o6/points/point_177/war.log,0.000560421891046377,war,war,0.1368247008472985,complete,71,poly_d2_o6,"['1e+0', '1e+1', '1e-1']","{'w_Delta2_u': 0.1, 'w_Delta_u': 10.0, 'w_u': 1.0}","[1.0, 10.0, 0.1]"
60.0,point_177,177,2026-08-07T08:39:24.362480+00:00,text_log_final_line,0.23880706630934986,0.9965428554487552,13,results/poly_d2_o6/points/point_177/real_tanh_autodiff.json,war_realad_weight_grid_v1,True,True,ok,results/poly_d2_o6/points/point_177/real_tanh_autodiff.log,0.2388054894560993,realad,real_tanh_autodiff,0.9965676512643316,complete,64,poly_d2_o6,"['1e+0', '1e+1', '1e-1']","{'w_Delta2_u': 0.1, 'w_Delta_u': 10.0, 'w_u': 1.0}","[1.0, 10.0, 0.1]"
60.0,point_178,178,2026-08-07T08:40:28.185046+00:00,text_log_final_line,0.0005317182930495843,0.11955637989377145,13,results/poly_d2_o6/points/point_178/war.json,war_realad_weight_grid_v1,True,True,ok,results/poly_d2_o6/points/point_178/war.log,0.0005260491900741795,war,war,0.11962603894663777,complete,71,poly_d2_o6,"['1e+0', '1e+1', '1e+0']","{'w_Delta2_u': 1.0, 'w_Delta_u': 10.0, 'w_u': 1.0}","[1.0, 10.0, 1.0]"
60.0,point_178,178,2026-08-07T08:41:32.528472+00:00,text_log_final_line,0.23880681555750818,0.9965415097978138,13,results/poly_d2_o6/points/point_178/real_tanh_autodiff.json,war_realad_weight_grid_v1,True,True,ok,results/poly_d2_o6/points/point_178/real_tanh_autodiff.log,0.23880522828211131,realad,real_tanh_autodiff,0.9965662652900726,complete,64,poly_d2_o6,"['1e+0', '1e+1', '1e+0']","{'w_Delta2_u': 1.0, 'w_Delta_u': 10.0, 'w_u': 1.0}","[1.0, 10.0, 1.0]"
60.0,point_179,179,2026-08-07T08:42:36.756782+00:00,text_log_final_line,0.0005642881881454171,0.11275440267702964,13,results/poly_d2_o6/points/point_179/war.json,war_realad_weight_grid_v1,True,True,ok,results/poly_d2_o6/points/point_179/war.log,0.0005576328671978965,war,war,0.11286052123059444,complete,71,poly_d2_o6,"['1e+0', '1e+1', '1e+1']","{'w_Delta2_u': 10.0, 'w_Delta_u': 10.0, 'w_u': 1.0}","[1.0, 10.0, 10.0]"
60.0,point_179,179,2026-08-07T08:43:40.990948+00:00,text_log_final_line,0.2388074809156149,0.9965649571121421,13,results/poly_d2_o6/points/point_179/real_tanh_autodiff.json,war_realad_weight_grid_v1,True,True,ok,results/poly_d2_o6/points/point_179/real_tanh_autodiff.log,0.2388059124988289,realad,real_tanh_autodiff,0.996589594413395,complete,64,poly_d2_o6,"['1e+0', '1e+1', '1e+1']","{'w_Delta2_u': 10.0, 'w_Delta_u': 10.0, 'w_u': 1.0}","[1.0, 10.0, 10.0]"
60.0,point_180,180,2026-08-07T08:44:44.836757+00:00,text_log_final_line,0.005283708200516356,0.23402175231809555,13,results/poly_d2_o6/points/point_180/war.json,war_realad_weight_grid_v1,True,True,ok,results/poly_d2_o6/points/point_180/war.log,0.005146815921805371,war,war,0.23470290259503515,complete,71,poly_d2_o6,"['1e+0', '1e+1', '1e+2']","{'w_Delta2_u': 100.0, 'w_Delta_u': 10.0, 'w_u': 1.0}","[1.0, 10.0, 100.0]"
60.0,point_180,180,2026-08-07T08:45:49.036503+00:00,text_log_final_line,0.23881558205904796,0.996800769589282,13,results/poly_d2_o6/points/point_180/real_tanh_autodiff.json,war_realad_weight_grid_v1,True,True,ok,results/poly_d2_o6/points/point_180/real_tanh_autodiff.log,0.23881427683738998,realad,real_tanh_autodiff,0.9968252038333179,complete,63,poly_d2_o6,"['1e+0', '1e+1', '1e+2']","{'w_Delta2_u': 100.0, 'w_Delta_u': 10.0, 'w_u': 1.0}","[1.0, 10.0, 100.0]"
60.0,point_181,181,2026-08-07T08:46:52.880999+00:00,text_log_final_line,0.22058184690738772,0.9495663351741233,13,results/poly_d2_o6/points/point_181/war.json,war_realad_weight_grid_v1,True,True,ok,results/poly_d2_o6/points/point_181/war.log,0.22045630742921016,war,war,0.9495008558033514,complete,71,poly_d2_o6,"['1e+0', '1e+1', '1e+3']","{'w_Delta2_u': 1000.0, 'w_Delta_u': 10.0, 'w_u': 1.0}","[1.0, 10.0, 1000.0]"
60.0,point_181,181,2026-08-07T08:47:57.646289+00:00,text_log_final_line,0.238841582658466,0.9981269808296064,13,results/poly_d2_o6/points/point_181/real_tanh_autodiff.json,war_realad_weight_grid_v1,True,True,ok,results/poly_d2_o6/points/point_181/real_tanh_autodiff.log,0.23884072817564567,realad,real_tanh_autodiff,0.9981427830185675,complete,64,poly_d2_o6,"['1e+0', '1e+1', '1e+3']","{'w_Delta2_u': 1000.0, 'w_Delta_u': 10.0, 'w_u': 1.0}","[1.0, 10.0, 1000.0]"
60.0,point_182,182,2026-08-07T08:49:01.490748+00:00,text_log_final_line,0.00621300330732084,0.1373391466465925,13,results/poly_d2_o6/points/point_182/war.json,war_realad_weight_grid_v1,True,True,ok,results/poly_d2_o6/points/point_182/war.log,0.006062572400903735,war,war,0.1375012986310004,complete,71,poly_d2_o6,"['1e+0', '1e+2', '1e-3']","{'w_Delta2_u': 0.001, 'w_Delta_u': 100.0, 'w_u': 1.0}","[1.0, 100.0, 0.001]"
60.0,point_182,182,2026-08-07T08:50:08.606567+00:00,text_log_final_line,0.23884035281088117,0.9985161588463155,13,results/poly_d2_o6/points/point_182/real_tanh_autodiff.json,war_realad_weight_grid_v1,True,True,ok,results/poly_d2_o6/points/point_182/real_tanh_autodiff.log,0.23883936134867784,realad,real_tanh_autodiff,0.998531146789523,complete,63,poly_d2_o6,"['1e+0', '1e+2', '1e-3']","{'w_Delta2_u': 0.001, 'w_Delta_u': 100.0, 'w_u': 1.0}","[1.0, 100.0, 0.001]"
60.0,point_183,183,2026-08-07T08:51:14.899312+00:00,text_log_final_line,0.006306764584451749,0.13751021176601164,13,results/poly_d2_o6/points/point_183/war.json,war_realad_weight_grid_v1,True,True,ok,results/poly_d2_o6/points/point_183/war.log,0.006154973266098742,war,war,0.13767245522807464,complete,71,poly_d2_o6,"['1e+0', '1e+2', '1e-2']","{'w_Delta2_u': 0.01, 'w_Delta_u': 100.0, 'w_u': 1.0}","[1.0, 100.0, 0.01]"
60.0,point_183,183,2026-08-07T08:52:18.880834+00:00,text_log_final_line,0.23884043999468652,0.9985159851955576,13,results/poly_d2_o6/points/point_183/real_tanh_autodiff.json,war_realad_weight_grid_v1,True,True,ok,results/poly_d2_o6/points/point_183/real_tanh_autodiff.log,0.23883945377508373,realad,real_tanh_autodiff,0.9985309677558549,complete,63,poly_d2_o6,"['1e+0', '1e+2', '1e-2']","{'w_Delta2_u': 0.01, 'w_Delta_u': 100.0, 'w_u': 1.0}","[1.0, 100.0, 0.01]"
60.0,point_184,184,2026-08-07T08:53:22.983091+00:00,text_log_final_line,0.0070035351341869966,0.13752401750077675,13,results/poly_d2_o6/points/point_184/war.json,war_realad_weight_grid_v1,True,True,ok,results/poly_d2_o6/points/point_184/war.log,0.00684622760056847,war,war,0.13768901778168963,complete,71,poly_d2_o6,"['1e+0', '1e+2', '1e-1']","{'w_Delta2_u': 0.1, 'w_Delta_u': 100.0, 'w_u': 1.0}","[1.0, 100.0, 0.1]"
60.0,point_184,184,2026-08-07T08:54:26.888724+00:00,text_log_final_line,0.2388406003621096,0.9985158204550696,13,results/poly_d2_o6/points/point_184/real_tanh_autodiff.json,war_realad_weight_grid_v1,True,True,ok,results/poly_d2_o6/points/point_184/real_tanh_autodiff.log,0.23883962368948283,realad,real_tanh_autodiff,0.9985307959002361,complete,63,poly_d2_o6,"['1e+0', '1e+2', '1e-1']","{'w_Delta2_u': 0.1, 'w_Delta_u': 100.0, 'w_u': 1.0}","[1.0, 100.0, 0.1]"
60.0,point_185,185,2026-08-07T08:55:31.364918+00:00,text_log_final_line,0.010804297649341606,0.14278882155136635,13,results/poly_d2_o6/points/point_185/war.json,war_realad_weight_grid_v1,True,True,ok,results/poly_d2_o6/points/point_185/war.log,0.010566075578540739,war,war,0.14284034565135498,complete,71,poly_d2_o6,"['1e+0', '1e+2', '1e+0']","{'w_Delta2_u': 1.0, 'w_Delta_u': 100.0, 'w_u': 1.0}","[1.0, 100.0, 1.0]"
60.0,point_185,185,2026-08-07T08:56:35.411201+00:00,text_log_final_line,0.23884037274478737,0.9985167033519022,13,results/poly_d2_o6/points/point_185/real_tanh_autodiff.json,war_realad_weight_grid_v1,True,True,ok,results/poly_d2_o6/points/point_185/real_tanh_autodiff.log,0.23883938251787004,realad,real_tanh_autodiff,0.9985316889483631,complete,63,poly_d2_o6,"['1e+0', '1e+2', '1e+0']","{'w_Delta2_u': 1.0, 'w_Delta_u': 100.0, 'w_u': 1.0}","[1.0, 100.0, 1.0]"
60.0,point_186,186,2026-08-07T08:57:40.185114+00:00,text_log_final_line,0.01183234000357278,0.17388222732864586,13,results/poly_d2_o6/points/point_186/war.json,war_realad_weight_grid_v1,True,True,ok,results/poly_d2_o6/points/point_186/war.log,0.0113513822791096,war,war,0.17346876969658412,complete,71,poly_d2_o6,"['1e+0', '1e+2', '1e+1']","{'w_Delta2_u': 10.0, 'w_Delta_u': 100.0, 'w_u': 1.0}","[1.0, 100.0, 10.0]"
60.0,point_186,186,2026-08-07T08:58:44.073221+00:00,text_log_final_line,0.23884054051709233,0.9985233731211722,13,results/poly_d2_o6/points/point_186/real_tanh_autodiff.json,war_realad_weight_grid_v1,True,True,ok,results/poly_d2_o6/points/point_186/real_tanh_autodiff.log,0.23883955265250076,realad,real_tanh_autodiff,0.9985383235419394,complete,63,poly_d2_o6,"['1e+0', '1e+2', '1e+1']","{'w_Delta2_u': 10.0, 'w_Delta_u': 100.0, 'w_u': 1.0}","[1.0, 100.0, 10.0]"
60.0,point_187,187,2026-08-07T08:59:48.015917+00:00,text_log_final_line,0.07951454421013607,0.5536954686275152,13,results/poly_d2_o6/points/point_187/war.json,war_realad_weight_grid_v1,True,True,ok,results/poly_d2_o6/points/point_187/war.log,0.07774006776167104,war,war,0.5529057658646681,complete,71,poly_d2_o6,"['1e+0', '1e+2', '1e+2']","{'w_Delta2_u': 100.0, 'w_Delta_u': 100.0, 'w_u': 1.0}","[1.0, 100.0, 100.0]"
60.0,point_187,187,2026-08-07T09:00:52.357541+00:00,text_log_final_line,0.23884022639877014,0.9985958719380228,13,results/poly_d2_o6/points/point_187/real_tanh_autodiff.json,war_realad_weight_grid_v1,True,True,ok,results/poly_d2_o6/points/point_187/real_tanh_autodiff.log,0.2388391980779973,realad,real_tanh_autodiff,0.9986100370052742,complete,64,poly_d2_o6,"['1e+0', '1e+2', '1e+2']","{'w_Delta2_u': 100.0, 'w_Delta_u': 100.0, 'w_u': 1.0}","[1.0, 100.0, 100.0]"
60.0,point_188,188,2026-08-07T09:01:56.376196+00:00,text_log_final_line,0.22392612751575575,0.9632453309832006,13,results/poly_d2_o6/points/point_188/war.json,war_realad_weight_grid_v1,True,True,ok,results/poly_d2_o6/points/point_188/war.log,0.2238287129193135,war,war,0.9632313648429862,complete,71,poly_d2_o6,"['1e+0', '1e+2', '1e+3']","{'w_Delta2_u': 1000.0, 'w_Delta_u': 100.0, 'w_u': 1.0}","[1.0, 100.0, 1000.0]"
60.0,point_188,188,2026-08-07T09:03:00.450755+00:00,text_log_final_line,0.238854927091536,0.999114276230439,13,results/poly_d2_o6/points/point_188/real_tanh_autodiff.json,war_realad_weight_grid_v1,True,True,ok,results/poly_d2_o6/points/point_188/real_tanh_autodiff.log,0.23885418001941158,realad,real_tanh_autodiff,0.9991263748817862,complete,63,poly_d2_o6,"['1e+0', '1e+2', '1e+3']","{'w_Delta2_u': 1000.0, 'w_Delta_u': 100.0, 'w_u': 1.0}","[1.0, 100.0, 1000.0]"
60.0,point_189,189,2026-08-07T09:04:04.436643+00:00,text_log_final_line,0.2256957866487928,0.9717839602717513,13,results/poly_d2_o6/points/point_189/war.json,war_realad_weight_grid_v1,True,True,ok,results/poly_d2_o6/points/point_189/war.log,0.22562466813360327,war,war,0.9717715426867408,complete,71,poly_d2_o6,"['1e+0', '1e+3', '1e-3']","{'w_Delta2_u': 0.001, 'w_Delta_u': 1000.0, 'w_u': 1.0}","[1.0, 1000.0, 0.001]"
60.0,point_189,189,2026-08-07T09:05:11.189676+00:00,text_log_final_line,0.23887426697249622,1.0002178335616068,13,results/poly_d2_o6/points/point_189/real_tanh_autodiff.json,war_realad_weight_grid_v1,True,True,ok,results/poly_d2_o6/points/point_189/real_tanh_autodiff.log,0.23887383022384773,realad,real_tanh_autodiff,1.0002170935731538,complete,64,poly_d2_o6,"['1e+0', '1e+3', '1e-3']","{'w_Delta2_u': 0.001, 'w_Delta_u': 1000.0, 'w_u': 1.0}","[1.0, 1000.0, 0.001]"
60.0,point_190,190,2026-08-07T09:06:15.096035+00:00,text_log_final_line,0.22568659788458578,0.9717587284546019,13,results/poly_d2_o6/points/point_190/war.json,war_realad_weight_grid_v1,True,True,ok,results/poly_d2_o6/points/point_190/war.log,0.2256153659842553,war,war,0.9717464601411544,complete,71,poly_d2_o6,"['1e+0', '1e+3', '1e-2']","{'w_Delta2_u': 0.01, 'w_Delta_u': 1000.0, 'w_u': 1.0}","[1.0, 1000.0, 0.01]"
60.0,point_190,190,2026-08-07T09:07:19.339422+00:00,text_log_final_line,0.23887426972540357,1.0002177446699416,13,results/poly_d2_o6/points/point_190/real_tanh_autodiff.json,war_realad_weight_grid_v1,True,True,ok,results/poly_d2_o6/points/point_190/real_tanh_autodiff.log,0.23887383331564518,realad,real_tanh_autodiff,1.0002170058724196,complete,64,poly_d2_o6,"['1e+0', '1e+3', '1e-2']","{'w_Delta2_u': 0.01, 'w_Delta_u': 1000.0, 'w_u': 1.0}","[1.0, 1000.0, 0.01]"
60.0,point_191,191,2026-08-07T09:08:23.425310+00:00,text_log_final_line,0.22570180359746142,0.9717883696090035,13,results/poly_d2_o6/points/point_191/war.json,war_realad_weight_grid_v1,True,True,ok,results/poly_d2_o6/points/point_191/war.log,0.22563074937193467,war,war,0.9717759786355079,complete,71,poly_d2_o6,"['1e+0', '1e+3', '1e-1']","{'w_Delta2_u': 0.1, 'w_Delta_u': 1000.0, 'w_u': 1.0}","[1.0, 1000.0, 0.1]"
60.0,point_191,191,2026-08-07T09:09:27.173563+00:00,text_log_final_line,0.23887488969817464,1.0001929627979935,13,results/poly_d2_o6/points/point_191/real_tanh_autodiff.json,war_realad_weight_grid_v1,True,True,ok,results/poly_d2_o6/points/point_191/real_tanh_autodiff.log,0.23887450415776612,realad,real_tanh_autodiff,1.0001921401081173,complete,63,poly_d2_o6,"['1e+0', '1e+3', '1e-1']","{'w_Delta2_u': 0.1, 'w_Delta_u': 1000.0, 'w_u': 1.0}","[1.0, 1000.0, 0.1]"
60.0,point_192,192,2026-08-07T09:10:31.182218+00:00,text_log_final_line,0.22571674384583618,0.9717306480541508,13,results/poly_d2_o6/points/point_192/war.json,war_realad_weight_grid_v1,True,True,ok,results/poly_d2_o6/points/point_192/war.log,0.22564579154653702,war,war,0.9717178669283614,complete,71,poly_d2_o6,"['1e+0', '1e+3', '1e+0']","{'w_Delta2_u': 1.0, 'w_Delta_u': 1000.0, 'w_u': 1.0}","[1.0, 1000.0, 1.0]"
60.0,point_192,192,2026-08-07T09:11:35.808850+00:00,text_log_final_line,0.23887428300925215,1.0002172894815116,13,results/poly_d2_o6/points/point_192/real_tanh_autodiff.json,war_realad_weight_grid_v1,True,True,ok,results/poly_d2_o6/points/point_192/real_tanh_autodiff.log,0.23887384747818596,realad,real_tanh_autodiff,1.00021655348925,complete,64,poly_d2_o6,"['1e+0', '1e+3', '1e+0']","{'w_Delta2_u': 1.0, 'w_Delta_u': 1000.0, 'w_u': 1.0}","[1.0, 1000.0, 1.0]"
60.0,point_193,193,2026-08-07T09:12:39.777320+00:00,text_log_final_line,0.22605959165272774,0.9717335912572906,13,results/poly_d2_o6/points/point_193/war.json,war_realad_weight_grid_v1,True,True,ok,results/poly_d2_o6/points/point_193/war.log,0.22599073206806894,war,war,0.9717233489710291,complete,71,poly_d2_o6,"['1e+0', '1e+3', '1e+1']","{'w_Delta2_u': 10.0, 'w_Delta_u': 1000.0, 'w_u': 1.0}","[1.0, 1000.0, 10.0]"
60.0,point_193,193,2026-08-07T09:13:44.566982+00:00,text_log_final_line,0.2388742661518187,1.0002191682597792,13,results/poly_d2_o6/points/point_193/real_tanh_autodiff.json,war_realad_weight_grid_v1,True,True,ok,results/poly_d2_o6/points/point_193/real_tanh_autodiff.log,0.23887382638123275,realad,real_tanh_autodiff,1.0002184328689325,complete,64,poly_d2_o6,"['1e+0', '1e+3', '1e+1']","{'w_Delta2_u': 10.0, 'w_Delta_u': 1000.0, 'w_u': 1.0}","[1.0, 1000.0, 10.0]"
60.0,point_194,194,2026-08-07T09:14:48.482866+00:00,text_log_final_line,0.228767445952136,0.9748827834047908,13,results/poly_d2_o6/points/point_194/war.json,war_realad_weight_grid_v1,True,True,ok,results/poly_d2_o6/points/point_194/war.log,0.22871503713160246,war,war,0.9748413748111405,complete,71,poly_d2_o6,"['1e+0', '1e+3', '1e+2']","{'w_Delta2_u': 100.0, 'w_Delta_u': 1000.0, 'w_u': 1.0}","[1.0, 1000.0, 100.0]"
60.0,point_194,194,2026-08-07T09:15:52.415946+00:00,text_log_final_line,0.2388752308469294,1.0001948468115085,13,results/poly_d2_o6/points/point_194/real_tanh_autodiff.json,war_realad_weight_grid_v1,True,True,ok,results/poly_d2_o6/points/point_194/real_tanh_autodiff.log,0.23887485184846813,realad,real_tanh_autodiff,1.0001941091926538,complete,63,poly_d2_o6,"['1e+0', '1e+3', '1e+2']","{'w_Delta2_u': 100.0, 'w_Delta_u': 1000.0, 'w_u': 1.0}","[1.0, 1000.0, 100.0]"
60.0,point_195,195,2026-08-07T09:16:56.478768+00:00,text_log_final_line,0.2332261227263413,0.9862251000023539,13,results/poly_d2_o6/points/point_195/war.json,war_realad_weight_grid_v1,True,True,ok,results/poly_d2_o6/points/point_195/war.log,0.2331780843092234,war,war,0.9861447238577462,complete,71,poly_d2_o6,"['1e+0', '1e+3', '1e+3']","{'w_Delta2_u': 1000.0, 'w_Delta_u': 1000.0, 'w_u': 1.0}","[1.0, 1000.0, 1000.0]"
60.0,point_195,195,2026-08-07T09:18:02.206585+00:00,text_log_final_line,0.238876542424339,1.000247577449889,13,results/poly_d2_o6/points/point_195/real_tanh_autodiff.json,war_realad_weight_grid_v1,True,True,ok,results/poly_d2_o6/points/point_195/real_tanh_autodiff.log,0.23887615115169206,realad,real_tanh_autodiff,1.0002470216133403,complete,63,poly_d2_o6,"['1e+0', '1e+3', '1e+3']","{'w_Delta2_u': 1000.0, 'w_Delta_u': 1000.0, 'w_u': 1.0}","[1.0, 1000.0, 1000.0]"
60.0,point_196,196,2026-08-07T09:19:07.081830+00:00,text_log_final_line,0.001055407270768212,0.1886183101976643,13,results/poly_d2_o6/points/point_196/war.json,war_realad_weight_grid_v1,True,True,ok,results/poly_d2_o6/points/point_196/war.log,0.0010226776094681398,war,war,0.18769928837703168,complete,71,poly_d2_o6,"['1e+1', '1e-3', '1e-3']","{'w_Delta2_u': 0.001, 'w_Delta_u': 0.001, 'w_u': 10.0}","[10.0, 0.001, 0.001]"
60.0,point_196,196,2026-08-07T09:20:10.971595+00:00,text_log_final_line,0.23892842141255288,0.9995256436279916,13,results/poly_d2_o6/points/point_196/real_tanh_autodiff.json,war_realad_weight_grid_v1,True,True,ok,results/poly_d2_o6/points/point_196/real_tanh_autodiff.log,0.23892679480289855,realad,real_tanh_autodiff,0.9995423295695799,complete,63,poly_d2_o6,"['1e+1', '1e-3', '1e-3']","{'w_Delta2_u': 0.001, 'w_Delta_u': 0.001, 'w_u': 10.0}","[10.0, 0.001, 0.001]"
60.0,point_197,197,2026-08-07T09:21:15.169351+00:00,text_log_final_line,0.001159241195561604,0.18517297771402302,13,results/poly_d2_o6/points/point_197/war.json,war_realad_weight_grid_v1,True,True,ok,results/poly_d2_o6/points/point_197/war.log,0.0011261752807366645,war,war,0.18427167534160876,complete,71,poly_d2_o6,"['1e+1', '1e-3', '1e-2']","{'w_Delta2_u': 0.01, 'w_Delta_u': 0.001, 'w_u': 10.0}","[10.0, 0.001, 0.01]"
60.0,point_197,197,2026-08-07T09:22:19.057365+00:00,text_log_final_line,0.23892836944545942,0.9995260459745601,13,results/poly_d2_o6/points/point_197/real_tanh_autodiff.json,war_realad_weight_grid_v1,True,True,ok,results/poly_d2_o6/points/point_197/real_tanh_autodiff.log,0.23892676411650443,realad,real_tanh_autodiff,0.9995427272435204,complete,63,poly_d2_o6,"['1e+1', '1e-3', '1e-2']","{'w_Delta2_u': 0.01, 'w_Delta_u': 0.001, 'w_u': 10.0}","[10.0, 0.001, 0.01]"
60.0,point_198,198,2026-08-07T09:23:22.892486+00:00,text_log_final_line,0.0018386566533678426,0.15764549766141356,13,results/poly_d2_o6/points/point_198/war.json,war_realad_weight_grid_v1,True,True,ok,results/poly_d2_o6/points/point_198/war.log,0.0018070222797220972,war,war,0.1568852293392093,complete,71,poly_d2_o6,"['1e+1', '1e-3', '1e-1']","{'w_Delta2_u': 0.1, 'w_Delta_u': 0.001, 'w_u': 10.0}","[10.0, 0.001, 0.1]"
60.0,point_198,198,2026-08-07T09:24:27.501204+00:00,text_log_final_line,0.23892853193410835,0.9995251801040266,13,results/poly_d2_o6/points/point_198/real_tanh_autodiff.json,war_realad_weight_grid_v1,True,True,ok,results/poly_d2_o6/points/point_198/real_tanh_autodiff.log,0.23892686653158907,realad,real_tanh_autodiff,0.9995418687810372,complete,63,poly_d2_o6,"['1e+1', '1e-3', '1e-1']","{'w_Delta2_u': 0.1, 'w_Delta_u': 0.001, 'w_u': 10.0}","[10.0, 0.001, 0.1]"
60.0,point_199,199,2026-08-07T09:25:31.579900+00:00,text_log_final_line,0.001562462133034778,0.07094878354797542,13,results/poly_d2_o6/points/point_199/war.json,war_realad_weight_grid_v1,True,True,ok,results/poly_d2_o6/points/point_199/war.log,0.0015469605294310053,war,war,0.070845137385647,complete,71,poly_d2_o6,"['1e+1', '1e-3', '1e+0']","{'w_Delta2_u': 1.0, 'w_Delta_u': 0.001, 'w_u': 10.0}","[10.0, 0.001, 1.0]"
60.0,point_199,199,2026-08-07T09:26:35.440152+00:00,text_log_final_line,0.23892844550508907,0.9995254839614193,13,results/poly_d2_o6/points/point_199/real_tanh_autodiff.json,war_realad_weight_grid_v1,True,True,ok,results/poly_d2_o6/points/point_199/real_tanh_autodiff.log,0.23892681035323388,realad,real_tanh_autodiff,0.9995421713931024,complete,63,poly_d2_o6,"['1e+1', '1e-3', '1e+0']","{'w_Delta2_u': 1.0, 'w_Delta_u': 0.001, 'w_u': 10.0}","[10.0, 0.001, 1.0]"
60.0,point_200,200,2026-08-07T09:27:39.587024+00:00,text_log_final_line,0.0010745463298757823,0.11160088458621532,13,results/poly_d2_o6/points/point_200/war.json,war_realad_weight_grid_v1,True,True,ok,results/poly_d2_o6/points/point_200/war.log,0.0010214551270677438,war,war,0.11161833158758692,complete,71,poly_d2_o6,"['1e+1', '1e-3', '1e+1']","{'w_Delta2_u': 10.0, 'w_Delta_u': 0.001, 'w_u': 10.0}","[10.0, 0.001, 10.0]"
60.0,point_200,200,2026-08-07T09:28:43.833962+00:00,text_log_final_line,0.23892831333199693,0.9995260420075711,13,results/poly_d2_o6/points/point_200/real_tanh_autodiff.json,war_realad_weight_grid_v1,True,True,ok,results/poly_d2_o6/points/point_200/real_tanh_autodiff.log,0.23892672260508704,realad,real_tanh_autodiff,0.9995427253109231,complete,63,poly_d2_o6,"['1e+1', '1e-3', '1e+1']","{'w_Delta2_u': 10.0, 'w_Delta_u': 0.001, 'w_u': 10.0}","[10.0, 0.001, 10.0]"
60.0,point_201,201,2026-08-07T09:29:48.050148+00:00,text_log_final_line,0.002768841804638194,0.23822802351346745,13,results/poly_d2_o6/points/point_201/war.json,war_realad_weight_grid_v1,True,True,ok,results/poly_d2_o6/points/point_201/war.log,0.0026872045237266535,war,war,0.23908600101612532,complete,71,poly_d2_o6,"['1e+1', '1e-3', '1e+2']","{'w_Delta2_u': 100.0, 'w_Delta_u': 0.001, 'w_u': 10.0}","[10.0, 0.001, 100.0]"
60.0,point_201,201,2026-08-07T09:30:52.086771+00:00,text_log_final_line,0.2389282923027481,0.9995267316190434,13,results/poly_d2_o6/points/point_201/real_tanh_autodiff.json,war_realad_weight_grid_v1,True,True,ok,results/poly_d2_o6/points/point_201/real_tanh_autodiff.log,0.23892671296244347,realad,real_tanh_autodiff,0.9995434092819988,complete,63,poly_d2_o6,"['1e+1', '1e-3', '1e+2']","{'w_Delta2_u': 100.0, 'w_Delta_u': 0.001, 'w_u': 10.0}","[10.0, 0.001, 100.0]"
60.0,point_202,202,2026-08-07T09:31:56.100227+00:00,text_log_final_line,0.22152734416055386,0.9576203094490631,13,results/poly_d2_o6/points/point_202/war.json,war_realad_weight_grid_v1,True,True,ok,results/poly_d2_o6/points/point_202/war.log,0.2214076094315296,war,war,0.9575143160167287,complete,71,poly_d2_o6,"['1e+1', '1e-3', '1e+3']","{'w_Delta2_u': 1000.0, 'w_Delta_u': 0.001, 'w_u': 10.0}","[10.0, 0.001, 1000.0]"
60.0,point_202,202,2026-08-07T09:33:00.192479+00:00,text_log_final_line,0.2389282734752758,0.9995350481351032,13,results/poly_d2_o6/points/point_202/real_tanh_autodiff.json,war_realad_weight_grid_v1,True,True,ok,results/poly_d2_o6/points/point_202/real_tanh_autodiff.log,0.23892674490096183,realad,real_tanh_autodiff,0.9995515904341179,complete,63,poly_d2_o6,"['1e+1', '1e-3', '1e+3']","{'w_Delta2_u': 1000.0, 'w_Delta_u': 0.001, 'w_u': 10.0}","[10.0, 0.001, 1000.0]"
60.0,point_203,203,2026-08-07T09:34:04.731697+00:00,text_log_final_line,0.0010978317443373206,0.18703179986259993,13,results/poly_d2_o6/points/point_203/war.json,war_realad_weight_grid_v1,True,True,ok,results/poly_d2_o6/points/point_203/war.log,0.001065301329469407,war,war,0.1861217623875573,complete,71,poly_d2_o6,"['1e+1', '1e-2', '1e-3']","{'w_Delta2_u': 0.001, 'w_Delta_u': 0.01, 'w_u': 10.0}","[10.0, 0.01, 0.001]"
60.0,point_203,203,2026-08-07T09:35:11.113210+00:00,text_log_final_line,0.23892742346471388,0.9995248073317254,13,results/poly_d2_o6/points/point_203/real_tanh_autodiff.json,war_realad_weight_grid_v1,True,True,ok,results/poly_d2_o6/points/point_203/real_tanh_autodiff.log,0.23892512327560256,realad,real_tanh_autodiff,0.9995407138179776,complete,64,poly_d2_o6,"['1e+1', '1e-2', '1e-3']","{'w_Delta2_u': 0.001, 'w_Delta_u': 0.01, 'w_u': 10.0}","[10.0, 0.01, 0.001]"
60.0,point_204,204,2026-08-07T09:36:15.113687+00:00,text_log_final_line,0.001198558516221324,0.18364863621174476,13,results/poly_d2_o6/points/point_204/war.json,war_realad_weight_grid_v1,True,True,ok,results/poly_d2_o6/points/point_204/war.log,0.0011652800887276364,war,war,0.18275597572937785,complete,71,poly_d2_o6,"['1e+1', '1e-2', '1e-2']","{'w_Delta2_u': 0.01, 'w_Delta_u': 0.01, 'w_u': 10.0}","[10.0, 0.01, 0.01]"
60.0,point_204,204,2026-08-07T09:37:19.625814+00:00,text_log_final_line,0.23892735513073565,0.9995250137603305,13,results/poly_d2_o6/points/point_204/real_tanh_autodiff.json,war_realad_weight_grid_v1,True,True,ok,results/poly_d2_o6/points/point_204/real_tanh_autodiff.log,0.23892508966557055,realad,real_tanh_autodiff,0.999540920029306,complete,64,poly_d2_o6,"['1e+1', '1e-2', '1e-2']","{'w_Delta2_u': 0.01, 'w_Delta_u': 0.01, 'w_u': 10.0}","[10.0, 0.01, 0.01]"
60.0,point_205,205,2026-08-07T09:38:23.745971+00:00,text_log_final_line,0.0018656566975371834,0.1565012175340763,13,results/poly_d2_o6/points/point_205/war.json,war_realad_weight_grid_v1,True,True,ok,results/poly_d2_o6/points/point_205/war.log,0.0018350449701045797,war,war,0.15574623871462304,complete,71,poly_d2_o6,"['1e+1', '1e-2', '1e-1']","{'w_Delta2_u': 0.1, 'w_Delta_u': 0.01, 'w_u': 10.0}","[10.0, 0.01, 0.1]"
60.0,point_205,205,2026-08-07T09:39:28.186560+00:00,text_log_final_line,0.23892749488103268,0.9995242016639401,13,results/poly_d2_o6/points/point_205/real_tanh_autodiff.json,war_realad_weight_grid_v1,True,True,ok,results/poly_d2_o6/points/point_205/real_tanh_autodiff.log,0.23892514689455946,realad,real_tanh_autodiff,0.9995401063501835,complete,64,poly_d2_o6,"['1e+1', '1e-2', '1e-1']","{'w_Delta2_u': 0.1, 'w_Delta_u': 0.01, 'w_u': 10.0}","[10.0, 0.01, 0.1]"
60.0,point_206,206,2026-08-07T09:40:32.263392+00:00,text_log_final_line,0.0015704073299309866,0.07072089077993422,13,results/poly_d2_o6/points/point_206/war.json,war_realad_weight_grid_v1,True,True,ok,results/poly_d2_o6/points/point_206/war.log,0.0015549386019959486,war,war,0.07061847138891658,complete,71,poly_d2_o6,"['1e+1', '1e-2', '1e+0']","{'w_Delta2_u': 1.0, 'w_Delta_u': 0.01, 'w_u': 10.0}","[10.0, 0.01, 1.0]"
60.0,point_206,206,2026-08-07T09:41:36.676640+00:00,text_log_final_line,0.23892741926376623,0.9995245202582295,13,results/poly_d2_o6/points/point_206/real_tanh_autodiff.json,war_realad_weight_grid_v1,True,True,ok,results/poly_d2_o6/points/point_206/real_tanh_autodiff.log,0.2389251115980855,realad,real_tanh_autodiff,0.9995404249771622,complete,64,poly_d2_o6,"['1e+1', '1e-2', '1e+0']","{'w_Delta2_u': 1.0, 'w_Delta_u': 0.01, 'w_u': 10.0}","[10.0, 0.01, 1.0]"
60.0,point_207,207,2026-08-07T09:42:40.730921+00:00,text_log_final_line,0.0010827216569581969,0.11154241010642035,13,results/poly_d2_o6/points/point_207/war.json,war_realad_weight_grid_v1,True,True,ok,results/poly_d2_o6/points/point_207/war.log,0.0010293746620918067,war,war,0.11155977258775643,complete,71,poly_d2_o6,"['1e+1', '1e-2', '1e+1']","{'w_Delta2_u': 10.0, 'w_Delta_u': 0.01, 'w_u': 10.0}","[10.0, 0.01, 10.0]"
60.0,point_207,207,2026-08-07T09:43:45.264500+00:00,text_log_final_line,0.23892749943148228,0.9995242056409023,13,results/poly_d2_o6/points/point_207/real_tanh_autodiff.json,war_realad_weight_grid_v1,True,True,ok,results/poly_d2_o6/points/point_207/real_tanh_autodiff.log,0.23892514463102713,realad,real_tanh_autodiff,0.9995401076518784,complete,64,poly_d2_o6,"['1e+1', '1e-2', '1e+1']","{'w_Delta2_u': 10.0, 'w_Delta_u': 0.01, 'w_u': 10.0}","[10.0, 0.01, 10.0]"
60.0,point_208,208,2026-08-07T09:44:49.164319+00:00,text_log_final_line,0.0027689313259110252,0.23799506330560982,13,results/poly_d2_o6/points/point_208/war.json,war_realad_weight_grid_v1,True,True,ok,results/poly_d2_o6/points/point_208/war.log,0.0026900939517491584,war,war,0.23885550958060298,complete,71,poly_d2_o6,"['1e+1', '1e-2', '1e+2']","{'w_Delta2_u': 100.0, 'w_Delta_u': 0.01, 'w_u': 10.0}","[10.0, 0.01, 100.0]"
60.0,point_208,208,2026-08-07T09:45:53.421039+00:00,text_log_final_line,0.23892746018128858,0.9995255898255275,13,results/poly_d2_o6/points/point_208/real_tanh_autodiff.json,war_realad_weight_grid_v1,True,True,ok,results/poly_d2_o6/points/point_208/real_tanh_autodiff.log,0.2389251516804331,realad,real_tanh_autodiff,0.999541488047505,complete,64,poly_d2_o6,"['1e+1', '1e-2', '1e+2']","{'w_Delta2_u': 100.0, 'w_Delta_u': 0.01, 'w_u': 10.0}","[10.0, 0.01, 100.0]"
60.0,point_209,209,2026-08-07T09:46:57.360413+00:00,text_log_final_line,0.22152524895111786,0.9576148912565018,13,results/poly_d2_o6/points/point_209/war.json,war_realad_weight_grid_v1,True,True,ok,results/poly_d2_o6/points/point_209/war.log,0.2214055126483099,war,war,0.957508921499541,complete,71,poly_d2_o6,"['1e+1', '1e-2', '1e+3']","{'w_Delta2_u': 1000.0, 'w_Delta_u': 0.01, 'w_u': 10.0}","[10.0, 0.01, 1000.0]"
60.0,point_209,209,2026-08-07T09:48:01.801407+00:00,text_log_final_line,0.23892756907057397,0.999533565046416,13,results/poly_d2_o6/points/point_209/real_tanh_autodiff.json,war_realad_weight_grid_v1,True,True,ok,results/poly_d2_o6/points/point_209/real_tanh_autodiff.log,0.23892524467783302,realad,real_tanh_autodiff,0.999549326292498,complete,64,poly_d2_o6,"['1e+1', '1e-2', '1e+3']","{'w_Delta2_u': 1000.0, 'w_Delta_u': 0.01, 'w_u': 10.0}","[10.0, 0.01, 1000.0]"
60.0,point_210,210,2026-08-07T09:49:06.223182+00:00,text_log_final_line,0.0014602563217472433,0.17241903457526547,13,results/poly_d2_o6/points/point_210/war.json,war_realad_weight_grid_v1,True,True,ok,results/poly_d2_o6/points/point_210/war.log,0.001426835192845114,war,war,0.17159021901678267,complete,71,poly_d2_o6,"['1e+1', '1e-1', '1e-3']","{'w_Delta2_u': 0.001, 'w_Delta_u': 0.1, 'w_u': 10.0}","[10.0, 0.1, 0.001]"
60.0,point_210,210,2026-08-07T09:50:12.011842+00:00,text_log_final_line,0.2389283871274383,0.9995259607702278,13,results/poly_d2_o6/points/point_210/real_tanh_autodiff.json,war_realad_weight_grid_v1,True,True,ok,results/poly_d2_o6/points/point_210/real_tanh_autodiff.log,0.23892677254630068,realad,real_tanh_autodiff,0.9995426415167609,complete,63,poly_d2_o6,"['1e+1', '1e-1', '1e-3']","{'w_Delta2_u': 0.001, 'w_Delta_u': 0.1, 'w_u': 10.0}","[10.0, 0.1, 0.001]"
60.0,point_211,211,2026-08-07T09:51:17.052798+00:00,text_log_final_line,0.0015442433170376614,0.16972078772411872,13,results/poly_d2_o6/points/point_211/war.json,war_realad_weight_grid_v1,True,True,ok,results/poly_d2_o6/points/point_211/war.log,0.0015104793958163056,war,war,0.16890552657615923,complete,71,poly_d2_o6,"['1e+1', '1e-1', '1e-2']","{'w_Delta2_u': 0.01, 'w_Delta_u': 0.1, 'w_u': 10.0}","[10.0, 0.1, 0.01]"
60.0,point_211,211,2026-08-07T09:52:20.916143+00:00,text_log_final_line,0.23892855681777875,0.9995251558929383,13,results/poly_d2_o6/points/point_211/real_tanh_autodiff.json,war_realad_weight_grid_v1,True,True,ok,results/poly_d2_o6/points/point_211/real_tanh_autodiff.log,0.23892688014011726,realad,real_tanh_autodiff,0.9995418361874528,complete,63,poly_d2_o6,"['1e+1', '1e-1', '1e-2']","{'w_Delta2_u': 0.01, 'w_Delta_u': 0.1, 'w_u': 10.0}","[10.0, 0.1, 0.01]"
60.0,point_212,212,2026-08-07T09:53:25.089815+00:00,text_log_final_line,0.0020806254219156287,0.14519347768289848,13,results/poly_d2_o6/points/point_212/war.json,war_realad_weight_grid_v1,True,True,ok,results/poly_d2_o6/points/point_212/war.log,0.0020511274646939155,war,war,0.14449172898544288,complete,71,poly_d2_o6,"['1e+1', '1e-1', '1e-1']","{'w_Delta2_u': 0.1, 'w_Delta_u': 0.1, 'w_u': 10.0}","[10.0, 0.1, 0.1]"
60.0,point_212,212,2026-08-07T09:54:29.591613+00:00,text_log_final_line,0.23892745434173604,0.999524500439398,13,results/poly_d2_o6/points/point_212/real_tanh_autodiff.json,war_realad_weight_grid_v1,True,True,ok,results/poly_d2_o6/points/point_212/real_tanh_autodiff.log,0.23892513253671238,realad,real_tanh_autodiff,0.9995404053405187,complete,64,poly_d2_o6,"['1e+1', '1e-1', '1e-1']","{'w_Delta2_u': 0.1, 'w_Delta_u': 0.1, 'w_u': 10.0}","[10.0, 0.1, 0.1]"
60.0,point_213,213,2026-08-07T09:55:33.736201+00:00,text_log_final_line,0.0016360495977420422,0.0684349720626091,13,results/poly_d2_o6/points/point_213/war.json,war_realad_weight_grid_v1,True,True,ok,results/poly_d2_o6/points/point_213/war.log,0.0016205770015676072,war,war,0.06834178686378511,complete,71,poly_d2_o6,"['1e+1', '1e-1', '1e+0']","{'w_Delta2_u': 1.0, 'w_Delta_u': 0.1, 'w_u': 10.0}","[10.0, 0.1, 1.0]"
60.0,point_213,213,2026-08-07T09:56:37.530148+00:00,text_log_final_line,0.23892860458175474,0.9995251141089457,13,results/poly_d2_o6/points/point_213/real_tanh_autodiff.json,war_realad_weight_grid_v1,True,True,ok,results/poly_d2_o6/points/point_213/real_tanh_autodiff.log,0.23892691534451732,realad,real_tanh_autodiff,0.9995417972147012,complete,63,poly_d2_o6,"['1e+1', '1e-1', '1e+0']","{'w_Delta2_u': 1.0, 'w_Delta_u': 0.1, 'w_u': 10.0}","[10.0, 0.1, 1.0]"
60.0,point_214,214,2026-08-07T09:57:41.499202+00:00,text_log_final_line,0.0011655180023292281,0.11129121848729902,13,results/poly_d2_o6/points/point_214/war.json,war_realad_weight_grid_v1,True,True,ok,results/poly_d2_o6/points/point_214/war.log,0.0011113389757458792,war,war,0.11131266268903553,complete,71,poly_d2_o6,"['1e+1', '1e-1', '1e+1']","{'w_Delta2_u': 10.0, 'w_Delta_u': 0.1, 'w_u': 10.0}","[10.0, 0.1, 10.0]"
60.0,point_214,214,2026-08-07T09:58:45.696845+00:00,text_log_final_line,0.2389275241375167,0.9995241174537794,13,results/poly_d2_o6/points/point_214/real_tanh_autodiff.json,war_realad_weight_grid_v1,True,True,ok,results/poly_d2_o6/points/point_214/real_tanh_autodiff.log,0.23892516011676315,realad,real_tanh_autodiff,0.9995400214846513,complete,64,poly_d2_o6,"['1e+1', '1e-1', '1e+1']","{'w_Delta2_u': 10.0, 'w_Delta_u': 0.1, 'w_u': 10.0}","[10.0, 0.1, 10.0]"
60.0,point_215,215,2026-08-07T09:59:49.885404+00:00,text_log_final_line,0.0029148428017126554,0.23550875752708486,13,results/poly_d2_o6/points/point_215/war.json,war_realad_weight_grid_v1,True,True,ok,results/poly_d2_o6/points/point_215/war.log,0.002834308726154265,war,war,0.23636261249431645,complete,71,poly_d2_o6,"['1e+1', '1e-1', '1e+2']","{'w_Delta2_u': 100.0, 'w_Delta_u': 0.1, 'w_u': 10.0}","[10.0, 0.1, 100.0]"
60.0,point_215,215,2026-08-07T10:00:54.221997+00:00,text_log_final_line,0.23892746775226684,0.999525328561696,13,results/poly_d2_o6/points/point_215/real_tanh_autodiff.json,war_realad_weight_grid_v1,True,True,ok,results/poly_d2_o6/points/point_215/real_tanh_autodiff.log,0.23892514775865514,realad,real_tanh_autodiff,0.9995412265798964,complete,64,poly_d2_o6,"['1e+1', '1e-1', '1e+2']","{'w_Delta2_u': 100.0, 'w_Delta_u': 0.1, 'w_u': 10.0}","[10.0, 0.1, 100.0]"
60.0,point_216,216,2026-08-07T10:01:58.786035+00:00,text_log_final_line,0.22153847958101927,0.9576441864437263,13,results/poly_d2_o6/points/point_216/war.json,war_realad_weight_grid_v1,True,True,ok,results/poly_d2_o6/points/point_216/war.log,0.22141879520927396,war,war,0.9575382169139088,complete,71,poly_d2_o6,"['1e+1', '1e-1', '1e+3']","{'w_Delta2_u': 1000.0, 'w_Delta_u': 0.1, 'w_u': 10.0}","[10.0, 0.1, 1000.0]"
60.0,point_216,216,2026-08-07T10:03:03.075961+00:00,text_log_final_line,0.23892772368092838,0.9995327140371001,13,results/poly_d2_o6/points/point_216/real_tanh_autodiff.json,war_realad_weight_grid_v1,True,True,ok,results/poly_d2_o6/points/point_216/real_tanh_autodiff.log,0.23892530908417745,realad,real_tanh_autodiff,0.999548479448277,complete,64,poly_d2_o6,"['1e+1', '1e-1', '1e+3']","{'w_Delta2_u': 1000.0, 'w_Delta_u': 0.1, 'w_u': 10.0}","[10.0, 0.1, 1000.0]"
60.0,point_217,217,2026-08-07T10:04:11.102900+00:00,text_log_final_line,0.002428329483084321,0.10352721367910987,13,results/poly_d2_o6/points/point_217/war.json,war_realad_weight_grid_v1,True,True,ok,results/poly_d2_o6/points/point_217/war.log,0.0024030971130720646,war,war,0.10292889302206598,complete,71,poly_d2_o6,"['1e+1', '1e+0', '1e-3']","{'w_Delta2_u': 0.001, 'w_Delta_u': 1.0, 'w_u': 10.0}","[10.0, 1.0, 0.001]"
60.0,point_217,217,2026-08-07T10:05:15.951385+00:00,text_log_final_line,0.23892747138973222,0.999524621601102,13,results/poly_d2_o6/points/point_217/real_tanh_autodiff.json,war_realad_weight_grid_v1,True,True,ok,results/poly_d2_o6/points/point_217/real_tanh_autodiff.log,0.23892513856921926,realad,real_tanh_autodiff,0.999540516948874,complete,64,poly_d2_o6,"['1e+1', '1e+0', '1e-3']","{'w_Delta2_u': 0.001, 'w_Delta_u': 1.0, 'w_u': 10.0}","[10.0, 1.0, 0.001]"
60.0,point_218,218,2026-08-07T10:06:20.571855+00:00,text_log_final_line,0.0024477430440474927,0.10255901423808628,13,results/poly_d2_o6/points/point_218/war.json,war_realad_weight_grid_v1,True,True,ok,results/poly_d2_o6/points/point_218/war.log,0.0024226805748152045,war,war,0.10196400125210697,complete,71,poly_d2_o6,"['1e+1', '1e+0', '1e-2']","{'w_Delta2_u': 0.01, 'w_Delta_u': 1.0, 'w_u': 10.0}","[10.0, 1.0, 0.01]"
60.0,point_218,218,2026-08-07T10:07:25.015760+00:00,text_log_final_line,0.23892863938266268,0.9995254150517336,13,results/poly_d2_o6/points/point_218/real_tanh_autodiff.json,war_realad_weight_grid_v1,True,True,ok,results/poly_d2_o6/points/point_218/real_tanh_autodiff.log,0.23892694627457067,realad,real_tanh_autodiff,0.9995420879796623,complete,63,poly_d2_o6,"['1e+1', '1e+0', '1e-2']","{'w_Delta2_u': 0.01, 'w_Delta_u': 1.0, 'w_u': 10.0}","[10.0, 1.0, 0.01]"
60.0,point_219,219,2026-08-07T10:08:29.528670+00:00,text_log_final_line,0.0025526018968115355,0.09248322882336159,13,results/poly_d2_o6/points/point_219/war.json,war_realad_weight_grid_v1,True,True,ok,results/poly_d2_o6/points/point_219/war.log,0.0025268099366637497,war,war,0.09191960425045827,complete,71,poly_d2_o6,"['1e+1', '1e+0', '1e-1']","{'w_Delta2_u': 0.1, 'w_Delta_u': 1.0, 'w_u': 10.0}","[10.0, 1.0, 0.1]"
60.0,point_219,219,2026-08-07T10:09:34.265980+00:00,text_log_final_line,0.23892818831871043,0.9995267681527454,13,results/poly_d2_o6/points/point_219/real_tanh_autodiff.json,war_realad_weight_grid_v1,True,True,ok,results/poly_d2_o6/points/point_219/real_tanh_autodiff.log,0.23892664976810804,realad,real_tanh_autodiff,0.9995434472237708,complete,63,poly_d2_o6,"['1e+1', '1e+0', '1e-1']","{'w_Delta2_u': 0.1, 'w_Delta_u': 1.0, 'w_u': 10.0}","[10.0, 1.0, 0.1]"
60.0,point_220,220,2026-08-07T10:10:38.220667+00:00,text_log_final_line,0.001896347737070866,0.062036634722981,13,results/poly_d2_o6/points/point_220/war.json,war_realad_weight_grid_v1,True,True,ok,results/poly_d2_o6/points/point_220/war.log,0.0018748405848760111,war,war,0.06203152776529537,complete,71,poly_d2_o6,"['1e+1', '1e+0', '1e+0']","{'w_Delta2_u': 1.0, 'w_Delta_u': 1.0, 'w_u': 10.0}","[10.0, 1.0, 1.0]"
60.0,point_220,220,2026-08-07T10:11:41.636321+00:00,text_log_final_line,0.23892928078987055,0.999523523536126,13,results/poly_d2_o6/points/point_220/real_tanh_autodiff.json,war_realad_weight_grid_v1,True,True,ok,results/poly_d2_o6/points/point_220/real_tanh_autodiff.log,0.23892735538431098,realad,real_tanh_autodiff,0.9995401934223066,complete,63,poly_d2_o6,"['1e+1', '1e+0', '1e+0']","{'w_Delta2_u': 1.0, 'w_Delta_u': 1.0, 'w_u': 10.0}","[10.0, 1.0, 1.0]"
60.0,point_221,221,2026-08-07T10:12:45.706283+00:00,text_log_final_line,0.0017465922876341365,0.10659931558974581,13,results/poly_d2_o6/points/point_221/war.json,war_realad_weight_grid_v1,True,True,ok,results/poly_d2_o6/points/point_221/war.log,0.0016865399813190947,war,war,0.10667264835596399,complete,71,poly_d2_o6,"['1e+1', '1e+0', '1e+1']","{'w_Delta2_u': 10.0, 'w_Delta_u': 1.0, 'w_u': 10.0}","[10.0, 1.0, 10.0]"
60.0,point_221,221,2026-08-07T10:13:49.110074+00:00,text_log_final_line,0.23892738473290434,0.9995400018970974,13,results/poly_d2_o6/points/point_221/real_tanh_autodiff.json,war_realad_weight_grid_v1,True,True,ok,results/poly_d2_o6/points/point_221/real_tanh_autodiff.log,0.23892738473290434,realad,real_tanh_autodiff,0.9995400018970974,complete,63,poly_d2_o6,"['1e+1', '1e+0', '1e+1']","{'w_Delta2_u': 10.0, 'w_Delta_u': 1.0, 'w_u': 10.0}","[10.0, 1.0, 10.0]"
60.0,point_222,222,2026-08-07T10:14:53.256693+00:00,text_log_final_line,0.003992120424015565,0.21627149704945597,13,results/poly_d2_o6/points/point_222/war.json,war_realad_weight_grid_v1,True,True,ok,results/poly_d2_o6/points/point_222/war.log,0.0038939423905908154,war,war,0.21707676502879633,complete,71,poly_d2_o6,"['1e+1', '1e+0', '1e+2']","{'w_Delta2_u': 100.0, 'w_Delta_u': 1.0, 'w_u': 10.0}","[10.0, 1.0, 100.0]"
60.0,point_222,222,2026-08-07T10:15:56.822908+00:00,text_log_final_line,0.23892932881269333,0.9995240535962243,13,results/poly_d2_o6/points/point_222/real_tanh_autodiff.json,war_realad_weight_grid_v1,True,True,ok,results/poly_d2_o6/points/point_222/real_tanh_autodiff.log,0.23892739009955405,realad,real_tanh_autodiff,0.9995407184712264,complete,63,poly_d2_o6,"['1e+1', '1e+0', '1e+2']","{'w_Delta2_u': 100.0, 'w_Delta_u': 1.0, 'w_u': 10.0}","[10.0, 1.0, 100.0]"
60.0,point_223,223,2026-08-07T10:17:00.768854+00:00,text_log_final_line,0.22152127241775832,0.9575572230318272,13,results/poly_d2_o6/points/point_223/war.json,war_realad_weight_grid_v1,True,True,ok,results/poly_d2_o6/points/point_223/war.log,0.2214018334184015,war,war,0.9574523712922751,complete,71,poly_d2_o6,"['1e+1', '1e+0', '1e+3']","{'w_Delta2_u': 1000.0, 'w_Delta_u': 1.0, 'w_u': 10.0}","[10.0, 1.0, 1000.0]"
60.0,point_223,223,2026-08-07T10:18:04.774612+00:00,text_log_final_line,0.23892827495197488,0.9995352604340701,13,results/poly_d2_o6/points/point_223/real_tanh_autodiff.json,war_realad_weight_grid_v1,True,True,ok,results/poly_d2_o6/points/point_223/real_tanh_autodiff.log,0.23892674695092622,realad,real_tanh_autodiff,0.999551790770858,complete,63,poly_d2_o6,"['1e+1', '1e+0', '1e+3']","{'w_Delta2_u': 1000.0, 'w_Delta_u': 1.0, 'w_u': 10.0}","[10.0, 1.0, 1000.0]"
60.0,point_224,224,2026-08-07T10:19:12.108020+00:00,text_log_final_line,0.0020344809509066815,0.07910242091723153,13,results/poly_d2_o6/points/point_224/war.json,war_realad_weight_grid_v1,True,True,ok,results/poly_d2_o6/points/point_224/war.log,0.002007336908867797,war,war,0.07877839330235145,complete,71,poly_d2_o6,"['1e+1', '1e+1', '1e-3']","{'w_Delta2_u': 0.001, 'w_Delta_u': 10.0, 'w_u': 10.0}","[10.0, 10.0, 0.001]"
60.0,point_224,224,2026-08-07T10:20:16.566595+00:00,text_log_final_line,0.238927717931362,0.9995267509314293,13,results/poly_d2_o6/points/point_224/real_tanh_autodiff.json,war_realad_weight_grid_v1,True,True,ok,results/poly_d2_o6/points/point_224/real_tanh_autodiff.log,0.23892533997753343,realad,real_tanh_autodiff,0.9995426064981269,complete,64,poly_d2_o6,"['1e+1', '1e+1', '1e-3']","{'w_Delta2_u': 0.001, 'w_Delta_u': 10.0, 'w_u': 10.0}","[10.0, 10.0, 0.001]"
60.0,point_225,225,2026-08-07T10:21:20.503619+00:00,text_log_final_line,0.0020446000750287477,0.07897775424836402,13,results/poly_d2_o6/points/point_225/war.json,war_realad_weight_grid_v1,True,True,ok,results/poly_d2_o6/points/point_225/war.log,0.0020176535780376016,war,war,0.07865710005653997,complete,71,poly_d2_o6,"['1e+1', '1e+1', '1e-2']","{'w_Delta2_u': 0.01, 'w_Delta_u': 10.0, 'w_u': 10.0}","[10.0, 10.0, 0.01]"
60.0,point_225,225,2026-08-07T10:22:24.357573+00:00,text_log_final_line,0.2389285964278563,0.9995284325975744,13,results/poly_d2_o6/points/point_225/real_tanh_autodiff.json,war_realad_weight_grid_v1,True,True,ok,results/poly_d2_o6/points/point_225/real_tanh_autodiff.log,0.23892697815126926,realad,real_tanh_autodiff,0.9995450619965444,complete,63,poly_d2_o6,"['1e+1', '1e+1', '1e-2']","{'w_Delta2_u': 0.01, 'w_Delta_u': 10.0, 'w_u': 10.0}","[10.0, 10.0, 0.01]"
60.0,point_226,226,2026-08-07T10:23:28.441714+00:00,text_log_final_line,0.002118542387747924,0.0778078228724767,13,results/poly_d2_o6/points/point_226/war.json,war_realad_weight_grid_v1,True,True,ok,results/poly_d2_o6/points/point_226/war.log,0.0020950559829021253,war,war,0.07753012044246817,complete,71,poly_d2_o6,"['1e+1', '1e+1', '1e-1']","{'w_Delta2_u': 0.1, 'w_Delta_u': 10.0, 'w_u': 10.0}","[10.0, 10.0, 0.1]"
60.0,point_226,226,2026-08-07T10:24:32.672045+00:00,text_log_final_line,0.23892763313862483,0.9995272568761467,13,results/poly_d2_o6/points/point_226/real_tanh_autodiff.json,war_realad_weight_grid_v1,True,True,ok,results/poly_d2_o6/points/point_226/real_tanh_autodiff.log,0.23892531415113888,realad,real_tanh_autodiff,0.9995431154626924,complete,64,poly_d2_o6,"['1e+1', '1e+1', '1e-1']","{'w_Delta2_u': 0.1, 'w_Delta_u': 10.0, 'w_u': 10.0}","[10.0, 10.0, 0.1]"
60.0,point_227,227,2026-08-07T10:25:36.928112+00:00,text_log_final_line,0.0022823637455562816,0.07687218572997484,13,results/poly_d2_o6/points/point_227/war.json,war_realad_weight_grid_v1,True,True,ok,results/poly_d2_o6/points/point_227/war.log,0.002248114302087543,war,war,0.07693269877902581,complete,71,poly_d2_o6,"['1e+1', '1e+1', '1e+0']","{'w_Delta2_u': 1.0, 'w_Delta_u': 10.0, 'w_u': 10.0}","[10.0, 10.0, 1.0]"
60.0,point_227,227,2026-08-07T10:26:40.986711+00:00,text_log_final_line,0.23892850505440683,0.9995286331252612,13,results/poly_d2_o6/points/point_227/real_tanh_autodiff.json,war_realad_weight_grid_v1,True,True,ok,results/poly_d2_o6/points/point_227/real_tanh_autodiff.log,0.23892691544464653,realad,real_tanh_autodiff,0.9995452632712596,complete,63,poly_d2_o6,"['1e+1', '1e+1', '1e+0']","{'w_Delta2_u': 1.0, 'w_Delta_u': 10.0, 'w_u': 10.0}","[10.0, 10.0, 1.0]"
60.0,point_228,228,2026-08-07T10:27:44.856434+00:00,text_log_final_line,0.0024530751287111345,0.12075992190182773,13,results/poly_d2_o6/points/point_228/war.json,war_realad_weight_grid_v1,True,True,ok,results/poly_d2_o6/points/point_228/war.log,0.002429773820382903,war,war,0.1210993719453882,complete,71,poly_d2_o6,"['1e+1', '1e+1', '1e+1']","{'w_Delta2_u': 10.0, 'w_Delta_u': 10.0, 'w_u': 10.0}","[10.0, 10.0, 10.0]"
60.0,point_228,228,2026-08-07T10:28:49.282659+00:00,text_log_final_line,0.2389275740273581,0.9995276424691352,13,results/poly_d2_o6/points/point_228/real_tanh_autodiff.json,war_realad_weight_grid_v1,True,True,ok,results/poly_d2_o6/points/point_228/real_tanh_autodiff.log,0.2389252888501513,realad,real_tanh_autodiff,0.9995435051071442,complete,64,poly_d2_o6,"['1e+1', '1e+1', '1e+1']","{'w_Delta2_u': 10.0, 'w_Delta_u': 10.0, 'w_u': 10.0}","[10.0, 10.0, 10.0]"
60.0,point_229,229,2026-08-07T10:29:53.383036+00:00,text_log_final_line,0.007057696478192507,0.18794349159728546,13,results/poly_d2_o6/points/point_229/war.json,war_realad_weight_grid_v1,True,True,ok,results/poly_d2_o6/points/point_229/war.log,0.006824251017163354,war,war,0.18849185959168133,complete,71,poly_d2_o6,"['1e+1', '1e+1', '1e+2']","{'w_Delta2_u': 100.0, 'w_Delta_u': 10.0, 'w_u': 10.0}","[10.0, 10.0, 100.0]"
60.0,point_229,229,2026-08-07T10:30:57.577814+00:00,text_log_final_line,0.23892784044291032,0.9995273365512999,13,results/poly_d2_o6/points/point_229/real_tanh_autodiff.json,war_realad_weight_grid_v1,True,True,ok,results/poly_d2_o6/points/point_229/real_tanh_autodiff.log,0.23892540447681707,realad,real_tanh_autodiff,0.9995431791889621,complete,64,poly_d2_o6,"['1e+1', '1e+1', '1e+2']","{'w_Delta2_u': 100.0, 'w_Delta_u': 10.0, 'w_u': 10.0}","[10.0, 10.0, 100.0]"
60.0,point_230,230,2026-08-07T10:32:01.459883+00:00,text_log_final_line,0.22199421564229227,0.9584230277990705,13,results/poly_d2_o6/points/point_230/war.json,war_realad_weight_grid_v1,True,True,ok,results/poly_d2_o6/points/point_230/war.log,0.22187896506190977,war,war,0.9583246420908531,complete,71,poly_d2_o6,"['1e+1', '1e+1', '1e+3']","{'w_Delta2_u': 1000.0, 'w_Delta_u': 10.0, 'w_u': 10.0}","[10.0, 10.0, 1000.0]"
60.0,point_230,230,2026-08-07T10:33:05.608164+00:00,text_log_final_line,0.23892960352677592,0.9995349356141078,13,results/poly_d2_o6/points/point_230/real_tanh_autodiff.json,war_realad_weight_grid_v1,True,True,ok,results/poly_d2_o6/points/point_230/real_tanh_autodiff.log,0.23892766839987886,realad,real_tanh_autodiff,0.9995514139150629,complete,63,poly_d2_o6,"['1e+1', '1e+1', '1e+3']","{'w_Delta2_u': 1000.0, 'w_Delta_u': 10.0, 'w_u': 10.0}","[10.0, 10.0, 1000.0]"
60.0,point_231,231,2026-08-07T10:34:12.248330+00:00,text_log_final_line,0.031379397677751844,0.299895532854505,13,results/poly_d2_o6/points/point_231/war.json,war_realad_weight_grid_v1,True,True,ok,results/poly_d2_o6/points/point_231/war.log,0.030499939882301354,war,war,0.29938295374931034,complete,71,poly_d2_o6,"['1e+1', '1e+2', '1e-3']","{'w_Delta2_u': 0.001, 'w_Delta_u': 100.0, 'w_u': 10.0}","[10.0, 100.0, 0.001]"
60.0,point_231,231,2026-08-07T10:35:18.685104+00:00,text_log_final_line,0.23893001744575465,0.9995522913860972,13,results/poly_d2_o6/points/point_231/real_tanh_autodiff.json,war_realad_weight_grid_v1,True,True,ok,results/poly_d2_o6/points/point_231/real_tanh_autodiff.log,0.23892836032643902,realad,real_tanh_autodiff,0.9995685126517049,complete,63,poly_d2_o6,"['1e+1', '1e+2', '1e-3']","{'w_Delta2_u': 0.001, 'w_Delta_u': 100.0, 'w_u': 10.0}","[10.0, 100.0, 0.001]"
60.0,point_232,232,2026-08-07T10:36:22.636350+00:00,text_log_final_line,0.031483473003522444,0.3004591469447608,13,results/poly_d2_o6/points/point_232/war.json,war_realad_weight_grid_v1,True,True,ok,results/poly_d2_o6/points/point_232/war.log,0.030601515075457962,war,war,0.2999454762645014,complete,71,poly_d2_o6,"['1e+1', '1e+2', '1e-2']","{'w_Delta2_u': 0.01, 'w_Delta_u': 100.0, 'w_u': 10.0}","[10.0, 100.0, 0.01]"
60.0,point_232,232,2026-08-07T10:37:26.328461+00:00,text_log_final_line,0.2389303360960127,0.9995516388677775,13,results/poly_d2_o6/points/point_232/real_tanh_autodiff.json,war_realad_weight_grid_v1,True,True,ok,results/poly_d2_o6/points/point_232/real_tanh_autodiff.log,0.2389285692119699,realad,real_tanh_autodiff,0.9995678669675012,complete,63,poly_d2_o6,"['1e+1', '1e+2', '1e-2']","{'w_Delta2_u': 0.01, 'w_Delta_u': 100.0, 'w_u': 10.0}","[10.0, 100.0, 0.01]"
60.0,point_233,233,2026-08-07T10:38:30.651482+00:00,text_log_final_line,0.03187160403854687,0.30128024321288205,13,results/poly_d2_o6/points/point_233/war.json,war_realad_weight_grid_v1,True,True,ok,results/poly_d2_o6/points/point_233/war.log,0.030987357643366055,war,war,0.3007676884885335,complete,71,poly_d2_o6,"['1e+1', '1e+2', '1e-1']","{'w_Delta2_u': 0.1, 'w_Delta_u': 100.0, 'w_u': 10.0}","[10.0, 100.0, 0.1]"
60.0,point_233,233,2026-08-07T10:39:34.460601+00:00,text_log_final_line,0.2389300536718815,0.9995525068092594,13,results/poly_d2_o6/points/point_233/real_tanh_autodiff.json,war_realad_weight_grid_v1,True,True,ok,results/poly_d2_o6/points/point_233/real_tanh_autodiff.log,0.23892839058596582,realad,real_tanh_autodiff,0.9995687262880829,complete,63,poly_d2_o6,"['1e+1', '1e+2', '1e-1']","{'w_Delta2_u': 0.1, 'w_Delta_u': 100.0, 'w_u': 10.0}","[10.0, 100.0, 0.1]"
60.0,point_234,234,2026-08-07T10:40:38.460023+00:00,text_log_final_line,0.03723395994791527,0.32611387699411726,13,results/poly_d2_o6/points/point_234/war.json,war_realad_weight_grid_v1,True,True,ok,results/poly_d2_o6/points/point_234/war.log,0.03622498795215571,war,war,0.32549570473806505,complete,71,poly_d2_o6,"['1e+1', '1e+2', '1e+0']","{'w_Delta2_u': 1.0, 'w_Delta_u': 100.0, 'w_u': 10.0}","[10.0, 100.0, 1.0]"
60.0,point_234,234,2026-08-07T10:41:42.779621+00:00,text_log_final_line,0.2389298233515504,0.9995527611582773,13,results/poly_d2_o6/points/point_234/real_tanh_autodiff.json,war_realad_weight_grid_v1,True,True,ok,results/poly_d2_o6/points/point_234/real_tanh_autodiff.log,0.23892823570696536,realad,real_tanh_autodiff,0.9995689801925748,complete,63,poly_d2_o6,"['1e+1', '1e+2', '1e+0']","{'w_Delta2_u': 1.0, 'w_Delta_u': 100.0, 'w_u': 10.0}","[10.0, 100.0, 1.0]"
60.0,point_235,235,2026-08-07T10:42:46.593942+00:00,text_log_final_line,0.057669616534533924,0.43975983805806346,13,results/poly_d2_o6/points/point_235/war.json,war_realad_weight_grid_v1,True,True,ok,results/poly_d2_o6/points/point_235/war.log,0.056147840831447846,war,war,0.4388257033100134,complete,71,poly_d2_o6,"['1e+1', '1e+2', '1e+1']","{'w_Delta2_u': 10.0, 'w_Delta_u': 100.0, 'w_u': 10.0}","[10.0, 100.0, 10.0]"
60.0,point_235,235,2026-08-07T10:43:50.825305+00:00,text_log_final_line,0.23892907137217703,0.9995522575430936,13,results/poly_d2_o6/points/point_235/real_tanh_autodiff.json,war_realad_weight_grid_v1,True,True,ok,results/poly_d2_o6/points/point_235/real_tanh_autodiff.log,0.23892667206108095,realad,real_tanh_autodiff,0.9995677858000446,complete,64,poly_d2_o6,"['1e+1', '1e+2', '1e+1']","{'w_Delta2_u': 10.0, 'w_Delta_u': 100.0, 'w_u': 10.0}","[10.0, 100.0, 10.0]"
60.0,point_236,236,2026-08-07T10:44:54.701932+00:00,text_log_final_line,0.12085866076650176,0.6893340179096092,13,results/poly_d2_o6/points/point_236/war.json,war_realad_weight_grid_v1,True,True,ok,results/poly_d2_o6/points/point_236/war.log,0.11937737602496754,war,war,0.6884904664923127,complete,71,poly_d2_o6,"['1e+1', '1e+2', '1e+2']","{'w_Delta2_u': 100.0, 'w_Delta_u': 100.0, 'w_u': 10.0}","[10.0, 100.0, 100.0]"
60.0,point_236,236,2026-08-07T10:45:59.062498+00:00,text_log_final_line,0.23892902609365257,0.9995536476384348,13,results/poly_d2_o6/points/point_236/real_tanh_autodiff.json,war_realad_weight_grid_v1,True,True,ok,results/poly_d2_o6/points/point_236/real_tanh_autodiff.log,0.23892667477531954,realad,real_tanh_autodiff,0.9995691557328653,complete,64,poly_d2_o6,"['1e+1', '1e+2', '1e+2']","{'w_Delta2_u': 100.0, 'w_Delta_u': 100.0, 'w_u': 10.0}","[10.0, 100.0, 100.0]"
60.0,point_237,237,2026-08-07T10:47:03.358636+00:00,text_log_final_line,0.22469344581623138,0.9646497944335537,13,results/poly_d2_o6/points/point_237/war.json,war_realad_weight_grid_v1,True,True,ok,results/poly_d2_o6/points/point_237/war.log,0.2246038281331355,war,war,0.9645892629668577,complete,71,poly_d2_o6,"['1e+1', '1e+2', '1e+3']","{'w_Delta2_u': 1000.0, 'w_Delta_u': 100.0, 'w_u': 10.0}","[10.0, 100.0, 1000.0]"
60.0,point_237,237,2026-08-07T10:48:10.632007+00:00,text_log_final_line,0.23893019533216026,0.9995607945506343,13,results/poly_d2_o6/points/point_237/real_tanh_autodiff.json,war_realad_weight_grid_v1,True,True,ok,results/poly_d2_o6/points/point_237/real_tanh_autodiff.log,0.23892855187239007,realad,real_tanh_autodiff,0.9995768876760638,complete,63,poly_d2_o6,"['1e+1', '1e+2', '1e+3']","{'w_Delta2_u': 1000.0, 'w_Delta_u': 100.0, 'w_u': 10.0}","[10.0, 100.0, 1000.0]"
60.0,point_238,238,2026-08-07T10:49:14.508622+00:00,text_log_final_line,0.22671926839672987,0.9741940124643973,13,results/poly_d2_o6/points/point_238/war.json,war_realad_weight_grid_v1,True,True,ok,results/poly_d2_o6/points/point_238/war.log,0.2266488912910715,war,war,0.9741148245766004,complete,71,poly_d2_o6,"['1e+1', '1e+3', '1e-3']","{'w_Delta2_u': 0.001, 'w_Delta_u': 1000.0, 'w_u': 10.0}","[10.0, 1000.0, 0.001]"
60.0,point_238,238,2026-08-07T10:50:18.788095+00:00,text_log_final_line,0.23892899028622516,0.9997396362426997,13,results/poly_d2_o6/points/point_238/real_tanh_autodiff.json,war_realad_weight_grid_v1,True,True,ok,results/poly_d2_o6/points/point_238/real_tanh_autodiff.log,0.2389259152519461,realad,real_tanh_autodiff,0.9997542792734095,complete,64,poly_d2_o6,"['1e+1', '1e+3', '1e-3']","{'w_Delta2_u': 0.001, 'w_Delta_u': 1000.0, 'w_u': 10.0}","[10.0, 1000.0, 0.001]"
60.0,point_239,239,2026-08-07T10:51:22.707992+00:00,text_log_final_line,0.22670862747888065,0.9741685955702765,13,results/poly_d2_o6/points/point_239/war.json,war_realad_weight_grid_v1,True,True,ok,results/poly_d2_o6/points/point_239/war.log,0.22663793825108444,war,war,0.9740893565201555,complete,71,poly_d2_o6,"['1e+1', '1e+3', '1e-2']","{'w_Delta2_u': 0.01, 'w_Delta_u': 1000.0, 'w_u': 10.0}","[10.0, 1000.0, 0.01]"
60.0,point_239,239,2026-08-07T10:52:26.437160+00:00,text_log_final_line,0.2389314586691294,0.9997296441657914,13,results/poly_d2_o6/points/point_239/real_tanh_autodiff.json,war_realad_weight_grid_v1,True,True,ok,results/poly_d2_o6/points/point_239/real_tanh_autodiff.log,0.23892886388358694,realad,real_tanh_autodiff,0.9997445210905976,complete,63,poly_d2_o6,"['1e+1', '1e+3', '1e-2']","{'w_Delta2_u': 0.01, 'w_Delta_u': 1000.0, 'w_u': 10.0}","[10.0, 1000.0, 0.01]"
60.0,point_240,240,2026-08-07T10:53:30.855676+00:00,text_log_final_line,0.22671425164772302,0.974175139731346,13,results/poly_d2_o6/points/point_240/war.json,war_realad_weight_grid_v1,True,True,ok,results/poly_d2_o6/points/point_240/war.log,0.22664369202528864,war,war,0.974095766213598,complete,71,poly_d2_o6,"['1e+1', '1e+3', '1e-1']","{'w_Delta2_u': 0.1, 'w_Delta_u': 1000.0, 'w_u': 10.0}","[10.0, 1000.0, 0.1]"
60.0,point_240,240,2026-08-07T10:54:35.054988+00:00,text_log_final_line,0.23892899360773887,0.999740231897706,13,results/poly_d2_o6/points/point_240/real_tanh_autodiff.json,war_realad_weight_grid_v1,True,True,ok,results/poly_d2_o6/points/point_240/real_tanh_autodiff.log,0.23892588499894823,realad,real_tanh_autodiff,0.9997548946675726,complete,64,poly_d2_o6,"['1e+1', '1e+3', '1e-1']","{'w_Delta2_u': 0.1, 'w_Delta_u': 1000.0, 'w_u': 10.0}","[10.0, 1000.0, 0.1]"
60.0,point_241,241,2026-08-07T10:55:38.925569+00:00,text_log_final_line,0.22676901628750556,0.9742409491945494,13,results/poly_d2_o6/points/point_241/war.json,war_realad_weight_grid_v1,True,True,ok,results/poly_d2_o6/points/point_241/war.log,0.22669911590607808,war,war,0.9741608576734894,complete,71,poly_d2_o6,"['1e+1', '1e+3', '1e+0']","{'w_Delta2_u': 1.0, 'w_Delta_u': 1000.0, 'w_u': 10.0}","[10.0, 1000.0, 1.0]"
60.0,point_241,241,2026-08-07T10:56:42.307272+00:00,text_log_final_line,0.23892898144436034,0.9997480431403984,13,results/poly_d2_o6/points/point_241/real_tanh_autodiff.json,war_realad_weight_grid_v1,True,True,ok,results/poly_d2_o6/points/point_241/real_tanh_autodiff.log,0.23892898144436034,realad,real_tanh_autodiff,0.9997480431403984,complete,63,poly_d2_o6,"['1e+1', '1e+3', '1e+0']","{'w_Delta2_u': 1.0, 'w_Delta_u': 1000.0, 'w_u': 10.0}","[10.0, 1000.0, 1.0]"
60.0,point_242,242,2026-08-07T10:57:46.317743+00:00,text_log_final_line,0.22709933001233173,0.9744577907948735,13,results/poly_d2_o6/points/point_242/war.json,war_realad_weight_grid_v1,True,True,ok,results/poly_d2_o6/points/point_242/war.log,0.2270319553790439,war,war,0.9743721041634894,complete,71,poly_d2_o6,"['1e+1', '1e+3', '1e+1']","{'w_Delta2_u': 10.0, 'w_Delta_u': 1000.0, 'w_u': 10.0}","[10.0, 1000.0, 10.0]"
60.0,point_242,242,2026-08-07T10:58:50.588078+00:00,text_log_final_line,0.23892899879560184,0.9997404467977563,13,results/poly_d2_o6/points/point_242/real_tanh_autodiff.json,war_realad_weight_grid_v1,True,True,ok,results/poly_d2_o6/points/point_242/real_tanh_autodiff.log,0.23892588120277358,realad,real_tanh_autodiff,0.99975511439194,complete,64,poly_d2_o6,"['1e+1', '1e+3', '1e+1']","{'w_Delta2_u': 10.0, 'w_Delta_u': 1000.0, 'w_u': 10.0}","[10.0, 1000.0, 10.0]"
60.0,point_243,243,2026-08-07T10:59:55.063011+00:00,text_log_final_line,0.229215420929713,0.9771801790999449,13,results/poly_d2_o6/points/point_243/war.json,war_realad_weight_grid_v1,True,True,ok,results/poly_d2_o6/points/point_243/war.log,0.22915579070307399,war,war,0.9770735009418391,complete,71,poly_d2_o6,"['1e+1', '1e+3', '1e+2']","{'w_Delta2_u': 100.0, 'w_Delta_u': 1000.0, 'w_u': 10.0}","[10.0, 1000.0, 100.0]"
60.0,point_243,243,2026-08-07T11:00:58.915635+00:00,text_log_final_line,0.23893135986749214,0.9997293983860308,13,results/poly_d2_o6/points/point_243/real_tanh_autodiff.json,war_realad_weight_grid_v1,True,True,ok,results/poly_d2_o6/points/point_243/real_tanh_autodiff.log,0.2389288393678112,realad,real_tanh_autodiff,0.9997442373254709,complete,63,poly_d2_o6,"['1e+1', '1e+3', '1e+2']","{'w_Delta2_u': 100.0, 'w_Delta_u': 1000.0, 'w_u': 10.0}","[10.0, 1000.0, 100.0]"
60.0,point_244,244,2026-08-07T11:02:02.937545+00:00,text_log_final_line,0.2334624576771631,0.9862095891122573,13,results/poly_d2_o6/points/point_244/war.json,war_realad_weight_grid_v1,True,True,ok,results/poly_d2_o6/points/point_244/war.log,0.23341171787591294,war,war,0.9860951559438657,complete,71,poly_d2_o6,"['1e+1', '1e+3', '1e+3']","{'w_Delta2_u': 1000.0, 'w_Delta_u': 1000.0, 'w_u': 10.0}","[10.0, 1000.0, 1000.0]"
60.0,point_244,244,2026-08-07T11:03:14.476230+00:00,text_log_final_line,0.23892910988286511,0.9997466862366652,13,results/poly_d2_o6/points/point_244/real_tanh_autodiff.json,war_realad_weight_grid_v1,True,True,ok,results/poly_d2_o6/points/point_244/real_tanh_autodiff.log,0.23892602027201343,realad,real_tanh_autodiff,0.999761309537983,complete,64,poly_d2_o6,"['1e+1', '1e+3', '1e+3']","{'w_Delta2_u': 1000.0, 'w_Delta_u': 1000.0, 'w_u': 10.0}","[10.0, 1000.0, 1000.0]"
60.0,point_245,245,2026-08-07T11:04:18.351182+00:00,text_log_final_line,0.20812958090913447,0.934822107841369,13,results/poly_d2_o6/points/point_245/war.json,war_realad_weight_grid_v1,True,True,ok,results/poly_d2_o6/points/point_245/war.log,0.20786264163522145,war,war,0.934781958549426,complete,71,poly_d2_o6,"['1e+2', '1e-3', '1e-3']","{'w_Delta2_u': 0.001, 'w_Delta_u': 0.001, 'w_u': 100.0}","[100.0, 0.001, 0.001]"
60.0,point_245,245,2026-08-07T11:05:22.428378+00:00,text_log_final_line,0.23916455817292526,0.9998468282650081,13,results/poly_d2_o6/points/point_245/real_tanh_autodiff.json,war_realad_weight_grid_v1,True,True,ok,results/poly_d2_o6/points/point_245/real_tanh_autodiff.log,0.23914837175963205,realad,real_tanh_autodiff,0.9998619984606144,complete,63,poly_d2_o6,"['1e+2', '1e-3', '1e-3']","{'w_Delta2_u': 0.001, 'w_Delta_u': 0.001, 'w_u': 100.0}","[100.0, 0.001, 0.001]"
60.0,point_246,246,2026-08-07T11:06:26.881541+00:00,text_log_final_line,0.20809521604585696,0.9347534492857295,13,results/poly_d2_o6/points/point_246/war.json,war_realad_weight_grid_v1,True,True,ok,results/poly_d2_o6/points/point_246/war.log,0.2078280566308916,war,war,0.9347127866977989,complete,71,poly_d2_o6,"['1e+2', '1e-3', '1e-2']","{'w_Delta2_u': 0.01, 'w_Delta_u': 0.001, 'w_u': 100.0}","[100.0, 0.001, 0.01]"
60.0,point_246,246,2026-08-07T11:07:31.261992+00:00,text_log_final_line,0.2391556697688565,0.9998473373377523,13,results/poly_d2_o6/points/point_246/real_tanh_autodiff.json,war_realad_weight_grid_v1,True,True,ok,results/poly_d2_o6/points/point_246/real_tanh_autodiff.log,0.2391323264809574,realad,real_tanh_autodiff,0.9998617282236312,complete,64,poly_d2_o6,"['1e+2', '1e-3', '1e-2']","{'w_Delta2_u': 0.01, 'w_Delta_u': 0.001, 'w_u': 100.0}","[100.0, 0.001, 0.01]"
60.0,point_247,247,2026-08-07T11:08:35.323432+00:00,text_log_final_line,0.20818955767127215,0.9349167479611141,13,results/poly_d2_o6/points/point_247/war.json,war_realad_weight_grid_v1,True,True,ok,results/poly_d2_o6/points/point_247/war.log,0.20792345040761004,war,war,0.9348765519770686,complete,71,poly_d2_o6,"['1e+2', '1e-3', '1e-1']","{'w_Delta2_u': 0.1, 'w_Delta_u': 0.001, 'w_u': 100.0}","[100.0, 0.001, 0.1]"
60.0,point_247,247,2026-08-07T11:09:39.673305+00:00,text_log_final_line,0.23915535011286154,0.9998474244062537,13,results/poly_d2_o6/points/point_247/real_tanh_autodiff.json,war_realad_weight_grid_v1,True,True,ok,results/poly_d2_o6/points/point_247/real_tanh_autodiff.log,0.23913216299115408,realad,real_tanh_autodiff,0.9998618138734612,complete,64,poly_d2_o6,"['1e+2', '1e-3', '1e-1']","{'w_Delta2_u': 0.1, 'w_Delta_u': 0.001, 'w_u': 100.0}","[100.0, 0.001, 0.1]"
60.0,point_248,248,2026-08-07T11:10:43.502773+00:00,text_log_final_line,0.20860744891035132,0.935539387525818,13,results/poly_d2_o6/points/point_248/war.json,war_realad_weight_grid_v1,True,True,ok,results/poly_d2_o6/points/point_248/war.log,0.2083473073371301,war,war,0.9354970246761164,complete,71,poly_d2_o6,"['1e+2', '1e-3', '1e+0']","{'w_Delta2_u': 1.0, 'w_Delta_u': 0.001, 'w_u': 100.0}","[100.0, 0.001, 1.0]"
60.0,point_248,248,2026-08-07T11:11:48.627602+00:00,text_log_final_line,0.23915694897650017,0.9998477633395798,13,results/poly_d2_o6/points/point_248/real_tanh_autodiff.json,war_realad_weight_grid_v1,True,True,ok,results/poly_d2_o6/points/point_248/real_tanh_autodiff.log,0.2391430689946746,realad,real_tanh_autodiff,0.9998629363496541,complete,63,poly_d2_o6,"['1e+2', '1e-3', '1e+0']","{'w_Delta2_u': 1.0, 'w_Delta_u': 0.001, 'w_u': 100.0}","[100.0, 0.001, 1.0]"
60.0,point_249,249,2026-08-07T11:12:52.467131+00:00,text_log_final_line,0.2112863166291591,0.9396736427841544,13,results/poly_d2_o6/points/point_249/war.json,war_realad_weight_grid_v1,True,True,ok,results/poly_d2_o6/points/point_249/war.log,0.2110608892716095,war,war,0.9396186532703865,complete,71,poly_d2_o6,"['1e+2', '1e-3', '1e+1']","{'w_Delta2_u': 10.0, 'w_Delta_u': 0.001, 'w_u': 100.0}","[100.0, 0.001, 10.0]"
60.0,point_249,249,2026-08-07T11:13:56.755349+00:00,text_log_final_line,0.23915899549010858,0.9998474481635534,13,results/poly_d2_o6/points/point_249/real_tanh_autodiff.json,war_realad_weight_grid_v1,True,True,ok,results/poly_d2_o6/points/point_249/real_tanh_autodiff.log,0.23914450638870247,realad,real_tanh_autodiff,0.9998626217970724,complete,63,poly_d2_o6,"['1e+2', '1e-3', '1e+1']","{'w_Delta2_u': 10.0, 'w_Delta_u': 0.001, 'w_u': 100.0}","[100.0, 0.001, 10.0]"
60.0,point_250,250,2026-08-07T11:15:00.867305+00:00,text_log_final_line,0.2173018959839698,0.9497691318328582,13,results/poly_d2_o6/points/point_250/war.json,war_realad_weight_grid_v1,True,True,ok,results/poly_d2_o6/points/point_250/war.log,0.21713051379471923,war,war,0.9496980642632145,complete,71,poly_d2_o6,"['1e+2', '1e-3', '1e+2']","{'w_Delta2_u': 100.0, 'w_Delta_u': 0.001, 'w_u': 100.0}","[100.0, 0.001, 100.0]"
60.0,point_250,250,2026-08-07T11:16:08.223785+00:00,text_log_final_line,0.23915328435068373,0.9998489320549314,13,results/poly_d2_o6/points/point_250/real_tanh_autodiff.json,war_realad_weight_grid_v1,True,True,ok,results/poly_d2_o6/points/point_250/real_tanh_autodiff.log,0.23914064518733333,realad,real_tanh_autodiff,0.9998641062281418,complete,63,poly_d2_o6,"['1e+2', '1e-3', '1e+2']","{'w_Delta2_u': 100.0, 'w_Delta_u': 0.001, 'w_u': 100.0}","[100.0, 0.001, 100.0]"
60.0,point_251,251,2026-08-07T11:17:17.099352+00:00,text_log_final_line,0.22625663180473907,0.9703387090365064,13,results/poly_d2_o6/points/point_251/war.json,war_realad_weight_grid_v1,True,True,ok,results/poly_d2_o6/points/point_251/war.log,0.22617712954694452,war,war,0.9701543036253875,complete,71,poly_d2_o6,"['1e+2', '1e-3', '1e+3']","{'w_Delta2_u': 1000.0, 'w_Delta_u': 0.001, 'w_u': 100.0}","[100.0, 0.001, 1000.0]"
60.0,point_251,251,2026-08-07T11:18:20.705908+00:00,text_log_final_line,0.23917504088885264,0.9998434576173174,13,results/poly_d2_o6/points/point_251/real_tanh_autodiff.json,war_realad_weight_grid_v1,True,True,ok,results/poly_d2_o6/points/point_251/real_tanh_autodiff.log,0.23915519118077466,realad,real_tanh_autodiff,0.9998586056359088,complete,63,poly_d2_o6,"['1e+2', '1e-3', '1e+3']","{'w_Delta2_u': 1000.0, 'w_Delta_u': 0.001, 'w_u': 100.0}","[100.0, 0.001, 1000.0]"
60.0,point_252,252,2026-08-07T11:19:24.634310+00:00,text_log_final_line,0.20813146921949355,0.9348255413789882,13,results/poly_d2_o6/points/point_252/war.json,war_realad_weight_grid_v1,True,True,ok,results/poly_d2_o6/points/point_252/war.log,0.20786456185206587,war,war,0.9347853804189056,complete,71,poly_d2_o6,"['1e+2', '1e-2', '1e-3']","{'w_Delta2_u': 0.001, 'w_Delta_u': 0.01, 'w_u': 100.0}","[100.0, 0.01, 0.001]"
60.0,point_252,252,2026-08-07T11:20:28.809919+00:00,text_log_final_line,0.2391630418138067,0.9998470833024471,13,results/poly_d2_o6/points/point_252/real_tanh_autodiff.json,war_realad_weight_grid_v1,True,True,ok,results/poly_d2_o6/points/point_252/real_tanh_autodiff.log,0.23914736028081898,realad,real_tanh_autodiff,0.9998622570731196,complete,63,poly_d2_o6,"['1e+2', '1e-2', '1e-3']","{'w_Delta2_u': 0.001, 'w_Delta_u': 0.01, 'w_u': 100.0}","[100.0, 0.01, 0.001]"
60.0,point_253,253,2026-08-07T11:21:33.011279+00:00,text_log_final_line,0.20807307969325844,0.93470960488575,13,results/poly_d2_o6/points/point_253/war.json,war_realad_weight_grid_v1,True,True,ok,results/poly_d2_o6/points/point_253/war.log,0.20780578428897276,war,war,0.9346687770245786,complete,71,poly_d2_o6,"['1e+2', '1e-2', '1e-2']","{'w_Delta2_u': 0.01, 'w_Delta_u': 0.01, 'w_u': 100.0}","[100.0, 0.01, 0.01]"
60.0,point_253,253,2026-08-07T11:22:36.608650+00:00,text_log_final_line,0.23917431300721426,0.9998443359581263,13,results/poly_d2_o6/points/point_253/real_tanh_autodiff.json,war_realad_weight_grid_v1,True,True,ok,results/poly_d2_o6/points/point_253/real_tanh_autodiff.log,0.23915452951767696,realad,real_tanh_autodiff,0.9998595008403616,complete,63,poly_d2_o6,"['1e+2', '1e-2', '1e-2']","{'w_Delta2_u': 0.01, 'w_Delta_u': 0.01, 'w_u': 100.0}","[100.0, 0.01, 0.01]"
60.0,point_254,254,2026-08-07T11:23:40.561607+00:00,text_log_final_line,0.20815964908358803,0.9348573381422457,13,results/poly_d2_o6/points/point_254/war.json,war_realad_weight_grid_v1,True,True,ok,results/poly_d2_o6/points/point_254/war.log,0.20789332700389848,war,war,0.9348169215518171,complete,71,poly_d2_o6,"['1e+2', '1e-2', '1e-1']","{'w_Delta2_u': 0.1, 'w_Delta_u': 0.01, 'w_u': 100.0}","[100.0, 0.01, 0.1]"
60.0,point_254,254,2026-08-07T11:24:44.426231+00:00,text_log_final_line,0.23916638777690993,0.9998466942628047,13,results/poly_d2_o6/points/point_254/real_tanh_autodiff.json,war_realad_weight_grid_v1,True,True,ok,results/poly_d2_o6/points/point_254/real_tanh_autodiff.log,0.23914962092205774,realad,real_tanh_autodiff,0.9998618607309355,complete,63,poly_d2_o6,"['1e+2', '1e-2', '1e-1']","{'w_Delta2_u': 0.1, 'w_Delta_u': 0.01, 'w_u': 100.0}","[100.0, 0.01, 0.1]"
60.0,point_255,255,2026-08-07T11:25:48.192924+00:00,text_log_final_line,0.20860687368637065,0.9355372695803177,13,results/poly_d2_o6/points/point_255/war.json,war_realad_weight_grid_v1,True,True,ok,results/poly_d2_o6/points/point_255/war.log,0.20834671208285604,war,war,0.9354948238971393,complete,71,poly_d2_o6,"['1e+2', '1e-2', '1e+0']","{'w_Delta2_u': 1.0, 'w_Delta_u': 0.01, 'w_u': 100.0}","[100.0, 0.01, 1.0]"
60.0,point_255,255,2026-08-07T11:26:52.920837+00:00,text_log_final_line,0.23915548901995481,0.9998482161973448,13,results/poly_d2_o6/points/point_255/real_tanh_autodiff.json,war_realad_weight_grid_v1,True,True,ok,results/poly_d2_o6/points/point_255/real_tanh_autodiff.log,0.23914207441647545,realad,real_tanh_autodiff,0.9998633875669747,complete,63,poly_d2_o6,"['1e+2', '1e-2', '1e+0']","{'w_Delta2_u': 1.0, 'w_Delta_u': 0.01, 'w_u': 100.0}","[100.0, 0.01, 1.0]"
60.0,point_256,256,2026-08-07T11:27:57.236599+00:00,text_log_final_line,0.21127108603645534,0.9396408867670428,13,results/poly_d2_o6/points/point_256/war.json,war_realad_weight_grid_v1,True,True,ok,results/poly_d2_o6/points/point_256/war.log,0.2110455214936603,war,war,0.939585783033688,complete,71,poly_d2_o6,"['1e+2', '1e-2', '1e+1']","{'w_Delta2_u': 10.0, 'w_Delta_u': 0.01, 'w_u': 100.0}","[100.0, 0.01, 10.0]"
60.0,point_256,256,2026-08-07T11:29:01.797694+00:00,text_log_final_line,0.23915372543374092,0.9998487501222351,13,results/poly_d2_o6/points/point_256/real_tanh_autodiff.json,war_realad_weight_grid_v1,True,True,ok,results/poly_d2_o6/points/point_256/real_tanh_autodiff.log,0.2391408963263478,realad,real_tanh_autodiff,0.9998639239080833,complete,63,poly_d2_o6,"['1e+2', '1e-2', '1e+1']","{'w_Delta2_u': 10.0, 'w_Delta_u': 0.01, 'w_u': 100.0}","[100.0, 0.01, 10.0]"
60.0,point_257,257,2026-08-07T11:30:06.023178+00:00,text_log_final_line,0.2173009536457822,0.9497668177420431,13,results/poly_d2_o6/points/point_257/war.json,war_realad_weight_grid_v1,True,True,ok,results/poly_d2_o6/points/point_257/war.log,0.217129617343928,war,war,0.9496957221040859,complete,71,poly_d2_o6,"['1e+2', '1e-2', '1e+2']","{'w_Delta2_u': 100.0, 'w_Delta_u': 0.01, 'w_u': 100.0}","[100.0, 0.01, 100.0]"
60.0,point_257,257,2026-08-07T11:31:14.008357+00:00,text_log_final_line,0.23916115451360276,0.9998462795227483,13,results/poly_d2_o6/points/point_257/real_tanh_autodiff.json,war_realad_weight_grid_v1,True,True,ok,results/poly_d2_o6/points/point_257/real_tanh_autodiff.log,0.23914590324860774,realad,real_tanh_autodiff,0.999861461109643,complete,63,poly_d2_o6,"['1e+2', '1e-2', '1e+2']","{'w_Delta2_u': 100.0, 'w_Delta_u': 0.01, 'w_u': 100.0}","[100.0, 0.01, 100.0]"
60.0,point_258,258,2026-08-07T11:32:18.195261+00:00,text_log_final_line,0.2262589738676943,0.9703434503421443,13,results/poly_d2_o6/points/point_258/war.json,war_realad_weight_grid_v1,True,True,ok,results/poly_d2_o6/points/point_258/war.log,0.2261794890869012,war,war,0.9701590482802995,complete,71,poly_d2_o6,"['1e+2', '1e-2', '1e+3']","{'w_Delta2_u': 1000.0, 'w_Delta_u': 0.01, 'w_u': 100.0}","[100.0, 0.01, 1000.0]"
60.0,point_258,258,2026-08-07T11:33:22.165202+00:00,text_log_final_line,0.23916672850655077,0.9998447478312256,13,results/poly_d2_o6/points/point_258/real_tanh_autodiff.json,war_realad_weight_grid_v1,True,True,ok,results/poly_d2_o6/points/point_258/real_tanh_autodiff.log,0.23914981670358745,realad,real_tanh_autodiff,0.9998599088293346,complete,63,poly_d2_o6,"['1e+2', '1e-2', '1e+3']","{'w_Delta2_u': 1000.0, 'w_Delta_u': 0.01, 'w_u': 100.0}","[100.0, 0.01, 1000.0]"
60.0,point_259,259,2026-08-07T11:34:26.611398+00:00,text_log_final_line,0.2081435969348627,0.934844369204466,13,results/poly_d2_o6/points/point_259/war.json,war_realad_weight_grid_v1,True,True,ok,results/poly_d2_o6/points/point_259/war.log,0.20787686947222409,war,war,0.9348041318216945,complete,71,poly_d2_o6,"['1e+2', '1e-1', '1e-3']","{'w_Delta2_u': 0.001, 'w_Delta_u': 0.1, 'w_u': 100.0}","[100.0, 0.1, 0.001]"
60.0,point_259,259,2026-08-07T11:35:30.842353+00:00,text_log_final_line,0.23916230737671698,0.9998471439942419,13,results/poly_d2_o6/points/point_259/real_tanh_autodiff.json,war_realad_weight_grid_v1,True,True,ok,results/poly_d2_o6/points/point_259/real_tanh_autodiff.log,0.23914687908422724,realad,real_tanh_autodiff,0.9998623222530688,complete,63,poly_d2_o6,"['1e+2', '1e-1', '1e-3']","{'w_Delta2_u': 0.001, 'w_Delta_u': 0.1, 'w_u': 100.0}","[100.0, 0.1, 0.001]"
60.0,point_260,260,2026-08-07T11:36:34.677413+00:00,text_log_final_line,0.20809745116276504,0.9347504747632776,13,results/poly_d2_o6/points/point_260/war.json,war_realad_weight_grid_v1,True,True,ok,results/poly_d2_o6/points/point_260/war.log,0.20783039549125126,war,war,0.9347099277407382,complete,71,poly_d2_o6,"['1e+2', '1e-1', '1e-2']","{'w_Delta2_u': 0.01, 'w_Delta_u': 0.1, 'w_u': 100.0}","[100.0, 0.1, 0.01]"
60.0,point_260,260,2026-08-07T11:37:39.230693+00:00,text_log_final_line,0.23915964870395903,0.9998471946148336,13,results/poly_d2_o6/points/point_260/real_tanh_autodiff.json,war_realad_weight_grid_v1,True,True,ok,results/poly_d2_o6/points/point_260/real_tanh_autodiff.log,0.2391449362050055,realad,real_tanh_autodiff,0.999862369316064,complete,63,poly_d2_o6,"['1e+2', '1e-1', '1e-2']","{'w_Delta2_u': 0.01, 'w_Delta_u': 0.1, 'w_u': 100.0}","[100.0, 0.1, 0.01]"
60.0,point_261,261,2026-08-07T11:38:43.061801+00:00,text_log_final_line,0.20817172402777886,0.9348778982252127,13,results/poly_d2_o6/points/point_261/war.json,war_realad_weight_grid_v1,True,True,ok,results/poly_d2_o6/points/point_261/war.log,0.20790560773684727,war,war,0.9348372833507332,complete,71,poly_d2_o6,"['1e+2', '1e-1', '1e-1']","{'w_Delta2_u': 0.1, 'w_Delta_u': 0.1, 'w_u': 100.0}","[100.0, 0.1, 0.1]"
60.0,point_261,261,2026-08-07T11:39:47.836451+00:00,text_log_final_line,0.23915616010162913,0.9998474726856851,13,results/poly_d2_o6/points/point_261/real_tanh_autodiff.json,war_realad_weight_grid_v1,True,True,ok,results/poly_d2_o6/points/point_261/real_tanh_autodiff.log,0.23913259634653972,realad,real_tanh_autodiff,0.9998618575537427,complete,64,poly_d2_o6,"['1e+2', '1e-1', '1e-1']","{'w_Delta2_u': 0.1, 'w_Delta_u': 0.1, 'w_u': 100.0}","[100.0, 0.1, 0.1]"
60.0,point_262,262,2026-08-07T11:40:51.693278+00:00,text_log_final_line,0.20864657391875147,0.9356139416233514,13,results/poly_d2_o6/points/point_262/war.json,war_realad_weight_grid_v1,True,True,ok,results/poly_d2_o6/points/point_262/war.log,0.20838679051503012,war,war,0.9355713982831464,complete,71,poly_d2_o6,"['1e+2', '1e-1', '1e+0']","{'w_Delta2_u': 1.0, 'w_Delta_u': 0.1, 'w_u': 100.0}","[100.0, 0.1, 1.0]"
60.0,point_262,262,2026-08-07T11:41:55.956879+00:00,text_log_final_line,0.23915649052768656,0.999847301136038,13,results/poly_d2_o6/points/point_262/real_tanh_autodiff.json,war_realad_weight_grid_v1,True,True,ok,results/poly_d2_o6/points/point_262/real_tanh_autodiff.log,0.23913273751940833,realad,real_tanh_autodiff,0.9998616880594771,complete,64,poly_d2_o6,"['1e+2', '1e-1', '1e+0']","{'w_Delta2_u': 1.0, 'w_Delta_u': 0.1, 'w_u': 100.0}","[100.0, 0.1, 1.0]"
60.0,point_263,263,2026-08-07T11:43:00.390014+00:00,text_log_final_line,0.21131470843473096,0.939732259673769,13,results/poly_d2_o6/points/point_263/war.json,war_realad_weight_grid_v1,True,True,ok,results/poly_d2_o6/points/point_263/war.log,0.2110895725997022,war,war,0.9396772774187683,complete,71,poly_d2_o6,"['1e+2', '1e-1', '1e+1']","{'w_Delta2_u': 10.0, 'w_Delta_u': 0.1, 'w_u': 100.0}","[100.0, 0.1, 10.0]"
60.0,point_263,263,2026-08-07T11:44:04.831748+00:00,text_log_final_line,0.23915552069751678,0.999847569944196,13,results/poly_d2_o6/points/point_263/real_tanh_autodiff.json,war_realad_weight_grid_v1,True,True,ok,results/poly_d2_o6/points/point_263/real_tanh_autodiff.log,0.2391323229083367,realad,real_tanh_autodiff,0.9998619574649931,complete,64,poly_d2_o6,"['1e+2', '1e-1', '1e+1']","{'w_Delta2_u': 10.0, 'w_Delta_u': 0.1, 'w_u': 100.0}","[100.0, 0.1, 10.0]"
60.0,point_264,264,2026-08-07T11:45:15.301409+00:00,text_log_final_line,0.21733601997572968,0.9498449593467335,13,results/poly_d2_o6/points/point_264/war.json,war_realad_weight_grid_v1,True,True,ok,results/poly_d2_o6/points/point_264/war.log,0.21716473530443917,war,war,0.9497744742378856,complete,71,poly_d2_o6,"['1e+2', '1e-1', '1e+2']","{'w_Delta2_u': 100.0, 'w_Delta_u': 0.1, 'w_u': 100.0}","[100.0, 0.1, 100.0]"
60.0,point_264,264,2026-08-07T11:46:19.014755+00:00,text_log_final_line,0.2391725824788374,0.9998443207641238,13,results/poly_d2_o6/points/point_264/real_tanh_autodiff.json,war_realad_weight_grid_v1,True,True,ok,results/poly_d2_o6/points/point_264/real_tanh_autodiff.log,0.23915345017161618,realad,real_tanh_autodiff,0.999859492199793,complete,63,poly_d2_o6,"['1e+2', '1e-1', '1e+2']","{'w_Delta2_u': 100.0, 'w_Delta_u': 0.1, 'w_u': 100.0}","[100.0, 0.1, 100.0]"
60.0,point_265,265,2026-08-07T11:47:22.827513+00:00,text_log_final_line,0.22625774917186878,0.9703388597640269,13,results/poly_d2_o6/points/point_265/war.json,war_realad_weight_grid_v1,True,True,ok,results/poly_d2_o6/points/point_265/war.log,0.2261782593464813,war,war,0.9701545265350306,complete,71,poly_d2_o6,"['1e+2', '1e-1', '1e+3']","{'w_Delta2_u': 1000.0, 'w_Delta_u': 0.1, 'w_u': 100.0}","[100.0, 0.1, 1000.0]"
60.0,point_265,265,2026-08-07T11:48:26.552111+00:00,text_log_final_line,0.23916887114243915,0.9998443053624493,13,results/poly_d2_o6/points/point_265/real_tanh_autodiff.json,war_realad_weight_grid_v1,True,True,ok,results/poly_d2_o6/points/point_265/real_tanh_autodiff.log,0.239151256210217,realad,real_tanh_autodiff,0.9998594683161319,complete,63,poly_d2_o6,"['1e+2', '1e-1', '1e+3']","{'w_Delta2_u': 1000.0, 'w_Delta_u': 0.1, 'w_u': 100.0}","[100.0, 0.1, 1000.0]"
60.0,point_266,266,2026-08-07T11:49:32.239467+00:00,text_log_final_line,0.20826557693114195,0.9350580435927258,13,results/poly_d2_o6/points/point_266/war.json,war_realad_weight_grid_v1,True,True,ok,results/poly_d2_o6/points/point_266/war.log,0.2080006462530014,war,war,0.9350174950263596,complete,71,poly_d2_o6,"['1e+2', '1e+0', '1e-3']","{'w_Delta2_u': 0.001, 'w_Delta_u': 1.0, 'w_u': 100.0}","[100.0, 1.0, 0.001]"
60.0,point_266,266,2026-08-07T11:50:35.804932+00:00,text_log_final_line,0.23917411971586258,0.9998450157908285,13,results/poly_d2_o6/points/point_266/real_tanh_autodiff.json,war_realad_weight_grid_v1,True,True,ok,results/poly_d2_o6/points/point_266/real_tanh_autodiff.log,0.23915456574283203,realad,real_tanh_autodiff,0.9998601736778073,complete,63,poly_d2_o6,"['1e+2', '1e+0', '1e-3']","{'w_Delta2_u': 0.001, 'w_Delta_u': 1.0, 'w_u': 100.0}","[100.0, 1.0, 0.001]"
60.0,point_267,267,2026-08-07T11:51:39.663056+00:00,text_log_final_line,0.20828167360697603,0.9350878727462294,13,results/poly_d2_o6/points/point_267/war.json,war_realad_weight_grid_v1,True,True,ok,results/poly_d2_o6/points/point_267/war.log,0.20801688460230983,war,war,0.9350473840184056,complete,71,poly_d2_o6,"['1e+2', '1e+0', '1e-2']","{'w_Delta2_u': 0.01, 'w_Delta_u': 1.0, 'w_u': 100.0}","[100.0, 1.0, 0.01]"
60.0,point_267,267,2026-08-07T11:52:43.860040+00:00,text_log_final_line,0.2391586836061934,0.9998470960137839,13,results/poly_d2_o6/points/point_267/real_tanh_autodiff.json,war_realad_weight_grid_v1,True,True,ok,results/poly_d2_o6/points/point_267/real_tanh_autodiff.log,0.23914425226797448,realad,real_tanh_autodiff,0.9998622761839566,complete,63,poly_d2_o6,"['1e+2', '1e+0', '1e-2']","{'w_Delta2_u': 0.01, 'w_Delta_u': 1.0, 'w_u': 100.0}","[100.0, 1.0, 0.01]"
60.0,point_268,268,2026-08-07T11:53:47.744595+00:00,text_log_final_line,0.20834166945337887,0.9351849158831611,13,results/poly_d2_o6/points/point_268/war.json,war_realad_weight_grid_v1,True,True,ok,results/poly_d2_o6/points/point_268/war.log,0.2080776575550103,war,war,0.9351444963268387,complete,71,poly_d2_o6,"['1e+2', '1e+0', '1e-1']","{'w_Delta2_u': 0.1, 'w_Delta_u': 1.0, 'w_u': 100.0}","[100.0, 1.0, 0.1]"
60.0,point_268,268,2026-08-07T11:54:51.599474+00:00,text_log_final_line,0.2391707788633024,0.9998451977859995,13,results/poly_d2_o6/points/point_268/real_tanh_autodiff.json,war_realad_weight_grid_v1,True,True,ok,results/poly_d2_o6/points/point_268/real_tanh_autodiff.log,0.23915237498826492,realad,real_tanh_autodiff,0.9998603657966934,complete,63,poly_d2_o6,"['1e+2', '1e+0', '1e-1']","{'w_Delta2_u': 0.1, 'w_Delta_u': 1.0, 'w_u': 100.0}","[100.0, 1.0, 0.1]"
60.0,point_269,269,2026-08-07T11:55:55.425690+00:00,text_log_final_line,0.20870904347067903,0.9357161473519081,13,results/poly_d2_o6/points/point_269/war.json,war_realad_weight_grid_v1,True,True,ok,results/poly_d2_o6/points/point_269/war.log,0.20845039068599067,war,war,0.9356720492218964,complete,71,poly_d2_o6,"['1e+2', '1e+0', '1e+0']","{'w_Delta2_u': 1.0, 'w_Delta_u': 1.0, 'w_u': 100.0}","[100.0, 1.0, 1.0]"
60.0,point_269,269,2026-08-07T11:56:59.431218+00:00,text_log_final_line,0.23916871256852731,0.9998458759692265,13,results/poly_d2_o6/points/point_269/real_tanh_autodiff.json,war_realad_weight_grid_v1,True,True,ok,results/poly_d2_o6/points/point_269/real_tanh_autodiff.log,0.23915108661731066,realad,real_tanh_autodiff,0.9998610427165768,complete,63,poly_d2_o6,"['1e+2', '1e+0', '1e+0']","{'w_Delta2_u': 1.0, 'w_Delta_u': 1.0, 'w_u': 100.0}","[100.0, 1.0, 1.0]"
60.0,point_270,270,2026-08-07T11:58:03.309693+00:00,text_log_final_line,0.21142131116022042,0.9399463987900916,13,results/poly_d2_o6/points/point_270/war.json,war_realad_weight_grid_v1,True,True,ok,results/poly_d2_o6/points/point_270/war.log,0.2111974359022342,war,war,0.9398898738680078,complete,71,poly_d2_o6,"['1e+2', '1e+0', '1e+1']","{'w_Delta2_u': 10.0, 'w_Delta_u': 1.0, 'w_u': 100.0}","[100.0, 1.0, 10.0]"
60.0,point_270,270,2026-08-07T11:59:13.780674+00:00,text_log_final_line,0.23915579594295874,0.9998477656232309,13,results/poly_d2_o6/points/point_270/real_tanh_autodiff.json,war_realad_weight_grid_v1,True,True,ok,results/poly_d2_o6/points/point_270/real_tanh_autodiff.log,0.23913256845714895,realad,real_tanh_autodiff,0.9998621576267985,complete,64,poly_d2_o6,"['1e+2', '1e+0', '1e+1']","{'w_Delta2_u': 10.0, 'w_Delta_u': 1.0, 'w_u': 100.0}","[100.0, 1.0, 10.0]"
60.0,point_271,271,2026-08-07T12:00:17.784925+00:00,text_log_final_line,0.21738173035252456,0.9499516693745697,13,results/poly_d2_o6/points/point_271/war.json,war_realad_weight_grid_v1,True,True,ok,results/poly_d2_o6/points/point_271/war.log,0.2172115780799792,war,war,0.9498816712681181,complete,71,poly_d2_o6,"['1e+2', '1e+0', '1e+2']","{'w_Delta2_u': 100.0, 'w_Delta_u': 1.0, 'w_u': 100.0}","[100.0, 1.0, 100.0]"
60.0,point_271,271,2026-08-07T12:01:21.681803+00:00,text_log_final_line,0.23916775547947455,0.9998459770133756,13,results/poly_d2_o6/points/point_271/real_tanh_autodiff.json,war_realad_weight_grid_v1,True,True,ok,results/poly_d2_o6/points/point_271/real_tanh_autodiff.log,0.23915048707793954,realad,real_tanh_autodiff,0.9998611439921438,complete,63,poly_d2_o6,"['1e+2', '1e+0', '1e+2']","{'w_Delta2_u': 100.0, 'w_Delta_u': 1.0, 'w_u': 100.0}","[100.0, 1.0, 100.0]"
60.0,point_272,272,2026-08-07T12:02:25.599448+00:00,text_log_final_line,0.22627591110571696,0.9703564901763482,13,results/poly_d2_o6/points/point_272/war.json,war_realad_weight_grid_v1,True,True,ok,results/poly_d2_o6/points/point_272/war.log,0.2261966174599264,war,war,0.9701723381214032,complete,71,poly_d2_o6,"['1e+2', '1e+0', '1e+3']","{'w_Delta2_u': 1000.0, 'w_Delta_u': 1.0, 'w_u': 100.0}","[100.0, 1.0, 1000.0]"
60.0,point_272,272,2026-08-07T12:03:29.225967+00:00,text_log_final_line,0.23917378053897864,0.9998438221879592,13,results/poly_d2_o6/points/point_272/real_tanh_autodiff.json,war_realad_weight_grid_v1,True,True,ok,results/poly_d2_o6/points/point_272/real_tanh_autodiff.log,0.23915449631736552,realad,real_tanh_autodiff,0.9998589766559155,complete,63,poly_d2_o6,"['1e+2', '1e+0', '1e+3']","{'w_Delta2_u': 1000.0, 'w_Delta_u': 1.0, 'w_u': 100.0}","[100.0, 1.0, 1000.0]"
60.0,point_273,273,2026-08-07T12:04:33.610678+00:00,text_log_final_line,0.20963477555159887,0.9377337485814577,13,results/poly_d2_o6/points/point_273/war.json,war_realad_weight_grid_v1,True,True,ok,results/poly_d2_o6/points/point_273/war.log,0.2093881264968358,war,war,0.9376792848273906,complete,71,poly_d2_o6,"['1e+2', '1e+1', '1e-3']","{'w_Delta2_u': 0.001, 'w_Delta_u': 10.0, 'w_u': 100.0}","[100.0, 10.0, 0.001]"
60.0,point_273,273,2026-08-07T12:05:37.541249+00:00,text_log_final_line,0.23916250442201994,0.9998469231101095,13,results/poly_d2_o6/points/point_273/real_tanh_autodiff.json,war_realad_weight_grid_v1,True,True,ok,results/poly_d2_o6/points/point_273/real_tanh_autodiff.log,0.2391470037242168,realad,real_tanh_autodiff,0.9998620904298267,complete,63,poly_d2_o6,"['1e+2', '1e+1', '1e-3']","{'w_Delta2_u': 0.001, 'w_Delta_u': 10.0, 'w_u': 100.0}","[100.0, 10.0, 0.001]"
60.0,point_274,274,2026-08-07T12:06:41.652509+00:00,text_log_final_line,0.20962539939880895,0.937713839820182,13,results/poly_d2_o6/points/point_274/war.json,war_realad_weight_grid_v1,True,True,ok,results/poly_d2_o6/points/point_274/war.log,0.20937873848811034,war,war,0.9376591794213515,complete,71,poly_d2_o6,"['1e+2', '1e+1', '1e-2']","{'w_Delta2_u': 0.01, 'w_Delta_u': 10.0, 'w_u': 100.0}","[100.0, 10.0, 0.01]"
60.0,point_274,274,2026-08-07T12:07:45.561581+00:00,text_log_final_line,0.2391641215735754,0.9998466982725581,13,results/poly_d2_o6/points/point_274/real_tanh_autodiff.json,war_realad_weight_grid_v1,True,True,ok,results/poly_d2_o6/points/point_274/real_tanh_autodiff.log,0.23914810948640533,realad,real_tanh_autodiff,0.9998618655660529,complete,63,poly_d2_o6,"['1e+2', '1e+1', '1e-2']","{'w_Delta2_u': 0.01, 'w_Delta_u': 10.0, 'w_u': 100.0}","[100.0, 10.0, 0.01]"
60.0,point_275,275,2026-08-07T12:08:49.521049+00:00,text_log_final_line,0.20964034073682775,0.937722829527089,13,results/poly_d2_o6/points/point_275/war.json,war_realad_weight_grid_v1,True,True,ok,results/poly_d2_o6/points/point_275/war.log,0.20939394132221836,war,war,0.9376679672745919,complete,71,poly_d2_o6,"['1e+2', '1e+1', '1e-1']","{'w_Delta2_u': 0.1, 'w_Delta_u': 10.0, 'w_u': 100.0}","[100.0, 10.0, 0.1]"
60.0,point_275,275,2026-08-07T12:09:53.452093+00:00,text_log_final_line,0.23917431265903788,0.9998449562746617,13,results/poly_d2_o6/points/point_275/real_tanh_autodiff.json,war_realad_weight_grid_v1,True,True,ok,results/poly_d2_o6/points/point_275/real_tanh_autodiff.log,0.23915475842198308,realad,real_tanh_autodiff,0.999860110044939,complete,63,poly_d2_o6,"['1e+2', '1e+1', '1e-1']","{'w_Delta2_u': 0.1, 'w_Delta_u': 10.0, 'w_u': 100.0}","[100.0, 10.0, 0.1]"
60.0,point_276,276,2026-08-07T12:10:57.365832+00:00,text_log_final_line,0.2099713371369408,0.9382289112363508,13,results/poly_d2_o6/points/point_276/war.json,war_realad_weight_grid_v1,True,True,ok,results/poly_d2_o6/points/point_276/war.log,0.2097293165752747,war,war,0.9381745246632317,complete,71,poly_d2_o6,"['1e+2', '1e+1', '1e+0']","{'w_Delta2_u': 1.0, 'w_Delta_u': 10.0, 'w_u': 100.0}","[100.0, 10.0, 1.0]"
60.0,point_276,276,2026-08-07T12:12:01.707038+00:00,text_log_final_line,0.23915727129409792,0.9998471296518858,13,results/poly_d2_o6/points/point_276/real_tanh_autodiff.json,war_realad_weight_grid_v1,True,True,ok,results/poly_d2_o6/points/point_276/real_tanh_autodiff.log,0.23913321697025075,realad,real_tanh_autodiff,0.9998615123513187,complete,64,poly_d2_o6,"['1e+2', '1e+1', '1e+0']","{'w_Delta2_u': 1.0, 'w_Delta_u': 10.0, 'w_u': 100.0}","[100.0, 10.0, 1.0]"
60.0,point_277,277,2026-08-07T12:13:07.605254+00:00,text_log_final_line,0.21262874691290007,0.9425044948134191,13,results/poly_d2_o6/points/point_277/war.json,war_realad_weight_grid_v1,True,True,ok,results/poly_d2_o6/points/point_277/war.log,0.21241766677810917,war,war,0.9424393846424597,complete,71,poly_d2_o6,"['1e+2', '1e+1', '1e+1']","{'w_Delta2_u': 10.0, 'w_Delta_u': 10.0, 'w_u': 100.0}","[100.0, 10.0, 10.0]"
60.0,point_277,277,2026-08-07T12:14:11.945260+00:00,text_log_final_line,0.2391564204273044,0.9998472530584588,13,results/poly_d2_o6/points/point_277/real_tanh_autodiff.json,war_realad_weight_grid_v1,True,True,ok,results/poly_d2_o6/points/point_277/real_tanh_autodiff.log,0.23913283802960483,realad,real_tanh_autodiff,0.9998616381331958,complete,64,poly_d2_o6,"['1e+2', '1e+1', '1e+1']","{'w_Delta2_u': 10.0, 'w_Delta_u': 10.0, 'w_u': 100.0}","[100.0, 10.0, 10.0]"
60.0,point_278,278,2026-08-07T12:15:15.924645+00:00,text_log_final_line,0.2179997448800284,0.9513594694410955,13,results/poly_d2_o6/points/point_278/war.json,war_realad_weight_grid_v1,True,True,ok,results/poly_d2_o6/points/point_278/war.log,0.21783833720439064,war,war,0.9513027643600631,complete,71,poly_d2_o6,"['1e+2', '1e+1', '1e+2']","{'w_Delta2_u': 100.0, 'w_Delta_u': 10.0, 'w_u': 100.0}","[100.0, 10.0, 100.0]"
60.0,point_278,278,2026-08-07T12:16:20.052060+00:00,text_log_final_line,0.2391575852492722,0.999846488276238,13,results/poly_d2_o6/points/point_278/real_tanh_autodiff.json,war_realad_weight_grid_v1,True,True,ok,results/poly_d2_o6/points/point_278/real_tanh_autodiff.log,0.23913321723205422,realad,real_tanh_autodiff,0.9998608727642582,complete,64,poly_d2_o6,"['1e+2', '1e+1', '1e+2']","{'w_Delta2_u': 100.0, 'w_Delta_u': 10.0, 'w_u': 100.0}","[100.0, 10.0, 100.0]"
60.0,point_279,279,2026-08-07T12:17:24.093315+00:00,text_log_final_line,0.2264823160444828,0.9706761110833441,13,results/poly_d2_o6/points/point_279/war.json,war_realad_weight_grid_v1,True,True,ok,results/poly_d2_o6/points/point_279/war.log,0.226404516634881,war,war,0.970494013749877,complete,71,poly_d2_o6,"['1e+2', '1e+1', '1e+3']","{'w_Delta2_u': 1000.0, 'w_Delta_u': 10.0, 'w_u': 100.0}","[100.0, 10.0, 1000.0]"
60.0,point_279,279,2026-08-07T12:18:27.938762+00:00,text_log_final_line,0.23916467796845364,0.9998450190304519,13,results/poly_d2_o6/points/point_279/real_tanh_autodiff.json,war_realad_weight_grid_v1,True,True,ok,results/poly_d2_o6/points/point_279/real_tanh_autodiff.log,0.2391485043548306,realad,real_tanh_autodiff,0.9998601850242979,complete,63,poly_d2_o6,"['1e+2', '1e+1', '1e+3']","{'w_Delta2_u': 1000.0, 'w_Delta_u': 10.0, 'w_u': 100.0}","[100.0, 10.0, 1000.0]"
60.0,point_280,280,2026-08-07T12:19:31.831773+00:00,text_log_final_line,0.21646810819707488,0.951932224536493,13,results/poly_d2_o6/points/point_280/war.json,war_realad_weight_grid_v1,True,True,ok,results/poly_d2_o6/points/point_280/war.log,0.21629966453421565,war,war,0.9518286678767915,complete,71,poly_d2_o6,"['1e+2', '1e+2', '1e-3']","{'w_Delta2_u': 0.001, 'w_Delta_u': 100.0, 'w_u': 100.0}","[100.0, 100.0, 0.001]"
60.0,point_280,280,2026-08-07T12:20:36.324415+00:00,text_log_final_line,0.23916947628212334,0.9998448488958779,13,results/poly_d2_o6/points/point_280/real_tanh_autodiff.json,war_realad_weight_grid_v1,True,True,ok,results/poly_d2_o6/points/point_280/real_tanh_autodiff.log,0.2391522176641711,realad,real_tanh_autodiff,0.9998599857367501,complete,63,poly_d2_o6,"['1e+2', '1e+2', '1e-3']","{'w_Delta2_u': 0.001, 'w_Delta_u': 100.0, 'w_u': 100.0}","[100.0, 100.0, 0.001]"
60.0,point_281,281,2026-08-07T12:21:40.551060+00:00,text_log_final_line,0.2164757059208688,0.9519459262534328,13,results/poly_d2_o6/points/point_281/war.json,war_realad_weight_grid_v1,True,True,ok,results/poly_d2_o6/points/point_281/war.log,0.21630724839412,war,war,0.9518424779831219,complete,71,poly_d2_o6,"['1e+2', '1e+2', '1e-2']","{'w_Delta2_u': 0.01, 'w_Delta_u': 100.0, 'w_u': 100.0}","[100.0, 100.0, 0.01]"
60.0,point_281,281,2026-08-07T12:22:44.817566+00:00,text_log_final_line,0.23916301372152496,0.9998457170975487,13,results/poly_d2_o6/points/point_281/real_tanh_autodiff.json,war_realad_weight_grid_v1,True,True,ok,results/poly_d2_o6/points/point_281/real_tanh_autodiff.log,0.23914785620764178,realad,real_tanh_autodiff,0.9998608578227685,complete,63,poly_d2_o6,"['1e+2', '1e+2', '1e-2']","{'w_Delta2_u': 0.01, 'w_Delta_u': 100.0, 'w_u': 100.0}","[100.0, 100.0, 0.01]"
60.0,point_282,282,2026-08-07T12:23:49.101311+00:00,text_log_final_line,0.21649762981439835,0.951980476385021,13,results/poly_d2_o6/points/point_282/war.json,war_realad_weight_grid_v1,True,True,ok,results/poly_d2_o6/points/point_282/war.log,0.21632926252241977,war,war,0.951877166767847,complete,71,poly_d2_o6,"['1e+2', '1e+2', '1e-1']","{'w_Delta2_u': 0.1, 'w_Delta_u': 100.0, 'w_u': 100.0}","[100.0, 100.0, 0.1]"
60.0,point_282,282,2026-08-07T12:24:53.250787+00:00,text_log_final_line,0.23915867156592535,0.9998459457813916,13,results/poly_d2_o6/points/point_282/real_tanh_autodiff.json,war_realad_weight_grid_v1,True,True,ok,results/poly_d2_o6/points/point_282/real_tanh_autodiff.log,0.23913462853935277,realad,real_tanh_autodiff,0.9998603048180882,complete,64,poly_d2_o6,"['1e+2', '1e+2', '1e-1']","{'w_Delta2_u': 0.1, 'w_Delta_u': 100.0, 'w_u': 100.0}","[100.0, 100.0, 0.1]"
60.0,point_283,283,2026-08-07T12:25:57.210060+00:00,text_log_final_line,0.21662493132758395,0.9521573441278992,13,results/poly_d2_o6/points/point_283/war.json,war_realad_weight_grid_v1,True,True,ok,results/poly_d2_o6/points/point_283/war.log,0.21645780654451494,war,war,0.9520540571025826,complete,71,poly_d2_o6,"['1e+2', '1e+2', '1e+0']","{'w_Delta2_u': 1.0, 'w_Delta_u': 100.0, 'w_u': 100.0}","[100.0, 100.0, 1.0]"
60.0,point_283,283,2026-08-07T12:27:00.669049+00:00,text_log_final_line,0.2391758029438179,0.999843921111044,13,results/poly_d2_o6/points/point_283/real_tanh_autodiff.json,war_realad_weight_grid_v1,True,True,ok,results/poly_d2_o6/points/point_283/real_tanh_autodiff.log,0.239156306080468,realad,real_tanh_autodiff,0.9998590481350329,complete,63,poly_d2_o6,"['1e+2', '1e+2', '1e+0']","{'w_Delta2_u': 1.0, 'w_Delta_u': 100.0, 'w_u': 100.0}","[100.0, 100.0, 1.0]"
60.0,point_284,284,2026-08-07T12:28:05.098930+00:00,text_log_final_line,0.21762508565321537,0.9535996143664006,13,results/poly_d2_o6/points/point_284/war.json,war_realad_weight_grid_v1,True,True,ok,results/poly_d2_o6/points/point_284/war.log,0.21746834237467802,war,war,0.9534943969685407,complete,71,poly_d2_o6,"['1e+2', '1e+2', '1e+1']","{'w_Delta2_u': 10.0, 'w_Delta_u': 100.0, 'w_u': 100.0}","[100.0, 100.0, 10.0]"
60.0,point_284,284,2026-08-07T12:29:11.303854+00:00,text_log_final_line,0.23916853933138724,0.9998450677687738,13,results/poly_d2_o6/points/point_284/real_tanh_autodiff.json,war_realad_weight_grid_v1,True,True,ok,results/poly_d2_o6/points/point_284/real_tanh_autodiff.log,0.23915158871140768,realad,real_tanh_autodiff,0.999860204510058,complete,63,poly_d2_o6,"['1e+2', '1e+2', '1e+1']","{'w_Delta2_u': 10.0, 'w_Delta_u': 100.0, 'w_u': 100.0}","[100.0, 100.0, 10.0]"
60.0,point_285,285,2026-08-07T12:30:15.170201+00:00,text_log_final_line,0.22144342291867244,0.9595301154568721,13,results/poly_d2_o6/points/point_285/war.json,war_realad_weight_grid_v1,True,True,ok,results/poly_d2_o6/points/point_285/war.log,0.22131313545808542,war,war,0.9594686710337359,complete,71,poly_d2_o6,"['1e+2', '1e+2', '1e+2']","{'w_Delta2_u': 100.0, 'w_Delta_u': 100.0, 'w_u': 100.0}","[100.0, 100.0, 100.0]"
60.0,point_285,285,2026-08-07T12:31:19.109047+00:00,text_log_final_line,0.2391648124892628,0.999845414305122,13,results/poly_d2_o6/points/point_285/real_tanh_autodiff.json,war_realad_weight_grid_v1,True,True,ok,results/poly_d2_o6/points/point_285/real_tanh_autodiff.log,0.2391490770533544,realad,real_tanh_autodiff,0.9998605508450733,complete,63,poly_d2_o6,"['1e+2', '1e+2', '1e+2']","{'w_Delta2_u': 100.0, 'w_Delta_u': 100.0, 'w_u': 100.0}","[100.0, 100.0, 100.0]"
60.0,point_286,286,2026-08-07T12:32:23.609390+00:00,text_log_final_line,0.2282332788009996,0.9740416675798353,13,results/poly_d2_o6/points/point_286/war.json,war_realad_weight_grid_v1,True,True,ok,results/poly_d2_o6/points/point_286/war.log,0.22816630455374562,war,war,0.9738940004685271,complete,71,poly_d2_o6,"['1e+2', '1e+2', '1e+3']","{'w_Delta2_u': 1000.0, 'w_Delta_u': 100.0, 'w_u': 100.0}","[100.0, 100.0, 1000.0]"
60.0,point_286,286,2026-08-07T12:33:26.999288+00:00,text_log_final_line,0.2391570336517659,0.9998569445835397,13,results/poly_d2_o6/points/point_286/real_tanh_autodiff.json,war_realad_weight_grid_v1,True,True,ok,results/poly_d2_o6/points/point_286/real_tanh_autodiff.log,0.2391570336517659,realad,real_tanh_autodiff,0.9998569445835397,complete,63,poly_d2_o6,"['1e+2', '1e+2', '1e+3']","{'w_Delta2_u': 1000.0, 'w_Delta_u': 100.0, 'w_u': 100.0}","[100.0, 100.0, 1000.0]"
60.0,point_287,287,2026-08-07T12:34:30.994445+00:00,text_log_final_line,0.23060067802516743,0.9823165329809528,13,results/poly_d2_o6/points/point_287/war.json,war_realad_weight_grid_v1,True,True,ok,results/poly_d2_o6/points/point_287/war.log,0.23052958158708695,war,war,0.9821503975632494,complete,71,poly_d2_o6,"['1e+2', '1e+3', '1e-3']","{'w_Delta2_u': 0.001, 'w_Delta_u': 1000.0, 'w_u': 100.0}","[100.0, 1000.0, 0.001]"
60.0,point_287,287,2026-08-07T12:35:35.202818+00:00,text_log_final_line,0.2391709882741272,0.9998365289533344,13,results/poly_d2_o6/points/point_287/real_tanh_autodiff.json,war_realad_weight_grid_v1,True,True,ok,results/poly_d2_o6/points/point_287/real_tanh_autodiff.log,0.2391467072043688,realad,real_tanh_autodiff,0.9998507337496537,complete,64,poly_d2_o6,"['1e+2', '1e+3', '1e-3']","{'w_Delta2_u': 0.001, 'w_Delta_u': 1000.0, 'w_u': 100.0}","[100.0, 1000.0, 0.001]"
60.0,point_288,288,2026-08-07T12:36:39.022001+00:00,text_log_final_line,0.2306094670158768,0.982332039882096,13,results/poly_d2_o6/points/point_288/war.json,war_realad_weight_grid_v1,True,True,ok,results/poly_d2_o6/points/point_288/war.log,0.23053823912925103,war,war,0.9821658900966587,complete,71,poly_d2_o6,"['1e+2', '1e+3', '1e-2']","{'w_Delta2_u': 0.01, 'w_Delta_u': 1000.0, 'w_u': 100.0}","[100.0, 1000.0, 0.01]"
60.0,point_288,288,2026-08-07T12:37:43.406236+00:00,text_log_final_line,0.23917151317223864,0.9998364791235823,13,results/poly_d2_o6/points/point_288/real_tanh_autodiff.json,war_realad_weight_grid_v1,True,True,ok,results/poly_d2_o6/points/point_288/real_tanh_autodiff.log,0.23914689623518984,realad,real_tanh_autodiff,0.9998506830172139,complete,64,poly_d2_o6,"['1e+2', '1e+3', '1e-2']","{'w_Delta2_u': 0.01, 'w_Delta_u': 1000.0, 'w_u': 100.0}","[100.0, 1000.0, 0.01]"
60.0,point_289,289,2026-08-07T12:38:47.162419+00:00,text_log_final_line,0.23060719954987818,0.9823267243319853,13,results/poly_d2_o6/points/point_289/war.json,war_realad_weight_grid_v1,True,True,ok,results/poly_d2_o6/points/point_289/war.log,0.2305360812130078,war,war,0.9821605083767202,complete,71,poly_d2_o6,"['1e+2', '1e+3', '1e-1']","{'w_Delta2_u': 0.1, 'w_Delta_u': 1000.0, 'w_u': 100.0}","[100.0, 1000.0, 0.1]"
60.0,point_289,289,2026-08-07T12:39:51.100963+00:00,text_log_final_line,0.2391793458524896,0.9998351638601299,13,results/poly_d2_o6/points/point_289/real_tanh_autodiff.json,war_realad_weight_grid_v1,True,True,ok,results/poly_d2_o6/points/point_289/real_tanh_autodiff.log,0.23916283257785334,realad,real_tanh_autodiff,0.9998500672380651,complete,63,poly_d2_o6,"['1e+2', '1e+3', '1e-1']","{'w_Delta2_u': 0.1, 'w_Delta_u': 1000.0, 'w_u': 100.0}","[100.0, 1000.0, 0.1]"
60.0,point_290,290,2026-08-07T12:40:55.092063+00:00,text_log_final_line,0.23064449736189205,0.9823757319853885,13,results/poly_d2_o6/points/point_290/war.json,war_realad_weight_grid_v1,True,True,ok,results/poly_d2_o6/points/point_290/war.log,0.2305734520720454,war,war,0.9822095367904448,complete,71,poly_d2_o6,"['1e+2', '1e+3', '1e+0']","{'w_Delta2_u': 1.0, 'w_Delta_u': 1000.0, 'w_u': 100.0}","[100.0, 1000.0, 1.0]"
60.0,point_290,290,2026-08-07T12:41:58.930610+00:00,text_log_final_line,0.23917993355584566,0.9998355671394323,13,results/poly_d2_o6/points/point_290/real_tanh_autodiff.json,war_realad_weight_grid_v1,True,True,ok,results/poly_d2_o6/points/point_290/real_tanh_autodiff.log,0.23916334792468968,realad,real_tanh_autodiff,0.9998504685023714,complete,63,poly_d2_o6,"['1e+2', '1e+3', '1e+0']","{'w_Delta2_u': 1.0, 'w_Delta_u': 1000.0, 'w_u': 100.0}","[100.0, 1000.0, 1.0]"
60.0,point_291,291,2026-08-07T12:43:02.960350+00:00,text_log_final_line,0.23081377736799294,0.9825294578794518,13,results/poly_d2_o6/points/point_291/war.json,war_realad_weight_grid_v1,True,True,ok,results/poly_d2_o6/points/point_291/war.log,0.23074408755703077,war,war,0.9823616127375994,complete,71,poly_d2_o6,"['1e+2', '1e+3', '1e+1']","{'w_Delta2_u': 10.0, 'w_Delta_u': 1000.0, 'w_u': 100.0}","[100.0, 1000.0, 10.0]"
60.0,point_291,291,2026-08-07T12:44:09.969027+00:00,text_log_final_line,0.2391821915435117,0.99983470414305,13,results/poly_d2_o6/points/point_291/real_tanh_autodiff.json,war_realad_weight_grid_v1,True,True,ok,results/poly_d2_o6/points/point_291/real_tanh_autodiff.log,0.23916469041884125,realad,real_tanh_autodiff,0.9998496127820589,complete,63,poly_d2_o6,"['1e+2', '1e+3', '1e+1']","{'w_Delta2_u': 10.0, 'w_Delta_u': 1000.0, 'w_u': 100.0}","[100.0, 1000.0, 10.0]"
60.0,point_292,292,2026-08-07T12:45:14.066153+00:00,text_log_final_line,0.23179035364499673,0.9837139692519902,13,results/poly_d2_o6/points/point_292/war.json,war_realad_weight_grid_v1,True,True,ok,results/poly_d2_o6/points/point_292/war.log,0.2317284772372043,war,war,0.9835407974408055,complete,71,poly_d2_o6,"['1e+2', '1e+3', '1e+2']","{'w_Delta2_u': 100.0, 'w_Delta_u': 1000.0, 'w_u': 100.0}","[100.0, 1000.0, 100.0]"
60.0,point_292,292,2026-08-07T12:46:18.757110+00:00,text_log_final_line,0.23917094030968972,0.9998362713109142,13,results/poly_d2_o6/points/point_292/real_tanh_autodiff.json,war_realad_weight_grid_v1,True,True,ok,results/poly_d2_o6/points/point_292/real_tanh_autodiff.log,0.23914661393451225,realad,real_tanh_autodiff,0.9998504794602647,complete,64,poly_d2_o6,"['1e+2', '1e+3', '1e+2']","{'w_Delta2_u': 100.0, 'w_Delta_u': 1000.0, 'w_u': 100.0}","[100.0, 1000.0, 100.0]"
60.0,point_293,293,2026-08-07T12:47:22.908382+00:00,text_log_final_line,0.23438108641483987,0.9878263972621647,13,results/poly_d2_o6/points/point_293/war.json,war_realad_weight_grid_v1,True,True,ok,results/poly_d2_o6/points/point_293/war.log,0.2343398078728,war,war,0.9877196667365226,complete,71,poly_d2_o6,"['1e+2', '1e+3', '1e+3']","{'w_Delta2_u': 1000.0, 'w_Delta_u': 1000.0, 'w_u': 100.0}","[100.0, 1000.0, 1000.0]"
60.0,point_293,293,2026-08-07T12:48:27.327536+00:00,text_log_final_line,0.2391707861209139,0.9998346913178392,13,results/poly_d2_o6/points/point_293/real_tanh_autodiff.json,war_realad_weight_grid_v1,True,True,ok,results/poly_d2_o6/points/point_293/real_tanh_autodiff.log,0.23914670017545628,realad,real_tanh_autodiff,0.999848931007255,complete,64,poly_d2_o6,"['1e+2', '1e+3', '1e+3']","{'w_Delta2_u': 1000.0, 'w_Delta_u': 1000.0, 'w_u': 100.0}","[100.0, 1000.0, 1000.0]"
60.0,point_294,294,2026-08-07T12:49:31.238541+00:00,text_log_final_line,0.23646886757501523,0.9925809362114666,13,results/poly_d2_o6/points/point_294/war.json,war_realad_weight_grid_v1,True,True,ok,results/poly_d2_o6/points/point_294/war.log,0.23642931036849413,war,war,0.9925149373086505,complete,71,poly_d2_o6,"['1e+3', '1e-3', '1e-3']","{'w_Delta2_u': 0.001, 'w_Delta_u': 0.001, 'w_u': 1000.0}","[1000.0, 0.001, 0.001]"
60.0,point_294,294,2026-08-07T12:50:35.132887+00:00,text_log_final_line,0.24144333134574356,0.9998793634963772,13,results/poly_d2_o6/points/point_294/real_tanh_autodiff.json,war_realad_weight_grid_v1,True,True,ok,results/poly_d2_o6/points/point_294/real_tanh_autodiff.log,0.2412826398368467,realad,real_tanh_autodiff,0.9998943824720953,complete,63,poly_d2_o6,"['1e+3', '1e-3', '1e-3']","{'w_Delta2_u': 0.001, 'w_Delta_u': 0.001, 'w_u': 1000.0}","[1000.0, 0.001, 0.001]"
60.0,point_295,295,2026-08-07T12:51:39.007242+00:00,text_log_final_line,0.23647241003156028,0.9925846386688084,13,results/poly_d2_o6/points/point_295/war.json,war_realad_weight_grid_v1,True,True,ok,results/poly_d2_o6/points/point_295/war.log,0.23643211375610845,war,war,0.9925184929795487,complete,71,poly_d2_o6,"['1e+3', '1e-3', '1e-2']","{'w_Delta2_u': 0.01, 'w_Delta_u': 0.001, 'w_u': 1000.0}","[1000.0, 0.001, 0.01]"
60.0,point_295,295,2026-08-07T12:52:42.834405+00:00,text_log_final_line,0.24145646575766347,0.9998789530527802,13,results/poly_d2_o6/points/point_295/real_tanh_autodiff.json,war_realad_weight_grid_v1,True,True,ok,results/poly_d2_o6/points/point_295/real_tanh_autodiff.log,0.24129109406368993,realad,real_tanh_autodiff,0.9998939744658407,complete,63,poly_d2_o6,"['1e+3', '1e-3', '1e-2']","{'w_Delta2_u': 0.01, 'w_Delta_u': 0.001, 'w_u': 1000.0}","[1000.0, 0.001, 0.01]"
60.0,point_296,296,2026-08-07T12:53:46.623189+00:00,text_log_final_line,0.23647270543202628,0.9925842866545588,13,results/poly_d2_o6/points/point_296/war.json,war_realad_weight_grid_v1,True,True,ok,results/poly_d2_o6/points/point_296/war.log,0.23643300298240916,war,war,0.9925182881790019,complete,71,poly_d2_o6,"['1e+3', '1e-3', '1e-1']","{'w_Delta2_u': 0.1, 'w_Delta_u': 0.001, 'w_u': 1000.0}","[1000.0, 0.001, 0.1]"
60.0,point_296,296,2026-08-07T12:54:50.786620+00:00,text_log_final_line,0.24136783825353725,0.9998798521407493,13,results/poly_d2_o6/points/point_296/real_tanh_autodiff.json,war_realad_weight_grid_v1,True,True,ok,results/poly_d2_o6/points/point_296/real_tanh_autodiff.log,0.24112891330879999,realad,real_tanh_autodiff,0.9998940856993638,complete,64,poly_d2_o6,"['1e+3', '1e-3', '1e-1']","{'w_Delta2_u': 0.1, 'w_Delta_u': 0.001, 'w_u': 1000.0}","[1000.0, 0.001, 0.1]"
60.0,point_297,297,2026-08-07T12:55:54.716647+00:00,text_log_final_line,0.2364943199449497,0.9925993844444903,13,results/poly_d2_o6/points/point_297/war.json,war_realad_weight_grid_v1,True,True,ok,results/poly_d2_o6/points/point_297/war.log,0.23645389702991315,war,war,0.9925333957054105,complete,71,poly_d2_o6,"['1e+3', '1e-3', '1e+0']","{'w_Delta2_u': 1.0, 'w_Delta_u': 0.001, 'w_u': 1000.0}","[1000.0, 0.001, 1.0]"
60.0,point_297,297,2026-08-07T12:56:58.792950+00:00,text_log_final_line,0.24146044736563552,0.9998788869298769,13,results/poly_d2_o6/points/point_297/real_tanh_autodiff.json,war_realad_weight_grid_v1,True,True,ok,results/poly_d2_o6/points/point_297/real_tanh_autodiff.log,0.241293679901535,realad,real_tanh_autodiff,0.9998939061592294,complete,63,poly_d2_o6,"['1e+3', '1e-3', '1e+0']","{'w_Delta2_u': 1.0, 'w_Delta_u': 0.001, 'w_u': 1000.0}","[1000.0, 0.001, 1.0]"
60.0,point_298,298,2026-08-07T12:58:02.821998+00:00,text_log_final_line,0.23667665383365666,0.9927148515347437,13,results/poly_d2_o6/points/point_298/war.json,war_realad_weight_grid_v1,True,True,ok,results/poly_d2_o6/points/point_298/war.log,0.23663409456695647,war,war,0.9926501088021659,complete,71,poly_d2_o6,"['1e+3', '1e-3', '1e+1']","{'w_Delta2_u': 10.0, 'w_Delta_u': 0.001, 'w_u': 1000.0}","[1000.0, 0.001, 10.0]"
60.0,point_298,298,2026-08-07T12:59:10.178114+00:00,text_log_final_line,0.24136510513205195,0.9998799611256457,13,results/poly_d2_o6/points/point_298/real_tanh_autodiff.json,war_realad_weight_grid_v1,True,True,ok,results/poly_d2_o6/points/point_298/real_tanh_autodiff.log,0.24112787670143424,realad,real_tanh_autodiff,0.9998941956373968,complete,64,poly_d2_o6,"['1e+3', '1e-3', '1e+1']","{'w_Delta2_u': 10.0, 'w_Delta_u': 0.001, 'w_u': 1000.0}","[1000.0, 0.001, 10.0]"
60.0,point_299,299,2026-08-07T13:00:14.050284+00:00,text_log_final_line,0.2371891379045976,0.9937706204468103,13,results/poly_d2_o6/points/point_299/war.json,war_realad_weight_grid_v1,True,True,ok,results/poly_d2_o6/points/point_299/war.log,0.23713038274638512,war,war,0.9937242113155296,complete,71,poly_d2_o6,"['1e+3', '1e-3', '1e+2']","{'w_Delta2_u': 100.0, 'w_Delta_u': 0.001, 'w_u': 1000.0}","[1000.0, 0.001, 100.0]"
60.0,point_299,299,2026-08-07T13:01:18.336917+00:00,text_log_final_line,0.24136973117261903,0.9998795636389503,13,results/poly_d2_o6/points/point_299/real_tanh_autodiff.json,war_realad_weight_grid_v1,True,True,ok,results/poly_d2_o6/points/point_299/real_tanh_autodiff.log,0.24112870510503595,realad,real_tanh_autodiff,0.9998937977495164,complete,64,poly_d2_o6,"['1e+3', '1e-3', '1e+2']","{'w_Delta2_u': 100.0, 'w_Delta_u': 0.001, 'w_u': 1000.0}","[1000.0, 0.001, 100.0]"
60.0,point_300,300,2026-08-07T13:02:22.268084+00:00,text_log_final_line,0.23844676725634692,0.9954126127606449,13,results/poly_d2_o6/points/point_300/war.json,war_realad_weight_grid_v1,True,True,ok,results/poly_d2_o6/points/point_300/war.log,0.23839202445218224,war,war,0.995411103820803,complete,71,poly_d2_o6,"['1e+3', '1e-3', '1e+3']","{'w_Delta2_u': 1000.0, 'w_Delta_u': 0.001, 'w_u': 1000.0}","[1000.0, 0.001, 1000.0]"
60.0,point_300,300,2026-08-07T13:03:26.101420+00:00,text_log_final_line,0.24144951911595605,0.9998789222029446,13,results/poly_d2_o6/points/point_300/real_tanh_autodiff.json,war_realad_weight_grid_v1,True,True,ok,results/poly_d2_o6/points/point_300/real_tanh_autodiff.log,0.24128677763044953,realad,real_tanh_autodiff,0.9998939430751244,complete,63,poly_d2_o6,"['1e+3', '1e-3', '1e+3']","{'w_Delta2_u': 1000.0, 'w_Delta_u': 0.001, 'w_u': 1000.0}","[1000.0, 0.001, 1000.0]"
60.0,point_301,301,2026-08-07T13:04:30.584236+00:00,text_log_final_line,0.23647253863322837,0.9925849195004667,13,results/poly_d2_o6/points/point_301/war.json,war_realad_weight_grid_v1,True,True,ok,results/poly_d2_o6/points/point_301/war.log,0.2364321806033751,war,war,0.9925187618111967,complete,71,poly_d2_o6,"['1e+3', '1e-2', '1e-3']","{'w_Delta2_u': 0.001, 'w_Delta_u': 0.01, 'w_u': 1000.0}","[1000.0, 0.01, 0.001]"
60.0,point_301,301,2026-08-07T13:05:34.607823+00:00,text_log_final_line,0.24143045580356595,0.9998792950430659,13,results/poly_d2_o6/points/point_301/real_tanh_autodiff.json,war_realad_weight_grid_v1,True,True,ok,results/poly_d2_o6/points/point_301/real_tanh_autodiff.log,0.24127327934455486,realad,real_tanh_autodiff,0.9998943160953482,complete,63,poly_d2_o6,"['1e+3', '1e-2', '1e-3']","{'w_Delta2_u': 0.001, 'w_Delta_u': 0.01, 'w_u': 1000.0}","[1000.0, 0.01, 0.001]"
60.0,point_302,302,2026-08-07T13:06:38.729100+00:00,text_log_final_line,0.23646711542826035,0.9925789983943037,13,results/poly_d2_o6/points/point_302/war.json,war_realad_weight_grid_v1,True,True,ok,results/poly_d2_o6/points/point_302/war.log,0.23642799857045282,war,war,0.9925130946192067,complete,71,poly_d2_o6,"['1e+3', '1e-2', '1e-2']","{'w_Delta2_u': 0.01, 'w_Delta_u': 0.01, 'w_u': 1000.0}","[1000.0, 0.01, 0.01]"
60.0,point_302,302,2026-08-07T13:07:42.489657+00:00,text_log_final_line,0.24145818143492334,0.9998790154336344,13,results/poly_d2_o6/points/point_302/real_tanh_autodiff.json,war_realad_weight_grid_v1,True,True,ok,results/poly_d2_o6/points/point_302/real_tanh_autodiff.log,0.2412926600102738,realad,real_tanh_autodiff,0.9998940370847775,complete,63,poly_d2_o6,"['1e+3', '1e-2', '1e-2']","{'w_Delta2_u': 0.01, 'w_Delta_u': 0.01, 'w_u': 1000.0}","[1000.0, 0.01, 0.01]"
60.0,point_303,303,2026-08-07T13:08:46.398730+00:00,text_log_final_line,0.23647680391824621,0.9925884806157566,13,results/poly_d2_o6/points/point_303/war.json,war_realad_weight_grid_v1,True,True,ok,results/poly_d2_o6/points/point_303/war.log,0.23643619787916131,war,war,0.9925223068975397,complete,71,poly_d2_o6,"['1e+3', '1e-2', '1e-1']","{'w_Delta2_u': 0.1, 'w_Delta_u': 0.01, 'w_u': 1000.0}","[1000.0, 0.01, 0.1]"
60.0,point_303,303,2026-08-07T13:09:50.604732+00:00,text_log_final_line,0.2414665316846272,0.9998789881227734,13,results/poly_d2_o6/points/point_303/real_tanh_autodiff.json,war_realad_weight_grid_v1,True,True,ok,results/poly_d2_o6/points/point_303/real_tanh_autodiff.log,0.2412981353460651,realad,real_tanh_autodiff,0.9998940056561775,complete,63,poly_d2_o6,"['1e+3', '1e-2', '1e-1']","{'w_Delta2_u': 0.1, 'w_Delta_u': 0.01, 'w_u': 1000.0}","[1000.0, 0.01, 0.1]"
60.0,point_304,304,2026-08-07T13:10:54.514409+00:00,text_log_final_line,0.23649039583470896,0.9925950329144517,13,results/poly_d2_o6/points/point_304/war.json,war_realad_weight_grid_v1,True,True,ok,results/poly_d2_o6/points/point_304/war.log,0.2364508489440407,war,war,0.9925292236573976,complete,71,poly_d2_o6,"['1e+3', '1e-2', '1e+0']","{'w_Delta2_u': 1.0, 'w_Delta_u': 0.01, 'w_u': 1000.0}","[1000.0, 0.01, 1.0]"
60.0,point_304,304,2026-08-07T13:11:58.809908+00:00,text_log_final_line,0.24136255033301274,0.999880127639909,13,results/poly_d2_o6/points/point_304/real_tanh_autodiff.json,war_realad_weight_grid_v1,True,True,ok,results/poly_d2_o6/points/point_304/real_tanh_autodiff.log,0.24112711300460318,realad,real_tanh_autodiff,0.9998943608079658,complete,64,poly_d2_o6,"['1e+3', '1e-2', '1e+0']","{'w_Delta2_u': 1.0, 'w_Delta_u': 0.01, 'w_u': 1000.0}","[1000.0, 0.01, 1.0]"
60.0,point_305,305,2026-08-07T13:13:03.369978+00:00,text_log_final_line,0.23667267941046274,0.9927109744335539,13,results/poly_d2_o6/points/point_305/war.json,war_realad_weight_grid_v1,True,True,ok,results/poly_d2_o6/points/point_305/war.log,0.23663095097387887,war,war,0.992646401221253,complete,71,poly_d2_o6,"['1e+3', '1e-2', '1e+1']","{'w_Delta2_u': 10.0, 'w_Delta_u': 0.01, 'w_u': 1000.0}","[1000.0, 0.01, 10.0]"
60.0,point_305,305,2026-08-07T13:14:09.347263+00:00,text_log_final_line,0.2414586191538718,0.9998789881405289,13,results/poly_d2_o6/points/point_305/real_tanh_autodiff.json,war_realad_weight_grid_v1,True,True,ok,results/poly_d2_o6/points/point_305/real_tanh_autodiff.log,0.24129259200945227,realad,real_tanh_autodiff,0.9998940074309366,complete,63,poly_d2_o6,"['1e+3', '1e-2', '1e+1']","{'w_Delta2_u': 10.0, 'w_Delta_u': 0.01, 'w_u': 1000.0}","[1000.0, 0.01, 10.0]"
60.0,point_306,306,2026-08-07T13:15:13.891346+00:00,text_log_final_line,0.23718613158199653,0.9937686815070571,13,results/poly_d2_o6/points/point_306/war.json,war_realad_weight_grid_v1,True,True,ok,results/poly_d2_o6/points/point_306/war.log,0.23712783526995784,war,war,0.9937223571035858,complete,71,poly_d2_o6,"['1e+3', '1e-2', '1e+2']","{'w_Delta2_u': 100.0, 'w_Delta_u': 0.01, 'w_u': 1000.0}","[1000.0, 0.01, 100.0]"
60.0,point_306,306,2026-08-07T13:16:17.678360+00:00,text_log_final_line,0.24146019154465256,0.9998789819591866,13,results/poly_d2_o6/points/point_306/real_tanh_autodiff.json,war_realad_weight_grid_v1,True,True,ok,results/poly_d2_o6/points/point_306/real_tanh_autodiff.log,0.24129363132407497,realad,real_tanh_autodiff,0.9998939993995473,complete,63,poly_d2_o6,"['1e+3', '1e-2', '1e+2']","{'w_Delta2_u': 100.0, 'w_Delta_u': 0.01, 'w_u': 1000.0}","[1000.0, 0.01, 100.0]"
60.0,point_307,307,2026-08-07T13:17:21.540290+00:00,text_log_final_line,0.23845470341110456,0.9954071622616444,13,results/poly_d2_o6/points/point_307/war.json,war_realad_weight_grid_v1,True,True,ok,results/poly_d2_o6/points/point_307/war.log,0.23839744773036092,war,war,0.9954058137352315,complete,71,poly_d2_o6,"['1e+3', '1e-2', '1e+3']","{'w_Delta2_u': 1000.0, 'w_Delta_u': 0.01, 'w_u': 1000.0}","[1000.0, 0.01, 1000.0]"
60.0,point_307,307,2026-08-07T13:18:25.715988+00:00,text_log_final_line,0.24137018416654857,0.9998796865422819,13,results/poly_d2_o6/points/point_307/real_tanh_autodiff.json,war_realad_weight_grid_v1,True,True,ok,results/poly_d2_o6/points/point_307/real_tanh_autodiff.log,0.24113033167751205,realad,real_tanh_autodiff,0.999893919402,complete,64,poly_d2_o6,"['1e+3', '1e-2', '1e+3']","{'w_Delta2_u': 1000.0, 'w_Delta_u': 0.01, 'w_u': 1000.0}","[1000.0, 0.01, 1000.0]"
60.0,point_308,308,2026-08-07T13:19:29.516842+00:00,text_log_final_line,0.2364697066371479,0.9925816977067334,13,results/poly_d2_o6/points/point_308/war.json,war_realad_weight_grid_v1,True,True,ok,results/poly_d2_o6/points/point_308/war.log,0.2364303328133047,war,war,0.9925157772459462,complete,71,poly_d2_o6,"['1e+3', '1e-1', '1e-3']","{'w_Delta2_u': 0.001, 'w_Delta_u': 0.1, 'w_u': 1000.0}","[1000.0, 0.1, 0.001]"
60.0,point_308,308,2026-08-07T13:20:33.266931+00:00,text_log_final_line,0.24145495760024813,0.9998791532313113,13,results/poly_d2_o6/points/point_308/real_tanh_autodiff.json,war_realad_weight_grid_v1,True,True,ok,results/poly_d2_o6/points/point_308/real_tanh_autodiff.log,0.24129046402275886,realad,real_tanh_autodiff,0.9998941719568274,complete,63,poly_d2_o6,"['1e+3', '1e-1', '1e-3']","{'w_Delta2_u': 0.001, 'w_Delta_u': 0.1, 'w_u': 1000.0}","[1000.0, 0.1, 0.001]"
60.0,point_309,309,2026-08-07T13:21:37.118486+00:00,text_log_final_line,0.23647067935798854,0.9925826066413496,13,results/poly_d2_o6/points/point_309/war.json,war_realad_weight_grid_v1,True,True,ok,results/poly_d2_o6/points/point_309/war.log,0.23643112856831114,war,war,0.9925166547080032,complete,71,poly_d2_o6,"['1e+3', '1e-1', '1e-2']","{'w_Delta2_u': 0.01, 'w_Delta_u': 0.1, 'w_u': 1000.0}","[1000.0, 0.1, 0.01]"
60.0,point_309,309,2026-08-07T13:22:41.415674+00:00,text_log_final_line,0.2413556080613151,0.9998799805399534,13,results/poly_d2_o6/points/point_309/real_tanh_autodiff.json,war_realad_weight_grid_v1,True,True,ok,results/poly_d2_o6/points/point_309/real_tanh_autodiff.log,0.24112296049498882,realad,real_tanh_autodiff,0.9998942180161832,complete,64,poly_d2_o6,"['1e+3', '1e-1', '1e-2']","{'w_Delta2_u': 0.01, 'w_Delta_u': 0.1, 'w_u': 1000.0}","[1000.0, 0.1, 0.01]"
60.0,point_310,310,2026-08-07T13:23:45.418143+00:00,text_log_final_line,0.23647661602401002,0.992587841293465,13,results/poly_d2_o6/points/point_310/war.json,war_realad_weight_grid_v1,True,True,ok,results/poly_d2_o6/points/point_310/war.log,0.23643621006534082,war,war,0.9925217139700133,complete,71,poly_d2_o6,"['1e+3', '1e-1', '1e-1']","{'w_Delta2_u': 0.1, 'w_Delta_u': 0.1, 'w_u': 1000.0}","[1000.0, 0.1, 0.1]"
60.0,point_310,310,2026-08-07T13:24:49.322251+00:00,text_log_final_line,0.24143061786369452,0.9998796522772528,13,results/poly_d2_o6/points/point_310/real_tanh_autodiff.json,war_realad_weight_grid_v1,True,True,ok,results/poly_d2_o6/points/point_310/real_tanh_autodiff.log,0.24127427155525583,realad,real_tanh_autodiff,0.9998946738053545,complete,63,poly_d2_o6,"['1e+3', '1e-1', '1e-1']","{'w_Delta2_u': 0.1, 'w_Delta_u': 0.1, 'w_u': 1000.0}","[1000.0, 0.1, 0.1]"
60.0,point_311,311,2026-08-07T13:25:53.346942+00:00,text_log_final_line,0.23649391898469693,0.9925982954543909,13,results/poly_d2_o6/points/point_311/war.json,war_realad_weight_grid_v1,True,True,ok,results/poly_d2_o6/points/point_311/war.log,0.2364537499656391,war,war,0.9925323662499302,complete,71,poly_d2_o6,"['1e+3', '1e-1', '1e+0']","{'w_Delta2_u': 1.0, 'w_Delta_u': 0.1, 'w_u': 1000.0}","[1000.0, 0.1, 1.0]"
60.0,point_311,311,2026-08-07T13:26:57.590213+00:00,text_log_final_line,0.24136071851545535,0.9998798836909104,13,results/poly_d2_o6/points/point_311/real_tanh_autodiff.json,war_realad_weight_grid_v1,True,True,ok,results/poly_d2_o6/points/point_311/real_tanh_autodiff.log,0.24112537335644957,realad,real_tanh_autodiff,0.9998941201841887,complete,64,poly_d2_o6,"['1e+3', '1e-1', '1e+0']","{'w_Delta2_u': 1.0, 'w_Delta_u': 0.1, 'w_u': 1000.0}","[1000.0, 0.1, 1.0]"
60.0,point_312,312,2026-08-07T13:28:01.358923+00:00,text_log_final_line,0.23667048877988445,0.9927081121615645,13,results/poly_d2_o6/points/point_312/war.json,war_realad_weight_grid_v1,True,True,ok,results/poly_d2_o6/points/point_312/war.log,0.23662935714058086,war,war,0.9926436570562854,complete,71,poly_d2_o6,"['1e+3', '1e-1', '1e+1']","{'w_Delta2_u': 10.0, 'w_Delta_u': 0.1, 'w_u': 1000.0}","[1000.0, 0.1, 10.0]"
60.0,point_312,312,2026-08-07T13:29:10.044004+00:00,text_log_final_line,0.2414812737622014,0.9998785052226256,13,results/poly_d2_o6/points/point_312/real_tanh_autodiff.json,war_realad_weight_grid_v1,True,True,ok,results/poly_d2_o6/points/point_312/real_tanh_autodiff.log,0.241307405287316,realad,real_tanh_autodiff,0.9998935230178027,complete,63,poly_d2_o6,"['1e+3', '1e-1', '1e+1']","{'w_Delta2_u': 10.0, 'w_Delta_u': 0.1, 'w_u': 1000.0}","[1000.0, 0.1, 10.0]"
60.0,point_313,313,2026-08-07T13:30:13.974577+00:00,text_log_final_line,0.23718724227015575,0.9937698775852676,13,results/poly_d2_o6/points/point_313/war.json,war_realad_weight_grid_v1,True,True,ok,results/poly_d2_o6/points/point_313/war.log,0.23712899532751858,war,war,0.993723454655044,complete,71,poly_d2_o6,"['1e+3', '1e-1', '1e+2']","{'w_Delta2_u': 100.0, 'w_Delta_u': 0.1, 'w_u': 1000.0}","[1000.0, 0.1, 100.0]"
60.0,point_313,313,2026-08-07T13:31:18.629346+00:00,text_log_final_line,0.24135465368784254,0.9998800667128585,13,results/poly_d2_o6/points/point_313/real_tanh_autodiff.json,war_realad_weight_grid_v1,True,True,ok,results/poly_d2_o6/points/point_313/real_tanh_autodiff.log,0.24112296968856026,realad,real_tanh_autodiff,0.9998943038513641,complete,64,poly_d2_o6,"['1e+3', '1e-1', '1e+2']","{'w_Delta2_u': 100.0, 'w_Delta_u': 0.1, 'w_u': 1000.0}","[1000.0, 0.1, 100.0]"
60.0,point_314,314,2026-08-07T13:32:22.484721+00:00,text_log_final_line,0.2384529987560452,0.9954049716202202,13,results/poly_d2_o6/points/point_314/war.json,war_realad_weight_grid_v1,True,True,ok,results/poly_d2_o6/points/point_314/war.log,0.23839633620392495,war,war,0.9954035726077501,complete,71,poly_d2_o6,"['1e+3', '1e-1', '1e+3']","{'w_Delta2_u': 1000.0, 'w_Delta_u': 0.1, 'w_u': 1000.0}","[1000.0, 0.1, 1000.0]"
60.0,point_314,314,2026-08-07T13:33:26.029303+00:00,text_log_final_line,0.24153924212839037,0.9998779072577164,13,results/poly_d2_o6/points/point_314/real_tanh_autodiff.json,war_realad_weight_grid_v1,True,True,ok,results/poly_d2_o6/points/point_314/real_tanh_autodiff.log,0.24134647288436437,realad,real_tanh_autodiff,0.9998929170913918,complete,63,poly_d2_o6,"['1e+3', '1e-1', '1e+3']","{'w_Delta2_u': 1000.0, 'w_Delta_u': 0.1, 'w_u': 1000.0}","[1000.0, 0.1, 1000.0]"
60.0,point_315,315,2026-08-07T13:34:30.058917+00:00,text_log_final_line,0.23647857920263204,0.99258930236879,13,results/poly_d2_o6/points/point_315/war.json,war_realad_weight_grid_v1,True,True,ok,results/poly_d2_o6/points/point_315/war.log,0.23643835094224017,war,war,0.9925234151237917,complete,71,poly_d2_o6,"['1e+3', '1e+0', '1e-3']","{'w_Delta2_u': 0.001, 'w_Delta_u': 1.0, 'w_u': 1000.0}","[1000.0, 1.0, 0.001]"
60.0,point_315,315,2026-08-07T13:35:34.477551+00:00,text_log_final_line,0.24142368081646495,0.9998794210613803,13,results/poly_d2_o6/points/point_315/real_tanh_autodiff.json,war_realad_weight_grid_v1,True,True,ok,results/poly_d2_o6/points/point_315/real_tanh_autodiff.log,0.2412688150156755,realad,real_tanh_autodiff,0.9998944426655091,complete,63,poly_d2_o6,"['1e+3', '1e+0', '1e-3']","{'w_Delta2_u': 0.001, 'w_Delta_u': 1.0, 'w_u': 1000.0}","[1000.0, 1.0, 0.001]"
60.0,point_316,316,2026-08-07T13:36:38.357303+00:00,text_log_final_line,0.2364794768112837,0.9925900916380901,13,results/poly_d2_o6/points/point_316/war.json,war_realad_weight_grid_v1,True,True,ok,results/poly_d2_o6/points/point_316/war.log,0.23643909663812163,war,war,0.9925241739102524,complete,71,poly_d2_o6,"['1e+3', '1e+0', '1e-2']","{'w_Delta2_u': 0.01, 'w_Delta_u': 1.0, 'w_u': 1000.0}","[1000.0, 1.0, 0.01]"
60.0,point_316,316,2026-08-07T13:37:42.544367+00:00,text_log_final_line,0.24135746110056705,0.9998801185440019,13,results/poly_d2_o6/points/point_316/real_tanh_autodiff.json,war_realad_weight_grid_v1,True,True,ok,results/poly_d2_o6/points/point_316/real_tanh_autodiff.log,0.24112504103670387,realad,real_tanh_autodiff,0.9998943579455578,complete,64,poly_d2_o6,"['1e+3', '1e+0', '1e-2']","{'w_Delta2_u': 0.01, 'w_Delta_u': 1.0, 'w_u': 1000.0}","[1000.0, 1.0, 0.01]"
60.0,point_317,317,2026-08-07T13:38:46.526601+00:00,text_log_final_line,0.23647926935174327,0.992588567529665,13,results/poly_d2_o6/points/point_317/war.json,war_realad_weight_grid_v1,True,True,ok,results/poly_d2_o6/points/point_317/war.log,0.23643898053667672,war,war,0.992522709478138,complete,71,poly_d2_o6,"['1e+3', '1e+0', '1e-1']","{'w_Delta2_u': 0.1, 'w_Delta_u': 1.0, 'w_u': 1000.0}","[1000.0, 1.0, 0.1]"
60.0,point_317,317,2026-08-07T13:39:50.304383+00:00,text_log_final_line,0.24146794829802662,0.9998789890180291,13,results/poly_d2_o6/points/point_317/real_tanh_autodiff.json,war_realad_weight_grid_v1,True,True,ok,results/poly_d2_o6/points/point_317/real_tanh_autodiff.log,0.2412990273566428,realad,real_tanh_autodiff,0.9998940048773679,complete,63,poly_d2_o6,"['1e+3', '1e+0', '1e-1']","{'w_Delta2_u': 0.1, 'w_Delta_u': 1.0, 'w_u': 1000.0}","[1000.0, 1.0, 0.1]"
60.0,point_318,318,2026-08-07T13:40:54.227484+00:00,text_log_final_line,0.23650215195172156,0.992603602801769,13,results/poly_d2_o6/points/point_318/war.json,war_realad_weight_grid_v1,True,True,ok,results/poly_d2_o6/points/point_318/war.log,0.23646159384611873,war,war,0.9925377809378843,complete,71,poly_d2_o6,"['1e+3', '1e+0', '1e+0']","{'w_Delta2_u': 1.0, 'w_Delta_u': 1.0, 'w_u': 1000.0}","[1000.0, 1.0, 1.0]"
60.0,point_318,318,2026-08-07T13:41:58.338025+00:00,text_log_final_line,0.2414316701987982,0.9998793511003605,13,results/poly_d2_o6/points/point_318/real_tanh_autodiff.json,war_realad_weight_grid_v1,True,True,ok,results/poly_d2_o6/points/point_318/real_tanh_autodiff.log,0.24127442150399772,realad,real_tanh_autodiff,0.9998943710975454,complete,63,poly_d2_o6,"['1e+3', '1e+0', '1e+0']","{'w_Delta2_u': 1.0, 'w_Delta_u': 1.0, 'w_u': 1000.0}","[1000.0, 1.0, 1.0]"
60.0,point_319,319,2026-08-07T13:43:02.185460+00:00,text_log_final_line,0.23667846499054618,0.9927076059079663,13,results/poly_d2_o6/points/point_319/war.json,war_realad_weight_grid_v1,True,True,ok,results/poly_d2_o6/points/point_319/war.log,0.23663683148686454,war,war,0.9926430970863372,complete,71,poly_d2_o6,"['1e+3', '1e+0', '1e+1']","{'w_Delta2_u': 10.0, 'w_Delta_u': 1.0, 'w_u': 1000.0}","[1000.0, 1.0, 10.0]"
60.0,point_319,319,2026-08-07T13:44:09.638056+00:00,text_log_final_line,0.2413656416974375,0.999879708944792,13,results/poly_d2_o6/points/point_319/real_tanh_autodiff.json,war_realad_weight_grid_v1,True,True,ok,results/poly_d2_o6/points/point_319/real_tanh_autodiff.log,0.24112744840350603,realad,real_tanh_autodiff,0.9998939460625617,complete,64,poly_d2_o6,"['1e+3', '1e+0', '1e+1']","{'w_Delta2_u': 10.0, 'w_Delta_u': 1.0, 'w_u': 1000.0}","[1000.0, 1.0, 10.0]"
60.0,point_320,320,2026-08-07T13:45:13.533064+00:00,text_log_final_line,0.2372675556167677,0.9938703028852707,13,results/poly_d2_o6/points/point_320/war.json,war_realad_weight_grid_v1,True,True,ok,results/poly_d2_o6/points/point_320/war.log,0.2372064923138692,war,war,0.9938229307491782,complete,71,poly_d2_o6,"['1e+3', '1e+0', '1e+2']","{'w_Delta2_u': 100.0, 'w_Delta_u': 1.0, 'w_u': 1000.0}","[1000.0, 1.0, 100.0]"
60.0,point_320,320,2026-08-07T13:46:18.072534+00:00,text_log_final_line,0.24135681299386896,0.9998802052973108,13,results/poly_d2_o6/points/point_320/real_tanh_autodiff.json,war_realad_weight_grid_v1,True,True,ok,results/poly_d2_o6/points/point_320/real_tanh_autodiff.log,0.24112427094492397,realad,real_tanh_autodiff,0.9998944395179925,complete,64,poly_d2_o6,"['1e+3', '1e+0', '1e+2']","{'w_Delta2_u': 100.0, 'w_Delta_u': 1.0, 'w_u': 1000.0}","[1000.0, 1.0, 100.0]"
60.0,point_321,321,2026-08-07T13:47:22.055119+00:00,text_log_final_line,0.23845049747265956,0.9954098828935027,13,results/poly_d2_o6/points/point_321/war.json,war_realad_weight_grid_v1,True,True,ok,results/poly_d2_o6/points/point_321/war.log,0.23839572548287513,war,war,0.995408514050536,complete,71,poly_d2_o6,"['1e+3', '1e+0', '1e+3']","{'w_Delta2_u': 1000.0, 'w_Delta_u': 1.0, 'w_u': 1000.0}","[1000.0, 1.0, 1000.0]"
60.0,point_321,321,2026-08-07T13:48:25.862852+00:00,text_log_final_line,0.24146289633932108,0.9998786767391891,13,results/poly_d2_o6/points/point_321/real_tanh_autodiff.json,war_realad_weight_grid_v1,True,True,ok,results/poly_d2_o6/points/point_321/real_tanh_autodiff.log,0.2412951373622528,realad,real_tanh_autodiff,0.9998936927574642,complete,63,poly_d2_o6,"['1e+3', '1e+0', '1e+3']","{'w_Delta2_u': 1000.0, 'w_Delta_u': 1.0, 'w_u': 1000.0}","[1000.0, 1.0, 1000.0]"
60.0,point_322,322,2026-08-07T13:49:29.824294+00:00,text_log_final_line,0.23654451105848168,0.9926084427320654,13,results/poly_d2_o6/points/point_322/war.json,war_realad_weight_grid_v1,True,True,ok,results/poly_d2_o6/points/point_322/war.log,0.23650400811763567,war,war,0.992543446124101,complete,71,poly_d2_o6,"['1e+3', '1e+1', '1e-3']","{'w_Delta2_u': 0.001, 'w_Delta_u': 10.0, 'w_u': 1000.0}","[1000.0, 10.0, 0.001]"
60.0,point_322,322,2026-08-07T13:50:33.663886+00:00,text_log_final_line,0.2414560090445911,0.9998789277870838,13,results/poly_d2_o6/points/point_322/real_tanh_autodiff.json,war_realad_weight_grid_v1,True,True,ok,results/poly_d2_o6/points/point_322/real_tanh_autodiff.log,0.24129075461918875,realad,real_tanh_autodiff,0.9998939471553493,complete,63,poly_d2_o6,"['1e+3', '1e+1', '1e-3']","{'w_Delta2_u': 0.001, 'w_Delta_u': 10.0, 'w_u': 1000.0}","[1000.0, 10.0, 0.001]"
60.0,point_323,323,2026-08-07T13:51:37.682326+00:00,text_log_final_line,0.23654637108743992,0.9926112233989303,13,results/poly_d2_o6/points/point_323/war.json,war_realad_weight_grid_v1,True,True,ok,results/poly_d2_o6/points/point_323/war.log,0.2365056708836447,war,war,0.9925462179012999,complete,71,poly_d2_o6,"['1e+3', '1e+1', '1e-2']","{'w_Delta2_u': 0.01, 'w_Delta_u': 10.0, 'w_u': 1000.0}","[1000.0, 10.0, 0.01]"
60.0,point_323,323,2026-08-07T13:52:41.441883+00:00,text_log_final_line,0.24147130639803868,0.9998789683424304,13,results/poly_d2_o6/points/point_323/real_tanh_autodiff.json,war_realad_weight_grid_v1,True,True,ok,results/poly_d2_o6/points/point_323/real_tanh_autodiff.log,0.24130145472074668,realad,real_tanh_autodiff,0.9998939831409024,complete,63,poly_d2_o6,"['1e+3', '1e+1', '1e-2']","{'w_Delta2_u': 0.01, 'w_Delta_u': 10.0, 'w_u': 1000.0}","[1000.0, 10.0, 0.01]"
60.0,point_324,324,2026-08-07T13:53:45.366162+00:00,text_log_final_line,0.23654674666591405,0.9926101691745419,13,results/poly_d2_o6/points/point_324/war.json,war_realad_weight_grid_v1,True,True,ok,results/poly_d2_o6/points/point_324/war.log,0.23650637263268584,war,war,0.9925452256007665,complete,71,poly_d2_o6,"['1e+3', '1e+1', '1e-1']","{'w_Delta2_u': 0.1, 'w_Delta_u': 10.0, 'w_u': 1000.0}","[1000.0, 10.0, 0.1]"
60.0,point_324,324,2026-08-07T13:54:49.609875+00:00,text_log_final_line,0.24136141166863967,0.9998799150362797,13,results/poly_d2_o6/points/point_324/real_tanh_autodiff.json,war_realad_weight_grid_v1,True,True,ok,results/poly_d2_o6/points/point_324/real_tanh_autodiff.log,0.24112594512320384,realad,real_tanh_autodiff,0.9998941510076165,complete,64,poly_d2_o6,"['1e+3', '1e+1', '1e-1']","{'w_Delta2_u': 0.1, 'w_Delta_u': 10.0, 'w_u': 1000.0}","[1000.0, 10.0, 0.1]"
60.0,point_325,325,2026-08-07T13:55:53.559427+00:00,text_log_final_line,0.23656846147303864,0.99262291068016,13,results/poly_d2_o6/points/point_325/war.json,war_realad_weight_grid_v1,True,True,ok,results/poly_d2_o6/points/point_325/war.log,0.2365272755326398,war,war,0.992558372166217,complete,71,poly_d2_o6,"['1e+3', '1e+1', '1e+0']","{'w_Delta2_u': 1.0, 'w_Delta_u': 10.0, 'w_u': 1000.0}","[1000.0, 10.0, 1.0]"
60.0,point_325,325,2026-08-07T13:56:57.953483+00:00,text_log_final_line,0.24145433187896304,0.9998790846560052,13,results/poly_d2_o6/points/point_325/real_tanh_autodiff.json,war_realad_weight_grid_v1,True,True,ok,results/poly_d2_o6/points/point_325/real_tanh_autodiff.log,0.241289919247882,realad,real_tanh_autodiff,0.9998941038729892,complete,63,poly_d2_o6,"['1e+3', '1e+1', '1e+0']","{'w_Delta2_u': 1.0, 'w_Delta_u': 10.0, 'w_u': 1000.0}","[1000.0, 10.0, 1.0]"
60.0,point_326,326,2026-08-07T13:58:01.977151+00:00,text_log_final_line,0.23673576212142572,0.9927354948272613,13,results/poly_d2_o6/points/point_326/war.json,war_realad_weight_grid_v1,True,True,ok,results/poly_d2_o6/points/point_326/war.log,0.2366948235679407,war,war,0.9926716190541859,complete,71,poly_d2_o6,"['1e+3', '1e+1', '1e+1']","{'w_Delta2_u': 10.0, 'w_Delta_u': 10.0, 'w_u': 1000.0}","[1000.0, 10.0, 10.0]"
60.0,point_326,326,2026-08-07T13:59:10.193151+00:00,text_log_final_line,0.241361984026198,0.9998800354003984,13,results/poly_d2_o6/points/point_326/real_tanh_autodiff.json,war_realad_weight_grid_v1,True,True,ok,results/poly_d2_o6/points/point_326/real_tanh_autodiff.log,0.24112658254968541,realad,real_tanh_autodiff,0.9998942696154954,complete,64,poly_d2_o6,"['1e+3', '1e+1', '1e+1']","{'w_Delta2_u': 10.0, 'w_Delta_u': 10.0, 'w_u': 1000.0}","[1000.0, 10.0, 10.0]"
60.0,point_327,327,2026-08-07T14:00:14.141396+00:00,text_log_final_line,0.23731914192501044,0.9939086276992007,13,results/poly_d2_o6/points/point_327/war.json,war_realad_weight_grid_v1,True,True,ok,results/poly_d2_o6/points/point_327/war.log,0.237256415752154,war,war,0.99386095730084,complete,71,poly_d2_o6,"['1e+3', '1e+1', '1e+2']","{'w_Delta2_u': 100.0, 'w_Delta_u': 10.0, 'w_u': 1000.0}","[1000.0, 10.0, 100.0]"
60.0,point_327,327,2026-08-07T14:01:18.831779+00:00,text_log_final_line,0.2413627819091352,0.9998797874434833,13,results/poly_d2_o6/points/point_327/real_tanh_autodiff.json,war_realad_weight_grid_v1,True,True,ok,results/poly_d2_o6/points/point_327/real_tanh_autodiff.log,0.2411262499360617,realad,real_tanh_autodiff,0.9998940212311213,complete,64,poly_d2_o6,"['1e+3', '1e+1', '1e+2']","{'w_Delta2_u': 100.0, 'w_Delta_u': 10.0, 'w_u': 1000.0}","[1000.0, 10.0, 100.0]"
60.0,point_328,328,2026-08-07T14:02:22.852506+00:00,text_log_final_line,0.23848864924836538,0.9953938579538012,13,results/poly_d2_o6/points/point_328/war.json,war_realad_weight_grid_v1,True,True,ok,results/poly_d2_o6/points/point_328/war.log,0.23843108452351225,war,war,0.9953927857031583,complete,71,poly_d2_o6,"['1e+3', '1e+1', '1e+3']","{'w_Delta2_u': 1000.0, 'w_Delta_u': 10.0, 'w_u': 1000.0}","[1000.0, 10.0, 1000.0]"
60.0,point_328,328,2026-08-07T14:03:27.130266+00:00,text_log_final_line,0.24135610511429278,0.9998797864781362,13,results/poly_d2_o6/points/point_328/real_tanh_autodiff.json,war_realad_weight_grid_v1,True,True,ok,results/poly_d2_o6/points/point_328/real_tanh_autodiff.log,0.24112357270149745,realad,real_tanh_autodiff,0.9998940245588191,complete,64,poly_d2_o6,"['1e+3', '1e+1', '1e+3']","{'w_Delta2_u': 1000.0, 'w_Delta_u': 10.0, 'w_u': 1000.0}","[1000.0, 10.0, 1000.0]"
60.0,point_329,329,2026-08-07T14:04:31.454070+00:00,text_log_final_line,0.23704293527624637,0.9928160206726616,13,results/poly_d2_o6/points/point_329/war.json,war_realad_weight_grid_v1,True,True,ok,results/poly_d2_o6/points/point_329/war.log,0.23700394517503093,war,war,0.992758595111482,complete,71,poly_d2_o6,"['1e+3', '1e+2', '1e-3']","{'w_Delta2_u': 0.001, 'w_Delta_u': 100.0, 'w_u': 1000.0}","[1000.0, 100.0, 0.001]"
60.0,point_329,329,2026-08-07T14:05:35.724443+00:00,text_log_final_line,0.24136393090410674,0.9998797509457154,13,results/poly_d2_o6/points/point_329/real_tanh_autodiff.json,war_realad_weight_grid_v1,True,True,ok,results/poly_d2_o6/points/point_329/real_tanh_autodiff.log,0.24112811893538735,realad,real_tanh_autodiff,0.9998939851944755,complete,64,poly_d2_o6,"['1e+3', '1e+2', '1e-3']","{'w_Delta2_u': 0.001, 'w_Delta_u': 100.0, 'w_u': 1000.0}","[1000.0, 100.0, 0.001]"
60.0,point_330,330,2026-08-07T14:06:39.986676+00:00,text_log_final_line,0.23704755861620286,0.9928202363037928,13,results/poly_d2_o6/points/point_330/war.json,war_realad_weight_grid_v1,True,True,ok,results/poly_d2_o6/points/point_330/war.log,0.2370076692191235,war,war,0.9927626276281502,complete,71,poly_d2_o6,"['1e+3', '1e+2', '1e-2']","{'w_Delta2_u': 0.01, 'w_Delta_u': 100.0, 'w_u': 1000.0}","[1000.0, 100.0, 0.01]"
60.0,point_330,330,2026-08-07T14:07:44.241126+00:00,text_log_final_line,0.24137436469941725,0.9998793117540384,13,results/poly_d2_o6/points/point_330/real_tanh_autodiff.json,war_realad_weight_grid_v1,True,True,ok,results/poly_d2_o6/points/point_330/real_tanh_autodiff.log,0.24113249676634996,realad,real_tanh_autodiff,0.9998935487742271,complete,64,poly_d2_o6,"['1e+3', '1e+2', '1e-2']","{'w_Delta2_u': 0.01, 'w_Delta_u': 100.0, 'w_u': 1000.0}","[1000.0, 100.0, 0.01]"
60.0,point_331,331,2026-08-07T14:08:48.128664+00:00,text_log_final_line,0.2370457032049242,0.9928181167966217,13,results/poly_d2_o6/points/point_331/war.json,war_realad_weight_grid_v1,True,True,ok,results/poly_d2_o6/points/point_331/war.log,0.23700643598112575,war,war,0.9927606263574617,complete,71,poly_d2_o6,"['1e+3', '1e+2', '1e-1']","{'w_Delta2_u': 0.1, 'w_Delta_u': 100.0, 'w_u': 1000.0}","[1000.0, 100.0, 0.1]"
60.0,point_331,331,2026-08-07T14:09:52.333544+00:00,text_log_final_line,0.24136805888873927,0.9998797131901038,13,results/poly_d2_o6/points/point_331/real_tanh_autodiff.json,war_realad_weight_grid_v1,True,True,ok,results/poly_d2_o6/points/point_331/real_tanh_autodiff.log,0.2411301232843223,realad,real_tanh_autodiff,0.9998939464036546,complete,64,poly_d2_o6,"['1e+3', '1e+2', '1e-1']","{'w_Delta2_u': 0.1, 'w_Delta_u': 100.0, 'w_u': 1000.0}","[1000.0, 100.0, 0.1]"
60.0,point_332,332,2026-08-07T14:10:56.227778+00:00,text_log_final_line,0.23705527428673312,0.9928217404915815,13,results/poly_d2_o6/points/point_332/war.json,war_realad_weight_grid_v1,True,True,ok,results/poly_d2_o6/points/point_332/war.log,0.2370162781368776,war,war,0.9927643182951038,complete,71,poly_d2_o6,"['1e+3', '1e+2', '1e+0']","{'w_Delta2_u': 1.0, 'w_Delta_u': 100.0, 'w_u': 1000.0}","[1000.0, 100.0, 1.0]"
60.0,point_332,332,2026-08-07T14:12:00.180707+00:00,text_log_final_line,0.24146140645976055,0.9998788364577701,13,results/poly_d2_o6/points/point_332/real_tanh_autodiff.json,war_realad_weight_grid_v1,True,True,ok,results/poly_d2_o6/points/point_332/real_tanh_autodiff.log,0.2412952314426257,realad,real_tanh_autodiff,0.9998938523759817,complete,63,poly_d2_o6,"['1e+3', '1e+2', '1e+0']","{'w_Delta2_u': 1.0, 'w_Delta_u': 100.0, 'w_u': 1000.0}","[1000.0, 100.0, 1.0]"
60.0,point_333,333,2026-08-07T14:13:04.108523+00:00,text_log_final_line,0.23717963466710182,0.9929394679482385,13,results/poly_d2_o6/points/point_333/war.json,war_realad_weight_grid_v1,True,True,ok,results/poly_d2_o6/points/point_333/war.log,0.23713720722543524,war,war,0.9928818208954536,complete,71,poly_d2_o6,"['1e+3', '1e+2', '1e+1']","{'w_Delta2_u': 10.0, 'w_Delta_u': 100.0, 'w_u': 1000.0}","[1000.0, 100.0, 10.0]"
60.0,point_333,333,2026-08-07T14:14:09.864026+00:00,text_log_final_line,0.2414467037027998,0.9998789151429096,13,results/poly_d2_o6/points/point_333/real_tanh_autodiff.json,war_realad_weight_grid_v1,True,True,ok,results/poly_d2_o6/points/point_333/real_tanh_autodiff.log,0.2412850178431814,realad,real_tanh_autodiff,0.9998939329211605,complete,63,poly_d2_o6,"['1e+3', '1e+2', '1e+1']","{'w_Delta2_u': 10.0, 'w_Delta_u': 100.0, 'w_u': 1000.0}","[1000.0, 100.0, 10.0]"
60.0,point_334,334,2026-08-07T14:15:14.386223+00:00,text_log_final_line,0.23752044239611833,0.9938603278810895,13,results/poly_d2_o6/points/point_334/war.json,war_realad_weight_grid_v1,True,True,ok,results/poly_d2_o6/points/point_334/war.log,0.23746442526285966,war,war,0.9938137293189987,complete,71,poly_d2_o6,"['1e+3', '1e+2', '1e+2']","{'w_Delta2_u': 100.0, 'w_Delta_u': 100.0, 'w_u': 1000.0}","[1000.0, 100.0, 100.0]"
60.0,point_334,334,2026-08-07T14:16:18.253336+00:00,text_log_final_line,0.2414480143760086,0.9998791627814643,13,results/poly_d2_o6/points/point_334/real_tanh_autodiff.json,war_realad_weight_grid_v1,True,True,ok,results/poly_d2_o6/points/point_334/real_tanh_autodiff.log,0.24128631694832536,realad,real_tanh_autodiff,0.9998941769678751,complete,63,poly_d2_o6,"['1e+3', '1e+2', '1e+2']","{'w_Delta2_u': 100.0, 'w_Delta_u': 100.0, 'w_u': 1000.0}","[1000.0, 100.0, 100.0]"
60.0,point_335,335,2026-08-07T14:17:22.626107+00:00,text_log_final_line,0.2388170773950417,0.9953613927812328,13,results/poly_d2_o6/points/point_335/war.json,war_realad_weight_grid_v1,True,True,ok,results/poly_d2_o6/points/point_335/war.log,0.23874406462811168,war,war,0.9953653919656665,complete,71,poly_d2_o6,"['1e+3', '1e+2', '1e+3']","{'w_Delta2_u': 1000.0, 'w_Delta_u': 100.0, 'w_u': 1000.0}","[1000.0, 100.0, 1000.0]"
60.0,point_335,335,2026-08-07T14:18:26.547458+00:00,text_log_final_line,0.24147549256576967,0.9998781048398845,13,results/poly_d2_o6/points/point_335/real_tanh_autodiff.json,war_realad_weight_grid_v1,True,True,ok,results/poly_d2_o6/points/point_335/real_tanh_autodiff.log,0.24130398589515895,realad,real_tanh_autodiff,0.9998931212117221,complete,63,poly_d2_o6,"['1e+3', '1e+2', '1e+3']","{'w_Delta2_u': 1000.0, 'w_Delta_u': 100.0, 'w_u': 1000.0}","[1000.0, 100.0, 1000.0]"
60.0,point_336,336,2026-08-07T14:19:30.543859+00:00,text_log_final_line,0.23803372043477677,0.9944170705415504,13,results/poly_d2_o6/points/point_336/war.json,war_realad_weight_grid_v1,True,True,ok,results/poly_d2_o6/points/point_336/war.log,0.2379919072725125,war,war,0.9943694164691909,complete,71,poly_d2_o6,"['1e+3', '1e+3', '1e-3']","{'w_Delta2_u': 0.001, 'w_Delta_u': 1000.0, 'w_u': 1000.0}","[1000.0, 1000.0, 0.001]"
60.0,point_336,336,2026-08-07T14:20:34.380814+00:00,text_log_final_line,0.2414671575877099,0.9998772041664921,13,results/poly_d2_o6/points/point_336/real_tanh_autodiff.json,war_realad_weight_grid_v1,True,True,ok,results/poly_d2_o6/points/point_336/real_tanh_autodiff.log,0.24130436218811388,realad,real_tanh_autodiff,0.9998921975478141,complete,63,poly_d2_o6,"['1e+3', '1e+3', '1e-3']","{'w_Delta2_u': 0.001, 'w_Delta_u': 1000.0, 'w_u': 1000.0}","[1000.0, 1000.0, 0.001]"
60.0,point_337,337,2026-08-07T14:21:38.424662+00:00,text_log_final_line,0.23803385236100644,0.9944178407974178,13,results/poly_d2_o6/points/point_337/war.json,war_realad_weight_grid_v1,True,True,ok,results/poly_d2_o6/points/point_337/war.log,0.23799228877176482,war,war,0.9943701967480026,complete,71,poly_d2_o6,"['1e+3', '1e+3', '1e-2']","{'w_Delta2_u': 0.01, 'w_Delta_u': 1000.0, 'w_u': 1000.0}","[1000.0, 1000.0, 0.01]"
60.0,point_337,337,2026-08-07T14:22:42.360085+00:00,text_log_final_line,0.24147971601123944,0.9998771296554217,13,results/poly_d2_o6/points/point_337/real_tanh_autodiff.json,war_realad_weight_grid_v1,True,True,ok,results/poly_d2_o6/points/point_337/real_tanh_autodiff.log,0.24131288443011836,realad,real_tanh_autodiff,0.9998921200466583,complete,63,poly_d2_o6,"['1e+3', '1e+3', '1e-2']","{'w_Delta2_u': 0.01, 'w_Delta_u': 1000.0, 'w_u': 1000.0}","[1000.0, 1000.0, 0.01]"
60.0,point_338,338,2026-08-07T14:23:46.256866+00:00,text_log_final_line,0.23803548973578945,0.9944174619955013,13,results/poly_d2_o6/points/point_338/war.json,war_realad_weight_grid_v1,True,True,ok,results/poly_d2_o6/points/point_338/war.log,0.23799352242944774,war,war,0.9943698274635636,complete,71,poly_d2_o6,"['1e+3', '1e+3', '1e-1']","{'w_Delta2_u': 0.1, 'w_Delta_u': 1000.0, 'w_u': 1000.0}","[1000.0, 1000.0, 0.1]"
60.0,point_338,338,2026-08-07T14:24:50.474102+00:00,text_log_final_line,0.24138983839625774,0.999877902863916,13,results/poly_d2_o6/points/point_338/real_tanh_autodiff.json,war_realad_weight_grid_v1,True,True,ok,results/poly_d2_o6/points/point_338/real_tanh_autodiff.log,0.24114877810850288,realad,real_tanh_autodiff,0.9998921190206134,complete,64,poly_d2_o6,"['1e+3', '1e+3', '1e-1']","{'w_Delta2_u': 0.1, 'w_Delta_u': 1000.0, 'w_u': 1000.0}","[1000.0, 1000.0, 0.1]"
60.0,point_339,339,2026-08-07T14:25:54.392914+00:00,text_log_final_line,0.23804420979716037,0.9944272477121665,13,results/poly_d2_o6/points/point_339/war.json,war_realad_weight_grid_v1,True,True,ok,results/poly_d2_o6/points/point_339/war.log,0.23800290480593603,war,war,0.9943795865060441,complete,71,poly_d2_o6,"['1e+3', '1e+3', '1e+0']","{'w_Delta2_u': 1.0, 'w_Delta_u': 1000.0, 'w_u': 1000.0}","[1000.0, 1000.0, 1.0]"
60.0,point_339,339,2026-08-07T14:26:58.678677+00:00,text_log_final_line,0.24137975958462582,0.9998780569689681,13,results/poly_d2_o6/points/point_339/real_tanh_autodiff.json,war_realad_weight_grid_v1,True,True,ok,results/poly_d2_o6/points/point_339/real_tanh_autodiff.log,0.24114398018855956,realad,real_tanh_autodiff,0.9998922756273856,complete,64,poly_d2_o6,"['1e+3', '1e+3', '1e+0']","{'w_Delta2_u': 1.0, 'w_Delta_u': 1000.0, 'w_u': 1000.0}","[1000.0, 1000.0, 1.0]"
60.0,point_340,340,2026-08-07T14:28:02.802063+00:00,text_log_final_line,0.23810827999060674,0.9944452896894636,13,results/poly_d2_o6/points/point_340/war.json,war_realad_weight_grid_v1,True,True,ok,results/poly_d2_o6/points/point_340/war.log,0.23806725112664434,war,war,0.9943982042021472,complete,71,poly_d2_o6,"['1e+3', '1e+3', '1e+1']","{'w_Delta2_u': 10.0, 'w_Delta_u': 1000.0, 'w_u': 1000.0}","[1000.0, 1000.0, 10.0]"
60.0,point_340,340,2026-08-07T14:29:09.044157+00:00,text_log_final_line,0.24149402784401114,0.9998766525838891,13,results/poly_d2_o6/points/point_340/real_tanh_autodiff.json,war_realad_weight_grid_v1,True,True,ok,results/poly_d2_o6/points/point_340/real_tanh_autodiff.log,0.24132192776894715,realad,real_tanh_autodiff,0.9998916451207697,complete,63,poly_d2_o6,"['1e+3', '1e+3', '1e+1']","{'w_Delta2_u': 10.0, 'w_Delta_u': 1000.0, 'w_u': 1000.0}","[1000.0, 1000.0, 10.0]"
60.0,point_341,341,2026-08-07T14:30:13.141037+00:00,text_log_final_line,0.23848609946348995,0.9946331116764878,13,results/poly_d2_o6/points/point_341/war.json,war_realad_weight_grid_v1,True,True,ok,results/poly_d2_o6/points/point_341/war.log,0.23844432909317015,war,war,0.9945856795786265,complete,71,poly_d2_o6,"['1e+3', '1e+3', '1e+2']","{'w_Delta2_u': 100.0, 'w_Delta_u': 1000.0, 'w_u': 1000.0}","[1000.0, 1000.0, 100.0]"
60.0,point_341,341,2026-08-07T14:31:17.473361+00:00,text_log_final_line,0.24137944936164785,0.9998779252025914,13,results/poly_d2_o6/points/point_341/real_tanh_autodiff.json,war_realad_weight_grid_v1,True,True,ok,results/poly_d2_o6/points/point_341/real_tanh_autodiff.log,0.2411434299729108,realad,real_tanh_autodiff,0.9998921457454197,complete,64,poly_d2_o6,"['1e+3', '1e+3', '1e+2']","{'w_Delta2_u': 100.0, 'w_Delta_u': 1000.0, 'w_u': 1000.0}","[1000.0, 1000.0, 100.0]"
60.0,point_342,342,2026-08-07T14:32:21.385442+00:00,text_log_final_line,0.23960219034884225,0.995792025561197,13,results/poly_d2_o6/points/point_342/war.json,war_realad_weight_grid_v1,True,True,ok,results/poly_d2_o6/points/point_342/war.log,0.23951545083136658,war,war,0.9957589388565465,complete,71,poly_d2_o6,"['1e+3', '1e+3', '1e+3']","{'w_Delta2_u': 1000.0, 'w_Delta_u': 1000.0, 'w_u': 1000.0}","[1000.0, 1000.0, 1000.0]"
60.0,point_342,342,2026-08-07T14:33:25.986375+00:00,text_log_final_line,0.24138245853628007,0.9998774400205059,13,results/poly_d2_o6/points/point_342/real_tanh_autodiff.json,war_realad_weight_grid_v1,True,True,ok,results/poly_d2_o6/points/point_342/real_tanh_autodiff.log,0.241144282794604,realad,real_tanh_autodiff,0.9998916632353371,complete,64,poly_d2_o6,"['1e+3', '1e+3', '1e+3']","{'w_Delta2_u': 1000.0, 'w_Delta_u': 1000.0, 'w_u': 1000.0}","[1000.0, 1000.0, 1000.0]"
60.0,point_000,0,2026-08-06T22:11:33.003082+00:00,text_log_final_line,0.02596374196969847,0.05266138716906276,13,results/cahn_hilliard_o4/points/point_000/war.json,war_realad_weight_grid_v1,True,True,ok,results/cahn_hilliard_o4/points/point_000/war.log,0.025954221682888766,war,war,0.053364552384366375,complete,437,cahn_hilliard_o4,"['1e-3', '1e-3']","{'lambda_ic': 0.001, 'mu_mean': 0.001}","[0.001, 0.001]"
60.0,point_000,0,2026-08-06T22:12:35.453699+00:00,text_log_final_line,0.03438102833094045,1.8417141403570905,13,results/cahn_hilliard_o4/points/point_000/real_tanh_autodiff.json,war_realad_weight_grid_v1,True,True,ok,results/cahn_hilliard_o4/points/point_000/real_tanh_autodiff.log,0.034360294723886735,realad,real_tanh_autodiff,1.8626750795935443,complete,730,cahn_hilliard_o4,"['1e-3', '1e-3']","{'lambda_ic': 0.001, 'mu_mean': 0.001}","[0.001, 0.001]"
60.0,point_001,1,2026-08-06T22:13:38.108063+00:00,text_log_final_line,0.022763384110688387,0.04883648921657708,13,results/cahn_hilliard_o4/points/point_001/war.json,war_realad_weight_grid_v1,True,True,ok,results/cahn_hilliard_o4/points/point_001/war.log,0.022751862791272552,war,war,0.049571531836096805,complete,437,cahn_hilliard_o4,"['1e-3', '1e-2']","{'lambda_ic': 0.001, 'mu_mean': 0.01}","[0.001, 0.01]"
60.0,point_001,1,2026-08-06T22:14:40.600501+00:00,text_log_final_line,0.04256412743083412,1.842958463384776,13,results/cahn_hilliard_o4/points/point_001/real_tanh_autodiff.json,war_realad_weight_grid_v1,True,True,ok,results/cahn_hilliard_o4/points/point_001/real_tanh_autodiff.log,0.042537966060152796,realad,real_tanh_autodiff,1.8638320578984524,complete,727,cahn_hilliard_o4,"['1e-3', '1e-2']","{'lambda_ic': 0.001, 'mu_mean': 0.01}","[0.001, 0.01]"
60.0,point_002,2,2026-08-06T22:15:43.196418+00:00,text_log_final_line,0.0264924427389395,0.053568238061692634,13,results/cahn_hilliard_o4/points/point_002/war.json,war_realad_weight_grid_v1,True,True,ok,results/cahn_hilliard_o4/points/point_002/war.log,0.026481572666570304,war,war,0.054433383320762176,complete,436,cahn_hilliard_o4,"['1e-3', '1e-1']","{'lambda_ic': 0.001, 'mu_mean': 0.1}","[0.001, 0.1]"
60.0,point_002,2,2026-08-06T22:16:45.657546+00:00,text_log_final_line,0.08531563292637422,1.8442445889626702,13,results/cahn_hilliard_o4/points/point_002/real_tanh_autodiff.json,war_realad_weight_grid_v1,True,True,ok,results/cahn_hilliard_o4/points/point_002/real_tanh_autodiff.log,0.08528234868645101,realad,real_tanh_autodiff,1.8649424153702239,complete,729,cahn_hilliard_o4,"['1e-3', '1e-1']","{'lambda_ic': 0.001, 'mu_mean': 0.1}","[0.001, 0.1]"
60.0,point_003,3,2026-08-06T22:17:48.328922+00:00,text_log_final_line,0.025652496039078213,0.05206753357480575,13,results/cahn_hilliard_o4/points/point_003/war.json,war_realad_weight_grid_v1,True,True,ok,results/cahn_hilliard_o4/points/point_003/war.log,0.0256414798090603,war,war,0.052858163776763355,complete,438,cahn_hilliard_o4,"['1e-3', '1e+0']","{'lambda_ic': 0.001, 'mu_mean': 1.0}","[0.001, 1.0]"
60.0,point_003,3,2026-08-06T22:18:50.904627+00:00,text_log_final_line,0.016576903881567455,0.03358447901233313,13,results/cahn_hilliard_o4/points/point_003/real_tanh_autodiff.json,war_realad_weight_grid_v1,True,True,ok,results/cahn_hilliard_o4/points/point_003/real_tanh_autodiff.log,0.016559132976512625,realad,real_tanh_autodiff,0.0338783304384133,complete,727,cahn_hilliard_o4,"['1e-3', '1e+0']","{'lambda_ic': 0.001, 'mu_mean': 1.0}","[0.001, 1.0]"
60.0,point_004,4,2026-08-06T22:19:53.566874+00:00,text_log_final_line,0.023013430035313396,0.04558515601748869,13,results/cahn_hilliard_o4/points/point_004/war.json,war_realad_weight_grid_v1,True,True,ok,results/cahn_hilliard_o4/points/point_004/war.log,0.023001358783270136,war,war,0.04612257246374335,complete,437,cahn_hilliard_o4,"['1e-3', '1e+1']","{'lambda_ic': 0.001, 'mu_mean': 10.0}","[0.001, 10.0]"
60.0,point_004,4,2026-08-06T22:20:56.262018+00:00,text_log_final_line,0.013424070089205221,0.02871432795074457,13,results/cahn_hilliard_o4/points/point_004/real_tanh_autodiff.json,war_realad_weight_grid_v1,True,True,ok,results/cahn_hilliard_o4/points/point_004/real_tanh_autodiff.log,0.013417155041866038,realad,real_tanh_autodiff,0.028845950447293538,complete,734,cahn_hilliard_o4,"['1e-3', '1e+1']","{'lambda_ic': 0.001, 'mu_mean': 10.0}","[0.001, 10.0]"
60.0,point_005,5,2026-08-06T22:21:58.943532+00:00,text_log_final_line,0.015160910515300467,0.029599849910413863,13,results/cahn_hilliard_o4/points/point_005/war.json,war_realad_weight_grid_v1,True,True,ok,results/cahn_hilliard_o4/points/point_005/war.log,0.015147857331033314,war,war,0.029764374073863908,complete,436,cahn_hilliard_o4,"['1e-3', '1e+2']","{'lambda_ic': 0.001, 'mu_mean': 100.0}","[0.001, 100.0]"
60.0,point_005,5,2026-08-06T22:23:01.531368+00:00,text_log_final_line,0.012589162195046182,0.026180080835272776,13,results/cahn_hilliard_o4/points/point_005/real_tanh_autodiff.json,war_realad_weight_grid_v1,True,True,ok,results/cahn_hilliard_o4/points/point_005/real_tanh_autodiff.log,0.012572783119934835,realad,real_tanh_autodiff,0.026400564086043236,complete,734,cahn_hilliard_o4,"['1e-3', '1e+2']","{'lambda_ic': 0.001, 'mu_mean': 100.0}","[0.001, 100.0]"
60.0,point_006,6,2026-08-06T22:24:04.268225+00:00,text_log_final_line,1.581347355356814,0.22170423743902418,13,results/cahn_hilliard_o4/points/point_006/war.json,war_realad_weight_grid_v1,True,True,ok,results/cahn_hilliard_o4/points/point_006/war.log,1.5753698600577475,war,war,0.22247675037776724,complete,437,cahn_hilliard_o4,"['1e-3', '1e+3']","{'lambda_ic': 0.001, 'mu_mean': 1000.0}","[0.001, 1000.0]"
60.0,point_006,6,2026-08-06T22:25:09.618677+00:00,text_log_final_line,0.09103389610767475,0.08805209872733834,13,results/cahn_hilliard_o4/points/point_006/real_tanh_autodiff.json,war_realad_weight_grid_v1,True,True,ok,results/cahn_hilliard_o4/points/point_006/real_tanh_autodiff.log,0.09097425993632169,realad,real_tanh_autodiff,0.0883880838454754,complete,732,cahn_hilliard_o4,"['1e-3', '1e+3']","{'lambda_ic': 0.001, 'mu_mean': 1000.0}","[0.001, 1000.0]"
60.0,point_007,7,2026-08-06T22:26:12.468552+00:00,text_log_final_line,0.024450394761197654,0.05086541531878222,13,results/cahn_hilliard_o4/points/point_007/war.json,war_realad_weight_grid_v1,True,True,ok,results/cahn_hilliard_o4/points/point_007/war.log,0.024439501056959207,war,war,0.05160622361981987,complete,437,cahn_hilliard_o4,"['1e-2', '1e-3']","{'lambda_ic': 0.01, 'mu_mean': 0.001}","[0.01, 0.001]"
60.0,point_007,7,2026-08-06T22:27:15.028691+00:00,text_log_final_line,0.046675355240696735,1.841521727483549,13,results/cahn_hilliard_o4/points/point_007/real_tanh_autodiff.json,war_realad_weight_grid_v1,True,True,ok,results/cahn_hilliard_o4/points/point_007/real_tanh_autodiff.log,0.046654187384111326,realad,real_tanh_autodiff,1.8624563900115803,complete,724,cahn_hilliard_o4,"['1e-2', '1e-3']","{'lambda_ic': 0.01, 'mu_mean': 0.001}","[0.01, 0.001]"
60.0,point_008,8,2026-08-06T22:28:17.645926+00:00,text_log_final_line,0.02309073368148153,0.04916051948289451,13,results/cahn_hilliard_o4/points/point_008/war.json,war_realad_weight_grid_v1,True,True,ok,results/cahn_hilliard_o4/points/point_008/war.log,0.023080533565851744,war,war,0.049859344296381676,complete,436,cahn_hilliard_o4,"['1e-2', '1e-2']","{'lambda_ic': 0.01, 'mu_mean': 0.01}","[0.01, 0.01]"
60.0,point_008,8,2026-08-06T22:29:20.137516+00:00,text_log_final_line,0.05344391872029631,1.8430000259805397,13,results/cahn_hilliard_o4/points/point_008/real_tanh_autodiff.json,war_realad_weight_grid_v1,True,True,ok,results/cahn_hilliard_o4/points/point_008/real_tanh_autodiff.log,0.053421704969509105,realad,real_tanh_autodiff,1.8638999202701825,complete,725,cahn_hilliard_o4,"['1e-2', '1e-2']","{'lambda_ic': 0.01, 'mu_mean': 0.01}","[0.01, 0.01]"
60.0,point_009,9,2026-08-06T22:30:23.108364+00:00,text_log_final_line,0.028660948956621086,0.05613268014394979,13,results/cahn_hilliard_o4/points/point_009/war.json,war_realad_weight_grid_v1,True,True,ok,results/cahn_hilliard_o4/points/point_009/war.log,0.028650817021628996,war,war,0.05704140109091758,complete,437,cahn_hilliard_o4,"['1e-2', '1e-1']","{'lambda_ic': 0.01, 'mu_mean': 0.1}","[0.01, 0.1]"
60.0,point_009,9,2026-08-06T22:31:25.632335+00:00,text_log_final_line,0.09359215671332517,1.8397787013638602,13,results/cahn_hilliard_o4/points/point_009/real_tanh_autodiff.json,war_realad_weight_grid_v1,True,True,ok,results/cahn_hilliard_o4/points/point_009/real_tanh_autodiff.log,0.09355863802007122,realad,real_tanh_autodiff,1.8604323470887074,complete,727,cahn_hilliard_o4,"['1e-2', '1e-1']","{'lambda_ic': 0.01, 'mu_mean': 0.1}","[0.01, 0.1]"
60.0,point_010,10,2026-08-06T22:32:28.204028+00:00,text_log_final_line,0.025336648107097993,0.05172684338090394,13,results/cahn_hilliard_o4/points/point_010/war.json,war_realad_weight_grid_v1,True,True,ok,results/cahn_hilliard_o4/points/point_010/war.log,0.02532539257852119,war,war,0.05251925175942658,complete,437,cahn_hilliard_o4,"['1e-2', '1e+0']","{'lambda_ic': 0.01, 'mu_mean': 1.0}","[0.01, 1.0]"
60.0,point_010,10,2026-08-06T22:33:30.739303+00:00,text_log_final_line,0.01356900038807635,0.029685963897084635,13,results/cahn_hilliard_o4/points/point_010/real_tanh_autodiff.json,war_realad_weight_grid_v1,True,True,ok,results/cahn_hilliard_o4/points/point_010/real_tanh_autodiff.log,0.013551687986367461,realad,real_tanh_autodiff,0.029900316468440002,complete,727,cahn_hilliard_o4,"['1e-2', '1e+0']","{'lambda_ic': 0.01, 'mu_mean': 1.0}","[0.01, 1.0]"
60.0,point_011,11,2026-08-06T22:34:33.744500+00:00,text_log_final_line,0.022921529007100074,0.04546446189796547,13,results/cahn_hilliard_o4/points/point_011/war.json,war_realad_weight_grid_v1,True,True,ok,results/cahn_hilliard_o4/points/point_011/war.log,0.02290933702751873,war,war,0.04599700723855749,complete,436,cahn_hilliard_o4,"['1e-2', '1e+1']","{'lambda_ic': 0.01, 'mu_mean': 10.0}","[0.01, 10.0]"
60.0,point_011,11,2026-08-06T22:35:36.262759+00:00,text_log_final_line,0.01342699107353612,0.028818682842502386,13,results/cahn_hilliard_o4/points/point_011/real_tanh_autodiff.json,war_realad_weight_grid_v1,True,True,ok,results/cahn_hilliard_o4/points/point_011/real_tanh_autodiff.log,0.013419847822060443,realad,real_tanh_autodiff,0.028948662231573618,complete,732,cahn_hilliard_o4,"['1e-2', '1e+1']","{'lambda_ic': 0.01, 'mu_mean': 10.0}","[0.01, 10.0]"
60.0,point_012,12,2026-08-06T22:36:38.870302+00:00,text_log_final_line,0.016939909039570374,0.03040647355048255,13,results/cahn_hilliard_o4/points/point_012/war.json,war_realad_weight_grid_v1,True,True,ok,results/cahn_hilliard_o4/points/point_012/war.log,0.016925240271169994,war,war,0.030531919806056438,complete,436,cahn_hilliard_o4,"['1e-2', '1e+2']","{'lambda_ic': 0.01, 'mu_mean': 100.0}","[0.01, 100.0]"
60.0,point_012,12,2026-08-06T22:37:41.396984+00:00,text_log_final_line,0.00773580752508307,0.014870681382227609,13,results/cahn_hilliard_o4/points/point_012/real_tanh_autodiff.json,war_realad_weight_grid_v1,True,True,ok,results/cahn_hilliard_o4/points/point_012/real_tanh_autodiff.log,0.0077284650430906494,realad,real_tanh_autodiff,0.014947256226500777,complete,729,cahn_hilliard_o4,"['1e-2', '1e+2']","{'lambda_ic': 0.01, 'mu_mean': 100.0}","[0.01, 100.0]"
60.0,point_013,13,2026-08-06T22:38:44.395301+00:00,text_log_final_line,1.5874277379910926,0.2220632942625917,13,results/cahn_hilliard_o4/points/point_013/war.json,war_realad_weight_grid_v1,True,True,ok,results/cahn_hilliard_o4/points/point_013/war.log,1.5814739767040271,war,war,0.22283697657368287,complete,437,cahn_hilliard_o4,"['1e-2', '1e+3']","{'lambda_ic': 0.01, 'mu_mean': 1000.0}","[0.01, 1000.0]"
60.0,point_013,13,2026-08-06T22:39:46.899304+00:00,text_log_final_line,0.08929138316708643,0.08675331586191411,13,results/cahn_hilliard_o4/points/point_013/real_tanh_autodiff.json,war_realad_weight_grid_v1,True,True,ok,results/cahn_hilliard_o4/points/point_013/real_tanh_autodiff.log,0.08923941081553022,realad,real_tanh_autodiff,0.0873020241387923,complete,735,cahn_hilliard_o4,"['1e-2', '1e+3']","{'lambda_ic': 0.01, 'mu_mean': 1000.0}","[0.01, 1000.0]"
60.0,point_014,14,2026-08-06T22:40:49.467567+00:00,text_log_final_line,0.024835971506691853,0.051439510233668356,13,results/cahn_hilliard_o4/points/point_014/war.json,war_realad_weight_grid_v1,True,True,ok,results/cahn_hilliard_o4/points/point_014/war.log,0.024826465752812082,war,war,0.05218110020055253,complete,436,cahn_hilliard_o4,"['1e-1', '1e-3']","{'lambda_ic': 0.1, 'mu_mean': 0.001}","[0.1, 0.001]"
60.0,point_014,14,2026-08-06T22:41:51.977880+00:00,text_log_final_line,0.16373592393705297,1.8328104586520046,13,results/cahn_hilliard_o4/points/point_014/real_tanh_autodiff.json,war_realad_weight_grid_v1,True,True,ok,results/cahn_hilliard_o4/points/point_014/real_tanh_autodiff.log,0.16369319712367922,realad,real_tanh_autodiff,1.8535837443509415,complete,725,cahn_hilliard_o4,"['1e-1', '1e-3']","{'lambda_ic': 0.1, 'mu_mean': 0.001}","[0.1, 0.001]"
60.0,point_015,15,2026-08-06T22:42:54.601353+00:00,text_log_final_line,0.025085365697386133,0.051750840737596775,13,results/cahn_hilliard_o4/points/point_015/war.json,war_realad_weight_grid_v1,True,True,ok,results/cahn_hilliard_o4/points/point_015/war.log,0.025075880883525106,war,war,0.052477286140041164,complete,437,cahn_hilliard_o4,"['1e-1', '1e-2']","{'lambda_ic': 0.1, 'mu_mean': 0.01}","[0.1, 0.01]"
60.0,point_015,15,2026-08-06T22:43:57.156060+00:00,text_log_final_line,0.1814381715752929,1.832835397515816,13,results/cahn_hilliard_o4/points/point_015/real_tanh_autodiff.json,war_realad_weight_grid_v1,True,True,ok,results/cahn_hilliard_o4/points/point_015/real_tanh_autodiff.log,0.18140077048468098,realad,real_tanh_autodiff,1.8534698614485656,complete,733,cahn_hilliard_o4,"['1e-1', '1e-2']","{'lambda_ic': 0.1, 'mu_mean': 0.01}","[0.1, 0.01]"
60.0,point_016,16,2026-08-06T22:44:59.882243+00:00,text_log_final_line,0.023319665297139792,0.04807257648155759,13,results/cahn_hilliard_o4/points/point_016/war.json,war_realad_weight_grid_v1,True,True,ok,results/cahn_hilliard_o4/points/point_016/war.log,0.02330184097139262,war,war,0.049010450249751945,complete,437,cahn_hilliard_o4,"['1e-1', '1e-1']","{'lambda_ic': 0.1, 'mu_mean': 0.1}","[0.1, 0.1]"
60.0,point_016,16,2026-08-06T22:46:02.525337+00:00,text_log_final_line,0.1975389414178351,1.8264514554004216,13,results/cahn_hilliard_o4/points/point_016/real_tanh_autodiff.json,war_realad_weight_grid_v1,True,True,ok,results/cahn_hilliard_o4/points/point_016/real_tanh_autodiff.log,0.19748834914382687,realad,real_tanh_autodiff,1.8471116864023687,complete,724,cahn_hilliard_o4,"['1e-1', '1e-1']","{'lambda_ic': 0.1, 'mu_mean': 0.1}","[0.1, 0.1]"
60.0,point_017,17,2026-08-06T22:47:05.567479+00:00,text_log_final_line,0.023617376240835347,0.049729534480783134,13,results/cahn_hilliard_o4/points/point_017/war.json,war_realad_weight_grid_v1,True,True,ok,results/cahn_hilliard_o4/points/point_017/war.log,0.023605880127785757,war,war,0.050496411349690656,complete,436,cahn_hilliard_o4,"['1e-1', '1e+0']","{'lambda_ic': 0.1, 'mu_mean': 1.0}","[0.1, 1.0]"
60.0,point_017,17,2026-08-06T22:48:10.541736+00:00,text_log_final_line,0.009617320538804746,0.021591193914403246,13,results/cahn_hilliard_o4/points/point_017/real_tanh_autodiff.json,war_realad_weight_grid_v1,True,True,ok,results/cahn_hilliard_o4/points/point_017/real_tanh_autodiff.log,0.00960774106781709,realad,real_tanh_autodiff,0.02180935662831359,complete,731,cahn_hilliard_o4,"['1e-1', '1e+0']","{'lambda_ic': 0.1, 'mu_mean': 1.0}","[0.1, 1.0]"
60.0,point_018,18,2026-08-06T22:49:15.540097+00:00,text_log_final_line,0.024028987690982655,0.046490558279433124,13,results/cahn_hilliard_o4/points/point_018/war.json,war_realad_weight_grid_v1,True,True,ok,results/cahn_hilliard_o4/points/point_018/war.log,0.02401702451703164,war,war,0.04698591643263851,complete,437,cahn_hilliard_o4,"['1e-1', '1e+1']","{'lambda_ic': 0.1, 'mu_mean': 10.0}","[0.1, 10.0]"
60.0,point_018,18,2026-08-06T22:50:18.114117+00:00,text_log_final_line,0.013685205823779153,0.029679230059869957,13,results/cahn_hilliard_o4/points/point_018/real_tanh_autodiff.json,war_realad_weight_grid_v1,True,True,ok,results/cahn_hilliard_o4/points/point_018/real_tanh_autodiff.log,0.013675141739237522,realad,real_tanh_autodiff,0.029836749062684798,complete,727,cahn_hilliard_o4,"['1e-1', '1e+1']","{'lambda_ic': 0.1, 'mu_mean': 10.0}","[0.1, 10.0]"
60.0,point_019,19,2026-08-06T22:51:20.825522+00:00,text_log_final_line,0.016935771082378075,0.030449244459594915,13,results/cahn_hilliard_o4/points/point_019/war.json,war_realad_weight_grid_v1,True,True,ok,results/cahn_hilliard_o4/points/point_019/war.log,0.016920695598900696,war,war,0.030634598482740246,complete,436,cahn_hilliard_o4,"['1e-1', '1e+2']","{'lambda_ic': 0.1, 'mu_mean': 100.0}","[0.1, 100.0]"
60.0,point_019,19,2026-08-06T22:52:23.385175+00:00,text_log_final_line,0.015390147855355495,0.031703223145944925,13,results/cahn_hilliard_o4/points/point_019/real_tanh_autodiff.json,war_realad_weight_grid_v1,True,True,ok,results/cahn_hilliard_o4/points/point_019/real_tanh_autodiff.log,0.015371577897658951,realad,real_tanh_autodiff,0.03198079099196413,complete,731,cahn_hilliard_o4,"['1e-1', '1e+2']","{'lambda_ic': 0.1, 'mu_mean': 100.0}","[0.1, 100.0]"
60.0,point_020,20,2026-08-06T22:53:26.085234+00:00,text_log_final_line,1.5965286117391817,0.22249225322069374,13,results/cahn_hilliard_o4/points/point_020/war.json,war_realad_weight_grid_v1,True,True,ok,results/cahn_hilliard_o4/points/point_020/war.log,1.5907395751998188,war,war,0.22327237719251405,complete,436,cahn_hilliard_o4,"['1e-1', '1e+3']","{'lambda_ic': 0.1, 'mu_mean': 1000.0}","[0.1, 1000.0]"
60.0,point_020,20,2026-08-06T22:54:28.689399+00:00,text_log_final_line,0.09031089785138796,0.08955346951175876,13,results/cahn_hilliard_o4/points/point_020/real_tanh_autodiff.json,war_realad_weight_grid_v1,True,True,ok,results/cahn_hilliard_o4/points/point_020/real_tanh_autodiff.log,0.09025659563764818,realad,real_tanh_autodiff,0.0902901936632574,complete,736,cahn_hilliard_o4,"['1e-1', '1e+3']","{'lambda_ic': 0.1, 'mu_mean': 1000.0}","[0.1, 1000.0]"
60.0,point_021,21,2026-08-06T22:55:31.289125+00:00,text_log_final_line,0.02605952429495395,0.05327253848092683,13,results/cahn_hilliard_o4/points/point_021/war.json,war_realad_weight_grid_v1,True,True,ok,results/cahn_hilliard_o4/points/point_021/war.log,0.02604945015044094,war,war,0.05409971238586471,complete,437,cahn_hilliard_o4,"['1e+0', '1e-3']","{'lambda_ic': 1.0, 'mu_mean': 0.001}","[1.0, 0.001]"
60.0,point_021,21,2026-08-06T22:56:33.816668+00:00,text_log_final_line,0.014769335382647152,0.031724841680607324,13,results/cahn_hilliard_o4/points/point_021/real_tanh_autodiff.json,war_realad_weight_grid_v1,True,True,ok,results/cahn_hilliard_o4/points/point_021/real_tanh_autodiff.log,0.01475658266885726,realad,real_tanh_autodiff,0.03186630060954266,complete,731,cahn_hilliard_o4,"['1e+0', '1e-3']","{'lambda_ic': 1.0, 'mu_mean': 0.001}","[1.0, 0.001]"
60.0,point_022,22,2026-08-06T22:57:36.453076+00:00,text_log_final_line,0.024283102738241462,0.05096059444892106,13,results/cahn_hilliard_o4/points/point_022/war.json,war_realad_weight_grid_v1,True,True,ok,results/cahn_hilliard_o4/points/point_022/war.log,0.024272883550322453,war,war,0.05177768848374,complete,436,cahn_hilliard_o4,"['1e+0', '1e-2']","{'lambda_ic': 1.0, 'mu_mean': 0.01}","[1.0, 0.01]"
60.0,point_022,22,2026-08-06T22:58:39.041463+00:00,text_log_final_line,0.015145630360100614,0.032366549986463565,13,results/cahn_hilliard_o4/points/point_022/real_tanh_autodiff.json,war_realad_weight_grid_v1,True,True,ok,results/cahn_hilliard_o4/points/point_022/real_tanh_autodiff.log,0.015132405005109161,realad,real_tanh_autodiff,0.032511386358969385,complete,730,cahn_hilliard_o4,"['1e+0', '1e-2']","{'lambda_ic': 1.0, 'mu_mean': 0.01}","[1.0, 0.01]"
60.0,point_023,23,2026-08-06T22:59:41.864463+00:00,text_log_final_line,0.025536257973177528,0.05206321741142369,13,results/cahn_hilliard_o4/points/point_023/war.json,war_realad_weight_grid_v1,True,True,ok,results/cahn_hilliard_o4/points/point_023/war.log,0.025526905724107048,war,war,0.052828830852925196,complete,438,cahn_hilliard_o4,"['1e+0', '1e-1']","{'lambda_ic': 1.0, 'mu_mean': 0.1}","[1.0, 0.1]"
60.0,point_023,23,2026-08-06T23:00:44.375335+00:00,text_log_final_line,0.01683352574487748,0.03453753536990097,13,results/cahn_hilliard_o4/points/point_023/real_tanh_autodiff.json,war_realad_weight_grid_v1,True,True,ok,results/cahn_hilliard_o4/points/point_023/real_tanh_autodiff.log,0.016821115283811323,realad,real_tanh_autodiff,0.03469064493941879,complete,730,cahn_hilliard_o4,"['1e+0', '1e-1']","{'lambda_ic': 1.0, 'mu_mean': 0.1}","[1.0, 0.1]"
60.0,point_024,24,2026-08-06T23:01:47.066684+00:00,text_log_final_line,0.026951247112226625,0.05359986661642347,13,results/cahn_hilliard_o4/points/point_024/war.json,war_realad_weight_grid_v1,True,True,ok,results/cahn_hilliard_o4/points/point_024/war.log,0.02693994278523492,war,war,0.05439041234984767,complete,437,cahn_hilliard_o4,"['1e+0', '1e+0']","{'lambda_ic': 1.0, 'mu_mean': 1.0}","[1.0, 1.0]"
60.0,point_024,24,2026-08-06T23:02:49.564401+00:00,text_log_final_line,0.009024190694542897,0.019267239281869526,13,results/cahn_hilliard_o4/points/point_024/real_tanh_autodiff.json,war_realad_weight_grid_v1,True,True,ok,results/cahn_hilliard_o4/points/point_024/real_tanh_autodiff.log,0.009018655415254448,realad,real_tanh_autodiff,0.019330029717760686,complete,730,cahn_hilliard_o4,"['1e+0', '1e+0']","{'lambda_ic': 1.0, 'mu_mean': 1.0}","[1.0, 1.0]"
60.0,point_025,25,2026-08-06T23:03:52.264972+00:00,text_log_final_line,0.02969855054058387,0.056774062071883354,13,results/cahn_hilliard_o4/points/point_025/war.json,war_realad_weight_grid_v1,True,True,ok,results/cahn_hilliard_o4/points/point_025/war.log,0.029690191602962414,war,war,0.057594857810856104,complete,437,cahn_hilliard_o4,"['1e+0', '1e+1']","{'lambda_ic': 1.0, 'mu_mean': 10.0}","[1.0, 10.0]"
60.0,point_025,25,2026-08-06T23:04:54.760365+00:00,text_log_final_line,0.01085958854109588,0.026448006579095268,13,results/cahn_hilliard_o4/points/point_025/real_tanh_autodiff.json,war_realad_weight_grid_v1,True,True,ok,results/cahn_hilliard_o4/points/point_025/real_tanh_autodiff.log,0.010849634640940489,realad,real_tanh_autodiff,0.026758324015026903,complete,730,cahn_hilliard_o4,"['1e+0', '1e+1']","{'lambda_ic': 1.0, 'mu_mean': 10.0}","[1.0, 10.0]"
60.0,point_026,26,2026-08-06T23:05:57.436874+00:00,text_log_final_line,0.01559599072244862,0.03015264894974209,13,results/cahn_hilliard_o4/points/point_026/war.json,war_realad_weight_grid_v1,True,True,ok,results/cahn_hilliard_o4/points/point_026/war.log,0.015583193488283237,war,war,0.030363312559683536,complete,437,cahn_hilliard_o4,"['1e+0', '1e+2']","{'lambda_ic': 1.0, 'mu_mean': 100.0}","[1.0, 100.0]"
60.0,point_026,26,2026-08-06T23:06:59.987333+00:00,text_log_final_line,0.015032710532928789,0.030025364335390214,13,results/cahn_hilliard_o4/points/point_026/real_tanh_autodiff.json,war_realad_weight_grid_v1,True,True,ok,results/cahn_hilliard_o4/points/point_026/real_tanh_autodiff.log,0.015015130644229803,realad,real_tanh_autodiff,0.030319052959856447,complete,735,cahn_hilliard_o4,"['1e+0', '1e+2']","{'lambda_ic': 1.0, 'mu_mean': 100.0}","[1.0, 100.0]"
60.0,point_027,27,2026-08-06T23:08:02.756133+00:00,text_log_final_line,1.3224864592092622,0.20417772747905039,13,results/cahn_hilliard_o4/points/point_027/war.json,war_realad_weight_grid_v1,True,True,ok,results/cahn_hilliard_o4/points/point_027/war.log,1.3173477872095687,war,war,0.20488640766248079,complete,437,cahn_hilliard_o4,"['1e+0', '1e+3']","{'lambda_ic': 1.0, 'mu_mean': 1000.0}","[1.0, 1000.0]"
60.0,point_027,27,2026-08-06T23:09:06.173025+00:00,text_log_final_line,0.07515496538828549,0.08470489982909721,13,results/cahn_hilliard_o4/points/point_027/real_tanh_autodiff.json,war_realad_weight_grid_v1,True,True,ok,results/cahn_hilliard_o4/points/point_027/real_tanh_autodiff.log,0.07510782511402687,realad,real_tanh_autodiff,0.08566440110938474,complete,733,cahn_hilliard_o4,"['1e+0', '1e+3']","{'lambda_ic': 1.0, 'mu_mean': 1000.0}","[1.0, 1000.0]"
60.0,point_028,28,2026-08-06T23:10:10.182195+00:00,text_log_final_line,0.02859692748443345,0.05452505082840452,13,results/cahn_hilliard_o4/points/point_028/war.json,war_realad_weight_grid_v1,True,True,ok,results/cahn_hilliard_o4/points/point_028/war.log,0.02858530242875368,war,war,0.05520088354951014,complete,438,cahn_hilliard_o4,"['1e+1', '1e-3']","{'lambda_ic': 10.0, 'mu_mean': 0.001}","[10.0, 0.001]"
60.0,point_028,28,2026-08-06T23:11:12.697005+00:00,text_log_final_line,0.03599757922586227,0.054147209411844435,13,results/cahn_hilliard_o4/points/point_028/real_tanh_autodiff.json,war_realad_weight_grid_v1,True,True,ok,results/cahn_hilliard_o4/points/point_028/real_tanh_autodiff.log,0.03597566545301374,realad,real_tanh_autodiff,0.054668688067939085,complete,727,cahn_hilliard_o4,"['1e+1', '1e-3']","{'lambda_ic': 10.0, 'mu_mean': 0.001}","[10.0, 0.001]"
60.0,point_029,29,2026-08-06T23:12:15.345563+00:00,text_log_final_line,0.027686525965616063,0.05347296790878026,13,results/cahn_hilliard_o4/points/point_029/war.json,war_realad_weight_grid_v1,True,True,ok,results/cahn_hilliard_o4/points/point_029/war.log,0.027675000630231615,war,war,0.054093531668201536,complete,436,cahn_hilliard_o4,"['1e+1', '1e-2']","{'lambda_ic': 10.0, 'mu_mean': 0.01}","[10.0, 0.01]"
60.0,point_029,29,2026-08-06T23:13:18.045735+00:00,text_log_final_line,0.03555910820970476,0.05372890332471709,13,results/cahn_hilliard_o4/points/point_029/real_tanh_autodiff.json,war_realad_weight_grid_v1,True,True,ok,results/cahn_hilliard_o4/points/point_029/real_tanh_autodiff.log,0.035537116978781064,realad,real_tanh_autodiff,0.05424707003390199,complete,730,cahn_hilliard_o4,"['1e+1', '1e-2']","{'lambda_ic': 10.0, 'mu_mean': 0.01}","[10.0, 0.01]"
60.0,point_030,30,2026-08-06T23:14:20.747253+00:00,text_log_final_line,0.01208636818357804,0.031826927899965475,13,results/cahn_hilliard_o4/points/point_030/war.json,war_realad_weight_grid_v1,True,True,ok,results/cahn_hilliard_o4/points/point_030/war.log,0.012074314806612392,war,war,0.03245482721285411,complete,436,cahn_hilliard_o4,"['1e+1', '1e-1']","{'lambda_ic': 10.0, 'mu_mean': 0.1}","[10.0, 0.1]"
60.0,point_030,30,2026-08-06T23:15:23.420424+00:00,text_log_final_line,0.03188731478192752,0.049823317041010916,13,results/cahn_hilliard_o4/points/point_030/real_tanh_autodiff.json,war_realad_weight_grid_v1,True,True,ok,results/cahn_hilliard_o4/points/point_030/real_tanh_autodiff.log,0.031865325847544666,realad,real_tanh_autodiff,0.05030420757610168,complete,726,cahn_hilliard_o4,"['1e+1', '1e-1']","{'lambda_ic': 10.0, 'mu_mean': 0.1}","[10.0, 0.1]"
60.0,point_031,31,2026-08-06T23:16:26.183159+00:00,text_log_final_line,0.019851292859772694,0.04295271639556211,13,results/cahn_hilliard_o4/points/point_031/war.json,war_realad_weight_grid_v1,True,True,ok,results/cahn_hilliard_o4/points/point_031/war.log,0.01983810379253703,war,war,0.043524436357786175,complete,436,cahn_hilliard_o4,"['1e+1', '1e+0']","{'lambda_ic': 10.0, 'mu_mean': 1.0}","[10.0, 1.0]"
60.0,point_031,31,2026-08-06T23:17:28.915234+00:00,text_log_final_line,0.027748091267507474,0.05158529598505046,13,results/cahn_hilliard_o4/points/point_031/real_tanh_autodiff.json,war_realad_weight_grid_v1,True,True,ok,results/cahn_hilliard_o4/points/point_031/real_tanh_autodiff.log,0.027703488790101052,realad,real_tanh_autodiff,0.05219683210126615,complete,731,cahn_hilliard_o4,"['1e+1', '1e+0']","{'lambda_ic': 10.0, 'mu_mean': 1.0}","[10.0, 1.0]"
60.0,point_032,32,2026-08-06T23:18:31.734278+00:00,text_log_final_line,0.011137440882658303,0.024470287988672002,13,results/cahn_hilliard_o4/points/point_032/war.json,war_realad_weight_grid_v1,True,True,ok,results/cahn_hilliard_o4/points/point_032/war.log,0.011126938621468576,war,war,0.02454221066289811,complete,436,cahn_hilliard_o4,"['1e+1', '1e+1']","{'lambda_ic': 10.0, 'mu_mean': 10.0}","[10.0, 10.0]"
60.0,point_032,32,2026-08-06T23:19:34.463921+00:00,text_log_final_line,0.014613632906753998,0.035745174623835016,13,results/cahn_hilliard_o4/points/point_032/real_tanh_autodiff.json,war_realad_weight_grid_v1,True,True,ok,results/cahn_hilliard_o4/points/point_032/real_tanh_autodiff.log,0.014578794343703565,realad,real_tanh_autodiff,0.035990541169905396,complete,732,cahn_hilliard_o4,"['1e+1', '1e+1']","{'lambda_ic': 10.0, 'mu_mean': 10.0}","[10.0, 10.0]"
60.0,point_033,33,2026-08-06T23:20:37.137843+00:00,text_log_final_line,0.020936018740033712,0.03477104316546968,13,results/cahn_hilliard_o4/points/point_033/war.json,war_realad_weight_grid_v1,True,True,ok,results/cahn_hilliard_o4/points/point_033/war.log,0.020920418780308356,war,war,0.03504936257970114,complete,435,cahn_hilliard_o4,"['1e+1', '1e+2']","{'lambda_ic': 10.0, 'mu_mean': 100.0}","[10.0, 100.0]"
60.0,point_033,33,2026-08-06T23:21:39.800653+00:00,text_log_final_line,0.05194771284344612,0.07386700025374578,13,results/cahn_hilliard_o4/points/point_033/real_tanh_autodiff.json,war_realad_weight_grid_v1,True,True,ok,results/cahn_hilliard_o4/points/point_033/real_tanh_autodiff.log,0.05191305746892941,realad,real_tanh_autodiff,0.07475584332359478,complete,727,cahn_hilliard_o4,"['1e+1', '1e+2']","{'lambda_ic': 10.0, 'mu_mean': 100.0}","[10.0, 100.0]"
60.0,point_034,34,2026-08-06T23:22:42.408263+00:00,text_log_final_line,0.1763405850122655,0.06896121794900449,13,results/cahn_hilliard_o4/points/point_034/war.json,war_realad_weight_grid_v1,True,True,ok,results/cahn_hilliard_o4/points/point_034/war.log,0.17541017213106178,war,war,0.06899312854316329,complete,435,cahn_hilliard_o4,"['1e+1', '1e+3']","{'lambda_ic': 10.0, 'mu_mean': 1000.0}","[10.0, 1000.0]"
60.0,point_034,34,2026-08-06T23:23:45.160953+00:00,text_log_final_line,0.08622007735918881,0.11044648075920042,13,results/cahn_hilliard_o4/points/point_034/real_tanh_autodiff.json,war_realad_weight_grid_v1,True,True,ok,results/cahn_hilliard_o4/points/point_034/real_tanh_autodiff.log,0.08620190907118525,realad,real_tanh_autodiff,0.1116188020380442,complete,729,cahn_hilliard_o4,"['1e+1', '1e+3']","{'lambda_ic': 10.0, 'mu_mean': 1000.0}","[10.0, 1000.0]"
60.0,point_035,35,2026-08-06T23:24:47.969301+00:00,text_log_final_line,0.018065403260147935,0.03513357815382567,13,results/cahn_hilliard_o4/points/point_035/war.json,war_realad_weight_grid_v1,True,True,ok,results/cahn_hilliard_o4/points/point_035/war.log,0.018053449322328215,war,war,0.03506538999608221,complete,436,cahn_hilliard_o4,"['1e+2', '1e-3']","{'lambda_ic': 100.0, 'mu_mean': 0.001}","[100.0, 0.001]"
60.0,point_035,35,2026-08-06T23:25:50.647508+00:00,text_log_final_line,0.02877980830053496,0.04474012707747187,13,results/cahn_hilliard_o4/points/point_035/real_tanh_autodiff.json,war_realad_weight_grid_v1,True,True,ok,results/cahn_hilliard_o4/points/point_035/real_tanh_autodiff.log,0.028754984980028264,realad,real_tanh_autodiff,0.0450586985622487,complete,723,cahn_hilliard_o4,"['1e+2', '1e-3']","{'lambda_ic': 100.0, 'mu_mean': 0.001}","[100.0, 0.001]"
60.0,point_036,36,2026-08-06T23:26:53.333476+00:00,text_log_final_line,0.017972658925048887,0.03505579656687891,13,results/cahn_hilliard_o4/points/point_036/war.json,war_realad_weight_grid_v1,True,True,ok,results/cahn_hilliard_o4/points/point_036/war.log,0.017960774016012513,war,war,0.03499397260691828,complete,436,cahn_hilliard_o4,"['1e+2', '1e-2']","{'lambda_ic': 100.0, 'mu_mean': 0.01}","[100.0, 0.01]"
60.0,point_036,36,2026-08-06T23:27:56.011040+00:00,text_log_final_line,0.0282560093140577,0.044088173931734184,13,results/cahn_hilliard_o4/points/point_036/real_tanh_autodiff.json,war_realad_weight_grid_v1,True,True,ok,results/cahn_hilliard_o4/points/point_036/real_tanh_autodiff.log,0.028232051738582103,realad,real_tanh_autodiff,0.04440300290249952,complete,724,cahn_hilliard_o4,"['1e+2', '1e-2']","{'lambda_ic': 100.0, 'mu_mean': 0.01}","[100.0, 0.01]"
60.0,point_037,37,2026-08-06T23:28:58.814814+00:00,text_log_final_line,0.017647459806769822,0.03456920042147339,13,results/cahn_hilliard_o4/points/point_037/war.json,war_realad_weight_grid_v1,True,True,ok,results/cahn_hilliard_o4/points/point_037/war.log,0.017635632323712742,war,war,0.03450697483217415,complete,436,cahn_hilliard_o4,"['1e+2', '1e-1']","{'lambda_ic': 100.0, 'mu_mean': 0.1}","[100.0, 0.1]"
60.0,point_037,37,2026-08-06T23:30:01.453756+00:00,text_log_final_line,0.027712948089520684,0.04312254507310149,13,results/cahn_hilliard_o4/points/point_037/real_tanh_autodiff.json,war_realad_weight_grid_v1,True,True,ok,results/cahn_hilliard_o4/points/point_037/real_tanh_autodiff.log,0.027689770711545117,realad,real_tanh_autodiff,0.04345524523572747,complete,726,cahn_hilliard_o4,"['1e+2', '1e-1']","{'lambda_ic': 100.0, 'mu_mean': 0.1}","[100.0, 0.1]"
60.0,point_038,38,2026-08-06T23:31:04.924871+00:00,text_log_final_line,0.01612449787149291,0.032270062227280336,13,results/cahn_hilliard_o4/points/point_038/war.json,war_realad_weight_grid_v1,True,True,ok,results/cahn_hilliard_o4/points/point_038/war.log,0.016112970676391062,war,war,0.03222171608297512,complete,435,cahn_hilliard_o4,"['1e+2', '1e+0']","{'lambda_ic': 100.0, 'mu_mean': 1.0}","[100.0, 1.0]"
60.0,point_038,38,2026-08-06T23:32:10.480439+00:00,text_log_final_line,0.05044595426678616,0.06628762111070087,13,results/cahn_hilliard_o4/points/point_038/real_tanh_autodiff.json,war_realad_weight_grid_v1,True,True,ok,results/cahn_hilliard_o4/points/point_038/real_tanh_autodiff.log,0.0504303074541575,realad,real_tanh_autodiff,0.06666125884052745,complete,724,cahn_hilliard_o4,"['1e+2', '1e+0']","{'lambda_ic': 100.0, 'mu_mean': 1.0}","[100.0, 1.0]"
60.0,point_039,39,2026-08-06T23:33:13.988223+00:00,text_log_final_line,0.020873652955969494,0.03677132178402401,13,results/cahn_hilliard_o4/points/point_039/war.json,war_realad_weight_grid_v1,True,True,ok,results/cahn_hilliard_o4/points/point_039/war.log,0.02086070505616129,war,war,0.03669382047102962,complete,436,cahn_hilliard_o4,"['1e+2', '1e+1']","{'lambda_ic': 100.0, 'mu_mean': 10.0}","[100.0, 10.0]"
60.0,point_039,39,2026-08-06T23:34:16.648780+00:00,text_log_final_line,0.052663650594389745,0.06489861693411482,13,results/cahn_hilliard_o4/points/point_039/real_tanh_autodiff.json,war_realad_weight_grid_v1,True,True,ok,results/cahn_hilliard_o4/points/point_039/real_tanh_autodiff.log,0.052648339767850987,realad,real_tanh_autodiff,0.06545755436574922,complete,725,cahn_hilliard_o4,"['1e+2', '1e+1']","{'lambda_ic': 100.0, 'mu_mean': 10.0}","[100.0, 10.0]"
60.0,point_040,40,2026-08-06T23:35:19.450394+00:00,text_log_final_line,0.030758478472514037,0.037355128580794296,13,results/cahn_hilliard_o4/points/point_040/war.json,war_realad_weight_grid_v1,True,True,ok,results/cahn_hilliard_o4/points/point_040/war.log,0.030735372458457977,war,war,0.037246259642842644,complete,436,cahn_hilliard_o4,"['1e+2', '1e+2']","{'lambda_ic': 100.0, 'mu_mean': 100.0}","[100.0, 100.0]"
60.0,point_040,40,2026-08-06T23:36:22.003799+00:00,text_log_final_line,0.047483141458064905,0.06941953339323409,13,results/cahn_hilliard_o4/points/point_040/real_tanh_autodiff.json,war_realad_weight_grid_v1,True,True,ok,results/cahn_hilliard_o4/points/point_040/real_tanh_autodiff.log,0.04744677768288652,realad,real_tanh_autodiff,0.06994662065180199,complete,730,cahn_hilliard_o4,"['1e+2', '1e+2']","{'lambda_ic': 100.0, 'mu_mean': 100.0}","[100.0, 100.0]"
60.0,point_041,41,2026-08-06T23:37:24.707889+00:00,text_log_final_line,0.06704049748986868,0.03326353002538363,13,results/cahn_hilliard_o4/points/point_041/war.json,war_realad_weight_grid_v1,True,True,ok,results/cahn_hilliard_o4/points/point_041/war.log,0.06693680681808616,war,war,0.03333070208185985,complete,436,cahn_hilliard_o4,"['1e+2', '1e+3']","{'lambda_ic': 100.0, 'mu_mean': 1000.0}","[100.0, 1000.0]"
60.0,point_041,41,2026-08-06T23:38:27.449840+00:00,text_log_final_line,0.09878334778946196,0.11671305949438197,13,results/cahn_hilliard_o4/points/point_041/real_tanh_autodiff.json,war_realad_weight_grid_v1,True,True,ok,results/cahn_hilliard_o4/points/point_041/real_tanh_autodiff.log,0.09875690389986336,realad,real_tanh_autodiff,0.11747986611737452,complete,727,cahn_hilliard_o4,"['1e+2', '1e+3']","{'lambda_ic': 100.0, 'mu_mean': 1000.0}","[100.0, 1000.0]"
60.0,point_042,42,2026-08-06T23:39:30.377859+00:00,text_log_final_line,0.05515819431488321,0.053177494219079406,13,results/cahn_hilliard_o4/points/point_042/war.json,war_realad_weight_grid_v1,True,True,ok,results/cahn_hilliard_o4/points/point_042/war.log,0.05512127641413922,war,war,0.05256861960003185,complete,437,cahn_hilliard_o4,"['1e+3', '1e-3']","{'lambda_ic': 1000.0, 'mu_mean': 0.001}","[1000.0, 0.001]"
60.0,point_042,42,2026-08-06T23:40:33.058216+00:00,text_log_final_line,0.09841532100576118,0.09450250917316237,13,results/cahn_hilliard_o4/points/point_042/real_tanh_autodiff.json,war_realad_weight_grid_v1,True,True,ok,results/cahn_hilliard_o4/points/point_042/real_tanh_autodiff.log,0.09839408691257377,realad,real_tanh_autodiff,0.09518002420306403,complete,723,cahn_hilliard_o4,"['1e+3', '1e-3']","{'lambda_ic': 1000.0, 'mu_mean': 0.001}","[1000.0, 0.001]"
60.0,point_043,43,2026-08-06T23:41:35.859212+00:00,text_log_final_line,0.055253252404117686,0.05317936542213169,13,results/cahn_hilliard_o4/points/point_043/war.json,war_realad_weight_grid_v1,True,True,ok,results/cahn_hilliard_o4/points/point_043/war.log,0.05521612643099986,war,war,0.05257079268802564,complete,436,cahn_hilliard_o4,"['1e+3', '1e-2']","{'lambda_ic': 1000.0, 'mu_mean': 0.01}","[1000.0, 0.01]"
60.0,point_043,43,2026-08-06T23:42:38.534224+00:00,text_log_final_line,0.0998810948766244,0.09571002415289219,13,results/cahn_hilliard_o4/points/point_043/real_tanh_autodiff.json,war_realad_weight_grid_v1,True,True,ok,results/cahn_hilliard_o4/points/point_043/real_tanh_autodiff.log,0.09985963452263268,realad,real_tanh_autodiff,0.09640375771578936,complete,728,cahn_hilliard_o4,"['1e+3', '1e-2']","{'lambda_ic': 1000.0, 'mu_mean': 0.01}","[1000.0, 0.01]"
60.0,point_044,44,2026-08-06T23:43:41.281484+00:00,text_log_final_line,0.05517816628530366,0.05313906474642135,13,results/cahn_hilliard_o4/points/point_044/war.json,war_realad_weight_grid_v1,True,True,ok,results/cahn_hilliard_o4/points/point_044/war.log,0.05514133947994578,war,war,0.05252791180538532,complete,436,cahn_hilliard_o4,"['1e+3', '1e-1']","{'lambda_ic': 1000.0, 'mu_mean': 0.1}","[1000.0, 0.1]"
60.0,point_044,44,2026-08-06T23:44:43.849186+00:00,text_log_final_line,0.09981607423979695,0.09552882481608291,13,results/cahn_hilliard_o4/points/point_044/real_tanh_autodiff.json,war_realad_weight_grid_v1,True,True,ok,results/cahn_hilliard_o4/points/point_044/real_tanh_autodiff.log,0.09979452294120103,realad,real_tanh_autodiff,0.09621814374213154,complete,726,cahn_hilliard_o4,"['1e+3', '1e-1']","{'lambda_ic': 1000.0, 'mu_mean': 0.1}","[1000.0, 0.1]"
60.0,point_045,45,2026-08-06T23:45:46.513876+00:00,text_log_final_line,0.05557733209680895,0.0526896467415555,13,results/cahn_hilliard_o4/points/point_045/war.json,war_realad_weight_grid_v1,True,True,ok,results/cahn_hilliard_o4/points/point_045/war.log,0.055539933330485715,war,war,0.052070729577626415,complete,436,cahn_hilliard_o4,"['1e+3', '1e+0']","{'lambda_ic': 1000.0, 'mu_mean': 1.0}","[1000.0, 1.0]"
60.0,point_045,45,2026-08-06T23:46:49.129143+00:00,text_log_final_line,0.10087939814844978,0.0959455855058392,13,results/cahn_hilliard_o4/points/point_045/real_tanh_autodiff.json,war_realad_weight_grid_v1,True,True,ok,results/cahn_hilliard_o4/points/point_045/real_tanh_autodiff.log,0.10085729987430873,realad,real_tanh_autodiff,0.09664294847808816,complete,722,cahn_hilliard_o4,"['1e+3', '1e+0']","{'lambda_ic': 1000.0, 'mu_mean': 1.0}","[1000.0, 1.0]"
60.0,point_046,46,2026-08-06T23:47:52.050422+00:00,text_log_final_line,0.057341860569305014,0.04906070222980866,13,results/cahn_hilliard_o4/points/point_046/war.json,war_realad_weight_grid_v1,True,True,ok,results/cahn_hilliard_o4/points/point_046/war.log,0.057301267778592395,war,war,0.048456424679060105,complete,436,cahn_hilliard_o4,"['1e+3', '1e+1']","{'lambda_ic': 1000.0, 'mu_mean': 10.0}","[1000.0, 10.0]"
60.0,point_046,46,2026-08-06T23:48:54.776065+00:00,text_log_final_line,0.11073840226090222,0.1032753106537973,13,results/cahn_hilliard_o4/points/point_046/real_tanh_autodiff.json,war_realad_weight_grid_v1,True,True,ok,results/cahn_hilliard_o4/points/point_046/real_tanh_autodiff.log,0.11071364383461652,realad,real_tanh_autodiff,0.10411544213841675,complete,728,cahn_hilliard_o4,"['1e+3', '1e+1']","{'lambda_ic': 1000.0, 'mu_mean': 10.0}","[1000.0, 10.0]"
60.0,point_047,47,2026-08-06T23:49:57.327221+00:00,text_log_final_line,0.05693598280761753,0.04388707678006831,13,results/cahn_hilliard_o4/points/point_047/war.json,war_realad_weight_grid_v1,True,True,ok,results/cahn_hilliard_o4/points/point_047/war.log,0.05689233520154545,war,war,0.043359260451428724,complete,436,cahn_hilliard_o4,"['1e+3', '1e+2']","{'lambda_ic': 1000.0, 'mu_mean': 100.0}","[1000.0, 100.0]"
60.0,point_047,47,2026-08-06T23:51:00.264442+00:00,text_log_final_line,0.11382212126789576,0.10257895646160949,13,results/cahn_hilliard_o4/points/point_047/real_tanh_autodiff.json,war_realad_weight_grid_v1,True,True,ok,results/cahn_hilliard_o4/points/point_047/real_tanh_autodiff.log,0.11380445310634488,realad,real_tanh_autodiff,0.10342437954531908,complete,725,cahn_hilliard_o4,"['1e+3', '1e+2']","{'lambda_ic': 1000.0, 'mu_mean': 100.0}","[1000.0, 100.0]"
60.0,point_048,48,2026-08-06T23:52:03.123368+00:00,text_log_final_line,0.16253983299046196,0.056326909253515335,13,results/cahn_hilliard_o4/points/point_048/war.json,war_realad_weight_grid_v1,True,True,ok,results/cahn_hilliard_o4/points/point_048/war.log,0.1622994635989877,war,war,0.0562717018124631,complete,436,cahn_hilliard_o4,"['1e+3', '1e+3']","{'lambda_ic': 1000.0, 'mu_mean': 1000.0}","[1000.0, 1000.0]"
60.0,point_048,48,2026-08-06T23:53:07.001641+00:00,text_log_final_line,0.11242634858076293,0.09332650718658388,13,results/cahn_hilliard_o4/points/point_048/real_tanh_autodiff.json,war_realad_weight_grid_v1,True,True,ok,results/cahn_hilliard_o4/points/point_048/real_tanh_autodiff.log,0.112396620970533,realad,real_tanh_autodiff,0.09464493622626981,complete,729,cahn_hilliard_o4,"['1e+3', '1e+3']","{'lambda_ic': 1000.0, 'mu_mean': 1000.0}","[1000.0, 1000.0]"
60.0,point_000,0,2026-08-06T23:54:09.936643+00:00,text_log_final_line,0.021078515847937726,0.0842072202126354,13,results/cahn_hilliard_o6/points/point_000/war.json,war_realad_weight_grid_v1,True,True,ok,results/cahn_hilliard_o6/points/point_000/war.log,0.021064537258371742,war,war,0.08511952986277163,complete,376,cahn_hilliard_o6,"['1e-3', '1e-3']","{'lambda_ic': 0.001, 'mu_mean': 0.001}","[0.001, 0.001]"
60.0,point_000,0,2026-08-06T23:55:12.996654+00:00,text_log_final_line,0.0807149564834575,0.1165649425033404,13,results/cahn_hilliard_o6/points/point_000/real_tanh_autodiff.json,war_realad_weight_grid_v1,True,True,ok,results/cahn_hilliard_o6/points/point_000/real_tanh_autodiff.log,0.08053699288026515,realad,real_tanh_autodiff,0.11725788732001986,complete,206,cahn_hilliard_o6,"['1e-3', '1e-3']","{'lambda_ic': 0.001, 'mu_mean': 0.001}","[0.001, 0.001]"
60.0,point_001,1,2026-08-06T23:56:15.601212+00:00,text_log_final_line,0.023452518078774333,0.09709518358372665,13,results/cahn_hilliard_o6/points/point_001/war.json,war_realad_weight_grid_v1,True,True,ok,results/cahn_hilliard_o6/points/point_001/war.log,0.02343749886121413,war,war,0.09805285992638169,complete,375,cahn_hilliard_o6,"['1e-3', '1e-2']","{'lambda_ic': 0.001, 'mu_mean': 0.01}","[0.001, 0.01]"
60.0,point_001,1,2026-08-06T23:57:18.481592+00:00,text_log_final_line,0.07032723321919099,0.11328885005782786,13,results/cahn_hilliard_o6/points/point_001/real_tanh_autodiff.json,war_realad_weight_grid_v1,True,True,ok,results/cahn_hilliard_o6/points/point_001/real_tanh_autodiff.log,0.07017299627144946,realad,real_tanh_autodiff,0.11418347801526493,complete,209,cahn_hilliard_o6,"['1e-3', '1e-2']","{'lambda_ic': 0.001, 'mu_mean': 0.01}","[0.001, 0.01]"
60.0,point_002,2,2026-08-06T23:58:21.320959+00:00,text_log_final_line,0.027494617712927355,0.08748099220666514,13,results/cahn_hilliard_o6/points/point_002/war.json,war_realad_weight_grid_v1,True,True,ok,results/cahn_hilliard_o6/points/point_002/war.log,0.02747662176972215,war,war,0.08816819163698995,complete,376,cahn_hilliard_o6,"['1e-3', '1e-1']","{'lambda_ic': 0.001, 'mu_mean': 0.1}","[0.001, 0.1]"
60.0,point_002,2,2026-08-06T23:59:24.265362+00:00,text_log_final_line,0.4139201966067845,1.9182265054989263,13,results/cahn_hilliard_o6/points/point_002/real_tanh_autodiff.json,war_realad_weight_grid_v1,True,True,ok,results/cahn_hilliard_o6/points/point_002/real_tanh_autodiff.log,0.4128731168858907,realad,real_tanh_autodiff,1.9298110239479311,complete,206,cahn_hilliard_o6,"['1e-3', '1e-1']","{'lambda_ic': 0.001, 'mu_mean': 0.1}","[0.001, 0.1]"
60.0,point_003,3,2026-08-07T00:00:26.926783+00:00,text_log_final_line,0.02158516125352463,0.08450506007856425,13,results/cahn_hilliard_o6/points/point_003/war.json,war_realad_weight_grid_v1,True,True,ok,results/cahn_hilliard_o6/points/point_003/war.log,0.02156954509661261,war,war,0.08558028630722034,complete,376,cahn_hilliard_o6,"['1e-3', '1e+0']","{'lambda_ic': 0.001, 'mu_mean': 1.0}","[0.001, 1.0]"
60.0,point_003,3,2026-08-07T00:01:29.970554+00:00,text_log_final_line,0.36516053085316086,1.7362384992506172,13,results/cahn_hilliard_o6/points/point_003/real_tanh_autodiff.json,war_realad_weight_grid_v1,True,True,ok,results/cahn_hilliard_o6/points/point_003/real_tanh_autodiff.log,0.36475731627777297,realad,real_tanh_autodiff,1.7459951488315675,complete,209,cahn_hilliard_o6,"['1e-3', '1e+0']","{'lambda_ic': 0.001, 'mu_mean': 1.0}","[0.001, 1.0]"
60.0,point_004,4,2026-08-07T00:02:33.008605+00:00,text_log_final_line,0.008565895177395293,0.053560176955689764,13,results/cahn_hilliard_o6/points/point_004/war.json,war_realad_weight_grid_v1,True,True,ok,results/cahn_hilliard_o6/points/point_004/war.log,0.008550743485879085,war,war,0.05362917166570155,complete,377,cahn_hilliard_o6,"['1e-3', '1e+1']","{'lambda_ic': 0.001, 'mu_mean': 10.0}","[0.001, 10.0]"
60.0,point_004,4,2026-08-07T00:03:35.699642+00:00,text_log_final_line,0.05941502379037951,0.1865895320659084,13,results/cahn_hilliard_o6/points/point_004/real_tanh_autodiff.json,war_realad_weight_grid_v1,True,True,ok,results/cahn_hilliard_o6/points/point_004/real_tanh_autodiff.log,0.05926814118566248,realad,real_tanh_autodiff,0.1898554440099055,complete,207,cahn_hilliard_o6,"['1e-3', '1e+1']","{'lambda_ic': 0.001, 'mu_mean': 10.0}","[0.001, 10.0]"
60.0,point_005,5,2026-08-07T00:04:38.332134+00:00,text_log_final_line,0.010695368159454096,0.049020738151258375,13,results/cahn_hilliard_o6/points/point_005/war.json,war_realad_weight_grid_v1,True,True,ok,results/cahn_hilliard_o6/points/point_005/war.log,0.010676763462032763,war,war,0.04899566035826071,complete,376,cahn_hilliard_o6,"['1e-3', '1e+2']","{'lambda_ic': 0.001, 'mu_mean': 100.0}","[0.001, 100.0]"
60.0,point_005,5,2026-08-07T00:05:41.182100+00:00,text_log_final_line,0.4054891702336922,0.23293730944045624,13,results/cahn_hilliard_o6/points/point_005/real_tanh_autodiff.json,war_realad_weight_grid_v1,True,True,ok,results/cahn_hilliard_o6/points/point_005/real_tanh_autodiff.log,0.40381076073216166,realad,real_tanh_autodiff,0.23270451940335063,complete,208,cahn_hilliard_o6,"['1e-3', '1e+2']","{'lambda_ic': 0.001, 'mu_mean': 100.0}","[0.001, 100.0]"
60.0,point_006,6,2026-08-07T00:06:43.798660+00:00,text_log_final_line,6.933204071453211,0.8058921738884754,13,results/cahn_hilliard_o6/points/point_006/war.json,war_realad_weight_grid_v1,True,True,ok,results/cahn_hilliard_o6/points/point_006/war.log,6.917266114673715,war,war,0.809866403222997,complete,377,cahn_hilliard_o6,"['1e-3', '1e+3']","{'lambda_ic': 0.001, 'mu_mean': 1000.0}","[0.001, 1000.0]"
60.0,point_006,6,2026-08-07T00:07:46.515608+00:00,text_log_final_line,6.6130417496492715,1.098369443487599,13,results/cahn_hilliard_o6/points/point_006/real_tanh_autodiff.json,war_realad_weight_grid_v1,True,True,ok,results/cahn_hilliard_o6/points/point_006/real_tanh_autodiff.log,6.59893996739598,realad,real_tanh_autodiff,1.089314476078002,complete,210,cahn_hilliard_o6,"['1e-3', '1e+3']","{'lambda_ic': 0.001, 'mu_mean': 1000.0}","[0.001, 1000.0]"
60.0,point_007,7,2026-08-07T00:08:49.157559+00:00,text_log_final_line,0.026701720933962857,0.10689542885202093,13,results/cahn_hilliard_o6/points/point_007/war.json,war_realad_weight_grid_v1,True,True,ok,results/cahn_hilliard_o6/points/point_007/war.log,0.02668725342171895,war,war,0.10786244626509985,complete,378,cahn_hilliard_o6,"['1e-2', '1e-3']","{'lambda_ic': 0.01, 'mu_mean': 0.001}","[0.01, 0.001]"
60.0,point_007,7,2026-08-07T00:09:51.982442+00:00,text_log_final_line,0.0831370459166925,0.11605206060469134,13,results/cahn_hilliard_o6/points/point_007/real_tanh_autodiff.json,war_realad_weight_grid_v1,True,True,ok,results/cahn_hilliard_o6/points/point_007/real_tanh_autodiff.log,0.08296504183307304,realad,real_tanh_autodiff,0.11678343718746852,complete,210,cahn_hilliard_o6,"['1e-2', '1e-3']","{'lambda_ic': 0.01, 'mu_mean': 0.001}","[0.01, 0.001]"
60.0,point_008,8,2026-08-07T00:10:54.628124+00:00,text_log_final_line,0.022599337219494753,0.08634552891582481,13,results/cahn_hilliard_o6/points/point_008/war.json,war_realad_weight_grid_v1,True,True,ok,results/cahn_hilliard_o6/points/point_008/war.log,0.022585323923106755,war,war,0.0872838796114112,complete,378,cahn_hilliard_o6,"['1e-2', '1e-2']","{'lambda_ic': 0.01, 'mu_mean': 0.01}","[0.01, 0.01]"
60.0,point_008,8,2026-08-07T00:11:57.408982+00:00,text_log_final_line,0.07192733056749845,0.1125093449192995,13,results/cahn_hilliard_o6/points/point_008/real_tanh_autodiff.json,war_realad_weight_grid_v1,True,True,ok,results/cahn_hilliard_o6/points/point_008/real_tanh_autodiff.log,0.07177865967132371,realad,real_tanh_autodiff,0.11344766776600537,complete,210,cahn_hilliard_o6,"['1e-2', '1e-2']","{'lambda_ic': 0.01, 'mu_mean': 0.01}","[0.01, 0.01]"
60.0,point_009,9,2026-08-07T00:13:00.057105+00:00,text_log_final_line,0.028330157114716748,0.08738596340936405,13,results/cahn_hilliard_o6/points/point_009/war.json,war_realad_weight_grid_v1,True,True,ok,results/cahn_hilliard_o6/points/point_009/war.log,0.02831033916131601,war,war,0.0880381043930437,complete,378,cahn_hilliard_o6,"['1e-2', '1e-1']","{'lambda_ic': 0.01, 'mu_mean': 0.1}","[0.01, 0.1]"
60.0,point_009,9,2026-08-07T00:14:02.933027+00:00,text_log_final_line,0.28675389970579207,1.9410573643213176,13,results/cahn_hilliard_o6/points/point_009/real_tanh_autodiff.json,war_realad_weight_grid_v1,True,True,ok,results/cahn_hilliard_o6/points/point_009/real_tanh_autodiff.log,0.2860155504913984,realad,real_tanh_autodiff,1.9525778164555545,complete,211,cahn_hilliard_o6,"['1e-2', '1e-1']","{'lambda_ic': 0.01, 'mu_mean': 0.1}","[0.01, 0.1]"
60.0,point_010,10,2026-08-07T00:15:06.075727+00:00,text_log_final_line,0.022204862146150146,0.08789523714036357,13,results/cahn_hilliard_o6/points/point_010/war.json,war_realad_weight_grid_v1,True,True,ok,results/cahn_hilliard_o6/points/point_010/war.log,0.022190639424045294,war,war,0.08904565214029993,complete,376,cahn_hilliard_o6,"['1e-2', '1e+0']","{'lambda_ic': 0.01, 'mu_mean': 1.0}","[0.01, 1.0]"
60.0,point_010,10,2026-08-07T00:16:10.490320+00:00,text_log_final_line,0.36635634813307827,1.7314006263050172,13,results/cahn_hilliard_o6/points/point_010/real_tanh_autodiff.json,war_realad_weight_grid_v1,True,True,ok,results/cahn_hilliard_o6/points/point_010/real_tanh_autodiff.log,0.3659565777814525,realad,real_tanh_autodiff,1.7411017644195477,complete,210,cahn_hilliard_o6,"['1e-2', '1e+0']","{'lambda_ic': 0.01, 'mu_mean': 1.0}","[0.01, 1.0]"
60.0,point_011,11,2026-08-07T00:17:13.104385+00:00,text_log_final_line,0.008565694171934148,0.053545934874211804,13,results/cahn_hilliard_o6/points/point_011/war.json,war_realad_weight_grid_v1,True,True,ok,results/cahn_hilliard_o6/points/point_011/war.log,0.008550619538856975,war,war,0.053613925184625225,complete,377,cahn_hilliard_o6,"['1e-2', '1e+1']","{'lambda_ic': 0.01, 'mu_mean': 10.0}","[0.01, 10.0]"
60.0,point_011,11,2026-08-07T00:18:15.767186+00:00,text_log_final_line,0.06744231189955929,0.19236988690369589,13,results/cahn_hilliard_o6/points/point_011/real_tanh_autodiff.json,war_realad_weight_grid_v1,True,True,ok,results/cahn_hilliard_o6/points/point_011/real_tanh_autodiff.log,0.0672928155892635,realad,real_tanh_autodiff,0.19576334525207112,complete,209,cahn_hilliard_o6,"['1e-2', '1e+1']","{'lambda_ic': 0.01, 'mu_mean': 10.0}","[0.01, 10.0]"
60.0,point_012,12,2026-08-07T00:19:18.444174+00:00,text_log_final_line,0.010674413261265954,0.048596825801962666,13,results/cahn_hilliard_o6/points/point_012/war.json,war_realad_weight_grid_v1,True,True,ok,results/cahn_hilliard_o6/points/point_012/war.log,0.010656181152211888,war,war,0.04857591050918163,complete,377,cahn_hilliard_o6,"['1e-2', '1e+2']","{'lambda_ic': 0.01, 'mu_mean': 100.0}","[0.01, 100.0]"
60.0,point_012,12,2026-08-07T00:20:21.145522+00:00,text_log_final_line,0.37973437323968834,0.22179804573817574,13,results/cahn_hilliard_o6/points/point_012/real_tanh_autodiff.json,war_realad_weight_grid_v1,True,True,ok,results/cahn_hilliard_o6/points/point_012/real_tanh_autodiff.log,0.37802169889290005,realad,real_tanh_autodiff,0.22173175744569767,complete,208,cahn_hilliard_o6,"['1e-2', '1e+2']","{'lambda_ic': 0.01, 'mu_mean': 100.0}","[0.01, 100.0]"
60.0,point_013,13,2026-08-07T00:21:23.825557+00:00,text_log_final_line,6.92253530857357,0.8046977098211542,13,results/cahn_hilliard_o6/points/point_013/war.json,war_realad_weight_grid_v1,True,True,ok,results/cahn_hilliard_o6/points/point_013/war.log,6.906252062605517,war,war,0.8086994521078151,complete,377,cahn_hilliard_o6,"['1e-2', '1e+3']","{'lambda_ic': 0.01, 'mu_mean': 1000.0}","[0.01, 1000.0]"
60.0,point_013,13,2026-08-07T00:22:26.810154+00:00,text_log_final_line,6.738795352394551,1.0884016267956718,13,results/cahn_hilliard_o6/points/point_013/real_tanh_autodiff.json,war_realad_weight_grid_v1,True,True,ok,results/cahn_hilliard_o6/points/point_013/real_tanh_autodiff.log,6.726164271752967,realad,real_tanh_autodiff,1.079782313195318,complete,208,cahn_hilliard_o6,"['1e-2', '1e+3']","{'lambda_ic': 0.01, 'mu_mean': 1000.0}","[0.01, 1000.0]"
60.0,point_014,14,2026-08-07T00:23:29.483495+00:00,text_log_final_line,0.027486830406812712,0.08823646950762858,13,results/cahn_hilliard_o6/points/point_014/war.json,war_realad_weight_grid_v1,True,True,ok,results/cahn_hilliard_o6/points/point_014/war.log,0.027474453350124644,war,war,0.08909092646054745,complete,378,cahn_hilliard_o6,"['1e-1', '1e-3']","{'lambda_ic': 0.1, 'mu_mean': 0.001}","[0.1, 0.001]"
60.0,point_014,14,2026-08-07T00:24:32.157438+00:00,text_log_final_line,0.089530728993494,0.10921388930529194,13,results/cahn_hilliard_o6/points/point_014/real_tanh_autodiff.json,war_realad_weight_grid_v1,True,True,ok,results/cahn_hilliard_o6/points/point_014/real_tanh_autodiff.log,0.08931714500069528,realad,real_tanh_autodiff,0.10992385501451096,complete,208,cahn_hilliard_o6,"['1e-1', '1e-3']","{'lambda_ic': 0.1, 'mu_mean': 0.001}","[0.1, 0.001]"
60.0,point_015,15,2026-08-07T00:25:35.821764+00:00,text_log_final_line,0.02896627593353018,0.08930096561415504,13,results/cahn_hilliard_o6/points/point_015/war.json,war_realad_weight_grid_v1,True,True,ok,results/cahn_hilliard_o6/points/point_015/war.log,0.02895294812200079,war,war,0.09009346788679116,complete,378,cahn_hilliard_o6,"['1e-1', '1e-2']","{'lambda_ic': 0.1, 'mu_mean': 0.01}","[0.1, 0.01]"
60.0,point_015,15,2026-08-07T00:26:38.985872+00:00,text_log_final_line,0.08723284422365321,0.1066002606774215,13,results/cahn_hilliard_o6/points/point_015/real_tanh_autodiff.json,war_realad_weight_grid_v1,True,True,ok,results/cahn_hilliard_o6/points/point_015/real_tanh_autodiff.log,0.08702664713052374,realad,real_tanh_autodiff,0.10737132194100348,complete,207,cahn_hilliard_o6,"['1e-1', '1e-2']","{'lambda_ic': 0.1, 'mu_mean': 0.01}","[0.1, 0.01]"
60.0,point_016,16,2026-08-07T00:27:41.537366+00:00,text_log_final_line,0.018092506168839114,0.08317165031421508,13,results/cahn_hilliard_o6/points/point_016/war.json,war_realad_weight_grid_v1,True,True,ok,results/cahn_hilliard_o6/points/point_016/war.log,0.01807521770170535,war,war,0.08469150144469617,complete,376,cahn_hilliard_o6,"['1e-1', '1e-1']","{'lambda_ic': 0.1, 'mu_mean': 0.1}","[0.1, 0.1]"
60.0,point_016,16,2026-08-07T00:28:44.299302+00:00,text_log_final_line,0.11478447477276367,0.1541128980663039,13,results/cahn_hilliard_o6/points/point_016/real_tanh_autodiff.json,war_realad_weight_grid_v1,True,True,ok,results/cahn_hilliard_o6/points/point_016/real_tanh_autodiff.log,0.11453750089499802,realad,real_tanh_autodiff,0.15459841576459307,complete,210,cahn_hilliard_o6,"['1e-1', '1e-1']","{'lambda_ic': 0.1, 'mu_mean': 0.1}","[0.1, 0.1]"
60.0,point_017,17,2026-08-07T00:29:46.937128+00:00,text_log_final_line,0.02872135810452036,0.09715048959586133,13,results/cahn_hilliard_o6/points/point_017/war.json,war_realad_weight_grid_v1,True,True,ok,results/cahn_hilliard_o6/points/point_017/war.log,0.02870882478026771,war,war,0.09802778980235863,complete,378,cahn_hilliard_o6,"['1e-1', '1e+0']","{'lambda_ic': 0.1, 'mu_mean': 1.0}","[0.1, 1.0]"
60.0,point_017,17,2026-08-07T00:30:49.625432+00:00,text_log_final_line,0.5102406007231514,1.7043684896973545,13,results/cahn_hilliard_o6/points/point_017/real_tanh_autodiff.json,war_realad_weight_grid_v1,True,True,ok,results/cahn_hilliard_o6/points/point_017/real_tanh_autodiff.log,0.5097188739065732,realad,real_tanh_autodiff,1.7139001336330961,complete,208,cahn_hilliard_o6,"['1e-1', '1e+0']","{'lambda_ic': 0.1, 'mu_mean': 1.0}","[0.1, 1.0]"
60.0,point_018,18,2026-08-07T00:31:52.336977+00:00,text_log_final_line,0.01723348112980106,0.07044723705236508,13,results/cahn_hilliard_o6/points/point_018/war.json,war_realad_weight_grid_v1,True,True,ok,results/cahn_hilliard_o6/points/point_018/war.log,0.017214962647137254,war,war,0.07093825880510123,complete,377,cahn_hilliard_o6,"['1e-1', '1e+1']","{'lambda_ic': 0.1, 'mu_mean': 10.0}","[0.1, 10.0]"
60.0,point_018,18,2026-08-07T00:32:55.030787+00:00,text_log_final_line,0.07546162491934648,0.18448154308404488,13,results/cahn_hilliard_o6/points/point_018/real_tanh_autodiff.json,war_realad_weight_grid_v1,True,True,ok,results/cahn_hilliard_o6/points/point_018/real_tanh_autodiff.log,0.07529077664697752,realad,real_tanh_autodiff,0.18788616826329937,complete,208,cahn_hilliard_o6,"['1e-1', '1e+1']","{'lambda_ic': 0.1, 'mu_mean': 10.0}","[0.1, 10.0]"
60.0,point_019,19,2026-08-07T00:33:57.659084+00:00,text_log_final_line,0.011682718429808189,0.048735333018496134,13,results/cahn_hilliard_o6/points/point_019/war.json,war_realad_weight_grid_v1,True,True,ok,results/cahn_hilliard_o6/points/point_019/war.log,0.011663535705488936,war,war,0.048721962471124515,complete,377,cahn_hilliard_o6,"['1e-1', '1e+2']","{'lambda_ic': 0.1, 'mu_mean': 100.0}","[0.1, 100.0]"
60.0,point_019,19,2026-08-07T00:35:00.434120+00:00,text_log_final_line,0.29273662444849624,0.18802471031650536,13,results/cahn_hilliard_o6/points/point_019/real_tanh_autodiff.json,war_realad_weight_grid_v1,True,True,ok,results/cahn_hilliard_o6/points/point_019/real_tanh_autodiff.log,0.29135205814032555,realad,real_tanh_autodiff,0.18845537479575658,complete,210,cahn_hilliard_o6,"['1e-1', '1e+2']","{'lambda_ic': 0.1, 'mu_mean': 100.0}","[0.1, 100.0]"
60.0,point_020,20,2026-08-07T00:36:03.465094+00:00,text_log_final_line,6.760946424774854,0.7896421615871381,13,results/cahn_hilliard_o6/points/point_020/war.json,war_realad_weight_grid_v1,True,True,ok,results/cahn_hilliard_o6/points/point_020/war.log,6.739785983904081,war,war,0.7940012329865117,complete,377,cahn_hilliard_o6,"['1e-1', '1e+3']","{'lambda_ic': 0.1, 'mu_mean': 1000.0}","[0.1, 1000.0]"
60.0,point_020,20,2026-08-07T00:37:08.453084+00:00,text_log_final_line,6.813484038327269,1.0829807671615022,13,results/cahn_hilliard_o6/points/point_020/real_tanh_autodiff.json,war_realad_weight_grid_v1,True,True,ok,results/cahn_hilliard_o6/points/point_020/real_tanh_autodiff.log,6.801007199820633,realad,real_tanh_autodiff,1.074548886265152,complete,208,cahn_hilliard_o6,"['1e-1', '1e+3']","{'lambda_ic': 0.1, 'mu_mean': 1000.0}","[0.1, 1000.0]"
60.0,point_021,21,2026-08-07T00:38:11.166079+00:00,text_log_final_line,0.024059403402489084,0.07700909990688497,13,results/cahn_hilliard_o6/points/point_021/war.json,war_realad_weight_grid_v1,True,True,ok,results/cahn_hilliard_o6/points/point_021/war.log,0.024045070979005084,war,war,0.077844922045375,complete,377,cahn_hilliard_o6,"['1e+0', '1e-3']","{'lambda_ic': 1.0, 'mu_mean': 0.001}","[1.0, 0.001]"
60.0,point_021,21,2026-08-07T00:39:13.961778+00:00,text_log_final_line,0.10437817223972555,0.09918141513126275,13,results/cahn_hilliard_o6/points/point_021/real_tanh_autodiff.json,war_realad_weight_grid_v1,True,True,ok,results/cahn_hilliard_o6/points/point_021/real_tanh_autodiff.log,0.10410746526504289,realad,real_tanh_autodiff,0.09932164334698454,complete,208,cahn_hilliard_o6,"['1e+0', '1e-3']","{'lambda_ic': 1.0, 'mu_mean': 0.001}","[1.0, 0.001]"
60.0,point_022,22,2026-08-07T00:40:16.679597+00:00,text_log_final_line,0.02519986526715513,0.07904547308135132,13,results/cahn_hilliard_o6/points/point_022/war.json,war_realad_weight_grid_v1,True,True,ok,results/cahn_hilliard_o6/points/point_022/war.log,0.025185635682643405,war,war,0.07988979896357935,complete,378,cahn_hilliard_o6,"['1e+0', '1e-2']","{'lambda_ic': 1.0, 'mu_mean': 0.01}","[1.0, 0.01]"
60.0,point_022,22,2026-08-07T00:41:19.219635+00:00,text_log_final_line,0.14557166090218876,0.12920285118068459,13,results/cahn_hilliard_o6/points/point_022/real_tanh_autodiff.json,war_realad_weight_grid_v1,True,True,ok,results/cahn_hilliard_o6/points/point_022/real_tanh_autodiff.log,0.14509565215510986,realad,real_tanh_autodiff,0.12901258048514438,complete,209,cahn_hilliard_o6,"['1e+0', '1e-2']","{'lambda_ic': 1.0, 'mu_mean': 0.01}","[1.0, 0.01]"
60.0,point_023,23,2026-08-07T00:42:22.138004+00:00,text_log_final_line,0.0268102134248492,0.08405266469667774,13,results/cahn_hilliard_o6/points/point_023/war.json,war_realad_weight_grid_v1,True,True,ok,results/cahn_hilliard_o6/points/point_023/war.log,0.026795698937437867,war,war,0.0848624243790928,complete,377,cahn_hilliard_o6,"['1e+0', '1e-1']","{'lambda_ic': 1.0, 'mu_mean': 0.1}","[1.0, 0.1]"
60.0,point_023,23,2026-08-07T00:43:24.776547+00:00,text_log_final_line,0.13797616157344259,0.15525306720319287,13,results/cahn_hilliard_o6/points/point_023/real_tanh_autodiff.json,war_realad_weight_grid_v1,True,True,ok,results/cahn_hilliard_o6/points/point_023/real_tanh_autodiff.log,0.13762196515867559,realad,real_tanh_autodiff,0.15479812498160067,complete,207,cahn_hilliard_o6,"['1e+0', '1e-1']","{'lambda_ic': 1.0, 'mu_mean': 0.1}","[1.0, 0.1]"
60.0,point_024,24,2026-08-07T00:44:27.463457+00:00,text_log_final_line,0.02419520766693559,0.07789383805043433,13,results/cahn_hilliard_o6/points/point_024/war.json,war_realad_weight_grid_v1,True,True,ok,results/cahn_hilliard_o6/points/point_024/war.log,0.02417883106394565,war,war,0.07846808899373185,complete,377,cahn_hilliard_o6,"['1e+0', '1e+0']","{'lambda_ic': 1.0, 'mu_mean': 1.0}","[1.0, 1.0]"
60.0,point_024,24,2026-08-07T00:45:30.237589+00:00,text_log_final_line,0.09800000008851903,0.1239150553959143,13,results/cahn_hilliard_o6/points/point_024/real_tanh_autodiff.json,war_realad_weight_grid_v1,True,True,ok,results/cahn_hilliard_o6/points/point_024/real_tanh_autodiff.log,0.09781688706394376,realad,real_tanh_autodiff,0.12377278301089184,complete,210,cahn_hilliard_o6,"['1e+0', '1e+0']","{'lambda_ic': 1.0, 'mu_mean': 1.0}","[1.0, 1.0]"
60.0,point_025,25,2026-08-07T00:46:32.971302+00:00,text_log_final_line,0.01297728385500782,0.05540312058075801,13,results/cahn_hilliard_o6/points/point_025/war.json,war_realad_weight_grid_v1,True,True,ok,results/cahn_hilliard_o6/points/point_025/war.log,0.012956015918994628,war,war,0.05572851159098465,complete,377,cahn_hilliard_o6,"['1e+0', '1e+1']","{'lambda_ic': 1.0, 'mu_mean': 10.0}","[1.0, 10.0]"
60.0,point_025,25,2026-08-07T00:47:35.729252+00:00,text_log_final_line,0.0655137108192051,0.09629745642187816,13,results/cahn_hilliard_o6/points/point_025/real_tanh_autodiff.json,war_realad_weight_grid_v1,True,True,ok,results/cahn_hilliard_o6/points/point_025/real_tanh_autodiff.log,0.06534700042103289,realad,real_tanh_autodiff,0.09786496900892762,complete,210,cahn_hilliard_o6,"['1e+0', '1e+1']","{'lambda_ic': 1.0, 'mu_mean': 10.0}","[1.0, 10.0]"
60.0,point_026,26,2026-08-07T00:48:38.331041+00:00,text_log_final_line,0.03188802632901035,0.08225199377616196,13,results/cahn_hilliard_o6/points/point_026/war.json,war_realad_weight_grid_v1,True,True,ok,results/cahn_hilliard_o6/points/point_026/war.log,0.03182969588470155,war,war,0.0827011545571613,complete,376,cahn_hilliard_o6,"['1e+0', '1e+2']","{'lambda_ic': 1.0, 'mu_mean': 100.0}","[1.0, 100.0]"
60.0,point_026,26,2026-08-07T00:49:41.284746+00:00,text_log_final_line,0.20086200430778461,0.11644741653505285,13,results/cahn_hilliard_o6/points/point_026/real_tanh_autodiff.json,war_realad_weight_grid_v1,True,True,ok,results/cahn_hilliard_o6/points/point_026/real_tanh_autodiff.log,0.20010260402466648,realad,real_tanh_autodiff,0.11794720974025953,complete,210,cahn_hilliard_o6,"['1e+0', '1e+2']","{'lambda_ic': 1.0, 'mu_mean': 100.0}","[1.0, 100.0]"
60.0,point_027,27,2026-08-07T00:50:44.192486+00:00,text_log_final_line,3.2289158929125916,0.4262690984081852,13,results/cahn_hilliard_o6/points/point_027/war.json,war_realad_weight_grid_v1,True,True,ok,results/cahn_hilliard_o6/points/point_027/war.log,3.203766523721965,war,war,0.4256859074419832,complete,377,cahn_hilliard_o6,"['1e+0', '1e+3']","{'lambda_ic': 1.0, 'mu_mean': 1000.0}","[1.0, 1000.0]"
60.0,point_027,27,2026-08-07T00:51:46.969126+00:00,text_log_final_line,7.4184354622956885,1.0396092989211259,13,results/cahn_hilliard_o6/points/point_027/real_tanh_autodiff.json,war_realad_weight_grid_v1,True,True,ok,results/cahn_hilliard_o6/points/point_027/real_tanh_autodiff.log,7.407594151253826,realad,real_tanh_autodiff,1.0326734081933115,complete,210,cahn_hilliard_o6,"['1e+0', '1e+3']","{'lambda_ic': 1.0, 'mu_mean': 1000.0}","[1.0, 1000.0]"
60.0,point_028,28,2026-08-07T00:52:49.662271+00:00,text_log_final_line,0.03701679236222513,0.0636196027997216,13,results/cahn_hilliard_o6/points/point_028/war.json,war_realad_weight_grid_v1,True,True,ok,results/cahn_hilliard_o6/points/point_028/war.log,0.03699026500400373,war,war,0.06441006773876246,complete,377,cahn_hilliard_o6,"['1e+1', '1e-3']","{'lambda_ic': 10.0, 'mu_mean': 0.001}","[10.0, 0.001]"
60.0,point_028,28,2026-08-07T00:53:52.363219+00:00,text_log_final_line,0.09703655606669825,0.10361791755249708,13,results/cahn_hilliard_o6/points/point_028/real_tanh_autodiff.json,war_realad_weight_grid_v1,True,True,ok,results/cahn_hilliard_o6/points/point_028/real_tanh_autodiff.log,0.09679697123350132,realad,real_tanh_autodiff,0.10491384911517329,complete,210,cahn_hilliard_o6,"['1e+1', '1e-3']","{'lambda_ic': 10.0, 'mu_mean': 0.001}","[10.0, 0.001]"
60.0,point_029,29,2026-08-07T00:54:54.973242+00:00,text_log_final_line,0.0340409707359926,0.06027611025619454,13,results/cahn_hilliard_o6/points/point_029/war.json,war_realad_weight_grid_v1,True,True,ok,results/cahn_hilliard_o6/points/point_029/war.log,0.0340154317051111,war,war,0.06105423212696336,complete,377,cahn_hilliard_o6,"['1e+1', '1e-2']","{'lambda_ic': 10.0, 'mu_mean': 0.01}","[10.0, 0.01]"
60.0,point_029,29,2026-08-07T00:55:57.807589+00:00,text_log_final_line,0.0957455063598518,0.10363863632208495,13,results/cahn_hilliard_o6/points/point_029/real_tanh_autodiff.json,war_realad_weight_grid_v1,True,True,ok,results/cahn_hilliard_o6/points/point_029/real_tanh_autodiff.log,0.09551190174492982,realad,real_tanh_autodiff,0.10495125890122514,complete,211,cahn_hilliard_o6,"['1e+1', '1e-2']","{'lambda_ic': 10.0, 'mu_mean': 0.01}","[10.0, 0.01]"
60.0,point_030,30,2026-08-07T00:57:00.453806+00:00,text_log_final_line,0.0333457792721253,0.06021354022895708,13,results/cahn_hilliard_o6/points/point_030/war.json,war_realad_weight_grid_v1,True,True,ok,results/cahn_hilliard_o6/points/point_030/war.log,0.03331874365404411,war,war,0.060995397651730926,complete,378,cahn_hilliard_o6,"['1e+1', '1e-1']","{'lambda_ic': 10.0, 'mu_mean': 0.1}","[10.0, 0.1]"
60.0,point_030,30,2026-08-07T00:58:03.277194+00:00,text_log_final_line,0.09312778429627844,0.10371936254302631,13,results/cahn_hilliard_o6/points/point_030/real_tanh_autodiff.json,war_realad_weight_grid_v1,True,True,ok,results/cahn_hilliard_o6/points/point_030/real_tanh_autodiff.log,0.09290060922651835,realad,real_tanh_autodiff,0.10516277432017268,complete,209,cahn_hilliard_o6,"['1e+1', '1e-1']","{'lambda_ic': 10.0, 'mu_mean': 0.1}","[10.0, 0.1]"
60.0,point_031,31,2026-08-07T00:59:07.117228+00:00,text_log_final_line,0.042895706090559094,0.058341408849441716,13,results/cahn_hilliard_o6/points/point_031/war.json,war_realad_weight_grid_v1,True,True,ok,results/cahn_hilliard_o6/points/point_031/war.log,0.042875060690672394,war,war,0.05917739394484572,complete,377,cahn_hilliard_o6,"['1e+1', '1e+0']","{'lambda_ic': 10.0, 'mu_mean': 1.0}","[10.0, 1.0]"
60.0,point_031,31,2026-08-07T01:00:11.242751+00:00,text_log_final_line,0.25253585061739886,0.12443775503813687,13,results/cahn_hilliard_o6/points/point_031/real_tanh_autodiff.json,war_realad_weight_grid_v1,True,True,ok,results/cahn_hilliard_o6/points/point_031/real_tanh_autodiff.log,0.2516714100018006,realad,real_tanh_autodiff,0.12515569364760554,complete,208,cahn_hilliard_o6,"['1e+1', '1e+0']","{'lambda_ic': 10.0, 'mu_mean': 1.0}","[10.0, 1.0]"
60.0,point_032,32,2026-08-07T01:01:13.942876+00:00,text_log_final_line,0.016881258605824657,0.029215812098359443,13,results/cahn_hilliard_o6/points/point_032/war.json,war_realad_weight_grid_v1,True,True,ok,results/cahn_hilliard_o6/points/point_032/war.log,0.016854377901552656,war,war,0.029409737235105746,complete,377,cahn_hilliard_o6,"['1e+1', '1e+1']","{'lambda_ic': 10.0, 'mu_mean': 10.0}","[10.0, 10.0]"
60.0,point_032,32,2026-08-07T01:02:16.793838+00:00,text_log_final_line,0.16780334399348346,0.11301667187363072,13,results/cahn_hilliard_o6/points/point_032/real_tanh_autodiff.json,war_realad_weight_grid_v1,True,True,ok,results/cahn_hilliard_o6/points/point_032/real_tanh_autodiff.log,0.1674020748366175,realad,real_tanh_autodiff,0.1131861694944507,complete,209,cahn_hilliard_o6,"['1e+1', '1e+1']","{'lambda_ic': 10.0, 'mu_mean': 10.0}","[10.0, 10.0]"
60.0,point_033,33,2026-08-07T01:03:19.522316+00:00,text_log_final_line,0.04566012328477406,0.035366293971132584,13,results/cahn_hilliard_o6/points/point_033/war.json,war_realad_weight_grid_v1,True,True,ok,results/cahn_hilliard_o6/points/point_033/war.log,0.0455858505700728,war,war,0.03559842873812981,complete,378,cahn_hilliard_o6,"['1e+1', '1e+2']","{'lambda_ic': 10.0, 'mu_mean': 100.0}","[10.0, 100.0]"
60.0,point_033,33,2026-08-07T01:04:22.222969+00:00,text_log_final_line,0.13793020524970673,0.12836646018813075,13,results/cahn_hilliard_o6/points/point_033/real_tanh_autodiff.json,war_realad_weight_grid_v1,True,True,ok,results/cahn_hilliard_o6/points/point_033/real_tanh_autodiff.log,0.13762398785105218,realad,real_tanh_autodiff,0.128125679457552,complete,208,cahn_hilliard_o6,"['1e+1', '1e+2']","{'lambda_ic': 10.0, 'mu_mean': 100.0}","[10.0, 100.0]"
60.0,point_034,34,2026-08-07T01:05:25.273628+00:00,text_log_final_line,0.5612993469346328,0.130051782996773,13,results/cahn_hilliard_o6/points/point_034/war.json,war_realad_weight_grid_v1,True,True,ok,results/cahn_hilliard_o6/points/point_034/war.log,0.5587032278828548,war,war,0.13010942066850864,complete,377,cahn_hilliard_o6,"['1e+1', '1e+3']","{'lambda_ic': 10.0, 'mu_mean': 1000.0}","[10.0, 1000.0]"
60.0,point_034,34,2026-08-07T01:06:27.963455+00:00,text_log_final_line,4.267094019190228,0.44049981499421975,13,results/cahn_hilliard_o6/points/point_034/real_tanh_autodiff.json,war_realad_weight_grid_v1,True,True,ok,results/cahn_hilliard_o6/points/point_034/real_tanh_autodiff.log,4.2202664509870615,realad,real_tanh_autodiff,0.44062460039049645,complete,208,cahn_hilliard_o6,"['1e+1', '1e+3']","{'lambda_ic': 10.0, 'mu_mean': 1000.0}","[10.0, 1000.0]"
60.0,point_035,35,2026-08-07T01:07:30.650968+00:00,text_log_final_line,0.03961841559841443,0.05005011403042493,13,results/cahn_hilliard_o6/points/point_035/war.json,war_realad_weight_grid_v1,True,True,ok,results/cahn_hilliard_o6/points/point_035/war.log,0.03957948310158787,war,war,0.05021697458943806,complete,376,cahn_hilliard_o6,"['1e+2', '1e-3']","{'lambda_ic': 100.0, 'mu_mean': 0.001}","[100.0, 0.001]"
60.0,point_035,35,2026-08-07T01:08:33.505296+00:00,text_log_final_line,0.37035075454383587,0.19128895375770438,13,results/cahn_hilliard_o6/points/point_035/real_tanh_autodiff.json,war_realad_weight_grid_v1,True,True,ok,results/cahn_hilliard_o6/points/point_035/real_tanh_autodiff.log,0.3693773066490112,realad,real_tanh_autodiff,0.19209538818448657,complete,206,cahn_hilliard_o6,"['1e+2', '1e-3']","{'lambda_ic': 100.0, 'mu_mean': 0.001}","[100.0, 0.001]"
60.0,point_036,36,2026-08-07T01:09:36.272037+00:00,text_log_final_line,0.03986250175031362,0.05017087022036797,13,results/cahn_hilliard_o6/points/point_036/war.json,war_realad_weight_grid_v1,True,True,ok,results/cahn_hilliard_o6/points/point_036/war.log,0.039823353307827505,war,war,0.05033732918384164,complete,376,cahn_hilliard_o6,"['1e+2', '1e-2']","{'lambda_ic': 100.0, 'mu_mean': 0.01}","[100.0, 0.01]"
60.0,point_036,36,2026-08-07T01:10:39.297311+00:00,text_log_final_line,0.36615775103831166,0.19061484230180897,13,results/cahn_hilliard_o6/points/point_036/real_tanh_autodiff.json,war_realad_weight_grid_v1,True,True,ok,results/cahn_hilliard_o6/points/point_036/real_tanh_autodiff.log,0.36520852912854634,realad,real_tanh_autodiff,0.19141569405375078,complete,207,cahn_hilliard_o6,"['1e+2', '1e-2']","{'lambda_ic': 100.0, 'mu_mean': 0.01}","[100.0, 0.01]"
60.0,point_037,37,2026-08-07T01:11:41.964983+00:00,text_log_final_line,0.040835818117826266,0.05054742214576972,13,results/cahn_hilliard_o6/points/point_037/war.json,war_realad_weight_grid_v1,True,True,ok,results/cahn_hilliard_o6/points/point_037/war.log,0.040795451634377075,war,war,0.05071339602039978,complete,376,cahn_hilliard_o6,"['1e+2', '1e-1']","{'lambda_ic': 100.0, 'mu_mean': 0.1}","[100.0, 0.1]"
60.0,point_037,37,2026-08-07T01:12:44.819332+00:00,text_log_final_line,0.3641190533785819,0.19063773090974845,13,results/cahn_hilliard_o6/points/point_037/real_tanh_autodiff.json,war_realad_weight_grid_v1,True,True,ok,results/cahn_hilliard_o6/points/point_037/real_tanh_autodiff.log,0.3631709267995685,realad,real_tanh_autodiff,0.19143482973464146,complete,206,cahn_hilliard_o6,"['1e+2', '1e-1']","{'lambda_ic': 100.0, 'mu_mean': 0.1}","[100.0, 0.1]"
60.0,point_038,38,2026-08-07T01:13:47.822183+00:00,text_log_final_line,0.03979822993568695,0.04949634262049319,13,results/cahn_hilliard_o6/points/point_038/war.json,war_realad_weight_grid_v1,True,True,ok,results/cahn_hilliard_o6/points/point_038/war.log,0.03975836602979091,war,war,0.04969950193629099,complete,376,cahn_hilliard_o6,"['1e+2', '1e+0']","{'lambda_ic': 100.0, 'mu_mean': 1.0}","[100.0, 1.0]"
60.0,point_038,38,2026-08-07T01:14:50.755849+00:00,text_log_final_line,0.277154566830317,0.17200798185597832,13,results/cahn_hilliard_o6/points/point_038/real_tanh_autodiff.json,war_realad_weight_grid_v1,True,True,ok,results/cahn_hilliard_o6/points/point_038/real_tanh_autodiff.log,0.27661027802235444,realad,real_tanh_autodiff,0.17279460052794293,complete,209,cahn_hilliard_o6,"['1e+2', '1e+0']","{'lambda_ic': 100.0, 'mu_mean': 1.0}","[100.0, 1.0]"
60.0,point_039,39,2026-08-07T01:15:53.465842+00:00,text_log_final_line,0.04654234806002797,0.047755142625620216,13,results/cahn_hilliard_o6/points/point_039/war.json,war_realad_weight_grid_v1,True,True,ok,results/cahn_hilliard_o6/points/point_039/war.log,0.04649866821933041,war,war,0.04795080273811927,complete,376,cahn_hilliard_o6,"['1e+2', '1e+1']","{'lambda_ic': 100.0, 'mu_mean': 10.0}","[100.0, 10.0]"
60.0,point_039,39,2026-08-07T01:16:56.300431+00:00,text_log_final_line,0.4246769622361704,0.1987696948825863,13,results/cahn_hilliard_o6/points/point_039/real_tanh_autodiff.json,war_realad_weight_grid_v1,True,True,ok,results/cahn_hilliard_o6/points/point_039/real_tanh_autodiff.log,0.423369871395222,realad,real_tanh_autodiff,0.19953690985988082,complete,206,cahn_hilliard_o6,"['1e+2', '1e+1']","{'lambda_ic': 100.0, 'mu_mean': 10.0}","[100.0, 10.0]"
60.0,point_040,40,2026-08-07T01:17:59.052182+00:00,text_log_final_line,0.04997702808210241,0.036628469940460075,13,results/cahn_hilliard_o6/points/point_040/war.json,war_realad_weight_grid_v1,True,True,ok,results/cahn_hilliard_o6/points/point_040/war.log,0.04991906455493113,war,war,0.036636115504658416,complete,376,cahn_hilliard_o6,"['1e+2', '1e+2']","{'lambda_ic': 100.0, 'mu_mean': 100.0}","[100.0, 100.0]"
60.0,point_040,40,2026-08-07T01:19:02.924672+00:00,text_log_final_line,0.43950820281335157,0.19152144090545262,13,results/cahn_hilliard_o6/points/point_040/real_tanh_autodiff.json,war_realad_weight_grid_v1,True,True,ok,results/cahn_hilliard_o6/points/point_040/real_tanh_autodiff.log,0.43834973788391546,realad,real_tanh_autodiff,0.19233588285025643,complete,207,cahn_hilliard_o6,"['1e+2', '1e+2']","{'lambda_ic': 100.0, 'mu_mean': 100.0}","[100.0, 100.0]"
60.0,point_041,41,2026-08-07T01:20:06.746052+00:00,text_log_final_line,0.14960161973348846,0.12782638229269974,13,results/cahn_hilliard_o6/points/point_041/war.json,war_realad_weight_grid_v1,True,True,ok,results/cahn_hilliard_o6/points/point_041/war.log,0.14940404445290317,war,war,0.12701448682986477,complete,375,cahn_hilliard_o6,"['1e+2', '1e+3']","{'lambda_ic': 100.0, 'mu_mean': 1000.0}","[100.0, 1000.0]"
60.0,point_041,41,2026-08-07T01:21:11.572941+00:00,text_log_final_line,0.42330107851907,0.2207383781824429,13,results/cahn_hilliard_o6/points/point_041/real_tanh_autodiff.json,war_realad_weight_grid_v1,True,True,ok,results/cahn_hilliard_o6/points/point_041/real_tanh_autodiff.log,0.42256303172438886,realad,real_tanh_autodiff,0.22212912996183368,complete,209,cahn_hilliard_o6,"['1e+2', '1e+3']","{'lambda_ic': 100.0, 'mu_mean': 1000.0}","[100.0, 1000.0]"
60.0,point_042,42,2026-08-07T01:22:14.264621+00:00,text_log_final_line,0.15251637674273746,0.09230348993805301,13,results/cahn_hilliard_o6/points/point_042/war.json,war_realad_weight_grid_v1,True,True,ok,results/cahn_hilliard_o6/points/point_042/war.log,0.15234255101731692,war,war,0.09209853330179907,complete,377,cahn_hilliard_o6,"['1e+3', '1e-3']","{'lambda_ic': 1000.0, 'mu_mean': 0.001}","[1000.0, 0.001]"
60.0,point_042,42,2026-08-07T01:23:17.234396+00:00,text_log_final_line,1.4172230049263075,0.3136149825711285,13,results/cahn_hilliard_o6/points/point_042/real_tanh_autodiff.json,war_realad_weight_grid_v1,True,True,ok,results/cahn_hilliard_o6/points/point_042/real_tanh_autodiff.log,1.414198670437064,realad,real_tanh_autodiff,0.3143637944315806,complete,210,cahn_hilliard_o6,"['1e+3', '1e-3']","{'lambda_ic': 1000.0, 'mu_mean': 0.001}","[1000.0, 0.001]"
60.0,point_043,43,2026-08-07T01:24:19.998717+00:00,text_log_final_line,0.1523728753693933,0.09226234611309447,13,results/cahn_hilliard_o6/points/point_043/war.json,war_realad_weight_grid_v1,True,True,ok,results/cahn_hilliard_o6/points/point_043/war.log,0.15219948261460378,war,war,0.09205751586542264,complete,377,cahn_hilliard_o6,"['1e+3', '1e-2']","{'lambda_ic': 1000.0, 'mu_mean': 0.01}","[1000.0, 0.01]"
60.0,point_043,43,2026-08-07T01:25:22.932036+00:00,text_log_final_line,1.4307154012503982,0.31442922802468337,13,results/cahn_hilliard_o6/points/point_043/real_tanh_autodiff.json,war_realad_weight_grid_v1,True,True,ok,results/cahn_hilliard_o6/points/point_043/real_tanh_autodiff.log,1.4276667128843807,realad,real_tanh_autodiff,0.3151836372703816,complete,208,cahn_hilliard_o6,"['1e+3', '1e-2']","{'lambda_ic': 1000.0, 'mu_mean': 0.01}","[1000.0, 0.01]"
60.0,point_044,44,2026-08-07T01:26:25.832444+00:00,text_log_final_line,0.15295456404872382,0.09216550727465977,13,results/cahn_hilliard_o6/points/point_044/war.json,war_realad_weight_grid_v1,True,True,ok,results/cahn_hilliard_o6/points/point_044/war.log,0.15278010760941937,war,war,0.09196242113085619,complete,376,cahn_hilliard_o6,"['1e+3', '1e-1']","{'lambda_ic': 1000.0, 'mu_mean': 0.1}","[1000.0, 0.1]"
60.0,point_044,44,2026-08-07T01:27:29.151445+00:00,text_log_final_line,1.438419228770878,0.3148341729849753,13,results/cahn_hilliard_o6/points/point_044/real_tanh_autodiff.json,war_realad_weight_grid_v1,True,True,ok,results/cahn_hilliard_o6/points/point_044/real_tanh_autodiff.log,1.4353437353952863,realad,real_tanh_autodiff,0.3155915363316575,complete,208,cahn_hilliard_o6,"['1e+3', '1e-1']","{'lambda_ic': 1000.0, 'mu_mean': 0.1}","[1000.0, 0.1]"
60.0,point_045,45,2026-08-07T01:28:31.881980+00:00,text_log_final_line,0.1522274647366709,0.0905270303401796,13,results/cahn_hilliard_o6/points/point_045/war.json,war_realad_weight_grid_v1,True,True,ok,results/cahn_hilliard_o6/points/point_045/war.log,0.15205573651823795,war,war,0.0903523410489002,complete,378,cahn_hilliard_o6,"['1e+3', '1e+0']","{'lambda_ic': 1000.0, 'mu_mean': 1.0}","[1000.0, 1.0]"
60.0,point_045,45,2026-08-07T01:29:34.682699+00:00,text_log_final_line,1.439879094739065,0.3145095583736314,13,results/cahn_hilliard_o6/points/point_045/real_tanh_autodiff.json,war_realad_weight_grid_v1,True,True,ok,results/cahn_hilliard_o6/points/point_045/real_tanh_autodiff.log,1.436786693170899,realad,real_tanh_autodiff,0.31526963988169576,complete,207,cahn_hilliard_o6,"['1e+3', '1e+0']","{'lambda_ic': 1000.0, 'mu_mean': 1.0}","[1000.0, 1.0]"
60.0,point_046,46,2026-08-07T01:30:37.288696+00:00,text_log_final_line,0.15390662767240929,0.08364151935658179,13,results/cahn_hilliard_o6/points/point_046/war.json,war_realad_weight_grid_v1,True,True,ok,results/cahn_hilliard_o6/points/point_046/war.log,0.15373543260513986,war,war,0.0836170028520531,complete,376,cahn_hilliard_o6,"['1e+3', '1e+1']","{'lambda_ic': 1000.0, 'mu_mean': 10.0}","[1000.0, 10.0]"
60.0,point_046,46,2026-08-07T01:31:40.117072+00:00,text_log_final_line,1.3536113955566718,0.3066209456733965,13,results/cahn_hilliard_o6/points/point_046/real_tanh_autodiff.json,war_realad_weight_grid_v1,True,True,ok,results/cahn_hilliard_o6/points/point_046/real_tanh_autodiff.log,1.3506744653511735,realad,real_tanh_autodiff,0.3073543024245379,complete,208,cahn_hilliard_o6,"['1e+3', '1e+1']","{'lambda_ic': 1000.0, 'mu_mean': 10.0}","[1000.0, 10.0]"
60.0,point_047,47,2026-08-07T01:32:42.787492+00:00,text_log_final_line,0.15222140198168616,0.07923395608050454,13,results/cahn_hilliard_o6/points/point_047/war.json,war_realad_weight_grid_v1,True,True,ok,results/cahn_hilliard_o6/points/point_047/war.log,0.15204872458895075,war,war,0.07954409796101838,complete,376,cahn_hilliard_o6,"['1e+3', '1e+2']","{'lambda_ic': 1000.0, 'mu_mean': 100.0}","[1000.0, 100.0]"
60.0,point_047,47,2026-08-07T01:33:45.858692+00:00,text_log_final_line,1.294382172708813,0.29688129195421625,13,results/cahn_hilliard_o6/points/point_047/real_tanh_autodiff.json,war_realad_weight_grid_v1,True,True,ok,results/cahn_hilliard_o6/points/point_047/real_tanh_autodiff.log,1.2916883994167951,realad,real_tanh_autodiff,0.2977721316340103,complete,209,cahn_hilliard_o6,"['1e+3', '1e+2']","{'lambda_ic': 1000.0, 'mu_mean': 100.0}","[1000.0, 100.0]"
60.0,point_048,48,2026-08-07T01:34:48.480305+00:00,text_log_final_line,0.30800214331458314,0.12213455163236704,13,results/cahn_hilliard_o6/points/point_048/war.json,war_realad_weight_grid_v1,True,True,ok,results/cahn_hilliard_o6/points/point_048/war.log,0.3075216120829487,war,war,0.12122169796958712,complete,376,cahn_hilliard_o6,"['1e+3', '1e+3']","{'lambda_ic': 1000.0, 'mu_mean': 1000.0}","[1000.0, 1000.0]"
60.0,point_048,48,2026-08-07T01:35:51.593953+00:00,text_log_final_line,1.4849115871318357,0.31570452220084877,13,results/cahn_hilliard_o6/points/point_048/real_tanh_autodiff.json,war_realad_weight_grid_v1,True,True,ok,results/cahn_hilliard_o6/points/point_048/real_tanh_autodiff.log,1.4822582498514556,realad,real_tanh_autodiff,0.31702472912279217,complete,206,cahn_hilliard_o6,"['1e+3', '1e+3']","{'lambda_ic': 1000.0, 'mu_mean': 1000.0}","[1000.0, 1000.0]"
