nohup: ignoring input
[run] /root/miniconda3/envs/apolarity/bin/python /root/apolarity/scripts/run_poly_weight_grid.py --dim 3 --order 2 --seconds 30.0 --grid 0.001,0.01,0.1,1,10,100,1000 --seed 0 --eval-seed 54321 --out-dir experiments/results/poly_shared_weight_power_grid/d3/o2 --resume
[start] point_000 weights=(0.001,) seconds=30
device=cuda dim=3 order=2 methods=('vanilla', 'sinh') bc_weights=0.001 seconds=30.0
[run] vanilla
[done] vanilla steps=1261 ms/step=23.81 L2=0.198774
[run] sinh
/root/miniconda3/envs/apolarity/lib/python3.11/site-packages/torch/nn/modules/module.py:1310: UserWarning: Complex modules are a new feature under active development whose design may change, and some modules might not work as expected when using complex tensors as parameters or buffers. Please file an issue at https://github.com/pytorch/pytorch/issues/new?template=bug-report.yml if a complex module does not work as expected.
  warnings.warn(
[done] sinh steps=344 ms/step=87.41 L2=0.142652
[ok] wrote experiments/results/poly_shared_weight_power_grid/d3/o2/grid30/point_000_history.json  (2 traces)

[ok] wrote experiments/results/poly_shared_weight_power_grid/d3/o2/grid30/point_000
[start] point_001 weights=(0.01,) seconds=30
device=cuda dim=3 order=2 methods=('vanilla', 'sinh') bc_weights=0.01 seconds=30.0
[run] vanilla
[done] vanilla steps=1262 ms/step=23.80 L2=0.127923
[run] sinh
/root/miniconda3/envs/apolarity/lib/python3.11/site-packages/torch/nn/modules/module.py:1310: UserWarning: Complex modules are a new feature under active development whose design may change, and some modules might not work as expected when using complex tensors as parameters or buffers. Please file an issue at https://github.com/pytorch/pytorch/issues/new?template=bug-report.yml if a complex module does not work as expected.
  warnings.warn(
[done] sinh steps=343 ms/step=87.65 L2=0.11568
[ok] wrote experiments/results/poly_shared_weight_power_grid/d3/o2/grid30/point_001_history.json  (2 traces)

[ok] wrote experiments/results/poly_shared_weight_power_grid/d3/o2/grid30/point_001
[start] point_002 weights=(0.1,) seconds=30
device=cuda dim=3 order=2 methods=('vanilla', 'sinh') bc_weights=0.1 seconds=30.0
[run] vanilla
[done] vanilla steps=1250 ms/step=24.02 L2=0.102433
[run] sinh
/root/miniconda3/envs/apolarity/lib/python3.11/site-packages/torch/nn/modules/module.py:1310: UserWarning: Complex modules are a new feature under active development whose design may change, and some modules might not work as expected when using complex tensors as parameters or buffers. Please file an issue at https://github.com/pytorch/pytorch/issues/new?template=bug-report.yml if a complex module does not work as expected.
  warnings.warn(
[done] sinh steps=343 ms/step=87.72 L2=0.0503013
[ok] wrote experiments/results/poly_shared_weight_power_grid/d3/o2/grid30/point_002_history.json  (2 traces)

[ok] wrote experiments/results/poly_shared_weight_power_grid/d3/o2/grid30/point_002
[start] point_003 weights=(1.0,) seconds=30
device=cuda dim=3 order=2 methods=('vanilla', 'sinh') bc_weights=1 seconds=30.0
[run] vanilla
[done] vanilla steps=1261 ms/step=23.81 L2=0.197001
[run] sinh
/root/miniconda3/envs/apolarity/lib/python3.11/site-packages/torch/nn/modules/module.py:1310: UserWarning: Complex modules are a new feature under active development whose design may change, and some modules might not work as expected when using complex tensors as parameters or buffers. Please file an issue at https://github.com/pytorch/pytorch/issues/new?template=bug-report.yml if a complex module does not work as expected.
  warnings.warn(
[done] sinh steps=343 ms/step=87.62 L2=0.0298168
[ok] wrote experiments/results/poly_shared_weight_power_grid/d3/o2/grid30/point_003_history.json  (2 traces)

[ok] wrote experiments/results/poly_shared_weight_power_grid/d3/o2/grid30/point_003
[start] point_004 weights=(10.0,) seconds=30
device=cuda dim=3 order=2 methods=('vanilla', 'sinh') bc_weights=10 seconds=30.0
[run] vanilla
[done] vanilla steps=1268 ms/step=23.68 L2=0.645676
[run] sinh
/root/miniconda3/envs/apolarity/lib/python3.11/site-packages/torch/nn/modules/module.py:1310: UserWarning: Complex modules are a new feature under active development whose design may change, and some modules might not work as expected when using complex tensors as parameters or buffers. Please file an issue at https://github.com/pytorch/pytorch/issues/new?template=bug-report.yml if a complex module does not work as expected.
  warnings.warn(
[done] sinh steps=344 ms/step=87.58 L2=0.055429
[ok] wrote experiments/results/poly_shared_weight_power_grid/d3/o2/grid30/point_004_history.json  (2 traces)

[ok] wrote experiments/results/poly_shared_weight_power_grid/d3/o2/grid30/point_004
[start] point_005 weights=(100.0,) seconds=30
device=cuda dim=3 order=2 methods=('vanilla', 'sinh') bc_weights=100 seconds=30.0
[run] vanilla
[done] vanilla steps=1275 ms/step=23.55 L2=0.999794
[run] sinh
/root/miniconda3/envs/apolarity/lib/python3.11/site-packages/torch/nn/modules/module.py:1310: UserWarning: Complex modules are a new feature under active development whose design may change, and some modules might not work as expected when using complex tensors as parameters or buffers. Please file an issue at https://github.com/pytorch/pytorch/issues/new?template=bug-report.yml if a complex module does not work as expected.
  warnings.warn(
[done] sinh steps=346 ms/step=87.09 L2=0.974621
[ok] wrote experiments/results/poly_shared_weight_power_grid/d3/o2/grid30/point_005_history.json  (2 traces)

[ok] wrote experiments/results/poly_shared_weight_power_grid/d3/o2/grid30/point_005
[start] point_006 weights=(1000.0,) seconds=30
device=cuda dim=3 order=2 methods=('vanilla', 'sinh') bc_weights=1000 seconds=30.0
[run] vanilla
[done] vanilla steps=1259 ms/step=23.85 L2=1
[run] sinh
/root/miniconda3/envs/apolarity/lib/python3.11/site-packages/torch/nn/modules/module.py:1310: UserWarning: Complex modules are a new feature under active development whose design may change, and some modules might not work as expected when using complex tensors as parameters or buffers. Please file an issue at https://github.com/pytorch/pytorch/issues/new?template=bug-report.yml if a complex module does not work as expected.
  warnings.warn(
[done] sinh steps=342 ms/step=87.96 L2=0.998957
[ok] wrote experiments/results/poly_shared_weight_power_grid/d3/o2/grid30/point_006_history.json  (2 traces)

[ok] wrote experiments/results/poly_shared_weight_power_grid/d3/o2/grid30/point_006
[run] /root/miniconda3/envs/apolarity/bin/python /root/apolarity/scripts/run_poly_shared_weights.py --dim 3 --order 2 --method both --bc-weights 0.1 --seconds 1200.0 --seed 0 --eval-seed 12345 --out experiments/results/poly_power_grid_full20m/d3/o2
device=cuda dim=3 order=2 methods=('vanilla', 'sinh') bc_weights=0.1 seconds=1200.0
[run] vanilla
[done] vanilla steps=50114 ms/step=23.95 L2=0.00210837
[run] sinh
/root/miniconda3/envs/apolarity/lib/python3.11/site-packages/torch/nn/modules/module.py:1310: UserWarning: Complex modules are a new feature under active development whose design may change, and some modules might not work as expected when using complex tensors as parameters or buffers. Please file an issue at https://github.com/pytorch/pytorch/issues/new?template=bug-report.yml if a complex module does not work as expected.
  warnings.warn(
[done] sinh steps=13625 ms/step=88.08 L2=0.00218243
[ok] wrote experiments/results/poly_power_grid_full20m/d3/o2_history.json  (2 traces)

[ok] wrote experiments/results/poly_power_grid_full20m/d3/o2
[run] /root/miniconda3/envs/apolarity/bin/python /root/apolarity/scripts/run_poly_weight_grid.py --dim 3 --order 4 --seconds 30.0 --grid 0.001,0.01,0.1,1,10,100,1000 --seed 0 --eval-seed 54321 --out-dir experiments/results/poly_shared_weight_power_grid/d3/o4 --resume
[start] point_000 weights=(0.001, 0.001) seconds=30
device=cuda dim=3 order=4 methods=('vanilla', 'sinh') bc_weights=0.001,0.001 seconds=30.0
[run] vanilla
[done] vanilla steps=146 ms/step=205.82 L2=3.65306
[run] sinh
/root/miniconda3/envs/apolarity/lib/python3.11/site-packages/torch/nn/modules/module.py:1310: UserWarning: Complex modules are a new feature under active development whose design may change, and some modules might not work as expected when using complex tensors as parameters or buffers. Please file an issue at https://github.com/pytorch/pytorch/issues/new?template=bug-report.yml if a complex module does not work as expected.
  warnings.warn(
[done] sinh steps=54 ms/step=569.88 L2=0.810441
[ok] wrote experiments/results/poly_shared_weight_power_grid/d3/o4/grid30/point_000_history.json  (2 traces)

[ok] wrote experiments/results/poly_shared_weight_power_grid/d3/o4/grid30/point_000
[start] point_001 weights=(0.001, 0.01) seconds=30
device=cuda dim=3 order=4 methods=('vanilla', 'sinh') bc_weights=0.001,0.01 seconds=30.0
[run] vanilla
[done] vanilla steps=147 ms/step=204.93 L2=3.22401
[run] sinh
/root/miniconda3/envs/apolarity/lib/python3.11/site-packages/torch/nn/modules/module.py:1310: UserWarning: Complex modules are a new feature under active development whose design may change, and some modules might not work as expected when using complex tensors as parameters or buffers. Please file an issue at https://github.com/pytorch/pytorch/issues/new?template=bug-report.yml if a complex module does not work as expected.
  warnings.warn(
[done] sinh steps=54 ms/step=569.92 L2=0.607225
[ok] wrote experiments/results/poly_shared_weight_power_grid/d3/o4/grid30/point_001_history.json  (2 traces)

[ok] wrote experiments/results/poly_shared_weight_power_grid/d3/o4/grid30/point_001
[start] point_002 weights=(0.001, 0.1) seconds=30
device=cuda dim=3 order=4 methods=('vanilla', 'sinh') bc_weights=0.001,0.1 seconds=30.0
[run] vanilla
[done] vanilla steps=147 ms/step=204.59 L2=0.796776
[run] sinh
/root/miniconda3/envs/apolarity/lib/python3.11/site-packages/torch/nn/modules/module.py:1310: UserWarning: Complex modules are a new feature under active development whose design may change, and some modules might not work as expected when using complex tensors as parameters or buffers. Please file an issue at https://github.com/pytorch/pytorch/issues/new?template=bug-report.yml if a complex module does not work as expected.
  warnings.warn(
[done] sinh steps=54 ms/step=569.43 L2=0.575637
[ok] wrote experiments/results/poly_shared_weight_power_grid/d3/o4/grid30/point_002_history.json  (2 traces)

[ok] wrote experiments/results/poly_shared_weight_power_grid/d3/o4/grid30/point_002
[start] point_003 weights=(0.001, 1.0) seconds=30
device=cuda dim=3 order=4 methods=('vanilla', 'sinh') bc_weights=0.001,1 seconds=30.0
[run] vanilla
[done] vanilla steps=148 ms/step=204.18 L2=2.01397
[run] sinh
/root/miniconda3/envs/apolarity/lib/python3.11/site-packages/torch/nn/modules/module.py:1310: UserWarning: Complex modules are a new feature under active development whose design may change, and some modules might not work as expected when using complex tensors as parameters or buffers. Please file an issue at https://github.com/pytorch/pytorch/issues/new?template=bug-report.yml if a complex module does not work as expected.
  warnings.warn(
[done] sinh steps=54 ms/step=569.62 L2=0.584491
[ok] wrote experiments/results/poly_shared_weight_power_grid/d3/o4/grid30/point_003_history.json  (2 traces)

[ok] wrote experiments/results/poly_shared_weight_power_grid/d3/o4/grid30/point_003
[start] point_004 weights=(0.001, 10.0) seconds=30
device=cuda dim=3 order=4 methods=('vanilla', 'sinh') bc_weights=0.001,10 seconds=30.0
[run] vanilla
[done] vanilla steps=147 ms/step=205.66 L2=2.56104
[run] sinh
/root/miniconda3/envs/apolarity/lib/python3.11/site-packages/torch/nn/modules/module.py:1310: UserWarning: Complex modules are a new feature under active development whose design may change, and some modules might not work as expected when using complex tensors as parameters or buffers. Please file an issue at https://github.com/pytorch/pytorch/issues/new?template=bug-report.yml if a complex module does not work as expected.
  warnings.warn(
[done] sinh steps=54 ms/step=570.03 L2=0.504387
[ok] wrote experiments/results/poly_shared_weight_power_grid/d3/o4/grid30/point_004_history.json  (2 traces)

[ok] wrote experiments/results/poly_shared_weight_power_grid/d3/o4/grid30/point_004
[start] point_005 weights=(0.001, 100.0) seconds=30
device=cuda dim=3 order=4 methods=('vanilla', 'sinh') bc_weights=0.001,100 seconds=30.0
[run] vanilla
[done] vanilla steps=146 ms/step=206.04 L2=2.0011
[run] sinh
/root/miniconda3/envs/apolarity/lib/python3.11/site-packages/torch/nn/modules/module.py:1310: UserWarning: Complex modules are a new feature under active development whose design may change, and some modules might not work as expected when using complex tensors as parameters or buffers. Please file an issue at https://github.com/pytorch/pytorch/issues/new?template=bug-report.yml if a complex module does not work as expected.
  warnings.warn(
[done] sinh steps=54 ms/step=571.13 L2=0.733101
[ok] wrote experiments/results/poly_shared_weight_power_grid/d3/o4/grid30/point_005_history.json  (2 traces)

[ok] wrote experiments/results/poly_shared_weight_power_grid/d3/o4/grid30/point_005
[start] point_006 weights=(0.001, 1000.0) seconds=30
device=cuda dim=3 order=4 methods=('vanilla', 'sinh') bc_weights=0.001,1000 seconds=30.0
[run] vanilla
[done] vanilla steps=147 ms/step=204.49 L2=1.00168
[run] sinh
/root/miniconda3/envs/apolarity/lib/python3.11/site-packages/torch/nn/modules/module.py:1310: UserWarning: Complex modules are a new feature under active development whose design may change, and some modules might not work as expected when using complex tensors as parameters or buffers. Please file an issue at https://github.com/pytorch/pytorch/issues/new?template=bug-report.yml if a complex module does not work as expected.
  warnings.warn(
[done] sinh steps=54 ms/step=569.06 L2=1.01258
[ok] wrote experiments/results/poly_shared_weight_power_grid/d3/o4/grid30/point_006_history.json  (2 traces)

[ok] wrote experiments/results/poly_shared_weight_power_grid/d3/o4/grid30/point_006
[start] point_007 weights=(0.01, 0.001) seconds=30
device=cuda dim=3 order=4 methods=('vanilla', 'sinh') bc_weights=0.01,0.001 seconds=30.0
[run] vanilla
[done] vanilla steps=147 ms/step=205.34 L2=0.617059
[run] sinh
/root/miniconda3/envs/apolarity/lib/python3.11/site-packages/torch/nn/modules/module.py:1310: UserWarning: Complex modules are a new feature under active development whose design may change, and some modules might not work as expected when using complex tensors as parameters or buffers. Please file an issue at https://github.com/pytorch/pytorch/issues/new?template=bug-report.yml if a complex module does not work as expected.
  warnings.warn(
[done] sinh steps=54 ms/step=569.43 L2=0.56519
[ok] wrote experiments/results/poly_shared_weight_power_grid/d3/o4/grid30/point_007_history.json  (2 traces)

[ok] wrote experiments/results/poly_shared_weight_power_grid/d3/o4/grid30/point_007
[start] point_008 weights=(0.01, 0.01) seconds=30
device=cuda dim=3 order=4 methods=('vanilla', 'sinh') bc_weights=0.01,0.01 seconds=30.0
[run] vanilla
[done] vanilla steps=147 ms/step=205.45 L2=0.586655
[run] sinh
/root/miniconda3/envs/apolarity/lib/python3.11/site-packages/torch/nn/modules/module.py:1310: UserWarning: Complex modules are a new feature under active development whose design may change, and some modules might not work as expected when using complex tensors as parameters or buffers. Please file an issue at https://github.com/pytorch/pytorch/issues/new?template=bug-report.yml if a complex module does not work as expected.
  warnings.warn(
[done] sinh steps=54 ms/step=569.52 L2=0.525566
[ok] wrote experiments/results/poly_shared_weight_power_grid/d3/o4/grid30/point_008_history.json  (2 traces)

[ok] wrote experiments/results/poly_shared_weight_power_grid/d3/o4/grid30/point_008
[start] point_009 weights=(0.01, 0.1) seconds=30
device=cuda dim=3 order=4 methods=('vanilla', 'sinh') bc_weights=0.01,0.1 seconds=30.0
[run] vanilla
[done] vanilla steps=147 ms/step=204.52 L2=0.492734
[run] sinh
/root/miniconda3/envs/apolarity/lib/python3.11/site-packages/torch/nn/modules/module.py:1310: UserWarning: Complex modules are a new feature under active development whose design may change, and some modules might not work as expected when using complex tensors as parameters or buffers. Please file an issue at https://github.com/pytorch/pytorch/issues/new?template=bug-report.yml if a complex module does not work as expected.
  warnings.warn(
[done] sinh steps=54 ms/step=569.50 L2=0.363356
[ok] wrote experiments/results/poly_shared_weight_power_grid/d3/o4/grid30/point_009_history.json  (2 traces)

[ok] wrote experiments/results/poly_shared_weight_power_grid/d3/o4/grid30/point_009
[start] point_010 weights=(0.01, 1.0) seconds=30
device=cuda dim=3 order=4 methods=('vanilla', 'sinh') bc_weights=0.01,1 seconds=30.0
[run] vanilla
[done] vanilla steps=147 ms/step=204.79 L2=1.04988
[run] sinh
/root/miniconda3/envs/apolarity/lib/python3.11/site-packages/torch/nn/modules/module.py:1310: UserWarning: Complex modules are a new feature under active development whose design may change, and some modules might not work as expected when using complex tensors as parameters or buffers. Please file an issue at https://github.com/pytorch/pytorch/issues/new?template=bug-report.yml if a complex module does not work as expected.
  warnings.warn(
[done] sinh steps=54 ms/step=570.06 L2=0.190391
[ok] wrote experiments/results/poly_shared_weight_power_grid/d3/o4/grid30/point_010_history.json  (2 traces)

[ok] wrote experiments/results/poly_shared_weight_power_grid/d3/o4/grid30/point_010
[start] point_011 weights=(0.01, 10.0) seconds=30
device=cuda dim=3 order=4 methods=('vanilla', 'sinh') bc_weights=0.01,10 seconds=30.0
[run] vanilla
[done] vanilla steps=147 ms/step=204.68 L2=1.74591
[run] sinh
/root/miniconda3/envs/apolarity/lib/python3.11/site-packages/torch/nn/modules/module.py:1310: UserWarning: Complex modules are a new feature under active development whose design may change, and some modules might not work as expected when using complex tensors as parameters or buffers. Please file an issue at https://github.com/pytorch/pytorch/issues/new?template=bug-report.yml if a complex module does not work as expected.
  warnings.warn(
[done] sinh steps=54 ms/step=569.54 L2=0.315148
[ok] wrote experiments/results/poly_shared_weight_power_grid/d3/o4/grid30/point_011_history.json  (2 traces)

[ok] wrote experiments/results/poly_shared_weight_power_grid/d3/o4/grid30/point_011
[start] point_012 weights=(0.01, 100.0) seconds=30
device=cuda dim=3 order=4 methods=('vanilla', 'sinh') bc_weights=0.01,100 seconds=30.0
[run] vanilla
[done] vanilla steps=147 ms/step=205.58 L2=1.11798
[run] sinh
/root/miniconda3/envs/apolarity/lib/python3.11/site-packages/torch/nn/modules/module.py:1310: UserWarning: Complex modules are a new feature under active development whose design may change, and some modules might not work as expected when using complex tensors as parameters or buffers. Please file an issue at https://github.com/pytorch/pytorch/issues/new?template=bug-report.yml if a complex module does not work as expected.
  warnings.warn(
[done] sinh steps=54 ms/step=570.23 L2=0.655735
[ok] wrote experiments/results/poly_shared_weight_power_grid/d3/o4/grid30/point_012_history.json  (2 traces)

[ok] wrote experiments/results/poly_shared_weight_power_grid/d3/o4/grid30/point_012
[start] point_013 weights=(0.01, 1000.0) seconds=30
device=cuda dim=3 order=4 methods=('vanilla', 'sinh') bc_weights=0.01,1000 seconds=30.0
[run] vanilla
[done] vanilla steps=147 ms/step=205.08 L2=1.00125
[run] sinh
/root/miniconda3/envs/apolarity/lib/python3.11/site-packages/torch/nn/modules/module.py:1310: UserWarning: Complex modules are a new feature under active development whose design may change, and some modules might not work as expected when using complex tensors as parameters or buffers. Please file an issue at https://github.com/pytorch/pytorch/issues/new?template=bug-report.yml if a complex module does not work as expected.
  warnings.warn(
[done] sinh steps=54 ms/step=569.86 L2=1.00303
[ok] wrote experiments/results/poly_shared_weight_power_grid/d3/o4/grid30/point_013_history.json  (2 traces)

[ok] wrote experiments/results/poly_shared_weight_power_grid/d3/o4/grid30/point_013
[start] point_014 weights=(0.1, 0.001) seconds=30
device=cuda dim=3 order=4 methods=('vanilla', 'sinh') bc_weights=0.1,0.001 seconds=30.0
[run] vanilla
[done] vanilla steps=148 ms/step=203.94 L2=0.907282
[run] sinh
/root/miniconda3/envs/apolarity/lib/python3.11/site-packages/torch/nn/modules/module.py:1310: UserWarning: Complex modules are a new feature under active development whose design may change, and some modules might not work as expected when using complex tensors as parameters or buffers. Please file an issue at https://github.com/pytorch/pytorch/issues/new?template=bug-report.yml if a complex module does not work as expected.
  warnings.warn(
[done] sinh steps=54 ms/step=568.93 L2=0.385641
[ok] wrote experiments/results/poly_shared_weight_power_grid/d3/o4/grid30/point_014_history.json  (2 traces)

[ok] wrote experiments/results/poly_shared_weight_power_grid/d3/o4/grid30/point_014
[start] point_015 weights=(0.1, 0.01) seconds=30
device=cuda dim=3 order=4 methods=('vanilla', 'sinh') bc_weights=0.1,0.01 seconds=30.0
[run] vanilla
[done] vanilla steps=147 ms/step=205.45 L2=0.873895
[run] sinh
/root/miniconda3/envs/apolarity/lib/python3.11/site-packages/torch/nn/modules/module.py:1310: UserWarning: Complex modules are a new feature under active development whose design may change, and some modules might not work as expected when using complex tensors as parameters or buffers. Please file an issue at https://github.com/pytorch/pytorch/issues/new?template=bug-report.yml if a complex module does not work as expected.
  warnings.warn(
[done] sinh steps=54 ms/step=569.58 L2=0.373666
[ok] wrote experiments/results/poly_shared_weight_power_grid/d3/o4/grid30/point_015_history.json  (2 traces)

[ok] wrote experiments/results/poly_shared_weight_power_grid/d3/o4/grid30/point_015
[start] point_016 weights=(0.1, 0.1) seconds=30
device=cuda dim=3 order=4 methods=('vanilla', 'sinh') bc_weights=0.1,0.1 seconds=30.0
[run] vanilla
[done] vanilla steps=147 ms/step=204.89 L2=0.825824
[run] sinh
/root/miniconda3/envs/apolarity/lib/python3.11/site-packages/torch/nn/modules/module.py:1310: UserWarning: Complex modules are a new feature under active development whose design may change, and some modules might not work as expected when using complex tensors as parameters or buffers. Please file an issue at https://github.com/pytorch/pytorch/issues/new?template=bug-report.yml if a complex module does not work as expected.
  warnings.warn(
[done] sinh steps=54 ms/step=569.96 L2=0.293456
[ok] wrote experiments/results/poly_shared_weight_power_grid/d3/o4/grid30/point_016_history.json  (2 traces)

[ok] wrote experiments/results/poly_shared_weight_power_grid/d3/o4/grid30/point_016
[start] point_017 weights=(0.1, 1.0) seconds=30
device=cuda dim=3 order=4 methods=('vanilla', 'sinh') bc_weights=0.1,1 seconds=30.0
[run] vanilla
[done] vanilla steps=147 ms/step=204.61 L2=0.745224
[run] sinh
/root/miniconda3/envs/apolarity/lib/python3.11/site-packages/torch/nn/modules/module.py:1310: UserWarning: Complex modules are a new feature under active development whose design may change, and some modules might not work as expected when using complex tensors as parameters or buffers. Please file an issue at https://github.com/pytorch/pytorch/issues/new?template=bug-report.yml if a complex module does not work as expected.
  warnings.warn(
[done] sinh steps=54 ms/step=569.79 L2=0.14362
[ok] wrote experiments/results/poly_shared_weight_power_grid/d3/o4/grid30/point_017_history.json  (2 traces)

[ok] wrote experiments/results/poly_shared_weight_power_grid/d3/o4/grid30/point_017
[start] point_018 weights=(0.1, 10.0) seconds=30
device=cuda dim=3 order=4 methods=('vanilla', 'sinh') bc_weights=0.1,10 seconds=30.0
[run] vanilla
[done] vanilla steps=148 ms/step=204.09 L2=0.944901
[run] sinh
/root/miniconda3/envs/apolarity/lib/python3.11/site-packages/torch/nn/modules/module.py:1310: UserWarning: Complex modules are a new feature under active development whose design may change, and some modules might not work as expected when using complex tensors as parameters or buffers. Please file an issue at https://github.com/pytorch/pytorch/issues/new?template=bug-report.yml if a complex module does not work as expected.
  warnings.warn(
[done] sinh steps=54 ms/step=569.15 L2=0.1133
[ok] wrote experiments/results/poly_shared_weight_power_grid/d3/o4/grid30/point_018_history.json  (2 traces)

[ok] wrote experiments/results/poly_shared_weight_power_grid/d3/o4/grid30/point_018
[start] point_019 weights=(0.1, 100.0) seconds=30
device=cuda dim=3 order=4 methods=('vanilla', 'sinh') bc_weights=0.1,100 seconds=30.0
[run] vanilla
[done] vanilla steps=147 ms/step=205.25 L2=1.00749
[run] sinh
/root/miniconda3/envs/apolarity/lib/python3.11/site-packages/torch/nn/modules/module.py:1310: UserWarning: Complex modules are a new feature under active development whose design may change, and some modules might not work as expected when using complex tensors as parameters or buffers. Please file an issue at https://github.com/pytorch/pytorch/issues/new?template=bug-report.yml if a complex module does not work as expected.
  warnings.warn(
[done] sinh steps=54 ms/step=570.77 L2=0.664549
[ok] wrote experiments/results/poly_shared_weight_power_grid/d3/o4/grid30/point_019_history.json  (2 traces)

[ok] wrote experiments/results/poly_shared_weight_power_grid/d3/o4/grid30/point_019
[start] point_020 weights=(0.1, 1000.0) seconds=30
device=cuda dim=3 order=4 methods=('vanilla', 'sinh') bc_weights=0.1,1000 seconds=30.0
[run] vanilla
[done] vanilla steps=147 ms/step=204.95 L2=1.00027
[run] sinh
/root/miniconda3/envs/apolarity/lib/python3.11/site-packages/torch/nn/modules/module.py:1310: UserWarning: Complex modules are a new feature under active development whose design may change, and some modules might not work as expected when using complex tensors as parameters or buffers. Please file an issue at https://github.com/pytorch/pytorch/issues/new?template=bug-report.yml if a complex module does not work as expected.
  warnings.warn(
[done] sinh steps=54 ms/step=570.10 L2=0.999216
[ok] wrote experiments/results/poly_shared_weight_power_grid/d3/o4/grid30/point_020_history.json  (2 traces)

[ok] wrote experiments/results/poly_shared_weight_power_grid/d3/o4/grid30/point_020
[start] point_021 weights=(1.0, 0.001) seconds=30
device=cuda dim=3 order=4 methods=('vanilla', 'sinh') bc_weights=1,0.001 seconds=30.0
[run] vanilla
[done] vanilla steps=146 ms/step=206.05 L2=0.997972
[run] sinh
/root/miniconda3/envs/apolarity/lib/python3.11/site-packages/torch/nn/modules/module.py:1310: UserWarning: Complex modules are a new feature under active development whose design may change, and some modules might not work as expected when using complex tensors as parameters or buffers. Please file an issue at https://github.com/pytorch/pytorch/issues/new?template=bug-report.yml if a complex module does not work as expected.
  warnings.warn(
[done] sinh steps=54 ms/step=571.04 L2=0.207324
[ok] wrote experiments/results/poly_shared_weight_power_grid/d3/o4/grid30/point_021_history.json  (2 traces)

[ok] wrote experiments/results/poly_shared_weight_power_grid/d3/o4/grid30/point_021
[start] point_022 weights=(1.0, 0.01) seconds=30
device=cuda dim=3 order=4 methods=('vanilla', 'sinh') bc_weights=1,0.01 seconds=30.0
[run] vanilla
[done] vanilla steps=146 ms/step=206.84 L2=0.997979
[run] sinh
/root/miniconda3/envs/apolarity/lib/python3.11/site-packages/torch/nn/modules/module.py:1310: UserWarning: Complex modules are a new feature under active development whose design may change, and some modules might not work as expected when using complex tensors as parameters or buffers. Please file an issue at https://github.com/pytorch/pytorch/issues/new?template=bug-report.yml if a complex module does not work as expected.
  warnings.warn(
[done] sinh steps=54 ms/step=570.57 L2=0.206784
[ok] wrote experiments/results/poly_shared_weight_power_grid/d3/o4/grid30/point_022_history.json  (2 traces)

[ok] wrote experiments/results/poly_shared_weight_power_grid/d3/o4/grid30/point_022
[start] point_023 weights=(1.0, 0.1) seconds=30
device=cuda dim=3 order=4 methods=('vanilla', 'sinh') bc_weights=1,0.1 seconds=30.0
[run] vanilla
[done] vanilla steps=148 ms/step=203.65 L2=0.997949
[run] sinh
/root/miniconda3/envs/apolarity/lib/python3.11/site-packages/torch/nn/modules/module.py:1310: UserWarning: Complex modules are a new feature under active development whose design may change, and some modules might not work as expected when using complex tensors as parameters or buffers. Please file an issue at https://github.com/pytorch/pytorch/issues/new?template=bug-report.yml if a complex module does not work as expected.
  warnings.warn(
[done] sinh steps=54 ms/step=570.58 L2=0.20304
[ok] wrote experiments/results/poly_shared_weight_power_grid/d3/o4/grid30/point_023_history.json  (2 traces)

[ok] wrote experiments/results/poly_shared_weight_power_grid/d3/o4/grid30/point_023
[start] point_024 weights=(1.0, 1.0) seconds=30
device=cuda dim=3 order=4 methods=('vanilla', 'sinh') bc_weights=1,1 seconds=30.0
[run] vanilla
[done] vanilla steps=146 ms/step=206.60 L2=0.997996
[run] sinh
/root/miniconda3/envs/apolarity/lib/python3.11/site-packages/torch/nn/modules/module.py:1310: UserWarning: Complex modules are a new feature under active development whose design may change, and some modules might not work as expected when using complex tensors as parameters or buffers. Please file an issue at https://github.com/pytorch/pytorch/issues/new?template=bug-report.yml if a complex module does not work as expected.
  warnings.warn(
[done] sinh steps=54 ms/step=570.67 L2=0.195231
[ok] wrote experiments/results/poly_shared_weight_power_grid/d3/o4/grid30/point_024_history.json  (2 traces)

[ok] wrote experiments/results/poly_shared_weight_power_grid/d3/o4/grid30/point_024
[start] point_025 weights=(1.0, 10.0) seconds=30
device=cuda dim=3 order=4 methods=('vanilla', 'sinh') bc_weights=1,10 seconds=30.0
[run] vanilla
[done] vanilla steps=147 ms/step=205.42 L2=0.998165
[run] sinh
/root/miniconda3/envs/apolarity/lib/python3.11/site-packages/torch/nn/modules/module.py:1310: UserWarning: Complex modules are a new feature under active development whose design may change, and some modules might not work as expected when using complex tensors as parameters or buffers. Please file an issue at https://github.com/pytorch/pytorch/issues/new?template=bug-report.yml if a complex module does not work as expected.
  warnings.warn(
[done] sinh steps=54 ms/step=570.23 L2=0.212622
[ok] wrote experiments/results/poly_shared_weight_power_grid/d3/o4/grid30/point_025_history.json  (2 traces)

[ok] wrote experiments/results/poly_shared_weight_power_grid/d3/o4/grid30/point_025
[start] point_026 weights=(1.0, 100.0) seconds=30
device=cuda dim=3 order=4 methods=('vanilla', 'sinh') bc_weights=1,100 seconds=30.0
[run] vanilla
[done] vanilla steps=147 ms/step=205.14 L2=0.998939
[run] sinh
/root/miniconda3/envs/apolarity/lib/python3.11/site-packages/torch/nn/modules/module.py:1310: UserWarning: Complex modules are a new feature under active development whose design may change, and some modules might not work as expected when using complex tensors as parameters or buffers. Please file an issue at https://github.com/pytorch/pytorch/issues/new?template=bug-report.yml if a complex module does not work as expected.
  warnings.warn(
[done] sinh steps=54 ms/step=570.53 L2=0.82445
[ok] wrote experiments/results/poly_shared_weight_power_grid/d3/o4/grid30/point_026_history.json  (2 traces)

[ok] wrote experiments/results/poly_shared_weight_power_grid/d3/o4/grid30/point_026
[start] point_027 weights=(1.0, 1000.0) seconds=30
device=cuda dim=3 order=4 methods=('vanilla', 'sinh') bc_weights=1,1000 seconds=30.0
[run] vanilla
[done] vanilla steps=146 ms/step=205.71 L2=0.99985
[run] sinh
/root/miniconda3/envs/apolarity/lib/python3.11/site-packages/torch/nn/modules/module.py:1310: UserWarning: Complex modules are a new feature under active development whose design may change, and some modules might not work as expected when using complex tensors as parameters or buffers. Please file an issue at https://github.com/pytorch/pytorch/issues/new?template=bug-report.yml if a complex module does not work as expected.
  warnings.warn(
[done] sinh steps=54 ms/step=570.35 L2=0.999028
[ok] wrote experiments/results/poly_shared_weight_power_grid/d3/o4/grid30/point_027_history.json  (2 traces)

[ok] wrote experiments/results/poly_shared_weight_power_grid/d3/o4/grid30/point_027
[start] point_028 weights=(10.0, 0.001) seconds=30
device=cuda dim=3 order=4 methods=('vanilla', 'sinh') bc_weights=10,0.001 seconds=30.0
[run] vanilla
[done] vanilla steps=147 ms/step=205.26 L2=0.99979
[run] sinh
/root/miniconda3/envs/apolarity/lib/python3.11/site-packages/torch/nn/modules/module.py:1310: UserWarning: Complex modules are a new feature under active development whose design may change, and some modules might not work as expected when using complex tensors as parameters or buffers. Please file an issue at https://github.com/pytorch/pytorch/issues/new?template=bug-report.yml if a complex module does not work as expected.
  warnings.warn(
[done] sinh steps=54 ms/step=569.49 L2=0.988921
[ok] wrote experiments/results/poly_shared_weight_power_grid/d3/o4/grid30/point_028_history.json  (2 traces)

[ok] wrote experiments/results/poly_shared_weight_power_grid/d3/o4/grid30/point_028
[start] point_029 weights=(10.0, 0.01) seconds=30
device=cuda dim=3 order=4 methods=('vanilla', 'sinh') bc_weights=10,0.01 seconds=30.0
[run] vanilla
[done] vanilla steps=147 ms/step=204.97 L2=0.999791
[run] sinh
/root/miniconda3/envs/apolarity/lib/python3.11/site-packages/torch/nn/modules/module.py:1310: UserWarning: Complex modules are a new feature under active development whose design may change, and some modules might not work as expected when using complex tensors as parameters or buffers. Please file an issue at https://github.com/pytorch/pytorch/issues/new?template=bug-report.yml if a complex module does not work as expected.
  warnings.warn(
[done] sinh steps=54 ms/step=569.48 L2=0.988921
[ok] wrote experiments/results/poly_shared_weight_power_grid/d3/o4/grid30/point_029_history.json  (2 traces)

[ok] wrote experiments/results/poly_shared_weight_power_grid/d3/o4/grid30/point_029
[start] point_030 weights=(10.0, 0.1) seconds=30
device=cuda dim=3 order=4 methods=('vanilla', 'sinh') bc_weights=10,0.1 seconds=30.0
[run] vanilla
[done] vanilla steps=146 ms/step=205.86 L2=0.99979
[run] sinh
/root/miniconda3/envs/apolarity/lib/python3.11/site-packages/torch/nn/modules/module.py:1310: UserWarning: Complex modules are a new feature under active development whose design may change, and some modules might not work as expected when using complex tensors as parameters or buffers. Please file an issue at https://github.com/pytorch/pytorch/issues/new?template=bug-report.yml if a complex module does not work as expected.
  warnings.warn(
[done] sinh steps=54 ms/step=571.21 L2=0.988996
[ok] wrote experiments/results/poly_shared_weight_power_grid/d3/o4/grid30/point_030_history.json  (2 traces)

[ok] wrote experiments/results/poly_shared_weight_power_grid/d3/o4/grid30/point_030
[start] point_031 weights=(10.0, 1.0) seconds=30
device=cuda dim=3 order=4 methods=('vanilla', 'sinh') bc_weights=10,1 seconds=30.0
[run] vanilla
[done] vanilla steps=147 ms/step=205.13 L2=0.999791
[run] sinh
/root/miniconda3/envs/apolarity/lib/python3.11/site-packages/torch/nn/modules/module.py:1310: UserWarning: Complex modules are a new feature under active development whose design may change, and some modules might not work as expected when using complex tensors as parameters or buffers. Please file an issue at https://github.com/pytorch/pytorch/issues/new?template=bug-report.yml if a complex module does not work as expected.
  warnings.warn(
[done] sinh steps=54 ms/step=569.64 L2=0.989093
[ok] wrote experiments/results/poly_shared_weight_power_grid/d3/o4/grid30/point_031_history.json  (2 traces)

[ok] wrote experiments/results/poly_shared_weight_power_grid/d3/o4/grid30/point_031
[start] point_032 weights=(10.0, 10.0) seconds=30
device=cuda dim=3 order=4 methods=('vanilla', 'sinh') bc_weights=10,10 seconds=30.0
[run] vanilla
[done] vanilla steps=146 ms/step=206.74 L2=0.999796
[run] sinh
/root/miniconda3/envs/apolarity/lib/python3.11/site-packages/torch/nn/modules/module.py:1310: UserWarning: Complex modules are a new feature under active development whose design may change, and some modules might not work as expected when using complex tensors as parameters or buffers. Please file an issue at https://github.com/pytorch/pytorch/issues/new?template=bug-report.yml if a complex module does not work as expected.
  warnings.warn(
[done] sinh steps=54 ms/step=571.31 L2=0.990367
[ok] wrote experiments/results/poly_shared_weight_power_grid/d3/o4/grid30/point_032_history.json  (2 traces)

[ok] wrote experiments/results/poly_shared_weight_power_grid/d3/o4/grid30/point_032
[start] point_033 weights=(10.0, 100.0) seconds=30
device=cuda dim=3 order=4 methods=('vanilla', 'sinh') bc_weights=10,100 seconds=30.0
[run] vanilla
[done] vanilla steps=146 ms/step=205.79 L2=0.999849
[run] sinh
/root/miniconda3/envs/apolarity/lib/python3.11/site-packages/torch/nn/modules/module.py:1310: UserWarning: Complex modules are a new feature under active development whose design may change, and some modules might not work as expected when using complex tensors as parameters or buffers. Please file an issue at https://github.com/pytorch/pytorch/issues/new?template=bug-report.yml if a complex module does not work as expected.
  warnings.warn(
[done] sinh steps=54 ms/step=569.87 L2=0.995137
[ok] wrote experiments/results/poly_shared_weight_power_grid/d3/o4/grid30/point_033_history.json  (2 traces)

[ok] wrote experiments/results/poly_shared_weight_power_grid/d3/o4/grid30/point_033
[start] point_034 weights=(10.0, 1000.0) seconds=30
device=cuda dim=3 order=4 methods=('vanilla', 'sinh') bc_weights=10,1000 seconds=30.0
[run] vanilla
[done] vanilla steps=147 ms/step=205.33 L2=0.999995
[run] sinh
/root/miniconda3/envs/apolarity/lib/python3.11/site-packages/torch/nn/modules/module.py:1310: UserWarning: Complex modules are a new feature under active development whose design may change, and some modules might not work as expected when using complex tensors as parameters or buffers. Please file an issue at https://github.com/pytorch/pytorch/issues/new?template=bug-report.yml if a complex module does not work as expected.
  warnings.warn(
[done] sinh steps=54 ms/step=569.73 L2=0.999275
[ok] wrote experiments/results/poly_shared_weight_power_grid/d3/o4/grid30/point_034_history.json  (2 traces)

[ok] wrote experiments/results/poly_shared_weight_power_grid/d3/o4/grid30/point_034
[start] point_035 weights=(100.0, 0.001) seconds=30
device=cuda dim=3 order=4 methods=('vanilla', 'sinh') bc_weights=100,0.001 seconds=30.0
[run] vanilla
[done] vanilla steps=147 ms/step=204.30 L2=0.999934
[run] sinh
/root/miniconda3/envs/apolarity/lib/python3.11/site-packages/torch/nn/modules/module.py:1310: UserWarning: Complex modules are a new feature under active development whose design may change, and some modules might not work as expected when using complex tensors as parameters or buffers. Please file an issue at https://github.com/pytorch/pytorch/issues/new?template=bug-report.yml if a complex module does not work as expected.
  warnings.warn(
[done] sinh steps=54 ms/step=569.19 L2=1.00028
[ok] wrote experiments/results/poly_shared_weight_power_grid/d3/o4/grid30/point_035_history.json  (2 traces)

[ok] wrote experiments/results/poly_shared_weight_power_grid/d3/o4/grid30/point_035
[start] point_036 weights=(100.0, 0.01) seconds=30
device=cuda dim=3 order=4 methods=('vanilla', 'sinh') bc_weights=100,0.01 seconds=30.0
[run] vanilla
[done] vanilla steps=148 ms/step=204.16 L2=0.999935
[run] sinh
/root/miniconda3/envs/apolarity/lib/python3.11/site-packages/torch/nn/modules/module.py:1310: UserWarning: Complex modules are a new feature under active development whose design may change, and some modules might not work as expected when using complex tensors as parameters or buffers. Please file an issue at https://github.com/pytorch/pytorch/issues/new?template=bug-report.yml if a complex module does not work as expected.
  warnings.warn(
[done] sinh steps=54 ms/step=569.00 L2=1.00028
[ok] wrote experiments/results/poly_shared_weight_power_grid/d3/o4/grid30/point_036_history.json  (2 traces)

[ok] wrote experiments/results/poly_shared_weight_power_grid/d3/o4/grid30/point_036
[start] point_037 weights=(100.0, 0.1) seconds=30
device=cuda dim=3 order=4 methods=('vanilla', 'sinh') bc_weights=100,0.1 seconds=30.0
[run] vanilla
[done] vanilla steps=146 ms/step=205.92 L2=0.999932
[run] sinh
/root/miniconda3/envs/apolarity/lib/python3.11/site-packages/torch/nn/modules/module.py:1310: UserWarning: Complex modules are a new feature under active development whose design may change, and some modules might not work as expected when using complex tensors as parameters or buffers. Please file an issue at https://github.com/pytorch/pytorch/issues/new?template=bug-report.yml if a complex module does not work as expected.
  warnings.warn(
[done] sinh steps=54 ms/step=570.54 L2=1.00028
[ok] wrote experiments/results/poly_shared_weight_power_grid/d3/o4/grid30/point_037_history.json  (2 traces)

[ok] wrote experiments/results/poly_shared_weight_power_grid/d3/o4/grid30/point_037
[start] point_038 weights=(100.0, 1.0) seconds=30
device=cuda dim=3 order=4 methods=('vanilla', 'sinh') bc_weights=100,1 seconds=30.0
[run] vanilla
[done] vanilla steps=145 ms/step=207.23 L2=0.99993
[run] sinh
/root/miniconda3/envs/apolarity/lib/python3.11/site-packages/torch/nn/modules/module.py:1310: UserWarning: Complex modules are a new feature under active development whose design may change, and some modules might not work as expected when using complex tensors as parameters or buffers. Please file an issue at https://github.com/pytorch/pytorch/issues/new?template=bug-report.yml if a complex module does not work as expected.
  warnings.warn(
[done] sinh steps=54 ms/step=571.58 L2=1.00029
[ok] wrote experiments/results/poly_shared_weight_power_grid/d3/o4/grid30/point_038_history.json  (2 traces)

[ok] wrote experiments/results/poly_shared_weight_power_grid/d3/o4/grid30/point_038
[start] point_039 weights=(100.0, 10.0) seconds=30
device=cuda dim=3 order=4 methods=('vanilla', 'sinh') bc_weights=100,10 seconds=30.0
[run] vanilla
[done] vanilla steps=147 ms/step=205.21 L2=0.999934
[run] sinh
/root/miniconda3/envs/apolarity/lib/python3.11/site-packages/torch/nn/modules/module.py:1310: UserWarning: Complex modules are a new feature under active development whose design may change, and some modules might not work as expected when using complex tensors as parameters or buffers. Please file an issue at https://github.com/pytorch/pytorch/issues/new?template=bug-report.yml if a complex module does not work as expected.
  warnings.warn(
[done] sinh steps=54 ms/step=569.75 L2=1.00025
[ok] wrote experiments/results/poly_shared_weight_power_grid/d3/o4/grid30/point_039_history.json  (2 traces)

[ok] wrote experiments/results/poly_shared_weight_power_grid/d3/o4/grid30/point_039
[start] point_040 weights=(100.0, 100.0) seconds=30
device=cuda dim=3 order=4 methods=('vanilla', 'sinh') bc_weights=100,100 seconds=30.0
[run] vanilla
[done] vanilla steps=147 ms/step=205.57 L2=0.999939
[run] sinh
/root/miniconda3/envs/apolarity/lib/python3.11/site-packages/torch/nn/modules/module.py:1310: UserWarning: Complex modules are a new feature under active development whose design may change, and some modules might not work as expected when using complex tensors as parameters or buffers. Please file an issue at https://github.com/pytorch/pytorch/issues/new?template=bug-report.yml if a complex module does not work as expected.
  warnings.warn(
[done] sinh steps=54 ms/step=570.20 L2=1.00011
[ok] wrote experiments/results/poly_shared_weight_power_grid/d3/o4/grid30/point_040_history.json  (2 traces)

[ok] wrote experiments/results/poly_shared_weight_power_grid/d3/o4/grid30/point_040
[start] point_041 weights=(100.0, 1000.0) seconds=30
device=cuda dim=3 order=4 methods=('vanilla', 'sinh') bc_weights=100,1000 seconds=30.0
[run] vanilla
[done] vanilla steps=147 ms/step=204.28 L2=0.999987
[run] sinh
/root/miniconda3/envs/apolarity/lib/python3.11/site-packages/torch/nn/modules/module.py:1310: UserWarning: Complex modules are a new feature under active development whose design may change, and some modules might not work as expected when using complex tensors as parameters or buffers. Please file an issue at https://github.com/pytorch/pytorch/issues/new?template=bug-report.yml if a complex module does not work as expected.
  warnings.warn(
[done] sinh steps=54 ms/step=569.00 L2=0.999843
[ok] wrote experiments/results/poly_shared_weight_power_grid/d3/o4/grid30/point_041_history.json  (2 traces)

[ok] wrote experiments/results/poly_shared_weight_power_grid/d3/o4/grid30/point_041
[start] point_042 weights=(1000.0, 0.001) seconds=30
device=cuda dim=3 order=4 methods=('vanilla', 'sinh') bc_weights=1000,0.001 seconds=30.0
[run] vanilla
[done] vanilla steps=148 ms/step=203.64 L2=0.99995
[run] sinh
/root/miniconda3/envs/apolarity/lib/python3.11/site-packages/torch/nn/modules/module.py:1310: UserWarning: Complex modules are a new feature under active development whose design may change, and some modules might not work as expected when using complex tensors as parameters or buffers. Please file an issue at https://github.com/pytorch/pytorch/issues/new?template=bug-report.yml if a complex module does not work as expected.
  warnings.warn(
[done] sinh steps=54 ms/step=569.54 L2=1.00116
[ok] wrote experiments/results/poly_shared_weight_power_grid/d3/o4/grid30/point_042_history.json  (2 traces)

[ok] wrote experiments/results/poly_shared_weight_power_grid/d3/o4/grid30/point_042
[start] point_043 weights=(1000.0, 0.01) seconds=30
device=cuda dim=3 order=4 methods=('vanilla', 'sinh') bc_weights=1000,0.01 seconds=30.0
[run] vanilla
[done] vanilla steps=147 ms/step=205.39 L2=0.999948
[run] sinh
/root/miniconda3/envs/apolarity/lib/python3.11/site-packages/torch/nn/modules/module.py:1310: UserWarning: Complex modules are a new feature under active development whose design may change, and some modules might not work as expected when using complex tensors as parameters or buffers. Please file an issue at https://github.com/pytorch/pytorch/issues/new?template=bug-report.yml if a complex module does not work as expected.
  warnings.warn(
[done] sinh steps=54 ms/step=570.36 L2=1.00117
[ok] wrote experiments/results/poly_shared_weight_power_grid/d3/o4/grid30/point_043_history.json  (2 traces)

[ok] wrote experiments/results/poly_shared_weight_power_grid/d3/o4/grid30/point_043
[start] point_044 weights=(1000.0, 0.1) seconds=30
device=cuda dim=3 order=4 methods=('vanilla', 'sinh') bc_weights=1000,0.1 seconds=30.0
[run] vanilla
[done] vanilla steps=146 ms/step=205.68 L2=0.999947
[run] sinh
/root/miniconda3/envs/apolarity/lib/python3.11/site-packages/torch/nn/modules/module.py:1310: UserWarning: Complex modules are a new feature under active development whose design may change, and some modules might not work as expected when using complex tensors as parameters or buffers. Please file an issue at https://github.com/pytorch/pytorch/issues/new?template=bug-report.yml if a complex module does not work as expected.
  warnings.warn(
[done] sinh steps=54 ms/step=570.50 L2=1.00117
[ok] wrote experiments/results/poly_shared_weight_power_grid/d3/o4/grid30/point_044_history.json  (2 traces)

[ok] wrote experiments/results/poly_shared_weight_power_grid/d3/o4/grid30/point_044
[start] point_045 weights=(1000.0, 1.0) seconds=30
device=cuda dim=3 order=4 methods=('vanilla', 'sinh') bc_weights=1000,1 seconds=30.0
[run] vanilla
[done] vanilla steps=147 ms/step=205.65 L2=0.999947
[run] sinh
/root/miniconda3/envs/apolarity/lib/python3.11/site-packages/torch/nn/modules/module.py:1310: UserWarning: Complex modules are a new feature under active development whose design may change, and some modules might not work as expected when using complex tensors as parameters or buffers. Please file an issue at https://github.com/pytorch/pytorch/issues/new?template=bug-report.yml if a complex module does not work as expected.
  warnings.warn(
[done] sinh steps=54 ms/step=569.84 L2=1.00116
[ok] wrote experiments/results/poly_shared_weight_power_grid/d3/o4/grid30/point_045_history.json  (2 traces)

[ok] wrote experiments/results/poly_shared_weight_power_grid/d3/o4/grid30/point_045
[start] point_046 weights=(1000.0, 10.0) seconds=30
device=cuda dim=3 order=4 methods=('vanilla', 'sinh') bc_weights=1000,10 seconds=30.0
[run] vanilla
[done] vanilla steps=147 ms/step=204.76 L2=0.999949
[run] sinh
/root/miniconda3/envs/apolarity/lib/python3.11/site-packages/torch/nn/modules/module.py:1310: UserWarning: Complex modules are a new feature under active development whose design may change, and some modules might not work as expected when using complex tensors as parameters or buffers. Please file an issue at https://github.com/pytorch/pytorch/issues/new?template=bug-report.yml if a complex module does not work as expected.
  warnings.warn(
[done] sinh steps=54 ms/step=570.10 L2=1.00116
[ok] wrote experiments/results/poly_shared_weight_power_grid/d3/o4/grid30/point_046_history.json  (2 traces)

[ok] wrote experiments/results/poly_shared_weight_power_grid/d3/o4/grid30/point_046
[start] point_047 weights=(1000.0, 100.0) seconds=30
device=cuda dim=3 order=4 methods=('vanilla', 'sinh') bc_weights=1000,100 seconds=30.0
[run] vanilla
[done] vanilla steps=146 ms/step=206.10 L2=0.999947
[run] sinh
/root/miniconda3/envs/apolarity/lib/python3.11/site-packages/torch/nn/modules/module.py:1310: UserWarning: Complex modules are a new feature under active development whose design may change, and some modules might not work as expected when using complex tensors as parameters or buffers. Please file an issue at https://github.com/pytorch/pytorch/issues/new?template=bug-report.yml if a complex module does not work as expected.
  warnings.warn(
[done] sinh steps=54 ms/step=569.92 L2=1.00113
[ok] wrote experiments/results/poly_shared_weight_power_grid/d3/o4/grid30/point_047_history.json  (2 traces)

[ok] wrote experiments/results/poly_shared_weight_power_grid/d3/o4/grid30/point_047
[start] point_048 weights=(1000.0, 1000.0) seconds=30
device=cuda dim=3 order=4 methods=('vanilla', 'sinh') bc_weights=1000,1000 seconds=30.0
[run] vanilla
[done] vanilla steps=147 ms/step=205.41 L2=0.999953
[run] sinh
/root/miniconda3/envs/apolarity/lib/python3.11/site-packages/torch/nn/modules/module.py:1310: UserWarning: Complex modules are a new feature under active development whose design may change, and some modules might not work as expected when using complex tensors as parameters or buffers. Please file an issue at https://github.com/pytorch/pytorch/issues/new?template=bug-report.yml if a complex module does not work as expected.
  warnings.warn(
[done] sinh steps=54 ms/step=569.92 L2=1.00089
[ok] wrote experiments/results/poly_shared_weight_power_grid/d3/o4/grid30/point_048_history.json  (2 traces)

[ok] wrote experiments/results/poly_shared_weight_power_grid/d3/o4/grid30/point_048
[run] /root/miniconda3/envs/apolarity/bin/python /root/apolarity/scripts/run_poly_shared_weights.py --dim 3 --order 4 --method both --bc-weights 0.1,1 --seconds 1200.0 --seed 0 --eval-seed 12345 --out experiments/results/poly_power_grid_full20m/d3/o4
device=cuda dim=3 order=4 methods=('vanilla', 'sinh') bc_weights=0.1,1 seconds=1200.0
[run] vanilla
[done] vanilla steps=5826 ms/step=206.01 L2=0.0237986
[run] sinh
/root/miniconda3/envs/apolarity/lib/python3.11/site-packages/torch/nn/modules/module.py:1310: UserWarning: Complex modules are a new feature under active development whose design may change, and some modules might not work as expected when using complex tensors as parameters or buffers. Please file an issue at https://github.com/pytorch/pytorch/issues/new?template=bug-report.yml if a complex module does not work as expected.
  warnings.warn(
[done] sinh steps=2117 ms/step=567.06 L2=0.0118305
[ok] wrote experiments/results/poly_power_grid_full20m/d3/o4_history.json  (2 traces)

[ok] wrote experiments/results/poly_power_grid_full20m/d3/o4
[run] /root/miniconda3/envs/apolarity/bin/python /root/apolarity/scripts/run_poly_weight_grid.py --dim 3 --order 6 --seconds 30.0 --grid 0.001,0.01,0.1,1,10,100,1000 --seed 0 --eval-seed 54321 --out-dir experiments/results/poly_shared_weight_power_grid/d3/o6 --resume
[start] point_000 weights=(0.001, 0.001, 0.001) seconds=30
device=cuda dim=3 order=6 methods=('vanilla', 'sinh') bc_weights=0.001,0.001,0.001 seconds=30.0
[run] vanilla
[done] vanilla steps=14 ms/step=2190.95 L2=0.945891
[run] sinh
/root/miniconda3/envs/apolarity/lib/python3.11/site-packages/torch/nn/modules/module.py:1310: UserWarning: Complex modules are a new feature under active development whose design may change, and some modules might not work as expected when using complex tensors as parameters or buffers. Please file an issue at https://github.com/pytorch/pytorch/issues/new?template=bug-report.yml if a complex module does not work as expected.
  warnings.warn(
[done] sinh steps=11 ms/step=2892.05 L2=1.81152
[ok] wrote experiments/results/poly_shared_weight_power_grid/d3/o6/grid30/point_000_history.json  (2 traces)

[ok] wrote experiments/results/poly_shared_weight_power_grid/d3/o6/grid30/point_000
[start] point_001 weights=(0.001, 0.001, 0.01) seconds=30
device=cuda dim=3 order=6 methods=('vanilla', 'sinh') bc_weights=0.001,0.001,0.01 seconds=30.0
[run] vanilla
[done] vanilla steps=14 ms/step=2165.94 L2=0.946604
[run] sinh
/root/miniconda3/envs/apolarity/lib/python3.11/site-packages/torch/nn/modules/module.py:1310: UserWarning: Complex modules are a new feature under active development whose design may change, and some modules might not work as expected when using complex tensors as parameters or buffers. Please file an issue at https://github.com/pytorch/pytorch/issues/new?template=bug-report.yml if a complex module does not work as expected.
  warnings.warn(
[done] sinh steps=11 ms/step=2890.14 L2=1.80818
[ok] wrote experiments/results/poly_shared_weight_power_grid/d3/o6/grid30/point_001_history.json  (2 traces)

[ok] wrote experiments/results/poly_shared_weight_power_grid/d3/o6/grid30/point_001
[start] point_002 weights=(0.001, 0.001, 0.1) seconds=30
device=cuda dim=3 order=6 methods=('vanilla', 'sinh') bc_weights=0.001,0.001,0.1 seconds=30.0
[run] vanilla
[done] vanilla steps=14 ms/step=2159.90 L2=0.946644
[run] sinh
/root/miniconda3/envs/apolarity/lib/python3.11/site-packages/torch/nn/modules/module.py:1310: UserWarning: Complex modules are a new feature under active development whose design may change, and some modules might not work as expected when using complex tensors as parameters or buffers. Please file an issue at https://github.com/pytorch/pytorch/issues/new?template=bug-report.yml if a complex module does not work as expected.
  warnings.warn(
[done] sinh steps=11 ms/step=2889.78 L2=1.78152
[ok] wrote experiments/results/poly_shared_weight_power_grid/d3/o6/grid30/point_002_history.json  (2 traces)

[ok] wrote experiments/results/poly_shared_weight_power_grid/d3/o6/grid30/point_002
[start] point_003 weights=(0.001, 0.001, 1.0) seconds=30
device=cuda dim=3 order=6 methods=('vanilla', 'sinh') bc_weights=0.001,0.001,1 seconds=30.0
[run] vanilla
[done] vanilla steps=14 ms/step=2191.85 L2=0.943994
[run] sinh
/root/miniconda3/envs/apolarity/lib/python3.11/site-packages/torch/nn/modules/module.py:1310: UserWarning: Complex modules are a new feature under active development whose design may change, and some modules might not work as expected when using complex tensors as parameters or buffers. Please file an issue at https://github.com/pytorch/pytorch/issues/new?template=bug-report.yml if a complex module does not work as expected.
  warnings.warn(
[done] sinh steps=11 ms/step=2891.74 L2=1.58439
[ok] wrote experiments/results/poly_shared_weight_power_grid/d3/o6/grid30/point_003_history.json  (2 traces)

[ok] wrote experiments/results/poly_shared_weight_power_grid/d3/o6/grid30/point_003
[start] point_004 weights=(0.001, 0.001, 10.0) seconds=30
device=cuda dim=3 order=6 methods=('vanilla', 'sinh') bc_weights=0.001,0.001,10 seconds=30.0
[run] vanilla
[done] vanilla steps=14 ms/step=2194.87 L2=0.929706
[run] sinh
/root/miniconda3/envs/apolarity/lib/python3.11/site-packages/torch/nn/modules/module.py:1310: UserWarning: Complex modules are a new feature under active development whose design may change, and some modules might not work as expected when using complex tensors as parameters or buffers. Please file an issue at https://github.com/pytorch/pytorch/issues/new?template=bug-report.yml if a complex module does not work as expected.
  warnings.warn(
[done] sinh steps=11 ms/step=2891.23 L2=1.56104
[ok] wrote experiments/results/poly_shared_weight_power_grid/d3/o6/grid30/point_004_history.json  (2 traces)

[ok] wrote experiments/results/poly_shared_weight_power_grid/d3/o6/grid30/point_004
[start] point_005 weights=(0.001, 0.001, 100.0) seconds=30
device=cuda dim=3 order=6 methods=('vanilla', 'sinh') bc_weights=0.001,0.001,100 seconds=30.0
[run] vanilla
[done] vanilla steps=14 ms/step=2167.93 L2=0.983959
[run] sinh
/root/miniconda3/envs/apolarity/lib/python3.11/site-packages/torch/nn/modules/module.py:1310: UserWarning: Complex modules are a new feature under active development whose design may change, and some modules might not work as expected when using complex tensors as parameters or buffers. Please file an issue at https://github.com/pytorch/pytorch/issues/new?template=bug-report.yml if a complex module does not work as expected.
  warnings.warn(
[done] sinh steps=11 ms/step=2889.69 L2=1.31495
[ok] wrote experiments/results/poly_shared_weight_power_grid/d3/o6/grid30/point_005_history.json  (2 traces)

[ok] wrote experiments/results/poly_shared_weight_power_grid/d3/o6/grid30/point_005
[start] point_006 weights=(0.001, 0.001, 1000.0) seconds=30
device=cuda dim=3 order=6 methods=('vanilla', 'sinh') bc_weights=0.001,0.001,1000 seconds=30.0
[run] vanilla
[done] vanilla steps=14 ms/step=2191.88 L2=1.01141
[run] sinh
/root/miniconda3/envs/apolarity/lib/python3.11/site-packages/torch/nn/modules/module.py:1310: UserWarning: Complex modules are a new feature under active development whose design may change, and some modules might not work as expected when using complex tensors as parameters or buffers. Please file an issue at https://github.com/pytorch/pytorch/issues/new?template=bug-report.yml if a complex module does not work as expected.
  warnings.warn(
[done] sinh steps=11 ms/step=2892.56 L2=1.02403
[ok] wrote experiments/results/poly_shared_weight_power_grid/d3/o6/grid30/point_006_history.json  (2 traces)

[ok] wrote experiments/results/poly_shared_weight_power_grid/d3/o6/grid30/point_006
[start] point_007 weights=(0.001, 0.01, 0.001) seconds=30
device=cuda dim=3 order=6 methods=('vanilla', 'sinh') bc_weights=0.001,0.01,0.001 seconds=30.0
[run] vanilla
[done] vanilla steps=14 ms/step=2166.78 L2=0.945774
[run] sinh
/root/miniconda3/envs/apolarity/lib/python3.11/site-packages/torch/nn/modules/module.py:1310: UserWarning: Complex modules are a new feature under active development whose design may change, and some modules might not work as expected when using complex tensors as parameters or buffers. Please file an issue at https://github.com/pytorch/pytorch/issues/new?template=bug-report.yml if a complex module does not work as expected.
  warnings.warn(
[done] sinh steps=11 ms/step=2890.32 L2=1.7371
[ok] wrote experiments/results/poly_shared_weight_power_grid/d3/o6/grid30/point_007_history.json  (2 traces)

[ok] wrote experiments/results/poly_shared_weight_power_grid/d3/o6/grid30/point_007
[start] point_008 weights=(0.001, 0.01, 0.01) seconds=30
device=cuda dim=3 order=6 methods=('vanilla', 'sinh') bc_weights=0.001,0.01,0.01 seconds=30.0
[run] vanilla
[done] vanilla steps=14 ms/step=2183.48 L2=0.945193
[run] sinh
/root/miniconda3/envs/apolarity/lib/python3.11/site-packages/torch/nn/modules/module.py:1310: UserWarning: Complex modules are a new feature under active development whose design may change, and some modules might not work as expected when using complex tensors as parameters or buffers. Please file an issue at https://github.com/pytorch/pytorch/issues/new?template=bug-report.yml if a complex module does not work as expected.
  warnings.warn(
[done] sinh steps=11 ms/step=2891.42 L2=1.73483
[ok] wrote experiments/results/poly_shared_weight_power_grid/d3/o6/grid30/point_008_history.json  (2 traces)

[ok] wrote experiments/results/poly_shared_weight_power_grid/d3/o6/grid30/point_008
[start] point_009 weights=(0.001, 0.01, 0.1) seconds=30
device=cuda dim=3 order=6 methods=('vanilla', 'sinh') bc_weights=0.001,0.01,0.1 seconds=30.0
[run] vanilla
[done] vanilla steps=14 ms/step=2166.19 L2=0.945529
[run] sinh
/root/miniconda3/envs/apolarity/lib/python3.11/site-packages/torch/nn/modules/module.py:1310: UserWarning: Complex modules are a new feature under active development whose design may change, and some modules might not work as expected when using complex tensors as parameters or buffers. Please file an issue at https://github.com/pytorch/pytorch/issues/new?template=bug-report.yml if a complex module does not work as expected.
  warnings.warn(
[done] sinh steps=11 ms/step=2892.52 L2=1.71027
[ok] wrote experiments/results/poly_shared_weight_power_grid/d3/o6/grid30/point_009_history.json  (2 traces)

[ok] wrote experiments/results/poly_shared_weight_power_grid/d3/o6/grid30/point_009
[start] point_010 weights=(0.001, 0.01, 1.0) seconds=30
device=cuda dim=3 order=6 methods=('vanilla', 'sinh') bc_weights=0.001,0.01,1 seconds=30.0
[run] vanilla
[done] vanilla steps=14 ms/step=2167.43 L2=0.943785
[run] sinh
/root/miniconda3/envs/apolarity/lib/python3.11/site-packages/torch/nn/modules/module.py:1310: UserWarning: Complex modules are a new feature under active development whose design may change, and some modules might not work as expected when using complex tensors as parameters or buffers. Please file an issue at https://github.com/pytorch/pytorch/issues/new?template=bug-report.yml if a complex module does not work as expected.
  warnings.warn(
[done] sinh steps=11 ms/step=2890.57 L2=1.52763
[ok] wrote experiments/results/poly_shared_weight_power_grid/d3/o6/grid30/point_010_history.json  (2 traces)

[ok] wrote experiments/results/poly_shared_weight_power_grid/d3/o6/grid30/point_010
[start] point_011 weights=(0.001, 0.01, 10.0) seconds=30
device=cuda dim=3 order=6 methods=('vanilla', 'sinh') bc_weights=0.001,0.01,10 seconds=30.0
[run] vanilla
[done] vanilla steps=14 ms/step=2214.18 L2=0.929247
[run] sinh
/root/miniconda3/envs/apolarity/lib/python3.11/site-packages/torch/nn/modules/module.py:1310: UserWarning: Complex modules are a new feature under active development whose design may change, and some modules might not work as expected when using complex tensors as parameters or buffers. Please file an issue at https://github.com/pytorch/pytorch/issues/new?template=bug-report.yml if a complex module does not work as expected.
  warnings.warn(
[done] sinh steps=11 ms/step=2892.96 L2=1.53699
[ok] wrote experiments/results/poly_shared_weight_power_grid/d3/o6/grid30/point_011_history.json  (2 traces)

[ok] wrote experiments/results/poly_shared_weight_power_grid/d3/o6/grid30/point_011
[start] point_012 weights=(0.001, 0.01, 100.0) seconds=30
device=cuda dim=3 order=6 methods=('vanilla', 'sinh') bc_weights=0.001,0.01,100 seconds=30.0
[run] vanilla
[done] vanilla steps=14 ms/step=2196.40 L2=0.983285
[run] sinh
/root/miniconda3/envs/apolarity/lib/python3.11/site-packages/torch/nn/modules/module.py:1310: UserWarning: Complex modules are a new feature under active development whose design may change, and some modules might not work as expected when using complex tensors as parameters or buffers. Please file an issue at https://github.com/pytorch/pytorch/issues/new?template=bug-report.yml if a complex module does not work as expected.
  warnings.warn(
[done] sinh steps=11 ms/step=2893.57 L2=1.30131
[ok] wrote experiments/results/poly_shared_weight_power_grid/d3/o6/grid30/point_012_history.json  (2 traces)

[ok] wrote experiments/results/poly_shared_weight_power_grid/d3/o6/grid30/point_012
[start] point_013 weights=(0.001, 0.01, 1000.0) seconds=30
device=cuda dim=3 order=6 methods=('vanilla', 'sinh') bc_weights=0.001,0.01,1000 seconds=30.0
[run] vanilla
[done] vanilla steps=14 ms/step=2191.46 L2=1.01139
[run] sinh
/root/miniconda3/envs/apolarity/lib/python3.11/site-packages/torch/nn/modules/module.py:1310: UserWarning: Complex modules are a new feature under active development whose design may change, and some modules might not work as expected when using complex tensors as parameters or buffers. Please file an issue at https://github.com/pytorch/pytorch/issues/new?template=bug-report.yml if a complex module does not work as expected.
  warnings.warn(
[done] sinh steps=11 ms/step=2891.98 L2=1.02403
[ok] wrote experiments/results/poly_shared_weight_power_grid/d3/o6/grid30/point_013_history.json  (2 traces)

[ok] wrote experiments/results/poly_shared_weight_power_grid/d3/o6/grid30/point_013
[start] point_014 weights=(0.001, 0.1, 0.001) seconds=30
device=cuda dim=3 order=6 methods=('vanilla', 'sinh') bc_weights=0.001,0.1,0.001 seconds=30.0
[run] vanilla
[done] vanilla steps=14 ms/step=2199.09 L2=0.937052
[run] sinh
/root/miniconda3/envs/apolarity/lib/python3.11/site-packages/torch/nn/modules/module.py:1310: UserWarning: Complex modules are a new feature under active development whose design may change, and some modules might not work as expected when using complex tensors as parameters or buffers. Please file an issue at https://github.com/pytorch/pytorch/issues/new?template=bug-report.yml if a complex module does not work as expected.
  warnings.warn(
[done] sinh steps=11 ms/step=2893.86 L2=1.22523
[ok] wrote experiments/results/poly_shared_weight_power_grid/d3/o6/grid30/point_014_history.json  (2 traces)

[ok] wrote experiments/results/poly_shared_weight_power_grid/d3/o6/grid30/point_014
[start] point_015 weights=(0.001, 0.1, 0.01) seconds=30
device=cuda dim=3 order=6 methods=('vanilla', 'sinh') bc_weights=0.001,0.1,0.01 seconds=30.0
[run] vanilla
[done] vanilla steps=14 ms/step=2189.61 L2=0.937146
[run] sinh
/root/miniconda3/envs/apolarity/lib/python3.11/site-packages/torch/nn/modules/module.py:1310: UserWarning: Complex modules are a new feature under active development whose design may change, and some modules might not work as expected when using complex tensors as parameters or buffers. Please file an issue at https://github.com/pytorch/pytorch/issues/new?template=bug-report.yml if a complex module does not work as expected.
  warnings.warn(
[done] sinh steps=11 ms/step=2891.96 L2=1.22326
[ok] wrote experiments/results/poly_shared_weight_power_grid/d3/o6/grid30/point_015_history.json  (2 traces)

[ok] wrote experiments/results/poly_shared_weight_power_grid/d3/o6/grid30/point_015
[start] point_016 weights=(0.001, 0.1, 0.1) seconds=30
device=cuda dim=3 order=6 methods=('vanilla', 'sinh') bc_weights=0.001,0.1,0.1 seconds=30.0
[run] vanilla
[done] vanilla steps=14 ms/step=2193.38 L2=0.936961
[run] sinh
/root/miniconda3/envs/apolarity/lib/python3.11/site-packages/torch/nn/modules/module.py:1310: UserWarning: Complex modules are a new feature under active development whose design may change, and some modules might not work as expected when using complex tensors as parameters or buffers. Please file an issue at https://github.com/pytorch/pytorch/issues/new?template=bug-report.yml if a complex module does not work as expected.
  warnings.warn(
[done] sinh steps=11 ms/step=2891.86 L2=1.21195
[ok] wrote experiments/results/poly_shared_weight_power_grid/d3/o6/grid30/point_016_history.json  (2 traces)

[ok] wrote experiments/results/poly_shared_weight_power_grid/d3/o6/grid30/point_016
[start] point_017 weights=(0.001, 0.1, 1.0) seconds=30
device=cuda dim=3 order=6 methods=('vanilla', 'sinh') bc_weights=0.001,0.1,1 seconds=30.0
[run] vanilla
[done] vanilla steps=14 ms/step=2214.48 L2=0.935402
[run] sinh
/root/miniconda3/envs/apolarity/lib/python3.11/site-packages/torch/nn/modules/module.py:1310: UserWarning: Complex modules are a new feature under active development whose design may change, and some modules might not work as expected when using complex tensors as parameters or buffers. Please file an issue at https://github.com/pytorch/pytorch/issues/new?template=bug-report.yml if a complex module does not work as expected.
  warnings.warn(
[done] sinh steps=11 ms/step=2893.11 L2=1.14599
[ok] wrote experiments/results/poly_shared_weight_power_grid/d3/o6/grid30/point_017_history.json  (2 traces)

[ok] wrote experiments/results/poly_shared_weight_power_grid/d3/o6/grid30/point_017
[start] point_018 weights=(0.001, 0.1, 10.0) seconds=30
device=cuda dim=3 order=6 methods=('vanilla', 'sinh') bc_weights=0.001,0.1,10 seconds=30.0
[run] vanilla
[done] vanilla steps=14 ms/step=2193.70 L2=0.923929
[run] sinh
/root/miniconda3/envs/apolarity/lib/python3.11/site-packages/torch/nn/modules/module.py:1310: UserWarning: Complex modules are a new feature under active development whose design may change, and some modules might not work as expected when using complex tensors as parameters or buffers. Please file an issue at https://github.com/pytorch/pytorch/issues/new?template=bug-report.yml if a complex module does not work as expected.
  warnings.warn(
[done] sinh steps=11 ms/step=2891.76 L2=1.3292
[ok] wrote experiments/results/poly_shared_weight_power_grid/d3/o6/grid30/point_018_history.json  (2 traces)

[ok] wrote experiments/results/poly_shared_weight_power_grid/d3/o6/grid30/point_018
[start] point_019 weights=(0.001, 0.1, 100.0) seconds=30
device=cuda dim=3 order=6 methods=('vanilla', 'sinh') bc_weights=0.001,0.1,100 seconds=30.0
[run] vanilla
[done] vanilla steps=14 ms/step=2195.22 L2=0.983162
[run] sinh
/root/miniconda3/envs/apolarity/lib/python3.11/site-packages/torch/nn/modules/module.py:1310: UserWarning: Complex modules are a new feature under active development whose design may change, and some modules might not work as expected when using complex tensors as parameters or buffers. Please file an issue at https://github.com/pytorch/pytorch/issues/new?template=bug-report.yml if a complex module does not work as expected.
  warnings.warn(
[done] sinh steps=11 ms/step=2892.54 L2=1.18383
[ok] wrote experiments/results/poly_shared_weight_power_grid/d3/o6/grid30/point_019_history.json  (2 traces)

[ok] wrote experiments/results/poly_shared_weight_power_grid/d3/o6/grid30/point_019
[start] point_020 weights=(0.001, 0.1, 1000.0) seconds=30
device=cuda dim=3 order=6 methods=('vanilla', 'sinh') bc_weights=0.001,0.1,1000 seconds=30.0
[run] vanilla
[done] vanilla steps=14 ms/step=2195.49 L2=1.0112
[run] sinh
/root/miniconda3/envs/apolarity/lib/python3.11/site-packages/torch/nn/modules/module.py:1310: UserWarning: Complex modules are a new feature under active development whose design may change, and some modules might not work as expected when using complex tensors as parameters or buffers. Please file an issue at https://github.com/pytorch/pytorch/issues/new?template=bug-report.yml if a complex module does not work as expected.
  warnings.warn(
[done] sinh steps=11 ms/step=2892.41 L2=1.02406
[ok] wrote experiments/results/poly_shared_weight_power_grid/d3/o6/grid30/point_020_history.json  (2 traces)

[ok] wrote experiments/results/poly_shared_weight_power_grid/d3/o6/grid30/point_020
[start] point_021 weights=(0.001, 1.0, 0.001) seconds=30
device=cuda dim=3 order=6 methods=('vanilla', 'sinh') bc_weights=0.001,1,0.001 seconds=30.0
[run] vanilla
[done] vanilla steps=14 ms/step=2190.37 L2=0.913501
[run] sinh
/root/miniconda3/envs/apolarity/lib/python3.11/site-packages/torch/nn/modules/module.py:1310: UserWarning: Complex modules are a new feature under active development whose design may change, and some modules might not work as expected when using complex tensors as parameters or buffers. Please file an issue at https://github.com/pytorch/pytorch/issues/new?template=bug-report.yml if a complex module does not work as expected.
  warnings.warn(
[done] sinh steps=11 ms/step=2891.83 L2=1.01994
[ok] wrote experiments/results/poly_shared_weight_power_grid/d3/o6/grid30/point_021_history.json  (2 traces)

[ok] wrote experiments/results/poly_shared_weight_power_grid/d3/o6/grid30/point_021
[start] point_022 weights=(0.001, 1.0, 0.01) seconds=30
device=cuda dim=3 order=6 methods=('vanilla', 'sinh') bc_weights=0.001,1,0.01 seconds=30.0
[run] vanilla
[done] vanilla steps=14 ms/step=2216.50 L2=0.914431
[run] sinh
/root/miniconda3/envs/apolarity/lib/python3.11/site-packages/torch/nn/modules/module.py:1310: UserWarning: Complex modules are a new feature under active development whose design may change, and some modules might not work as expected when using complex tensors as parameters or buffers. Please file an issue at https://github.com/pytorch/pytorch/issues/new?template=bug-report.yml if a complex module does not work as expected.
  warnings.warn(
[done] sinh steps=11 ms/step=2892.89 L2=1.01913
[ok] wrote experiments/results/poly_shared_weight_power_grid/d3/o6/grid30/point_022_history.json  (2 traces)

[ok] wrote experiments/results/poly_shared_weight_power_grid/d3/o6/grid30/point_022
[start] point_023 weights=(0.001, 1.0, 0.1) seconds=30
device=cuda dim=3 order=6 methods=('vanilla', 'sinh') bc_weights=0.001,1,0.1 seconds=30.0
[run] vanilla
[done] vanilla steps=14 ms/step=2191.43 L2=0.913591
[run] sinh
/root/miniconda3/envs/apolarity/lib/python3.11/site-packages/torch/nn/modules/module.py:1310: UserWarning: Complex modules are a new feature under active development whose design may change, and some modules might not work as expected when using complex tensors as parameters or buffers. Please file an issue at https://github.com/pytorch/pytorch/issues/new?template=bug-report.yml if a complex module does not work as expected.
  warnings.warn(
[done] sinh steps=11 ms/step=2892.11 L2=1.00996
[ok] wrote experiments/results/poly_shared_weight_power_grid/d3/o6/grid30/point_023_history.json  (2 traces)

[ok] wrote experiments/results/poly_shared_weight_power_grid/d3/o6/grid30/point_023
[start] point_024 weights=(0.001, 1.0, 1.0) seconds=30
device=cuda dim=3 order=6 methods=('vanilla', 'sinh') bc_weights=0.001,1,1 seconds=30.0
[run] vanilla
[done] vanilla steps=14 ms/step=2163.26 L2=0.912593
[run] sinh
/root/miniconda3/envs/apolarity/lib/python3.11/site-packages/torch/nn/modules/module.py:1310: UserWarning: Complex modules are a new feature under active development whose design may change, and some modules might not work as expected when using complex tensors as parameters or buffers. Please file an issue at https://github.com/pytorch/pytorch/issues/new?template=bug-report.yml if a complex module does not work as expected.
  warnings.warn(
[done] sinh steps=11 ms/step=2889.69 L2=0.932506
[ok] wrote experiments/results/poly_shared_weight_power_grid/d3/o6/grid30/point_024_history.json  (2 traces)

[ok] wrote experiments/results/poly_shared_weight_power_grid/d3/o6/grid30/point_024
[start] point_025 weights=(0.001, 1.0, 10.0) seconds=30
device=cuda dim=3 order=6 methods=('vanilla', 'sinh') bc_weights=0.001,1,10 seconds=30.0
[run] vanilla
[done] vanilla steps=14 ms/step=2164.55 L2=0.916179
[run] sinh
/root/miniconda3/envs/apolarity/lib/python3.11/site-packages/torch/nn/modules/module.py:1310: UserWarning: Complex modules are a new feature under active development whose design may change, and some modules might not work as expected when using complex tensors as parameters or buffers. Please file an issue at https://github.com/pytorch/pytorch/issues/new?template=bug-report.yml if a complex module does not work as expected.
  warnings.warn(
[done] sinh steps=11 ms/step=2889.86 L2=0.710065
[ok] wrote experiments/results/poly_shared_weight_power_grid/d3/o6/grid30/point_025_history.json  (2 traces)

[ok] wrote experiments/results/poly_shared_weight_power_grid/d3/o6/grid30/point_025
[start] point_026 weights=(0.001, 1.0, 100.0) seconds=30
device=cuda dim=3 order=6 methods=('vanilla', 'sinh') bc_weights=0.001,1,100 seconds=30.0
[run] vanilla
[done] vanilla steps=14 ms/step=2195.63 L2=0.984751
[run] sinh
/root/miniconda3/envs/apolarity/lib/python3.11/site-packages/torch/nn/modules/module.py:1310: UserWarning: Complex modules are a new feature under active development whose design may change, and some modules might not work as expected when using complex tensors as parameters or buffers. Please file an issue at https://github.com/pytorch/pytorch/issues/new?template=bug-report.yml if a complex module does not work as expected.
  warnings.warn(
[done] sinh steps=11 ms/step=2892.70 L2=0.608897
[ok] wrote experiments/results/poly_shared_weight_power_grid/d3/o6/grid30/point_026_history.json  (2 traces)

[ok] wrote experiments/results/poly_shared_weight_power_grid/d3/o6/grid30/point_026
[start] point_027 weights=(0.001, 1.0, 1000.0) seconds=30
device=cuda dim=3 order=6 methods=('vanilla', 'sinh') bc_weights=0.001,1,1000 seconds=30.0
[run] vanilla
[done] vanilla steps=14 ms/step=2171.49 L2=1.00989
[run] sinh
/root/miniconda3/envs/apolarity/lib/python3.11/site-packages/torch/nn/modules/module.py:1310: UserWarning: Complex modules are a new feature under active development whose design may change, and some modules might not work as expected when using complex tensors as parameters or buffers. Please file an issue at https://github.com/pytorch/pytorch/issues/new?template=bug-report.yml if a complex module does not work as expected.
  warnings.warn(
[done] sinh steps=11 ms/step=2890.13 L2=1.02381
[ok] wrote experiments/results/poly_shared_weight_power_grid/d3/o6/grid30/point_027_history.json  (2 traces)

[ok] wrote experiments/results/poly_shared_weight_power_grid/d3/o6/grid30/point_027
[start] point_028 weights=(0.001, 10.0, 0.001) seconds=30
device=cuda dim=3 order=6 methods=('vanilla', 'sinh') bc_weights=0.001,10,0.001 seconds=30.0
[run] vanilla
[done] vanilla steps=14 ms/step=2190.45 L2=0.990583
[run] sinh
/root/miniconda3/envs/apolarity/lib/python3.11/site-packages/torch/nn/modules/module.py:1310: UserWarning: Complex modules are a new feature under active development whose design may change, and some modules might not work as expected when using complex tensors as parameters or buffers. Please file an issue at https://github.com/pytorch/pytorch/issues/new?template=bug-report.yml if a complex module does not work as expected.
  warnings.warn(
[done] sinh steps=11 ms/step=2892.10 L2=0.804955
[ok] wrote experiments/results/poly_shared_weight_power_grid/d3/o6/grid30/point_028_history.json  (2 traces)

[ok] wrote experiments/results/poly_shared_weight_power_grid/d3/o6/grid30/point_028
[start] point_029 weights=(0.001, 10.0, 0.01) seconds=30
device=cuda dim=3 order=6 methods=('vanilla', 'sinh') bc_weights=0.001,10,0.01 seconds=30.0
[run] vanilla
[done] vanilla steps=14 ms/step=2174.32 L2=0.990498
[run] sinh
/root/miniconda3/envs/apolarity/lib/python3.11/site-packages/torch/nn/modules/module.py:1310: UserWarning: Complex modules are a new feature under active development whose design may change, and some modules might not work as expected when using complex tensors as parameters or buffers. Please file an issue at https://github.com/pytorch/pytorch/issues/new?template=bug-report.yml if a complex module does not work as expected.
  warnings.warn(
[done] sinh steps=11 ms/step=2890.37 L2=0.804634
[ok] wrote experiments/results/poly_shared_weight_power_grid/d3/o6/grid30/point_029_history.json  (2 traces)

[ok] wrote experiments/results/poly_shared_weight_power_grid/d3/o6/grid30/point_029
[start] point_030 weights=(0.001, 10.0, 0.1) seconds=30
device=cuda dim=3 order=6 methods=('vanilla', 'sinh') bc_weights=0.001,10,0.1 seconds=30.0
[run] vanilla
[done] vanilla steps=14 ms/step=2201.47 L2=0.990642
[run] sinh
/root/miniconda3/envs/apolarity/lib/python3.11/site-packages/torch/nn/modules/module.py:1310: UserWarning: Complex modules are a new feature under active development whose design may change, and some modules might not work as expected when using complex tensors as parameters or buffers. Please file an issue at https://github.com/pytorch/pytorch/issues/new?template=bug-report.yml if a complex module does not work as expected.
  warnings.warn(
[done] sinh steps=11 ms/step=2894.95 L2=0.802232
[ok] wrote experiments/results/poly_shared_weight_power_grid/d3/o6/grid30/point_030_history.json  (2 traces)

[ok] wrote experiments/results/poly_shared_weight_power_grid/d3/o6/grid30/point_030
[start] point_031 weights=(0.001, 10.0, 1.0) seconds=30
device=cuda dim=3 order=6 methods=('vanilla', 'sinh') bc_weights=0.001,10,1 seconds=30.0
[run] vanilla
[done] vanilla steps=14 ms/step=2212.30 L2=0.990748
[run] sinh
/root/miniconda3/envs/apolarity/lib/python3.11/site-packages/torch/nn/modules/module.py:1310: UserWarning: Complex modules are a new feature under active development whose design may change, and some modules might not work as expected when using complex tensors as parameters or buffers. Please file an issue at https://github.com/pytorch/pytorch/issues/new?template=bug-report.yml if a complex module does not work as expected.
  warnings.warn(
[done] sinh steps=11 ms/step=2892.90 L2=0.777751
[ok] wrote experiments/results/poly_shared_weight_power_grid/d3/o6/grid30/point_031_history.json  (2 traces)

[ok] wrote experiments/results/poly_shared_weight_power_grid/d3/o6/grid30/point_031
[start] point_032 weights=(0.001, 10.0, 10.0) seconds=30
device=cuda dim=3 order=6 methods=('vanilla', 'sinh') bc_weights=0.001,10,10 seconds=30.0
[run] vanilla
[done] vanilla steps=14 ms/step=2169.31 L2=0.991252
[run] sinh
/root/miniconda3/envs/apolarity/lib/python3.11/site-packages/torch/nn/modules/module.py:1310: UserWarning: Complex modules are a new feature under active development whose design may change, and some modules might not work as expected when using complex tensors as parameters or buffers. Please file an issue at https://github.com/pytorch/pytorch/issues/new?template=bug-report.yml if a complex module does not work as expected.
  warnings.warn(
[done] sinh steps=11 ms/step=2893.22 L2=0.684038
[ok] wrote experiments/results/poly_shared_weight_power_grid/d3/o6/grid30/point_032_history.json  (2 traces)

[ok] wrote experiments/results/poly_shared_weight_power_grid/d3/o6/grid30/point_032
[start] point_033 weights=(0.001, 10.0, 100.0) seconds=30
device=cuda dim=3 order=6 methods=('vanilla', 'sinh') bc_weights=0.001,10,100 seconds=30.0
[run] vanilla
[done] vanilla steps=14 ms/step=2190.77 L2=0.996154
[run] sinh
/root/miniconda3/envs/apolarity/lib/python3.11/site-packages/torch/nn/modules/module.py:1310: UserWarning: Complex modules are a new feature under active development whose design may change, and some modules might not work as expected when using complex tensors as parameters or buffers. Please file an issue at https://github.com/pytorch/pytorch/issues/new?template=bug-report.yml if a complex module does not work as expected.
  warnings.warn(
[done] sinh steps=11 ms/step=2892.19 L2=0.77578
[ok] wrote experiments/results/poly_shared_weight_power_grid/d3/o6/grid30/point_033_history.json  (2 traces)

[ok] wrote experiments/results/poly_shared_weight_power_grid/d3/o6/grid30/point_033
[start] point_034 weights=(0.001, 10.0, 1000.0) seconds=30
device=cuda dim=3 order=6 methods=('vanilla', 'sinh') bc_weights=0.001,10,1000 seconds=30.0
[run] vanilla
[done] vanilla steps=14 ms/step=2165.00 L2=1.00315
[run] sinh
/root/miniconda3/envs/apolarity/lib/python3.11/site-packages/torch/nn/modules/module.py:1310: UserWarning: Complex modules are a new feature under active development whose design may change, and some modules might not work as expected when using complex tensors as parameters or buffers. Please file an issue at https://github.com/pytorch/pytorch/issues/new?template=bug-report.yml if a complex module does not work as expected.
  warnings.warn(
[done] sinh steps=11 ms/step=2890.03 L2=1.02136
[ok] wrote experiments/results/poly_shared_weight_power_grid/d3/o6/grid30/point_034_history.json  (2 traces)

[ok] wrote experiments/results/poly_shared_weight_power_grid/d3/o6/grid30/point_034
[start] point_035 weights=(0.001, 100.0, 0.001) seconds=30
device=cuda dim=3 order=6 methods=('vanilla', 'sinh') bc_weights=0.001,100,0.001 seconds=30.0
[run] vanilla
[done] vanilla steps=14 ms/step=2193.47 L2=0.999544
[run] sinh
/root/miniconda3/envs/apolarity/lib/python3.11/site-packages/torch/nn/modules/module.py:1310: UserWarning: Complex modules are a new feature under active development whose design may change, and some modules might not work as expected when using complex tensors as parameters or buffers. Please file an issue at https://github.com/pytorch/pytorch/issues/new?template=bug-report.yml if a complex module does not work as expected.
  warnings.warn(
[done] sinh steps=11 ms/step=2891.86 L2=1.01559
[ok] wrote experiments/results/poly_shared_weight_power_grid/d3/o6/grid30/point_035_history.json  (2 traces)

[ok] wrote experiments/results/poly_shared_weight_power_grid/d3/o6/grid30/point_035
[start] point_036 weights=(0.001, 100.0, 0.01) seconds=30
device=cuda dim=3 order=6 methods=('vanilla', 'sinh') bc_weights=0.001,100,0.01 seconds=30.0
[run] vanilla
[done] vanilla steps=14 ms/step=2195.15 L2=0.999544
[run] sinh
/root/miniconda3/envs/apolarity/lib/python3.11/site-packages/torch/nn/modules/module.py:1310: UserWarning: Complex modules are a new feature under active development whose design may change, and some modules might not work as expected when using complex tensors as parameters or buffers. Please file an issue at https://github.com/pytorch/pytorch/issues/new?template=bug-report.yml if a complex module does not work as expected.
  warnings.warn(
[done] sinh steps=11 ms/step=2891.61 L2=1.01559
[ok] wrote experiments/results/poly_shared_weight_power_grid/d3/o6/grid30/point_036_history.json  (2 traces)

[ok] wrote experiments/results/poly_shared_weight_power_grid/d3/o6/grid30/point_036
[start] point_037 weights=(0.001, 100.0, 0.1) seconds=30
device=cuda dim=3 order=6 methods=('vanilla', 'sinh') bc_weights=0.001,100,0.1 seconds=30.0
[run] vanilla
[done] vanilla steps=14 ms/step=2220.70 L2=0.999552
[run] sinh
/root/miniconda3/envs/apolarity/lib/python3.11/site-packages/torch/nn/modules/module.py:1310: UserWarning: Complex modules are a new feature under active development whose design may change, and some modules might not work as expected when using complex tensors as parameters or buffers. Please file an issue at https://github.com/pytorch/pytorch/issues/new?template=bug-report.yml if a complex module does not work as expected.
  warnings.warn(
[done] sinh steps=11 ms/step=2892.56 L2=1.01559
[ok] wrote experiments/results/poly_shared_weight_power_grid/d3/o6/grid30/point_037_history.json  (2 traces)

[ok] wrote experiments/results/poly_shared_weight_power_grid/d3/o6/grid30/point_037
[start] point_038 weights=(0.001, 100.0, 1.0) seconds=30
device=cuda dim=3 order=6 methods=('vanilla', 'sinh') bc_weights=0.001,100,1 seconds=30.0
[run] vanilla
[done] vanilla steps=14 ms/step=2193.13 L2=0.999544
[run] sinh
/root/miniconda3/envs/apolarity/lib/python3.11/site-packages/torch/nn/modules/module.py:1310: UserWarning: Complex modules are a new feature under active development whose design may change, and some modules might not work as expected when using complex tensors as parameters or buffers. Please file an issue at https://github.com/pytorch/pytorch/issues/new?template=bug-report.yml if a complex module does not work as expected.
  warnings.warn(
[done] sinh steps=11 ms/step=2891.84 L2=1.01559
[ok] wrote experiments/results/poly_shared_weight_power_grid/d3/o6/grid30/point_038_history.json  (2 traces)

[ok] wrote experiments/results/poly_shared_weight_power_grid/d3/o6/grid30/point_038
[start] point_039 weights=(0.001, 100.0, 10.0) seconds=30
device=cuda dim=3 order=6 methods=('vanilla', 'sinh') bc_weights=0.001,100,10 seconds=30.0
[run] vanilla
[done] vanilla steps=14 ms/step=2193.34 L2=0.999546
[run] sinh
/root/miniconda3/envs/apolarity/lib/python3.11/site-packages/torch/nn/modules/module.py:1310: UserWarning: Complex modules are a new feature under active development whose design may change, and some modules might not work as expected when using complex tensors as parameters or buffers. Please file an issue at https://github.com/pytorch/pytorch/issues/new?template=bug-report.yml if a complex module does not work as expected.
  warnings.warn(
[done] sinh steps=11 ms/step=2894.75 L2=1.01557
[ok] wrote experiments/results/poly_shared_weight_power_grid/d3/o6/grid30/point_039_history.json  (2 traces)

[ok] wrote experiments/results/poly_shared_weight_power_grid/d3/o6/grid30/point_039
[start] point_040 weights=(0.001, 100.0, 100.0) seconds=30
device=cuda dim=3 order=6 methods=('vanilla', 'sinh') bc_weights=0.001,100,100 seconds=30.0
[run] vanilla
[done] vanilla steps=14 ms/step=2164.46 L2=0.999554
[run] sinh
/root/miniconda3/envs/apolarity/lib/python3.11/site-packages/torch/nn/modules/module.py:1310: UserWarning: Complex modules are a new feature under active development whose design may change, and some modules might not work as expected when using complex tensors as parameters or buffers. Please file an issue at https://github.com/pytorch/pytorch/issues/new?template=bug-report.yml if a complex module does not work as expected.
  warnings.warn(
[done] sinh steps=11 ms/step=2890.12 L2=1.01544
[ok] wrote experiments/results/poly_shared_weight_power_grid/d3/o6/grid30/point_040_history.json  (2 traces)

[ok] wrote experiments/results/poly_shared_weight_power_grid/d3/o6/grid30/point_040
[start] point_041 weights=(0.001, 100.0, 1000.0) seconds=30
device=cuda dim=3 order=6 methods=('vanilla', 'sinh') bc_weights=0.001,100,1000 seconds=30.0
[run] vanilla
[done] vanilla steps=14 ms/step=2170.59 L2=0.999671
[run] sinh
/root/miniconda3/envs/apolarity/lib/python3.11/site-packages/torch/nn/modules/module.py:1310: UserWarning: Complex modules are a new feature under active development whose design may change, and some modules might not work as expected when using complex tensors as parameters or buffers. Please file an issue at https://github.com/pytorch/pytorch/issues/new?template=bug-report.yml if a complex module does not work as expected.
  warnings.warn(
[done] sinh steps=11 ms/step=2890.20 L2=1.01897
[ok] wrote experiments/results/poly_shared_weight_power_grid/d3/o6/grid30/point_041_history.json  (2 traces)

[ok] wrote experiments/results/poly_shared_weight_power_grid/d3/o6/grid30/point_041
[start] point_042 weights=(0.001, 1000.0, 0.001) seconds=30
device=cuda dim=3 order=6 methods=('vanilla', 'sinh') bc_weights=0.001,1000,0.001 seconds=30.0
[run] vanilla
[done] vanilla steps=14 ms/step=2172.67 L2=1.0068
[run] sinh
/root/miniconda3/envs/apolarity/lib/python3.11/site-packages/torch/nn/modules/module.py:1310: UserWarning: Complex modules are a new feature under active development whose design may change, and some modules might not work as expected when using complex tensors as parameters or buffers. Please file an issue at https://github.com/pytorch/pytorch/issues/new?template=bug-report.yml if a complex module does not work as expected.
  warnings.warn(
[done] sinh steps=11 ms/step=2890.37 L2=1.01944
[ok] wrote experiments/results/poly_shared_weight_power_grid/d3/o6/grid30/point_042_history.json  (2 traces)

[ok] wrote experiments/results/poly_shared_weight_power_grid/d3/o6/grid30/point_042
[start] point_043 weights=(0.001, 1000.0, 0.01) seconds=30
device=cuda dim=3 order=6 methods=('vanilla', 'sinh') bc_weights=0.001,1000,0.01 seconds=30.0
[run] vanilla
[done] vanilla steps=14 ms/step=2191.71 L2=1.00695
[run] sinh
/root/miniconda3/envs/apolarity/lib/python3.11/site-packages/torch/nn/modules/module.py:1310: UserWarning: Complex modules are a new feature under active development whose design may change, and some modules might not work as expected when using complex tensors as parameters or buffers. Please file an issue at https://github.com/pytorch/pytorch/issues/new?template=bug-report.yml if a complex module does not work as expected.
  warnings.warn(
[done] sinh steps=11 ms/step=2891.92 L2=1.01944
[ok] wrote experiments/results/poly_shared_weight_power_grid/d3/o6/grid30/point_043_history.json  (2 traces)

[ok] wrote experiments/results/poly_shared_weight_power_grid/d3/o6/grid30/point_043
[start] point_044 weights=(0.001, 1000.0, 0.1) seconds=30
device=cuda dim=3 order=6 methods=('vanilla', 'sinh') bc_weights=0.001,1000,0.1 seconds=30.0
[run] vanilla
[done] vanilla steps=14 ms/step=2205.31 L2=1.007
[run] sinh
/root/miniconda3/envs/apolarity/lib/python3.11/site-packages/torch/nn/modules/module.py:1310: UserWarning: Complex modules are a new feature under active development whose design may change, and some modules might not work as expected when using complex tensors as parameters or buffers. Please file an issue at https://github.com/pytorch/pytorch/issues/new?template=bug-report.yml if a complex module does not work as expected.
  warnings.warn(
[done] sinh steps=11 ms/step=2892.89 L2=1.01944
[ok] wrote experiments/results/poly_shared_weight_power_grid/d3/o6/grid30/point_044_history.json  (2 traces)

[ok] wrote experiments/results/poly_shared_weight_power_grid/d3/o6/grid30/point_044
[start] point_045 weights=(0.001, 1000.0, 1.0) seconds=30
device=cuda dim=3 order=6 methods=('vanilla', 'sinh') bc_weights=0.001,1000,1 seconds=30.0
[run] vanilla
[done] vanilla steps=14 ms/step=2195.02 L2=1.00697
[run] sinh
/root/miniconda3/envs/apolarity/lib/python3.11/site-packages/torch/nn/modules/module.py:1310: UserWarning: Complex modules are a new feature under active development whose design may change, and some modules might not work as expected when using complex tensors as parameters or buffers. Please file an issue at https://github.com/pytorch/pytorch/issues/new?template=bug-report.yml if a complex module does not work as expected.
  warnings.warn(
[done] sinh steps=11 ms/step=2891.60 L2=1.01943
[ok] wrote experiments/results/poly_shared_weight_power_grid/d3/o6/grid30/point_045_history.json  (2 traces)

[ok] wrote experiments/results/poly_shared_weight_power_grid/d3/o6/grid30/point_045
[start] point_046 weights=(0.001, 1000.0, 10.0) seconds=30
device=cuda dim=3 order=6 methods=('vanilla', 'sinh') bc_weights=0.001,1000,10 seconds=30.0
[run] vanilla
[done] vanilla steps=14 ms/step=2170.40 L2=1.00679
[run] sinh
/root/miniconda3/envs/apolarity/lib/python3.11/site-packages/torch/nn/modules/module.py:1310: UserWarning: Complex modules are a new feature under active development whose design may change, and some modules might not work as expected when using complex tensors as parameters or buffers. Please file an issue at https://github.com/pytorch/pytorch/issues/new?template=bug-report.yml if a complex module does not work as expected.
  warnings.warn(
[done] sinh steps=11 ms/step=2890.51 L2=1.01945
[ok] wrote experiments/results/poly_shared_weight_power_grid/d3/o6/grid30/point_046_history.json  (2 traces)

[ok] wrote experiments/results/poly_shared_weight_power_grid/d3/o6/grid30/point_046
[start] point_047 weights=(0.001, 1000.0, 100.0) seconds=30
device=cuda dim=3 order=6 methods=('vanilla', 'sinh') bc_weights=0.001,1000,100 seconds=30.0
[run] vanilla
[done] vanilla steps=14 ms/step=2195.84 L2=1.00698
[run] sinh
/root/miniconda3/envs/apolarity/lib/python3.11/site-packages/torch/nn/modules/module.py:1310: UserWarning: Complex modules are a new feature under active development whose design may change, and some modules might not work as expected when using complex tensors as parameters or buffers. Please file an issue at https://github.com/pytorch/pytorch/issues/new?template=bug-report.yml if a complex module does not work as expected.
  warnings.warn(
[done] sinh steps=11 ms/step=2894.33 L2=1.01955
[ok] wrote experiments/results/poly_shared_weight_power_grid/d3/o6/grid30/point_047_history.json  (2 traces)

[ok] wrote experiments/results/poly_shared_weight_power_grid/d3/o6/grid30/point_047
[start] point_048 weights=(0.001, 1000.0, 1000.0) seconds=30
device=cuda dim=3 order=6 methods=('vanilla', 'sinh') bc_weights=0.001,1000,1000 seconds=30.0
[run] vanilla
[done] vanilla steps=14 ms/step=2163.93 L2=1.00681
[run] sinh
/root/miniconda3/envs/apolarity/lib/python3.11/site-packages/torch/nn/modules/module.py:1310: UserWarning: Complex modules are a new feature under active development whose design may change, and some modules might not work as expected when using complex tensors as parameters or buffers. Please file an issue at https://github.com/pytorch/pytorch/issues/new?template=bug-report.yml if a complex module does not work as expected.
  warnings.warn(
[done] sinh steps=11 ms/step=2889.64 L2=1.01999
[ok] wrote experiments/results/poly_shared_weight_power_grid/d3/o6/grid30/point_048_history.json  (2 traces)

[ok] wrote experiments/results/poly_shared_weight_power_grid/d3/o6/grid30/point_048
[start] point_049 weights=(0.01, 0.001, 0.001) seconds=30
device=cuda dim=3 order=6 methods=('vanilla', 'sinh') bc_weights=0.01,0.001,0.001 seconds=30.0
[run] vanilla
[done] vanilla steps=14 ms/step=2194.48 L2=0.988714
[run] sinh
/root/miniconda3/envs/apolarity/lib/python3.11/site-packages/torch/nn/modules/module.py:1310: UserWarning: Complex modules are a new feature under active development whose design may change, and some modules might not work as expected when using complex tensors as parameters or buffers. Please file an issue at https://github.com/pytorch/pytorch/issues/new?template=bug-report.yml if a complex module does not work as expected.
  warnings.warn(
[done] sinh steps=11 ms/step=2892.35 L2=0.938699
[ok] wrote experiments/results/poly_shared_weight_power_grid/d3/o6/grid30/point_049_history.json  (2 traces)

[ok] wrote experiments/results/poly_shared_weight_power_grid/d3/o6/grid30/point_049
[start] point_050 weights=(0.01, 0.001, 0.01) seconds=30
device=cuda dim=3 order=6 methods=('vanilla', 'sinh') bc_weights=0.01,0.001,0.01 seconds=30.0
[run] vanilla
[done] vanilla steps=14 ms/step=2162.29 L2=0.988517
[run] sinh
/root/miniconda3/envs/apolarity/lib/python3.11/site-packages/torch/nn/modules/module.py:1310: UserWarning: Complex modules are a new feature under active development whose design may change, and some modules might not work as expected when using complex tensors as parameters or buffers. Please file an issue at https://github.com/pytorch/pytorch/issues/new?template=bug-report.yml if a complex module does not work as expected.
  warnings.warn(
[done] sinh steps=11 ms/step=2889.61 L2=0.936495
[ok] wrote experiments/results/poly_shared_weight_power_grid/d3/o6/grid30/point_050_history.json  (2 traces)

[ok] wrote experiments/results/poly_shared_weight_power_grid/d3/o6/grid30/point_050
[start] point_051 weights=(0.01, 0.001, 0.1) seconds=30
device=cuda dim=3 order=6 methods=('vanilla', 'sinh') bc_weights=0.01,0.001,0.1 seconds=30.0
[run] vanilla
[done] vanilla steps=14 ms/step=2191.65 L2=0.988706
[run] sinh
/root/miniconda3/envs/apolarity/lib/python3.11/site-packages/torch/nn/modules/module.py:1310: UserWarning: Complex modules are a new feature under active development whose design may change, and some modules might not work as expected when using complex tensors as parameters or buffers. Please file an issue at https://github.com/pytorch/pytorch/issues/new?template=bug-report.yml if a complex module does not work as expected.
  warnings.warn(
[done] sinh steps=11 ms/step=2891.72 L2=0.921817
[ok] wrote experiments/results/poly_shared_weight_power_grid/d3/o6/grid30/point_051_history.json  (2 traces)

[ok] wrote experiments/results/poly_shared_weight_power_grid/d3/o6/grid30/point_051
[start] point_052 weights=(0.01, 0.001, 1.0) seconds=30
device=cuda dim=3 order=6 methods=('vanilla', 'sinh') bc_weights=0.01,0.001,1 seconds=30.0
[run] vanilla
[done] vanilla steps=14 ms/step=2192.12 L2=0.988725
[run] sinh
/root/miniconda3/envs/apolarity/lib/python3.11/site-packages/torch/nn/modules/module.py:1310: UserWarning: Complex modules are a new feature under active development whose design may change, and some modules might not work as expected when using complex tensors as parameters or buffers. Please file an issue at https://github.com/pytorch/pytorch/issues/new?template=bug-report.yml if a complex module does not work as expected.
  warnings.warn(
[done] sinh steps=11 ms/step=2892.25 L2=0.820675
[ok] wrote experiments/results/poly_shared_weight_power_grid/d3/o6/grid30/point_052_history.json  (2 traces)

[ok] wrote experiments/results/poly_shared_weight_power_grid/d3/o6/grid30/point_052
[start] point_053 weights=(0.01, 0.001, 10.0) seconds=30
device=cuda dim=3 order=6 methods=('vanilla', 'sinh') bc_weights=0.01,0.001,10 seconds=30.0
[run] vanilla
[done] vanilla steps=14 ms/step=2192.70 L2=0.988949
[run] sinh
/root/miniconda3/envs/apolarity/lib/python3.11/site-packages/torch/nn/modules/module.py:1310: UserWarning: Complex modules are a new feature under active development whose design may change, and some modules might not work as expected when using complex tensors as parameters or buffers. Please file an issue at https://github.com/pytorch/pytorch/issues/new?template=bug-report.yml if a complex module does not work as expected.
  warnings.warn(
[done] sinh steps=11 ms/step=2892.40 L2=0.851145
[ok] wrote experiments/results/poly_shared_weight_power_grid/d3/o6/grid30/point_053_history.json  (2 traces)

[ok] wrote experiments/results/poly_shared_weight_power_grid/d3/o6/grid30/point_053
[start] point_054 weights=(0.01, 0.001, 100.0) seconds=30
device=cuda dim=3 order=6 methods=('vanilla', 'sinh') bc_weights=0.01,0.001,100 seconds=30.0
[run] vanilla
[done] vanilla steps=14 ms/step=2168.04 L2=0.99071
[run] sinh
/root/miniconda3/envs/apolarity/lib/python3.11/site-packages/torch/nn/modules/module.py:1310: UserWarning: Complex modules are a new feature under active development whose design may change, and some modules might not work as expected when using complex tensors as parameters or buffers. Please file an issue at https://github.com/pytorch/pytorch/issues/new?template=bug-report.yml if a complex module does not work as expected.
  warnings.warn(
[done] sinh steps=11 ms/step=2890.15 L2=0.869983
[ok] wrote experiments/results/poly_shared_weight_power_grid/d3/o6/grid30/point_054_history.json  (2 traces)

[ok] wrote experiments/results/poly_shared_weight_power_grid/d3/o6/grid30/point_054
[start] point_055 weights=(0.01, 0.001, 1000.0) seconds=30
device=cuda dim=3 order=6 methods=('vanilla', 'sinh') bc_weights=0.01,0.001,1000 seconds=30.0
[run] vanilla
[done] vanilla steps=14 ms/step=2195.53 L2=0.998194
[run] sinh
/root/miniconda3/envs/apolarity/lib/python3.11/site-packages/torch/nn/modules/module.py:1310: UserWarning: Complex modules are a new feature under active development whose design may change, and some modules might not work as expected when using complex tensors as parameters or buffers. Please file an issue at https://github.com/pytorch/pytorch/issues/new?template=bug-report.yml if a complex module does not work as expected.
  warnings.warn(
[done] sinh steps=11 ms/step=2891.04 L2=0.998336
[ok] wrote experiments/results/poly_shared_weight_power_grid/d3/o6/grid30/point_055_history.json  (2 traces)

[ok] wrote experiments/results/poly_shared_weight_power_grid/d3/o6/grid30/point_055
[start] point_056 weights=(0.01, 0.01, 0.001) seconds=30
device=cuda dim=3 order=6 methods=('vanilla', 'sinh') bc_weights=0.01,0.01,0.001 seconds=30.0
[run] vanilla
[done] vanilla steps=14 ms/step=2199.49 L2=0.988713
[run] sinh
/root/miniconda3/envs/apolarity/lib/python3.11/site-packages/torch/nn/modules/module.py:1310: UserWarning: Complex modules are a new feature under active development whose design may change, and some modules might not work as expected when using complex tensors as parameters or buffers. Please file an issue at https://github.com/pytorch/pytorch/issues/new?template=bug-report.yml if a complex module does not work as expected.
  warnings.warn(
[done] sinh steps=11 ms/step=2892.33 L2=0.905755
[ok] wrote experiments/results/poly_shared_weight_power_grid/d3/o6/grid30/point_056_history.json  (2 traces)

[ok] wrote experiments/results/poly_shared_weight_power_grid/d3/o6/grid30/point_056
[start] point_057 weights=(0.01, 0.01, 0.01) seconds=30
device=cuda dim=3 order=6 methods=('vanilla', 'sinh') bc_weights=0.01,0.01,0.01 seconds=30.0
[run] vanilla
[done] vanilla steps=14 ms/step=2193.02 L2=0.988713
[run] sinh
/root/miniconda3/envs/apolarity/lib/python3.11/site-packages/torch/nn/modules/module.py:1310: UserWarning: Complex modules are a new feature under active development whose design may change, and some modules might not work as expected when using complex tensors as parameters or buffers. Please file an issue at https://github.com/pytorch/pytorch/issues/new?template=bug-report.yml if a complex module does not work as expected.
  warnings.warn(
[done] sinh steps=11 ms/step=2892.01 L2=0.90425
[ok] wrote experiments/results/poly_shared_weight_power_grid/d3/o6/grid30/point_057_history.json  (2 traces)

[ok] wrote experiments/results/poly_shared_weight_power_grid/d3/o6/grid30/point_057
[start] point_058 weights=(0.01, 0.01, 0.1) seconds=30
device=cuda dim=3 order=6 methods=('vanilla', 'sinh') bc_weights=0.01,0.01,0.1 seconds=30.0
[run] vanilla
[done] vanilla steps=14 ms/step=2166.31 L2=0.988554
[run] sinh
/root/miniconda3/envs/apolarity/lib/python3.11/site-packages/torch/nn/modules/module.py:1310: UserWarning: Complex modules are a new feature under active development whose design may change, and some modules might not work as expected when using complex tensors as parameters or buffers. Please file an issue at https://github.com/pytorch/pytorch/issues/new?template=bug-report.yml if a complex module does not work as expected.
  warnings.warn(
[done] sinh steps=11 ms/step=2890.27 L2=0.889585
[ok] wrote experiments/results/poly_shared_weight_power_grid/d3/o6/grid30/point_058_history.json  (2 traces)

[ok] wrote experiments/results/poly_shared_weight_power_grid/d3/o6/grid30/point_058
[start] point_059 weights=(0.01, 0.01, 1.0) seconds=30
device=cuda dim=3 order=6 methods=('vanilla', 'sinh') bc_weights=0.01,0.01,1 seconds=30.0
[run] vanilla
[done] vanilla steps=14 ms/step=2190.01 L2=0.988718
[run] sinh
/root/miniconda3/envs/apolarity/lib/python3.11/site-packages/torch/nn/modules/module.py:1310: UserWarning: Complex modules are a new feature under active development whose design may change, and some modules might not work as expected when using complex tensors as parameters or buffers. Please file an issue at https://github.com/pytorch/pytorch/issues/new?template=bug-report.yml if a complex module does not work as expected.
  warnings.warn(
[done] sinh steps=11 ms/step=2891.69 L2=0.796443
[ok] wrote experiments/results/poly_shared_weight_power_grid/d3/o6/grid30/point_059_history.json  (2 traces)

[ok] wrote experiments/results/poly_shared_weight_power_grid/d3/o6/grid30/point_059
[start] point_060 weights=(0.01, 0.01, 10.0) seconds=30
device=cuda dim=3 order=6 methods=('vanilla', 'sinh') bc_weights=0.01,0.01,10 seconds=30.0
[run] vanilla
[done] vanilla steps=14 ms/step=2189.80 L2=0.988946
[run] sinh
/root/miniconda3/envs/apolarity/lib/python3.11/site-packages/torch/nn/modules/module.py:1310: UserWarning: Complex modules are a new feature under active development whose design may change, and some modules might not work as expected when using complex tensors as parameters or buffers. Please file an issue at https://github.com/pytorch/pytorch/issues/new?template=bug-report.yml if a complex module does not work as expected.
  warnings.warn(
[done] sinh steps=11 ms/step=2891.92 L2=0.840013
[ok] wrote experiments/results/poly_shared_weight_power_grid/d3/o6/grid30/point_060_history.json  (2 traces)

[ok] wrote experiments/results/poly_shared_weight_power_grid/d3/o6/grid30/point_060
[start] point_061 weights=(0.01, 0.01, 100.0) seconds=30
device=cuda dim=3 order=6 methods=('vanilla', 'sinh') bc_weights=0.01,0.01,100 seconds=30.0
[run] vanilla
[done] vanilla steps=14 ms/step=2191.84 L2=0.990825
[run] sinh
/root/miniconda3/envs/apolarity/lib/python3.11/site-packages/torch/nn/modules/module.py:1310: UserWarning: Complex modules are a new feature under active development whose design may change, and some modules might not work as expected when using complex tensors as parameters or buffers. Please file an issue at https://github.com/pytorch/pytorch/issues/new?template=bug-report.yml if a complex module does not work as expected.
  warnings.warn(
[done] sinh steps=11 ms/step=2892.35 L2=0.864818
[ok] wrote experiments/results/poly_shared_weight_power_grid/d3/o6/grid30/point_061_history.json  (2 traces)

[ok] wrote experiments/results/poly_shared_weight_power_grid/d3/o6/grid30/point_061
[start] point_062 weights=(0.01, 0.01, 1000.0) seconds=30
device=cuda dim=3 order=6 methods=('vanilla', 'sinh') bc_weights=0.01,0.01,1000 seconds=30.0
[run] vanilla
[done] vanilla steps=14 ms/step=2193.09 L2=0.998194
[run] sinh
/root/miniconda3/envs/apolarity/lib/python3.11/site-packages/torch/nn/modules/module.py:1310: UserWarning: Complex modules are a new feature under active development whose design may change, and some modules might not work as expected when using complex tensors as parameters or buffers. Please file an issue at https://github.com/pytorch/pytorch/issues/new?template=bug-report.yml if a complex module does not work as expected.
  warnings.warn(
[done] sinh steps=11 ms/step=2891.69 L2=0.998335
[ok] wrote experiments/results/poly_shared_weight_power_grid/d3/o6/grid30/point_062_history.json  (2 traces)

[ok] wrote experiments/results/poly_shared_weight_power_grid/d3/o6/grid30/point_062
[start] point_063 weights=(0.01, 0.1, 0.001) seconds=30
device=cuda dim=3 order=6 methods=('vanilla', 'sinh') bc_weights=0.01,0.1,0.001 seconds=30.0
[run] vanilla
[done] vanilla steps=14 ms/step=2168.99 L2=0.988655
[run] sinh
/root/miniconda3/envs/apolarity/lib/python3.11/site-packages/torch/nn/modules/module.py:1310: UserWarning: Complex modules are a new feature under active development whose design may change, and some modules might not work as expected when using complex tensors as parameters or buffers. Please file an issue at https://github.com/pytorch/pytorch/issues/new?template=bug-report.yml if a complex module does not work as expected.
  warnings.warn(
[done] sinh steps=11 ms/step=2889.93 L2=0.694469
[ok] wrote experiments/results/poly_shared_weight_power_grid/d3/o6/grid30/point_063_history.json  (2 traces)

[ok] wrote experiments/results/poly_shared_weight_power_grid/d3/o6/grid30/point_063
[start] point_064 weights=(0.01, 0.1, 0.01) seconds=30
device=cuda dim=3 order=6 methods=('vanilla', 'sinh') bc_weights=0.01,0.1,0.01 seconds=30.0
[run] vanilla
[done] vanilla steps=14 ms/step=2170.55 L2=0.988663
[run] sinh
/root/miniconda3/envs/apolarity/lib/python3.11/site-packages/torch/nn/modules/module.py:1310: UserWarning: Complex modules are a new feature under active development whose design may change, and some modules might not work as expected when using complex tensors as parameters or buffers. Please file an issue at https://github.com/pytorch/pytorch/issues/new?template=bug-report.yml if a complex module does not work as expected.
  warnings.warn(
[done] sinh steps=11 ms/step=2890.80 L2=0.693921
[ok] wrote experiments/results/poly_shared_weight_power_grid/d3/o6/grid30/point_064_history.json  (2 traces)

[ok] wrote experiments/results/poly_shared_weight_power_grid/d3/o6/grid30/point_064
[start] point_065 weights=(0.01, 0.1, 0.1) seconds=30
device=cuda dim=3 order=6 methods=('vanilla', 'sinh') bc_weights=0.01,0.1,0.1 seconds=30.0
[run] vanilla
[done] vanilla steps=14 ms/step=2198.49 L2=0.988838
[run] sinh
/root/miniconda3/envs/apolarity/lib/python3.11/site-packages/torch/nn/modules/module.py:1310: UserWarning: Complex modules are a new feature under active development whose design may change, and some modules might not work as expected when using complex tensors as parameters or buffers. Please file an issue at https://github.com/pytorch/pytorch/issues/new?template=bug-report.yml if a complex module does not work as expected.
  warnings.warn(
[done] sinh steps=11 ms/step=2892.41 L2=0.687071
[ok] wrote experiments/results/poly_shared_weight_power_grid/d3/o6/grid30/point_065_history.json  (2 traces)

[ok] wrote experiments/results/poly_shared_weight_power_grid/d3/o6/grid30/point_065
[start] point_066 weights=(0.01, 0.1, 1.0) seconds=30
device=cuda dim=3 order=6 methods=('vanilla', 'sinh') bc_weights=0.01,0.1,1 seconds=30.0
[run] vanilla
[done] vanilla steps=14 ms/step=2191.90 L2=0.988835
[run] sinh
/root/miniconda3/envs/apolarity/lib/python3.11/site-packages/torch/nn/modules/module.py:1310: UserWarning: Complex modules are a new feature under active development whose design may change, and some modules might not work as expected when using complex tensors as parameters or buffers. Please file an issue at https://github.com/pytorch/pytorch/issues/new?template=bug-report.yml if a complex module does not work as expected.
  warnings.warn(
[done] sinh steps=11 ms/step=2892.15 L2=0.641171
[ok] wrote experiments/results/poly_shared_weight_power_grid/d3/o6/grid30/point_066_history.json  (2 traces)

[ok] wrote experiments/results/poly_shared_weight_power_grid/d3/o6/grid30/point_066
[start] point_067 weights=(0.01, 0.1, 10.0) seconds=30
device=cuda dim=3 order=6 methods=('vanilla', 'sinh') bc_weights=0.01,0.1,10 seconds=30.0
[run] vanilla
[done] vanilla steps=14 ms/step=2160.83 L2=0.988857
[run] sinh
/root/miniconda3/envs/apolarity/lib/python3.11/site-packages/torch/nn/modules/module.py:1310: UserWarning: Complex modules are a new feature under active development whose design may change, and some modules might not work as expected when using complex tensors as parameters or buffers. Please file an issue at https://github.com/pytorch/pytorch/issues/new?template=bug-report.yml if a complex module does not work as expected.
  warnings.warn(
[done] sinh steps=11 ms/step=2889.93 L2=0.742378
[ok] wrote experiments/results/poly_shared_weight_power_grid/d3/o6/grid30/point_067_history.json  (2 traces)

[ok] wrote experiments/results/poly_shared_weight_power_grid/d3/o6/grid30/point_067
[start] point_068 weights=(0.01, 0.1, 100.0) seconds=30
device=cuda dim=3 order=6 methods=('vanilla', 'sinh') bc_weights=0.01,0.1,100 seconds=30.0
[run] vanilla
[done] vanilla steps=14 ms/step=2191.27 L2=0.990892
[run] sinh
/root/miniconda3/envs/apolarity/lib/python3.11/site-packages/torch/nn/modules/module.py:1310: UserWarning: Complex modules are a new feature under active development whose design may change, and some modules might not work as expected when using complex tensors as parameters or buffers. Please file an issue at https://github.com/pytorch/pytorch/issues/new?template=bug-report.yml if a complex module does not work as expected.
  warnings.warn(
[done] sinh steps=11 ms/step=2892.12 L2=0.811649
[ok] wrote experiments/results/poly_shared_weight_power_grid/d3/o6/grid30/point_068_history.json  (2 traces)

[ok] wrote experiments/results/poly_shared_weight_power_grid/d3/o6/grid30/point_068
[start] point_069 weights=(0.01, 0.1, 1000.0) seconds=30
device=cuda dim=3 order=6 methods=('vanilla', 'sinh') bc_weights=0.01,0.1,1000 seconds=30.0
[run] vanilla
[done] vanilla steps=14 ms/step=2201.72 L2=0.998201
[run] sinh
/root/miniconda3/envs/apolarity/lib/python3.11/site-packages/torch/nn/modules/module.py:1310: UserWarning: Complex modules are a new feature under active development whose design may change, and some modules might not work as expected when using complex tensors as parameters or buffers. Please file an issue at https://github.com/pytorch/pytorch/issues/new?template=bug-report.yml if a complex module does not work as expected.
  warnings.warn(
[done] sinh steps=11 ms/step=2892.45 L2=0.998346
[ok] wrote experiments/results/poly_shared_weight_power_grid/d3/o6/grid30/point_069_history.json  (2 traces)

[ok] wrote experiments/results/poly_shared_weight_power_grid/d3/o6/grid30/point_069
[start] point_070 weights=(0.01, 1.0, 0.001) seconds=30
device=cuda dim=3 order=6 methods=('vanilla', 'sinh') bc_weights=0.01,1,0.001 seconds=30.0
[run] vanilla
[done] vanilla steps=14 ms/step=2199.43 L2=0.989671
[run] sinh
/root/miniconda3/envs/apolarity/lib/python3.11/site-packages/torch/nn/modules/module.py:1310: UserWarning: Complex modules are a new feature under active development whose design may change, and some modules might not work as expected when using complex tensors as parameters or buffers. Please file an issue at https://github.com/pytorch/pytorch/issues/new?template=bug-report.yml if a complex module does not work as expected.
  warnings.warn(
[done] sinh steps=11 ms/step=2891.95 L2=0.606963
[ok] wrote experiments/results/poly_shared_weight_power_grid/d3/o6/grid30/point_070_history.json  (2 traces)

[ok] wrote experiments/results/poly_shared_weight_power_grid/d3/o6/grid30/point_070
[start] point_071 weights=(0.01, 1.0, 0.01) seconds=30
device=cuda dim=3 order=6 methods=('vanilla', 'sinh') bc_weights=0.01,1,0.01 seconds=30.0
[run] vanilla
[done] vanilla steps=14 ms/step=2172.56 L2=0.98953
[run] sinh
/root/miniconda3/envs/apolarity/lib/python3.11/site-packages/torch/nn/modules/module.py:1310: UserWarning: Complex modules are a new feature under active development whose design may change, and some modules might not work as expected when using complex tensors as parameters or buffers. Please file an issue at https://github.com/pytorch/pytorch/issues/new?template=bug-report.yml if a complex module does not work as expected.
  warnings.warn(
[done] sinh steps=11 ms/step=2891.79 L2=0.605976
[ok] wrote experiments/results/poly_shared_weight_power_grid/d3/o6/grid30/point_071_history.json  (2 traces)

[ok] wrote experiments/results/poly_shared_weight_power_grid/d3/o6/grid30/point_071
[start] point_072 weights=(0.01, 1.0, 0.1) seconds=30
device=cuda dim=3 order=6 methods=('vanilla', 'sinh') bc_weights=0.01,1,0.1 seconds=30.0
[run] vanilla
[done] vanilla steps=14 ms/step=2191.91 L2=0.989635
[run] sinh
/root/miniconda3/envs/apolarity/lib/python3.11/site-packages/torch/nn/modules/module.py:1310: UserWarning: Complex modules are a new feature under active development whose design may change, and some modules might not work as expected when using complex tensors as parameters or buffers. Please file an issue at https://github.com/pytorch/pytorch/issues/new?template=bug-report.yml if a complex module does not work as expected.
  warnings.warn(
[done] sinh steps=11 ms/step=2891.64 L2=0.596709
[ok] wrote experiments/results/poly_shared_weight_power_grid/d3/o6/grid30/point_072_history.json  (2 traces)

[ok] wrote experiments/results/poly_shared_weight_power_grid/d3/o6/grid30/point_072
[start] point_073 weights=(0.01, 1.0, 1.0) seconds=30
device=cuda dim=3 order=6 methods=('vanilla', 'sinh') bc_weights=0.01,1,1 seconds=30.0
[run] vanilla
[done] vanilla steps=14 ms/step=2219.68 L2=0.98979
[run] sinh
/root/miniconda3/envs/apolarity/lib/python3.11/site-packages/torch/nn/modules/module.py:1310: UserWarning: Complex modules are a new feature under active development whose design may change, and some modules might not work as expected when using complex tensors as parameters or buffers. Please file an issue at https://github.com/pytorch/pytorch/issues/new?template=bug-report.yml if a complex module does not work as expected.
  warnings.warn(
[done] sinh steps=11 ms/step=2895.63 L2=0.52931
[ok] wrote experiments/results/poly_shared_weight_power_grid/d3/o6/grid30/point_073_history.json  (2 traces)

[ok] wrote experiments/results/poly_shared_weight_power_grid/d3/o6/grid30/point_073
[start] point_074 weights=(0.01, 1.0, 10.0) seconds=30
device=cuda dim=3 order=6 methods=('vanilla', 'sinh') bc_weights=0.01,1,10 seconds=30.0
[run] vanilla
[done] vanilla steps=14 ms/step=2191.55 L2=0.989833
[run] sinh
/root/miniconda3/envs/apolarity/lib/python3.11/site-packages/torch/nn/modules/module.py:1310: UserWarning: Complex modules are a new feature under active development whose design may change, and some modules might not work as expected when using complex tensors as parameters or buffers. Please file an issue at https://github.com/pytorch/pytorch/issues/new?template=bug-report.yml if a complex module does not work as expected.
  warnings.warn(
[done] sinh steps=11 ms/step=2892.24 L2=0.458118
[ok] wrote experiments/results/poly_shared_weight_power_grid/d3/o6/grid30/point_074_history.json  (2 traces)

[ok] wrote experiments/results/poly_shared_weight_power_grid/d3/o6/grid30/point_074
[start] point_075 weights=(0.01, 1.0, 100.0) seconds=30
device=cuda dim=3 order=6 methods=('vanilla', 'sinh') bc_weights=0.01,1,100 seconds=30.0
[run] vanilla
[done] vanilla steps=14 ms/step=2169.16 L2=0.991438
[run] sinh
/root/miniconda3/envs/apolarity/lib/python3.11/site-packages/torch/nn/modules/module.py:1310: UserWarning: Complex modules are a new feature under active development whose design may change, and some modules might not work as expected when using complex tensors as parameters or buffers. Please file an issue at https://github.com/pytorch/pytorch/issues/new?template=bug-report.yml if a complex module does not work as expected.
  warnings.warn(
[done] sinh steps=11 ms/step=2889.91 L2=0.568482
[ok] wrote experiments/results/poly_shared_weight_power_grid/d3/o6/grid30/point_075_history.json  (2 traces)

[ok] wrote experiments/results/poly_shared_weight_power_grid/d3/o6/grid30/point_075
[start] point_076 weights=(0.01, 1.0, 1000.0) seconds=30
device=cuda dim=3 order=6 methods=('vanilla', 'sinh') bc_weights=0.01,1,1000 seconds=30.0
[run] vanilla
[done] vanilla steps=14 ms/step=2177.54 L2=0.998268
[run] sinh
/root/miniconda3/envs/apolarity/lib/python3.11/site-packages/torch/nn/modules/module.py:1310: UserWarning: Complex modules are a new feature under active development whose design may change, and some modules might not work as expected when using complex tensors as parameters or buffers. Please file an issue at https://github.com/pytorch/pytorch/issues/new?template=bug-report.yml if a complex module does not work as expected.
  warnings.warn(
[done] sinh steps=11 ms/step=2890.86 L2=0.998471
[ok] wrote experiments/results/poly_shared_weight_power_grid/d3/o6/grid30/point_076_history.json  (2 traces)

[ok] wrote experiments/results/poly_shared_weight_power_grid/d3/o6/grid30/point_076
[start] point_077 weights=(0.01, 10.0, 0.001) seconds=30
device=cuda dim=3 order=6 methods=('vanilla', 'sinh') bc_weights=0.01,10,0.001 seconds=30.0
[run] vanilla
[done] vanilla steps=14 ms/step=2168.11 L2=0.994661
[run] sinh
/root/miniconda3/envs/apolarity/lib/python3.11/site-packages/torch/nn/modules/module.py:1310: UserWarning: Complex modules are a new feature under active development whose design may change, and some modules might not work as expected when using complex tensors as parameters or buffers. Please file an issue at https://github.com/pytorch/pytorch/issues/new?template=bug-report.yml if a complex module does not work as expected.
  warnings.warn(
[done] sinh steps=11 ms/step=2890.31 L2=0.559266
[ok] wrote experiments/results/poly_shared_weight_power_grid/d3/o6/grid30/point_077_history.json  (2 traces)

[ok] wrote experiments/results/poly_shared_weight_power_grid/d3/o6/grid30/point_077
[start] point_078 weights=(0.01, 10.0, 0.01) seconds=30
device=cuda dim=3 order=6 methods=('vanilla', 'sinh') bc_weights=0.01,10,0.01 seconds=30.0
[run] vanilla
[done] vanilla steps=14 ms/step=2179.19 L2=0.994666
[run] sinh
/root/miniconda3/envs/apolarity/lib/python3.11/site-packages/torch/nn/modules/module.py:1310: UserWarning: Complex modules are a new feature under active development whose design may change, and some modules might not work as expected when using complex tensors as parameters or buffers. Please file an issue at https://github.com/pytorch/pytorch/issues/new?template=bug-report.yml if a complex module does not work as expected.
  warnings.warn(
[done] sinh steps=11 ms/step=2891.06 L2=0.559356
[ok] wrote experiments/results/poly_shared_weight_power_grid/d3/o6/grid30/point_078_history.json  (2 traces)

[ok] wrote experiments/results/poly_shared_weight_power_grid/d3/o6/grid30/point_078
[start] point_079 weights=(0.01, 10.0, 0.1) seconds=30
device=cuda dim=3 order=6 methods=('vanilla', 'sinh') bc_weights=0.01,10,0.1 seconds=30.0
[run] vanilla
[done] vanilla steps=14 ms/step=2189.98 L2=0.994683
[run] sinh
/root/miniconda3/envs/apolarity/lib/python3.11/site-packages/torch/nn/modules/module.py:1310: UserWarning: Complex modules are a new feature under active development whose design may change, and some modules might not work as expected when using complex tensors as parameters or buffers. Please file an issue at https://github.com/pytorch/pytorch/issues/new?template=bug-report.yml if a complex module does not work as expected.
  warnings.warn(
[done] sinh steps=11 ms/step=2891.79 L2=0.560002
[ok] wrote experiments/results/poly_shared_weight_power_grid/d3/o6/grid30/point_079_history.json  (2 traces)

[ok] wrote experiments/results/poly_shared_weight_power_grid/d3/o6/grid30/point_079
[start] point_080 weights=(0.01, 10.0, 1.0) seconds=30
device=cuda dim=3 order=6 methods=('vanilla', 'sinh') bc_weights=0.01,10,1 seconds=30.0
[run] vanilla
[done] vanilla steps=14 ms/step=2170.76 L2=0.994672
[run] sinh
/root/miniconda3/envs/apolarity/lib/python3.11/site-packages/torch/nn/modules/module.py:1310: UserWarning: Complex modules are a new feature under active development whose design may change, and some modules might not work as expected when using complex tensors as parameters or buffers. Please file an issue at https://github.com/pytorch/pytorch/issues/new?template=bug-report.yml if a complex module does not work as expected.
  warnings.warn(
[done] sinh steps=11 ms/step=2891.11 L2=0.566037
[ok] wrote experiments/results/poly_shared_weight_power_grid/d3/o6/grid30/point_080_history.json  (2 traces)

[ok] wrote experiments/results/poly_shared_weight_power_grid/d3/o6/grid30/point_080
[start] point_081 weights=(0.01, 10.0, 10.0) seconds=30
device=cuda dim=3 order=6 methods=('vanilla', 'sinh') bc_weights=0.01,10,10 seconds=30.0
[run] vanilla
[done] vanilla steps=14 ms/step=2194.82 L2=0.994772
[run] sinh
/root/miniconda3/envs/apolarity/lib/python3.11/site-packages/torch/nn/modules/module.py:1310: UserWarning: Complex modules are a new feature under active development whose design may change, and some modules might not work as expected when using complex tensors as parameters or buffers. Please file an issue at https://github.com/pytorch/pytorch/issues/new?template=bug-report.yml if a complex module does not work as expected.
  warnings.warn(
[done] sinh steps=11 ms/step=2894.52 L2=0.63749
[ok] wrote experiments/results/poly_shared_weight_power_grid/d3/o6/grid30/point_081_history.json  (2 traces)

[ok] wrote experiments/results/poly_shared_weight_power_grid/d3/o6/grid30/point_081
[start] point_082 weights=(0.01, 10.0, 100.0) seconds=30
device=cuda dim=3 order=6 methods=('vanilla', 'sinh') bc_weights=0.01,10,100 seconds=30.0
[run] vanilla
[done] vanilla steps=14 ms/step=2196.47 L2=0.995489
[run] sinh
/root/miniconda3/envs/apolarity/lib/python3.11/site-packages/torch/nn/modules/module.py:1310: UserWarning: Complex modules are a new feature under active development whose design may change, and some modules might not work as expected when using complex tensors as parameters or buffers. Please file an issue at https://github.com/pytorch/pytorch/issues/new?template=bug-report.yml if a complex module does not work as expected.
  warnings.warn(
[done] sinh steps=11 ms/step=2894.08 L2=0.828118
[ok] wrote experiments/results/poly_shared_weight_power_grid/d3/o6/grid30/point_082_history.json  (2 traces)

[ok] wrote experiments/results/poly_shared_weight_power_grid/d3/o6/grid30/point_082
[start] point_083 weights=(0.01, 10.0, 1000.0) seconds=30
device=cuda dim=3 order=6 methods=('vanilla', 'sinh') bc_weights=0.01,10,1000 seconds=30.0
[run] vanilla
[done] vanilla steps=14 ms/step=2169.96 L2=0.998773
[run] sinh
/root/miniconda3/envs/apolarity/lib/python3.11/site-packages/torch/nn/modules/module.py:1310: UserWarning: Complex modules are a new feature under active development whose design may change, and some modules might not work as expected when using complex tensors as parameters or buffers. Please file an issue at https://github.com/pytorch/pytorch/issues/new?template=bug-report.yml if a complex module does not work as expected.
  warnings.warn(
[done] sinh steps=11 ms/step=2890.37 L2=0.999291
[ok] wrote experiments/results/poly_shared_weight_power_grid/d3/o6/grid30/point_083_history.json  (2 traces)

[ok] wrote experiments/results/poly_shared_weight_power_grid/d3/o6/grid30/point_083
[start] point_084 weights=(0.01, 100.0, 0.001) seconds=30
device=cuda dim=3 order=6 methods=('vanilla', 'sinh') bc_weights=0.01,100,0.001 seconds=30.0
[run] vanilla
[done] vanilla steps=14 ms/step=2193.51 L2=1.00004
[run] sinh
/root/miniconda3/envs/apolarity/lib/python3.11/site-packages/torch/nn/modules/module.py:1310: UserWarning: Complex modules are a new feature under active development whose design may change, and some modules might not work as expected when using complex tensors as parameters or buffers. Please file an issue at https://github.com/pytorch/pytorch/issues/new?template=bug-report.yml if a complex module does not work as expected.
  warnings.warn(
[done] sinh steps=11 ms/step=2892.30 L2=0.998209
[ok] wrote experiments/results/poly_shared_weight_power_grid/d3/o6/grid30/point_084_history.json  (2 traces)

[ok] wrote experiments/results/poly_shared_weight_power_grid/d3/o6/grid30/point_084
[start] point_085 weights=(0.01, 100.0, 0.01) seconds=30
device=cuda dim=3 order=6 methods=('vanilla', 'sinh') bc_weights=0.01,100,0.01 seconds=30.0
[run] vanilla
[done] vanilla steps=14 ms/step=2203.25 L2=1.00005
[run] sinh
/root/miniconda3/envs/apolarity/lib/python3.11/site-packages/torch/nn/modules/module.py:1310: UserWarning: Complex modules are a new feature under active development whose design may change, and some modules might not work as expected when using complex tensors as parameters or buffers. Please file an issue at https://github.com/pytorch/pytorch/issues/new?template=bug-report.yml if a complex module does not work as expected.
  warnings.warn(
[done] sinh steps=11 ms/step=2893.03 L2=0.998209
[ok] wrote experiments/results/poly_shared_weight_power_grid/d3/o6/grid30/point_085_history.json  (2 traces)

[ok] wrote experiments/results/poly_shared_weight_power_grid/d3/o6/grid30/point_085
[start] point_086 weights=(0.01, 100.0, 0.1) seconds=30
device=cuda dim=3 order=6 methods=('vanilla', 'sinh') bc_weights=0.01,100,0.1 seconds=30.0
[run] vanilla
[done] vanilla steps=14 ms/step=2177.89 L2=1.00002
[run] sinh
/root/miniconda3/envs/apolarity/lib/python3.11/site-packages/torch/nn/modules/module.py:1310: UserWarning: Complex modules are a new feature under active development whose design may change, and some modules might not work as expected when using complex tensors as parameters or buffers. Please file an issue at https://github.com/pytorch/pytorch/issues/new?template=bug-report.yml if a complex module does not work as expected.
  warnings.warn(
[done] sinh steps=11 ms/step=2890.52 L2=0.998211
[ok] wrote experiments/results/poly_shared_weight_power_grid/d3/o6/grid30/point_086_history.json  (2 traces)

[ok] wrote experiments/results/poly_shared_weight_power_grid/d3/o6/grid30/point_086
[start] point_087 weights=(0.01, 100.0, 1.0) seconds=30
device=cuda dim=3 order=6 methods=('vanilla', 'sinh') bc_weights=0.01,100,1 seconds=30.0
[run] vanilla
[done] vanilla steps=14 ms/step=2191.63 L2=1.00004
[run] sinh
/root/miniconda3/envs/apolarity/lib/python3.11/site-packages/torch/nn/modules/module.py:1310: UserWarning: Complex modules are a new feature under active development whose design may change, and some modules might not work as expected when using complex tensors as parameters or buffers. Please file an issue at https://github.com/pytorch/pytorch/issues/new?template=bug-report.yml if a complex module does not work as expected.
  warnings.warn(
[done] sinh steps=11 ms/step=2890.72 L2=0.998222
[ok] wrote experiments/results/poly_shared_weight_power_grid/d3/o6/grid30/point_087_history.json  (2 traces)

[ok] wrote experiments/results/poly_shared_weight_power_grid/d3/o6/grid30/point_087
[start] point_088 weights=(0.01, 100.0, 10.0) seconds=30
device=cuda dim=3 order=6 methods=('vanilla', 'sinh') bc_weights=0.01,100,10 seconds=30.0
[run] vanilla
[done] vanilla steps=14 ms/step=2206.75 L2=1.00005
[run] sinh
/root/miniconda3/envs/apolarity/lib/python3.11/site-packages/torch/nn/modules/module.py:1310: UserWarning: Complex modules are a new feature under active development whose design may change, and some modules might not work as expected when using complex tensors as parameters or buffers. Please file an issue at https://github.com/pytorch/pytorch/issues/new?template=bug-report.yml if a complex module does not work as expected.
  warnings.warn(
[done] sinh steps=11 ms/step=2892.26 L2=0.998214
[ok] wrote experiments/results/poly_shared_weight_power_grid/d3/o6/grid30/point_088_history.json  (2 traces)

[ok] wrote experiments/results/poly_shared_weight_power_grid/d3/o6/grid30/point_088
[start] point_089 weights=(0.01, 100.0, 100.0) seconds=30
device=cuda dim=3 order=6 methods=('vanilla', 'sinh') bc_weights=0.01,100,100 seconds=30.0
[run] vanilla
[done] vanilla steps=14 ms/step=2187.80 L2=1.00006
[run] sinh
/root/miniconda3/envs/apolarity/lib/python3.11/site-packages/torch/nn/modules/module.py:1310: UserWarning: Complex modules are a new feature under active development whose design may change, and some modules might not work as expected when using complex tensors as parameters or buffers. Please file an issue at https://github.com/pytorch/pytorch/issues/new?template=bug-report.yml if a complex module does not work as expected.
  warnings.warn(
[done] sinh steps=11 ms/step=2890.72 L2=0.998715
[ok] wrote experiments/results/poly_shared_weight_power_grid/d3/o6/grid30/point_089_history.json  (2 traces)

[ok] wrote experiments/results/poly_shared_weight_power_grid/d3/o6/grid30/point_089
[start] point_090 weights=(0.01, 100.0, 1000.0) seconds=30
device=cuda dim=3 order=6 methods=('vanilla', 'sinh') bc_weights=0.01,100,1000 seconds=30.0
[run] vanilla
[done] vanilla steps=14 ms/step=2171.77 L2=1.00017
[run] sinh
/root/miniconda3/envs/apolarity/lib/python3.11/site-packages/torch/nn/modules/module.py:1310: UserWarning: Complex modules are a new feature under active development whose design may change, and some modules might not work as expected when using complex tensors as parameters or buffers. Please file an issue at https://github.com/pytorch/pytorch/issues/new?template=bug-report.yml if a complex module does not work as expected.
  warnings.warn(
[done] sinh steps=11 ms/step=2890.10 L2=1.00338
[ok] wrote experiments/results/poly_shared_weight_power_grid/d3/o6/grid30/point_090_history.json  (2 traces)

[ok] wrote experiments/results/poly_shared_weight_power_grid/d3/o6/grid30/point_090
[start] point_091 weights=(0.01, 1000.0, 0.001) seconds=30
device=cuda dim=3 order=6 methods=('vanilla', 'sinh') bc_weights=0.01,1000,0.001 seconds=30.0
[run] vanilla
[done] vanilla steps=14 ms/step=2166.17 L2=1.00002
[run] sinh
/root/miniconda3/envs/apolarity/lib/python3.11/site-packages/torch/nn/modules/module.py:1310: UserWarning: Complex modules are a new feature under active development whose design may change, and some modules might not work as expected when using complex tensors as parameters or buffers. Please file an issue at https://github.com/pytorch/pytorch/issues/new?template=bug-report.yml if a complex module does not work as expected.
  warnings.warn(
[done] sinh steps=11 ms/step=2890.85 L2=1.01391
[ok] wrote experiments/results/poly_shared_weight_power_grid/d3/o6/grid30/point_091_history.json  (2 traces)

[ok] wrote experiments/results/poly_shared_weight_power_grid/d3/o6/grid30/point_091
[start] point_092 weights=(0.01, 1000.0, 0.01) seconds=30
device=cuda dim=3 order=6 methods=('vanilla', 'sinh') bc_weights=0.01,1000,0.01 seconds=30.0
[run] vanilla
[done] vanilla steps=14 ms/step=2179.26 L2=1.00002
[run] sinh
/root/miniconda3/envs/apolarity/lib/python3.11/site-packages/torch/nn/modules/module.py:1310: UserWarning: Complex modules are a new feature under active development whose design may change, and some modules might not work as expected when using complex tensors as parameters or buffers. Please file an issue at https://github.com/pytorch/pytorch/issues/new?template=bug-report.yml if a complex module does not work as expected.
  warnings.warn(
[done] sinh steps=11 ms/step=2890.90 L2=1.01391
[ok] wrote experiments/results/poly_shared_weight_power_grid/d3/o6/grid30/point_092_history.json  (2 traces)

[ok] wrote experiments/results/poly_shared_weight_power_grid/d3/o6/grid30/point_092
[start] point_093 weights=(0.01, 1000.0, 0.1) seconds=30
device=cuda dim=3 order=6 methods=('vanilla', 'sinh') bc_weights=0.01,1000,0.1 seconds=30.0
[run] vanilla
[done] vanilla steps=14 ms/step=2192.93 L2=1.00003
[run] sinh
/root/miniconda3/envs/apolarity/lib/python3.11/site-packages/torch/nn/modules/module.py:1310: UserWarning: Complex modules are a new feature under active development whose design may change, and some modules might not work as expected when using complex tensors as parameters or buffers. Please file an issue at https://github.com/pytorch/pytorch/issues/new?template=bug-report.yml if a complex module does not work as expected.
  warnings.warn(
[done] sinh steps=11 ms/step=2892.44 L2=1.01391
[ok] wrote experiments/results/poly_shared_weight_power_grid/d3/o6/grid30/point_093_history.json  (2 traces)

[ok] wrote experiments/results/poly_shared_weight_power_grid/d3/o6/grid30/point_093
[start] point_094 weights=(0.01, 1000.0, 1.0) seconds=30
device=cuda dim=3 order=6 methods=('vanilla', 'sinh') bc_weights=0.01,1000,1 seconds=30.0
[run] vanilla
[done] vanilla steps=14 ms/step=2169.17 L2=1.00002
[run] sinh
/root/miniconda3/envs/apolarity/lib/python3.11/site-packages/torch/nn/modules/module.py:1310: UserWarning: Complex modules are a new feature under active development whose design may change, and some modules might not work as expected when using complex tensors as parameters or buffers. Please file an issue at https://github.com/pytorch/pytorch/issues/new?template=bug-report.yml if a complex module does not work as expected.
  warnings.warn(
[done] sinh steps=11 ms/step=2890.37 L2=1.01391
[ok] wrote experiments/results/poly_shared_weight_power_grid/d3/o6/grid30/point_094_history.json  (2 traces)

[ok] wrote experiments/results/poly_shared_weight_power_grid/d3/o6/grid30/point_094
[start] point_095 weights=(0.01, 1000.0, 10.0) seconds=30
device=cuda dim=3 order=6 methods=('vanilla', 'sinh') bc_weights=0.01,1000,10 seconds=30.0
[run] vanilla
[done] vanilla steps=14 ms/step=2195.63 L2=1.00003
[run] sinh
/root/miniconda3/envs/apolarity/lib/python3.11/site-packages/torch/nn/modules/module.py:1310: UserWarning: Complex modules are a new feature under active development whose design may change, and some modules might not work as expected when using complex tensors as parameters or buffers. Please file an issue at https://github.com/pytorch/pytorch/issues/new?template=bug-report.yml if a complex module does not work as expected.
  warnings.warn(
[done] sinh steps=11 ms/step=2892.11 L2=1.0139
[ok] wrote experiments/results/poly_shared_weight_power_grid/d3/o6/grid30/point_095_history.json  (2 traces)

[ok] wrote experiments/results/poly_shared_weight_power_grid/d3/o6/grid30/point_095
[start] point_096 weights=(0.01, 1000.0, 100.0) seconds=30
device=cuda dim=3 order=6 methods=('vanilla', 'sinh') bc_weights=0.01,1000,100 seconds=30.0
[run] vanilla
[done] vanilla steps=14 ms/step=2195.74 L2=1.00003
[run] sinh
/root/miniconda3/envs/apolarity/lib/python3.11/site-packages/torch/nn/modules/module.py:1310: UserWarning: Complex modules are a new feature under active development whose design may change, and some modules might not work as expected when using complex tensors as parameters or buffers. Please file an issue at https://github.com/pytorch/pytorch/issues/new?template=bug-report.yml if a complex module does not work as expected.
  warnings.warn(
[done] sinh steps=11 ms/step=2892.25 L2=1.01395
[ok] wrote experiments/results/poly_shared_weight_power_grid/d3/o6/grid30/point_096_history.json  (2 traces)

[ok] wrote experiments/results/poly_shared_weight_power_grid/d3/o6/grid30/point_096
[start] point_097 weights=(0.01, 1000.0, 1000.0) seconds=30
device=cuda dim=3 order=6 methods=('vanilla', 'sinh') bc_weights=0.01,1000,1000 seconds=30.0
[run] vanilla
[done] vanilla steps=14 ms/step=2216.44 L2=1.00003
[run] sinh
/root/miniconda3/envs/apolarity/lib/python3.11/site-packages/torch/nn/modules/module.py:1310: UserWarning: Complex modules are a new feature under active development whose design may change, and some modules might not work as expected when using complex tensors as parameters or buffers. Please file an issue at https://github.com/pytorch/pytorch/issues/new?template=bug-report.yml if a complex module does not work as expected.
  warnings.warn(
[done] sinh steps=11 ms/step=2892.69 L2=1.01472
[ok] wrote experiments/results/poly_shared_weight_power_grid/d3/o6/grid30/point_097_history.json  (2 traces)

[ok] wrote experiments/results/poly_shared_weight_power_grid/d3/o6/grid30/point_097
[start] point_098 weights=(0.1, 0.001, 0.001) seconds=30
device=cuda dim=3 order=6 methods=('vanilla', 'sinh') bc_weights=0.1,0.001,0.001 seconds=30.0
[run] vanilla
[done] vanilla steps=14 ms/step=2203.17 L2=0.999082
[run] sinh
/root/miniconda3/envs/apolarity/lib/python3.11/site-packages/torch/nn/modules/module.py:1310: UserWarning: Complex modules are a new feature under active development whose design may change, and some modules might not work as expected when using complex tensors as parameters or buffers. Please file an issue at https://github.com/pytorch/pytorch/issues/new?template=bug-report.yml if a complex module does not work as expected.
  warnings.warn(
[done] sinh steps=11 ms/step=2892.04 L2=0.437371
[ok] wrote experiments/results/poly_shared_weight_power_grid/d3/o6/grid30/point_098_history.json  (2 traces)

[ok] wrote experiments/results/poly_shared_weight_power_grid/d3/o6/grid30/point_098
[start] point_099 weights=(0.1, 0.001, 0.01) seconds=30
device=cuda dim=3 order=6 methods=('vanilla', 'sinh') bc_weights=0.1,0.001,0.01 seconds=30.0
[run] vanilla
[done] vanilla steps=14 ms/step=2192.55 L2=0.999067
[run] sinh
/root/miniconda3/envs/apolarity/lib/python3.11/site-packages/torch/nn/modules/module.py:1310: UserWarning: Complex modules are a new feature under active development whose design may change, and some modules might not work as expected when using complex tensors as parameters or buffers. Please file an issue at https://github.com/pytorch/pytorch/issues/new?template=bug-report.yml if a complex module does not work as expected.
  warnings.warn(
[done] sinh steps=11 ms/step=2892.06 L2=0.436993
[ok] wrote experiments/results/poly_shared_weight_power_grid/d3/o6/grid30/point_099_history.json  (2 traces)

[ok] wrote experiments/results/poly_shared_weight_power_grid/d3/o6/grid30/point_099
[start] point_100 weights=(0.1, 0.001, 0.1) seconds=30
device=cuda dim=3 order=6 methods=('vanilla', 'sinh') bc_weights=0.1,0.001,0.1 seconds=30.0
[run] vanilla
[done] vanilla steps=14 ms/step=2165.28 L2=0.999029
[run] sinh
/root/miniconda3/envs/apolarity/lib/python3.11/site-packages/torch/nn/modules/module.py:1310: UserWarning: Complex modules are a new feature under active development whose design may change, and some modules might not work as expected when using complex tensors as parameters or buffers. Please file an issue at https://github.com/pytorch/pytorch/issues/new?template=bug-report.yml if a complex module does not work as expected.
  warnings.warn(
[done] sinh steps=11 ms/step=2891.11 L2=0.433171
[ok] wrote experiments/results/poly_shared_weight_power_grid/d3/o6/grid30/point_100_history.json  (2 traces)

[ok] wrote experiments/results/poly_shared_weight_power_grid/d3/o6/grid30/point_100
[start] point_101 weights=(0.1, 0.001, 1.0) seconds=30
device=cuda dim=3 order=6 methods=('vanilla', 'sinh') bc_weights=0.1,0.001,1 seconds=30.0
[run] vanilla
[done] vanilla steps=14 ms/step=2188.04 L2=0.99906
[run] sinh
/root/miniconda3/envs/apolarity/lib/python3.11/site-packages/torch/nn/modules/module.py:1310: UserWarning: Complex modules are a new feature under active development whose design may change, and some modules might not work as expected when using complex tensors as parameters or buffers. Please file an issue at https://github.com/pytorch/pytorch/issues/new?template=bug-report.yml if a complex module does not work as expected.
  warnings.warn(
[done] sinh steps=11 ms/step=2891.65 L2=0.405397
[ok] wrote experiments/results/poly_shared_weight_power_grid/d3/o6/grid30/point_101_history.json  (2 traces)

[ok] wrote experiments/results/poly_shared_weight_power_grid/d3/o6/grid30/point_101
[start] point_102 weights=(0.1, 0.001, 10.0) seconds=30
device=cuda dim=3 order=6 methods=('vanilla', 'sinh') bc_weights=0.1,0.001,10 seconds=30.0
[run] vanilla
[done] vanilla steps=14 ms/step=2187.33 L2=0.999064
[run] sinh
/root/miniconda3/envs/apolarity/lib/python3.11/site-packages/torch/nn/modules/module.py:1310: UserWarning: Complex modules are a new feature under active development whose design may change, and some modules might not work as expected when using complex tensors as parameters or buffers. Please file an issue at https://github.com/pytorch/pytorch/issues/new?template=bug-report.yml if a complex module does not work as expected.
  warnings.warn(
[done] sinh steps=11 ms/step=2890.76 L2=0.486027
[ok] wrote experiments/results/poly_shared_weight_power_grid/d3/o6/grid30/point_102_history.json  (2 traces)

[ok] wrote experiments/results/poly_shared_weight_power_grid/d3/o6/grid30/point_102
[start] point_103 weights=(0.1, 0.001, 100.0) seconds=30
device=cuda dim=3 order=6 methods=('vanilla', 'sinh') bc_weights=0.1,0.001,100 seconds=30.0
[run] vanilla
[done] vanilla steps=14 ms/step=2172.48 L2=0.99909
[run] sinh
/root/miniconda3/envs/apolarity/lib/python3.11/site-packages/torch/nn/modules/module.py:1310: UserWarning: Complex modules are a new feature under active development whose design may change, and some modules might not work as expected when using complex tensors as parameters or buffers. Please file an issue at https://github.com/pytorch/pytorch/issues/new?template=bug-report.yml if a complex module does not work as expected.
  warnings.warn(
[done] sinh steps=11 ms/step=2891.53 L2=0.598001
[ok] wrote experiments/results/poly_shared_weight_power_grid/d3/o6/grid30/point_103_history.json  (2 traces)

[ok] wrote experiments/results/poly_shared_weight_power_grid/d3/o6/grid30/point_103
[start] point_104 weights=(0.1, 0.001, 1000.0) seconds=30
device=cuda dim=3 order=6 methods=('vanilla', 'sinh') bc_weights=0.1,0.001,1000 seconds=30.0
[run] vanilla
[done] vanilla steps=14 ms/step=2195.17 L2=0.999505
[run] sinh
/root/miniconda3/envs/apolarity/lib/python3.11/site-packages/torch/nn/modules/module.py:1310: UserWarning: Complex modules are a new feature under active development whose design may change, and some modules might not work as expected when using complex tensors as parameters or buffers. Please file an issue at https://github.com/pytorch/pytorch/issues/new?template=bug-report.yml if a complex module does not work as expected.
  warnings.warn(
[done] sinh steps=11 ms/step=2892.42 L2=0.994987
[ok] wrote experiments/results/poly_shared_weight_power_grid/d3/o6/grid30/point_104_history.json  (2 traces)

[ok] wrote experiments/results/poly_shared_weight_power_grid/d3/o6/grid30/point_104
[start] point_105 weights=(0.1, 0.01, 0.001) seconds=30
device=cuda dim=3 order=6 methods=('vanilla', 'sinh') bc_weights=0.1,0.01,0.001 seconds=30.0
[run] vanilla
[done] vanilla steps=14 ms/step=2197.16 L2=0.999073
[run] sinh
/root/miniconda3/envs/apolarity/lib/python3.11/site-packages/torch/nn/modules/module.py:1310: UserWarning: Complex modules are a new feature under active development whose design may change, and some modules might not work as expected when using complex tensors as parameters or buffers. Please file an issue at https://github.com/pytorch/pytorch/issues/new?template=bug-report.yml if a complex module does not work as expected.
  warnings.warn(
[done] sinh steps=11 ms/step=2892.22 L2=0.436912
[ok] wrote experiments/results/poly_shared_weight_power_grid/d3/o6/grid30/point_105_history.json  (2 traces)

[ok] wrote experiments/results/poly_shared_weight_power_grid/d3/o6/grid30/point_105
[start] point_106 weights=(0.1, 0.01, 0.01) seconds=30
device=cuda dim=3 order=6 methods=('vanilla', 'sinh') bc_weights=0.1,0.01,0.01 seconds=30.0
[run] vanilla
[done] vanilla steps=14 ms/step=2171.56 L2=0.999036
[run] sinh
/root/miniconda3/envs/apolarity/lib/python3.11/site-packages/torch/nn/modules/module.py:1310: UserWarning: Complex modules are a new feature under active development whose design may change, and some modules might not work as expected when using complex tensors as parameters or buffers. Please file an issue at https://github.com/pytorch/pytorch/issues/new?template=bug-report.yml if a complex module does not work as expected.
  warnings.warn(
[done] sinh steps=11 ms/step=2890.37 L2=0.4364
[ok] wrote experiments/results/poly_shared_weight_power_grid/d3/o6/grid30/point_106_history.json  (2 traces)

[ok] wrote experiments/results/poly_shared_weight_power_grid/d3/o6/grid30/point_106
[start] point_107 weights=(0.1, 0.01, 0.1) seconds=30
device=cuda dim=3 order=6 methods=('vanilla', 'sinh') bc_weights=0.1,0.01,0.1 seconds=30.0
[run] vanilla
[done] vanilla steps=14 ms/step=2168.71 L2=0.999034
[run] sinh
/root/miniconda3/envs/apolarity/lib/python3.11/site-packages/torch/nn/modules/module.py:1310: UserWarning: Complex modules are a new feature under active development whose design may change, and some modules might not work as expected when using complex tensors as parameters or buffers. Please file an issue at https://github.com/pytorch/pytorch/issues/new?template=bug-report.yml if a complex module does not work as expected.
  warnings.warn(
[done] sinh steps=11 ms/step=2889.79 L2=0.432562
[ok] wrote experiments/results/poly_shared_weight_power_grid/d3/o6/grid30/point_107_history.json  (2 traces)

[ok] wrote experiments/results/poly_shared_weight_power_grid/d3/o6/grid30/point_107
[start] point_108 weights=(0.1, 0.01, 1.0) seconds=30
device=cuda dim=3 order=6 methods=('vanilla', 'sinh') bc_weights=0.1,0.01,1 seconds=30.0
[run] vanilla
[done] vanilla steps=14 ms/step=2190.46 L2=0.999064
[run] sinh
/root/miniconda3/envs/apolarity/lib/python3.11/site-packages/torch/nn/modules/module.py:1310: UserWarning: Complex modules are a new feature under active development whose design may change, and some modules might not work as expected when using complex tensors as parameters or buffers. Please file an issue at https://github.com/pytorch/pytorch/issues/new?template=bug-report.yml if a complex module does not work as expected.
  warnings.warn(
[done] sinh steps=11 ms/step=2891.50 L2=0.405179
[ok] wrote experiments/results/poly_shared_weight_power_grid/d3/o6/grid30/point_108_history.json  (2 traces)

[ok] wrote experiments/results/poly_shared_weight_power_grid/d3/o6/grid30/point_108
[start] point_109 weights=(0.1, 0.01, 10.0) seconds=30
device=cuda dim=3 order=6 methods=('vanilla', 'sinh') bc_weights=0.1,0.01,10 seconds=30.0
[run] vanilla
[done] vanilla steps=14 ms/step=2190.41 L2=0.99907
[run] sinh
/root/miniconda3/envs/apolarity/lib/python3.11/site-packages/torch/nn/modules/module.py:1310: UserWarning: Complex modules are a new feature under active development whose design may change, and some modules might not work as expected when using complex tensors as parameters or buffers. Please file an issue at https://github.com/pytorch/pytorch/issues/new?template=bug-report.yml if a complex module does not work as expected.
  warnings.warn(
[done] sinh steps=11 ms/step=2891.91 L2=0.485823
[ok] wrote experiments/results/poly_shared_weight_power_grid/d3/o6/grid30/point_109_history.json  (2 traces)

[ok] wrote experiments/results/poly_shared_weight_power_grid/d3/o6/grid30/point_109
[start] point_110 weights=(0.1, 0.01, 100.0) seconds=30
device=cuda dim=3 order=6 methods=('vanilla', 'sinh') bc_weights=0.1,0.01,100 seconds=30.0
[run] vanilla
[done] vanilla steps=14 ms/step=2169.00 L2=0.999084
[run] sinh
/root/miniconda3/envs/apolarity/lib/python3.11/site-packages/torch/nn/modules/module.py:1310: UserWarning: Complex modules are a new feature under active development whose design may change, and some modules might not work as expected when using complex tensors as parameters or buffers. Please file an issue at https://github.com/pytorch/pytorch/issues/new?template=bug-report.yml if a complex module does not work as expected.
  warnings.warn(
[done] sinh steps=11 ms/step=2890.19 L2=0.597769
[ok] wrote experiments/results/poly_shared_weight_power_grid/d3/o6/grid30/point_110_history.json  (2 traces)

[ok] wrote experiments/results/poly_shared_weight_power_grid/d3/o6/grid30/point_110
[start] point_111 weights=(0.1, 0.01, 1000.0) seconds=30
device=cuda dim=3 order=6 methods=('vanilla', 'sinh') bc_weights=0.1,0.01,1000 seconds=30.0
[run] vanilla
[done] vanilla steps=14 ms/step=2187.87 L2=0.999495
[run] sinh
/root/miniconda3/envs/apolarity/lib/python3.11/site-packages/torch/nn/modules/module.py:1310: UserWarning: Complex modules are a new feature under active development whose design may change, and some modules might not work as expected when using complex tensors as parameters or buffers. Please file an issue at https://github.com/pytorch/pytorch/issues/new?template=bug-report.yml if a complex module does not work as expected.
  warnings.warn(
[done] sinh steps=11 ms/step=2891.87 L2=0.994987
[ok] wrote experiments/results/poly_shared_weight_power_grid/d3/o6/grid30/point_111_history.json  (2 traces)

[ok] wrote experiments/results/poly_shared_weight_power_grid/d3/o6/grid30/point_111
[start] point_112 weights=(0.1, 0.1, 0.001) seconds=30
device=cuda dim=3 order=6 methods=('vanilla', 'sinh') bc_weights=0.1,0.1,0.001 seconds=30.0
[run] vanilla
[done] vanilla steps=14 ms/step=2194.60 L2=0.999072
[run] sinh
/root/miniconda3/envs/apolarity/lib/python3.11/site-packages/torch/nn/modules/module.py:1310: UserWarning: Complex modules are a new feature under active development whose design may change, and some modules might not work as expected when using complex tensors as parameters or buffers. Please file an issue at https://github.com/pytorch/pytorch/issues/new?template=bug-report.yml if a complex module does not work as expected.
  warnings.warn(
[done] sinh steps=11 ms/step=2892.20 L2=0.433022
[ok] wrote experiments/results/poly_shared_weight_power_grid/d3/o6/grid30/point_112_history.json  (2 traces)

[ok] wrote experiments/results/poly_shared_weight_power_grid/d3/o6/grid30/point_112
[start] point_113 weights=(0.1, 0.1, 0.01) seconds=30
device=cuda dim=3 order=6 methods=('vanilla', 'sinh') bc_weights=0.1,0.1,0.01 seconds=30.0
[run] vanilla
[done] vanilla steps=14 ms/step=2162.02 L2=0.999024
[run] sinh
/root/miniconda3/envs/apolarity/lib/python3.11/site-packages/torch/nn/modules/module.py:1310: UserWarning: Complex modules are a new feature under active development whose design may change, and some modules might not work as expected when using complex tensors as parameters or buffers. Please file an issue at https://github.com/pytorch/pytorch/issues/new?template=bug-report.yml if a complex module does not work as expected.
  warnings.warn(
[done] sinh steps=11 ms/step=2889.78 L2=0.432465
[ok] wrote experiments/results/poly_shared_weight_power_grid/d3/o6/grid30/point_113_history.json  (2 traces)

[ok] wrote experiments/results/poly_shared_weight_power_grid/d3/o6/grid30/point_113
[start] point_114 weights=(0.1, 0.1, 0.1) seconds=30
device=cuda dim=3 order=6 methods=('vanilla', 'sinh') bc_weights=0.1,0.1,0.1 seconds=30.0
[run] vanilla
[done] vanilla steps=14 ms/step=2204.56 L2=0.99908
[run] sinh
/root/miniconda3/envs/apolarity/lib/python3.11/site-packages/torch/nn/modules/module.py:1310: UserWarning: Complex modules are a new feature under active development whose design may change, and some modules might not work as expected when using complex tensors as parameters or buffers. Please file an issue at https://github.com/pytorch/pytorch/issues/new?template=bug-report.yml if a complex module does not work as expected.
  warnings.warn(
[done] sinh steps=11 ms/step=2892.64 L2=0.429041
[ok] wrote experiments/results/poly_shared_weight_power_grid/d3/o6/grid30/point_114_history.json  (2 traces)

[ok] wrote experiments/results/poly_shared_weight_power_grid/d3/o6/grid30/point_114
[start] point_115 weights=(0.1, 0.1, 1.0) seconds=30
device=cuda dim=3 order=6 methods=('vanilla', 'sinh') bc_weights=0.1,0.1,1 seconds=30.0
[run] vanilla
[done] vanilla steps=14 ms/step=2188.76 L2=0.999065
[run] sinh
/root/miniconda3/envs/apolarity/lib/python3.11/site-packages/torch/nn/modules/module.py:1310: UserWarning: Complex modules are a new feature under active development whose design may change, and some modules might not work as expected when using complex tensors as parameters or buffers. Please file an issue at https://github.com/pytorch/pytorch/issues/new?template=bug-report.yml if a complex module does not work as expected.
  warnings.warn(
[done] sinh steps=11 ms/step=2891.64 L2=0.403515
[ok] wrote experiments/results/poly_shared_weight_power_grid/d3/o6/grid30/point_115_history.json  (2 traces)

[ok] wrote experiments/results/poly_shared_weight_power_grid/d3/o6/grid30/point_115
[start] point_116 weights=(0.1, 0.1, 10.0) seconds=30
device=cuda dim=3 order=6 methods=('vanilla', 'sinh') bc_weights=0.1,0.1,10 seconds=30.0
[run] vanilla
[done] vanilla steps=14 ms/step=2168.16 L2=0.999037
[run] sinh
/root/miniconda3/envs/apolarity/lib/python3.11/site-packages/torch/nn/modules/module.py:1310: UserWarning: Complex modules are a new feature under active development whose design may change, and some modules might not work as expected when using complex tensors as parameters or buffers. Please file an issue at https://github.com/pytorch/pytorch/issues/new?template=bug-report.yml if a complex module does not work as expected.
  warnings.warn(
[done] sinh steps=11 ms/step=2890.59 L2=0.484535
[ok] wrote experiments/results/poly_shared_weight_power_grid/d3/o6/grid30/point_116_history.json  (2 traces)

[ok] wrote experiments/results/poly_shared_weight_power_grid/d3/o6/grid30/point_116
[start] point_117 weights=(0.1, 0.1, 100.0) seconds=30
device=cuda dim=3 order=6 methods=('vanilla', 'sinh') bc_weights=0.1,0.1,100 seconds=30.0
[run] vanilla
[done] vanilla steps=14 ms/step=2192.85 L2=0.999121
[run] sinh
/root/miniconda3/envs/apolarity/lib/python3.11/site-packages/torch/nn/modules/module.py:1310: UserWarning: Complex modules are a new feature under active development whose design may change, and some modules might not work as expected when using complex tensors as parameters or buffers. Please file an issue at https://github.com/pytorch/pytorch/issues/new?template=bug-report.yml if a complex module does not work as expected.
  warnings.warn(
[done] sinh steps=11 ms/step=2892.55 L2=0.596327
[ok] wrote experiments/results/poly_shared_weight_power_grid/d3/o6/grid30/point_117_history.json  (2 traces)

[ok] wrote experiments/results/poly_shared_weight_power_grid/d3/o6/grid30/point_117
[start] point_118 weights=(0.1, 0.1, 1000.0) seconds=30
device=cuda dim=3 order=6 methods=('vanilla', 'sinh') bc_weights=0.1,0.1,1000 seconds=30.0
[run] vanilla
[done] vanilla steps=14 ms/step=2162.31 L2=0.999464
[run] sinh
/root/miniconda3/envs/apolarity/lib/python3.11/site-packages/torch/nn/modules/module.py:1310: UserWarning: Complex modules are a new feature under active development whose design may change, and some modules might not work as expected when using complex tensors as parameters or buffers. Please file an issue at https://github.com/pytorch/pytorch/issues/new?template=bug-report.yml if a complex module does not work as expected.
  warnings.warn(
[done] sinh steps=11 ms/step=2890.96 L2=0.994997
[ok] wrote experiments/results/poly_shared_weight_power_grid/d3/o6/grid30/point_118_history.json  (2 traces)

[ok] wrote experiments/results/poly_shared_weight_power_grid/d3/o6/grid30/point_118
[start] point_119 weights=(0.1, 1.0, 0.001) seconds=30
device=cuda dim=3 order=6 methods=('vanilla', 'sinh') bc_weights=0.1,1,0.001 seconds=30.0
[run] vanilla
[done] vanilla steps=14 ms/step=2217.46 L2=0.999121
[run] sinh
/root/miniconda3/envs/apolarity/lib/python3.11/site-packages/torch/nn/modules/module.py:1310: UserWarning: Complex modules are a new feature under active development whose design may change, and some modules might not work as expected when using complex tensors as parameters or buffers. Please file an issue at https://github.com/pytorch/pytorch/issues/new?template=bug-report.yml if a complex module does not work as expected.
  warnings.warn(
[done] sinh steps=11 ms/step=2892.86 L2=0.425453
[ok] wrote experiments/results/poly_shared_weight_power_grid/d3/o6/grid30/point_119_history.json  (2 traces)

[ok] wrote experiments/results/poly_shared_weight_power_grid/d3/o6/grid30/point_119
[start] point_120 weights=(0.1, 1.0, 0.01) seconds=30
device=cuda dim=3 order=6 methods=('vanilla', 'sinh') bc_weights=0.1,1,0.01 seconds=30.0
[run] vanilla
[done] vanilla steps=14 ms/step=2196.05 L2=0.999089
[run] sinh
/root/miniconda3/envs/apolarity/lib/python3.11/site-packages/torch/nn/modules/module.py:1310: UserWarning: Complex modules are a new feature under active development whose design may change, and some modules might not work as expected when using complex tensors as parameters or buffers. Please file an issue at https://github.com/pytorch/pytorch/issues/new?template=bug-report.yml if a complex module does not work as expected.
  warnings.warn(
[done] sinh steps=11 ms/step=2892.27 L2=0.425255
[ok] wrote experiments/results/poly_shared_weight_power_grid/d3/o6/grid30/point_120_history.json  (2 traces)

[ok] wrote experiments/results/poly_shared_weight_power_grid/d3/o6/grid30/point_120
[start] point_121 weights=(0.1, 1.0, 0.1) seconds=30
device=cuda dim=3 order=6 methods=('vanilla', 'sinh') bc_weights=0.1,1,0.1 seconds=30.0
[run] vanilla
[done] vanilla steps=14 ms/step=2193.03 L2=0.999086
[run] sinh
/root/miniconda3/envs/apolarity/lib/python3.11/site-packages/torch/nn/modules/module.py:1310: UserWarning: Complex modules are a new feature under active development whose design may change, and some modules might not work as expected when using complex tensors as parameters or buffers. Please file an issue at https://github.com/pytorch/pytorch/issues/new?template=bug-report.yml if a complex module does not work as expected.
  warnings.warn(
[done] sinh steps=11 ms/step=2891.49 L2=0.423794
[ok] wrote experiments/results/poly_shared_weight_power_grid/d3/o6/grid30/point_121_history.json  (2 traces)

[ok] wrote experiments/results/poly_shared_weight_power_grid/d3/o6/grid30/point_121
[start] point_122 weights=(0.1, 1.0, 1.0) seconds=30
device=cuda dim=3 order=6 methods=('vanilla', 'sinh') bc_weights=0.1,1,1 seconds=30.0
[run] vanilla
[done] vanilla steps=14 ms/step=2189.41 L2=0.99908
[run] sinh
/root/miniconda3/envs/apolarity/lib/python3.11/site-packages/torch/nn/modules/module.py:1310: UserWarning: Complex modules are a new feature under active development whose design may change, and some modules might not work as expected when using complex tensors as parameters or buffers. Please file an issue at https://github.com/pytorch/pytorch/issues/new?template=bug-report.yml if a complex module does not work as expected.
  warnings.warn(
[done] sinh steps=11 ms/step=2891.82 L2=0.416872
[ok] wrote experiments/results/poly_shared_weight_power_grid/d3/o6/grid30/point_122_history.json  (2 traces)

[ok] wrote experiments/results/poly_shared_weight_power_grid/d3/o6/grid30/point_122
[start] point_123 weights=(0.1, 1.0, 10.0) seconds=30
device=cuda dim=3 order=6 methods=('vanilla', 'sinh') bc_weights=0.1,1,10 seconds=30.0
[run] vanilla
[done] vanilla steps=14 ms/step=2166.42 L2=0.999052
[run] sinh
/root/miniconda3/envs/apolarity/lib/python3.11/site-packages/torch/nn/modules/module.py:1310: UserWarning: Complex modules are a new feature under active development whose design may change, and some modules might not work as expected when using complex tensors as parameters or buffers. Please file an issue at https://github.com/pytorch/pytorch/issues/new?template=bug-report.yml if a complex module does not work as expected.
  warnings.warn(
[done] sinh steps=11 ms/step=2890.20 L2=0.496381
[ok] wrote experiments/results/poly_shared_weight_power_grid/d3/o6/grid30/point_123_history.json  (2 traces)

[ok] wrote experiments/results/poly_shared_weight_power_grid/d3/o6/grid30/point_123
[start] point_124 weights=(0.1, 1.0, 100.0) seconds=30
device=cuda dim=3 order=6 methods=('vanilla', 'sinh') bc_weights=0.1,1,100 seconds=30.0
[run] vanilla
[done] vanilla steps=14 ms/step=2187.84 L2=0.999131
[run] sinh
/root/miniconda3/envs/apolarity/lib/python3.11/site-packages/torch/nn/modules/module.py:1310: UserWarning: Complex modules are a new feature under active development whose design may change, and some modules might not work as expected when using complex tensors as parameters or buffers. Please file an issue at https://github.com/pytorch/pytorch/issues/new?template=bug-report.yml if a complex module does not work as expected.
  warnings.warn(
[done] sinh steps=11 ms/step=2892.05 L2=0.594472
[ok] wrote experiments/results/poly_shared_weight_power_grid/d3/o6/grid30/point_124_history.json  (2 traces)

[ok] wrote experiments/results/poly_shared_weight_power_grid/d3/o6/grid30/point_124
[start] point_125 weights=(0.1, 1.0, 1000.0) seconds=30
device=cuda dim=3 order=6 methods=('vanilla', 'sinh') bc_weights=0.1,1,1000 seconds=30.0
[run] vanilla
[done] vanilla steps=14 ms/step=2194.76 L2=0.999516
[run] sinh
/root/miniconda3/envs/apolarity/lib/python3.11/site-packages/torch/nn/modules/module.py:1310: UserWarning: Complex modules are a new feature under active development whose design may change, and some modules might not work as expected when using complex tensors as parameters or buffers. Please file an issue at https://github.com/pytorch/pytorch/issues/new?template=bug-report.yml if a complex module does not work as expected.
  warnings.warn(
[done] sinh steps=11 ms/step=2892.02 L2=0.994944
[ok] wrote experiments/results/poly_shared_weight_power_grid/d3/o6/grid30/point_125_history.json  (2 traces)

[ok] wrote experiments/results/poly_shared_weight_power_grid/d3/o6/grid30/point_125
[start] point_126 weights=(0.1, 10.0, 0.001) seconds=30
device=cuda dim=3 order=6 methods=('vanilla', 'sinh') bc_weights=0.1,10,0.001 seconds=30.0
[run] vanilla
[done] vanilla steps=14 ms/step=2167.44 L2=0.999201
[run] sinh
/root/miniconda3/envs/apolarity/lib/python3.11/site-packages/torch/nn/modules/module.py:1310: UserWarning: Complex modules are a new feature under active development whose design may change, and some modules might not work as expected when using complex tensors as parameters or buffers. Please file an issue at https://github.com/pytorch/pytorch/issues/new?template=bug-report.yml if a complex module does not work as expected.
  warnings.warn(
[done] sinh steps=11 ms/step=2890.30 L2=0.608769
[ok] wrote experiments/results/poly_shared_weight_power_grid/d3/o6/grid30/point_126_history.json  (2 traces)

[ok] wrote experiments/results/poly_shared_weight_power_grid/d3/o6/grid30/point_126
[start] point_127 weights=(0.1, 10.0, 0.01) seconds=30
device=cuda dim=3 order=6 methods=('vanilla', 'sinh') bc_weights=0.1,10,0.01 seconds=30.0
[run] vanilla
[done] vanilla steps=14 ms/step=2214.82 L2=0.999255
[run] sinh
/root/miniconda3/envs/apolarity/lib/python3.11/site-packages/torch/nn/modules/module.py:1310: UserWarning: Complex modules are a new feature under active development whose design may change, and some modules might not work as expected when using complex tensors as parameters or buffers. Please file an issue at https://github.com/pytorch/pytorch/issues/new?template=bug-report.yml if a complex module does not work as expected.
  warnings.warn(
[done] sinh steps=11 ms/step=2892.39 L2=0.609092
[ok] wrote experiments/results/poly_shared_weight_power_grid/d3/o6/grid30/point_127_history.json  (2 traces)

[ok] wrote experiments/results/poly_shared_weight_power_grid/d3/o6/grid30/point_127
[start] point_128 weights=(0.1, 10.0, 0.1) seconds=30
device=cuda dim=3 order=6 methods=('vanilla', 'sinh') bc_weights=0.1,10,0.1 seconds=30.0
[run] vanilla
[done] vanilla steps=14 ms/step=2165.68 L2=0.9992
[run] sinh
/root/miniconda3/envs/apolarity/lib/python3.11/site-packages/torch/nn/modules/module.py:1310: UserWarning: Complex modules are a new feature under active development whose design may change, and some modules might not work as expected when using complex tensors as parameters or buffers. Please file an issue at https://github.com/pytorch/pytorch/issues/new?template=bug-report.yml if a complex module does not work as expected.
  warnings.warn(
[done] sinh steps=11 ms/step=2892.56 L2=0.609785
[ok] wrote experiments/results/poly_shared_weight_power_grid/d3/o6/grid30/point_128_history.json  (2 traces)

[ok] wrote experiments/results/poly_shared_weight_power_grid/d3/o6/grid30/point_128
[start] point_129 weights=(0.1, 10.0, 1.0) seconds=30
device=cuda dim=3 order=6 methods=('vanilla', 'sinh') bc_weights=0.1,10,1 seconds=30.0
[run] vanilla
[done] vanilla steps=14 ms/step=2196.93 L2=0.999236
[run] sinh
/root/miniconda3/envs/apolarity/lib/python3.11/site-packages/torch/nn/modules/module.py:1310: UserWarning: Complex modules are a new feature under active development whose design may change, and some modules might not work as expected when using complex tensors as parameters or buffers. Please file an issue at https://github.com/pytorch/pytorch/issues/new?template=bug-report.yml if a complex module does not work as expected.
  warnings.warn(
[done] sinh steps=11 ms/step=2892.31 L2=0.616371
[ok] wrote experiments/results/poly_shared_weight_power_grid/d3/o6/grid30/point_129_history.json  (2 traces)

[ok] wrote experiments/results/poly_shared_weight_power_grid/d3/o6/grid30/point_129
[start] point_130 weights=(0.1, 10.0, 10.0) seconds=30
device=cuda dim=3 order=6 methods=('vanilla', 'sinh') bc_weights=0.1,10,10 seconds=30.0
[run] vanilla
[done] vanilla steps=14 ms/step=2169.75 L2=0.999209
[run] sinh
/root/miniconda3/envs/apolarity/lib/python3.11/site-packages/torch/nn/modules/module.py:1310: UserWarning: Complex modules are a new feature under active development whose design may change, and some modules might not work as expected when using complex tensors as parameters or buffers. Please file an issue at https://github.com/pytorch/pytorch/issues/new?template=bug-report.yml if a complex module does not work as expected.
  warnings.warn(
[done] sinh steps=11 ms/step=2889.50 L2=0.664318
[ok] wrote experiments/results/poly_shared_weight_power_grid/d3/o6/grid30/point_130_history.json  (2 traces)

[ok] wrote experiments/results/poly_shared_weight_power_grid/d3/o6/grid30/point_130
[start] point_131 weights=(0.1, 10.0, 100.0) seconds=30
device=cuda dim=3 order=6 methods=('vanilla', 'sinh') bc_weights=0.1,10,100 seconds=30.0
[run] vanilla
[done] vanilla steps=14 ms/step=2169.15 L2=0.999248
[run] sinh
/root/miniconda3/envs/apolarity/lib/python3.11/site-packages/torch/nn/modules/module.py:1310: UserWarning: Complex modules are a new feature under active development whose design may change, and some modules might not work as expected when using complex tensors as parameters or buffers. Please file an issue at https://github.com/pytorch/pytorch/issues/new?template=bug-report.yml if a complex module does not work as expected.
  warnings.warn(
[done] sinh steps=11 ms/step=2890.39 L2=0.78895
[ok] wrote experiments/results/poly_shared_weight_power_grid/d3/o6/grid30/point_131_history.json  (2 traces)

[ok] wrote experiments/results/poly_shared_weight_power_grid/d3/o6/grid30/point_131
[start] point_132 weights=(0.1, 10.0, 1000.0) seconds=30
device=cuda dim=3 order=6 methods=('vanilla', 'sinh') bc_weights=0.1,10,1000 seconds=30.0
[run] vanilla
[done] vanilla steps=14 ms/step=2170.30 L2=0.999578
[run] sinh
/root/miniconda3/envs/apolarity/lib/python3.11/site-packages/torch/nn/modules/module.py:1310: UserWarning: Complex modules are a new feature under active development whose design may change, and some modules might not work as expected when using complex tensors as parameters or buffers. Please file an issue at https://github.com/pytorch/pytorch/issues/new?template=bug-report.yml if a complex module does not work as expected.
  warnings.warn(
[done] sinh steps=11 ms/step=2890.23 L2=0.995011
[ok] wrote experiments/results/poly_shared_weight_power_grid/d3/o6/grid30/point_132_history.json  (2 traces)

[ok] wrote experiments/results/poly_shared_weight_power_grid/d3/o6/grid30/point_132
[start] point_133 weights=(0.1, 100.0, 0.001) seconds=30
device=cuda dim=3 order=6 methods=('vanilla', 'sinh') bc_weights=0.1,100,0.001 seconds=30.0
[run] vanilla
[done] vanilla steps=14 ms/step=2190.29 L2=0.999825
[run] sinh
/root/miniconda3/envs/apolarity/lib/python3.11/site-packages/torch/nn/modules/module.py:1310: UserWarning: Complex modules are a new feature under active development whose design may change, and some modules might not work as expected when using complex tensors as parameters or buffers. Please file an issue at https://github.com/pytorch/pytorch/issues/new?template=bug-report.yml if a complex module does not work as expected.
  warnings.warn(
[done] sinh steps=11 ms/step=2891.82 L2=0.995517
[ok] wrote experiments/results/poly_shared_weight_power_grid/d3/o6/grid30/point_133_history.json  (2 traces)

[ok] wrote experiments/results/poly_shared_weight_power_grid/d3/o6/grid30/point_133
[start] point_134 weights=(0.1, 100.0, 0.01) seconds=30
device=cuda dim=3 order=6 methods=('vanilla', 'sinh') bc_weights=0.1,100,0.01 seconds=30.0
[run] vanilla
[done] vanilla steps=14 ms/step=2225.92 L2=0.99983
[run] sinh
/root/miniconda3/envs/apolarity/lib/python3.11/site-packages/torch/nn/modules/module.py:1310: UserWarning: Complex modules are a new feature under active development whose design may change, and some modules might not work as expected when using complex tensors as parameters or buffers. Please file an issue at https://github.com/pytorch/pytorch/issues/new?template=bug-report.yml if a complex module does not work as expected.
  warnings.warn(
[done] sinh steps=11 ms/step=2895.37 L2=0.995513
[ok] wrote experiments/results/poly_shared_weight_power_grid/d3/o6/grid30/point_134_history.json  (2 traces)

[ok] wrote experiments/results/poly_shared_weight_power_grid/d3/o6/grid30/point_134
[start] point_135 weights=(0.1, 100.0, 0.1) seconds=30
device=cuda dim=3 order=6 methods=('vanilla', 'sinh') bc_weights=0.1,100,0.1 seconds=30.0
[run] vanilla
[done] vanilla steps=14 ms/step=2193.69 L2=0.999826
[run] sinh
/root/miniconda3/envs/apolarity/lib/python3.11/site-packages/torch/nn/modules/module.py:1310: UserWarning: Complex modules are a new feature under active development whose design may change, and some modules might not work as expected when using complex tensors as parameters or buffers. Please file an issue at https://github.com/pytorch/pytorch/issues/new?template=bug-report.yml if a complex module does not work as expected.
  warnings.warn(
[done] sinh steps=11 ms/step=2891.84 L2=0.995518
[ok] wrote experiments/results/poly_shared_weight_power_grid/d3/o6/grid30/point_135_history.json  (2 traces)

[ok] wrote experiments/results/poly_shared_weight_power_grid/d3/o6/grid30/point_135
[start] point_136 weights=(0.1, 100.0, 1.0) seconds=30
device=cuda dim=3 order=6 methods=('vanilla', 'sinh') bc_weights=0.1,100,1 seconds=30.0
[run] vanilla
[done] vanilla steps=14 ms/step=2171.94 L2=0.999824
[run] sinh
/root/miniconda3/envs/apolarity/lib/python3.11/site-packages/torch/nn/modules/module.py:1310: UserWarning: Complex modules are a new feature under active development whose design may change, and some modules might not work as expected when using complex tensors as parameters or buffers. Please file an issue at https://github.com/pytorch/pytorch/issues/new?template=bug-report.yml if a complex module does not work as expected.
  warnings.warn(
[done] sinh steps=11 ms/step=2890.32 L2=0.995528
[ok] wrote experiments/results/poly_shared_weight_power_grid/d3/o6/grid30/point_136_history.json  (2 traces)

[ok] wrote experiments/results/poly_shared_weight_power_grid/d3/o6/grid30/point_136
[start] point_137 weights=(0.1, 100.0, 10.0) seconds=30
device=cuda dim=3 order=6 methods=('vanilla', 'sinh') bc_weights=0.1,100,10 seconds=30.0
[run] vanilla
[done] vanilla steps=14 ms/step=2190.07 L2=0.999827
[run] sinh
/root/miniconda3/envs/apolarity/lib/python3.11/site-packages/torch/nn/modules/module.py:1310: UserWarning: Complex modules are a new feature under active development whose design may change, and some modules might not work as expected when using complex tensors as parameters or buffers. Please file an issue at https://github.com/pytorch/pytorch/issues/new?template=bug-report.yml if a complex module does not work as expected.
  warnings.warn(
[done] sinh steps=11 ms/step=2891.40 L2=0.995593
[ok] wrote experiments/results/poly_shared_weight_power_grid/d3/o6/grid30/point_137_history.json  (2 traces)

[ok] wrote experiments/results/poly_shared_weight_power_grid/d3/o6/grid30/point_137
[start] point_138 weights=(0.1, 100.0, 100.0) seconds=30
device=cuda dim=3 order=6 methods=('vanilla', 'sinh') bc_weights=0.1,100,100 seconds=30.0
[run] vanilla
[done] vanilla steps=14 ms/step=2207.47 L2=0.999838
[run] sinh
/root/miniconda3/envs/apolarity/lib/python3.11/site-packages/torch/nn/modules/module.py:1310: UserWarning: Complex modules are a new feature under active development whose design may change, and some modules might not work as expected when using complex tensors as parameters or buffers. Please file an issue at https://github.com/pytorch/pytorch/issues/new?template=bug-report.yml if a complex module does not work as expected.
  warnings.warn(
[done] sinh steps=11 ms/step=2891.98 L2=0.995989
[ok] wrote experiments/results/poly_shared_weight_power_grid/d3/o6/grid30/point_138_history.json  (2 traces)

[ok] wrote experiments/results/poly_shared_weight_power_grid/d3/o6/grid30/point_138
[start] point_139 weights=(0.1, 100.0, 1000.0) seconds=30
device=cuda dim=3 order=6 methods=('vanilla', 'sinh') bc_weights=0.1,100,1000 seconds=30.0
[run] vanilla
[done] vanilla steps=14 ms/step=2192.88 L2=0.999917
[run] sinh
/root/miniconda3/envs/apolarity/lib/python3.11/site-packages/torch/nn/modules/module.py:1310: UserWarning: Complex modules are a new feature under active development whose design may change, and some modules might not work as expected when using complex tensors as parameters or buffers. Please file an issue at https://github.com/pytorch/pytorch/issues/new?template=bug-report.yml if a complex module does not work as expected.
  warnings.warn(
[done] sinh steps=11 ms/step=2891.74 L2=0.996517
[ok] wrote experiments/results/poly_shared_weight_power_grid/d3/o6/grid30/point_139_history.json  (2 traces)

[ok] wrote experiments/results/poly_shared_weight_power_grid/d3/o6/grid30/point_139
[start] point_140 weights=(0.1, 1000.0, 0.001) seconds=30
device=cuda dim=3 order=6 methods=('vanilla', 'sinh') bc_weights=0.1,1000,0.001 seconds=30.0
[run] vanilla
[done] vanilla steps=14 ms/step=2199.66 L2=1.00051
[run] sinh
/root/miniconda3/envs/apolarity/lib/python3.11/site-packages/torch/nn/modules/module.py:1310: UserWarning: Complex modules are a new feature under active development whose design may change, and some modules might not work as expected when using complex tensors as parameters or buffers. Please file an issue at https://github.com/pytorch/pytorch/issues/new?template=bug-report.yml if a complex module does not work as expected.
  warnings.warn(
[done] sinh steps=11 ms/step=2891.87 L2=1.00135
[ok] wrote experiments/results/poly_shared_weight_power_grid/d3/o6/grid30/point_140_history.json  (2 traces)

[ok] wrote experiments/results/poly_shared_weight_power_grid/d3/o6/grid30/point_140
[start] point_141 weights=(0.1, 1000.0, 0.01) seconds=30
device=cuda dim=3 order=6 methods=('vanilla', 'sinh') bc_weights=0.1,1000,0.01 seconds=30.0
[run] vanilla
[done] vanilla steps=14 ms/step=2170.66 L2=1.00048
[run] sinh
/root/miniconda3/envs/apolarity/lib/python3.11/site-packages/torch/nn/modules/module.py:1310: UserWarning: Complex modules are a new feature under active development whose design may change, and some modules might not work as expected when using complex tensors as parameters or buffers. Please file an issue at https://github.com/pytorch/pytorch/issues/new?template=bug-report.yml if a complex module does not work as expected.
  warnings.warn(
[done] sinh steps=11 ms/step=2890.10 L2=1.00135
[ok] wrote experiments/results/poly_shared_weight_power_grid/d3/o6/grid30/point_141_history.json  (2 traces)

[ok] wrote experiments/results/poly_shared_weight_power_grid/d3/o6/grid30/point_141
[start] point_142 weights=(0.1, 1000.0, 0.1) seconds=30
device=cuda dim=3 order=6 methods=('vanilla', 'sinh') bc_weights=0.1,1000,0.1 seconds=30.0
[run] vanilla
[done] vanilla steps=14 ms/step=2183.37 L2=1.00049
[run] sinh
/root/miniconda3/envs/apolarity/lib/python3.11/site-packages/torch/nn/modules/module.py:1310: UserWarning: Complex modules are a new feature under active development whose design may change, and some modules might not work as expected when using complex tensors as parameters or buffers. Please file an issue at https://github.com/pytorch/pytorch/issues/new?template=bug-report.yml if a complex module does not work as expected.
  warnings.warn(
[done] sinh steps=11 ms/step=2891.27 L2=1.00135
[ok] wrote experiments/results/poly_shared_weight_power_grid/d3/o6/grid30/point_142_history.json  (2 traces)

[ok] wrote experiments/results/poly_shared_weight_power_grid/d3/o6/grid30/point_142
[start] point_143 weights=(0.1, 1000.0, 1.0) seconds=30
device=cuda dim=3 order=6 methods=('vanilla', 'sinh') bc_weights=0.1,1000,1 seconds=30.0
[run] vanilla
[done] vanilla steps=14 ms/step=2218.44 L2=1.00053
[run] sinh
/root/miniconda3/envs/apolarity/lib/python3.11/site-packages/torch/nn/modules/module.py:1310: UserWarning: Complex modules are a new feature under active development whose design may change, and some modules might not work as expected when using complex tensors as parameters or buffers. Please file an issue at https://github.com/pytorch/pytorch/issues/new?template=bug-report.yml if a complex module does not work as expected.
  warnings.warn(
[done] sinh steps=11 ms/step=2892.81 L2=1.00136
[ok] wrote experiments/results/poly_shared_weight_power_grid/d3/o6/grid30/point_143_history.json  (2 traces)

[ok] wrote experiments/results/poly_shared_weight_power_grid/d3/o6/grid30/point_143
[start] point_144 weights=(0.1, 1000.0, 10.0) seconds=30
device=cuda dim=3 order=6 methods=('vanilla', 'sinh') bc_weights=0.1,1000,10 seconds=30.0
[run] vanilla
[done] vanilla steps=14 ms/step=2193.63 L2=1.00051
[run] sinh
/root/miniconda3/envs/apolarity/lib/python3.11/site-packages/torch/nn/modules/module.py:1310: UserWarning: Complex modules are a new feature under active development whose design may change, and some modules might not work as expected when using complex tensors as parameters or buffers. Please file an issue at https://github.com/pytorch/pytorch/issues/new?template=bug-report.yml if a complex module does not work as expected.
  warnings.warn(
[done] sinh steps=11 ms/step=2891.90 L2=1.00135
[ok] wrote experiments/results/poly_shared_weight_power_grid/d3/o6/grid30/point_144_history.json  (2 traces)

[ok] wrote experiments/results/poly_shared_weight_power_grid/d3/o6/grid30/point_144
[start] point_145 weights=(0.1, 1000.0, 100.0) seconds=30
device=cuda dim=3 order=6 methods=('vanilla', 'sinh') bc_weights=0.1,1000,100 seconds=30.0
[run] vanilla
[done] vanilla steps=14 ms/step=2168.96 L2=1.00048
[run] sinh
/root/miniconda3/envs/apolarity/lib/python3.11/site-packages/torch/nn/modules/module.py:1310: UserWarning: Complex modules are a new feature under active development whose design may change, and some modules might not work as expected when using complex tensors as parameters or buffers. Please file an issue at https://github.com/pytorch/pytorch/issues/new?template=bug-report.yml if a complex module does not work as expected.
  warnings.warn(
[done] sinh steps=11 ms/step=2890.02 L2=1.00141
[ok] wrote experiments/results/poly_shared_weight_power_grid/d3/o6/grid30/point_145_history.json  (2 traces)

[ok] wrote experiments/results/poly_shared_weight_power_grid/d3/o6/grid30/point_145
[start] point_146 weights=(0.1, 1000.0, 1000.0) seconds=30
device=cuda dim=3 order=6 methods=('vanilla', 'sinh') bc_weights=0.1,1000,1000 seconds=30.0
[run] vanilla
[done] vanilla steps=14 ms/step=2169.59 L2=1.00048
[run] sinh
/root/miniconda3/envs/apolarity/lib/python3.11/site-packages/torch/nn/modules/module.py:1310: UserWarning: Complex modules are a new feature under active development whose design may change, and some modules might not work as expected when using complex tensors as parameters or buffers. Please file an issue at https://github.com/pytorch/pytorch/issues/new?template=bug-report.yml if a complex module does not work as expected.
  warnings.warn(
[done] sinh steps=11 ms/step=2890.66 L2=1.00166
[ok] wrote experiments/results/poly_shared_weight_power_grid/d3/o6/grid30/point_146_history.json  (2 traces)

[ok] wrote experiments/results/poly_shared_weight_power_grid/d3/o6/grid30/point_146
[start] point_147 weights=(1.0, 0.001, 0.001) seconds=30
device=cuda dim=3 order=6 methods=('vanilla', 'sinh') bc_weights=1,0.001,0.001 seconds=30.0
[run] vanilla
[done] vanilla steps=14 ms/step=2196.42 L2=0.999721
[run] sinh
/root/miniconda3/envs/apolarity/lib/python3.11/site-packages/torch/nn/modules/module.py:1310: UserWarning: Complex modules are a new feature under active development whose design may change, and some modules might not work as expected when using complex tensors as parameters or buffers. Please file an issue at https://github.com/pytorch/pytorch/issues/new?template=bug-report.yml if a complex module does not work as expected.
  warnings.warn(
[done] sinh steps=11 ms/step=2891.09 L2=0.963982
[ok] wrote experiments/results/poly_shared_weight_power_grid/d3/o6/grid30/point_147_history.json  (2 traces)

[ok] wrote experiments/results/poly_shared_weight_power_grid/d3/o6/grid30/point_147
[start] point_148 weights=(1.0, 0.001, 0.01) seconds=30
device=cuda dim=3 order=6 methods=('vanilla', 'sinh') bc_weights=1,0.001,0.01 seconds=30.0
[run] vanilla
[done] vanilla steps=14 ms/step=2182.37 L2=0.999699
[run] sinh
/root/miniconda3/envs/apolarity/lib/python3.11/site-packages/torch/nn/modules/module.py:1310: UserWarning: Complex modules are a new feature under active development whose design may change, and some modules might not work as expected when using complex tensors as parameters or buffers. Please file an issue at https://github.com/pytorch/pytorch/issues/new?template=bug-report.yml if a complex module does not work as expected.
  warnings.warn(
[done] sinh steps=11 ms/step=2890.37 L2=0.963972
[ok] wrote experiments/results/poly_shared_weight_power_grid/d3/o6/grid30/point_148_history.json  (2 traces)

[ok] wrote experiments/results/poly_shared_weight_power_grid/d3/o6/grid30/point_148
[start] point_149 weights=(1.0, 0.001, 0.1) seconds=30
device=cuda dim=3 order=6 methods=('vanilla', 'sinh') bc_weights=1,0.001,0.1 seconds=30.0
[run] vanilla
[done] vanilla steps=14 ms/step=2164.67 L2=0.999684
[run] sinh
/root/miniconda3/envs/apolarity/lib/python3.11/site-packages/torch/nn/modules/module.py:1310: UserWarning: Complex modules are a new feature under active development whose design may change, and some modules might not work as expected when using complex tensors as parameters or buffers. Please file an issue at https://github.com/pytorch/pytorch/issues/new?template=bug-report.yml if a complex module does not work as expected.
  warnings.warn(
[done] sinh steps=11 ms/step=2890.06 L2=0.963979
[ok] wrote experiments/results/poly_shared_weight_power_grid/d3/o6/grid30/point_149_history.json  (2 traces)

[ok] wrote experiments/results/poly_shared_weight_power_grid/d3/o6/grid30/point_149
[start] point_150 weights=(1.0, 0.001, 1.0) seconds=30
device=cuda dim=3 order=6 methods=('vanilla', 'sinh') bc_weights=1,0.001,1 seconds=30.0
[run] vanilla
[done] vanilla steps=14 ms/step=2194.03 L2=0.999719
[run] sinh
/root/miniconda3/envs/apolarity/lib/python3.11/site-packages/torch/nn/modules/module.py:1310: UserWarning: Complex modules are a new feature under active development whose design may change, and some modules might not work as expected when using complex tensors as parameters or buffers. Please file an issue at https://github.com/pytorch/pytorch/issues/new?template=bug-report.yml if a complex module does not work as expected.
  warnings.warn(
[done] sinh steps=11 ms/step=2892.70 L2=0.964111
[ok] wrote experiments/results/poly_shared_weight_power_grid/d3/o6/grid30/point_150_history.json  (2 traces)

[ok] wrote experiments/results/poly_shared_weight_power_grid/d3/o6/grid30/point_150
[start] point_151 weights=(1.0, 0.001, 10.0) seconds=30
device=cuda dim=3 order=6 methods=('vanilla', 'sinh') bc_weights=1,0.001,10 seconds=30.0
[run] vanilla
[done] vanilla steps=14 ms/step=2193.35 L2=0.999719
[run] sinh
/root/miniconda3/envs/apolarity/lib/python3.11/site-packages/torch/nn/modules/module.py:1310: UserWarning: Complex modules are a new feature under active development whose design may change, and some modules might not work as expected when using complex tensors as parameters or buffers. Please file an issue at https://github.com/pytorch/pytorch/issues/new?template=bug-report.yml if a complex module does not work as expected.
  warnings.warn(
[done] sinh steps=11 ms/step=2892.04 L2=0.964933
[ok] wrote experiments/results/poly_shared_weight_power_grid/d3/o6/grid30/point_151_history.json  (2 traces)

[ok] wrote experiments/results/poly_shared_weight_power_grid/d3/o6/grid30/point_151
[start] point_152 weights=(1.0, 0.001, 100.0) seconds=30
device=cuda dim=3 order=6 methods=('vanilla', 'sinh') bc_weights=1,0.001,100 seconds=30.0
[run] vanilla
[done] vanilla steps=14 ms/step=2195.76 L2=0.999726
[run] sinh
/root/miniconda3/envs/apolarity/lib/python3.11/site-packages/torch/nn/modules/module.py:1310: UserWarning: Complex modules are a new feature under active development whose design may change, and some modules might not work as expected when using complex tensors as parameters or buffers. Please file an issue at https://github.com/pytorch/pytorch/issues/new?template=bug-report.yml if a complex module does not work as expected.
  warnings.warn(
[done] sinh steps=11 ms/step=2892.60 L2=0.969698
[ok] wrote experiments/results/poly_shared_weight_power_grid/d3/o6/grid30/point_152_history.json  (2 traces)

[ok] wrote experiments/results/poly_shared_weight_power_grid/d3/o6/grid30/point_152
[start] point_153 weights=(1.0, 0.001, 1000.0) seconds=30
device=cuda dim=3 order=6 methods=('vanilla', 'sinh') bc_weights=1,0.001,1000 seconds=30.0
[run] vanilla
[done] vanilla steps=14 ms/step=2189.76 L2=0.999756
[run] sinh
/root/miniconda3/envs/apolarity/lib/python3.11/site-packages/torch/nn/modules/module.py:1310: UserWarning: Complex modules are a new feature under active development whose design may change, and some modules might not work as expected when using complex tensors as parameters or buffers. Please file an issue at https://github.com/pytorch/pytorch/issues/new?template=bug-report.yml if a complex module does not work as expected.
  warnings.warn(
[done] sinh steps=11 ms/step=2891.15 L2=0.992095
[ok] wrote experiments/results/poly_shared_weight_power_grid/d3/o6/grid30/point_153_history.json  (2 traces)

[ok] wrote experiments/results/poly_shared_weight_power_grid/d3/o6/grid30/point_153
[start] point_154 weights=(1.0, 0.01, 0.001) seconds=30
device=cuda dim=3 order=6 methods=('vanilla', 'sinh') bc_weights=1,0.01,0.001 seconds=30.0
[run] vanilla
[done] vanilla steps=14 ms/step=2173.48 L2=0.999687
[run] sinh
/root/miniconda3/envs/apolarity/lib/python3.11/site-packages/torch/nn/modules/module.py:1310: UserWarning: Complex modules are a new feature under active development whose design may change, and some modules might not work as expected when using complex tensors as parameters or buffers. Please file an issue at https://github.com/pytorch/pytorch/issues/new?template=bug-report.yml if a complex module does not work as expected.
  warnings.warn(
[done] sinh steps=11 ms/step=2890.95 L2=0.963999
[ok] wrote experiments/results/poly_shared_weight_power_grid/d3/o6/grid30/point_154_history.json  (2 traces)

[ok] wrote experiments/results/poly_shared_weight_power_grid/d3/o6/grid30/point_154
[start] point_155 weights=(1.0, 0.01, 0.01) seconds=30
device=cuda dim=3 order=6 methods=('vanilla', 'sinh') bc_weights=1,0.01,0.01 seconds=30.0
[run] vanilla
[done] vanilla steps=14 ms/step=2197.81 L2=0.999718
[run] sinh
/root/miniconda3/envs/apolarity/lib/python3.11/site-packages/torch/nn/modules/module.py:1310: UserWarning: Complex modules are a new feature under active development whose design may change, and some modules might not work as expected when using complex tensors as parameters or buffers. Please file an issue at https://github.com/pytorch/pytorch/issues/new?template=bug-report.yml if a complex module does not work as expected.
  warnings.warn(
[done] sinh steps=11 ms/step=2892.13 L2=0.96402
[ok] wrote experiments/results/poly_shared_weight_power_grid/d3/o6/grid30/point_155_history.json  (2 traces)

[ok] wrote experiments/results/poly_shared_weight_power_grid/d3/o6/grid30/point_155
[start] point_156 weights=(1.0, 0.01, 0.1) seconds=30
device=cuda dim=3 order=6 methods=('vanilla', 'sinh') bc_weights=1,0.01,0.1 seconds=30.0
[run] vanilla
[done] vanilla steps=14 ms/step=2184.98 L2=0.999708
[run] sinh
/root/miniconda3/envs/apolarity/lib/python3.11/site-packages/torch/nn/modules/module.py:1310: UserWarning: Complex modules are a new feature under active development whose design may change, and some modules might not work as expected when using complex tensors as parameters or buffers. Please file an issue at https://github.com/pytorch/pytorch/issues/new?template=bug-report.yml if a complex module does not work as expected.
  warnings.warn(
[done] sinh steps=11 ms/step=2891.33 L2=0.96401
[ok] wrote experiments/results/poly_shared_weight_power_grid/d3/o6/grid30/point_156_history.json  (2 traces)

[ok] wrote experiments/results/poly_shared_weight_power_grid/d3/o6/grid30/point_156
[start] point_157 weights=(1.0, 0.01, 1.0) seconds=30
device=cuda dim=3 order=6 methods=('vanilla', 'sinh') bc_weights=1,0.01,1 seconds=30.0
[run] vanilla
[done] vanilla steps=14 ms/step=2191.88 L2=0.999717
[run] sinh
/root/miniconda3/envs/apolarity/lib/python3.11/site-packages/torch/nn/modules/module.py:1310: UserWarning: Complex modules are a new feature under active development whose design may change, and some modules might not work as expected when using complex tensors as parameters or buffers. Please file an issue at https://github.com/pytorch/pytorch/issues/new?template=bug-report.yml if a complex module does not work as expected.
  warnings.warn(
[done] sinh steps=11 ms/step=2891.98 L2=0.964107
[ok] wrote experiments/results/poly_shared_weight_power_grid/d3/o6/grid30/point_157_history.json  (2 traces)

[ok] wrote experiments/results/poly_shared_weight_power_grid/d3/o6/grid30/point_157
[start] point_158 weights=(1.0, 0.01, 10.0) seconds=30
device=cuda dim=3 order=6 methods=('vanilla', 'sinh') bc_weights=1,0.01,10 seconds=30.0
[run] vanilla
[done] vanilla steps=14 ms/step=2190.58 L2=0.999715
[run] sinh
/root/miniconda3/envs/apolarity/lib/python3.11/site-packages/torch/nn/modules/module.py:1310: UserWarning: Complex modules are a new feature under active development whose design may change, and some modules might not work as expected when using complex tensors as parameters or buffers. Please file an issue at https://github.com/pytorch/pytorch/issues/new?template=bug-report.yml if a complex module does not work as expected.
  warnings.warn(
[done] sinh steps=11 ms/step=2891.70 L2=0.964944
[ok] wrote experiments/results/poly_shared_weight_power_grid/d3/o6/grid30/point_158_history.json  (2 traces)

[ok] wrote experiments/results/poly_shared_weight_power_grid/d3/o6/grid30/point_158
[start] point_159 weights=(1.0, 0.01, 100.0) seconds=30
device=cuda dim=3 order=6 methods=('vanilla', 'sinh') bc_weights=1,0.01,100 seconds=30.0
[run] vanilla
[done] vanilla steps=14 ms/step=2168.65 L2=0.999686
[run] sinh
/root/miniconda3/envs/apolarity/lib/python3.11/site-packages/torch/nn/modules/module.py:1310: UserWarning: Complex modules are a new feature under active development whose design may change, and some modules might not work as expected when using complex tensors as parameters or buffers. Please file an issue at https://github.com/pytorch/pytorch/issues/new?template=bug-report.yml if a complex module does not work as expected.
  warnings.warn(
[done] sinh steps=11 ms/step=2890.85 L2=0.969685
[ok] wrote experiments/results/poly_shared_weight_power_grid/d3/o6/grid30/point_159_history.json  (2 traces)

[ok] wrote experiments/results/poly_shared_weight_power_grid/d3/o6/grid30/point_159
[start] point_160 weights=(1.0, 0.01, 1000.0) seconds=30
device=cuda dim=3 order=6 methods=('vanilla', 'sinh') bc_weights=1,0.01,1000 seconds=30.0
[run] vanilla
[done] vanilla steps=14 ms/step=2188.11 L2=0.999755
[run] sinh
/root/miniconda3/envs/apolarity/lib/python3.11/site-packages/torch/nn/modules/module.py:1310: UserWarning: Complex modules are a new feature under active development whose design may change, and some modules might not work as expected when using complex tensors as parameters or buffers. Please file an issue at https://github.com/pytorch/pytorch/issues/new?template=bug-report.yml if a complex module does not work as expected.
  warnings.warn(
[done] sinh steps=11 ms/step=2891.46 L2=0.992096
[ok] wrote experiments/results/poly_shared_weight_power_grid/d3/o6/grid30/point_160_history.json  (2 traces)

[ok] wrote experiments/results/poly_shared_weight_power_grid/d3/o6/grid30/point_160
[start] point_161 weights=(1.0, 0.1, 0.001) seconds=30
device=cuda dim=3 order=6 methods=('vanilla', 'sinh') bc_weights=1,0.1,0.001 seconds=30.0
[run] vanilla
[done] vanilla steps=14 ms/step=2190.76 L2=0.999715
[run] sinh
/root/miniconda3/envs/apolarity/lib/python3.11/site-packages/torch/nn/modules/module.py:1310: UserWarning: Complex modules are a new feature under active development whose design may change, and some modules might not work as expected when using complex tensors as parameters or buffers. Please file an issue at https://github.com/pytorch/pytorch/issues/new?template=bug-report.yml if a complex module does not work as expected.
  warnings.warn(
[done] sinh steps=11 ms/step=2891.73 L2=0.964137
[ok] wrote experiments/results/poly_shared_weight_power_grid/d3/o6/grid30/point_161_history.json  (2 traces)

[ok] wrote experiments/results/poly_shared_weight_power_grid/d3/o6/grid30/point_161
[start] point_162 weights=(1.0, 0.1, 0.01) seconds=30
device=cuda dim=3 order=6 methods=('vanilla', 'sinh') bc_weights=1,0.1,0.01 seconds=30.0
[run] vanilla
[done] vanilla steps=14 ms/step=2167.00 L2=0.999686
[run] sinh
/root/miniconda3/envs/apolarity/lib/python3.11/site-packages/torch/nn/modules/module.py:1310: UserWarning: Complex modules are a new feature under active development whose design may change, and some modules might not work as expected when using complex tensors as parameters or buffers. Please file an issue at https://github.com/pytorch/pytorch/issues/new?template=bug-report.yml if a complex module does not work as expected.
  warnings.warn(
[done] sinh steps=11 ms/step=2889.69 L2=0.964107
[ok] wrote experiments/results/poly_shared_weight_power_grid/d3/o6/grid30/point_162_history.json  (2 traces)

[ok] wrote experiments/results/poly_shared_weight_power_grid/d3/o6/grid30/point_162
[start] point_163 weights=(1.0, 0.1, 0.1) seconds=30
device=cuda dim=3 order=6 methods=('vanilla', 'sinh') bc_weights=1,0.1,0.1 seconds=30.0
[run] vanilla
[done] vanilla steps=14 ms/step=2162.67 L2=0.999681
[run] sinh
/root/miniconda3/envs/apolarity/lib/python3.11/site-packages/torch/nn/modules/module.py:1310: UserWarning: Complex modules are a new feature under active development whose design may change, and some modules might not work as expected when using complex tensors as parameters or buffers. Please file an issue at https://github.com/pytorch/pytorch/issues/new?template=bug-report.yml if a complex module does not work as expected.
  warnings.warn(
[done] sinh steps=11 ms/step=2889.56 L2=0.964109
[ok] wrote experiments/results/poly_shared_weight_power_grid/d3/o6/grid30/point_163_history.json  (2 traces)

[ok] wrote experiments/results/poly_shared_weight_power_grid/d3/o6/grid30/point_163
[start] point_164 weights=(1.0, 0.1, 1.0) seconds=30
device=cuda dim=3 order=6 methods=('vanilla', 'sinh') bc_weights=1,0.1,1 seconds=30.0
[run] vanilla
[done] vanilla steps=14 ms/step=2196.12 L2=0.999722
[run] sinh
/root/miniconda3/envs/apolarity/lib/python3.11/site-packages/torch/nn/modules/module.py:1310: UserWarning: Complex modules are a new feature under active development whose design may change, and some modules might not work as expected when using complex tensors as parameters or buffers. Please file an issue at https://github.com/pytorch/pytorch/issues/new?template=bug-report.yml if a complex module does not work as expected.
  warnings.warn(
[done] sinh steps=11 ms/step=2891.91 L2=0.964236
[ok] wrote experiments/results/poly_shared_weight_power_grid/d3/o6/grid30/point_164_history.json  (2 traces)

[ok] wrote experiments/results/poly_shared_weight_power_grid/d3/o6/grid30/point_164
[start] point_165 weights=(1.0, 0.1, 10.0) seconds=30
device=cuda dim=3 order=6 methods=('vanilla', 'sinh') bc_weights=1,0.1,10 seconds=30.0
[run] vanilla
[done] vanilla steps=14 ms/step=2197.56 L2=0.999725
[run] sinh
/root/miniconda3/envs/apolarity/lib/python3.11/site-packages/torch/nn/modules/module.py:1310: UserWarning: Complex modules are a new feature under active development whose design may change, and some modules might not work as expected when using complex tensors as parameters or buffers. Please file an issue at https://github.com/pytorch/pytorch/issues/new?template=bug-report.yml if a complex module does not work as expected.
  warnings.warn(
[done] sinh steps=11 ms/step=2892.30 L2=0.965092
[ok] wrote experiments/results/poly_shared_weight_power_grid/d3/o6/grid30/point_165_history.json  (2 traces)

[ok] wrote experiments/results/poly_shared_weight_power_grid/d3/o6/grid30/point_165
[start] point_166 weights=(1.0, 0.1, 100.0) seconds=30
device=cuda dim=3 order=6 methods=('vanilla', 'sinh') bc_weights=1,0.1,100 seconds=30.0
[run] vanilla
[done] vanilla steps=14 ms/step=2166.88 L2=0.999688
[run] sinh
/root/miniconda3/envs/apolarity/lib/python3.11/site-packages/torch/nn/modules/module.py:1310: UserWarning: Complex modules are a new feature under active development whose design may change, and some modules might not work as expected when using complex tensors as parameters or buffers. Please file an issue at https://github.com/pytorch/pytorch/issues/new?template=bug-report.yml if a complex module does not work as expected.
  warnings.warn(
[done] sinh steps=11 ms/step=2890.23 L2=0.969776
[ok] wrote experiments/results/poly_shared_weight_power_grid/d3/o6/grid30/point_166_history.json  (2 traces)

[ok] wrote experiments/results/poly_shared_weight_power_grid/d3/o6/grid30/point_166
[start] point_167 weights=(1.0, 0.1, 1000.0) seconds=30
device=cuda dim=3 order=6 methods=('vanilla', 'sinh') bc_weights=1,0.1,1000 seconds=30.0
[run] vanilla
[done] vanilla steps=14 ms/step=2191.81 L2=0.999758
[run] sinh
/root/miniconda3/envs/apolarity/lib/python3.11/site-packages/torch/nn/modules/module.py:1310: UserWarning: Complex modules are a new feature under active development whose design may change, and some modules might not work as expected when using complex tensors as parameters or buffers. Please file an issue at https://github.com/pytorch/pytorch/issues/new?template=bug-report.yml if a complex module does not work as expected.
  warnings.warn(
[done] sinh steps=11 ms/step=2892.27 L2=0.992108
[ok] wrote experiments/results/poly_shared_weight_power_grid/d3/o6/grid30/point_167_history.json  (2 traces)

[ok] wrote experiments/results/poly_shared_weight_power_grid/d3/o6/grid30/point_167
[start] point_168 weights=(1.0, 1.0, 0.001) seconds=30
device=cuda dim=3 order=6 methods=('vanilla', 'sinh') bc_weights=1,1,0.001 seconds=30.0
[run] vanilla
[done] vanilla steps=14 ms/step=2164.74 L2=0.999685
[run] sinh
/root/miniconda3/envs/apolarity/lib/python3.11/site-packages/torch/nn/modules/module.py:1310: UserWarning: Complex modules are a new feature under active development whose design may change, and some modules might not work as expected when using complex tensors as parameters or buffers. Please file an issue at https://github.com/pytorch/pytorch/issues/new?template=bug-report.yml if a complex module does not work as expected.
  warnings.warn(
[done] sinh steps=11 ms/step=2889.56 L2=0.965671
[ok] wrote experiments/results/poly_shared_weight_power_grid/d3/o6/grid30/point_168_history.json  (2 traces)

[ok] wrote experiments/results/poly_shared_weight_power_grid/d3/o6/grid30/point_168
[start] point_169 weights=(1.0, 1.0, 0.01) seconds=30
device=cuda dim=3 order=6 methods=('vanilla', 'sinh') bc_weights=1,1,0.01 seconds=30.0
[run] vanilla
[done] vanilla steps=14 ms/step=2189.77 L2=0.999715
[run] sinh
/root/miniconda3/envs/apolarity/lib/python3.11/site-packages/torch/nn/modules/module.py:1310: UserWarning: Complex modules are a new feature under active development whose design may change, and some modules might not work as expected when using complex tensors as parameters or buffers. Please file an issue at https://github.com/pytorch/pytorch/issues/new?template=bug-report.yml if a complex module does not work as expected.
  warnings.warn(
[done] sinh steps=11 ms/step=2892.18 L2=0.965718
[ok] wrote experiments/results/poly_shared_weight_power_grid/d3/o6/grid30/point_169_history.json  (2 traces)

[ok] wrote experiments/results/poly_shared_weight_power_grid/d3/o6/grid30/point_169
[start] point_170 weights=(1.0, 1.0, 0.1) seconds=30
device=cuda dim=3 order=6 methods=('vanilla', 'sinh') bc_weights=1,1,0.1 seconds=30.0
[run] vanilla
[done] vanilla steps=14 ms/step=2192.63 L2=0.999719
[run] sinh
/root/miniconda3/envs/apolarity/lib/python3.11/site-packages/torch/nn/modules/module.py:1310: UserWarning: Complex modules are a new feature under active development whose design may change, and some modules might not work as expected when using complex tensors as parameters or buffers. Please file an issue at https://github.com/pytorch/pytorch/issues/new?template=bug-report.yml if a complex module does not work as expected.
  warnings.warn(
[done] sinh steps=11 ms/step=2891.93 L2=0.965713
[ok] wrote experiments/results/poly_shared_weight_power_grid/d3/o6/grid30/point_170_history.json  (2 traces)

[ok] wrote experiments/results/poly_shared_weight_power_grid/d3/o6/grid30/point_170
[start] point_171 weights=(1.0, 1.0, 1.0) seconds=30
device=cuda dim=3 order=6 methods=('vanilla', 'sinh') bc_weights=1,1,1 seconds=30.0
[run] vanilla
[done] vanilla steps=14 ms/step=2167.69 L2=0.999688
[run] sinh
/root/miniconda3/envs/apolarity/lib/python3.11/site-packages/torch/nn/modules/module.py:1310: UserWarning: Complex modules are a new feature under active development whose design may change, and some modules might not work as expected when using complex tensors as parameters or buffers. Please file an issue at https://github.com/pytorch/pytorch/issues/new?template=bug-report.yml if a complex module does not work as expected.
  warnings.warn(
[done] sinh steps=11 ms/step=2889.91 L2=0.965731
[ok] wrote experiments/results/poly_shared_weight_power_grid/d3/o6/grid30/point_171_history.json  (2 traces)

[ok] wrote experiments/results/poly_shared_weight_power_grid/d3/o6/grid30/point_171
[start] point_172 weights=(1.0, 1.0, 10.0) seconds=30
device=cuda dim=3 order=6 methods=('vanilla', 'sinh') bc_weights=1,1,10 seconds=30.0
[run] vanilla
[done] vanilla steps=14 ms/step=2165.98 L2=0.999687
[run] sinh
/root/miniconda3/envs/apolarity/lib/python3.11/site-packages/torch/nn/modules/module.py:1310: UserWarning: Complex modules are a new feature under active development whose design may change, and some modules might not work as expected when using complex tensors as parameters or buffers. Please file an issue at https://github.com/pytorch/pytorch/issues/new?template=bug-report.yml if a complex module does not work as expected.
  warnings.warn(
[done] sinh steps=11 ms/step=2890.13 L2=0.966334
[ok] wrote experiments/results/poly_shared_weight_power_grid/d3/o6/grid30/point_172_history.json  (2 traces)

[ok] wrote experiments/results/poly_shared_weight_power_grid/d3/o6/grid30/point_172
[start] point_173 weights=(1.0, 1.0, 100.0) seconds=30
device=cuda dim=3 order=6 methods=('vanilla', 'sinh') bc_weights=1,1,100 seconds=30.0
[run] vanilla
[done] vanilla steps=14 ms/step=2167.42 L2=0.999692
[run] sinh
/root/miniconda3/envs/apolarity/lib/python3.11/site-packages/torch/nn/modules/module.py:1310: UserWarning: Complex modules are a new feature under active development whose design may change, and some modules might not work as expected when using complex tensors as parameters or buffers. Please file an issue at https://github.com/pytorch/pytorch/issues/new?template=bug-report.yml if a complex module does not work as expected.
  warnings.warn(
[done] sinh steps=11 ms/step=2889.93 L2=0.970814
[ok] wrote experiments/results/poly_shared_weight_power_grid/d3/o6/grid30/point_173_history.json  (2 traces)

[ok] wrote experiments/results/poly_shared_weight_power_grid/d3/o6/grid30/point_173
[start] point_174 weights=(1.0, 1.0, 1000.0) seconds=30
device=cuda dim=3 order=6 methods=('vanilla', 'sinh') bc_weights=1,1,1000 seconds=30.0
[run] vanilla
[done] vanilla steps=14 ms/step=2168.56 L2=0.999731
[run] sinh
/root/miniconda3/envs/apolarity/lib/python3.11/site-packages/torch/nn/modules/module.py:1310: UserWarning: Complex modules are a new feature under active development whose design may change, and some modules might not work as expected when using complex tensors as parameters or buffers. Please file an issue at https://github.com/pytorch/pytorch/issues/new?template=bug-report.yml if a complex module does not work as expected.
  warnings.warn(
[done] sinh steps=11 ms/step=2890.01 L2=0.992206
[ok] wrote experiments/results/poly_shared_weight_power_grid/d3/o6/grid30/point_174_history.json  (2 traces)

[ok] wrote experiments/results/poly_shared_weight_power_grid/d3/o6/grid30/point_174
[start] point_175 weights=(1.0, 10.0, 0.001) seconds=30
device=cuda dim=3 order=6 methods=('vanilla', 'sinh') bc_weights=1,10,0.001 seconds=30.0
[run] vanilla
[done] vanilla steps=14 ms/step=2184.45 L2=0.99973
[run] sinh
/root/miniconda3/envs/apolarity/lib/python3.11/site-packages/torch/nn/modules/module.py:1310: UserWarning: Complex modules are a new feature under active development whose design may change, and some modules might not work as expected when using complex tensors as parameters or buffers. Please file an issue at https://github.com/pytorch/pytorch/issues/new?template=bug-report.yml if a complex module does not work as expected.
  warnings.warn(
[done] sinh steps=11 ms/step=2891.95 L2=0.974184
[ok] wrote experiments/results/poly_shared_weight_power_grid/d3/o6/grid30/point_175_history.json  (2 traces)

[ok] wrote experiments/results/poly_shared_weight_power_grid/d3/o6/grid30/point_175
[start] point_176 weights=(1.0, 10.0, 0.01) seconds=30
device=cuda dim=3 order=6 methods=('vanilla', 'sinh') bc_weights=1,10,0.01 seconds=30.0
[run] vanilla
[done] vanilla steps=14 ms/step=2181.29 L2=0.999726
[run] sinh
/root/miniconda3/envs/apolarity/lib/python3.11/site-packages/torch/nn/modules/module.py:1310: UserWarning: Complex modules are a new feature under active development whose design may change, and some modules might not work as expected when using complex tensors as parameters or buffers. Please file an issue at https://github.com/pytorch/pytorch/issues/new?template=bug-report.yml if a complex module does not work as expected.
  warnings.warn(
[done] sinh steps=11 ms/step=2893.34 L2=0.974197
[ok] wrote experiments/results/poly_shared_weight_power_grid/d3/o6/grid30/point_176_history.json  (2 traces)

[ok] wrote experiments/results/poly_shared_weight_power_grid/d3/o6/grid30/point_176
[start] point_177 weights=(1.0, 10.0, 0.1) seconds=30
device=cuda dim=3 order=6 methods=('vanilla', 'sinh') bc_weights=1,10,0.1 seconds=30.0
[run] vanilla
[done] vanilla steps=14 ms/step=2170.39 L2=0.999713
[run] sinh
/root/miniconda3/envs/apolarity/lib/python3.11/site-packages/torch/nn/modules/module.py:1310: UserWarning: Complex modules are a new feature under active development whose design may change, and some modules might not work as expected when using complex tensors as parameters or buffers. Please file an issue at https://github.com/pytorch/pytorch/issues/new?template=bug-report.yml if a complex module does not work as expected.
  warnings.warn(
[done] sinh steps=11 ms/step=2889.99 L2=0.974173
[ok] wrote experiments/results/poly_shared_weight_power_grid/d3/o6/grid30/point_177_history.json  (2 traces)

[ok] wrote experiments/results/poly_shared_weight_power_grid/d3/o6/grid30/point_177
[start] point_178 weights=(1.0, 10.0, 1.0) seconds=30
device=cuda dim=3 order=6 methods=('vanilla', 'sinh') bc_weights=1,10,1 seconds=30.0
[run] vanilla
[done] vanilla steps=14 ms/step=2192.42 L2=0.99974
[run] sinh
/root/miniconda3/envs/apolarity/lib/python3.11/site-packages/torch/nn/modules/module.py:1310: UserWarning: Complex modules are a new feature under active development whose design may change, and some modules might not work as expected when using complex tensors as parameters or buffers. Please file an issue at https://github.com/pytorch/pytorch/issues/new?template=bug-report.yml if a complex module does not work as expected.
  warnings.warn(
[done] sinh steps=11 ms/step=2892.33 L2=0.974224
[ok] wrote experiments/results/poly_shared_weight_power_grid/d3/o6/grid30/point_178_history.json  (2 traces)

[ok] wrote experiments/results/poly_shared_weight_power_grid/d3/o6/grid30/point_178
[start] point_179 weights=(1.0, 10.0, 10.0) seconds=30
device=cuda dim=3 order=6 methods=('vanilla', 'sinh') bc_weights=1,10,10 seconds=30.0
[run] vanilla
[done] vanilla steps=14 ms/step=2217.98 L2=0.999773
[run] sinh
/root/miniconda3/envs/apolarity/lib/python3.11/site-packages/torch/nn/modules/module.py:1310: UserWarning: Complex modules are a new feature under active development whose design may change, and some modules might not work as expected when using complex tensors as parameters or buffers. Please file an issue at https://github.com/pytorch/pytorch/issues/new?template=bug-report.yml if a complex module does not work as expected.
  warnings.warn(
[done] sinh steps=11 ms/step=2892.07 L2=0.97458
[ok] wrote experiments/results/poly_shared_weight_power_grid/d3/o6/grid30/point_179_history.json  (2 traces)

[ok] wrote experiments/results/poly_shared_weight_power_grid/d3/o6/grid30/point_179
[start] point_180 weights=(1.0, 10.0, 100.0) seconds=30
device=cuda dim=3 order=6 methods=('vanilla', 'sinh') bc_weights=1,10,100 seconds=30.0
[run] vanilla
[done] vanilla steps=14 ms/step=2186.70 L2=0.999738
[run] sinh
/root/miniconda3/envs/apolarity/lib/python3.11/site-packages/torch/nn/modules/module.py:1310: UserWarning: Complex modules are a new feature under active development whose design may change, and some modules might not work as expected when using complex tensors as parameters or buffers. Please file an issue at https://github.com/pytorch/pytorch/issues/new?template=bug-report.yml if a complex module does not work as expected.
  warnings.warn(
[done] sinh steps=11 ms/step=2891.77 L2=0.978798
[ok] wrote experiments/results/poly_shared_weight_power_grid/d3/o6/grid30/point_180_history.json  (2 traces)

[ok] wrote experiments/results/poly_shared_weight_power_grid/d3/o6/grid30/point_180
[start] point_181 weights=(1.0, 10.0, 1000.0) seconds=30
device=cuda dim=3 order=6 methods=('vanilla', 'sinh') bc_weights=1,10,1000 seconds=30.0
[run] vanilla
[done] vanilla steps=14 ms/step=2189.34 L2=0.999784
[run] sinh
/root/miniconda3/envs/apolarity/lib/python3.11/site-packages/torch/nn/modules/module.py:1310: UserWarning: Complex modules are a new feature under active development whose design may change, and some modules might not work as expected when using complex tensors as parameters or buffers. Please file an issue at https://github.com/pytorch/pytorch/issues/new?template=bug-report.yml if a complex module does not work as expected.
  warnings.warn(
[done] sinh steps=11 ms/step=2891.79 L2=0.993129
[ok] wrote experiments/results/poly_shared_weight_power_grid/d3/o6/grid30/point_181_history.json  (2 traces)

[ok] wrote experiments/results/poly_shared_weight_power_grid/d3/o6/grid30/point_181
[start] point_182 weights=(1.0, 100.0, 0.001) seconds=30
device=cuda dim=3 order=6 methods=('vanilla', 'sinh') bc_weights=1,100,0.001 seconds=30.0
[run] vanilla
[done] vanilla steps=14 ms/step=2190.45 L2=0.999879
[run] sinh
/root/miniconda3/envs/apolarity/lib/python3.11/site-packages/torch/nn/modules/module.py:1310: UserWarning: Complex modules are a new feature under active development whose design may change, and some modules might not work as expected when using complex tensors as parameters or buffers. Please file an issue at https://github.com/pytorch/pytorch/issues/new?template=bug-report.yml if a complex module does not work as expected.
  warnings.warn(
[done] sinh steps=11 ms/step=2893.29 L2=0.999232
[ok] wrote experiments/results/poly_shared_weight_power_grid/d3/o6/grid30/point_182_history.json  (2 traces)

[ok] wrote experiments/results/poly_shared_weight_power_grid/d3/o6/grid30/point_182
[start] point_183 weights=(1.0, 100.0, 0.01) seconds=30
device=cuda dim=3 order=6 methods=('vanilla', 'sinh') bc_weights=1,100,0.01 seconds=30.0
[run] vanilla
[done] vanilla steps=14 ms/step=2161.95 L2=0.999851
[run] sinh
/root/miniconda3/envs/apolarity/lib/python3.11/site-packages/torch/nn/modules/module.py:1310: UserWarning: Complex modules are a new feature under active development whose design may change, and some modules might not work as expected when using complex tensors as parameters or buffers. Please file an issue at https://github.com/pytorch/pytorch/issues/new?template=bug-report.yml if a complex module does not work as expected.
  warnings.warn(
[done] sinh steps=11 ms/step=2892.92 L2=0.999232
[ok] wrote experiments/results/poly_shared_weight_power_grid/d3/o6/grid30/point_183_history.json  (2 traces)

[ok] wrote experiments/results/poly_shared_weight_power_grid/d3/o6/grid30/point_183
[start] point_184 weights=(1.0, 100.0, 0.1) seconds=30
device=cuda dim=3 order=6 methods=('vanilla', 'sinh') bc_weights=1,100,0.1 seconds=30.0
[run] vanilla
[done] vanilla steps=14 ms/step=2182.88 L2=0.999869
[run] sinh
/root/miniconda3/envs/apolarity/lib/python3.11/site-packages/torch/nn/modules/module.py:1310: UserWarning: Complex modules are a new feature under active development whose design may change, and some modules might not work as expected when using complex tensors as parameters or buffers. Please file an issue at https://github.com/pytorch/pytorch/issues/new?template=bug-report.yml if a complex module does not work as expected.
  warnings.warn(
[done] sinh steps=11 ms/step=2890.61 L2=0.999233
[ok] wrote experiments/results/poly_shared_weight_power_grid/d3/o6/grid30/point_184_history.json  (2 traces)

[ok] wrote experiments/results/poly_shared_weight_power_grid/d3/o6/grid30/point_184
[start] point_185 weights=(1.0, 100.0, 1.0) seconds=30
device=cuda dim=3 order=6 methods=('vanilla', 'sinh') bc_weights=1,100,1 seconds=30.0
[run] vanilla
[done] vanilla steps=14 ms/step=2162.78 L2=0.999852
[run] sinh
/root/miniconda3/envs/apolarity/lib/python3.11/site-packages/torch/nn/modules/module.py:1310: UserWarning: Complex modules are a new feature under active development whose design may change, and some modules might not work as expected when using complex tensors as parameters or buffers. Please file an issue at https://github.com/pytorch/pytorch/issues/new?template=bug-report.yml if a complex module does not work as expected.
  warnings.warn(
[done] sinh steps=11 ms/step=2889.83 L2=0.999234
[ok] wrote experiments/results/poly_shared_weight_power_grid/d3/o6/grid30/point_185_history.json  (2 traces)

[ok] wrote experiments/results/poly_shared_weight_power_grid/d3/o6/grid30/point_185
[start] point_186 weights=(1.0, 100.0, 10.0) seconds=30
device=cuda dim=3 order=6 methods=('vanilla', 'sinh') bc_weights=1,100,10 seconds=30.0
[run] vanilla
[done] vanilla steps=14 ms/step=2189.92 L2=0.999878
[run] sinh
/root/miniconda3/envs/apolarity/lib/python3.11/site-packages/torch/nn/modules/module.py:1310: UserWarning: Complex modules are a new feature under active development whose design may change, and some modules might not work as expected when using complex tensors as parameters or buffers. Please file an issue at https://github.com/pytorch/pytorch/issues/new?template=bug-report.yml if a complex module does not work as expected.
  warnings.warn(
[done] sinh steps=11 ms/step=2891.48 L2=0.999214
[ok] wrote experiments/results/poly_shared_weight_power_grid/d3/o6/grid30/point_186_history.json  (2 traces)

[ok] wrote experiments/results/poly_shared_weight_power_grid/d3/o6/grid30/point_186
[start] point_187 weights=(1.0, 100.0, 100.0) seconds=30
device=cuda dim=3 order=6 methods=('vanilla', 'sinh') bc_weights=1,100,100 seconds=30.0
[run] vanilla
[done] vanilla steps=14 ms/step=2191.59 L2=0.999884
[run] sinh
/root/miniconda3/envs/apolarity/lib/python3.11/site-packages/torch/nn/modules/module.py:1310: UserWarning: Complex modules are a new feature under active development whose design may change, and some modules might not work as expected when using complex tensors as parameters or buffers. Please file an issue at https://github.com/pytorch/pytorch/issues/new?template=bug-report.yml if a complex module does not work as expected.
  warnings.warn(
[done] sinh steps=11 ms/step=2892.24 L2=0.998805
[ok] wrote experiments/results/poly_shared_weight_power_grid/d3/o6/grid30/point_187_history.json  (2 traces)

[ok] wrote experiments/results/poly_shared_weight_power_grid/d3/o6/grid30/point_187
[start] point_188 weights=(1.0, 100.0, 1000.0) seconds=30
device=cuda dim=3 order=6 methods=('vanilla', 'sinh') bc_weights=1,100,1000 seconds=30.0
[run] vanilla
[done] vanilla steps=14 ms/step=2191.88 L2=0.999909
[run] sinh
/root/miniconda3/envs/apolarity/lib/python3.11/site-packages/torch/nn/modules/module.py:1310: UserWarning: Complex modules are a new feature under active development whose design may change, and some modules might not work as expected when using complex tensors as parameters or buffers. Please file an issue at https://github.com/pytorch/pytorch/issues/new?template=bug-report.yml if a complex module does not work as expected.
  warnings.warn(
[done] sinh steps=11 ms/step=2892.22 L2=0.998428
[ok] wrote experiments/results/poly_shared_weight_power_grid/d3/o6/grid30/point_188_history.json  (2 traces)

[ok] wrote experiments/results/poly_shared_weight_power_grid/d3/o6/grid30/point_188
[start] point_189 weights=(1.0, 1000.0, 0.001) seconds=30
device=cuda dim=3 order=6 methods=('vanilla', 'sinh') bc_weights=1,1000,0.001 seconds=30.0
[run] vanilla
[done] vanilla steps=14 ms/step=2170.79 L2=1.00025
[run] sinh
/root/miniconda3/envs/apolarity/lib/python3.11/site-packages/torch/nn/modules/module.py:1310: UserWarning: Complex modules are a new feature under active development whose design may change, and some modules might not work as expected when using complex tensors as parameters or buffers. Please file an issue at https://github.com/pytorch/pytorch/issues/new?template=bug-report.yml if a complex module does not work as expected.
  warnings.warn(
[done] sinh steps=11 ms/step=2890.44 L2=0.999994
[ok] wrote experiments/results/poly_shared_weight_power_grid/d3/o6/grid30/point_189_history.json  (2 traces)

[ok] wrote experiments/results/poly_shared_weight_power_grid/d3/o6/grid30/point_189
[start] point_190 weights=(1.0, 1000.0, 0.01) seconds=30
device=cuda dim=3 order=6 methods=('vanilla', 'sinh') bc_weights=1,1000,0.01 seconds=30.0
[run] vanilla
[done] vanilla steps=14 ms/step=2191.93 L2=1.00025
[run] sinh
/root/miniconda3/envs/apolarity/lib/python3.11/site-packages/torch/nn/modules/module.py:1310: UserWarning: Complex modules are a new feature under active development whose design may change, and some modules might not work as expected when using complex tensors as parameters or buffers. Please file an issue at https://github.com/pytorch/pytorch/issues/new?template=bug-report.yml if a complex module does not work as expected.
  warnings.warn(
[done] sinh steps=11 ms/step=2891.18 L2=0.999993
[ok] wrote experiments/results/poly_shared_weight_power_grid/d3/o6/grid30/point_190_history.json  (2 traces)

[ok] wrote experiments/results/poly_shared_weight_power_grid/d3/o6/grid30/point_190
[start] point_191 weights=(1.0, 1000.0, 0.1) seconds=30
device=cuda dim=3 order=6 methods=('vanilla', 'sinh') bc_weights=1,1000,0.1 seconds=30.0
[run] vanilla
[done] vanilla steps=14 ms/step=2192.02 L2=1.00025
[run] sinh
/root/miniconda3/envs/apolarity/lib/python3.11/site-packages/torch/nn/modules/module.py:1310: UserWarning: Complex modules are a new feature under active development whose design may change, and some modules might not work as expected when using complex tensors as parameters or buffers. Please file an issue at https://github.com/pytorch/pytorch/issues/new?template=bug-report.yml if a complex module does not work as expected.
  warnings.warn(
[done] sinh steps=11 ms/step=2891.53 L2=0.999993
[ok] wrote experiments/results/poly_shared_weight_power_grid/d3/o6/grid30/point_191_history.json  (2 traces)

[ok] wrote experiments/results/poly_shared_weight_power_grid/d3/o6/grid30/point_191
[start] point_192 weights=(1.0, 1000.0, 1.0) seconds=30
device=cuda dim=3 order=6 methods=('vanilla', 'sinh') bc_weights=1,1000,1 seconds=30.0
[run] vanilla
[done] vanilla steps=14 ms/step=2189.91 L2=1.00025
[run] sinh
/root/miniconda3/envs/apolarity/lib/python3.11/site-packages/torch/nn/modules/module.py:1310: UserWarning: Complex modules are a new feature under active development whose design may change, and some modules might not work as expected when using complex tensors as parameters or buffers. Please file an issue at https://github.com/pytorch/pytorch/issues/new?template=bug-report.yml if a complex module does not work as expected.
  warnings.warn(
[done] sinh steps=11 ms/step=2891.76 L2=0.999993
[ok] wrote experiments/results/poly_shared_weight_power_grid/d3/o6/grid30/point_192_history.json  (2 traces)

[ok] wrote experiments/results/poly_shared_weight_power_grid/d3/o6/grid30/point_192
[start] point_193 weights=(1.0, 1000.0, 10.0) seconds=30
device=cuda dim=3 order=6 methods=('vanilla', 'sinh') bc_weights=1,1000,10 seconds=30.0
[run] vanilla
[done] vanilla steps=14 ms/step=2184.23 L2=1.00025
[run] sinh
/root/miniconda3/envs/apolarity/lib/python3.11/site-packages/torch/nn/modules/module.py:1310: UserWarning: Complex modules are a new feature under active development whose design may change, and some modules might not work as expected when using complex tensors as parameters or buffers. Please file an issue at https://github.com/pytorch/pytorch/issues/new?template=bug-report.yml if a complex module does not work as expected.
  warnings.warn(
[done] sinh steps=11 ms/step=2890.83 L2=0.999978
[ok] wrote experiments/results/poly_shared_weight_power_grid/d3/o6/grid30/point_193_history.json  (2 traces)

[ok] wrote experiments/results/poly_shared_weight_power_grid/d3/o6/grid30/point_193
[start] point_194 weights=(1.0, 1000.0, 100.0) seconds=30
device=cuda dim=3 order=6 methods=('vanilla', 'sinh') bc_weights=1,1000,100 seconds=30.0
[run] vanilla
[done] vanilla steps=14 ms/step=2167.95 L2=1.00025
[run] sinh
/root/miniconda3/envs/apolarity/lib/python3.11/site-packages/torch/nn/modules/module.py:1310: UserWarning: Complex modules are a new feature under active development whose design may change, and some modules might not work as expected when using complex tensors as parameters or buffers. Please file an issue at https://github.com/pytorch/pytorch/issues/new?template=bug-report.yml if a complex module does not work as expected.
  warnings.warn(
[done] sinh steps=11 ms/step=2892.06 L2=0.999915
[ok] wrote experiments/results/poly_shared_weight_power_grid/d3/o6/grid30/point_194_history.json  (2 traces)

[ok] wrote experiments/results/poly_shared_weight_power_grid/d3/o6/grid30/point_194
[start] point_195 weights=(1.0, 1000.0, 1000.0) seconds=30
device=cuda dim=3 order=6 methods=('vanilla', 'sinh') bc_weights=1,1000,1000 seconds=30.0
[run] vanilla
[done] vanilla steps=14 ms/step=2163.33 L2=1.00026
[run] sinh
/root/miniconda3/envs/apolarity/lib/python3.11/site-packages/torch/nn/modules/module.py:1310: UserWarning: Complex modules are a new feature under active development whose design may change, and some modules might not work as expected when using complex tensors as parameters or buffers. Please file an issue at https://github.com/pytorch/pytorch/issues/new?template=bug-report.yml if a complex module does not work as expected.
  warnings.warn(
[done] sinh steps=11 ms/step=2889.64 L2=0.999804
[ok] wrote experiments/results/poly_shared_weight_power_grid/d3/o6/grid30/point_195_history.json  (2 traces)

[ok] wrote experiments/results/poly_shared_weight_power_grid/d3/o6/grid30/point_195
[start] point_196 weights=(10.0, 0.001, 0.001) seconds=30
device=cuda dim=3 order=6 methods=('vanilla', 'sinh') bc_weights=10,0.001,0.001 seconds=30.0
[run] vanilla
[done] vanilla steps=14 ms/step=2168.67 L2=0.999745
[run] sinh
/root/miniconda3/envs/apolarity/lib/python3.11/site-packages/torch/nn/modules/module.py:1310: UserWarning: Complex modules are a new feature under active development whose design may change, and some modules might not work as expected when using complex tensors as parameters or buffers. Please file an issue at https://github.com/pytorch/pytorch/issues/new?template=bug-report.yml if a complex module does not work as expected.
  warnings.warn(
[done] sinh steps=11 ms/step=2890.10 L2=1.00072
[ok] wrote experiments/results/poly_shared_weight_power_grid/d3/o6/grid30/point_196_history.json  (2 traces)

[ok] wrote experiments/results/poly_shared_weight_power_grid/d3/o6/grid30/point_196
[start] point_197 weights=(10.0, 0.001, 0.01) seconds=30
device=cuda dim=3 order=6 methods=('vanilla', 'sinh') bc_weights=10,0.001,0.01 seconds=30.0
[run] vanilla
[done] vanilla steps=14 ms/step=2210.31 L2=0.999793
[run] sinh
/root/miniconda3/envs/apolarity/lib/python3.11/site-packages/torch/nn/modules/module.py:1310: UserWarning: Complex modules are a new feature under active development whose design may change, and some modules might not work as expected when using complex tensors as parameters or buffers. Please file an issue at https://github.com/pytorch/pytorch/issues/new?template=bug-report.yml if a complex module does not work as expected.
  warnings.warn(
[done] sinh steps=11 ms/step=2893.00 L2=1.00073
[ok] wrote experiments/results/poly_shared_weight_power_grid/d3/o6/grid30/point_197_history.json  (2 traces)

[ok] wrote experiments/results/poly_shared_weight_power_grid/d3/o6/grid30/point_197
[start] point_198 weights=(10.0, 0.001, 0.1) seconds=30
device=cuda dim=3 order=6 methods=('vanilla', 'sinh') bc_weights=10,0.001,0.1 seconds=30.0
[run] vanilla
[done] vanilla steps=14 ms/step=2192.30 L2=0.999773
[run] sinh
/root/miniconda3/envs/apolarity/lib/python3.11/site-packages/torch/nn/modules/module.py:1310: UserWarning: Complex modules are a new feature under active development whose design may change, and some modules might not work as expected when using complex tensors as parameters or buffers. Please file an issue at https://github.com/pytorch/pytorch/issues/new?template=bug-report.yml if a complex module does not work as expected.
  warnings.warn(
[done] sinh steps=11 ms/step=2892.22 L2=1.00073
[ok] wrote experiments/results/poly_shared_weight_power_grid/d3/o6/grid30/point_198_history.json  (2 traces)

[ok] wrote experiments/results/poly_shared_weight_power_grid/d3/o6/grid30/point_198
[start] point_199 weights=(10.0, 0.001, 1.0) seconds=30
device=cuda dim=3 order=6 methods=('vanilla', 'sinh') bc_weights=10,0.001,1 seconds=30.0
[run] vanilla
[done] vanilla steps=14 ms/step=2165.56 L2=0.999741
[run] sinh
/root/miniconda3/envs/apolarity/lib/python3.11/site-packages/torch/nn/modules/module.py:1310: UserWarning: Complex modules are a new feature under active development whose design may change, and some modules might not work as expected when using complex tensors as parameters or buffers. Please file an issue at https://github.com/pytorch/pytorch/issues/new?template=bug-report.yml if a complex module does not work as expected.
  warnings.warn(
[done] sinh steps=11 ms/step=2889.67 L2=1.00071
[ok] wrote experiments/results/poly_shared_weight_power_grid/d3/o6/grid30/point_199_history.json  (2 traces)

[ok] wrote experiments/results/poly_shared_weight_power_grid/d3/o6/grid30/point_199
[start] point_200 weights=(10.0, 0.001, 10.0) seconds=30
device=cuda dim=3 order=6 methods=('vanilla', 'sinh') bc_weights=10,0.001,10 seconds=30.0
[run] vanilla
[done] vanilla steps=14 ms/step=2196.34 L2=0.999778
[run] sinh
/root/miniconda3/envs/apolarity/lib/python3.11/site-packages/torch/nn/modules/module.py:1310: UserWarning: Complex modules are a new feature under active development whose design may change, and some modules might not work as expected when using complex tensors as parameters or buffers. Please file an issue at https://github.com/pytorch/pytorch/issues/new?template=bug-report.yml if a complex module does not work as expected.
  warnings.warn(
[done] sinh steps=11 ms/step=2892.12 L2=1.00066
[ok] wrote experiments/results/poly_shared_weight_power_grid/d3/o6/grid30/point_200_history.json  (2 traces)

[ok] wrote experiments/results/poly_shared_weight_power_grid/d3/o6/grid30/point_200
[start] point_201 weights=(10.0, 0.001, 100.0) seconds=30
device=cuda dim=3 order=6 methods=('vanilla', 'sinh') bc_weights=10,0.001,100 seconds=30.0
[run] vanilla
[done] vanilla steps=14 ms/step=2168.00 L2=0.999746
[run] sinh
/root/miniconda3/envs/apolarity/lib/python3.11/site-packages/torch/nn/modules/module.py:1310: UserWarning: Complex modules are a new feature under active development whose design may change, and some modules might not work as expected when using complex tensors as parameters or buffers. Please file an issue at https://github.com/pytorch/pytorch/issues/new?template=bug-report.yml if a complex module does not work as expected.
  warnings.warn(
[done] sinh steps=11 ms/step=2890.02 L2=1.00012
[ok] wrote experiments/results/poly_shared_weight_power_grid/d3/o6/grid30/point_201_history.json  (2 traces)

[ok] wrote experiments/results/poly_shared_weight_power_grid/d3/o6/grid30/point_201
[start] point_202 weights=(10.0, 0.001, 1000.0) seconds=30
device=cuda dim=3 order=6 methods=('vanilla', 'sinh') bc_weights=10,0.001,1000 seconds=30.0
[run] vanilla
[done] vanilla steps=14 ms/step=2166.80 L2=0.999746
[run] sinh
/root/miniconda3/envs/apolarity/lib/python3.11/site-packages/torch/nn/modules/module.py:1310: UserWarning: Complex modules are a new feature under active development whose design may change, and some modules might not work as expected when using complex tensors as parameters or buffers. Please file an issue at https://github.com/pytorch/pytorch/issues/new?template=bug-report.yml if a complex module does not work as expected.
  warnings.warn(
[done] sinh steps=11 ms/step=2890.26 L2=0.996547
[ok] wrote experiments/results/poly_shared_weight_power_grid/d3/o6/grid30/point_202_history.json  (2 traces)

[ok] wrote experiments/results/poly_shared_weight_power_grid/d3/o6/grid30/point_202
[start] point_203 weights=(10.0, 0.01, 0.001) seconds=30
device=cuda dim=3 order=6 methods=('vanilla', 'sinh') bc_weights=10,0.01,0.001 seconds=30.0
[run] vanilla
[done] vanilla steps=14 ms/step=2206.84 L2=0.999788
[run] sinh
/root/miniconda3/envs/apolarity/lib/python3.11/site-packages/torch/nn/modules/module.py:1310: UserWarning: Complex modules are a new feature under active development whose design may change, and some modules might not work as expected when using complex tensors as parameters or buffers. Please file an issue at https://github.com/pytorch/pytorch/issues/new?template=bug-report.yml if a complex module does not work as expected.
  warnings.warn(
[done] sinh steps=11 ms/step=2893.06 L2=1.00073
[ok] wrote experiments/results/poly_shared_weight_power_grid/d3/o6/grid30/point_203_history.json  (2 traces)

[ok] wrote experiments/results/poly_shared_weight_power_grid/d3/o6/grid30/point_203
[start] point_204 weights=(10.0, 0.01, 0.01) seconds=30
device=cuda dim=3 order=6 methods=('vanilla', 'sinh') bc_weights=10,0.01,0.01 seconds=30.0
[run] vanilla
[done] vanilla steps=14 ms/step=2193.71 L2=0.999774
[run] sinh
/root/miniconda3/envs/apolarity/lib/python3.11/site-packages/torch/nn/modules/module.py:1310: UserWarning: Complex modules are a new feature under active development whose design may change, and some modules might not work as expected when using complex tensors as parameters or buffers. Please file an issue at https://github.com/pytorch/pytorch/issues/new?template=bug-report.yml if a complex module does not work as expected.
  warnings.warn(
[done] sinh steps=11 ms/step=2892.45 L2=1.00073
[ok] wrote experiments/results/poly_shared_weight_power_grid/d3/o6/grid30/point_204_history.json  (2 traces)

[ok] wrote experiments/results/poly_shared_weight_power_grid/d3/o6/grid30/point_204
[start] point_205 weights=(10.0, 0.01, 0.1) seconds=30
device=cuda dim=3 order=6 methods=('vanilla', 'sinh') bc_weights=10,0.01,0.1 seconds=30.0
[run] vanilla
[done] vanilla steps=14 ms/step=2190.62 L2=0.999772
[run] sinh
/root/miniconda3/envs/apolarity/lib/python3.11/site-packages/torch/nn/modules/module.py:1310: UserWarning: Complex modules are a new feature under active development whose design may change, and some modules might not work as expected when using complex tensors as parameters or buffers. Please file an issue at https://github.com/pytorch/pytorch/issues/new?template=bug-report.yml if a complex module does not work as expected.
  warnings.warn(
[done] sinh steps=11 ms/step=2891.80 L2=1.00072
[ok] wrote experiments/results/poly_shared_weight_power_grid/d3/o6/grid30/point_205_history.json  (2 traces)

[ok] wrote experiments/results/poly_shared_weight_power_grid/d3/o6/grid30/point_205
[start] point_206 weights=(10.0, 0.01, 1.0) seconds=30
device=cuda dim=3 order=6 methods=('vanilla', 'sinh') bc_weights=10,0.01,1 seconds=30.0
[run] vanilla
[done] vanilla steps=14 ms/step=2195.95 L2=0.999779
[run] sinh
/root/miniconda3/envs/apolarity/lib/python3.11/site-packages/torch/nn/modules/module.py:1310: UserWarning: Complex modules are a new feature under active development whose design may change, and some modules might not work as expected when using complex tensors as parameters or buffers. Please file an issue at https://github.com/pytorch/pytorch/issues/new?template=bug-report.yml if a complex module does not work as expected.
  warnings.warn(
[done] sinh steps=11 ms/step=2892.11 L2=1.00072
[ok] wrote experiments/results/poly_shared_weight_power_grid/d3/o6/grid30/point_206_history.json  (2 traces)

[ok] wrote experiments/results/poly_shared_weight_power_grid/d3/o6/grid30/point_206
[start] point_207 weights=(10.0, 0.01, 10.0) seconds=30
device=cuda dim=3 order=6 methods=('vanilla', 'sinh') bc_weights=10,0.01,10 seconds=30.0
[run] vanilla
[done] vanilla steps=14 ms/step=2164.83 L2=0.99974
[run] sinh
/root/miniconda3/envs/apolarity/lib/python3.11/site-packages/torch/nn/modules/module.py:1310: UserWarning: Complex modules are a new feature under active development whose design may change, and some modules might not work as expected when using complex tensors as parameters or buffers. Please file an issue at https://github.com/pytorch/pytorch/issues/new?template=bug-report.yml if a complex module does not work as expected.
  warnings.warn(
[done] sinh steps=11 ms/step=2892.65 L2=1.00066
[ok] wrote experiments/results/poly_shared_weight_power_grid/d3/o6/grid30/point_207_history.json  (2 traces)

[ok] wrote experiments/results/poly_shared_weight_power_grid/d3/o6/grid30/point_207
[start] point_208 weights=(10.0, 0.01, 100.0) seconds=30
device=cuda dim=3 order=6 methods=('vanilla', 'sinh') bc_weights=10,0.01,100 seconds=30.0
[run] vanilla
[done] vanilla steps=14 ms/step=2189.64 L2=0.999771
[run] sinh
/root/miniconda3/envs/apolarity/lib/python3.11/site-packages/torch/nn/modules/module.py:1310: UserWarning: Complex modules are a new feature under active development whose design may change, and some modules might not work as expected when using complex tensors as parameters or buffers. Please file an issue at https://github.com/pytorch/pytorch/issues/new?template=bug-report.yml if a complex module does not work as expected.
  warnings.warn(
[done] sinh steps=11 ms/step=2892.05 L2=1.00013
[ok] wrote experiments/results/poly_shared_weight_power_grid/d3/o6/grid30/point_208_history.json  (2 traces)

[ok] wrote experiments/results/poly_shared_weight_power_grid/d3/o6/grid30/point_208
[start] point_209 weights=(10.0, 0.01, 1000.0) seconds=30
device=cuda dim=3 order=6 methods=('vanilla', 'sinh') bc_weights=10,0.01,1000 seconds=30.0
[run] vanilla
[done] vanilla steps=14 ms/step=2188.57 L2=0.999772
[run] sinh
/root/miniconda3/envs/apolarity/lib/python3.11/site-packages/torch/nn/modules/module.py:1310: UserWarning: Complex modules are a new feature under active development whose design may change, and some modules might not work as expected when using complex tensors as parameters or buffers. Please file an issue at https://github.com/pytorch/pytorch/issues/new?template=bug-report.yml if a complex module does not work as expected.
  warnings.warn(
[done] sinh steps=11 ms/step=2892.23 L2=0.996553
[ok] wrote experiments/results/poly_shared_weight_power_grid/d3/o6/grid30/point_209_history.json  (2 traces)

[ok] wrote experiments/results/poly_shared_weight_power_grid/d3/o6/grid30/point_209
[start] point_210 weights=(10.0, 0.1, 0.001) seconds=30
device=cuda dim=3 order=6 methods=('vanilla', 'sinh') bc_weights=10,0.1,0.001 seconds=30.0
[run] vanilla
[done] vanilla steps=14 ms/step=2168.87 L2=0.999745
[run] sinh
/root/miniconda3/envs/apolarity/lib/python3.11/site-packages/torch/nn/modules/module.py:1310: UserWarning: Complex modules are a new feature under active development whose design may change, and some modules might not work as expected when using complex tensors as parameters or buffers. Please file an issue at https://github.com/pytorch/pytorch/issues/new?template=bug-report.yml if a complex module does not work as expected.
  warnings.warn(
[done] sinh steps=11 ms/step=2890.03 L2=1.00071
[ok] wrote experiments/results/poly_shared_weight_power_grid/d3/o6/grid30/point_210_history.json  (2 traces)

[ok] wrote experiments/results/poly_shared_weight_power_grid/d3/o6/grid30/point_210
[start] point_211 weights=(10.0, 0.1, 0.01) seconds=30
device=cuda dim=3 order=6 methods=('vanilla', 'sinh') bc_weights=10,0.1,0.01 seconds=30.0
[run] vanilla
[done] vanilla steps=14 ms/step=2192.35 L2=0.999774
[run] sinh
/root/miniconda3/envs/apolarity/lib/python3.11/site-packages/torch/nn/modules/module.py:1310: UserWarning: Complex modules are a new feature under active development whose design may change, and some modules might not work as expected when using complex tensors as parameters or buffers. Please file an issue at https://github.com/pytorch/pytorch/issues/new?template=bug-report.yml if a complex module does not work as expected.
  warnings.warn(
[done] sinh steps=11 ms/step=2892.61 L2=1.00072
[ok] wrote experiments/results/poly_shared_weight_power_grid/d3/o6/grid30/point_211_history.json  (2 traces)

[ok] wrote experiments/results/poly_shared_weight_power_grid/d3/o6/grid30/point_211
[start] point_212 weights=(10.0, 0.1, 0.1) seconds=30
device=cuda dim=3 order=6 methods=('vanilla', 'sinh') bc_weights=10,0.1,0.1 seconds=30.0
[run] vanilla
[done] vanilla steps=14 ms/step=2168.54 L2=0.999745
[run] sinh
/root/miniconda3/envs/apolarity/lib/python3.11/site-packages/torch/nn/modules/module.py:1310: UserWarning: Complex modules are a new feature under active development whose design may change, and some modules might not work as expected when using complex tensors as parameters or buffers. Please file an issue at https://github.com/pytorch/pytorch/issues/new?template=bug-report.yml if a complex module does not work as expected.
  warnings.warn(
[done] sinh steps=11 ms/step=2890.36 L2=1.00071
[ok] wrote experiments/results/poly_shared_weight_power_grid/d3/o6/grid30/point_212_history.json  (2 traces)

[ok] wrote experiments/results/poly_shared_weight_power_grid/d3/o6/grid30/point_212
[start] point_213 weights=(10.0, 0.1, 1.0) seconds=30
device=cuda dim=3 order=6 methods=('vanilla', 'sinh') bc_weights=10,0.1,1 seconds=30.0
[run] vanilla
[done] vanilla steps=14 ms/step=2170.02 L2=0.999746
[run] sinh
/root/miniconda3/envs/apolarity/lib/python3.11/site-packages/torch/nn/modules/module.py:1310: UserWarning: Complex modules are a new feature under active development whose design may change, and some modules might not work as expected when using complex tensors as parameters or buffers. Please file an issue at https://github.com/pytorch/pytorch/issues/new?template=bug-report.yml if a complex module does not work as expected.
  warnings.warn(
[done] sinh steps=11 ms/step=2890.17 L2=1.00071
[ok] wrote experiments/results/poly_shared_weight_power_grid/d3/o6/grid30/point_213_history.json  (2 traces)

[ok] wrote experiments/results/poly_shared_weight_power_grid/d3/o6/grid30/point_213
[start] point_214 weights=(10.0, 0.1, 10.0) seconds=30
device=cuda dim=3 order=6 methods=('vanilla', 'sinh') bc_weights=10,0.1,10 seconds=30.0
[run] vanilla
[done] vanilla steps=14 ms/step=2187.86 L2=0.999767
[run] sinh
/root/miniconda3/envs/apolarity/lib/python3.11/site-packages/torch/nn/modules/module.py:1310: UserWarning: Complex modules are a new feature under active development whose design may change, and some modules might not work as expected when using complex tensors as parameters or buffers. Please file an issue at https://github.com/pytorch/pytorch/issues/new?template=bug-report.yml if a complex module does not work as expected.
  warnings.warn(
[done] sinh steps=11 ms/step=2891.76 L2=1.00064
[ok] wrote experiments/results/poly_shared_weight_power_grid/d3/o6/grid30/point_214_history.json  (2 traces)

[ok] wrote experiments/results/poly_shared_weight_power_grid/d3/o6/grid30/point_214
[start] point_215 weights=(10.0, 0.1, 100.0) seconds=30
device=cuda dim=3 order=6 methods=('vanilla', 'sinh') bc_weights=10,0.1,100 seconds=30.0
[run] vanilla
[done] vanilla steps=14 ms/step=2190.34 L2=0.999771
[run] sinh
/root/miniconda3/envs/apolarity/lib/python3.11/site-packages/torch/nn/modules/module.py:1310: UserWarning: Complex modules are a new feature under active development whose design may change, and some modules might not work as expected when using complex tensors as parameters or buffers. Please file an issue at https://github.com/pytorch/pytorch/issues/new?template=bug-report.yml if a complex module does not work as expected.
  warnings.warn(
[done] sinh steps=11 ms/step=2891.92 L2=1.00013
[ok] wrote experiments/results/poly_shared_weight_power_grid/d3/o6/grid30/point_215_history.json  (2 traces)

[ok] wrote experiments/results/poly_shared_weight_power_grid/d3/o6/grid30/point_215
[start] point_216 weights=(10.0, 0.1, 1000.0) seconds=30
device=cuda dim=3 order=6 methods=('vanilla', 'sinh') bc_weights=10,0.1,1000 seconds=30.0
[run] vanilla
[done] vanilla steps=14 ms/step=2192.34 L2=0.999779
[run] sinh
/root/miniconda3/envs/apolarity/lib/python3.11/site-packages/torch/nn/modules/module.py:1310: UserWarning: Complex modules are a new feature under active development whose design may change, and some modules might not work as expected when using complex tensors as parameters or buffers. Please file an issue at https://github.com/pytorch/pytorch/issues/new?template=bug-report.yml if a complex module does not work as expected.
  warnings.warn(
[done] sinh steps=11 ms/step=2892.06 L2=0.99655
[ok] wrote experiments/results/poly_shared_weight_power_grid/d3/o6/grid30/point_216_history.json  (2 traces)

[ok] wrote experiments/results/poly_shared_weight_power_grid/d3/o6/grid30/point_216
[start] point_217 weights=(10.0, 1.0, 0.001) seconds=30
device=cuda dim=3 order=6 methods=('vanilla', 'sinh') bc_weights=10,1,0.001 seconds=30.0
[run] vanilla
[done] vanilla steps=14 ms/step=2192.23 L2=0.999773
[run] sinh
/root/miniconda3/envs/apolarity/lib/python3.11/site-packages/torch/nn/modules/module.py:1310: UserWarning: Complex modules are a new feature under active development whose design may change, and some modules might not work as expected when using complex tensors as parameters or buffers. Please file an issue at https://github.com/pytorch/pytorch/issues/new?template=bug-report.yml if a complex module does not work as expected.
  warnings.warn(
[done] sinh steps=11 ms/step=2891.69 L2=1.00065
[ok] wrote experiments/results/poly_shared_weight_power_grid/d3/o6/grid30/point_217_history.json  (2 traces)

[ok] wrote experiments/results/poly_shared_weight_power_grid/d3/o6/grid30/point_217
[start] point_218 weights=(10.0, 1.0, 0.01) seconds=30
device=cuda dim=3 order=6 methods=('vanilla', 'sinh') bc_weights=10,1,0.01 seconds=30.0
[run] vanilla
[done] vanilla steps=14 ms/step=2179.83 L2=0.999754
[run] sinh
/root/miniconda3/envs/apolarity/lib/python3.11/site-packages/torch/nn/modules/module.py:1310: UserWarning: Complex modules are a new feature under active development whose design may change, and some modules might not work as expected when using complex tensors as parameters or buffers. Please file an issue at https://github.com/pytorch/pytorch/issues/new?template=bug-report.yml if a complex module does not work as expected.
  warnings.warn(
[done] sinh steps=11 ms/step=2890.85 L2=1.00065
[ok] wrote experiments/results/poly_shared_weight_power_grid/d3/o6/grid30/point_218_history.json  (2 traces)

[ok] wrote experiments/results/poly_shared_weight_power_grid/d3/o6/grid30/point_218
[start] point_219 weights=(10.0, 1.0, 0.1) seconds=30
device=cuda dim=3 order=6 methods=('vanilla', 'sinh') bc_weights=10,1,0.1 seconds=30.0
[run] vanilla
[done] vanilla steps=14 ms/step=2162.37 L2=0.999738
[run] sinh
/root/miniconda3/envs/apolarity/lib/python3.11/site-packages/torch/nn/modules/module.py:1310: UserWarning: Complex modules are a new feature under active development whose design may change, and some modules might not work as expected when using complex tensors as parameters or buffers. Please file an issue at https://github.com/pytorch/pytorch/issues/new?template=bug-report.yml if a complex module does not work as expected.
  warnings.warn(
[done] sinh steps=11 ms/step=2889.41 L2=1.00064
[ok] wrote experiments/results/poly_shared_weight_power_grid/d3/o6/grid30/point_219_history.json  (2 traces)

[ok] wrote experiments/results/poly_shared_weight_power_grid/d3/o6/grid30/point_219
[start] point_220 weights=(10.0, 1.0, 1.0) seconds=30
device=cuda dim=3 order=6 methods=('vanilla', 'sinh') bc_weights=10,1,1 seconds=30.0
[run] vanilla
[done] vanilla steps=14 ms/step=2166.82 L2=0.999742
[run] sinh
/root/miniconda3/envs/apolarity/lib/python3.11/site-packages/torch/nn/modules/module.py:1310: UserWarning: Complex modules are a new feature under active development whose design may change, and some modules might not work as expected when using complex tensors as parameters or buffers. Please file an issue at https://github.com/pytorch/pytorch/issues/new?template=bug-report.yml if a complex module does not work as expected.
  warnings.warn(
[done] sinh steps=11 ms/step=2890.18 L2=1.00063
[ok] wrote experiments/results/poly_shared_weight_power_grid/d3/o6/grid30/point_220_history.json  (2 traces)

[ok] wrote experiments/results/poly_shared_weight_power_grid/d3/o6/grid30/point_220
[start] point_221 weights=(10.0, 1.0, 10.0) seconds=30
device=cuda dim=3 order=6 methods=('vanilla', 'sinh') bc_weights=10,1,10 seconds=30.0
[run] vanilla
[done] vanilla steps=14 ms/step=2189.71 L2=0.999771
[run] sinh
/root/miniconda3/envs/apolarity/lib/python3.11/site-packages/torch/nn/modules/module.py:1310: UserWarning: Complex modules are a new feature under active development whose design may change, and some modules might not work as expected when using complex tensors as parameters or buffers. Please file an issue at https://github.com/pytorch/pytorch/issues/new?template=bug-report.yml if a complex module does not work as expected.
  warnings.warn(
[done] sinh steps=11 ms/step=2892.00 L2=1.00055
[ok] wrote experiments/results/poly_shared_weight_power_grid/d3/o6/grid30/point_221_history.json  (2 traces)

[ok] wrote experiments/results/poly_shared_weight_power_grid/d3/o6/grid30/point_221
[start] point_222 weights=(10.0, 1.0, 100.0) seconds=30
device=cuda dim=3 order=6 methods=('vanilla', 'sinh') bc_weights=10,1,100 seconds=30.0
[run] vanilla
[done] vanilla steps=14 ms/step=2195.26 L2=0.999778
[run] sinh
/root/miniconda3/envs/apolarity/lib/python3.11/site-packages/torch/nn/modules/module.py:1310: UserWarning: Complex modules are a new feature under active development whose design may change, and some modules might not work as expected when using complex tensors as parameters or buffers. Please file an issue at https://github.com/pytorch/pytorch/issues/new?template=bug-report.yml if a complex module does not work as expected.
  warnings.warn(
[done] sinh steps=11 ms/step=2892.16 L2=1.00004
[ok] wrote experiments/results/poly_shared_weight_power_grid/d3/o6/grid30/point_222_history.json  (2 traces)

[ok] wrote experiments/results/poly_shared_weight_power_grid/d3/o6/grid30/point_222
[start] point_223 weights=(10.0, 1.0, 1000.0) seconds=30
device=cuda dim=3 order=6 methods=('vanilla', 'sinh') bc_weights=10,1,1000 seconds=30.0
[run] vanilla
[done] vanilla steps=14 ms/step=2193.71 L2=0.99978
[run] sinh
/root/miniconda3/envs/apolarity/lib/python3.11/site-packages/torch/nn/modules/module.py:1310: UserWarning: Complex modules are a new feature under active development whose design may change, and some modules might not work as expected when using complex tensors as parameters or buffers. Please file an issue at https://github.com/pytorch/pytorch/issues/new?template=bug-report.yml if a complex module does not work as expected.
  warnings.warn(
[done] sinh steps=11 ms/step=2892.07 L2=0.996538
[ok] wrote experiments/results/poly_shared_weight_power_grid/d3/o6/grid30/point_223_history.json  (2 traces)

[ok] wrote experiments/results/poly_shared_weight_power_grid/d3/o6/grid30/point_223
[start] point_224 weights=(10.0, 10.0, 0.001) seconds=30
device=cuda dim=3 order=6 methods=('vanilla', 'sinh') bc_weights=10,10,0.001 seconds=30.0
[run] vanilla
[done] vanilla steps=14 ms/step=2190.26 L2=0.999773
[run] sinh
/root/miniconda3/envs/apolarity/lib/python3.11/site-packages/torch/nn/modules/module.py:1310: UserWarning: Complex modules are a new feature under active development whose design may change, and some modules might not work as expected when using complex tensors as parameters or buffers. Please file an issue at https://github.com/pytorch/pytorch/issues/new?template=bug-report.yml if a complex module does not work as expected.
  warnings.warn(
[done] sinh steps=11 ms/step=2891.79 L2=0.999999
[ok] wrote experiments/results/poly_shared_weight_power_grid/d3/o6/grid30/point_224_history.json  (2 traces)

[ok] wrote experiments/results/poly_shared_weight_power_grid/d3/o6/grid30/point_224
[start] point_225 weights=(10.0, 10.0, 0.01) seconds=30
device=cuda dim=3 order=6 methods=('vanilla', 'sinh') bc_weights=10,10,0.01 seconds=30.0
[run] vanilla
[done] vanilla steps=14 ms/step=2209.67 L2=0.999795
[run] sinh
/root/miniconda3/envs/apolarity/lib/python3.11/site-packages/torch/nn/modules/module.py:1310: UserWarning: Complex modules are a new feature under active development whose design may change, and some modules might not work as expected when using complex tensors as parameters or buffers. Please file an issue at https://github.com/pytorch/pytorch/issues/new?template=bug-report.yml if a complex module does not work as expected.
  warnings.warn(
[done] sinh steps=11 ms/step=2892.64 L2=1
[ok] wrote experiments/results/poly_shared_weight_power_grid/d3/o6/grid30/point_225_history.json  (2 traces)

[ok] wrote experiments/results/poly_shared_weight_power_grid/d3/o6/grid30/point_225
[start] point_226 weights=(10.0, 10.0, 0.1) seconds=30
device=cuda dim=3 order=6 methods=('vanilla', 'sinh') bc_weights=10,10,0.1 seconds=30.0
[run] vanilla
[done] vanilla steps=14 ms/step=2181.19 L2=0.999756
[run] sinh
/root/miniconda3/envs/apolarity/lib/python3.11/site-packages/torch/nn/modules/module.py:1310: UserWarning: Complex modules are a new feature under active development whose design may change, and some modules might not work as expected when using complex tensors as parameters or buffers. Please file an issue at https://github.com/pytorch/pytorch/issues/new?template=bug-report.yml if a complex module does not work as expected.
  warnings.warn(
[done] sinh steps=11 ms/step=2891.08 L2=0.999994
[ok] wrote experiments/results/poly_shared_weight_power_grid/d3/o6/grid30/point_226_history.json  (2 traces)

[ok] wrote experiments/results/poly_shared_weight_power_grid/d3/o6/grid30/point_226
[start] point_227 weights=(10.0, 10.0, 1.0) seconds=30
device=cuda dim=3 order=6 methods=('vanilla', 'sinh') bc_weights=10,10,1 seconds=30.0
[run] vanilla
[done] vanilla steps=14 ms/step=2173.33 L2=0.999754
[run] sinh
/root/miniconda3/envs/apolarity/lib/python3.11/site-packages/torch/nn/modules/module.py:1310: UserWarning: Complex modules are a new feature under active development whose design may change, and some modules might not work as expected when using complex tensors as parameters or buffers. Please file an issue at https://github.com/pytorch/pytorch/issues/new?template=bug-report.yml if a complex module does not work as expected.
  warnings.warn(
[done] sinh steps=11 ms/step=2890.31 L2=0.999984
[ok] wrote experiments/results/poly_shared_weight_power_grid/d3/o6/grid30/point_227_history.json  (2 traces)

[ok] wrote experiments/results/poly_shared_weight_power_grid/d3/o6/grid30/point_227
[start] point_228 weights=(10.0, 10.0, 10.0) seconds=30
device=cuda dim=3 order=6 methods=('vanilla', 'sinh') bc_weights=10,10,10 seconds=30.0
[run] vanilla
[done] vanilla steps=14 ms/step=2169.30 L2=0.999748
[run] sinh
/root/miniconda3/envs/apolarity/lib/python3.11/site-packages/torch/nn/modules/module.py:1310: UserWarning: Complex modules are a new feature under active development whose design may change, and some modules might not work as expected when using complex tensors as parameters or buffers. Please file an issue at https://github.com/pytorch/pytorch/issues/new?template=bug-report.yml if a complex module does not work as expected.
  warnings.warn(
[done] sinh steps=11 ms/step=2890.08 L2=0.999929
[ok] wrote experiments/results/poly_shared_weight_power_grid/d3/o6/grid30/point_228_history.json  (2 traces)

[ok] wrote experiments/results/poly_shared_weight_power_grid/d3/o6/grid30/point_228
[start] point_229 weights=(10.0, 10.0, 100.0) seconds=30
device=cuda dim=3 order=6 methods=('vanilla', 'sinh') bc_weights=10,10,100 seconds=30.0
[run] vanilla
[done] vanilla steps=14 ms/step=2192.69 L2=0.999778
[run] sinh
/root/miniconda3/envs/apolarity/lib/python3.11/site-packages/torch/nn/modules/module.py:1310: UserWarning: Complex modules are a new feature under active development whose design may change, and some modules might not work as expected when using complex tensors as parameters or buffers. Please file an issue at https://github.com/pytorch/pytorch/issues/new?template=bug-report.yml if a complex module does not work as expected.
  warnings.warn(
[done] sinh steps=11 ms/step=2891.74 L2=0.999459
[ok] wrote experiments/results/poly_shared_weight_power_grid/d3/o6/grid30/point_229_history.json  (2 traces)

[ok] wrote experiments/results/poly_shared_weight_power_grid/d3/o6/grid30/point_229
[start] point_230 weights=(10.0, 10.0, 1000.0) seconds=30
device=cuda dim=3 order=6 methods=('vanilla', 'sinh') bc_weights=10,10,1000 seconds=30.0
[run] vanilla
[done] vanilla steps=14 ms/step=2163.83 L2=0.999745
[run] sinh
/root/miniconda3/envs/apolarity/lib/python3.11/site-packages/torch/nn/modules/module.py:1310: UserWarning: Complex modules are a new feature under active development whose design may change, and some modules might not work as expected when using complex tensors as parameters or buffers. Please file an issue at https://github.com/pytorch/pytorch/issues/new?template=bug-report.yml if a complex module does not work as expected.
  warnings.warn(
[done] sinh steps=11 ms/step=2890.36 L2=0.99646
[ok] wrote experiments/results/poly_shared_weight_power_grid/d3/o6/grid30/point_230_history.json  (2 traces)

[ok] wrote experiments/results/poly_shared_weight_power_grid/d3/o6/grid30/point_230
[start] point_231 weights=(10.0, 100.0, 0.001) seconds=30
device=cuda dim=3 order=6 methods=('vanilla', 'sinh') bc_weights=10,100,0.001 seconds=30.0
[run] vanilla
[done] vanilla steps=14 ms/step=2212.73 L2=0.999814
[run] sinh
/root/miniconda3/envs/apolarity/lib/python3.11/site-packages/torch/nn/modules/module.py:1310: UserWarning: Complex modules are a new feature under active development whose design may change, and some modules might not work as expected when using complex tensors as parameters or buffers. Please file an issue at https://github.com/pytorch/pytorch/issues/new?template=bug-report.yml if a complex module does not work as expected.
  warnings.warn(
[done] sinh steps=11 ms/step=2892.45 L2=0.996841
[ok] wrote experiments/results/poly_shared_weight_power_grid/d3/o6/grid30/point_231_history.json  (2 traces)

[ok] wrote experiments/results/poly_shared_weight_power_grid/d3/o6/grid30/point_231
[start] point_232 weights=(10.0, 100.0, 0.01) seconds=30
device=cuda dim=3 order=6 methods=('vanilla', 'sinh') bc_weights=10,100,0.01 seconds=30.0
[run] vanilla
[done] vanilla steps=14 ms/step=2168.63 L2=0.999761
[run] sinh
/root/miniconda3/envs/apolarity/lib/python3.11/site-packages/torch/nn/modules/module.py:1310: UserWarning: Complex modules are a new feature under active development whose design may change, and some modules might not work as expected when using complex tensors as parameters or buffers. Please file an issue at https://github.com/pytorch/pytorch/issues/new?template=bug-report.yml if a complex module does not work as expected.
  warnings.warn(
[done] sinh steps=11 ms/step=2890.18 L2=0.996836
[ok] wrote experiments/results/poly_shared_weight_power_grid/d3/o6/grid30/point_232_history.json  (2 traces)

[ok] wrote experiments/results/poly_shared_weight_power_grid/d3/o6/grid30/point_232
[start] point_233 weights=(10.0, 100.0, 0.1) seconds=30
device=cuda dim=3 order=6 methods=('vanilla', 'sinh') bc_weights=10,100,0.1 seconds=30.0
[run] vanilla
[done] vanilla steps=14 ms/step=2194.01 L2=0.999791
[run] sinh
/root/miniconda3/envs/apolarity/lib/python3.11/site-packages/torch/nn/modules/module.py:1310: UserWarning: Complex modules are a new feature under active development whose design may change, and some modules might not work as expected when using complex tensors as parameters or buffers. Please file an issue at https://github.com/pytorch/pytorch/issues/new?template=bug-report.yml if a complex module does not work as expected.
  warnings.warn(
[done] sinh steps=11 ms/step=2892.20 L2=0.99684
[ok] wrote experiments/results/poly_shared_weight_power_grid/d3/o6/grid30/point_233_history.json  (2 traces)

[ok] wrote experiments/results/poly_shared_weight_power_grid/d3/o6/grid30/point_233
[start] point_234 weights=(10.0, 100.0, 1.0) seconds=30
device=cuda dim=3 order=6 methods=('vanilla', 'sinh') bc_weights=10,100,1 seconds=30.0
[run] vanilla
[done] vanilla steps=14 ms/step=2167.16 L2=0.999759
[run] sinh
/root/miniconda3/envs/apolarity/lib/python3.11/site-packages/torch/nn/modules/module.py:1310: UserWarning: Complex modules are a new feature under active development whose design may change, and some modules might not work as expected when using complex tensors as parameters or buffers. Please file an issue at https://github.com/pytorch/pytorch/issues/new?template=bug-report.yml if a complex module does not work as expected.
  warnings.warn(
[done] sinh steps=11 ms/step=2890.15 L2=0.996833
[ok] wrote experiments/results/poly_shared_weight_power_grid/d3/o6/grid30/point_234_history.json  (2 traces)

[ok] wrote experiments/results/poly_shared_weight_power_grid/d3/o6/grid30/point_234
[start] point_235 weights=(10.0, 100.0, 10.0) seconds=30
device=cuda dim=3 order=6 methods=('vanilla', 'sinh') bc_weights=10,100,10 seconds=30.0
[run] vanilla
[done] vanilla steps=14 ms/step=2165.34 L2=0.999758
[run] sinh
/root/miniconda3/envs/apolarity/lib/python3.11/site-packages/torch/nn/modules/module.py:1310: UserWarning: Complex modules are a new feature under active development whose design may change, and some modules might not work as expected when using complex tensors as parameters or buffers. Please file an issue at https://github.com/pytorch/pytorch/issues/new?template=bug-report.yml if a complex module does not work as expected.
  warnings.warn(
[done] sinh steps=11 ms/step=2889.70 L2=0.996827
[ok] wrote experiments/results/poly_shared_weight_power_grid/d3/o6/grid30/point_235_history.json  (2 traces)

[ok] wrote experiments/results/poly_shared_weight_power_grid/d3/o6/grid30/point_235
[start] point_236 weights=(10.0, 100.0, 100.0) seconds=30
device=cuda dim=3 order=6 methods=('vanilla', 'sinh') bc_weights=10,100,100 seconds=30.0
[run] vanilla
[done] vanilla steps=14 ms/step=2187.67 L2=0.999784
[run] sinh
/root/miniconda3/envs/apolarity/lib/python3.11/site-packages/torch/nn/modules/module.py:1310: UserWarning: Complex modules are a new feature under active development whose design may change, and some modules might not work as expected when using complex tensors as parameters or buffers. Please file an issue at https://github.com/pytorch/pytorch/issues/new?template=bug-report.yml if a complex module does not work as expected.
  warnings.warn(
[done] sinh steps=11 ms/step=2891.69 L2=0.996712
[ok] wrote experiments/results/poly_shared_weight_power_grid/d3/o6/grid30/point_236_history.json  (2 traces)

[ok] wrote experiments/results/poly_shared_weight_power_grid/d3/o6/grid30/point_236
[start] point_237 weights=(10.0, 100.0, 1000.0) seconds=30
device=cuda dim=3 order=6 methods=('vanilla', 'sinh') bc_weights=10,100,1000 seconds=30.0
[run] vanilla
[done] vanilla steps=14 ms/step=2168.38 L2=0.999764
[run] sinh
/root/miniconda3/envs/apolarity/lib/python3.11/site-packages/torch/nn/modules/module.py:1310: UserWarning: Complex modules are a new feature under active development whose design may change, and some modules might not work as expected when using complex tensors as parameters or buffers. Please file an issue at https://github.com/pytorch/pytorch/issues/new?template=bug-report.yml if a complex module does not work as expected.
  warnings.warn(
[done] sinh steps=11 ms/step=2890.13 L2=0.996572
[ok] wrote experiments/results/poly_shared_weight_power_grid/d3/o6/grid30/point_237_history.json  (2 traces)

[ok] wrote experiments/results/poly_shared_weight_power_grid/d3/o6/grid30/point_237
[start] point_238 weights=(10.0, 1000.0, 0.001) seconds=30
device=cuda dim=3 order=6 methods=('vanilla', 'sinh') bc_weights=10,1000,0.001 seconds=30.0
[run] vanilla
[done] vanilla steps=14 ms/step=2161.94 L2=0.99991
[run] sinh
/root/miniconda3/envs/apolarity/lib/python3.11/site-packages/torch/nn/modules/module.py:1310: UserWarning: Complex modules are a new feature under active development whose design may change, and some modules might not work as expected when using complex tensors as parameters or buffers. Please file an issue at https://github.com/pytorch/pytorch/issues/new?template=bug-report.yml if a complex module does not work as expected.
  warnings.warn(
[done] sinh steps=11 ms/step=2890.10 L2=1.00291
[ok] wrote experiments/results/poly_shared_weight_power_grid/d3/o6/grid30/point_238_history.json  (2 traces)

[ok] wrote experiments/results/poly_shared_weight_power_grid/d3/o6/grid30/point_238
[start] point_239 weights=(10.0, 1000.0, 0.01) seconds=30
device=cuda dim=3 order=6 methods=('vanilla', 'sinh') bc_weights=10,1000,0.01 seconds=30.0
[run] vanilla
[done] vanilla steps=14 ms/step=2164.66 L2=0.999911
[run] sinh
/root/miniconda3/envs/apolarity/lib/python3.11/site-packages/torch/nn/modules/module.py:1310: UserWarning: Complex modules are a new feature under active development whose design may change, and some modules might not work as expected when using complex tensors as parameters or buffers. Please file an issue at https://github.com/pytorch/pytorch/issues/new?template=bug-report.yml if a complex module does not work as expected.
  warnings.warn(
[done] sinh steps=11 ms/step=2889.89 L2=1.00291
[ok] wrote experiments/results/poly_shared_weight_power_grid/d3/o6/grid30/point_239_history.json  (2 traces)

[ok] wrote experiments/results/poly_shared_weight_power_grid/d3/o6/grid30/point_239
[start] point_240 weights=(10.0, 1000.0, 0.1) seconds=30
device=cuda dim=3 order=6 methods=('vanilla', 'sinh') bc_weights=10,1000,0.1 seconds=30.0
[run] vanilla
[done] vanilla steps=14 ms/step=2167.29 L2=0.999914
[run] sinh
/root/miniconda3/envs/apolarity/lib/python3.11/site-packages/torch/nn/modules/module.py:1310: UserWarning: Complex modules are a new feature under active development whose design may change, and some modules might not work as expected when using complex tensors as parameters or buffers. Please file an issue at https://github.com/pytorch/pytorch/issues/new?template=bug-report.yml if a complex module does not work as expected.
  warnings.warn(
[done] sinh steps=11 ms/step=2890.11 L2=1.00291
[ok] wrote experiments/results/poly_shared_weight_power_grid/d3/o6/grid30/point_240_history.json  (2 traces)

[ok] wrote experiments/results/poly_shared_weight_power_grid/d3/o6/grid30/point_240
[start] point_241 weights=(10.0, 1000.0, 1.0) seconds=30
device=cuda dim=3 order=6 methods=('vanilla', 'sinh') bc_weights=10,1000,1 seconds=30.0
[run] vanilla
[done] vanilla steps=14 ms/step=2196.54 L2=0.999941
[run] sinh
/root/miniconda3/envs/apolarity/lib/python3.11/site-packages/torch/nn/modules/module.py:1310: UserWarning: Complex modules are a new feature under active development whose design may change, and some modules might not work as expected when using complex tensors as parameters or buffers. Please file an issue at https://github.com/pytorch/pytorch/issues/new?template=bug-report.yml if a complex module does not work as expected.
  warnings.warn(
[done] sinh steps=11 ms/step=2892.05 L2=1.00291
[ok] wrote experiments/results/poly_shared_weight_power_grid/d3/o6/grid30/point_241_history.json  (2 traces)

[ok] wrote experiments/results/poly_shared_weight_power_grid/d3/o6/grid30/point_241
[start] point_242 weights=(10.0, 1000.0, 10.0) seconds=30
device=cuda dim=3 order=6 methods=('vanilla', 'sinh') bc_weights=10,1000,10 seconds=30.0
[run] vanilla
[done] vanilla steps=14 ms/step=2193.58 L2=0.999938
[run] sinh
/root/miniconda3/envs/apolarity/lib/python3.11/site-packages/torch/nn/modules/module.py:1310: UserWarning: Complex modules are a new feature under active development whose design may change, and some modules might not work as expected when using complex tensors as parameters or buffers. Please file an issue at https://github.com/pytorch/pytorch/issues/new?template=bug-report.yml if a complex module does not work as expected.
  warnings.warn(
[done] sinh steps=11 ms/step=2892.07 L2=1.0029
[ok] wrote experiments/results/poly_shared_weight_power_grid/d3/o6/grid30/point_242_history.json  (2 traces)

[ok] wrote experiments/results/poly_shared_weight_power_grid/d3/o6/grid30/point_242
[start] point_243 weights=(10.0, 1000.0, 100.0) seconds=30
device=cuda dim=3 order=6 methods=('vanilla', 'sinh') bc_weights=10,1000,100 seconds=30.0
[run] vanilla
[done] vanilla steps=14 ms/step=2161.75 L2=0.999908
[run] sinh
/root/miniconda3/envs/apolarity/lib/python3.11/site-packages/torch/nn/modules/module.py:1310: UserWarning: Complex modules are a new feature under active development whose design may change, and some modules might not work as expected when using complex tensors as parameters or buffers. Please file an issue at https://github.com/pytorch/pytorch/issues/new?template=bug-report.yml if a complex module does not work as expected.
  warnings.warn(
[done] sinh steps=11 ms/step=2890.55 L2=1.00288
[ok] wrote experiments/results/poly_shared_weight_power_grid/d3/o6/grid30/point_243_history.json  (2 traces)

[ok] wrote experiments/results/poly_shared_weight_power_grid/d3/o6/grid30/point_243
[start] point_244 weights=(10.0, 1000.0, 1000.0) seconds=30
device=cuda dim=3 order=6 methods=('vanilla', 'sinh') bc_weights=10,1000,1000 seconds=30.0
[run] vanilla
[done] vanilla steps=14 ms/step=2189.10 L2=0.999937
[run] sinh
/root/miniconda3/envs/apolarity/lib/python3.11/site-packages/torch/nn/modules/module.py:1310: UserWarning: Complex modules are a new feature under active development whose design may change, and some modules might not work as expected when using complex tensors as parameters or buffers. Please file an issue at https://github.com/pytorch/pytorch/issues/new?template=bug-report.yml if a complex module does not work as expected.
  warnings.warn(
[done] sinh steps=11 ms/step=2890.80 L2=1.00258
[ok] wrote experiments/results/poly_shared_weight_power_grid/d3/o6/grid30/point_244_history.json  (2 traces)

[ok] wrote experiments/results/poly_shared_weight_power_grid/d3/o6/grid30/point_244
[start] point_245 weights=(100.0, 0.001, 0.001) seconds=30
device=cuda dim=3 order=6 methods=('vanilla', 'sinh') bc_weights=100,0.001,0.001 seconds=30.0
[run] vanilla
[done] vanilla steps=14 ms/step=2171.01 L2=0.999755
[run] sinh
/root/miniconda3/envs/apolarity/lib/python3.11/site-packages/torch/nn/modules/module.py:1310: UserWarning: Complex modules are a new feature under active development whose design may change, and some modules might not work as expected when using complex tensors as parameters or buffers. Please file an issue at https://github.com/pytorch/pytorch/issues/new?template=bug-report.yml if a complex module does not work as expected.
  warnings.warn(
[done] sinh steps=11 ms/step=2892.26 L2=1.00253
[ok] wrote experiments/results/poly_shared_weight_power_grid/d3/o6/grid30/point_245_history.json  (2 traces)

[ok] wrote experiments/results/poly_shared_weight_power_grid/d3/o6/grid30/point_245
[start] point_246 weights=(100.0, 0.001, 0.01) seconds=30
device=cuda dim=3 order=6 methods=('vanilla', 'sinh') bc_weights=100,0.001,0.01 seconds=30.0
[run] vanilla
[done] vanilla steps=14 ms/step=2171.04 L2=0.999754
[run] sinh
/root/miniconda3/envs/apolarity/lib/python3.11/site-packages/torch/nn/modules/module.py:1310: UserWarning: Complex modules are a new feature under active development whose design may change, and some modules might not work as expected when using complex tensors as parameters or buffers. Please file an issue at https://github.com/pytorch/pytorch/issues/new?template=bug-report.yml if a complex module does not work as expected.
  warnings.warn(
[done] sinh steps=11 ms/step=2890.10 L2=1.00252
[ok] wrote experiments/results/poly_shared_weight_power_grid/d3/o6/grid30/point_246_history.json  (2 traces)

[ok] wrote experiments/results/poly_shared_weight_power_grid/d3/o6/grid30/point_246
[start] point_247 weights=(100.0, 0.001, 0.1) seconds=30
device=cuda dim=3 order=6 methods=('vanilla', 'sinh') bc_weights=100,0.001,0.1 seconds=30.0
[run] vanilla
[done] vanilla steps=14 ms/step=2181.90 L2=0.999766
[run] sinh
/root/miniconda3/envs/apolarity/lib/python3.11/site-packages/torch/nn/modules/module.py:1310: UserWarning: Complex modules are a new feature under active development whose design may change, and some modules might not work as expected when using complex tensors as parameters or buffers. Please file an issue at https://github.com/pytorch/pytorch/issues/new?template=bug-report.yml if a complex module does not work as expected.
  warnings.warn(
[done] sinh steps=11 ms/step=2890.90 L2=1.00253
[ok] wrote experiments/results/poly_shared_weight_power_grid/d3/o6/grid30/point_247_history.json  (2 traces)

[ok] wrote experiments/results/poly_shared_weight_power_grid/d3/o6/grid30/point_247
[start] point_248 weights=(100.0, 0.001, 1.0) seconds=30
device=cuda dim=3 order=6 methods=('vanilla', 'sinh') bc_weights=100,0.001,1 seconds=30.0
[run] vanilla
[done] vanilla steps=14 ms/step=2169.03 L2=0.999751
[run] sinh
/root/miniconda3/envs/apolarity/lib/python3.11/site-packages/torch/nn/modules/module.py:1310: UserWarning: Complex modules are a new feature under active development whose design may change, and some modules might not work as expected when using complex tensors as parameters or buffers. Please file an issue at https://github.com/pytorch/pytorch/issues/new?template=bug-report.yml if a complex module does not work as expected.
  warnings.warn(
[done] sinh steps=11 ms/step=2890.65 L2=1.00253
[ok] wrote experiments/results/poly_shared_weight_power_grid/d3/o6/grid30/point_248_history.json  (2 traces)

[ok] wrote experiments/results/poly_shared_weight_power_grid/d3/o6/grid30/point_248
[start] point_249 weights=(100.0, 0.001, 10.0) seconds=30
device=cuda dim=3 order=6 methods=('vanilla', 'sinh') bc_weights=100,0.001,10 seconds=30.0
[run] vanilla
[done] vanilla steps=14 ms/step=2196.96 L2=0.999786
[run] sinh
/root/miniconda3/envs/apolarity/lib/python3.11/site-packages/torch/nn/modules/module.py:1310: UserWarning: Complex modules are a new feature under active development whose design may change, and some modules might not work as expected when using complex tensors as parameters or buffers. Please file an issue at https://github.com/pytorch/pytorch/issues/new?template=bug-report.yml if a complex module does not work as expected.
  warnings.warn(
[done] sinh steps=11 ms/step=2893.15 L2=1.00253
[ok] wrote experiments/results/poly_shared_weight_power_grid/d3/o6/grid30/point_249_history.json  (2 traces)

[ok] wrote experiments/results/poly_shared_weight_power_grid/d3/o6/grid30/point_249
[start] point_250 weights=(100.0, 0.001, 100.0) seconds=30
device=cuda dim=3 order=6 methods=('vanilla', 'sinh') bc_weights=100,0.001,100 seconds=30.0
[run] vanilla
[done] vanilla steps=14 ms/step=2168.35 L2=0.999751
[run] sinh
/root/miniconda3/envs/apolarity/lib/python3.11/site-packages/torch/nn/modules/module.py:1310: UserWarning: Complex modules are a new feature under active development whose design may change, and some modules might not work as expected when using complex tensors as parameters or buffers. Please file an issue at https://github.com/pytorch/pytorch/issues/new?template=bug-report.yml if a complex module does not work as expected.
  warnings.warn(
[done] sinh steps=11 ms/step=2889.73 L2=1.00245
[ok] wrote experiments/results/poly_shared_weight_power_grid/d3/o6/grid30/point_250_history.json  (2 traces)

[ok] wrote experiments/results/poly_shared_weight_power_grid/d3/o6/grid30/point_250
[start] point_251 weights=(100.0, 0.001, 1000.0) seconds=30
device=cuda dim=3 order=6 methods=('vanilla', 'sinh') bc_weights=100,0.001,1000 seconds=30.0
[run] vanilla
[done] vanilla steps=14 ms/step=2186.50 L2=0.999774
[run] sinh
/root/miniconda3/envs/apolarity/lib/python3.11/site-packages/torch/nn/modules/module.py:1310: UserWarning: Complex modules are a new feature under active development whose design may change, and some modules might not work as expected when using complex tensors as parameters or buffers. Please file an issue at https://github.com/pytorch/pytorch/issues/new?template=bug-report.yml if a complex module does not work as expected.
  warnings.warn(
[done] sinh steps=11 ms/step=2891.36 L2=1.00187
[ok] wrote experiments/results/poly_shared_weight_power_grid/d3/o6/grid30/point_251_history.json  (2 traces)

[ok] wrote experiments/results/poly_shared_weight_power_grid/d3/o6/grid30/point_251
[start] point_252 weights=(100.0, 0.01, 0.001) seconds=30
device=cuda dim=3 order=6 methods=('vanilla', 'sinh') bc_weights=100,0.01,0.001 seconds=30.0
[run] vanilla
[done] vanilla steps=14 ms/step=2168.29 L2=0.999752
[run] sinh
/root/miniconda3/envs/apolarity/lib/python3.11/site-packages/torch/nn/modules/module.py:1310: UserWarning: Complex modules are a new feature under active development whose design may change, and some modules might not work as expected when using complex tensors as parameters or buffers. Please file an issue at https://github.com/pytorch/pytorch/issues/new?template=bug-report.yml if a complex module does not work as expected.
  warnings.warn(
[done] sinh steps=11 ms/step=2890.00 L2=1.00252
[ok] wrote experiments/results/poly_shared_weight_power_grid/d3/o6/grid30/point_252_history.json  (2 traces)

[ok] wrote experiments/results/poly_shared_weight_power_grid/d3/o6/grid30/point_252
[start] point_253 weights=(100.0, 0.01, 0.01) seconds=30
device=cuda dim=3 order=6 methods=('vanilla', 'sinh') bc_weights=100,0.01,0.01 seconds=30.0
[run] vanilla
[done] vanilla steps=14 ms/step=2195.13 L2=0.999785
[run] sinh
/root/miniconda3/envs/apolarity/lib/python3.11/site-packages/torch/nn/modules/module.py:1310: UserWarning: Complex modules are a new feature under active development whose design may change, and some modules might not work as expected when using complex tensors as parameters or buffers. Please file an issue at https://github.com/pytorch/pytorch/issues/new?template=bug-report.yml if a complex module does not work as expected.
  warnings.warn(
[done] sinh steps=11 ms/step=2892.23 L2=1.00254
[ok] wrote experiments/results/poly_shared_weight_power_grid/d3/o6/grid30/point_253_history.json  (2 traces)

[ok] wrote experiments/results/poly_shared_weight_power_grid/d3/o6/grid30/point_253
[start] point_254 weights=(100.0, 0.01, 0.1) seconds=30
device=cuda dim=3 order=6 methods=('vanilla', 'sinh') bc_weights=100,0.01,0.1 seconds=30.0
[run] vanilla
[done] vanilla steps=14 ms/step=2196.02 L2=0.999785
[run] sinh
/root/miniconda3/envs/apolarity/lib/python3.11/site-packages/torch/nn/modules/module.py:1310: UserWarning: Complex modules are a new feature under active development whose design may change, and some modules might not work as expected when using complex tensors as parameters or buffers. Please file an issue at https://github.com/pytorch/pytorch/issues/new?template=bug-report.yml if a complex module does not work as expected.
  warnings.warn(
[done] sinh steps=11 ms/step=2892.07 L2=1.00253
[ok] wrote experiments/results/poly_shared_weight_power_grid/d3/o6/grid30/point_254_history.json  (2 traces)

[ok] wrote experiments/results/poly_shared_weight_power_grid/d3/o6/grid30/point_254
[start] point_255 weights=(100.0, 0.01, 1.0) seconds=30
device=cuda dim=3 order=6 methods=('vanilla', 'sinh') bc_weights=100,0.01,1 seconds=30.0
[run] vanilla
[done] vanilla steps=14 ms/step=2166.58 L2=0.999749
[run] sinh
/root/miniconda3/envs/apolarity/lib/python3.11/site-packages/torch/nn/modules/module.py:1310: UserWarning: Complex modules are a new feature under active development whose design may change, and some modules might not work as expected when using complex tensors as parameters or buffers. Please file an issue at https://github.com/pytorch/pytorch/issues/new?template=bug-report.yml if a complex module does not work as expected.
  warnings.warn(
[done] sinh steps=11 ms/step=2889.79 L2=1.00252
[ok] wrote experiments/results/poly_shared_weight_power_grid/d3/o6/grid30/point_255_history.json  (2 traces)

[ok] wrote experiments/results/poly_shared_weight_power_grid/d3/o6/grid30/point_255
[start] point_256 weights=(100.0, 0.01, 10.0) seconds=30
device=cuda dim=3 order=6 methods=('vanilla', 'sinh') bc_weights=100,0.01,10 seconds=30.0
[run] vanilla
[done] vanilla steps=14 ms/step=2163.54 L2=0.999746
[run] sinh
/root/miniconda3/envs/apolarity/lib/python3.11/site-packages/torch/nn/modules/module.py:1310: UserWarning: Complex modules are a new feature under active development whose design may change, and some modules might not work as expected when using complex tensors as parameters or buffers. Please file an issue at https://github.com/pytorch/pytorch/issues/new?template=bug-report.yml if a complex module does not work as expected.
  warnings.warn(
[done] sinh steps=11 ms/step=2889.90 L2=1.00251
[ok] wrote experiments/results/poly_shared_weight_power_grid/d3/o6/grid30/point_256_history.json  (2 traces)

[ok] wrote experiments/results/poly_shared_weight_power_grid/d3/o6/grid30/point_256
[start] point_257 weights=(100.0, 0.01, 100.0) seconds=30
device=cuda dim=3 order=6 methods=('vanilla', 'sinh') bc_weights=100,0.01,100 seconds=30.0
[run] vanilla
[done] vanilla steps=14 ms/step=2191.92 L2=0.99978
[run] sinh
/root/miniconda3/envs/apolarity/lib/python3.11/site-packages/torch/nn/modules/module.py:1310: UserWarning: Complex modules are a new feature under active development whose design may change, and some modules might not work as expected when using complex tensors as parameters or buffers. Please file an issue at https://github.com/pytorch/pytorch/issues/new?template=bug-report.yml if a complex module does not work as expected.
  warnings.warn(
[done] sinh steps=11 ms/step=2892.21 L2=1.00246
[ok] wrote experiments/results/poly_shared_weight_power_grid/d3/o6/grid30/point_257_history.json  (2 traces)

[ok] wrote experiments/results/poly_shared_weight_power_grid/d3/o6/grid30/point_257
[start] point_258 weights=(100.0, 0.01, 1000.0) seconds=30
device=cuda dim=3 order=6 methods=('vanilla', 'sinh') bc_weights=100,0.01,1000 seconds=30.0
[run] vanilla
[done] vanilla steps=14 ms/step=2186.50 L2=0.999769
[run] sinh
/root/miniconda3/envs/apolarity/lib/python3.11/site-packages/torch/nn/modules/module.py:1310: UserWarning: Complex modules are a new feature under active development whose design may change, and some modules might not work as expected when using complex tensors as parameters or buffers. Please file an issue at https://github.com/pytorch/pytorch/issues/new?template=bug-report.yml if a complex module does not work as expected.
  warnings.warn(
[done] sinh steps=11 ms/step=2890.79 L2=1.00187
[ok] wrote experiments/results/poly_shared_weight_power_grid/d3/o6/grid30/point_258_history.json  (2 traces)

[ok] wrote experiments/results/poly_shared_weight_power_grid/d3/o6/grid30/point_258
[start] point_259 weights=(100.0, 0.1, 0.001) seconds=30
device=cuda dim=3 order=6 methods=('vanilla', 'sinh') bc_weights=100,0.1,0.001 seconds=30.0
[run] vanilla
[done] vanilla steps=14 ms/step=2192.59 L2=0.999781
[run] sinh
/root/miniconda3/envs/apolarity/lib/python3.11/site-packages/torch/nn/modules/module.py:1310: UserWarning: Complex modules are a new feature under active development whose design may change, and some modules might not work as expected when using complex tensors as parameters or buffers. Please file an issue at https://github.com/pytorch/pytorch/issues/new?template=bug-report.yml if a complex module does not work as expected.
  warnings.warn(
[done] sinh steps=11 ms/step=2891.27 L2=1.00253
[ok] wrote experiments/results/poly_shared_weight_power_grid/d3/o6/grid30/point_259_history.json  (2 traces)

[ok] wrote experiments/results/poly_shared_weight_power_grid/d3/o6/grid30/point_259
[start] point_260 weights=(100.0, 0.1, 0.01) seconds=30
device=cuda dim=3 order=6 methods=('vanilla', 'sinh') bc_weights=100,0.1,0.01 seconds=30.0
[run] vanilla
[done] vanilla steps=14 ms/step=2165.28 L2=0.999748
[run] sinh
/root/miniconda3/envs/apolarity/lib/python3.11/site-packages/torch/nn/modules/module.py:1310: UserWarning: Complex modules are a new feature under active development whose design may change, and some modules might not work as expected when using complex tensors as parameters or buffers. Please file an issue at https://github.com/pytorch/pytorch/issues/new?template=bug-report.yml if a complex module does not work as expected.
  warnings.warn(
[done] sinh steps=11 ms/step=2890.46 L2=1.00252
[ok] wrote experiments/results/poly_shared_weight_power_grid/d3/o6/grid30/point_260_history.json  (2 traces)

[ok] wrote experiments/results/poly_shared_weight_power_grid/d3/o6/grid30/point_260
[start] point_261 weights=(100.0, 0.1, 0.1) seconds=30
device=cuda dim=3 order=6 methods=('vanilla', 'sinh') bc_weights=100,0.1,0.1 seconds=30.0
[run] vanilla
[done] vanilla steps=14 ms/step=2196.74 L2=0.999787
[run] sinh
/root/miniconda3/envs/apolarity/lib/python3.11/site-packages/torch/nn/modules/module.py:1310: UserWarning: Complex modules are a new feature under active development whose design may change, and some modules might not work as expected when using complex tensors as parameters or buffers. Please file an issue at https://github.com/pytorch/pytorch/issues/new?template=bug-report.yml if a complex module does not work as expected.
  warnings.warn(
[done] sinh steps=11 ms/step=2891.86 L2=1.00253
[ok] wrote experiments/results/poly_shared_weight_power_grid/d3/o6/grid30/point_261_history.json  (2 traces)

[ok] wrote experiments/results/poly_shared_weight_power_grid/d3/o6/grid30/point_261
[start] point_262 weights=(100.0, 0.1, 1.0) seconds=30
device=cuda dim=3 order=6 methods=('vanilla', 'sinh') bc_weights=100,0.1,1 seconds=30.0
[run] vanilla
[done] vanilla steps=14 ms/step=2195.55 L2=0.999784
[run] sinh
/root/miniconda3/envs/apolarity/lib/python3.11/site-packages/torch/nn/modules/module.py:1310: UserWarning: Complex modules are a new feature under active development whose design may change, and some modules might not work as expected when using complex tensors as parameters or buffers. Please file an issue at https://github.com/pytorch/pytorch/issues/new?template=bug-report.yml if a complex module does not work as expected.
  warnings.warn(
[done] sinh steps=11 ms/step=2892.43 L2=1.00253
[ok] wrote experiments/results/poly_shared_weight_power_grid/d3/o6/grid30/point_262_history.json  (2 traces)

[ok] wrote experiments/results/poly_shared_weight_power_grid/d3/o6/grid30/point_262
[start] point_263 weights=(100.0, 0.1, 10.0) seconds=30
device=cuda dim=3 order=6 methods=('vanilla', 'sinh') bc_weights=100,0.1,10 seconds=30.0
[run] vanilla
[done] vanilla steps=14 ms/step=2188.09 L2=0.999776
[run] sinh
/root/miniconda3/envs/apolarity/lib/python3.11/site-packages/torch/nn/modules/module.py:1310: UserWarning: Complex modules are a new feature under active development whose design may change, and some modules might not work as expected when using complex tensors as parameters or buffers. Please file an issue at https://github.com/pytorch/pytorch/issues/new?template=bug-report.yml if a complex module does not work as expected.
  warnings.warn(
[done] sinh steps=11 ms/step=2891.09 L2=1.00251
[ok] wrote experiments/results/poly_shared_weight_power_grid/d3/o6/grid30/point_263_history.json  (2 traces)

[ok] wrote experiments/results/poly_shared_weight_power_grid/d3/o6/grid30/point_263
[start] point_264 weights=(100.0, 0.1, 100.0) seconds=30
device=cuda dim=3 order=6 methods=('vanilla', 'sinh') bc_weights=100,0.1,100 seconds=30.0
[run] vanilla
[done] vanilla steps=14 ms/step=2165.09 L2=0.999748
[run] sinh
/root/miniconda3/envs/apolarity/lib/python3.11/site-packages/torch/nn/modules/module.py:1310: UserWarning: Complex modules are a new feature under active development whose design may change, and some modules might not work as expected when using complex tensors as parameters or buffers. Please file an issue at https://github.com/pytorch/pytorch/issues/new?template=bug-report.yml if a complex module does not work as expected.
  warnings.warn(
[done] sinh steps=11 ms/step=2889.79 L2=1.00245
[ok] wrote experiments/results/poly_shared_weight_power_grid/d3/o6/grid30/point_264_history.json  (2 traces)

[ok] wrote experiments/results/poly_shared_weight_power_grid/d3/o6/grid30/point_264
[start] point_265 weights=(100.0, 0.1, 1000.0) seconds=30
device=cuda dim=3 order=6 methods=('vanilla', 'sinh') bc_weights=100,0.1,1000 seconds=30.0
[run] vanilla
[done] vanilla steps=14 ms/step=2171.07 L2=0.999755
[run] sinh
/root/miniconda3/envs/apolarity/lib/python3.11/site-packages/torch/nn/modules/module.py:1310: UserWarning: Complex modules are a new feature under active development whose design may change, and some modules might not work as expected when using complex tensors as parameters or buffers. Please file an issue at https://github.com/pytorch/pytorch/issues/new?template=bug-report.yml if a complex module does not work as expected.
  warnings.warn(
[done] sinh steps=11 ms/step=2893.03 L2=1.00188
[ok] wrote experiments/results/poly_shared_weight_power_grid/d3/o6/grid30/point_265_history.json  (2 traces)

[ok] wrote experiments/results/poly_shared_weight_power_grid/d3/o6/grid30/point_265
[start] point_266 weights=(100.0, 1.0, 0.001) seconds=30
device=cuda dim=3 order=6 methods=('vanilla', 'sinh') bc_weights=100,1,0.001 seconds=30.0
[run] vanilla
[done] vanilla steps=14 ms/step=2196.69 L2=0.999785
[run] sinh
/root/miniconda3/envs/apolarity/lib/python3.11/site-packages/torch/nn/modules/module.py:1310: UserWarning: Complex modules are a new feature under active development whose design may change, and some modules might not work as expected when using complex tensors as parameters or buffers. Please file an issue at https://github.com/pytorch/pytorch/issues/new?template=bug-report.yml if a complex module does not work as expected.
  warnings.warn(
[done] sinh steps=11 ms/step=2891.34 L2=1.00252
[ok] wrote experiments/results/poly_shared_weight_power_grid/d3/o6/grid30/point_266_history.json  (2 traces)

[ok] wrote experiments/results/poly_shared_weight_power_grid/d3/o6/grid30/point_266
[start] point_267 weights=(100.0, 1.0, 0.01) seconds=30
device=cuda dim=3 order=6 methods=('vanilla', 'sinh') bc_weights=100,1,0.01 seconds=30.0
[run] vanilla
[done] vanilla steps=14 ms/step=2172.91 L2=0.999753
[run] sinh
/root/miniconda3/envs/apolarity/lib/python3.11/site-packages/torch/nn/modules/module.py:1310: UserWarning: Complex modules are a new feature under active development whose design may change, and some modules might not work as expected when using complex tensors as parameters or buffers. Please file an issue at https://github.com/pytorch/pytorch/issues/new?template=bug-report.yml if a complex module does not work as expected.
  warnings.warn(
[done] sinh steps=11 ms/step=2890.83 L2=1.00251
[ok] wrote experiments/results/poly_shared_weight_power_grid/d3/o6/grid30/point_267_history.json  (2 traces)

[ok] wrote experiments/results/poly_shared_weight_power_grid/d3/o6/grid30/point_267
[start] point_268 weights=(100.0, 1.0, 0.1) seconds=30
device=cuda dim=3 order=6 methods=('vanilla', 'sinh') bc_weights=100,1,0.1 seconds=30.0
[run] vanilla
[done] vanilla steps=14 ms/step=2166.89 L2=0.999749
[run] sinh
/root/miniconda3/envs/apolarity/lib/python3.11/site-packages/torch/nn/modules/module.py:1310: UserWarning: Complex modules are a new feature under active development whose design may change, and some modules might not work as expected when using complex tensors as parameters or buffers. Please file an issue at https://github.com/pytorch/pytorch/issues/new?template=bug-report.yml if a complex module does not work as expected.
  warnings.warn(
[done] sinh steps=11 ms/step=2889.67 L2=1.00251
[ok] wrote experiments/results/poly_shared_weight_power_grid/d3/o6/grid30/point_268_history.json  (2 traces)

[ok] wrote experiments/results/poly_shared_weight_power_grid/d3/o6/grid30/point_268
[start] point_269 weights=(100.0, 1.0, 1.0) seconds=30
device=cuda dim=3 order=6 methods=('vanilla', 'sinh') bc_weights=100,1,1 seconds=30.0
[run] vanilla
[done] vanilla steps=14 ms/step=2188.34 L2=0.999776
[run] sinh
/root/miniconda3/envs/apolarity/lib/python3.11/site-packages/torch/nn/modules/module.py:1310: UserWarning: Complex modules are a new feature under active development whose design may change, and some modules might not work as expected when using complex tensors as parameters or buffers. Please file an issue at https://github.com/pytorch/pytorch/issues/new?template=bug-report.yml if a complex module does not work as expected.
  warnings.warn(
[done] sinh steps=11 ms/step=2891.61 L2=1.00251
[ok] wrote experiments/results/poly_shared_weight_power_grid/d3/o6/grid30/point_269_history.json  (2 traces)

[ok] wrote experiments/results/poly_shared_weight_power_grid/d3/o6/grid30/point_269
[start] point_270 weights=(100.0, 1.0, 10.0) seconds=30
device=cuda dim=3 order=6 methods=('vanilla', 'sinh') bc_weights=100,1,10 seconds=30.0
[run] vanilla
[done] vanilla steps=14 ms/step=2194.67 L2=0.999784
[run] sinh
/root/miniconda3/envs/apolarity/lib/python3.11/site-packages/torch/nn/modules/module.py:1310: UserWarning: Complex modules are a new feature under active development whose design may change, and some modules might not work as expected when using complex tensors as parameters or buffers. Please file an issue at https://github.com/pytorch/pytorch/issues/new?template=bug-report.yml if a complex module does not work as expected.
  warnings.warn(
[done] sinh steps=11 ms/step=2891.82 L2=1.0025
[ok] wrote experiments/results/poly_shared_weight_power_grid/d3/o6/grid30/point_270_history.json  (2 traces)

[ok] wrote experiments/results/poly_shared_weight_power_grid/d3/o6/grid30/point_270
[start] point_271 weights=(100.0, 1.0, 100.0) seconds=30
device=cuda dim=3 order=6 methods=('vanilla', 'sinh') bc_weights=100,1,100 seconds=30.0
[run] vanilla
[done] vanilla steps=14 ms/step=2193.26 L2=0.999782
[run] sinh
/root/miniconda3/envs/apolarity/lib/python3.11/site-packages/torch/nn/modules/module.py:1310: UserWarning: Complex modules are a new feature under active development whose design may change, and some modules might not work as expected when using complex tensors as parameters or buffers. Please file an issue at https://github.com/pytorch/pytorch/issues/new?template=bug-report.yml if a complex module does not work as expected.
  warnings.warn(
[done] sinh steps=11 ms/step=2891.91 L2=1.00245
[ok] wrote experiments/results/poly_shared_weight_power_grid/d3/o6/grid30/point_271_history.json  (2 traces)

[ok] wrote experiments/results/poly_shared_weight_power_grid/d3/o6/grid30/point_271
[start] point_272 weights=(100.0, 1.0, 1000.0) seconds=30
device=cuda dim=3 order=6 methods=('vanilla', 'sinh') bc_weights=100,1,1000 seconds=30.0
[run] vanilla
[done] vanilla steps=14 ms/step=2191.42 L2=0.99978
[run] sinh
/root/miniconda3/envs/apolarity/lib/python3.11/site-packages/torch/nn/modules/module.py:1310: UserWarning: Complex modules are a new feature under active development whose design may change, and some modules might not work as expected when using complex tensors as parameters or buffers. Please file an issue at https://github.com/pytorch/pytorch/issues/new?template=bug-report.yml if a complex module does not work as expected.
  warnings.warn(
[done] sinh steps=11 ms/step=2891.41 L2=1.00187
[ok] wrote experiments/results/poly_shared_weight_power_grid/d3/o6/grid30/point_272_history.json  (2 traces)

[ok] wrote experiments/results/poly_shared_weight_power_grid/d3/o6/grid30/point_272
[start] point_273 weights=(100.0, 10.0, 0.001) seconds=30
device=cuda dim=3 order=6 methods=('vanilla', 'sinh') bc_weights=100,10,0.001 seconds=30.0
[run] vanilla
[done] vanilla steps=14 ms/step=2192.25 L2=0.99978
[run] sinh
/root/miniconda3/envs/apolarity/lib/python3.11/site-packages/torch/nn/modules/module.py:1310: UserWarning: Complex modules are a new feature under active development whose design may change, and some modules might not work as expected when using complex tensors as parameters or buffers. Please file an issue at https://github.com/pytorch/pytorch/issues/new?template=bug-report.yml if a complex module does not work as expected.
  warnings.warn(
[done] sinh steps=11 ms/step=2891.74 L2=1.00243
[ok] wrote experiments/results/poly_shared_weight_power_grid/d3/o6/grid30/point_273_history.json  (2 traces)

[ok] wrote experiments/results/poly_shared_weight_power_grid/d3/o6/grid30/point_273
[start] point_274 weights=(100.0, 10.0, 0.01) seconds=30
device=cuda dim=3 order=6 methods=('vanilla', 'sinh') bc_weights=100,10,0.01 seconds=30.0
[run] vanilla
[done] vanilla steps=14 ms/step=2188.38 L2=0.999774
[run] sinh
/root/miniconda3/envs/apolarity/lib/python3.11/site-packages/torch/nn/modules/module.py:1310: UserWarning: Complex modules are a new feature under active development whose design may change, and some modules might not work as expected when using complex tensors as parameters or buffers. Please file an issue at https://github.com/pytorch/pytorch/issues/new?template=bug-report.yml if a complex module does not work as expected.
  warnings.warn(
[done] sinh steps=11 ms/step=2891.74 L2=1.00242
[ok] wrote experiments/results/poly_shared_weight_power_grid/d3/o6/grid30/point_274_history.json  (2 traces)

[ok] wrote experiments/results/poly_shared_weight_power_grid/d3/o6/grid30/point_274
[start] point_275 weights=(100.0, 10.0, 0.1) seconds=30
device=cuda dim=3 order=6 methods=('vanilla', 'sinh') bc_weights=100,10,0.1 seconds=30.0
[run] vanilla
[done] vanilla steps=14 ms/step=2188.57 L2=0.999776
[run] sinh
/root/miniconda3/envs/apolarity/lib/python3.11/site-packages/torch/nn/modules/module.py:1310: UserWarning: Complex modules are a new feature under active development whose design may change, and some modules might not work as expected when using complex tensors as parameters or buffers. Please file an issue at https://github.com/pytorch/pytorch/issues/new?template=bug-report.yml if a complex module does not work as expected.
  warnings.warn(
[done] sinh steps=11 ms/step=2891.35 L2=1.00242
[ok] wrote experiments/results/poly_shared_weight_power_grid/d3/o6/grid30/point_275_history.json  (2 traces)

[ok] wrote experiments/results/poly_shared_weight_power_grid/d3/o6/grid30/point_275
[start] point_276 weights=(100.0, 10.0, 1.0) seconds=30
device=cuda dim=3 order=6 methods=('vanilla', 'sinh') bc_weights=100,10,1 seconds=30.0
[run] vanilla
[done] vanilla steps=14 ms/step=2210.41 L2=0.999802
[run] sinh
/root/miniconda3/envs/apolarity/lib/python3.11/site-packages/torch/nn/modules/module.py:1310: UserWarning: Complex modules are a new feature under active development whose design may change, and some modules might not work as expected when using complex tensors as parameters or buffers. Please file an issue at https://github.com/pytorch/pytorch/issues/new?template=bug-report.yml if a complex module does not work as expected.
  warnings.warn(
[done] sinh steps=11 ms/step=2892.98 L2=1.00243
[ok] wrote experiments/results/poly_shared_weight_power_grid/d3/o6/grid30/point_276_history.json  (2 traces)

[ok] wrote experiments/results/poly_shared_weight_power_grid/d3/o6/grid30/point_276
[start] point_277 weights=(100.0, 10.0, 10.0) seconds=30
device=cuda dim=3 order=6 methods=('vanilla', 'sinh') bc_weights=100,10,10 seconds=30.0
[run] vanilla
[done] vanilla steps=14 ms/step=2190.43 L2=0.999779
[run] sinh
/root/miniconda3/envs/apolarity/lib/python3.11/site-packages/torch/nn/modules/module.py:1310: UserWarning: Complex modules are a new feature under active development whose design may change, and some modules might not work as expected when using complex tensors as parameters or buffers. Please file an issue at https://github.com/pytorch/pytorch/issues/new?template=bug-report.yml if a complex module does not work as expected.
  warnings.warn(
[done] sinh steps=11 ms/step=2890.96 L2=1.00241
[ok] wrote experiments/results/poly_shared_weight_power_grid/d3/o6/grid30/point_277_history.json  (2 traces)

[ok] wrote experiments/results/poly_shared_weight_power_grid/d3/o6/grid30/point_277
[start] point_278 weights=(100.0, 10.0, 100.0) seconds=30
device=cuda dim=3 order=6 methods=('vanilla', 'sinh') bc_weights=100,10,100 seconds=30.0
[run] vanilla
[done] vanilla steps=14 ms/step=2167.98 L2=0.999751
[run] sinh
/root/miniconda3/envs/apolarity/lib/python3.11/site-packages/torch/nn/modules/module.py:1310: UserWarning: Complex modules are a new feature under active development whose design may change, and some modules might not work as expected when using complex tensors as parameters or buffers. Please file an issue at https://github.com/pytorch/pytorch/issues/new?template=bug-report.yml if a complex module does not work as expected.
  warnings.warn(
[done] sinh steps=11 ms/step=2889.78 L2=1.00237
[ok] wrote experiments/results/poly_shared_weight_power_grid/d3/o6/grid30/point_278_history.json  (2 traces)

[ok] wrote experiments/results/poly_shared_weight_power_grid/d3/o6/grid30/point_278
[start] point_279 weights=(100.0, 10.0, 1000.0) seconds=30
device=cuda dim=3 order=6 methods=('vanilla', 'sinh') bc_weights=100,10,1000 seconds=30.0
[run] vanilla
[done] vanilla steps=14 ms/step=2167.00 L2=0.99975
[run] sinh
/root/miniconda3/envs/apolarity/lib/python3.11/site-packages/torch/nn/modules/module.py:1310: UserWarning: Complex modules are a new feature under active development whose design may change, and some modules might not work as expected when using complex tensors as parameters or buffers. Please file an issue at https://github.com/pytorch/pytorch/issues/new?template=bug-report.yml if a complex module does not work as expected.
  warnings.warn(
[done] sinh steps=11 ms/step=2890.26 L2=1.00179
[ok] wrote experiments/results/poly_shared_weight_power_grid/d3/o6/grid30/point_279_history.json  (2 traces)

[ok] wrote experiments/results/poly_shared_weight_power_grid/d3/o6/grid30/point_279
[start] point_280 weights=(100.0, 100.0, 0.001) seconds=30
device=cuda dim=3 order=6 methods=('vanilla', 'sinh') bc_weights=100,100,0.001 seconds=30.0
[run] vanilla
[done] vanilla steps=14 ms/step=2188.78 L2=0.999777
[run] sinh
/root/miniconda3/envs/apolarity/lib/python3.11/site-packages/torch/nn/modules/module.py:1310: UserWarning: Complex modules are a new feature under active development whose design may change, and some modules might not work as expected when using complex tensors as parameters or buffers. Please file an issue at https://github.com/pytorch/pytorch/issues/new?template=bug-report.yml if a complex module does not work as expected.
  warnings.warn(
[done] sinh steps=11 ms/step=2892.01 L2=1.00175
[ok] wrote experiments/results/poly_shared_weight_power_grid/d3/o6/grid30/point_280_history.json  (2 traces)

[ok] wrote experiments/results/poly_shared_weight_power_grid/d3/o6/grid30/point_280
[start] point_281 weights=(100.0, 100.0, 0.01) seconds=30
device=cuda dim=3 order=6 methods=('vanilla', 'sinh') bc_weights=100,100,0.01 seconds=30.0
[run] vanilla
[done] vanilla steps=14 ms/step=2167.29 L2=0.999752
[run] sinh
/root/miniconda3/envs/apolarity/lib/python3.11/site-packages/torch/nn/modules/module.py:1310: UserWarning: Complex modules are a new feature under active development whose design may change, and some modules might not work as expected when using complex tensors as parameters or buffers. Please file an issue at https://github.com/pytorch/pytorch/issues/new?template=bug-report.yml if a complex module does not work as expected.
  warnings.warn(
[done] sinh steps=11 ms/step=2889.69 L2=1.00174
[ok] wrote experiments/results/poly_shared_weight_power_grid/d3/o6/grid30/point_281_history.json  (2 traces)

[ok] wrote experiments/results/poly_shared_weight_power_grid/d3/o6/grid30/point_281
[start] point_282 weights=(100.0, 100.0, 0.1) seconds=30
device=cuda dim=3 order=6 methods=('vanilla', 'sinh') bc_weights=100,100,0.1 seconds=30.0
[run] vanilla
[done] vanilla steps=14 ms/step=2196.46 L2=0.999786
[run] sinh
/root/miniconda3/envs/apolarity/lib/python3.11/site-packages/torch/nn/modules/module.py:1310: UserWarning: Complex modules are a new feature under active development whose design may change, and some modules might not work as expected when using complex tensors as parameters or buffers. Please file an issue at https://github.com/pytorch/pytorch/issues/new?template=bug-report.yml if a complex module does not work as expected.
  warnings.warn(
[done] sinh steps=11 ms/step=2891.96 L2=1.00175
[ok] wrote experiments/results/poly_shared_weight_power_grid/d3/o6/grid30/point_282_history.json  (2 traces)

[ok] wrote experiments/results/poly_shared_weight_power_grid/d3/o6/grid30/point_282
[start] point_283 weights=(100.0, 100.0, 1.0) seconds=30
device=cuda dim=3 order=6 methods=('vanilla', 'sinh') bc_weights=100,100,1 seconds=30.0
[run] vanilla
[done] vanilla steps=14 ms/step=2188.35 L2=0.999778
[run] sinh
/root/miniconda3/envs/apolarity/lib/python3.11/site-packages/torch/nn/modules/module.py:1310: UserWarning: Complex modules are a new feature under active development whose design may change, and some modules might not work as expected when using complex tensors as parameters or buffers. Please file an issue at https://github.com/pytorch/pytorch/issues/new?template=bug-report.yml if a complex module does not work as expected.
  warnings.warn(
[done] sinh steps=11 ms/step=2891.38 L2=1.00174
[ok] wrote experiments/results/poly_shared_weight_power_grid/d3/o6/grid30/point_283_history.json  (2 traces)

[ok] wrote experiments/results/poly_shared_weight_power_grid/d3/o6/grid30/point_283
[start] point_284 weights=(100.0, 100.0, 10.0) seconds=30
device=cuda dim=3 order=6 methods=('vanilla', 'sinh') bc_weights=100,100,10 seconds=30.0
[run] vanilla
[done] vanilla steps=14 ms/step=2167.88 L2=0.999752
[run] sinh
/root/miniconda3/envs/apolarity/lib/python3.11/site-packages/torch/nn/modules/module.py:1310: UserWarning: Complex modules are a new feature under active development whose design may change, and some modules might not work as expected when using complex tensors as parameters or buffers. Please file an issue at https://github.com/pytorch/pytorch/issues/new?template=bug-report.yml if a complex module does not work as expected.
  warnings.warn(
[done] sinh steps=11 ms/step=2890.09 L2=1.00173
[ok] wrote experiments/results/poly_shared_weight_power_grid/d3/o6/grid30/point_284_history.json  (2 traces)

[ok] wrote experiments/results/poly_shared_weight_power_grid/d3/o6/grid30/point_284
[start] point_285 weights=(100.0, 100.0, 100.0) seconds=30
device=cuda dim=3 order=6 methods=('vanilla', 'sinh') bc_weights=100,100,100 seconds=30.0
[run] vanilla
[done] vanilla steps=14 ms/step=2171.26 L2=0.999756
[run] sinh
/root/miniconda3/envs/apolarity/lib/python3.11/site-packages/torch/nn/modules/module.py:1310: UserWarning: Complex modules are a new feature under active development whose design may change, and some modules might not work as expected when using complex tensors as parameters or buffers. Please file an issue at https://github.com/pytorch/pytorch/issues/new?template=bug-report.yml if a complex module does not work as expected.
  warnings.warn(
[done] sinh steps=11 ms/step=2890.27 L2=1.00167
[ok] wrote experiments/results/poly_shared_weight_power_grid/d3/o6/grid30/point_285_history.json  (2 traces)

[ok] wrote experiments/results/poly_shared_weight_power_grid/d3/o6/grid30/point_285
[start] point_286 weights=(100.0, 100.0, 1000.0) seconds=30
device=cuda dim=3 order=6 methods=('vanilla', 'sinh') bc_weights=100,100,1000 seconds=30.0
[run] vanilla
[done] vanilla steps=14 ms/step=2165.82 L2=0.999749
[run] sinh
/root/miniconda3/envs/apolarity/lib/python3.11/site-packages/torch/nn/modules/module.py:1310: UserWarning: Complex modules are a new feature under active development whose design may change, and some modules might not work as expected when using complex tensors as parameters or buffers. Please file an issue at https://github.com/pytorch/pytorch/issues/new?template=bug-report.yml if a complex module does not work as expected.
  warnings.warn(
[done] sinh steps=11 ms/step=2889.65 L2=1.00111
[ok] wrote experiments/results/poly_shared_weight_power_grid/d3/o6/grid30/point_286_history.json  (2 traces)

[ok] wrote experiments/results/poly_shared_weight_power_grid/d3/o6/grid30/point_286
[start] point_287 weights=(100.0, 1000.0, 0.001) seconds=30
device=cuda dim=3 order=6 methods=('vanilla', 'sinh') bc_weights=100,1000,0.001 seconds=30.0
[run] vanilla
[done] vanilla steps=14 ms/step=2166.99 L2=0.999765
[run] sinh
/root/miniconda3/envs/apolarity/lib/python3.11/site-packages/torch/nn/modules/module.py:1310: UserWarning: Complex modules are a new feature under active development whose design may change, and some modules might not work as expected when using complex tensors as parameters or buffers. Please file an issue at https://github.com/pytorch/pytorch/issues/new?template=bug-report.yml if a complex module does not work as expected.
  warnings.warn(
[done] sinh steps=11 ms/step=2889.82 L2=0.997985
[ok] wrote experiments/results/poly_shared_weight_power_grid/d3/o6/grid30/point_287_history.json  (2 traces)

[ok] wrote experiments/results/poly_shared_weight_power_grid/d3/o6/grid30/point_287
[start] point_288 weights=(100.0, 1000.0, 0.01) seconds=30
device=cuda dim=3 order=6 methods=('vanilla', 'sinh') bc_weights=100,1000,0.01 seconds=30.0
[run] vanilla
[done] vanilla steps=14 ms/step=2189.22 L2=0.999791
[run] sinh
/root/miniconda3/envs/apolarity/lib/python3.11/site-packages/torch/nn/modules/module.py:1310: UserWarning: Complex modules are a new feature under active development whose design may change, and some modules might not work as expected when using complex tensors as parameters or buffers. Please file an issue at https://github.com/pytorch/pytorch/issues/new?template=bug-report.yml if a complex module does not work as expected.
  warnings.warn(
[done] sinh steps=11 ms/step=2891.04 L2=0.997988
[ok] wrote experiments/results/poly_shared_weight_power_grid/d3/o6/grid30/point_288_history.json  (2 traces)

[ok] wrote experiments/results/poly_shared_weight_power_grid/d3/o6/grid30/point_288
[start] point_289 weights=(100.0, 1000.0, 0.1) seconds=30
device=cuda dim=3 order=6 methods=('vanilla', 'sinh') bc_weights=100,1000,0.1 seconds=30.0
[run] vanilla
[done] vanilla steps=14 ms/step=2196.46 L2=0.9998
[run] sinh
/root/miniconda3/envs/apolarity/lib/python3.11/site-packages/torch/nn/modules/module.py:1310: UserWarning: Complex modules are a new feature under active development whose design may change, and some modules might not work as expected when using complex tensors as parameters or buffers. Please file an issue at https://github.com/pytorch/pytorch/issues/new?template=bug-report.yml if a complex module does not work as expected.
  warnings.warn(
[done] sinh steps=11 ms/step=2891.85 L2=0.997989
[ok] wrote experiments/results/poly_shared_weight_power_grid/d3/o6/grid30/point_289_history.json  (2 traces)

[ok] wrote experiments/results/poly_shared_weight_power_grid/d3/o6/grid30/point_289
[start] point_290 weights=(100.0, 1000.0, 1.0) seconds=30
device=cuda dim=3 order=6 methods=('vanilla', 'sinh') bc_weights=100,1000,1 seconds=30.0
[run] vanilla
[done] vanilla steps=14 ms/step=2188.92 L2=0.999792
[run] sinh
/root/miniconda3/envs/apolarity/lib/python3.11/site-packages/torch/nn/modules/module.py:1310: UserWarning: Complex modules are a new feature under active development whose design may change, and some modules might not work as expected when using complex tensors as parameters or buffers. Please file an issue at https://github.com/pytorch/pytorch/issues/new?template=bug-report.yml if a complex module does not work as expected.
  warnings.warn(
[done] sinh steps=11 ms/step=2891.41 L2=0.997988
[ok] wrote experiments/results/poly_shared_weight_power_grid/d3/o6/grid30/point_290_history.json  (2 traces)

[ok] wrote experiments/results/poly_shared_weight_power_grid/d3/o6/grid30/point_290
[start] point_291 weights=(100.0, 1000.0, 10.0) seconds=30
device=cuda dim=3 order=6 methods=('vanilla', 'sinh') bc_weights=100,1000,10 seconds=30.0
[run] vanilla
[done] vanilla steps=14 ms/step=2167.64 L2=0.999765
[run] sinh
/root/miniconda3/envs/apolarity/lib/python3.11/site-packages/torch/nn/modules/module.py:1310: UserWarning: Complex modules are a new feature under active development whose design may change, and some modules might not work as expected when using complex tensors as parameters or buffers. Please file an issue at https://github.com/pytorch/pytorch/issues/new?template=bug-report.yml if a complex module does not work as expected.
  warnings.warn(
[done] sinh steps=11 ms/step=2890.19 L2=0.997981
[ok] wrote experiments/results/poly_shared_weight_power_grid/d3/o6/grid30/point_291_history.json  (2 traces)

[ok] wrote experiments/results/poly_shared_weight_power_grid/d3/o6/grid30/point_291
[start] point_292 weights=(100.0, 1000.0, 100.0) seconds=30
device=cuda dim=3 order=6 methods=('vanilla', 'sinh') bc_weights=100,1000,100 seconds=30.0
[run] vanilla
[done] vanilla steps=14 ms/step=2189.61 L2=0.999791
[run] sinh
/root/miniconda3/envs/apolarity/lib/python3.11/site-packages/torch/nn/modules/module.py:1310: UserWarning: Complex modules are a new feature under active development whose design may change, and some modules might not work as expected when using complex tensors as parameters or buffers. Please file an issue at https://github.com/pytorch/pytorch/issues/new?template=bug-report.yml if a complex module does not work as expected.
  warnings.warn(
[done] sinh steps=11 ms/step=2891.37 L2=0.997959
[ok] wrote experiments/results/poly_shared_weight_power_grid/d3/o6/grid30/point_292_history.json  (2 traces)

[ok] wrote experiments/results/poly_shared_weight_power_grid/d3/o6/grid30/point_292
[start] point_293 weights=(100.0, 1000.0, 1000.0) seconds=30
device=cuda dim=3 order=6 methods=('vanilla', 'sinh') bc_weights=100,1000,1000 seconds=30.0
[run] vanilla
[done] vanilla steps=14 ms/step=2219.94 L2=0.999829
[run] sinh
/root/miniconda3/envs/apolarity/lib/python3.11/site-packages/torch/nn/modules/module.py:1310: UserWarning: Complex modules are a new feature under active development whose design may change, and some modules might not work as expected when using complex tensors as parameters or buffers. Please file an issue at https://github.com/pytorch/pytorch/issues/new?template=bug-report.yml if a complex module does not work as expected.
  warnings.warn(
[done] sinh steps=11 ms/step=2892.56 L2=0.997838
[ok] wrote experiments/results/poly_shared_weight_power_grid/d3/o6/grid30/point_293_history.json  (2 traces)

[ok] wrote experiments/results/poly_shared_weight_power_grid/d3/o6/grid30/point_293
[start] point_294 weights=(1000.0, 0.001, 0.001) seconds=30
device=cuda dim=3 order=6 methods=('vanilla', 'sinh') bc_weights=1000,0.001,0.001 seconds=30.0
[run] vanilla
[done] vanilla steps=14 ms/step=2169.35 L2=0.999753
[run] sinh
/root/miniconda3/envs/apolarity/lib/python3.11/site-packages/torch/nn/modules/module.py:1310: UserWarning: Complex modules are a new feature under active development whose design may change, and some modules might not work as expected when using complex tensors as parameters or buffers. Please file an issue at https://github.com/pytorch/pytorch/issues/new?template=bug-report.yml if a complex module does not work as expected.
  warnings.warn(
[done] sinh steps=11 ms/step=2890.20 L2=1.0027
[ok] wrote experiments/results/poly_shared_weight_power_grid/d3/o6/grid30/point_294_history.json  (2 traces)

[ok] wrote experiments/results/poly_shared_weight_power_grid/d3/o6/grid30/point_294
[start] point_295 weights=(1000.0, 0.001, 0.01) seconds=30
device=cuda dim=3 order=6 methods=('vanilla', 'sinh') bc_weights=1000,0.001,0.01 seconds=30.0
[run] vanilla
[done] vanilla steps=14 ms/step=2188.90 L2=0.999777
[run] sinh
/root/miniconda3/envs/apolarity/lib/python3.11/site-packages/torch/nn/modules/module.py:1310: UserWarning: Complex modules are a new feature under active development whose design may change, and some modules might not work as expected when using complex tensors as parameters or buffers. Please file an issue at https://github.com/pytorch/pytorch/issues/new?template=bug-report.yml if a complex module does not work as expected.
  warnings.warn(
[done] sinh steps=11 ms/step=2891.66 L2=1.00271
[ok] wrote experiments/results/poly_shared_weight_power_grid/d3/o6/grid30/point_295_history.json  (2 traces)

[ok] wrote experiments/results/poly_shared_weight_power_grid/d3/o6/grid30/point_295
[start] point_296 weights=(1000.0, 0.001, 0.1) seconds=30
device=cuda dim=3 order=6 methods=('vanilla', 'sinh') bc_weights=1000,0.001,0.1 seconds=30.0
[run] vanilla
[done] vanilla steps=14 ms/step=2191.75 L2=0.99978
[run] sinh
/root/miniconda3/envs/apolarity/lib/python3.11/site-packages/torch/nn/modules/module.py:1310: UserWarning: Complex modules are a new feature under active development whose design may change, and some modules might not work as expected when using complex tensors as parameters or buffers. Please file an issue at https://github.com/pytorch/pytorch/issues/new?template=bug-report.yml if a complex module does not work as expected.
  warnings.warn(
[done] sinh steps=11 ms/step=2892.11 L2=1.00271
[ok] wrote experiments/results/poly_shared_weight_power_grid/d3/o6/grid30/point_296_history.json  (2 traces)

[ok] wrote experiments/results/poly_shared_weight_power_grid/d3/o6/grid30/point_296
[start] point_297 weights=(1000.0, 0.001, 1.0) seconds=30
device=cuda dim=3 order=6 methods=('vanilla', 'sinh') bc_weights=1000,0.001,1 seconds=30.0
[run] vanilla
[done] vanilla steps=14 ms/step=2169.55 L2=0.999753
[run] sinh
/root/miniconda3/envs/apolarity/lib/python3.11/site-packages/torch/nn/modules/module.py:1310: UserWarning: Complex modules are a new feature under active development whose design may change, and some modules might not work as expected when using complex tensors as parameters or buffers. Please file an issue at https://github.com/pytorch/pytorch/issues/new?template=bug-report.yml if a complex module does not work as expected.
  warnings.warn(
[done] sinh steps=11 ms/step=2889.91 L2=1.0027
[ok] wrote experiments/results/poly_shared_weight_power_grid/d3/o6/grid30/point_297_history.json  (2 traces)

[ok] wrote experiments/results/poly_shared_weight_power_grid/d3/o6/grid30/point_297
[start] point_298 weights=(1000.0, 0.001, 10.0) seconds=30
device=cuda dim=3 order=6 methods=('vanilla', 'sinh') bc_weights=1000,0.001,10 seconds=30.0
[run] vanilla
[done] vanilla steps=14 ms/step=2192.83 L2=0.999781
[run] sinh
/root/miniconda3/envs/apolarity/lib/python3.11/site-packages/torch/nn/modules/module.py:1310: UserWarning: Complex modules are a new feature under active development whose design may change, and some modules might not work as expected when using complex tensors as parameters or buffers. Please file an issue at https://github.com/pytorch/pytorch/issues/new?template=bug-report.yml if a complex module does not work as expected.
  warnings.warn(
[done] sinh steps=11 ms/step=2892.04 L2=1.00271
[ok] wrote experiments/results/poly_shared_weight_power_grid/d3/o6/grid30/point_298_history.json  (2 traces)

[ok] wrote experiments/results/poly_shared_weight_power_grid/d3/o6/grid30/point_298
[start] point_299 weights=(1000.0, 0.001, 100.0) seconds=30
device=cuda dim=3 order=6 methods=('vanilla', 'sinh') bc_weights=1000,0.001,100 seconds=30.0
[run] vanilla
[done] vanilla steps=14 ms/step=2195.23 L2=0.999785
[run] sinh
/root/miniconda3/envs/apolarity/lib/python3.11/site-packages/torch/nn/modules/module.py:1310: UserWarning: Complex modules are a new feature under active development whose design may change, and some modules might not work as expected when using complex tensors as parameters or buffers. Please file an issue at https://github.com/pytorch/pytorch/issues/new?template=bug-report.yml if a complex module does not work as expected.
  warnings.warn(
[done] sinh steps=11 ms/step=2891.55 L2=1.00269
[ok] wrote experiments/results/poly_shared_weight_power_grid/d3/o6/grid30/point_299_history.json  (2 traces)

[ok] wrote experiments/results/poly_shared_weight_power_grid/d3/o6/grid30/point_299
[start] point_300 weights=(1000.0, 0.001, 1000.0) seconds=30
device=cuda dim=3 order=6 methods=('vanilla', 'sinh') bc_weights=1000,0.001,1000 seconds=30.0
[run] vanilla
[done] vanilla steps=14 ms/step=2227.07 L2=0.999825
[run] sinh
/root/miniconda3/envs/apolarity/lib/python3.11/site-packages/torch/nn/modules/module.py:1310: UserWarning: Complex modules are a new feature under active development whose design may change, and some modules might not work as expected when using complex tensors as parameters or buffers. Please file an issue at https://github.com/pytorch/pytorch/issues/new?template=bug-report.yml if a complex module does not work as expected.
  warnings.warn(
[done] sinh steps=11 ms/step=2894.85 L2=1.00265
[ok] wrote experiments/results/poly_shared_weight_power_grid/d3/o6/grid30/point_300_history.json  (2 traces)

[ok] wrote experiments/results/poly_shared_weight_power_grid/d3/o6/grid30/point_300
[start] point_301 weights=(1000.0, 0.01, 0.001) seconds=30
device=cuda dim=3 order=6 methods=('vanilla', 'sinh') bc_weights=1000,0.01,0.001 seconds=30.0
[run] vanilla
[done] vanilla steps=14 ms/step=2189.13 L2=0.999774
[run] sinh
/root/miniconda3/envs/apolarity/lib/python3.11/site-packages/torch/nn/modules/module.py:1310: UserWarning: Complex modules are a new feature under active development whose design may change, and some modules might not work as expected when using complex tensors as parameters or buffers. Please file an issue at https://github.com/pytorch/pytorch/issues/new?template=bug-report.yml if a complex module does not work as expected.
  warnings.warn(
[done] sinh steps=11 ms/step=2891.95 L2=1.00271
[ok] wrote experiments/results/poly_shared_weight_power_grid/d3/o6/grid30/point_301_history.json  (2 traces)

[ok] wrote experiments/results/poly_shared_weight_power_grid/d3/o6/grid30/point_301
[start] point_302 weights=(1000.0, 0.01, 0.01) seconds=30
device=cuda dim=3 order=6 methods=('vanilla', 'sinh') bc_weights=1000,0.01,0.01 seconds=30.0
[run] vanilla
[done] vanilla steps=14 ms/step=2169.65 L2=0.999754
[run] sinh
/root/miniconda3/envs/apolarity/lib/python3.11/site-packages/torch/nn/modules/module.py:1310: UserWarning: Complex modules are a new feature under active development whose design may change, and some modules might not work as expected when using complex tensors as parameters or buffers. Please file an issue at https://github.com/pytorch/pytorch/issues/new?template=bug-report.yml if a complex module does not work as expected.
  warnings.warn(
[done] sinh steps=11 ms/step=2889.68 L2=1.0027
[ok] wrote experiments/results/poly_shared_weight_power_grid/d3/o6/grid30/point_302_history.json  (2 traces)

[ok] wrote experiments/results/poly_shared_weight_power_grid/d3/o6/grid30/point_302
[start] point_303 weights=(1000.0, 0.01, 0.1) seconds=30
device=cuda dim=3 order=6 methods=('vanilla', 'sinh') bc_weights=1000,0.01,0.1 seconds=30.0
[run] vanilla
[done] vanilla steps=14 ms/step=2194.34 L2=0.999783
[run] sinh
/root/miniconda3/envs/apolarity/lib/python3.11/site-packages/torch/nn/modules/module.py:1310: UserWarning: Complex modules are a new feature under active development whose design may change, and some modules might not work as expected when using complex tensors as parameters or buffers. Please file an issue at https://github.com/pytorch/pytorch/issues/new?template=bug-report.yml if a complex module does not work as expected.
  warnings.warn(
[done] sinh steps=11 ms/step=2891.39 L2=1.0027
[ok] wrote experiments/results/poly_shared_weight_power_grid/d3/o6/grid30/point_303_history.json  (2 traces)

[ok] wrote experiments/results/poly_shared_weight_power_grid/d3/o6/grid30/point_303
[start] point_304 weights=(1000.0, 0.01, 1.0) seconds=30
device=cuda dim=3 order=6 methods=('vanilla', 'sinh') bc_weights=1000,0.01,1 seconds=30.0
[run] vanilla
[done] vanilla steps=14 ms/step=2169.47 L2=0.999754
[run] sinh
/root/miniconda3/envs/apolarity/lib/python3.11/site-packages/torch/nn/modules/module.py:1310: UserWarning: Complex modules are a new feature under active development whose design may change, and some modules might not work as expected when using complex tensors as parameters or buffers. Please file an issue at https://github.com/pytorch/pytorch/issues/new?template=bug-report.yml if a complex module does not work as expected.
  warnings.warn(
[done] sinh steps=11 ms/step=2890.34 L2=1.0027
[ok] wrote experiments/results/poly_shared_weight_power_grid/d3/o6/grid30/point_304_history.json  (2 traces)

[ok] wrote experiments/results/poly_shared_weight_power_grid/d3/o6/grid30/point_304
[start] point_305 weights=(1000.0, 0.01, 10.0) seconds=30
device=cuda dim=3 order=6 methods=('vanilla', 'sinh') bc_weights=1000,0.01,10 seconds=30.0
[run] vanilla
[done] vanilla steps=14 ms/step=2173.23 L2=0.999751
[run] sinh
/root/miniconda3/envs/apolarity/lib/python3.11/site-packages/torch/nn/modules/module.py:1310: UserWarning: Complex modules are a new feature under active development whose design may change, and some modules might not work as expected when using complex tensors as parameters or buffers. Please file an issue at https://github.com/pytorch/pytorch/issues/new?template=bug-report.yml if a complex module does not work as expected.
  warnings.warn(
[done] sinh steps=11 ms/step=2893.30 L2=1.00271
[ok] wrote experiments/results/poly_shared_weight_power_grid/d3/o6/grid30/point_305_history.json  (2 traces)

[ok] wrote experiments/results/poly_shared_weight_power_grid/d3/o6/grid30/point_305
[start] point_306 weights=(1000.0, 0.01, 100.0) seconds=30
device=cuda dim=3 order=6 methods=('vanilla', 'sinh') bc_weights=1000,0.01,100 seconds=30.0
[run] vanilla
[done] vanilla steps=14 ms/step=2202.13 L2=0.999797
[run] sinh
/root/miniconda3/envs/apolarity/lib/python3.11/site-packages/torch/nn/modules/module.py:1310: UserWarning: Complex modules are a new feature under active development whose design may change, and some modules might not work as expected when using complex tensors as parameters or buffers. Please file an issue at https://github.com/pytorch/pytorch/issues/new?template=bug-report.yml if a complex module does not work as expected.
  warnings.warn(
[done] sinh steps=11 ms/step=2892.23 L2=1.00269
[ok] wrote experiments/results/poly_shared_weight_power_grid/d3/o6/grid30/point_306_history.json  (2 traces)

[ok] wrote experiments/results/poly_shared_weight_power_grid/d3/o6/grid30/point_306
[start] point_307 weights=(1000.0, 0.01, 1000.0) seconds=30
device=cuda dim=3 order=6 methods=('vanilla', 'sinh') bc_weights=1000,0.01,1000 seconds=30.0
[run] vanilla
[done] vanilla steps=14 ms/step=2195.05 L2=0.999783
[run] sinh
/root/miniconda3/envs/apolarity/lib/python3.11/site-packages/torch/nn/modules/module.py:1310: UserWarning: Complex modules are a new feature under active development whose design may change, and some modules might not work as expected when using complex tensors as parameters or buffers. Please file an issue at https://github.com/pytorch/pytorch/issues/new?template=bug-report.yml if a complex module does not work as expected.
  warnings.warn(
[done] sinh steps=11 ms/step=2892.34 L2=1.00263
[ok] wrote experiments/results/poly_shared_weight_power_grid/d3/o6/grid30/point_307_history.json  (2 traces)

[ok] wrote experiments/results/poly_shared_weight_power_grid/d3/o6/grid30/point_307
[start] point_308 weights=(1000.0, 0.1, 0.001) seconds=30
device=cuda dim=3 order=6 methods=('vanilla', 'sinh') bc_weights=1000,0.1,0.001 seconds=30.0
[run] vanilla
[done] vanilla steps=14 ms/step=2173.73 L2=0.999761
[run] sinh
/root/miniconda3/envs/apolarity/lib/python3.11/site-packages/torch/nn/modules/module.py:1310: UserWarning: Complex modules are a new feature under active development whose design may change, and some modules might not work as expected when using complex tensors as parameters or buffers. Please file an issue at https://github.com/pytorch/pytorch/issues/new?template=bug-report.yml if a complex module does not work as expected.
  warnings.warn(
[done] sinh steps=11 ms/step=2890.18 L2=1.00269
[ok] wrote experiments/results/poly_shared_weight_power_grid/d3/o6/grid30/point_308_history.json  (2 traces)

[ok] wrote experiments/results/poly_shared_weight_power_grid/d3/o6/grid30/point_308
[start] point_309 weights=(1000.0, 0.1, 0.01) seconds=30
device=cuda dim=3 order=6 methods=('vanilla', 'sinh') bc_weights=1000,0.1,0.01 seconds=30.0
[run] vanilla
[done] vanilla steps=14 ms/step=2195.80 L2=0.999787
[run] sinh
/root/miniconda3/envs/apolarity/lib/python3.11/site-packages/torch/nn/modules/module.py:1310: UserWarning: Complex modules are a new feature under active development whose design may change, and some modules might not work as expected when using complex tensors as parameters or buffers. Please file an issue at https://github.com/pytorch/pytorch/issues/new?template=bug-report.yml if a complex module does not work as expected.
  warnings.warn(
[done] sinh steps=11 ms/step=2892.37 L2=1.00271
[ok] wrote experiments/results/poly_shared_weight_power_grid/d3/o6/grid30/point_309_history.json  (2 traces)

[ok] wrote experiments/results/poly_shared_weight_power_grid/d3/o6/grid30/point_309
[start] point_310 weights=(1000.0, 0.1, 0.1) seconds=30
device=cuda dim=3 order=6 methods=('vanilla', 'sinh') bc_weights=1000,0.1,0.1 seconds=30.0
[run] vanilla
[done] vanilla steps=14 ms/step=2168.19 L2=0.999752
[run] sinh
/root/miniconda3/envs/apolarity/lib/python3.11/site-packages/torch/nn/modules/module.py:1310: UserWarning: Complex modules are a new feature under active development whose design may change, and some modules might not work as expected when using complex tensors as parameters or buffers. Please file an issue at https://github.com/pytorch/pytorch/issues/new?template=bug-report.yml if a complex module does not work as expected.
  warnings.warn(
[done] sinh steps=11 ms/step=2890.49 L2=1.0027
[ok] wrote experiments/results/poly_shared_weight_power_grid/d3/o6/grid30/point_310_history.json  (2 traces)

[ok] wrote experiments/results/poly_shared_weight_power_grid/d3/o6/grid30/point_310
[start] point_311 weights=(1000.0, 0.1, 1.0) seconds=30
device=cuda dim=3 order=6 methods=('vanilla', 'sinh') bc_weights=1000,0.1,1 seconds=30.0
[run] vanilla
[done] vanilla steps=14 ms/step=2191.07 L2=0.999778
[run] sinh
/root/miniconda3/envs/apolarity/lib/python3.11/site-packages/torch/nn/modules/module.py:1310: UserWarning: Complex modules are a new feature under active development whose design may change, and some modules might not work as expected when using complex tensors as parameters or buffers. Please file an issue at https://github.com/pytorch/pytorch/issues/new?template=bug-report.yml if a complex module does not work as expected.
  warnings.warn(
[done] sinh steps=11 ms/step=2895.08 L2=1.00272
[ok] wrote experiments/results/poly_shared_weight_power_grid/d3/o6/grid30/point_311_history.json  (2 traces)

[ok] wrote experiments/results/poly_shared_weight_power_grid/d3/o6/grid30/point_311
[start] point_312 weights=(1000.0, 0.1, 10.0) seconds=30
device=cuda dim=3 order=6 methods=('vanilla', 'sinh') bc_weights=1000,0.1,10 seconds=30.0
[run] vanilla
[done] vanilla steps=14 ms/step=2194.13 L2=0.999783
[run] sinh
/root/miniconda3/envs/apolarity/lib/python3.11/site-packages/torch/nn/modules/module.py:1310: UserWarning: Complex modules are a new feature under active development whose design may change, and some modules might not work as expected when using complex tensors as parameters or buffers. Please file an issue at https://github.com/pytorch/pytorch/issues/new?template=bug-report.yml if a complex module does not work as expected.
  warnings.warn(
[done] sinh steps=11 ms/step=2891.25 L2=1.0027
[ok] wrote experiments/results/poly_shared_weight_power_grid/d3/o6/grid30/point_312_history.json  (2 traces)

[ok] wrote experiments/results/poly_shared_weight_power_grid/d3/o6/grid30/point_312
[start] point_313 weights=(1000.0, 0.1, 100.0) seconds=30
device=cuda dim=3 order=6 methods=('vanilla', 'sinh') bc_weights=1000,0.1,100 seconds=30.0
[run] vanilla
[done] vanilla steps=14 ms/step=2161.15 L2=0.999744
[run] sinh
/root/miniconda3/envs/apolarity/lib/python3.11/site-packages/torch/nn/modules/module.py:1310: UserWarning: Complex modules are a new feature under active development whose design may change, and some modules might not work as expected when using complex tensors as parameters or buffers. Please file an issue at https://github.com/pytorch/pytorch/issues/new?template=bug-report.yml if a complex module does not work as expected.
  warnings.warn(
[done] sinh steps=11 ms/step=2890.13 L2=1.00268
[ok] wrote experiments/results/poly_shared_weight_power_grid/d3/o6/grid30/point_313_history.json  (2 traces)

[ok] wrote experiments/results/poly_shared_weight_power_grid/d3/o6/grid30/point_313
[start] point_314 weights=(1000.0, 0.1, 1000.0) seconds=30
device=cuda dim=3 order=6 methods=('vanilla', 'sinh') bc_weights=1000,0.1,1000 seconds=30.0
[run] vanilla
[done] vanilla steps=14 ms/step=2164.74 L2=0.999749
[run] sinh
/root/miniconda3/envs/apolarity/lib/python3.11/site-packages/torch/nn/modules/module.py:1310: UserWarning: Complex modules are a new feature under active development whose design may change, and some modules might not work as expected when using complex tensors as parameters or buffers. Please file an issue at https://github.com/pytorch/pytorch/issues/new?template=bug-report.yml if a complex module does not work as expected.
  warnings.warn(
[done] sinh steps=11 ms/step=2890.14 L2=1.00262
[ok] wrote experiments/results/poly_shared_weight_power_grid/d3/o6/grid30/point_314_history.json  (2 traces)

[ok] wrote experiments/results/poly_shared_weight_power_grid/d3/o6/grid30/point_314
[start] point_315 weights=(1000.0, 1.0, 0.001) seconds=30
device=cuda dim=3 order=6 methods=('vanilla', 'sinh') bc_weights=1000,1,0.001 seconds=30.0
[run] vanilla
[done] vanilla steps=14 ms/step=2165.68 L2=0.999749
[run] sinh
/root/miniconda3/envs/apolarity/lib/python3.11/site-packages/torch/nn/modules/module.py:1310: UserWarning: Complex modules are a new feature under active development whose design may change, and some modules might not work as expected when using complex tensors as parameters or buffers. Please file an issue at https://github.com/pytorch/pytorch/issues/new?template=bug-report.yml if a complex module does not work as expected.
  warnings.warn(
[done] sinh steps=11 ms/step=2890.25 L2=1.0027
[ok] wrote experiments/results/poly_shared_weight_power_grid/d3/o6/grid30/point_315_history.json  (2 traces)

[ok] wrote experiments/results/poly_shared_weight_power_grid/d3/o6/grid30/point_315
[start] point_316 weights=(1000.0, 1.0, 0.01) seconds=30
device=cuda dim=3 order=6 methods=('vanilla', 'sinh') bc_weights=1000,1,0.01 seconds=30.0
[run] vanilla
[done] vanilla steps=14 ms/step=2168.93 L2=0.999752
[run] sinh
/root/miniconda3/envs/apolarity/lib/python3.11/site-packages/torch/nn/modules/module.py:1310: UserWarning: Complex modules are a new feature under active development whose design may change, and some modules might not work as expected when using complex tensors as parameters or buffers. Please file an issue at https://github.com/pytorch/pytorch/issues/new?template=bug-report.yml if a complex module does not work as expected.
  warnings.warn(
[done] sinh steps=11 ms/step=2890.61 L2=1.0027
[ok] wrote experiments/results/poly_shared_weight_power_grid/d3/o6/grid30/point_316_history.json  (2 traces)

[ok] wrote experiments/results/poly_shared_weight_power_grid/d3/o6/grid30/point_316
[start] point_317 weights=(1000.0, 1.0, 0.1) seconds=30
device=cuda dim=3 order=6 methods=('vanilla', 'sinh') bc_weights=1000,1,0.1 seconds=30.0
[run] vanilla
[done] vanilla steps=14 ms/step=2208.83 L2=0.999807
[run] sinh
/root/miniconda3/envs/apolarity/lib/python3.11/site-packages/torch/nn/modules/module.py:1310: UserWarning: Complex modules are a new feature under active development whose design may change, and some modules might not work as expected when using complex tensors as parameters or buffers. Please file an issue at https://github.com/pytorch/pytorch/issues/new?template=bug-report.yml if a complex module does not work as expected.
  warnings.warn(
[done] sinh steps=11 ms/step=2892.68 L2=1.00271
[ok] wrote experiments/results/poly_shared_weight_power_grid/d3/o6/grid30/point_317_history.json  (2 traces)

[ok] wrote experiments/results/poly_shared_weight_power_grid/d3/o6/grid30/point_317
[start] point_318 weights=(1000.0, 1.0, 1.0) seconds=30
device=cuda dim=3 order=6 methods=('vanilla', 'sinh') bc_weights=1000,1,1 seconds=30.0
[run] vanilla
[done] vanilla steps=14 ms/step=2188.62 L2=0.99977
[run] sinh
/root/miniconda3/envs/apolarity/lib/python3.11/site-packages/torch/nn/modules/module.py:1310: UserWarning: Complex modules are a new feature under active development whose design may change, and some modules might not work as expected when using complex tensors as parameters or buffers. Please file an issue at https://github.com/pytorch/pytorch/issues/new?template=bug-report.yml if a complex module does not work as expected.
  warnings.warn(
[done] sinh steps=11 ms/step=2892.66 L2=1.00271
[ok] wrote experiments/results/poly_shared_weight_power_grid/d3/o6/grid30/point_318_history.json  (2 traces)

[ok] wrote experiments/results/poly_shared_weight_power_grid/d3/o6/grid30/point_318
[start] point_319 weights=(1000.0, 1.0, 10.0) seconds=30
device=cuda dim=3 order=6 methods=('vanilla', 'sinh') bc_weights=1000,1,10 seconds=30.0
[run] vanilla
[done] vanilla steps=14 ms/step=2168.07 L2=0.999753
[run] sinh
/root/miniconda3/envs/apolarity/lib/python3.11/site-packages/torch/nn/modules/module.py:1310: UserWarning: Complex modules are a new feature under active development whose design may change, and some modules might not work as expected when using complex tensors as parameters or buffers. Please file an issue at https://github.com/pytorch/pytorch/issues/new?template=bug-report.yml if a complex module does not work as expected.
  warnings.warn(
[done] sinh steps=11 ms/step=2889.43 L2=1.00269
[ok] wrote experiments/results/poly_shared_weight_power_grid/d3/o6/grid30/point_319_history.json  (2 traces)

[ok] wrote experiments/results/poly_shared_weight_power_grid/d3/o6/grid30/point_319
[start] point_320 weights=(1000.0, 1.0, 100.0) seconds=30
device=cuda dim=3 order=6 methods=('vanilla', 'sinh') bc_weights=1000,1,100 seconds=30.0
[run] vanilla
[done] vanilla steps=14 ms/step=2169.49 L2=0.999754
[run] sinh
/root/miniconda3/envs/apolarity/lib/python3.11/site-packages/torch/nn/modules/module.py:1310: UserWarning: Complex modules are a new feature under active development whose design may change, and some modules might not work as expected when using complex tensors as parameters or buffers. Please file an issue at https://github.com/pytorch/pytorch/issues/new?template=bug-report.yml if a complex module does not work as expected.
  warnings.warn(
[done] sinh steps=11 ms/step=2890.67 L2=1.00269
[ok] wrote experiments/results/poly_shared_weight_power_grid/d3/o6/grid30/point_320_history.json  (2 traces)

[ok] wrote experiments/results/poly_shared_weight_power_grid/d3/o6/grid30/point_320
[start] point_321 weights=(1000.0, 1.0, 1000.0) seconds=30
device=cuda dim=3 order=6 methods=('vanilla', 'sinh') bc_weights=1000,1,1000 seconds=30.0
[run] vanilla
[done] vanilla steps=14 ms/step=2166.31 L2=0.999749
[run] sinh
/root/miniconda3/envs/apolarity/lib/python3.11/site-packages/torch/nn/modules/module.py:1310: UserWarning: Complex modules are a new feature under active development whose design may change, and some modules might not work as expected when using complex tensors as parameters or buffers. Please file an issue at https://github.com/pytorch/pytorch/issues/new?template=bug-report.yml if a complex module does not work as expected.
  warnings.warn(
[done] sinh steps=11 ms/step=2889.47 L2=1.00262
[ok] wrote experiments/results/poly_shared_weight_power_grid/d3/o6/grid30/point_321_history.json  (2 traces)

[ok] wrote experiments/results/poly_shared_weight_power_grid/d3/o6/grid30/point_321
[start] point_322 weights=(1000.0, 10.0, 0.001) seconds=30
device=cuda dim=3 order=6 methods=('vanilla', 'sinh') bc_weights=1000,10,0.001 seconds=30.0
[run] vanilla
[done] vanilla steps=14 ms/step=2169.31 L2=0.999753
[run] sinh
/root/miniconda3/envs/apolarity/lib/python3.11/site-packages/torch/nn/modules/module.py:1310: UserWarning: Complex modules are a new feature under active development whose design may change, and some modules might not work as expected when using complex tensors as parameters or buffers. Please file an issue at https://github.com/pytorch/pytorch/issues/new?template=bug-report.yml if a complex module does not work as expected.
  warnings.warn(
[done] sinh steps=11 ms/step=2889.73 L2=1.00268
[ok] wrote experiments/results/poly_shared_weight_power_grid/d3/o6/grid30/point_322_history.json  (2 traces)

[ok] wrote experiments/results/poly_shared_weight_power_grid/d3/o6/grid30/point_322
[start] point_323 weights=(1000.0, 10.0, 0.01) seconds=30
device=cuda dim=3 order=6 methods=('vanilla', 'sinh') bc_weights=1000,10,0.01 seconds=30.0
[run] vanilla
[done] vanilla steps=14 ms/step=2191.45 L2=0.999781
[run] sinh
/root/miniconda3/envs/apolarity/lib/python3.11/site-packages/torch/nn/modules/module.py:1310: UserWarning: Complex modules are a new feature under active development whose design may change, and some modules might not work as expected when using complex tensors as parameters or buffers. Please file an issue at https://github.com/pytorch/pytorch/issues/new?template=bug-report.yml if a complex module does not work as expected.
  warnings.warn(
[done] sinh steps=11 ms/step=2891.33 L2=1.00269
[ok] wrote experiments/results/poly_shared_weight_power_grid/d3/o6/grid30/point_323_history.json  (2 traces)

[ok] wrote experiments/results/poly_shared_weight_power_grid/d3/o6/grid30/point_323
[start] point_324 weights=(1000.0, 10.0, 0.1) seconds=30
device=cuda dim=3 order=6 methods=('vanilla', 'sinh') bc_weights=1000,10,0.1 seconds=30.0
[run] vanilla
[done] vanilla steps=14 ms/step=2166.51 L2=0.99975
[run] sinh
/root/miniconda3/envs/apolarity/lib/python3.11/site-packages/torch/nn/modules/module.py:1310: UserWarning: Complex modules are a new feature under active development whose design may change, and some modules might not work as expected when using complex tensors as parameters or buffers. Please file an issue at https://github.com/pytorch/pytorch/issues/new?template=bug-report.yml if a complex module does not work as expected.
  warnings.warn(
[done] sinh steps=11 ms/step=2889.92 L2=1.00268
[ok] wrote experiments/results/poly_shared_weight_power_grid/d3/o6/grid30/point_324_history.json  (2 traces)

[ok] wrote experiments/results/poly_shared_weight_power_grid/d3/o6/grid30/point_324
[start] point_325 weights=(1000.0, 10.0, 1.0) seconds=30
device=cuda dim=3 order=6 methods=('vanilla', 'sinh') bc_weights=1000,10,1 seconds=30.0
[run] vanilla
[done] vanilla steps=14 ms/step=2188.88 L2=0.999778
[run] sinh
/root/miniconda3/envs/apolarity/lib/python3.11/site-packages/torch/nn/modules/module.py:1310: UserWarning: Complex modules are a new feature under active development whose design may change, and some modules might not work as expected when using complex tensors as parameters or buffers. Please file an issue at https://github.com/pytorch/pytorch/issues/new?template=bug-report.yml if a complex module does not work as expected.
  warnings.warn(
[done] sinh steps=11 ms/step=2891.35 L2=1.00269
[ok] wrote experiments/results/poly_shared_weight_power_grid/d3/o6/grid30/point_325_history.json  (2 traces)

[ok] wrote experiments/results/poly_shared_weight_power_grid/d3/o6/grid30/point_325
[start] point_326 weights=(1000.0, 10.0, 10.0) seconds=30
device=cuda dim=3 order=6 methods=('vanilla', 'sinh') bc_weights=1000,10,10 seconds=30.0
[run] vanilla
[done] vanilla steps=14 ms/step=2194.18 L2=0.999783
[run] sinh
/root/miniconda3/envs/apolarity/lib/python3.11/site-packages/torch/nn/modules/module.py:1310: UserWarning: Complex modules are a new feature under active development whose design may change, and some modules might not work as expected when using complex tensors as parameters or buffers. Please file an issue at https://github.com/pytorch/pytorch/issues/new?template=bug-report.yml if a complex module does not work as expected.
  warnings.warn(
[done] sinh steps=11 ms/step=2892.11 L2=1.00269
[ok] wrote experiments/results/poly_shared_weight_power_grid/d3/o6/grid30/point_326_history.json  (2 traces)

[ok] wrote experiments/results/poly_shared_weight_power_grid/d3/o6/grid30/point_326
[start] point_327 weights=(1000.0, 10.0, 100.0) seconds=30
device=cuda dim=3 order=6 methods=('vanilla', 'sinh') bc_weights=1000,10,100 seconds=30.0
[run] vanilla
[done] vanilla steps=14 ms/step=2169.55 L2=0.999754
[run] sinh
/root/miniconda3/envs/apolarity/lib/python3.11/site-packages/torch/nn/modules/module.py:1310: UserWarning: Complex modules are a new feature under active development whose design may change, and some modules might not work as expected when using complex tensors as parameters or buffers. Please file an issue at https://github.com/pytorch/pytorch/issues/new?template=bug-report.yml if a complex module does not work as expected.
  warnings.warn(
[done] sinh steps=11 ms/step=2890.08 L2=1.00267
[ok] wrote experiments/results/poly_shared_weight_power_grid/d3/o6/grid30/point_327_history.json  (2 traces)

[ok] wrote experiments/results/poly_shared_weight_power_grid/d3/o6/grid30/point_327
[start] point_328 weights=(1000.0, 10.0, 1000.0) seconds=30
device=cuda dim=3 order=6 methods=('vanilla', 'sinh') bc_weights=1000,10,1000 seconds=30.0
[run] vanilla
[done] vanilla steps=14 ms/step=2164.19 L2=0.999747
[run] sinh
/root/miniconda3/envs/apolarity/lib/python3.11/site-packages/torch/nn/modules/module.py:1310: UserWarning: Complex modules are a new feature under active development whose design may change, and some modules might not work as expected when using complex tensors as parameters or buffers. Please file an issue at https://github.com/pytorch/pytorch/issues/new?template=bug-report.yml if a complex module does not work as expected.
  warnings.warn(
[done] sinh steps=11 ms/step=2889.74 L2=1.00261
[ok] wrote experiments/results/poly_shared_weight_power_grid/d3/o6/grid30/point_328_history.json  (2 traces)

[ok] wrote experiments/results/poly_shared_weight_power_grid/d3/o6/grid30/point_328
[start] point_329 weights=(1000.0, 100.0, 0.001) seconds=30
device=cuda dim=3 order=6 methods=('vanilla', 'sinh') bc_weights=1000,100,0.001 seconds=30.0
[run] vanilla
[done] vanilla steps=14 ms/step=2193.15 L2=0.999783
[run] sinh
/root/miniconda3/envs/apolarity/lib/python3.11/site-packages/torch/nn/modules/module.py:1310: UserWarning: Complex modules are a new feature under active development whose design may change, and some modules might not work as expected when using complex tensors as parameters or buffers. Please file an issue at https://github.com/pytorch/pytorch/issues/new?template=bug-report.yml if a complex module does not work as expected.
  warnings.warn(
[done] sinh steps=11 ms/step=2892.01 L2=1.00262
[ok] wrote experiments/results/poly_shared_weight_power_grid/d3/o6/grid30/point_329_history.json  (2 traces)

[ok] wrote experiments/results/poly_shared_weight_power_grid/d3/o6/grid30/point_329
[start] point_330 weights=(1000.0, 100.0, 0.01) seconds=30
device=cuda dim=3 order=6 methods=('vanilla', 'sinh') bc_weights=1000,100,0.01 seconds=30.0
[run] vanilla
[done] vanilla steps=14 ms/step=2170.69 L2=0.999755
[run] sinh
/root/miniconda3/envs/apolarity/lib/python3.11/site-packages/torch/nn/modules/module.py:1310: UserWarning: Complex modules are a new feature under active development whose design may change, and some modules might not work as expected when using complex tensors as parameters or buffers. Please file an issue at https://github.com/pytorch/pytorch/issues/new?template=bug-report.yml if a complex module does not work as expected.
  warnings.warn(
[done] sinh steps=11 ms/step=2889.59 L2=1.0026
[ok] wrote experiments/results/poly_shared_weight_power_grid/d3/o6/grid30/point_330_history.json  (2 traces)

[ok] wrote experiments/results/poly_shared_weight_power_grid/d3/o6/grid30/point_330
[start] point_331 weights=(1000.0, 100.0, 0.1) seconds=30
device=cuda dim=3 order=6 methods=('vanilla', 'sinh') bc_weights=1000,100,0.1 seconds=30.0
[run] vanilla
[done] vanilla steps=14 ms/step=2168.49 L2=0.999754
[run] sinh
/root/miniconda3/envs/apolarity/lib/python3.11/site-packages/torch/nn/modules/module.py:1310: UserWarning: Complex modules are a new feature under active development whose design may change, and some modules might not work as expected when using complex tensors as parameters or buffers. Please file an issue at https://github.com/pytorch/pytorch/issues/new?template=bug-report.yml if a complex module does not work as expected.
  warnings.warn(
[done] sinh steps=11 ms/step=2889.83 L2=1.00261
[ok] wrote experiments/results/poly_shared_weight_power_grid/d3/o6/grid30/point_331_history.json  (2 traces)

[ok] wrote experiments/results/poly_shared_weight_power_grid/d3/o6/grid30/point_331
[start] point_332 weights=(1000.0, 100.0, 1.0) seconds=30
device=cuda dim=3 order=6 methods=('vanilla', 'sinh') bc_weights=1000,100,1 seconds=30.0
[run] vanilla
[done] vanilla steps=14 ms/step=2167.32 L2=0.999751
[run] sinh
/root/miniconda3/envs/apolarity/lib/python3.11/site-packages/torch/nn/modules/module.py:1310: UserWarning: Complex modules are a new feature under active development whose design may change, and some modules might not work as expected when using complex tensors as parameters or buffers. Please file an issue at https://github.com/pytorch/pytorch/issues/new?template=bug-report.yml if a complex module does not work as expected.
  warnings.warn(
[done] sinh steps=11 ms/step=2889.87 L2=1.00261
[ok] wrote experiments/results/poly_shared_weight_power_grid/d3/o6/grid30/point_332_history.json  (2 traces)

[ok] wrote experiments/results/poly_shared_weight_power_grid/d3/o6/grid30/point_332
[start] point_333 weights=(1000.0, 100.0, 10.0) seconds=30
device=cuda dim=3 order=6 methods=('vanilla', 'sinh') bc_weights=1000,100,10 seconds=30.0
[run] vanilla
[done] vanilla steps=14 ms/step=2162.92 L2=0.999745
[run] sinh
/root/miniconda3/envs/apolarity/lib/python3.11/site-packages/torch/nn/modules/module.py:1310: UserWarning: Complex modules are a new feature under active development whose design may change, and some modules might not work as expected when using complex tensors as parameters or buffers. Please file an issue at https://github.com/pytorch/pytorch/issues/new?template=bug-report.yml if a complex module does not work as expected.
  warnings.warn(
[done] sinh steps=11 ms/step=2889.55 L2=1.0026
[ok] wrote experiments/results/poly_shared_weight_power_grid/d3/o6/grid30/point_333_history.json  (2 traces)

[ok] wrote experiments/results/poly_shared_weight_power_grid/d3/o6/grid30/point_333
[start] point_334 weights=(1000.0, 100.0, 100.0) seconds=30
device=cuda dim=3 order=6 methods=('vanilla', 'sinh') bc_weights=1000,100,100 seconds=30.0
[run] vanilla
[done] vanilla steps=14 ms/step=2187.99 L2=0.999776
[run] sinh
/root/miniconda3/envs/apolarity/lib/python3.11/site-packages/torch/nn/modules/module.py:1310: UserWarning: Complex modules are a new feature under active development whose design may change, and some modules might not work as expected when using complex tensors as parameters or buffers. Please file an issue at https://github.com/pytorch/pytorch/issues/new?template=bug-report.yml if a complex module does not work as expected.
  warnings.warn(
[done] sinh steps=11 ms/step=2891.37 L2=1.00261
[ok] wrote experiments/results/poly_shared_weight_power_grid/d3/o6/grid30/point_334_history.json  (2 traces)

[ok] wrote experiments/results/poly_shared_weight_power_grid/d3/o6/grid30/point_334
[start] point_335 weights=(1000.0, 100.0, 1000.0) seconds=30
device=cuda dim=3 order=6 methods=('vanilla', 'sinh') bc_weights=1000,100,1000 seconds=30.0
[run] vanilla
[done] vanilla steps=14 ms/step=2189.93 L2=0.999779
[run] sinh
/root/miniconda3/envs/apolarity/lib/python3.11/site-packages/torch/nn/modules/module.py:1310: UserWarning: Complex modules are a new feature under active development whose design may change, and some modules might not work as expected when using complex tensors as parameters or buffers. Please file an issue at https://github.com/pytorch/pytorch/issues/new?template=bug-report.yml if a complex module does not work as expected.
  warnings.warn(
[done] sinh steps=11 ms/step=2890.93 L2=1.00255
[ok] wrote experiments/results/poly_shared_weight_power_grid/d3/o6/grid30/point_335_history.json  (2 traces)

[ok] wrote experiments/results/poly_shared_weight_power_grid/d3/o6/grid30/point_335
[start] point_336 weights=(1000.0, 1000.0, 0.001) seconds=30
device=cuda dim=3 order=6 methods=('vanilla', 'sinh') bc_weights=1000,1000,0.001 seconds=30.0
[run] vanilla
[done] vanilla steps=14 ms/step=2191.47 L2=0.999781
[run] sinh
/root/miniconda3/envs/apolarity/lib/python3.11/site-packages/torch/nn/modules/module.py:1310: UserWarning: Complex modules are a new feature under active development whose design may change, and some modules might not work as expected when using complex tensors as parameters or buffers. Please file an issue at https://github.com/pytorch/pytorch/issues/new?template=bug-report.yml if a complex module does not work as expected.
  warnings.warn(
[done] sinh steps=11 ms/step=2891.52 L2=1.0019
[ok] wrote experiments/results/poly_shared_weight_power_grid/d3/o6/grid30/point_336_history.json  (2 traces)

[ok] wrote experiments/results/poly_shared_weight_power_grid/d3/o6/grid30/point_336
[start] point_337 weights=(1000.0, 1000.0, 0.01) seconds=30
device=cuda dim=3 order=6 methods=('vanilla', 'sinh') bc_weights=1000,1000,0.01 seconds=30.0
[run] vanilla
[done] vanilla steps=14 ms/step=2200.94 L2=0.999787
[run] sinh
/root/miniconda3/envs/apolarity/lib/python3.11/site-packages/torch/nn/modules/module.py:1310: UserWarning: Complex modules are a new feature under active development whose design may change, and some modules might not work as expected when using complex tensors as parameters or buffers. Please file an issue at https://github.com/pytorch/pytorch/issues/new?template=bug-report.yml if a complex module does not work as expected.
  warnings.warn(
[done] sinh steps=11 ms/step=2892.36 L2=1.00191
[ok] wrote experiments/results/poly_shared_weight_power_grid/d3/o6/grid30/point_337_history.json  (2 traces)

[ok] wrote experiments/results/poly_shared_weight_power_grid/d3/o6/grid30/point_337
[start] point_338 weights=(1000.0, 1000.0, 0.1) seconds=30
device=cuda dim=3 order=6 methods=('vanilla', 'sinh') bc_weights=1000,1000,0.1 seconds=30.0
[run] vanilla
[done] vanilla steps=14 ms/step=2189.68 L2=0.999778
[run] sinh
/root/miniconda3/envs/apolarity/lib/python3.11/site-packages/torch/nn/modules/module.py:1310: UserWarning: Complex modules are a new feature under active development whose design may change, and some modules might not work as expected when using complex tensors as parameters or buffers. Please file an issue at https://github.com/pytorch/pytorch/issues/new?template=bug-report.yml if a complex module does not work as expected.
  warnings.warn(
[done] sinh steps=11 ms/step=2889.99 L2=1.00189
[ok] wrote experiments/results/poly_shared_weight_power_grid/d3/o6/grid30/point_338_history.json  (2 traces)

[ok] wrote experiments/results/poly_shared_weight_power_grid/d3/o6/grid30/point_338
[start] point_339 weights=(1000.0, 1000.0, 1.0) seconds=30
device=cuda dim=3 order=6 methods=('vanilla', 'sinh') bc_weights=1000,1000,1 seconds=30.0
[run] vanilla
[done] vanilla steps=14 ms/step=2167.28 L2=0.999752
[run] sinh
/root/miniconda3/envs/apolarity/lib/python3.11/site-packages/torch/nn/modules/module.py:1310: UserWarning: Complex modules are a new feature under active development whose design may change, and some modules might not work as expected when using complex tensors as parameters or buffers. Please file an issue at https://github.com/pytorch/pytorch/issues/new?template=bug-report.yml if a complex module does not work as expected.
  warnings.warn(
[done] sinh steps=11 ms/step=2890.29 L2=1.0019
[ok] wrote experiments/results/poly_shared_weight_power_grid/d3/o6/grid30/point_339_history.json  (2 traces)

[ok] wrote experiments/results/poly_shared_weight_power_grid/d3/o6/grid30/point_339
[start] point_340 weights=(1000.0, 1000.0, 10.0) seconds=30
device=cuda dim=3 order=6 methods=('vanilla', 'sinh') bc_weights=1000,1000,10 seconds=30.0
[run] vanilla
[done] vanilla steps=14 ms/step=2164.15 L2=0.999748
[run] sinh
/root/miniconda3/envs/apolarity/lib/python3.11/site-packages/torch/nn/modules/module.py:1310: UserWarning: Complex modules are a new feature under active development whose design may change, and some modules might not work as expected when using complex tensors as parameters or buffers. Please file an issue at https://github.com/pytorch/pytorch/issues/new?template=bug-report.yml if a complex module does not work as expected.
  warnings.warn(
[done] sinh steps=11 ms/step=2889.57 L2=1.00189
[ok] wrote experiments/results/poly_shared_weight_power_grid/d3/o6/grid30/point_340_history.json  (2 traces)

[ok] wrote experiments/results/poly_shared_weight_power_grid/d3/o6/grid30/point_340
[start] point_341 weights=(1000.0, 1000.0, 100.0) seconds=30
device=cuda dim=3 order=6 methods=('vanilla', 'sinh') bc_weights=1000,1000,100 seconds=30.0
[run] vanilla
[done] vanilla steps=14 ms/step=2166.45 L2=0.999751
[run] sinh
/root/miniconda3/envs/apolarity/lib/python3.11/site-packages/torch/nn/modules/module.py:1310: UserWarning: Complex modules are a new feature under active development whose design may change, and some modules might not work as expected when using complex tensors as parameters or buffers. Please file an issue at https://github.com/pytorch/pytorch/issues/new?template=bug-report.yml if a complex module does not work as expected.
  warnings.warn(
[done] sinh steps=11 ms/step=2890.08 L2=1.00189
[ok] wrote experiments/results/poly_shared_weight_power_grid/d3/o6/grid30/point_341_history.json  (2 traces)

[ok] wrote experiments/results/poly_shared_weight_power_grid/d3/o6/grid30/point_341
[start] point_342 weights=(1000.0, 1000.0, 1000.0) seconds=30
device=cuda dim=3 order=6 methods=('vanilla', 'sinh') bc_weights=1000,1000,1000 seconds=30.0
[run] vanilla
[done] vanilla steps=14 ms/step=2165.47 L2=0.999749
[run] sinh
/root/miniconda3/envs/apolarity/lib/python3.11/site-packages/torch/nn/modules/module.py:1310: UserWarning: Complex modules are a new feature under active development whose design may change, and some modules might not work as expected when using complex tensors as parameters or buffers. Please file an issue at https://github.com/pytorch/pytorch/issues/new?template=bug-report.yml if a complex module does not work as expected.
  warnings.warn(
[done] sinh steps=11 ms/step=2889.83 L2=1.00183
[ok] wrote experiments/results/poly_shared_weight_power_grid/d3/o6/grid30/point_342_history.json  (2 traces)

[ok] wrote experiments/results/poly_shared_weight_power_grid/d3/o6/grid30/point_342
[run] /root/miniconda3/envs/apolarity/bin/python /root/apolarity/scripts/run_poly_shared_weights.py --dim 3 --order 6 --method both --bc-weights 0.1,0.1,1 --seconds 1200.0 --seed 0 --eval-seed 12345 --out experiments/results/poly_power_grid_full20m/d3/o6
device=cuda dim=3 order=6 methods=('vanilla', 'sinh') bc_weights=0.1,0.1,1 seconds=1200.0
[run] vanilla
[done] vanilla steps=548 ms/step=2193.01 L2=0.496767
[run] sinh
/root/miniconda3/envs/apolarity/lib/python3.11/site-packages/torch/nn/modules/module.py:1310: UserWarning: Complex modules are a new feature under active development whose design may change, and some modules might not work as expected when using complex tensors as parameters or buffers. Please file an issue at https://github.com/pytorch/pytorch/issues/new?template=bug-report.yml if a complex module does not work as expected.
  warnings.warn(
[done] sinh steps=419 ms/step=2871.87 L2=0.0432805
[ok] wrote experiments/results/poly_power_grid_full20m/d3/o6_history.json  (2 traces)

[ok] wrote experiments/results/poly_power_grid_full20m/d3/o6
