case,method,seed,step,time_s,spacetime_relative_l2,terminal_relative_l2,loss
kdv1d,nested_jvp,20260919,0,0.0,0.9252334237098694,0.9250698089599609,
kdv1d,nested_jvp,20260919,100,34.45659960433841,0.9155579805374146,1.0043516159057617,0.6344342231750488
kdv1d,nested_jvp,20260919,200,69.99286878015846,0.9260758757591248,1.0531893968582153,0.5859394669532776
kdv1d,nested_jvp,20260919,300,103.80986983329058,0.9236463308334351,1.0507653951644897,0.6233375668525696
kdv1d,nested_jvp,20260919,400,138.40976602770388,0.9161343574523926,1.0422444343566895,0.3317316770553589
kdv1d,nested_jvp,20260919,500,174.1593026407063,0.9166717529296875,1.0474827289581299,0.464475154876709
kdv1d,nested_jvp,20260919,600,209.18766060844064,0.9176385998725891,1.052688717842102,0.6057551503181458
kdv1d,nested_jvp,20260919,700,243.56191970594227,0.9129354953765869,1.04827880859375,0.5358197689056396
kdv1d,nested_jvp,20260919,800,278.72390362713486,0.9024674296379089,1.0300801992416382,0.5946456789970398
kdv1d,nested_jvp,20260919,900,311.67503231111914,0.8987725377082825,1.0294606685638428,0.4380756616592407
kdv1d,nested_jvp,20260919,1000,348.2841534214094,0.8888798356056213,1.0188851356506348,0.509480357170105
kdv1d,nested_jvp,20260919,1100,384.7030840218067,0.8754210472106934,0.9970955848693848,0.5859927535057068
kdv1d,nested_jvp,20260919,1200,418.9340758481994,0.8584131002426147,0.9769300222396851,0.5496494174003601
kdv1d,nested_jvp,20260919,1300,454.5447075488046,0.8531882166862488,0.9708439707756042,0.36276131868362427
kdv1d,nested_jvp,20260919,1400,487.6717205727473,0.8200882077217102,0.9244093298912048,0.5468680262565613
kdv1d,nested_jvp,20260919,1500,521.9002434080467,0.7876888513565063,0.8756587505340576,0.3705178201198578
kdv1d,nested_jvp,20260919,1600,555.9813468065113,0.7505829930305481,0.8231573700904846,0.46157845854759216
kdv1d,nested_jvp,20260919,1700,598.4355835523456,0.7340611815452576,0.7996599674224854,0.4246799945831299
kdv1d,nested_jvp,20260919,1800,637.1478146510199,0.6997628211975098,0.748950183391571,0.3068605065345764
kdv1d,nested_jvp,20260919,1900,671.0087400106713,0.6652766466140747,0.7031553387641907,0.31569135189056396
kdv1d,nested_jvp,20260919,2000,704.6620903853327,0.6494918465614319,0.6796076893806458,0.20373424887657166
kdv1d,nested_jvp,20260919,2100,738.6165724527091,0.6258653998374939,0.6528552770614624,0.29623743891716003
kdv1d,nested_jvp,20260919,2200,773.8897146908566,0.6131386756896973,0.6370545625686646,0.29733508825302124
kdv1d,nested_jvp,20260919,2300,808.5704780425876,0.6042407751083374,0.6265764236450195,0.2619977593421936
kdv1d,nested_jvp,20260919,2400,844.3813367243856,0.5914911031723022,0.6166686415672302,0.2270595133304596
kdv1d,nested_jvp,20260919,2500,877.6504437709227,0.5816453695297241,0.608575165271759,0.2820297181606293
kdv1d,nested_jvp,20260919,2600,911.5342280901968,0.5725053548812866,0.6012759804725647,0.24653638899326324
kdv1d,nested_jvp,20260919,2700,949.2556267865002,0.5614850521087646,0.5933473706245422,0.2651488482952118
kdv1d,nested_jvp,20260919,2800,986.996227260679,0.5544491410255432,0.5896682143211365,0.25720202922821045
kdv1d,nested_jvp,20260919,2900,1021.9248855980113,0.5423173308372498,0.5809193849563599,0.218795046210289
kdv1d,nested_jvp,20260919,3000,1058.0769337704405,0.534240186214447,0.5802451372146606,0.23851384222507477
kdv1d,nested_jvp,20260919,3100,1093.7506024176255,0.5257676839828491,0.5766909122467041,0.23640814423561096
kdv1d,nested_jvp,20260919,3200,1129.8257904686034,0.5165562629699707,0.5710359215736389,0.16302798688411713
kdv1d,nested_jvp,20260919,3300,1163.8691707383841,0.5097787380218506,0.5759278535842896,0.22387981414794922
kdv1d,nested_jvp,20260919,3400,1199.8739865748212,0.49846673011779785,0.5694313049316406,0.19271805882453918
kdv1d,nested_jvp,20260919,3500,1234.5850112382323,0.49368271231651306,0.5783187747001648,0.16080066561698914
kdv1d,nested_jvp,20260919,3600,1269.3192784553394,0.485862135887146,0.5787144899368286,0.1922791600227356
kdv1d,nested_jvp,20260919,3700,1302.8768059741706,0.47957223653793335,0.5844272971153259,0.12786325812339783
kdv1d,nested_jvp,20260919,3800,1341.7966360021383,0.4772336483001709,0.5952094197273254,0.11570611596107483
kdv1d,nested_jvp,20260919,3900,1375.729765318334,0.47169405221939087,0.6002785563468933,0.12463866919279099
kdv1d,nested_jvp,20260919,4000,1411.4828870510682,0.4720393121242523,0.6113987565040588,0.13875573873519897
kdv1d,nested_jvp,20260919,4100,1453.3061323137954,0.4678974449634552,0.6142032742500305,0.11128924787044525
kdv1d,nested_jvp,20260919,4200,1488.0288511207327,0.4682350754737854,0.625459611415863,0.08550269901752472
kdv1d,nested_jvp,20260919,4300,1523.8687177803367,0.46766743063926697,0.632771909236908,0.09918982535600662
kdv1d,nested_jvp,20260919,4400,1564.5319382641464,0.46992212533950806,0.6424568891525269,0.1039733812212944
kdv1d,nested_jvp,20260919,4500,1599.1348506323993,0.4673598110675812,0.6451306939125061,0.14094188809394836
kdv1d,nested_jvp,20260919,4600,1634.8103236816823,0.4636116921901703,0.6455908417701721,0.08162965625524521
kdv1d,nested_jvp,20260919,4700,1670.3737680092454,0.46150240302085876,0.6466540098190308,0.0702895075082779
kdv1d,nested_jvp,20260919,4800,1706.148874334991,0.4615100026130676,0.6489243507385254,0.08658964186906815
kdv1d,nested_jvp,20260919,4900,1742.072769338265,0.45847153663635254,0.6466988325119019,0.08451440185308456
kdv1d,nested_jvp,20260919,5000,1778.4606027640402,0.4577876627445221,0.6466594934463501,0.0772458016872406
kdv1d,nested_jvp,20260919,5100,1815.5124048655853,0.4512682557106018,0.6390009522438049,0.06957872211933136
kdv1d,nested_jvp,20260919,5200,1855.2492974130437,0.4460158944129944,0.6322676539421082,0.08902011066675186
kdv1d,nested_jvp,20260919,5300,1891.1083934213966,0.4405226409435272,0.6247584819793701,0.08633586019277573
kdv1d,nested_jvp,20260919,5400,1924.839242875576,0.4352774918079376,0.616184413433075,0.07630752772092819
kdv1d,nested_jvp,20260919,5500,1958.978871311061,0.43033185601234436,0.6088736057281494,0.09036652743816376
kdv1d,nested_jvp,20260919,5600,1991.7109815534204,0.4229535162448883,0.5977306962013245,0.05950196832418442
kdv1d,nested_jvp,20260919,5700,2026.5959064289927,0.4164336919784546,0.5877271294593811,0.07440298050642014
kdv1d,nested_jvp,20260919,5800,2063.305785386823,0.40850403904914856,0.5755264163017273,0.0829809159040451
kdv1d,nested_jvp,20260919,5900,2097.131108319387,0.4028143882751465,0.5664688348770142,0.07849583774805069
kdv1d,nested_jvp,20260919,6000,2132.0381794646382,0.3961232900619507,0.555668294429779,0.06734493374824524
kdv1d,nested_jvp,20260919,6100,2167.5684231165797,0.38820359110832214,0.5442538261413574,0.06527016311883926
kdv1d,nested_jvp,20260919,6200,2204.131882209331,0.38002896308898926,0.5318734049797058,0.05346037074923515
kdv1d,nested_jvp,20260919,6300,2238.197513937019,0.37580516934394836,0.524244487285614,0.06244899332523346
kdv1d,nested_jvp,20260919,6400,2273.3365720547736,0.36817410588264465,0.5115736722946167,0.0615682378411293
kdv1d,nested_jvp,20260919,6500,2310.536593611352,0.36079299449920654,0.5006945133209229,0.062072400003671646
kdv1d,nested_jvp,20260919,6600,2346.6930482992902,0.3527429699897766,0.48907411098480225,0.05239091068506241
kdv1d,nested_jvp,20260919,6700,2381.264134957455,0.3493608236312866,0.4819948971271515,0.05844318866729736
kdv1d,nested_jvp,20260919,6800,2415.084412207827,0.3394498825073242,0.4681454002857208,0.05269477888941765
kdv1d,nested_jvp,20260919,6900,2452.7725903149694,0.33296284079551697,0.45878371596336365,0.056594397872686386
kdv1d,nested_jvp,20260919,7000,2487.884439974092,0.32832610607147217,0.4510630965232849,0.054316118359565735
kdv1d,nested_jvp,20260919,7100,2521.594217681326,0.3199581205844879,0.4386114180088043,0.038991719484329224
kdv1d,nested_jvp,20260919,7200,2555.9396871095523,0.3135381042957306,0.4290615916252136,0.04322175309062004
kdv1d,nested_jvp,20260919,7300,2592.1082307044417,0.30447664856910706,0.41588687896728516,0.04126064479351044
kdv1d,nested_jvp,20260919,7400,2628.4315815372393,0.2969304025173187,0.40509355068206787,0.04578564316034317
kdv1d,nested_jvp,20260919,7500,2662.1363052306697,0.28939712047576904,0.39502081274986267,0.040704622864723206
kdv1d,nested_jvp,20260919,7600,2698.328117202036,0.28100907802581787,0.3836081624031067,0.03193251043558121
kdv1d,nested_jvp,20260919,7700,2735.5051849605516,0.2789350152015686,0.3799190819263458,0.038958948105573654
kdv1d,nested_jvp,20260919,7800,2770.2744004167616,0.2706975042819977,0.3685222864151001,0.029531802982091904
kdv1d,nested_jvp,20260919,7900,2804.9849460162222,0.2621317207813263,0.35723617672920227,0.03164086490869522
kdv1d,nested_jvp,20260919,8000,2843.911396593787,0.2569331228733063,0.34974217414855957,0.028336873278021812
kdv1d,nested_jvp,20260919,8100,2877.7413631659,0.24898125231266022,0.3412412405014038,0.025223614647984505
kdv1d,nested_jvp,20260919,8200,2918.5704762022942,0.24184146523475647,0.33199062943458557,0.029358303174376488
kdv1d,nested_jvp,20260919,8300,2950.432157379575,0.23446764051914215,0.3227004408836365,0.027119552716612816
kdv1d,nested_jvp,20260919,8400,2987.404707913287,0.22821229696273804,0.31497272849082947,0.024386031553149223
kdv1d,nested_jvp,20260919,8500,3027.11058834102,0.22180670499801636,0.3064541816711426,0.021747052669525146
kdv1d,nested_jvp,20260919,8600,3058.9320278940722,0.21502816677093506,0.2994980812072754,0.016269365325570107
kdv1d,nested_jvp,20260919,8700,3096.2766356905922,0.20901866257190704,0.2906259000301361,0.021110624074935913
kdv1d,nested_jvp,20260919,8800,3130.259248082526,0.1994170993566513,0.2797539234161377,0.019572189077734947
kdv1d,nested_jvp,20260919,8900,3169.6464583259076,0.19000846147537231,0.26855459809303284,0.018898703157901764
kdv1d,nested_jvp,20260919,9000,3207.432013743557,0.18440429866313934,0.26078036427497864,0.015055092051625252
kdv1d,nested_jvp,20260919,9100,3243.5749465459958,0.17418797314167023,0.24919670820236206,0.01414070650935173
kdv1d,nested_jvp,20260919,9200,3282.3761868318543,0.1659160852432251,0.23839476704597473,0.01240586955100298
kdv1d,nested_jvp,20260919,9300,3317.8231354877353,0.1572500318288803,0.22810904681682587,0.013214679434895515
kdv1d,nested_jvp,20260919,9400,3352.511603044346,0.1464781016111374,0.21541041135787964,0.009625378996133804
kdv1d,nested_jvp,20260919,9500,3387.1914168680087,0.13813310861587524,0.2046404480934143,0.009299090132117271
kdv1d,nested_jvp,20260919,9600,3420.662429705262,0.13017921149730682,0.19409850239753723,0.00598119618371129
kdv1d,nested_jvp,20260919,9700,3455.5902987150475,0.12033581733703613,0.18231070041656494,0.005802134983241558
kdv1d,nested_jvp,20260919,9800,3490.7878706725314,0.11282366514205933,0.1723167449235916,0.005930159706622362
kdv1d,nested_jvp,20260919,9900,3526.063430817798,0.10196004807949066,0.15894068777561188,0.004427185747772455
kdv1d,nested_jvp,20260919,10000,3560.2314713243395,0.09445302933454514,0.14906693994998932,0.004076528362929821
kdv1d,nested_jvp,20260919,10100,3594.7753735259175,0.08624286949634552,0.1389232873916626,0.0028430605307221413
kdv1d,nested_jvp,20260919,10200,3629.4634347101673,0.07857373356819153,0.12870682775974274,0.0028384507168084383
kdv1d,nested_jvp,20260919,10300,3663.2977088345215,0.07220400124788284,0.11989860981702805,0.0023084881249815226
kdv1d,nested_jvp,20260919,10400,3699.4465652611107,0.0663471668958664,0.1122964397072792,0.0016432087868452072
kdv1d,nested_jvp,20260919,10500,3735.3496268549934,0.06100968271493912,0.10492416471242905,0.0016181551618501544
kdv1d,nested_jvp,20260919,10600,3770.240692696534,0.055810924619436264,0.0979999452829361,0.0012755458010360599
kdv1d,nested_jvp,20260919,10700,3808.3111763922498,0.05165916308760643,0.09198585152626038,0.0011515889782458544
kdv1d,nested_jvp,20260919,10800,3846.5415121363476,0.04833684489130974,0.08723748475313187,0.0010162527905777097
kdv1d,nested_jvp,20260919,10900,3881.8674621991813,0.045041948556900024,0.08225926756858826,0.0009078848524950445
kdv1d,nested_jvp,20260919,11000,3917.6349625559524,0.042836714535951614,0.07864175736904144,0.0008011448080651462
kdv1d,nested_jvp,20260919,11100,3953.1814935756847,0.04067336767911911,0.07529870420694351,0.0007619966054335237
kdv1d,nested_jvp,20260919,11200,3988.00732155703,0.03891386464238167,0.07241160422563553,0.0006653472082689404
kdv1d,nested_jvp,20260919,11300,4022.808673649095,0.03730861842632294,0.06977832317352295,0.0006054791738279164
kdv1d,nested_jvp,20260919,11400,4057.933194742538,0.035882290452718735,0.06730207800865173,0.0005818289355374873
kdv1d,nested_jvp,20260919,11500,4091.512480493635,0.03476764261722565,0.0653737410902977,0.0005667958757840097
kdv1d,nested_jvp,20260919,11600,4124.5091433813795,0.03382823243737221,0.06356201320886612,0.0004932712181471288
kdv1d,nested_jvp,20260919,11700,4159.81728252396,0.03234986215829849,0.06110943481326103,0.00044231986976228654
kdv1d,nested_jvp,20260919,11800,4194.566660140641,0.03175155073404312,0.05965404585003853,0.0004168152518104762
kdv1d,nested_jvp,20260919,11900,4232.020440536551,0.030811931937932968,0.057945385575294495,0.0003622249059844762
kdv1d,nested_jvp,20260919,12000,4265.707106973045,0.029591210186481476,0.05634557083249092,0.00045242931810207665
kdv1d,nested_jvp,20260919,12100,4300.148081092164,0.029122062027454376,0.05497794598340988,0.00033726581023074687
kdv1d,nested_jvp,20260919,12200,4333.593323592097,0.02812611125409603,0.05353150516748428,0.000295904086669907
kdv1d,nested_jvp,20260919,12300,4372.782854176126,0.027746861800551414,0.052454378455877304,0.00030441879061982036
kdv1d,nested_jvp,20260919,12400,4411.456508794799,0.02688288316130638,0.050906404852867126,0.00029648776398971677
kdv1d,nested_jvp,20260919,12500,4447.814744938165,0.02650422230362892,0.0500185564160347,0.0002789137070067227
kdv1d,nested_jvp,20260919,12600,4482.126065053977,0.02553250454366207,0.04873460531234741,0.00022930573322810233
kdv1d,nested_jvp,20260919,12700,4516.102181315422,0.024998195469379425,0.04782983288168907,0.0002736160240601748
kdv1d,nested_jvp,20260919,12800,4550.962961564772,0.024092718958854675,0.04638465866446495,0.0002754965389613062
kdv1d,nested_jvp,20260919,12900,4586.507223432884,0.023896966129541397,0.04578011855483055,0.0002259421453345567
kdv1d,nested_jvp,20260919,13000,4621.276611020789,0.02306699939072132,0.04456959292292595,0.00022000963508617133
kdv1d,nested_jvp,20260919,13100,4655.3839684017,0.02270657941699028,0.04373463615775108,0.00022085665841586888
kdv1d,nested_jvp,20260919,13200,4692.618831877597,0.022304417565464973,0.042890068143606186,0.00021876420942135155
kdv1d,nested_jvp,20260919,13300,4727.545816410333,0.02207932062447071,0.04226292669773102,0.0002005857677431777
kdv1d,nested_jvp,20260919,13400,4761.4879570240155,0.021397234871983528,0.04115951806306839,0.0002026224392466247
kdv1d,nested_jvp,20260919,13500,4795.077009649947,0.020673582330346107,0.03992464393377304,0.00020139355910941958
kdv1d,nested_jvp,20260919,13600,4830.035830263048,0.020528610795736313,0.03939672186970711,0.00014784700761083513
kdv1d,nested_jvp,20260919,13700,4864.450720603578,0.019951537251472473,0.038403477519750595,0.0001659438421484083
kdv1d,nested_jvp,20260919,13800,4898.106328170747,0.019197767600417137,0.03730523958802223,0.0001773447438608855
kdv1d,nested_jvp,20260919,13900,4933.197782321833,0.019309699535369873,0.037018392235040665,0.00017169263446703553
kdv1d,nested_jvp,20260919,14000,4971.0036742715165,0.018780602142214775,0.03617919981479645,0.00015169622201938182
kdv1d,nested_jvp,20260919,14100,5004.891797942109,0.01838788576424122,0.03530222550034523,0.00014985106827225536
kdv1d,nested_jvp,20260919,14200,5038.886409535073,0.018073657527565956,0.03465810418128967,0.00014899960660841316
kdv1d,nested_jvp,20260919,14300,5072.358940652572,0.017419977113604546,0.03362101688981056,0.00012705150584224612
kdv1d,nested_jvp,20260919,14400,5116.362687521614,0.016886260360479355,0.032896507531404495,0.00011733102292055264
kdv1d,nested_jvp,20260919,14500,5161.219637867995,0.016527550294995308,0.032081104815006256,0.00012560698087327182
kdv1d,nested_jvp,20260919,14600,5196.108801877126,0.016254397109150887,0.031407661736011505,0.00011182901653228328
kdv1d,nested_jvp,20260919,14700,5230.531139582396,0.016039663925766945,0.030712924897670746,0.00010562881652731448
kdv1d,nested_jvp,20260919,14800,5263.904907035641,0.015687769278883934,0.029948320239782333,0.00011249120871070772
kdv1d,nested_jvp,20260919,14900,5298.11601741612,0.01535886712372303,0.02916696108877659,8.260841423179954e-05
kdv1d,nested_jvp,20260919,15000,5333.215564343147,0.014570185914635658,0.02804555743932724,8.271679689642042e-05
kdv1d,nested_jvp,20260919,15100,5367.4970739316195,0.014593943022191525,0.02756388857960701,0.00010753123933682218
kdv1d,nested_jvp,20260919,15200,5401.871953409165,0.013898075558245182,0.026616854593157768,8.119304402498528e-05
kdv1d,nested_jvp,20260919,15300,5438.61572124064,0.014001894742250443,0.026230109855532646,8.876120409695432e-05
kdv1d,nested_jvp,20260919,15400,5474.459999590181,0.013081463985145092,0.025000249966979027,7.914948218967766e-05
kdv1d,nested_jvp,20260919,15500,5512.652701686136,0.013299736194312572,0.02478899247944355,8.586309559177607e-05
kdv1d,nested_jvp,20260919,15600,5549.533327534795,0.012516917660832405,0.02365352399647236,8.19497654447332e-05
kdv1d,nested_jvp,20260919,15700,5582.528178827837,0.012591402046382427,0.023313531652092934,6.440912693506107e-05
kdv1d,nested_jvp,20260919,15800,5616.312140613794,0.012498533353209496,0.022930728271603584,6.345044675981626e-05
kdv1d,nested_jvp,20260919,15900,5650.52391050756,0.01232419814914465,0.022349653765559196,6.261043017730117e-05
kdv1d,nested_jvp,20260919,16000,5688.574399024248,0.01149184163659811,0.021401753649115562,6.0690224927384406e-05
kdv1d,nested_jvp,20260919,16100,5723.695272541605,0.011477775871753693,0.020987819880247116,5.7552628277335316e-05
kdv1d,nested_jvp,20260919,16200,5765.419396897778,0.010956643149256706,0.02013947069644928,5.470004180097021e-05
kdv1d,nested_jvp,20260919,16300,5806.984093926847,0.011027642525732517,0.01995472051203251,6.228117854334414e-05
kdv1d,nested_jvp,20260919,16400,5840.247434390709,0.011119437403976917,0.019814152270555496,6.438366108341143e-05
kdv1d,nested_jvp,20260919,16500,5876.999490663409,0.010449894703924656,0.018823930993676186,5.6618919188622385e-05
kdv1d,nested_jvp,20260919,16600,5915.113711074926,0.010057088918983936,0.018245534971356392,4.479948984226212e-05
kdv1d,nested_jvp,20260919,16700,5949.151759751141,0.01023058034479618,0.01821109652519226,4.2729228880489245e-05
kdv1d,nested_jvp,20260919,16800,5982.865765670314,0.010060894303023815,0.017871946096420288,4.941622319165617e-05
kdv1d,nested_jvp,20260919,16900,6016.299650166184,0.00970764271914959,0.017417261376976967,5.4329306294675916e-05
kdv1d,nested_jvp,20260919,17000,6050.788468938321,0.009539294056594372,0.016982223838567734,3.958271554438397e-05
kdv1d,nested_jvp,20260919,17100,6088.632491195574,0.009672984480857849,0.016830969601869583,4.488792546908371e-05
kdv1d,nested_jvp,20260919,17200,6124.582790294662,0.009543821215629578,0.016496796160936356,3.99257660319563e-05
kdv1d,nested_jvp,20260919,17300,6159.914103632793,0.009310533292591572,0.016255246475338936,4.67812133138068e-05
kdv1d,nested_jvp,20260919,17400,6193.948985401541,0.009183838032186031,0.01600768230855465,3.848426786134951e-05
kdv1d,nested_jvp,20260919,17500,6228.672472708859,0.008971170522272587,0.01570029929280281,4.413548595039174e-05
kdv1d,nested_jvp,20260919,17600,6262.673564991914,0.008891741745173931,0.015498884953558445,3.655546242953278e-05
kdv1d,nested_jvp,20260919,17700,6297.7278563622385,0.008925330825150013,0.015324832871556282,4.273084050510079e-05
kdv1d,nested_jvp,20260919,17800,6333.247143423185,0.008643588982522488,0.015001386404037476,3.754796853172593e-05
kdv1d,nested_jvp,20260919,17900,6367.486750678159,0.008201331831514835,0.014346172101795673,4.0608152630738914e-05
kdv1d,nested_jvp,20260919,18000,6406.106849652715,0.008158695884048939,0.014232736080884933,3.6158333386993036e-05
kdv1d,nested_jvp,20260919,18100,6441.939991418272,0.008749191649258137,0.01469913125038147,4.095900658285245e-05
kdv1d,nested_jvp,20260919,18200,6476.018252510577,0.008320913650095463,0.01427551545202732,3.816295793512836e-05
kdv1d,nested_jvp,20260919,18300,6512.901821212843,0.008159331046044827,0.01392810232937336,3.226782791898586e-05
kdv1d,nested_jvp,20260919,18400,6546.853998055682,0.008062376640737057,0.013744622468948364,3.7490117392735556e-05
kdv1d,nested_jvp,20260919,18500,6581.185502196662,0.00784914381802082,0.013467865996062756,3.4442084142938256e-05
kdv1d,nested_jvp,20260919,18600,6614.972294709645,0.007765051443129778,0.01333701517432928,3.581744385883212e-05
kdv1d,nested_jvp,20260919,18700,6648.5681386478245,0.00784916803240776,0.013284227810800076,2.8710295737255365e-05
kdv1d,nested_jvp,20260919,18800,6680.660762900487,0.007853780873119831,0.013294175267219543,3.097488297498785e-05
kdv1d,nested_jvp,20260919,18900,6713.351818830706,0.007971102371811867,0.013380046002566814,2.9291717510204762e-05
kdv1d,nested_jvp,20260919,19000,6747.221356809139,0.007560838479548693,0.012902899645268917,3.7648482248187065e-05
kdv1d,nested_jvp,20260919,19100,6780.369362702593,0.007566278334707022,0.012843870557844639,2.9456936317728832e-05
kdv1d,nested_jvp,20260919,19200,6815.02195430547,0.0074903033673763275,0.012642128393054008,3.105644282186404e-05
kdv1d,nested_jvp,20260919,19300,6849.490229920484,0.007279540877789259,0.012477368116378784,2.89753752440447e-05
kdv1d,nested_jvp,20260919,19400,6883.41494256258,0.007384248543530703,0.012468120083212852,3.15730030706618e-05
kdv1d,nested_jvp,20260919,19500,6917.066263129935,0.00749626848846674,0.012568427249789238,2.7994792617391795e-05
kdv1d,nested_jvp,20260919,19600,6953.399406434968,0.006892510689795017,0.011815205216407776,2.857706022041384e-05
kdv1d,nested_jvp,20260919,19700,6987.540658506565,0.0069580539129674435,0.011890854686498642,2.486266748746857e-05
kdv1d,nested_jvp,20260919,19800,7022.979181719944,0.007401567418128252,0.012260188348591328,2.6307825464755297e-05
kdv1d,nested_jvp,20260919,19900,7058.184397264384,0.006805880926549435,0.01156733836978674,2.5108967747655697e-05
kdv1d,nested_jvp,20260919,20000,7091.382843798958,0.006655196659266949,0.0113794831559062,3.1747909815749153e-05
kdv1d,nested_jvp,20260919,20100,7125.09706785623,0.006957047153264284,0.01170127559453249,2.710195622057654e-05
kdv1d,nested_jvp,20260919,20200,7161.146195271052,0.006753097753971815,0.011450597085058689,2.6467097995919175e-05
kdv1d,nested_jvp,20260919,20300,7201.079475225881,0.00650686863809824,0.011102287098765373,2.371888876950834e-05
kdv1d,nested_jvp,20260919,20400,7240.137331422418,0.006426320876926184,0.010925360955297947,2.3255150154000148e-05
kdv1d,nested_jvp,20260919,20500,7276.283374096267,0.0067208632826805115,0.011333315633237362,2.124127422575839e-05
kdv1d,nested_jvp,20260919,20600,7310.913389347494,0.006698159500956535,0.01120536495000124,2.5017570806085132e-05
kdv1d,nested_jvp,20260919,20700,7346.67049651593,0.006184839177876711,0.010648968629539013,2.3244258045451716e-05
kdv1d,nested_jvp,20260919,20800,7386.882474931888,0.006451832130551338,0.01089601218700409,2.2663798517896794e-05
kdv1d,nested_jvp,20260919,20900,7423.698052974418,0.006245778873562813,0.010676088742911816,2.151469925593119e-05
kdv1d,nested_jvp,20260919,21000,7460.492922513746,0.006177196279168129,0.010502335615456104,2.1635516532114707e-05
kdv1d,nested_jvp,20260919,21100,7495.241766899824,0.006539414171129465,0.010805241763591766,2.5013292543007992e-05
kdv1d,nested_jvp,20260919,21200,7532.140354274772,0.006394552998244762,0.010682749561965466,2.4096900233416818e-05
kdv1d,nested_jvp,20260919,21300,7568.925606716424,0.006398750934749842,0.01050177589058876,2.1659257981809787e-05
kdv1d,nested_jvp,20260919,21400,7602.950474270619,0.00639027776196599,0.010608176700770855,1.8513077520765364e-05
kdv1d,nested_jvp,20260919,21500,7639.126365754753,0.0061485739424824715,0.010228910483419895,2.2334885215968825e-05
kdv1d,nested_jvp,20260919,21600,7672.015483604744,0.0060837045311927795,0.010176626034080982,1.9182605683454312e-05
kdv1d,nested_jvp,20260919,21700,7708.810295473784,0.006032811012119055,0.0100998030975461,2.0486901121330447e-05
kdv1d,nested_jvp,20260919,21800,7745.067288191989,0.006107103545218706,0.010169344954192638,1.745992267387919e-05
kdv1d,nested_jvp,20260919,21900,7778.821813863702,0.005791362840682268,0.00977257452905178,2.3458796931663528e-05
kdv1d,nested_jvp,20260919,22000,7811.488161290064,0.005760098807513714,0.009725923649966717,2.0371067876112647e-05
kdv1d,nested_jvp,20260919,22100,7845.872356326319,0.005640318617224693,0.009444721974432468,1.9753006199607626e-05
kdv1d,nested_jvp,20260919,22200,7879.624376519583,0.0058339559473097324,0.00973399169743061,2.0052819309057668e-05
kdv1d,nested_jvp,20260919,22300,7913.241694064811,0.0057742842473089695,0.00959020759910345,1.79683520400431e-05
kdv1d,nested_jvp,20260919,22400,7946.17768426612,0.005628862883895636,0.009442053735256195,2.0193132513668388e-05
kdv1d,nested_jvp,20260919,22500,7981.874494126998,0.005510866176337004,0.009246393106877804,1.843129939516075e-05
kdv1d,nested_jvp,20260919,22600,8015.83142809663,0.005349783226847649,0.009099953807890415,1.6465693988720886e-05
kdv1d,nested_jvp,20260919,22700,8054.929261434823,0.005176341161131859,0.008878184482455254,1.5817771782167256e-05
kdv1d,nested_jvp,20260919,22800,8088.725663880818,0.005357088055461645,0.0089118592441082,1.9997978597530164e-05
kdv1d,nested_jvp,20260919,22900,8123.416768496856,0.005366197321563959,0.008963709697127342,1.630950646358542e-05
kdv1d,nested_jvp,20260919,23000,8155.955165983178,0.005264585837721825,0.00880736205726862,1.7420250514987856e-05
kdv1d,nested_jvp,20260919,23100,8189.16669140663,0.005047054961323738,0.00860355980694294,1.9823848560918123e-05
kdv1d,nested_jvp,20260919,23200,8222.222602525726,0.005293541122227907,0.008752832189202309,1.5666726540075615e-05
kdv1d,nested_jvp,20260919,23300,8256.38551566843,0.005431517027318478,0.00891830399632454,1.9844323105644435e-05
kdv1d,nested_jvp,20260919,23400,8288.948273701593,0.005087356083095074,0.008696695789694786,1.7630894944886677e-05
kdv1d,nested_jvp,20260919,23500,8324.380818114616,0.005097690969705582,0.008572306483983994,1.601393159944564e-05
kdv1d,nested_jvp,20260919,23600,8358.346848350018,0.005129109136760235,0.008494995534420013,1.7256625142181292e-05
kdv1d,nested_jvp,20260919,23700,8391.648987598717,0.005113301333039999,0.008510214276611805,1.566970968269743e-05
kdv1d,nested_jvp,20260919,23800,8426.600918662734,0.004821316804736853,0.008201155811548233,1.5188889847195242e-05
kdv1d,nested_jvp,20260919,23900,8461.09614051506,0.004735165275633335,0.008081946521997452,1.543085090816021e-05
kdv1d,nested_jvp,20260919,24000,8493.02441467531,0.004778084810823202,0.008051027543842793,1.6326110198860988e-05
kdv1d,nested_jvp,20260919,24100,8528.356785410084,0.005075444933027029,0.008349159732460976,1.896666071843356e-05
kdv1d,nested_jvp,20260919,24200,8561.517943511717,0.004843590781092644,0.00813430454581976,1.559211523272097e-05
kdv1d,nested_jvp,20260919,24300,8595.334011111408,0.004721496254205704,0.00798056274652481,1.4717087651661132e-05
kdv1d,nested_jvp,20260919,24400,8628.624195395038,0.004474001470953226,0.0076547726057469845,1.650390913709998e-05
kdv1d,nested_jvp,20260919,24500,8660.801796941087,0.004628527443856001,0.007819357328116894,1.1776081009884365e-05
kdv1d,nested_jvp,20260919,24600,8697.067729721777,0.004491162020713091,0.007679865695536137,1.2634759514185134e-05
kdv1d,nested_jvp,20260919,24700,8731.034777853638,0.005008095875382423,0.008249521255493164,1.573059125803411e-05
kdv1d,nested_jvp,20260919,24800,8764.025250986218,0.004828371107578278,0.007919116877019405,1.539170989417471e-05
kdv1d,nested_jvp,20260919,24900,8803.782486544922,0.0043906569480896,0.007464734371751547,1.35440168378409e-05
kdv1d,nested_jvp,20260919,25000,8836.91250693705,0.004443380981683731,0.0074143847450613976,1.2765683095494751e-05
kdv1d,shared_jet_linear,20260919,0,0.0,0.9252334237098694,0.9250698089599609,
kdv1d,shared_jet_linear,20260919,100,4.818496899679303,0.9155579805374146,1.0043516159057617,0.6344342231750488
kdv1d,shared_jet_linear,20260919,200,9.669151549227536,0.9260758757591248,1.0531893968582153,0.5859394073486328
kdv1d,shared_jet_linear,20260919,300,14.888496670871973,0.9236463308334351,1.0507653951644897,0.6233375668525696
kdv1d,shared_jet_linear,20260919,400,19.581983767449856,0.9161343574523926,1.0422444343566895,0.3317316770553589
kdv1d,shared_jet_linear,20260919,500,24.495597106404603,0.9166717529296875,1.0474827289581299,0.464475154876709
kdv1d,shared_jet_linear,20260919,600,29.03889177646488,0.9176385998725891,1.052688717842102,0.6057551503181458
kdv1d,shared_jet_linear,20260919,700,33.559823878109455,0.9129354953765869,1.04827880859375,0.5358197689056396
kdv1d,shared_jet_linear,20260919,800,38.235563601367176,0.9024674296379089,1.0300801992416382,0.5946456789970398
kdv1d,shared_jet_linear,20260919,900,42.80670784320682,0.8987725377082825,1.0294606685638428,0.43807563185691833
kdv1d,shared_jet_linear,20260919,1000,47.17531522549689,0.8888798356056213,1.0188851356506348,0.509480357170105
kdv1d,shared_jet_linear,20260919,1100,51.81142483185977,0.8754210472106934,0.9970955848693848,0.5859928131103516
kdv1d,shared_jet_linear,20260919,1200,56.607276123948395,0.8584131002426147,0.9769299626350403,0.5496494174003601
kdv1d,shared_jet_linear,20260919,1300,61.66801356803626,0.8531882166862488,0.9708439707756042,0.36276131868362427
kdv1d,shared_jet_linear,20260919,1400,66.42380127962679,0.8200882077217102,0.9244093298912048,0.5468680262565613
kdv1d,shared_jet_linear,20260919,1500,71.54834030475467,0.7876888513565063,0.8756587505340576,0.3705178499221802
kdv1d,shared_jet_linear,20260919,1600,76.63517245743424,0.7505829930305481,0.8231573104858398,0.46157845854759216
kdv1d,shared_jet_linear,20260919,1700,81.6631491985172,0.7340611815452576,0.7996599674224854,0.4246799945831299
kdv1d,shared_jet_linear,20260919,1800,86.36019332427531,0.6997628211975098,0.748950183391571,0.3068605065345764
kdv1d,shared_jet_linear,20260919,1900,90.67190143372864,0.6652766466140747,0.7031553387641907,0.31569135189056396
kdv1d,shared_jet_linear,20260919,2000,95.65193224791437,0.6494918465614319,0.6796076893806458,0.20373424887657166
kdv1d,shared_jet_linear,20260919,2100,100.66076479107141,0.6258653998374939,0.6528552770614624,0.29623740911483765
kdv1d,shared_jet_linear,20260919,2200,105.58190570306033,0.6131386756896973,0.6370545625686646,0.29733505845069885
kdv1d,shared_jet_linear,20260919,2300,110.58374825119972,0.6042407155036926,0.6265764236450195,0.2619977593421936
kdv1d,shared_jet_linear,20260919,2400,115.22926495876163,0.5914909839630127,0.6166685819625854,0.2270595133304596
kdv1d,shared_jet_linear,20260919,2500,119.84472802747041,0.5816453695297241,0.608575165271759,0.2820296883583069
kdv1d,shared_jet_linear,20260919,2600,124.31867138016969,0.5725053548812866,0.6012759208679199,0.24653635919094086
kdv1d,shared_jet_linear,20260919,2700,128.9281593542546,0.5614850521087646,0.5933473706245422,0.2651488482952118
kdv1d,shared_jet_linear,20260919,2800,133.86091985087842,0.5544491410255432,0.5896682143211365,0.25720202922821045
kdv1d,shared_jet_linear,20260919,2900,139.2011852497235,0.5423173308372498,0.5809193253517151,0.218795046210289
kdv1d,shared_jet_linear,20260919,3000,144.06142860744148,0.534240186214447,0.5802451372146606,0.23851384222507477
kdv1d,shared_jet_linear,20260919,3100,149.16939866356552,0.5257676839828491,0.5766909122467041,0.23640815913677216
kdv1d,shared_jet_linear,20260919,3200,153.9662959286943,0.5165562629699707,0.5710359215736389,0.16302795708179474
kdv1d,shared_jet_linear,20260919,3300,158.94167981203645,0.5097787380218506,0.5759278535842896,0.22387976944446564
kdv1d,shared_jet_linear,20260919,3400,164.08569541573524,0.49846673011779785,0.5694312453269958,0.19271808862686157
kdv1d,shared_jet_linear,20260919,3500,169.16297647263855,0.4936826825141907,0.5783187747001648,0.16080063581466675
kdv1d,shared_jet_linear,20260919,3600,173.923321868293,0.4858621060848236,0.5787144899368286,0.1922791302204132
kdv1d,shared_jet_linear,20260919,3700,178.04883630946279,0.47957220673561096,0.5844272971153259,0.12786324322223663
kdv1d,shared_jet_linear,20260919,3800,182.1336545366794,0.4772336483001709,0.5952094197273254,0.11570611596107483
kdv1d,shared_jet_linear,20260919,3900,186.53863574378192,0.47169405221939087,0.6002786159515381,0.1246386468410492
kdv1d,shared_jet_linear,20260919,4000,191.1014747042209,0.4720393121242523,0.6113987565040588,0.1387556940317154
kdv1d,shared_jet_linear,20260919,4100,195.89216053299606,0.4678974151611328,0.6142032742500305,0.11128924787044525
kdv1d,shared_jet_linear,20260919,4200,200.5196070112288,0.4682350754737854,0.625459611415863,0.08550268411636353
kdv1d,shared_jet_linear,20260919,4300,204.78572737425566,0.46766743063926697,0.6327719688415527,0.09918981790542603
kdv1d,shared_jet_linear,20260919,4400,208.8987162746489,0.46992212533950806,0.6424568891525269,0.1039733812212944
kdv1d,shared_jet_linear,20260919,4500,213.02582288440317,0.4673598110675812,0.6451307535171509,0.14094185829162598
kdv1d,shared_jet_linear,20260919,4600,217.14452042244375,0.4636116921901703,0.6455909013748169,0.08162964880466461
kdv1d,shared_jet_linear,20260919,4700,221.2893257215619,0.46150240302085876,0.6466540098190308,0.0702895075082779
kdv1d,shared_jet_linear,20260919,4800,225.93976110499352,0.46150997281074524,0.6489243507385254,0.08658961951732635
kdv1d,shared_jet_linear,20260919,4900,230.5569812580943,0.45847150683403015,0.6466988325119019,0.08451438695192337
kdv1d,shared_jet_linear,20260919,5000,235.19529152382165,0.4577876627445221,0.6466594338417053,0.0772458165884018
kdv1d,shared_jet_linear,20260919,5100,239.8368288706988,0.4512682557106018,0.6390008926391602,0.06957873702049255
kdv1d,shared_jet_linear,20260919,5200,244.70410445984453,0.4460158944129944,0.6322676539421082,0.08902010321617126
kdv1d,shared_jet_linear,20260919,5300,249.73467824980617,0.4405226409435272,0.6247584819793701,0.08633585274219513
kdv1d,shared_jet_linear,20260919,5400,254.68334152456373,0.4352774918079376,0.616184413433075,0.0763075202703476
kdv1d,shared_jet_linear,20260919,5500,259.7222654046491,0.43033185601234436,0.6088736057281494,0.09036649763584137
kdv1d,shared_jet_linear,20260919,5600,264.24249520059675,0.4229534864425659,0.5977306962013245,0.059501953423023224
kdv1d,shared_jet_linear,20260919,5700,268.6364687625319,0.4164336919784546,0.5877271294593811,0.07440298050642014
kdv1d,shared_jet_linear,20260919,5800,272.87005761265755,0.40850403904914856,0.5755264163017273,0.08298090845346451
kdv1d,shared_jet_linear,20260919,5900,276.9588984148577,0.4028143584728241,0.5664688348770142,0.07849584519863129
kdv1d,shared_jet_linear,20260919,6000,282.10872356407344,0.3961232900619507,0.555668294429779,0.06734491884708405
kdv1d,shared_jet_linear,20260919,6100,286.81183969788253,0.38820356130599976,0.5442538261413574,0.06527015566825867
kdv1d,shared_jet_linear,20260919,6200,291.0660521676764,0.3800289034843445,0.5318734049797058,0.05346035584807396
kdv1d,shared_jet_linear,20260919,6300,295.5865842467174,0.3758051097393036,0.5242444276809692,0.06244899705052376
kdv1d,shared_jet_linear,20260919,6400,300.27494619134814,0.36817410588264465,0.5115736722946167,0.061568230390548706
kdv1d,shared_jet_linear,20260919,6500,304.86045983899385,0.36079299449920654,0.5006945133209229,0.06207239255309105
kdv1d,shared_jet_linear,20260919,6600,309.2083107661456,0.3527429699897766,0.48907405138015747,0.05239090695977211
kdv1d,shared_jet_linear,20260919,6700,313.8829776952043,0.34936079382896423,0.4819948673248291,0.058443181216716766
kdv1d,shared_jet_linear,20260919,6800,318.50371624622494,0.3394498825073242,0.4681454002857208,0.052694790065288544
kdv1d,shared_jet_linear,20260919,6900,323.11478599812835,0.3329628109931946,0.45878368616104126,0.05659439042210579
kdv1d,shared_jet_linear,20260919,7000,327.50837971642613,0.32832610607147217,0.4510630667209625,0.05431610345840454
kdv1d,shared_jet_linear,20260919,7100,332.33777198940516,0.3199581205844879,0.43861135840415955,0.03899170830845833
kdv1d,shared_jet_linear,20260919,7200,337.02770079579204,0.3135380744934082,0.4290615916252136,0.04322174936532974
kdv1d,shared_jet_linear,20260919,7300,341.6670392937958,0.30447661876678467,0.41588687896728516,0.04126064106822014
kdv1d,shared_jet_linear,20260919,7400,345.7302941167727,0.29693037271499634,0.4050935208797455,0.04578564316034317
kdv1d,shared_jet_linear,20260919,7500,349.7907839845866,0.28939712047576904,0.39502081274986267,0.0407046377658844
kdv1d,shared_jet_linear,20260919,7600,353.89215606451035,0.2810090482234955,0.3836081326007843,0.03193250298500061
kdv1d,shared_jet_linear,20260919,7700,358.2470265785232,0.2789350152015686,0.3799191415309906,0.03895895183086395
kdv1d,shared_jet_linear,20260919,7800,363.13471847679466,0.2706975042819977,0.3685222864151001,0.029531802982091904
kdv1d,shared_jet_linear,20260919,7900,367.93551208171993,0.2621317207813263,0.35723617672920227,0.031640857458114624
kdv1d,shared_jet_linear,20260919,8000,372.5462884288281,0.25693315267562866,0.34974217414855957,0.028336869552731514
kdv1d,shared_jet_linear,20260919,8100,377.3039190042764,0.24898125231266022,0.3412412405014038,0.02522360533475876
kdv1d,shared_jet_linear,20260919,8200,381.43384977430105,0.24184150993824005,0.33199062943458557,0.02935829572379589
kdv1d,shared_jet_linear,20260919,8300,385.6096741370857,0.23446764051914215,0.3227004408836365,0.027119550853967667
kdv1d,shared_jet_linear,20260919,8400,390.13439713511616,0.22821228206157684,0.31497272849082947,0.024386031553149223
kdv1d,shared_jet_linear,20260919,8500,394.6321984389797,0.22180669009685516,0.3064541816711426,0.021747048944234848
kdv1d,shared_jet_linear,20260919,8600,399.14542854577303,0.21502818167209625,0.2994980812072754,0.01626935787498951
kdv1d,shared_jet_linear,20260919,8700,403.36757653206587,0.20901866257190704,0.2906259000301361,0.02111062780022621
kdv1d,shared_jet_linear,20260919,8800,407.98593516647816,0.1994170993566513,0.2797539532184601,0.0195721797645092
kdv1d,shared_jet_linear,20260919,8900,412.20263523142785,0.19000844657421112,0.26855459809303284,0.018898705020546913
kdv1d,shared_jet_linear,20260919,9000,417.1933425646275,0.18440428376197815,0.26078036427497864,0.015055096708238125
kdv1d,shared_jet_linear,20260919,9100,421.92887215781957,0.17418797314167023,0.24919672310352325,0.014140713028609753
kdv1d,shared_jet_linear,20260919,9200,426.42668668273836,0.1659160852432251,0.23839476704597473,0.012405866757035255
kdv1d,shared_jet_linear,20260919,9300,431.0359891075641,0.1572500318288803,0.22810907661914825,0.013214677572250366
kdv1d,shared_jet_linear,20260919,9400,435.74938623420894,0.1464781016111374,0.21541041135787964,0.009625378996133804
kdv1d,shared_jet_linear,20260919,9500,439.9934852765873,0.13813310861587524,0.2046404480934143,0.009299087338149548
kdv1d,shared_jet_linear,20260919,9600,444.10196427069604,0.13017922639846802,0.19409851729869843,0.005981199909001589
kdv1d,shared_jet_linear,20260919,9700,448.51871842797846,0.12033580988645554,0.18231070041656494,0.005802133120596409
kdv1d,shared_jet_linear,20260919,9800,453.65425743721426,0.11282365769147873,0.17231671512126923,0.005930155981332064
kdv1d,shared_jet_linear,20260919,9900,458.6543022952974,0.10196004807949066,0.15894067287445068,0.004427183419466019
kdv1d,shared_jet_linear,20260919,10000,463.14593705069274,0.09445300698280334,0.14906692504882812,0.004076521378010511
kdv1d,shared_jet_linear,20260919,10100,467.2686815857887,0.08624286949634552,0.1389232873916626,0.002843059366568923
kdv1d,shared_jet_linear,20260919,10200,471.95316309388727,0.07857372611761093,0.12870678305625916,0.002838450949639082
kdv1d,shared_jet_linear,20260919,10300,476.45065457653254,0.07220397889614105,0.11989858746528625,0.0023084862623363733
kdv1d,shared_jet_linear,20260919,10400,481.06086647789925,0.0663471445441246,0.11229641735553741,0.0016432070406153798
kdv1d,shared_jet_linear,20260919,10500,485.6220486816019,0.06100969389081001,0.10492416471242905,0.00161815679166466
kdv1d,shared_jet_linear,20260919,10600,490.11052618548274,0.05581091344356537,0.0979999303817749,0.001275544404052198
kdv1d,shared_jet_linear,20260919,10700,494.8811141271144,0.05165916308760643,0.09198584407567978,0.0011515880469232798
kdv1d,shared_jet_linear,20260919,10800,499.3794470317662,0.048336829990148544,0.08723746985197067,0.0010162530234083533
kdv1d,shared_jet_linear,20260919,10900,503.8573590070009,0.04504195228219032,0.08225926756858826,0.0009078847942873836
kdv1d,shared_jet_linear,20260919,11000,508.54340836498886,0.04283676669001579,0.07864181697368622,0.0008011439349502325
kdv1d,shared_jet_linear,20260919,11100,512.9272021930665,0.0406733863055706,0.0752987191081047,0.0007619966636411846
kdv1d,shared_jet_linear,20260919,11200,517.0294599570334,0.03891385346651077,0.07241158187389374,0.0006653469172306359
kdv1d,shared_jet_linear,20260919,11300,521.311638167128,0.03730861097574234,0.06977830827236176,0.0006054796976968646
kdv1d,shared_jet_linear,20260919,11400,525.8841294832528,0.035882286727428436,0.06730206310749054,0.0005818280042149127
kdv1d,shared_jet_linear,20260919,11500,530.7546460516751,0.03476763516664505,0.0653737261891365,0.0005667947698384523
kdv1d,shared_jet_linear,20260919,11600,534.9722613627091,0.03382822126150131,0.06356200575828552,0.0004932715091854334
kdv1d,shared_jet_linear,20260919,11700,539.1141870552674,0.03234986215829849,0.06110944226384163,0.00044231931678950787
kdv1d,shared_jet_linear,20260919,11800,543.2609294634312,0.031751543283462524,0.059654027223587036,0.0004168155719526112
kdv1d,shared_jet_linear,20260919,11900,547.3434987301007,0.030811941251158714,0.0579453781247139,0.0003622252552304417
kdv1d,shared_jet_linear,20260919,12000,551.4435326326638,0.02959122136235237,0.056345559656620026,0.00045243024942465127
kdv1d,shared_jet_linear,20260919,12100,556.0827445769683,0.029122058302164078,0.054977938532829285,0.00033726560650393367
kdv1d,shared_jet_linear,20260919,12200,560.6045617694035,0.028126085177063942,0.0535314679145813,0.0002959032717626542
kdv1d,shared_jet_linear,20260919,12300,564.7643367350101,0.027746839448809624,0.052454352378845215,0.0003044193726964295
kdv1d,shared_jet_linear,20260919,12400,568.9692202871665,0.02688290923833847,0.050906430929899216,0.0002964875311590731
kdv1d,shared_jet_linear,20260919,12500,573.2812856007367,0.026504212990403175,0.05001853406429291,0.000278913154033944
kdv1d,shared_jet_linear,20260919,12600,577.7928832378238,0.02553248032927513,0.048734575510025024,0.00022930542763788253
kdv1d,shared_jet_linear,20260919,12700,582.474470754154,0.024998171254992485,0.04782980680465698,0.00027361634420230985
kdv1d,shared_jet_linear,20260919,12800,587.3807223690674,0.024092715233564377,0.046384669840335846,0.0002754961315076798
kdv1d,shared_jet_linear,20260919,12900,592.0797959184274,0.023896953091025352,0.04578009247779846,0.00022594098118133843
kdv1d,shared_jet_linear,20260919,13000,596.70522032585,0.023066982626914978,0.044569555670022964,0.00022000943135935813
kdv1d,shared_jet_linear,20260919,13100,601.2566931340843,0.022706562653183937,0.043734606355428696,0.0002208560472354293
kdv1d,shared_jet_linear,20260919,13200,605.5938260443509,0.02230442315340042,0.042890045791864395,0.0002187640784541145
kdv1d,shared_jet_linear,20260919,13300,609.9946963321418,0.02207937091588974,0.04226299375295639,0.0002005847927648574
kdv1d,shared_jet_linear,20260919,13400,614.4902110202238,0.021397285163402557,0.04115955904126167,0.0002026226429734379
kdv1d,shared_jet_linear,20260919,13500,619.0289854519069,0.020673580467700958,0.03992462903261185,0.00020139277330599725
kdv1d,shared_jet_linear,20260919,13600,623.4436248531565,0.020528573542833328,0.039396680891513824,0.0001478476042393595
kdv1d,shared_jet_linear,20260919,13700,627.996632264927,0.019951606169342995,0.03840354084968567,0.00016594470071140677
kdv1d,shared_jet_linear,20260919,13800,632.560420403257,0.019197765737771988,0.037305235862731934,0.00017734584980644286
kdv1d,shared_jet_linear,20260919,13900,636.7258252091706,0.019309628754854202,0.03701833263039589,0.0001716921105980873
kdv1d,shared_jet_linear,20260919,14000,641.3521039262414,0.018780600279569626,0.03617919608950615,0.0001516958000138402
kdv1d,shared_jet_linear,20260919,14100,645.8902864428237,0.018387949094176292,0.035302288830280304,0.0001498510391684249
kdv1d,shared_jet_linear,20260919,14200,650.492848712951,0.018073637038469315,0.034658074378967285,0.00014899930101819336
kdv1d,shared_jet_linear,20260919,14300,655.4296092921868,0.017420005053281784,0.03362103924155235,0.0001270508364541456
kdv1d,shared_jet_linear,20260919,14400,660.3354400387034,0.016886241734027863,0.03289647027850151,0.00011733046994777396
kdv1d,shared_jet_linear,20260919,14500,664.8746130596846,0.01652752421796322,0.03208107128739357,0.00012560693721752614
kdv1d,shared_jet_linear,20260919,14600,669.3746939003468,0.01625441201031208,0.03140765801072121,0.00011182953312527388
kdv1d,shared_jet_linear,20260919,14700,673.7049037255347,0.01603969931602478,0.030712958425283432,0.00010562878742348403
kdv1d,shared_jet_linear,20260919,14800,678.0993039608002,0.015687720850110054,0.02994828298687935,0.00011249115777900442
kdv1d,shared_jet_linear,20260919,14900,682.6630464587361,0.015358897857367992,0.029167016968131065,8.260853064712137e-05
kdv1d,shared_jet_linear,20260919,15000,687.2349583795294,0.01457016821950674,0.028045525774359703,8.271740807686001e-05
kdv1d,shared_jet_linear,20260919,15100,691.678971526213,0.014594010077416897,0.02756393328309059,0.00010753046080935746
kdv1d,shared_jet_linear,20260919,15200,695.7573647685349,0.013898016884922981,0.026616835966706276,8.119239646475762e-05
kdv1d,shared_jet_linear,20260919,15300,700.5409324327484,0.014001909643411636,0.02623012289404869,8.876036736182868e-05
kdv1d,shared_jet_linear,20260919,15400,705.2928415788338,0.013081624172627926,0.025000372901558876,7.915018795756623e-05
kdv1d,shared_jet_linear,20260919,15500,709.9783382890746,0.013299704529345036,0.024788953363895416,8.586335025029257e-05
kdv1d,shared_jet_linear,20260919,15600,714.1712187696248,0.01251690462231636,0.023653501644730568,8.194972906494513e-05
kdv1d,shared_jet_linear,20260919,15700,718.2846765741706,0.012591401115059853,0.02331354096531868,6.440904689952731e-05
kdv1d,shared_jet_linear,20260919,15800,722.8155649872497,0.012498527765274048,0.022930704057216644,6.3450621382799e-05
kdv1d,shared_jet_linear,20260919,15900,726.9699259847403,0.012324404902756214,0.022349832579493523,6.261124508455396e-05
kdv1d,shared_jet_linear,20260919,16000,731.536631565541,0.011491784825921059,0.021401681005954742,6.0691014368785545e-05
kdv1d,shared_jet_linear,20260919,16100,735.955623744987,0.011477812193334103,0.02098788134753704,5.755292295361869e-05
kdv1d,shared_jet_linear,20260919,16200,740.3175796782598,0.01095672883093357,0.02013952098786831,5.469945608638227e-05
kdv1d,shared_jet_linear,20260919,16300,744.8775268085301,0.011027620173990726,0.019954664632678032,6.228091660887003e-05
kdv1d,shared_jet_linear,20260919,16400,749.6261155605316,0.011119365692138672,0.019814062863588333,6.438398122554645e-05
kdv1d,shared_jet_linear,20260919,16500,754.7142281988636,0.010450041852891445,0.01882408931851387,5.661824980052188e-05
kdv1d,shared_jet_linear,20260919,16600,759.3820340940729,0.010057005099952221,0.018245486542582512,4.479995550354943e-05
kdv1d,shared_jet_linear,20260919,16700,763.6022483287379,0.010230418294668198,0.018210960552096367,4.2729567212518305e-05
kdv1d,shared_jet_linear,20260919,16800,768.1690054992214,0.010060916654765606,0.017871955409646034,4.941617589793168e-05
kdv1d,shared_jet_linear,20260919,16900,772.910906736739,0.009707510471343994,0.017417149618268013,5.43293499504216e-05
kdv1d,shared_jet_linear,20260919,17000,777.5884245382622,0.009539417922496796,0.01698235049843788,3.9583501347806305e-05
kdv1d,shared_jet_linear,20260919,17100,781.6577138463035,0.009672931395471096,0.016830947250127792,4.48876126029063e-05
kdv1d,shared_jet_linear,20260919,17200,785.8357249740511,0.009543798863887787,0.016496816650032997,3.9926137105794623e-05
kdv1d,shared_jet_linear,20260919,17300,790.3082793271169,0.009310572408139706,0.016255302354693413,4.678101322497241e-05
kdv1d,shared_jet_linear,20260919,17400,794.3974328879267,0.009183899499475956,0.016007758677005768,3.848426786134951e-05
kdv1d,shared_jet_linear,20260919,17500,798.5033450657502,0.008970909751951694,0.0157000869512558,4.4135093048680574e-05
kdv1d,shared_jet_linear,20260919,17600,802.5921387653798,0.008891712874174118,0.015498840250074863,3.655620093923062e-05
kdv1d,shared_jet_linear,20260919,17700,806.677045583725,0.008925532922148705,0.015325017273426056,4.273104059393518e-05
kdv1d,shared_jet_linear,20260919,17800,810.8741295477375,0.00864365603774786,0.015001404099166393,3.754832505364902e-05
kdv1d,shared_jet_linear,20260919,17900,815.6489627994597,0.008201283402740955,0.01434615720063448,4.060828359797597e-05
kdv1d,shared_jet_linear,20260919,18000,820.439209853299,0.008158604614436626,0.014232638292014599,3.61579041054938e-05
kdv1d,shared_jet_linear,20260919,18100,825.1256897822022,0.008749204687774181,0.014699132181704044,4.0959403122542426e-05
kdv1d,shared_jet_linear,20260919,18200,829.832389335148,0.008321026340126991,0.014275636523962021,3.816307435045019e-05
kdv1d,shared_jet_linear,20260919,18300,834.194842225872,0.008159360848367214,0.013928147964179516,3.226780245313421e-05
kdv1d,shared_jet_linear,20260919,18400,838.7957785381004,0.008062301203608513,0.013744527474045753,3.74893206753768e-05
kdv1d,shared_jet_linear,20260919,18500,842.9506776062772,0.007849172689020634,0.013467908836901188,3.444178219069727e-05
kdv1d,shared_jet_linear,20260919,18600,847.0381908072159,0.007765042595565319,0.013337022624909878,3.581812052289024e-05
kdv1d,shared_jet_linear,20260919,18700,851.1547593958676,0.007849210873246193,0.013284306973218918,2.8709993785014376e-05
kdv1d,shared_jet_linear,20260919,18800,855.2344953082502,0.007853659801185131,0.013294060714542866,3.097334410995245e-05
kdv1d,shared_jet_linear,20260919,18900,859.3568720119074,0.007971009239554405,0.013379973359405994,2.929095717263408e-05
kdv1d,shared_jet_linear,20260919,19000,863.4613054282963,0.0075608049519360065,0.012902881018817425,3.764626308111474e-05
kdv1d,shared_jet_linear,20260919,19100,867.5577331902459,0.007566141430288553,0.012843772768974304,2.945493361039553e-05
kdv1d,shared_jet_linear,20260919,19200,871.6640241723508,0.007490403484553099,0.01264216285198927,3.105650102952495e-05
kdv1d,shared_jet_linear,20260919,19300,876.063228839077,0.007279650773853064,0.012477509677410126,2.8975373425055295e-05
kdv1d,shared_jet_linear,20260919,19400,880.1502095591277,0.0073837945237755775,0.012467639520764351,3.15747493004892e-05
kdv1d,shared_jet_linear,20260919,19500,884.2336884280667,0.0074963076040148735,0.012568477541208267,2.799466165015474e-05
kdv1d,shared_jet_linear,20260919,19600,888.3424432650208,0.006892583332955837,0.011815277859568596,2.857604340533726e-05
kdv1d,shared_jet_linear,20260919,19700,892.4311670847237,0.006957917474210262,0.011890712194144726,2.4862833015504293e-05
kdv1d,shared_jet_linear,20260919,19800,896.7154254717752,0.007401531562209129,0.012260138988494873,2.6308014639653265e-05
kdv1d,shared_jet_linear,20260919,19900,901.255379287526,0.006805845070630312,0.011567349545657635,2.510888225515373e-05
kdv1d,shared_jet_linear,20260919,20000,905.8120004627854,0.006655320059508085,0.011379636824131012,3.174467565258965e-05
kdv1d,shared_jet_linear,20260919,20100,910.3695873646066,0.006957089528441429,0.011701315641403198,2.7103795218863524e-05
kdv1d,shared_jet_linear,20260919,20200,914.7624044697732,0.006753288675099611,0.011450784280896187,2.6466486815479584e-05
kdv1d,shared_jet_linear,20260919,20300,918.8367242934182,0.0065068150870501995,0.011102218180894852,2.3717984731774777e-05
kdv1d,shared_jet_linear,20260919,20400,922.9144890345633,0.006426453590393066,0.010925505310297012,2.325436616956722e-05
kdv1d,shared_jet_linear,20260919,20500,926.9877669103444,0.00672086700797081,0.011333312839269638,2.124094680766575e-05
kdv1d,shared_jet_linear,20260919,20600,931.2369416803122,0.006698377430438995,0.011205575428903103,2.501838025636971e-05
kdv1d,shared_jet_linear,20260919,20700,935.4602468013763,0.006184835452586412,0.01064900029450655,2.3244412659551017e-05
kdv1d,shared_jet_linear,20260919,20800,939.9579341579229,0.006452000234276056,0.010896184481680393,2.266406409034971e-05
kdv1d,shared_jet_linear,20260919,20900,944.7993021560833,0.006245708093047142,0.010676020756363869,2.151477019651793e-05
kdv1d,shared_jet_linear,20260919,21000,949.0081861019135,0.006177175790071487,0.010502309538424015,2.1635778466588818e-05
kdv1d,shared_jet_linear,20260919,21100,953.5623178556561,0.0065393270924687386,0.010805165395140648,2.5012986952788197e-05
kdv1d,shared_jet_linear,20260919,21200,958.0441167894751,0.006394586991518736,0.01068278681486845,2.40970966842724e-05
kdv1d,shared_jet_linear,20260919,21300,962.3063878370449,0.006398972123861313,0.010502002201974392,2.165940350096207e-05
kdv1d,shared_jet_linear,20260919,21400,966.5298262424767,0.006390292197465897,0.010608222335577011,1.8512961105443537e-05
kdv1d,shared_jet_linear,20260919,21500,970.8811143133789,0.006148739717900753,0.010229004546999931,2.2334224922815338e-05
kdv1d,shared_jet_linear,20260919,21600,974.9540792554617,0.00608398299664259,0.010176943615078926,1.9182743926648982e-05
kdv1d,shared_jet_linear,20260919,21700,979.0645345635712,0.006032826844602823,0.01009981520473957,2.048673741228413e-05
kdv1d,shared_jet_linear,20260919,21800,983.1499480344355,0.006107223220169544,0.010169452987611294,1.7460029994254e-05
kdv1d,shared_jet_linear,20260919,21900,987.2374313082546,0.005791445728391409,0.009772672317922115,2.3457090719603002e-05
kdv1d,shared_jet_linear,20260919,22000,991.4677990172058,0.0057601029984653,0.009725932963192463,2.0370527636259794e-05
kdv1d,shared_jet_linear,20260919,22100,996.4605685546994,0.00564026553183794,0.00944468192756176,1.9753122614929453e-05
kdv1d,shared_jet_linear,20260919,22200,1001.4561541480944,0.005834002513438463,0.009734043851494789,2.005300484597683e-05
kdv1d,shared_jet_linear,20260919,22300,1006.1840571071953,0.005774087272584438,0.009589999914169312,1.7968190149986185e-05
kdv1d,shared_jet_linear,20260919,22400,1010.8929355377331,0.005628742277622223,0.009441935457289219,2.0193147065583616e-05
kdv1d,shared_jet_linear,20260919,22500,1015.4009506106377,0.005511037539690733,0.009246639907360077,1.8431261196383275e-05
kdv1d,shared_jet_linear,20260919,22600,1019.5149821108207,0.0053498041816055775,0.009099987335503101,1.646572673053015e-05
kdv1d,shared_jet_linear,20260919,22700,1023.6231061816216,0.005176336970180273,0.008878170512616634,1.581847209308762e-05
kdv1d,shared_jet_linear,20260919,22800,1028.2930477876216,0.005357129964977503,0.008911920711398125,1.9997285562567413e-05
kdv1d,shared_jet_linear,20260919,22900,1032.975271353498,0.0053662084974348545,0.008963726460933685,1.6309899365296587e-05
kdv1d,shared_jet_linear,20260919,23000,1037.7321158442646,0.005264575127512217,0.00880732573568821,1.7420121366740204e-05
kdv1d,shared_jet_linear,20260919,23100,1041.9590637935326,0.005047091282904148,0.008603575639426708,1.98210673261201e-05
kdv1d,shared_jet_linear,20260919,23200,1046.3527435418218,0.005293505731970072,0.00875281635671854,1.5666701074223965e-05
kdv1d,shared_jet_linear,20260919,23300,1050.7100015226752,0.005431457422673702,0.008918269537389278,1.9843706468236633e-05
kdv1d,shared_jet_linear,20260919,23400,1054.7859700266272,0.005087215919047594,0.00869657564908266,1.762937790772412e-05
kdv1d,shared_jet_linear,20260919,23500,1058.8614374799654,0.005097594112157822,0.008572239428758621,1.6013158528949134e-05
kdv1d,shared_jet_linear,20260919,23600,1062.9188778102398,0.005129099823534489,0.00849501509219408,1.72558593476424e-05
kdv1d,shared_jet_linear,20260919,23700,1067.0255403770134,0.00511342054232955,0.008510367013514042,1.5668674677726813e-05
kdv1d,shared_jet_linear,20260919,23800,1071.1165793454275,0.004821298643946648,0.008201123215258121,1.51886633830145e-05
kdv1d,shared_jet_linear,20260919,23900,1075.8176064807922,0.004735163412988186,0.00808195024728775,1.5430900020874105e-05
kdv1d,shared_jet_linear,20260919,24000,1080.5054688304663,0.004778309725224972,0.008051279000937939,1.632162820897065e-05
kdv1d,shared_jet_linear,20260919,24100,1084.6392296599224,0.005075210239738226,0.008348931558430195,1.8964488845085725e-05
kdv1d,shared_jet_linear,20260919,24200,1088.7724754177034,0.004843539092689753,0.008134261704981327,1.559217707836069e-05
kdv1d,shared_jet_linear,20260919,24300,1092.8834884110838,0.004721437115222216,0.007980489172041416,1.471643554395996e-05
kdv1d,shared_jet_linear,20260919,24400,1097.559105174616,0.004474023822695017,0.007654787506908178,1.6503658116562292e-05
kdv1d,shared_jet_linear,20260919,24500,1102.0845083249733,0.004628570284694433,0.00781942903995514,1.1776372048188932e-05
kdv1d,shared_jet_linear,20260919,24600,1106.8239158941433,0.004491256084293127,0.007679940667003393,1.2634555787371937e-05
kdv1d,shared_jet_linear,20260919,24700,1111.439666248858,0.005008071195334196,0.008249523118138313,1.5727982827229425e-05
kdv1d,shared_jet_linear,20260919,24800,1115.5467722238973,0.004828302655369043,0.007919052615761757,1.5389829059131444e-05
kdv1d,shared_jet_linear,20260919,24900,1119.6559176491573,0.004390647169202566,0.007464732509106398,1.3543760360335e-05
kdv1d,shared_jet_linear,20260919,25000,1123.734718842432,0.004443320445716381,0.007414332590997219,1.2765522114932537e-05
kdv1d,nested_jvp,20260920,0,0.0,0.8296650052070618,0.8363177180290222,
kdv1d,nested_jvp,20260920,100,30.916329089552164,0.907081663608551,0.9814367890357971,0.46483203768730164
kdv1d,nested_jvp,20260920,200,61.724900274537504,0.924685001373291,1.0362201929092407,0.4734225273132324
kdv1d,nested_jvp,20260920,300,95.68966517876834,0.9279471635818481,1.0562987327575684,0.6747875809669495
kdv1d,nested_jvp,20260920,400,131.19673871714622,0.9247534275054932,1.057210922241211,0.6187676787376404
kdv1d,nested_jvp,20260920,500,164.5930609619245,0.926386296749115,1.0644123554229736,0.5116913914680481
kdv1d,nested_jvp,20260920,600,204.76606092136353,0.9195138216018677,1.056391716003418,0.5531121492385864
kdv1d,nested_jvp,20260920,700,249.53087305650115,0.919147253036499,1.05713951587677,0.5938666462898254
kdv1d,nested_jvp,20260920,800,287.79347303230315,0.9098984003067017,1.0460418462753296,0.5328302979469299
kdv1d,nested_jvp,20260920,900,321.409366783686,0.9082325100898743,1.0457273721694946,0.5786994099617004
kdv1d,nested_jvp,20260920,1000,352.34258652385324,0.8907461166381836,1.0283476114273071,0.5633593201637268
kdv1d,nested_jvp,20260920,1100,387.76418299693614,0.8841579556465149,1.019104242324829,0.434284508228302
kdv1d,nested_jvp,20260920,1200,419.4884805493057,0.8683617115020752,1.002469539642334,0.40964779257774353
kdv1d,nested_jvp,20260920,1300,461.646201887168,0.8477392196655273,0.9735257625579834,0.5790212750434875
kdv1d,nested_jvp,20260920,1400,499.33347898256034,0.8198727369308472,0.9333494305610657,0.4580445885658264
kdv1d,nested_jvp,20260920,1500,533.7728238822892,0.7988266348838806,0.907721221446991,0.3962337374687195
kdv1d,nested_jvp,20260920,1600,564.9773183148354,0.7705987095832825,0.8715912699699402,0.46472814679145813
kdv1d,nested_jvp,20260920,1700,606.61214771308,0.7296321988105774,0.8125600814819336,0.47032177448272705
kdv1d,nested_jvp,20260920,1800,648.4800200611353,0.7108238339424133,0.7845425605773926,0.4041147828102112
kdv1d,nested_jvp,20260920,1900,680.9983380194753,0.6815708875656128,0.7439962029457092,0.34959307312965393
kdv1d,nested_jvp,20260920,2000,716.8016960220411,0.6578460931777954,0.7089648246765137,0.3191414177417755
kdv1d,nested_jvp,20260920,2100,760.6925480226055,0.6368570327758789,0.6811514496803284,0.3186884820461273
kdv1d,nested_jvp,20260920,2200,792.8602677648887,0.6163433194160461,0.653056800365448,0.3254154920578003
kdv1d,nested_jvp,20260920,2300,828.8921389216557,0.6026067137718201,0.6343360543251038,0.1889871060848236
kdv1d,nested_jvp,20260920,2400,861.9418847737834,0.5890986919403076,0.6182547807693481,0.2736682891845703
kdv1d,nested_jvp,20260920,2500,899.6763822128996,0.5758875012397766,0.6031987071037292,0.24508029222488403
kdv1d,nested_jvp,20260920,2600,946.7656993549317,0.5625424385070801,0.5890430808067322,0.27437520027160645
kdv1d,nested_jvp,20260920,2700,991.1381997130811,0.5547159314155579,0.5845107436180115,0.22790616750717163
kdv1d,nested_jvp,20260920,2800,1030.9698604270816,0.5415486693382263,0.5705944895744324,0.24811667203903198
kdv1d,nested_jvp,20260920,2900,1063.7327705081552,0.5309702754020691,0.5614164471626282,0.2683507204055786
kdv1d,nested_jvp,20260920,3000,1099.0993137713522,0.5226752161979675,0.559228241443634,0.19793155789375305
kdv1d,nested_jvp,20260920,3100,1144.6839097356424,0.5146492123603821,0.5564230680465698,0.23012375831604004
kdv1d,nested_jvp,20260920,3200,1185.1438269214705,0.5016019940376282,0.5438753366470337,0.21322892606258392
kdv1d,nested_jvp,20260920,3300,1224.7160138171166,0.491182416677475,0.5380141735076904,0.16359516978263855
kdv1d,nested_jvp,20260920,3400,1264.7469584662467,0.48695093393325806,0.5408112406730652,0.175155907869339
kdv1d,nested_jvp,20260920,3500,1304.6405000053346,0.48134875297546387,0.5445005893707275,0.1806677132844925
kdv1d,nested_jvp,20260920,3600,1343.9699594443664,0.4721315801143646,0.5391026139259338,0.15208393335342407
kdv1d,nested_jvp,20260920,3700,1378.5686002001166,0.46913284063339233,0.5449936389923096,0.13253416121006012
kdv1d,nested_jvp,20260920,3800,1414.257264751941,0.4629165828227997,0.544431209564209,0.15704995393753052
kdv1d,nested_jvp,20260920,3900,1446.7201138362288,0.4621865153312683,0.5504828691482544,0.16095960140228271
kdv1d,nested_jvp,20260920,4000,1483.4694827590138,0.45995891094207764,0.5573843717575073,0.1591280698776245
kdv1d,nested_jvp,20260920,4100,1519.1275785444304,0.4543783962726593,0.5572823286056519,0.14326812326908112
kdv1d,nested_jvp,20260920,4200,1551.946441795677,0.4531846046447754,0.5621023178100586,0.1308632493019104
kdv1d,nested_jvp,20260920,4300,1587.581806029193,0.4507960379123688,0.5660378932952881,0.1045442521572113
kdv1d,nested_jvp,20260920,4400,1632.1836814200506,0.4478800594806671,0.5676183104515076,0.11096560955047607
kdv1d,nested_jvp,20260920,4500,1671.6010025087744,0.4485311508178711,0.5730117559432983,0.139626145362854
kdv1d,nested_jvp,20260920,4600,1704.383094061166,0.44482818245887756,0.573462188243866,0.09183388203382492
kdv1d,nested_jvp,20260920,4700,1746.693561580032,0.4415605366230011,0.573482096195221,0.09833527356386185
kdv1d,nested_jvp,20260920,4800,1781.8629457838833,0.4409463107585907,0.5752344727516174,0.11233924329280853
kdv1d,nested_jvp,20260920,4900,1817.544682099484,0.4425505995750427,0.5820568203926086,0.11334899067878723
kdv1d,nested_jvp,20260920,5000,1849.4321374967694,0.4391156733036041,0.5797398090362549,0.09101954102516174
kdv1d,nested_jvp,20260920,5100,1882.8501616977155,0.4390282928943634,0.5812986493110657,0.09704910963773727
kdv1d,nested_jvp,20260920,5200,1915.5938457800075,0.43787965178489685,0.5821113586425781,0.09360221773386002
kdv1d,nested_jvp,20260920,5300,1948.2120507741347,0.43532949686050415,0.5807239413261414,0.09726390987634659
kdv1d,nested_jvp,20260920,5400,1983.4626236679032,0.43508675694465637,0.582537055015564,0.07071704417467117
kdv1d,nested_jvp,20260920,5500,2016.463108454831,0.430385947227478,0.5767073035240173,0.07803439348936081
kdv1d,nested_jvp,20260920,5600,2054.839435180649,0.42813247442245483,0.5753706097602844,0.08933340758085251
kdv1d,nested_jvp,20260920,5700,2089.043510663323,0.42634278535842896,0.5737332701683044,0.09303110092878342
kdv1d,nested_jvp,20260920,5800,2120.9797435393557,0.4221836030483246,0.5686027407646179,0.09039893746376038
kdv1d,nested_jvp,20260920,5900,2154.2630286812782,0.4193698763847351,0.5648727416992188,0.0666697695851326
kdv1d,nested_jvp,20260920,6000,2187.357482031919,0.41358324885368347,0.557165801525116,0.06632085144519806
kdv1d,nested_jvp,20260920,6100,2225.4830140685663,0.4112856090068817,0.5543617606163025,0.07651861757040024
kdv1d,nested_jvp,20260920,6200,2269.2054080842063,0.4078475832939148,0.5490520596504211,0.0841309055685997
kdv1d,nested_jvp,20260920,6300,2314.6711103422567,0.40220770239830017,0.5419139862060547,0.07852611690759659
kdv1d,nested_jvp,20260920,6400,2356.123291234486,0.40032774209976196,0.5390690565109253,0.08866056054830551
kdv1d,nested_jvp,20260920,6500,2398.224245001562,0.39597001671791077,0.5328728556632996,0.0793883204460144
kdv1d,nested_jvp,20260920,6600,2442.9484042450786,0.38908231258392334,0.5233834385871887,0.07755966484546661
kdv1d,nested_jvp,20260920,6700,2484.8099844790995,0.38582175970077515,0.518869936466217,0.06708629429340363
kdv1d,nested_jvp,20260920,6800,2529.9930013576522,0.3799460530281067,0.5106151103973389,0.08509749174118042
kdv1d,nested_jvp,20260920,6900,2574.845769647509,0.376982718706131,0.5060790181159973,0.0715751200914383
kdv1d,nested_jvp,20260920,7000,2619.9885866167024,0.36899372935295105,0.49547725915908813,0.0607542060315609
kdv1d,nested_jvp,20260920,7100,2662.2071575792506,0.36646610498428345,0.4907965362071991,0.0641394779086113
kdv1d,nested_jvp,20260920,7200,2704.4470151867718,0.35970327258110046,0.4817507266998291,0.06728716194629669
kdv1d,nested_jvp,20260920,7300,2749.955382806249,0.3564736545085907,0.4767535328865051,0.06318958103656769
kdv1d,nested_jvp,20260920,7400,2803.1350460555404,0.34934672713279724,0.4675687253475189,0.0663757249712944
kdv1d,nested_jvp,20260920,7500,2852.5863389084116,0.3446708023548126,0.4603727161884308,0.06583307683467865
kdv1d,nested_jvp,20260920,7600,2891.8533703135327,0.3381076157093048,0.4512448012828827,0.05675388127565384
kdv1d,nested_jvp,20260920,7700,2926.956830034964,0.33281993865966797,0.4435384273529053,0.058380577713251114
kdv1d,nested_jvp,20260920,7800,2967.9199616555125,0.32888925075531006,0.4384288489818573,0.0562538243830204
kdv1d,nested_jvp,20260920,7900,3004.02237043716,0.32152149081230164,0.42774778604507446,0.05886072292923927
kdv1d,nested_jvp,20260920,8000,3040.6336981076747,0.31788620352745056,0.42253831028938293,0.05288159102201462
kdv1d,nested_jvp,20260920,8100,3077.005916812457,0.31058669090270996,0.41259780526161194,0.05213950574398041
kdv1d,nested_jvp,20260920,8200,3108.786346245557,0.3067922592163086,0.40712547302246094,0.04334637522697449
kdv1d,nested_jvp,20260920,8300,3143.10918785166,0.3021211624145508,0.4015653133392334,0.04302679002285004
kdv1d,nested_jvp,20260920,8400,3174.983585836366,0.29488271474838257,0.3917119801044464,0.04086904972791672
kdv1d,nested_jvp,20260920,8500,3206.9614683976397,0.2886563241481781,0.3834347426891327,0.05093668773770332
kdv1d,nested_jvp,20260920,8600,3251.49426817894,0.28509521484375,0.3785412013530731,0.04495701938867569
kdv1d,nested_jvp,20260920,8700,3288.6615778831765,0.28080374002456665,0.3719238042831421,0.04433898255228996
kdv1d,nested_jvp,20260920,8800,3320.186321137473,0.27356868982315063,0.3636009097099304,0.04797043651342392
kdv1d,nested_jvp,20260920,8900,3353.2461477238685,0.2709231972694397,0.359056293964386,0.046048346906900406
kdv1d,nested_jvp,20260920,9000,3392.070016973652,0.2678486704826355,0.3549053370952606,0.04614250734448433
kdv1d,nested_jvp,20260920,9100,3426.4345498094335,0.2601367235183716,0.3458455801010132,0.03523718938231468
kdv1d,nested_jvp,20260920,9200,3468.7946093156934,0.25865602493286133,0.3439013659954071,0.032395411282777786
kdv1d,nested_jvp,20260920,9300,3514.021355157718,0.25267428159713745,0.33576998114585876,0.03164033591747284
kdv1d,nested_jvp,20260920,9400,3559.96946506761,0.24733595550060272,0.3298700749874115,0.03377024084329605
kdv1d,nested_jvp,20260920,9500,3604.2174530047923,0.24402275681495667,0.32494524121284485,0.03298027068376541
kdv1d,nested_jvp,20260920,9600,3640.3705467395484,0.23940090835094452,0.3199700117111206,0.03330310806632042
kdv1d,nested_jvp,20260920,9700,3676.0454324604943,0.2349206507205963,0.314686119556427,0.026634875684976578
kdv1d,nested_jvp,20260920,9800,3708.682797918096,0.2314128428697586,0.31074100732803345,0.025705697014927864
kdv1d,nested_jvp,20260920,9900,3752.919000128284,0.22564634680747986,0.30379390716552734,0.026753343641757965
kdv1d,nested_jvp,20260920,10000,3796.5112511562183,0.22257108986377716,0.3008093237876892,0.03371690958738327
kdv1d,nested_jvp,20260920,10100,3829.3371904082596,0.21674954891204834,0.29418280720710754,0.028035277500748634
kdv1d,nested_jvp,20260920,10200,3861.4269512016326,0.214676633477211,0.29109805822372437,0.024548981338739395
kdv1d,nested_jvp,20260920,10300,3906.9481170214713,0.20780476927757263,0.2834179699420929,0.025691770017147064
kdv1d,nested_jvp,20260920,10400,3953.431610973552,0.2034694105386734,0.27787357568740845,0.026005813851952553
kdv1d,nested_jvp,20260920,10500,3990.3828543974087,0.19981054961681366,0.27368009090423584,0.01927771233022213
kdv1d,nested_jvp,20260920,10600,4034.4693791838363,0.1950976848602295,0.2676546275615692,0.02124074287712574
kdv1d,nested_jvp,20260920,10700,4086.6505335960537,0.1879851371049881,0.259795218706131,0.0187055841088295
kdv1d,nested_jvp,20260920,10800,4125.151838937774,0.18411049246788025,0.2554590404033661,0.01994522102177143
kdv1d,nested_jvp,20260920,10900,4157.925763361156,0.17926883697509766,0.24982990324497223,0.01825626753270626
kdv1d,nested_jvp,20260920,11000,4194.207298384979,0.17327037453651428,0.24269603192806244,0.017609188333153725
kdv1d,nested_jvp,20260920,11100,4227.584210289642,0.16650396585464478,0.2346673607826233,0.01569780707359314
kdv1d,nested_jvp,20260920,11200,4259.536762512289,0.16028104722499847,0.22772477567195892,0.014796349219977856
kdv1d,nested_jvp,20260920,11300,4296.14543547295,0.1543247550725937,0.22056354582309723,0.012873118743300438
kdv1d,nested_jvp,20260920,11400,4335.7967240205035,0.14908522367477417,0.21331806480884552,0.010838949121534824
kdv1d,nested_jvp,20260920,11500,4381.37970479019,0.14104360342025757,0.20427855849266052,0.012051033787429333
kdv1d,nested_jvp,20260920,11600,4415.376052003354,0.13392403721809387,0.19527925550937653,0.009549452923238277
kdv1d,nested_jvp,20260920,11700,4449.83620844502,0.12772570550441742,0.18779310584068298,0.008734045550227165
kdv1d,nested_jvp,20260920,11800,4483.125387057662,0.1218123510479927,0.1795252114534378,0.008595756255090237
kdv1d,nested_jvp,20260920,11900,4515.016777520999,0.11431429535150528,0.17052190005779266,0.007591919507831335
kdv1d,nested_jvp,20260920,12000,4550.045988427475,0.10654203593730927,0.16121500730514526,0.006173599511384964
kdv1d,nested_jvp,20260920,12100,4585.75138193462,0.09966778010129929,0.1525050401687622,0.006202338263392448
kdv1d,nested_jvp,20260920,12200,4618.219448384829,0.09237697720527649,0.1434284895658493,0.005083951633423567
kdv1d,nested_jvp,20260920,12300,4657.622492257506,0.08581973612308502,0.13513188064098358,0.00411262596026063
kdv1d,nested_jvp,20260920,12400,4703.122280541807,0.07931496948003769,0.1268317848443985,0.003938643261790276
kdv1d,nested_jvp,20260920,12500,4753.495565931313,0.07274740934371948,0.1189674511551857,0.002885723253712058
kdv1d,nested_jvp,20260920,12600,4794.96673316136,0.06654921919107437,0.11070361733436584,0.0026635252870619297
kdv1d,nested_jvp,20260920,12700,4836.582277956419,0.06162992864847183,0.10404003411531448,0.002471276093274355
kdv1d,nested_jvp,20260920,12800,4877.904319155961,0.05697786435484886,0.09811030328273773,0.001913049491122365
kdv1d,nested_jvp,20260920,12900,4919.2321528745815,0.052741263061761856,0.0922103002667427,0.0017057976219803095
kdv1d,nested_jvp,20260920,13000,4961.7805382199585,0.0493895448744297,0.08684439957141876,0.0012806674931198359
kdv1d,nested_jvp,20260920,13100,5005.234516789205,0.045784223824739456,0.08224897086620331,0.0014642542228102684
kdv1d,nested_jvp,20260920,13200,5049.473990615457,0.043133702129125595,0.0784146785736084,0.0011676555732265115
kdv1d,nested_jvp,20260920,13300,5098.320519137196,0.04069097340106964,0.0746183842420578,0.0011027459986507893
kdv1d,nested_jvp,20260920,13400,5142.254469284788,0.03917073458433151,0.07231205701828003,0.0009440865251235664
kdv1d,nested_jvp,20260920,13500,5183.877587584779,0.03665788471698761,0.0690058246254921,0.000988457235507667
kdv1d,nested_jvp,20260920,13600,5225.059564865194,0.03468330577015877,0.06556892395019531,0.0008325685048475862
kdv1d,nested_jvp,20260920,13700,5266.397222085856,0.03380260616540909,0.0641673281788826,0.0007707865443080664
kdv1d,nested_jvp,20260920,13800,5310.7222200371325,0.03298523277044296,0.06263118237257004,0.0006863109883852303
kdv1d,nested_jvp,20260920,13900,5360.0292058242485,0.031339120119810104,0.06037038192152977,0.0006439928547479212
kdv1d,nested_jvp,20260920,14000,5402.183299778961,0.03066149167716503,0.05902758240699768,0.0006747048464603722
kdv1d,nested_jvp,20260920,14100,5443.522704470903,0.030021268874406815,0.05805451422929764,0.0006401269929483533
kdv1d,nested_jvp,20260920,14200,5484.7889670608565,0.028930068016052246,0.05640879273414612,0.0005614144611172378
kdv1d,nested_jvp,20260920,14300,5526.052357732318,0.02857268787920475,0.05572569742798805,0.0005621874006465077
kdv1d,nested_jvp,20260920,14400,5568.030952729285,0.02810075506567955,0.05510610342025757,0.00046222517266869545
kdv1d,nested_jvp,20260920,14500,5609.349934533238,0.027988005429506302,0.054445408284664154,0.0004627039306797087
kdv1d,nested_jvp,20260920,14600,5650.718230162747,0.027755580842494965,0.053741704672575,0.0004903181688860059
kdv1d,nested_jvp,20260920,14700,5701.914500415325,0.02739754691720009,0.05318313464522362,0.0004400803882163018
kdv1d,nested_jvp,20260920,14800,5756.27316708304,0.026400098577141762,0.051952242851257324,0.00046432961244136095
kdv1d,nested_jvp,20260920,14900,5797.52194176428,0.026755884289741516,0.052069325000047684,0.0004820715694222599
kdv1d,nested_jvp,20260920,15000,5838.8151291767135,0.026776636019349098,0.051748406141996384,0.00039917262620292604
kdv1d,nested_jvp,20260920,15100,5880.106156852096,0.025699466466903687,0.050157446414232254,0.00037446708302013576
kdv1d,nested_jvp,20260920,15200,5921.462589049712,0.024866852909326553,0.04920025169849396,0.00037832336965948343
kdv1d,nested_jvp,20260920,15300,5966.938293799758,0.024347413331270218,0.048558857291936874,0.00033350271405652165
kdv1d,nested_jvp,20260920,15400,6008.614759337157,0.024528319016098976,0.04827023670077324,0.00035653484519571066
kdv1d,nested_jvp,20260920,15500,6050.003199599683,0.024747736752033234,0.04842622950673103,0.00026859247009269893
kdv1d,nested_jvp,20260920,15600,6091.3235439946875,0.023702386766672134,0.04682359844446182,0.0003127314557787031
kdv1d,nested_jvp,20260920,15700,6132.8108715312555,0.02329777181148529,0.04637996479868889,0.0002781551447696984
kdv1d,nested_jvp,20260920,15800,6174.568980233744,0.023324022069573402,0.04583147540688515,0.00033312762388959527
kdv1d,nested_jvp,20260920,15900,6217.271100855432,0.02301214449107647,0.04517635703086853,0.00027535995468497276
kdv1d,nested_jvp,20260920,16000,6258.8534600054845,0.023110071197152138,0.045081090182065964,0.00030070499633438885
kdv1d,nested_jvp,20260920,16100,6300.7326093306765,0.022762605920433998,0.04435780271887779,0.00026630869251675904
kdv1d,nested_jvp,20260920,16200,6342.6169914435595,0.02207387425005436,0.043493229895830154,0.0002694972208701074
kdv1d,nested_jvp,20260920,16300,6383.994350176305,0.02166023477911949,0.042772077023983,0.00027082598535344005
kdv1d,nested_jvp,20260920,16400,6424.61614189297,0.02246427722275257,0.04333658143877983,0.00022903022181708366
kdv1d,nested_jvp,20260920,16500,6456.699727997184,0.021160507574677467,0.04160146415233612,0.0002730466949287802
kdv1d,nested_jvp,20260920,16600,6489.721258130856,0.022262422367930412,0.04243001341819763,0.0002450209576636553
kdv1d,nested_jvp,20260920,16700,6525.525773155503,0.021548233926296234,0.04122379422187805,0.0002182700700359419
kdv1d,nested_jvp,20260920,16800,6557.6725039538,0.019926929846405983,0.03943652659654617,0.0002466537116561085
kdv1d,nested_jvp,20260920,16900,6589.709600629285,0.020607661455869675,0.039803676307201385,0.0002105078165186569
kdv1d,nested_jvp,20260920,17000,6621.80501351133,0.019807657226920128,0.03831605613231659,0.0001737100537866354
kdv1d,nested_jvp,20260920,17100,6653.897867361084,0.018611548468470573,0.0369248166680336,0.0002363034727750346
kdv1d,nested_jvp,20260920,17200,6690.602138227783,0.01932459883391857,0.037368111312389374,0.0001888115075416863
kdv1d,nested_jvp,20260920,17300,6731.216371878982,0.019026026129722595,0.03636787831783295,0.00017430058505851775
kdv1d,nested_jvp,20260920,17400,6767.6878176750615,0.019080204889178276,0.03608449548482895,0.00018502838793210685
kdv1d,nested_jvp,20260920,17500,6802.9805343765765,0.0187413040548563,0.0355432890355587,0.00018169826944358647
kdv1d,nested_jvp,20260920,17600,6834.986529354006,0.017994141206145287,0.0345873087644577,0.00016657711239531636
kdv1d,nested_jvp,20260920,17700,6866.8600876405835,0.01730707287788391,0.03361935541033745,0.0001621050323592499
kdv1d,nested_jvp,20260920,17800,6898.731836379506,0.016830675303936005,0.03275492414832115,0.0001562570978421718
kdv1d,nested_jvp,20260920,17900,6930.832808746025,0.017701411619782448,0.033091455698013306,0.00014678896695841104
kdv1d,nested_jvp,20260920,18000,6972.208178173751,0.016163192689418793,0.03140899911522865,0.00013422220945358276
kdv1d,nested_jvp,20260920,18100,7021.4836645592,0.016725292429327965,0.031495101749897,0.00011385054676793516
kdv1d,nested_jvp,20260920,18200,7074.738498159684,0.016397466883063316,0.030719591304659843,0.00012013998639304191
kdv1d,nested_jvp,20260920,18300,7127.517715560272,0.01597823016345501,0.030129093676805496,0.00011723124771378934
kdv1d,nested_jvp,20260920,18400,7181.84229083918,0.015757879242300987,0.029343921691179276,0.00012924936891067773
kdv1d,nested_jvp,20260920,18500,7225.438483523205,0.015365269035100937,0.028864547610282898,0.00012923336180392653
kdv1d,nested_jvp,20260920,18600,7269.035466010682,0.014102005399763584,0.027277721092104912,0.00010603334521874785
kdv1d,nested_jvp,20260920,18700,7312.630737087689,0.014628416858613491,0.027172662317752838,0.00010980499064316973
kdv1d,nested_jvp,20260920,18800,7356.222147880122,0.014358987100422382,0.02693130634725094,9.828524343902245e-05
kdv1d,nested_jvp,20260920,18900,7399.850506120361,0.01451998669654131,0.026683298870921135,9.696275083115324e-05
kdv1d,nested_jvp,20260920,19000,7443.776644108817,0.014034217223525047,0.02571846917271614,7.730823563179001e-05
kdv1d,nested_jvp,20260920,19100,7489.2663634112105,0.013830110430717468,0.025350293144583702,0.00010662239219527692
kdv1d,nested_jvp,20260920,19200,7534.851290340535,0.01356186717748642,0.0249968022108078,8.58251514728181e-05
kdv1d,nested_jvp,20260920,19300,7583.259874900803,0.013344218954443932,0.024488415569067,7.296887633856386e-05
kdv1d,nested_jvp,20260920,19400,7623.224063348025,0.012984348461031914,0.024070270359516144,7.733255915809423e-05
kdv1d,nested_jvp,20260920,19500,7655.472451088019,0.013041306287050247,0.023634977638721466,9.347228478873149e-05
kdv1d,nested_jvp,20260920,19600,7687.674859083258,0.012444164603948593,0.022877756506204605,9.154939471045509e-05
kdv1d,nested_jvp,20260920,19700,7720.015993240289,0.012851723469793797,0.022922607138752937,7.13788322173059e-05
kdv1d,nested_jvp,20260920,19800,7752.515774081461,0.012371496297419071,0.022320879623293877,8.08356489869766e-05
kdv1d,nested_jvp,20260920,19900,7786.823318307288,0.012285402975976467,0.021911093965172768,8.17574982647784e-05
kdv1d,nested_jvp,20260920,20000,7828.355764063075,0.012044562958180904,0.02184896543622017,6.930588278919458e-05
kdv1d,nested_jvp,20260920,20100,7869.963209146634,0.012064937502145767,0.021508660167455673,7.67018209444359e-05
kdv1d,nested_jvp,20260920,20200,7909.680342000909,0.011926344595849514,0.0210433192551136,6.307491275947541e-05
kdv1d,nested_jvp,20260920,20300,7942.032848357223,0.01102012861520052,0.020093277096748352,6.471139204222709e-05
kdv1d,nested_jvp,20260920,20400,7974.2915809657425,0.011206891387701035,0.0201372392475605,5.807327397633344e-05
kdv1d,nested_jvp,20260920,20500,8006.472342766821,0.011240579187870026,0.020034287124872208,6.445742474170402e-05
kdv1d,nested_jvp,20260920,20600,8040.210568904877,0.011325747705996037,0.019965291023254395,6.39573554508388e-05
kdv1d,nested_jvp,20260920,20700,8072.464904200286,0.010979877784848213,0.019590875133872032,6.076577483327128e-05
kdv1d,nested_jvp,20260920,20800,8104.74097197596,0.011161921545863152,0.01939365454018116,6.173175643198192e-05
kdv1d,nested_jvp,20260920,20900,8141.628751820885,0.010587364435195923,0.018780948594212532,6.610244599869475e-05
kdv1d,nested_jvp,20260920,21000,8180.325809911825,0.010547534562647343,0.018697816878557205,6.350392504828051e-05
kdv1d,nested_jvp,20260920,21100,8215.465621910058,0.010029831901192665,0.01804329641163349,5.694809078704566e-05
kdv1d,nested_jvp,20260920,21200,8253.128175016493,0.01051538810133934,0.018435543403029442,6.515279528684914e-05
kdv1d,nested_jvp,20260920,21300,8290.755421050824,0.010056069120764732,0.017841678112745285,5.0221900892211124e-05
kdv1d,nested_jvp,20260920,21400,8328.381149840541,0.010538185946643353,0.018171560019254684,5.698321547242813e-05
kdv1d,nested_jvp,20260920,21500,8366.094497951679,0.010126965120434761,0.017749488353729248,6.23743180767633e-05
kdv1d,nested_jvp,20260920,21600,8403.703192246147,0.009709908626973629,0.01723717711865902,5.349683851818554e-05
kdv1d,nested_jvp,20260920,21700,8441.320259162225,0.009577271528542042,0.017057962715625763,5.404367038863711e-05
kdv1d,nested_jvp,20260920,21800,8478.961533528753,0.009284913539886475,0.01672746054828167,5.355316534405574e-05
kdv1d,nested_jvp,20260920,21900,8516.680848173797,0.009982592426240444,0.01710435561835766,4.8984184104483575e-05
kdv1d,nested_jvp,20260920,22000,8554.333112490363,0.009131483733654022,0.01636774092912674,5.372061423258856e-05
kdv1d,nested_jvp,20260920,22100,8591.933369531296,0.009305081330239773,0.016422362998127937,4.3816085963044316e-05
kdv1d,nested_jvp,20260920,22200,8629.584612453356,0.009576039388775826,0.016508901491761208,4.33270433859434e-05
kdv1d,nested_jvp,20260920,22300,8669.043583067134,0.009020527824759483,0.015933819115161896,4.382891711429693e-05
kdv1d,nested_jvp,20260920,22400,8707.505934408866,0.009272029623389244,0.016164299100637436,4.586362047120929e-05
kdv1d,nested_jvp,20260920,22500,8745.159909410402,0.008741945028305054,0.015592292882502079,3.9451893826480955e-05
kdv1d,nested_jvp,20260920,22600,8782.831316870637,0.008859130553901196,0.015597736462950706,5.203692489885725e-05
kdv1d,nested_jvp,20260920,22700,8820.06821773015,0.008652202785015106,0.015343127772212029,4.274224193068221e-05
kdv1d,nested_jvp,20260920,22800,8858.499616318382,0.009053604677319527,0.015640053898096085,5.058915849076584e-05
kdv1d,nested_jvp,20260920,22900,8896.874580744654,0.00863898266106844,0.015278019942343235,4.676796743297018e-05
kdv1d,nested_jvp,20260920,23000,8935.244679328054,0.008249245584011078,0.014691858552396297,4.206187804811634e-05
kdv1d,nested_jvp,20260920,23100,8973.596887363121,0.008493357338011265,0.014834144152700901,4.730904765892774e-05
kdv1d,nested_jvp,20260920,23200,9022.475046200678,0.008993254974484444,0.01523253321647644,4.4734410039382055e-05
kdv1d,nested_jvp,20260920,23300,9067.471450194716,0.008653681725263596,0.014948155730962753,4.0696275391383097e-05
kdv1d,nested_jvp,20260920,23400,9106.347417497076,0.008068700321018696,0.014410475268959999,4.045110836159438e-05
kdv1d,nested_jvp,20260920,23500,9138.599546546116,0.008369388990104198,0.014569505117833614,4.4125670683570206e-05
kdv1d,nested_jvp,20260920,23600,9173.676534826867,0.008427556604146957,0.014415795914828777,3.529748573782854e-05
kdv1d,nested_jvp,20260920,23700,9205.877969210967,0.00801079347729683,0.014137176796793938,3.825598832918331e-05
kdv1d,nested_jvp,20260920,23800,9238.23191098962,0.008272306993603706,0.014300897717475891,4.515191540122032e-05
kdv1d,nested_jvp,20260920,23900,9270.795233527198,0.0076585025526583195,0.013653155416250229,3.927110810764134e-05
kdv1d,nested_jvp,20260920,24000,9303.051489016972,0.008199641481041908,0.014002312906086445,3.91101639252156e-05
kdv1d,nested_jvp,20260920,24100,9336.816970029846,0.007510507479310036,0.013498062267899513,3.247230051783845e-05
kdv1d,nested_jvp,20260920,24200,9378.63807583414,0.008235720917582512,0.014012458734214306,3.5091616155114025e-05
kdv1d,nested_jvp,20260920,24300,9424.928930349648,0.0076466575264930725,0.01342920120805502,3.8542577385669574e-05
kdv1d,nested_jvp,20260920,24400,9474.19094093237,0.007792456075549126,0.013423492200672626,2.905585461121518e-05
kdv1d,nested_jvp,20260920,24500,9520.79953507986,0.008022119291126728,0.013617197051644325,3.4408374631311744e-05
kdv1d,nested_jvp,20260920,24600,9560.557585092261,0.008031891658902168,0.013638793490827084,2.9695369448745623e-05
kdv1d,nested_jvp,20260920,24700,9606.42766729556,0.008093444630503654,0.013469837605953217,4.18146992160473e-05
kdv1d,nested_jvp,20260920,24800,9656.213195888326,0.00784049741923809,0.013157418929040432,3.602722063078545e-05
kdv1d,nested_jvp,20260920,24900,9699.218336739577,0.0073697129264473915,0.012896852567791939,3.1365518225356936e-05
kdv1d,nested_jvp,20260920,25000,9739.143735655583,0.007262039463967085,0.012543869204819202,2.8205966373207048e-05
kdv1d,shared_jet_linear,20260920,0,0.0,0.8296650052070618,0.8363177180290222,
kdv1d,shared_jet_linear,20260920,100,4.377341181971133,0.907081663608551,0.9814367890357971,0.46483203768730164
kdv1d,shared_jet_linear,20260920,200,8.615937213413417,0.924685001373291,1.0362201929092407,0.4734225571155548
kdv1d,shared_jet_linear,20260920,300,12.870511334389448,0.9279471635818481,1.0562987327575684,0.6747875809669495
kdv1d,shared_jet_linear,20260920,400,17.118644330650568,0.9247534275054932,1.057210922241211,0.6187676787376404
kdv1d,shared_jet_linear,20260920,500,21.406017431989312,0.926386296749115,1.0644123554229736,0.5116913914680481
kdv1d,shared_jet_linear,20260920,600,25.678855134174228,0.9195138216018677,1.056391716003418,0.5531121492385864
kdv1d,shared_jet_linear,20260920,700,29.962913292460144,0.919147253036499,1.05713951587677,0.5938666462898254
kdv1d,shared_jet_linear,20260920,800,34.28337147925049,0.9098984003067017,1.0460418462753296,0.5328302383422852
kdv1d,shared_jet_linear,20260920,900,38.5508221834898,0.9082325100898743,1.0457273721694946,0.5786994099617004
kdv1d,shared_jet_linear,20260920,1000,42.805617219768465,0.8907461166381836,1.0283476114273071,0.5633593201637268
kdv1d,shared_jet_linear,20260920,1100,47.053298722952604,0.8841579556465149,1.019104242324829,0.434284508228302
kdv1d,shared_jet_linear,20260920,1200,51.315315465442836,0.8683617115020752,1.002469539642334,0.40964779257774353
kdv1d,shared_jet_linear,20260920,1300,55.55423309933394,0.8477392196655273,0.9735257625579834,0.5790212750434875
kdv1d,shared_jet_linear,20260920,1400,59.834092903882265,0.8198727369308472,0.9333494305610657,0.4580445885658264
kdv1d,shared_jet_linear,20260920,1500,64.08525053784251,0.7988266944885254,0.907721221446991,0.39623376727104187
kdv1d,shared_jet_linear,20260920,1600,68.3576997416094,0.7705987095832825,0.8715912699699402,0.46472814679145813
kdv1d,shared_jet_linear,20260920,1700,72.66622561775148,0.7296321988105774,0.8125601410865784,0.47032177448272705
kdv1d,shared_jet_linear,20260920,1800,76.96945997793227,0.7108238339424133,0.7845425605773926,0.4041147530078888
kdv1d,shared_jet_linear,20260920,1900,81.49276050459594,0.6815708875656128,0.7439962029457092,0.34959307312965393
kdv1d,shared_jet_linear,20260920,2000,85.97520343679935,0.6578460931777954,0.7089648246765137,0.3191414475440979
kdv1d,shared_jet_linear,20260920,2100,90.44489539414644,0.6368570327758789,0.6811514496803284,0.31868845224380493
kdv1d,shared_jet_linear,20260920,2200,94.7304687006399,0.6163433194160461,0.653056800365448,0.3254154920578003
kdv1d,shared_jet_linear,20260920,2300,98.98291216325015,0.6026067137718201,0.6343360543251038,0.1889871060848236
kdv1d,shared_jet_linear,20260920,2400,103.26250563189387,0.5890986919403076,0.6182547807693481,0.2736682593822479
kdv1d,shared_jet_linear,20260920,2500,107.68364254105836,0.5758875012397766,0.6031987071037292,0.24508029222488403
kdv1d,shared_jet_linear,20260920,2600,111.93232237454504,0.5625424385070801,0.5890430808067322,0.27437520027160645
kdv1d,shared_jet_linear,20260920,2700,116.47434095200151,0.5547159314155579,0.5845107436180115,0.22790618240833282
kdv1d,shared_jet_linear,20260920,2800,120.77033323049545,0.5415486693382263,0.5705944895744324,0.2481166571378708
kdv1d,shared_jet_linear,20260920,2900,125.01955862157047,0.5309702754020691,0.5614164471626282,0.2683507204055786
kdv1d,shared_jet_linear,20260920,3000,129.25968147441745,0.5226752161979675,0.559228241443634,0.19793158769607544
kdv1d,shared_jet_linear,20260920,3100,133.52192319743335,0.5146492123603821,0.5564230680465698,0.23012375831604004
kdv1d,shared_jet_linear,20260920,3200,137.76259393338114,0.5016019940376282,0.5438753366470337,0.21322894096374512
kdv1d,shared_jet_linear,20260920,3300,142.05901821982116,0.491182416677475,0.5380141735076904,0.16359516978263855
kdv1d,shared_jet_linear,20260920,3400,146.31936466600746,0.48695093393325806,0.5408112406730652,0.175155907869339
kdv1d,shared_jet_linear,20260920,3500,150.60298822727054,0.48134875297546387,0.5445005297660828,0.18066774308681488
kdv1d,shared_jet_linear,20260920,3600,154.8758612750098,0.4721315801143646,0.5391026139259338,0.15208396315574646
kdv1d,shared_jet_linear,20260920,3700,159.17060670629144,0.46913284063339233,0.5449935793876648,0.13253413140773773
kdv1d,shared_jet_linear,20260920,3800,163.48317070305347,0.4629165828227997,0.544431209564209,0.1570499688386917
kdv1d,shared_jet_linear,20260920,3900,167.7963565327227,0.4621865153312683,0.5504828691482544,0.16095960140228271
kdv1d,shared_jet_linear,20260920,4000,172.07858442608267,0.45995891094207764,0.5573843717575073,0.1591280698776245
kdv1d,shared_jet_linear,20260920,4100,176.38029062375426,0.4543783962726593,0.5572823882102966,0.14326812326908112
kdv1d,shared_jet_linear,20260920,4200,180.6451682029292,0.4531846046447754,0.5621023178100586,0.1308632791042328
kdv1d,shared_jet_linear,20260920,4300,184.90051969047636,0.4507960081100464,0.5660378932952881,0.1045442596077919
kdv1d,shared_jet_linear,20260920,4400,189.1801722627133,0.4478800594806671,0.5676183104515076,0.11096563190221786
kdv1d,shared_jet_linear,20260920,4500,193.40489009860903,0.4485311508178711,0.5730118155479431,0.1396261304616928
kdv1d,shared_jet_linear,20260920,4600,197.67462507355958,0.44482818245887756,0.573462188243866,0.09183389693498611
kdv1d,shared_jet_linear,20260920,4700,201.97135524824262,0.4415605366230011,0.573482096195221,0.09833525866270065
kdv1d,shared_jet_linear,20260920,4800,206.2428577579558,0.4409463107585907,0.5752344727516174,0.11233926564455032
kdv1d,shared_jet_linear,20260920,4900,210.61933038104326,0.4425505995750427,0.5820568203926086,0.11334896832704544
kdv1d,shared_jet_linear,20260920,5000,214.96204641275108,0.4391156733036041,0.5797398090362549,0.09101952612400055
kdv1d,shared_jet_linear,20260920,5100,219.2554762745276,0.4390282928943634,0.5812986493110657,0.09704910218715668
kdv1d,shared_jet_linear,20260920,5200,223.55484718177468,0.43787965178489685,0.5821113586425781,0.09360223263502121
kdv1d,shared_jet_linear,20260920,5300,227.84686025138944,0.43532949686050415,0.5807239413261414,0.09726393222808838
kdv1d,shared_jet_linear,20260920,5400,232.15885510388762,0.43508675694465637,0.582537055015564,0.07071703672409058
kdv1d,shared_jet_linear,20260920,5500,236.69002719409764,0.430385947227478,0.5767073035240173,0.07803437858819962
kdv1d,shared_jet_linear,20260920,5600,241.2047365847975,0.42813247442245483,0.5753706097602844,0.08933340013027191
kdv1d,shared_jet_linear,20260920,5700,245.67648060899228,0.42634281516075134,0.573733389377594,0.09303110837936401
kdv1d,shared_jet_linear,20260920,5800,250.80903459712863,0.4221836030483246,0.5686027407646179,0.09039892256259918
kdv1d,shared_jet_linear,20260920,5900,256.2110940180719,0.4193699061870575,0.5648727416992188,0.066669762134552
kdv1d,shared_jet_linear,20260920,6000,261.62023240793496,0.41358324885368347,0.557165801525116,0.06632085144519806
kdv1d,shared_jet_linear,20260920,6100,267.10394259821624,0.4112856090068817,0.5543618202209473,0.07651861011981964
kdv1d,shared_jet_linear,20260920,6200,272.56021711137146,0.4078476130962372,0.5490520596504211,0.08413093537092209
kdv1d,shared_jet_linear,20260920,6300,277.9783816309646,0.40220773220062256,0.5419139862060547,0.07852612435817719
kdv1d,shared_jet_linear,20260920,6400,282.8199744997546,0.40032774209976196,0.5390690565109253,0.08866056054830551
kdv1d,shared_jet_linear,20260920,6500,287.07170420885086,0.39597007632255554,0.5328729152679443,0.079388327896595
kdv1d,shared_jet_linear,20260920,6600,291.33789224829525,0.3890823423862457,0.5233834981918335,0.07755966484546661
kdv1d,shared_jet_linear,20260920,6700,295.63004927989095,0.38582175970077515,0.5188699960708618,0.06708629429340363
kdv1d,shared_jet_linear,20260920,6800,299.8727306891233,0.3799460530281067,0.5106151700019836,0.08509749174118042
kdv1d,shared_jet_linear,20260920,6900,304.13585148938,0.37698274850845337,0.5060790181159973,0.07157512754201889
kdv1d,shared_jet_linear,20260920,7000,308.38566332589835,0.36899372935295105,0.49547725915908813,0.06075421720743179
kdv1d,shared_jet_linear,20260920,7100,312.79736294969916,0.36646610498428345,0.4907965362071991,0.06413949280977249
kdv1d,shared_jet_linear,20260920,7200,317.0416192235425,0.35970330238342285,0.4817507266998291,0.06728716194629669
kdv1d,shared_jet_linear,20260920,7300,321.3213841319084,0.3564736545085907,0.4767535626888275,0.06318960338830948
kdv1d,shared_jet_linear,20260920,7400,326.5761248571798,0.34934675693511963,0.4675687551498413,0.0663757398724556
kdv1d,shared_jet_linear,20260920,7500,331.86160486284643,0.344670832157135,0.4603727161884308,0.06583308428525925
kdv1d,shared_jet_linear,20260920,7600,337.1509167859331,0.3381076157093048,0.4512448310852051,0.05675389617681503
kdv1d,shared_jet_linear,20260920,7700,341.5138394907117,0.33281996846199036,0.44353845715522766,0.05838059261441231
kdv1d,shared_jet_linear,20260920,7800,345.7633326416835,0.32888928055763245,0.4384288787841797,0.0562538206577301
kdv1d,shared_jet_linear,20260920,7900,350.04244695510715,0.32152149081230164,0.42774778604507446,0.05886073410511017
kdv1d,shared_jet_linear,20260920,8000,354.27705627214164,0.31788623332977295,0.4225383698940277,0.05288160219788551
kdv1d,shared_jet_linear,20260920,8100,358.5185415269807,0.31058672070503235,0.4125978350639343,0.05213949829339981
kdv1d,shared_jet_linear,20260920,8200,362.7621073247865,0.306792289018631,0.4071255028247833,0.04334639012813568
kdv1d,shared_jet_linear,20260920,8300,367.00372343696654,0.3021211326122284,0.4015653431415558,0.04302678629755974
kdv1d,shared_jet_linear,20260920,8400,371.24449583515525,0.29488271474838257,0.3917119801044464,0.04086906462907791
kdv1d,shared_jet_linear,20260920,8500,375.5794074572623,0.2886563837528229,0.3834347724914551,0.05093669891357422
kdv1d,shared_jet_linear,20260920,8600,379.8408067142591,0.2850952446460724,0.3785412311553955,0.04495702683925629
kdv1d,shared_jet_linear,20260920,8700,384.13258787058294,0.2808037996292114,0.37192386388778687,0.04433899372816086
kdv1d,shared_jet_linear,20260920,8800,388.53647053893656,0.2735687494277954,0.3636009991168976,0.047970451414585114
kdv1d,shared_jet_linear,20260920,8900,393.03632833622396,0.2709231972694397,0.3590563237667084,0.0460483580827713
kdv1d,shared_jet_linear,20260920,9000,397.4464784031734,0.2678487002849579,0.354905366897583,0.04614252224564552
kdv1d,shared_jet_linear,20260920,9100,401.78726560622454,0.26013675332069397,0.34584560990333557,0.03523718938231468
kdv1d,shared_jet_linear,20260920,9200,406.07091005705297,0.25865602493286133,0.3439013659954071,0.03239540383219719
kdv1d,shared_jet_linear,20260920,9300,410.3930129846558,0.25267431139945984,0.33577001094818115,0.03164033591747284
kdv1d,shared_jet_linear,20260920,9400,414.68211418855935,0.24733597040176392,0.3298700749874115,0.03377024829387665
kdv1d,shared_jet_linear,20260920,9500,418.9397814720869,0.24402275681495667,0.32494524121284485,0.032980285584926605
kdv1d,shared_jet_linear,20260920,9600,423.1874243244529,0.2394009232521057,0.3199700117111206,0.033303119242191315
kdv1d,shared_jet_linear,20260920,9700,427.4265928082168,0.2349206656217575,0.314686119556427,0.02663489058613777
kdv1d,shared_jet_linear,20260920,9800,431.69797722250223,0.231412872672081,0.31074100732803345,0.025705711916089058
kdv1d,shared_jet_linear,20260920,9900,435.95396451838315,0.22564634680747986,0.30379390716552734,0.02675335295498371
kdv1d,shared_jet_linear,20260920,10000,440.2289247624576,0.22257108986377716,0.3008093237876892,0.03371690213680267
kdv1d,shared_jet_linear,20260920,10100,444.496827038005,0.21674957871437073,0.29418280720710754,0.028035277500748634
kdv1d,shared_jet_linear,20260920,10200,448.77011188678443,0.214676633477211,0.29109805822372437,0.024548981338739395
kdv1d,shared_jet_linear,20260920,10300,453.0777982873842,0.20780479907989502,0.2834179699420929,0.025691766291856766
kdv1d,shared_jet_linear,20260920,10400,457.3508009556681,0.2034693956375122,0.27787357568740845,0.026005819439888
kdv1d,shared_jet_linear,20260920,10500,461.63754626829177,0.19981051981449127,0.27368009090423584,0.019277703016996384
kdv1d,shared_jet_linear,20260920,10600,465.9282591352239,0.1950976848602295,0.2676546275615692,0.021240757778286934
kdv1d,shared_jet_linear,20260920,10700,470.18519992381334,0.1879851371049881,0.2597951889038086,0.0187055841088295
kdv1d,shared_jet_linear,20260920,10800,474.4382824599743,0.18411049246788025,0.2554590106010437,0.019945230334997177
kdv1d,shared_jet_linear,20260920,10900,478.7105117524043,0.17926882207393646,0.24982990324497223,0.01825627125799656
kdv1d,shared_jet_linear,20260920,11000,482.9605029495433,0.1732703298330307,0.24269600212574005,0.017609186470508575
kdv1d,shared_jet_linear,20260920,11100,487.36244393885136,0.16650398075580597,0.2346673458814621,0.015697818249464035
kdv1d,shared_jet_linear,20260920,11200,491.9138329215348,0.16028106212615967,0.22772476077079773,0.014796342700719833
kdv1d,shared_jet_linear,20260920,11300,496.3725278461352,0.15432476997375488,0.22056354582309723,0.012873114086687565
kdv1d,shared_jet_linear,20260920,11400,500.86289405543357,0.14908523857593536,0.21331804990768433,0.010838939808309078
kdv1d,shared_jet_linear,20260920,11500,505.3519922560081,0.14104360342025757,0.20427852869033813,0.012051026336848736
kdv1d,shared_jet_linear,20260920,11600,509.6769150318578,0.1339239776134491,0.19527921080589294,0.009549456648528576
kdv1d,shared_jet_linear,20260920,11700,513.9521183576435,0.12772567570209503,0.18779303133487701,0.008734043687582016
kdv1d,shared_jet_linear,20260920,11800,518.229474645108,0.12181232124567032,0.1795251965522766,0.008595757186412811
kdv1d,shared_jet_linear,20260920,11900,522.4813213311136,0.11431428045034409,0.17052187025547028,0.0075919185765087605
kdv1d,shared_jet_linear,20260920,12000,526.7825665939599,0.10654202103614807,0.16121499240398407,0.006173590663820505
kdv1d,shared_jet_linear,20260920,12100,531.8114775633439,0.0996677577495575,0.152505025267601,0.00620233966037631
kdv1d,shared_jet_linear,20260920,12200,537.0220470018685,0.0923769623041153,0.14342844486236572,0.005083946976810694
kdv1d,shared_jet_linear,20260920,12300,542.2885020412505,0.08581971377134323,0.1351318359375,0.004112620372325182
kdv1d,shared_jet_linear,20260920,12400,547.5257090181112,0.0793149396777153,0.12683174014091492,0.003938642796128988
kdv1d,shared_jet_linear,20260920,12500,552.7666427232325,0.07274738699197769,0.11896742135286331,0.002885721158236265
kdv1d,shared_jet_linear,20260920,12600,558.0659468853846,0.06654921919107437,0.11070361733436584,0.0026635227259248495
kdv1d,shared_jet_linear,20260920,12700,562.578453278169,0.06162988767027855,0.1040399968624115,0.0024712735321372747
kdv1d,shared_jet_linear,20260920,12800,566.8799281362444,0.056977882981300354,0.09811032563447952,0.0019130504224449396
kdv1d,shared_jet_linear,20260920,12900,571.1326113650575,0.05274122580885887,0.09221024811267853,0.0017057980876415968
kdv1d,shared_jet_linear,20260920,13000,575.3724097693339,0.04938952997326851,0.08684438467025757,0.0012806658633053303
kdv1d,shared_jet_linear,20260920,13100,579.6586866956204,0.04578424617648125,0.0822489783167839,0.0014642555033788085
kdv1d,shared_jet_linear,20260920,13200,584.0248987823725,0.043133705854415894,0.0784146711230278,0.0011676546419039369
kdv1d,shared_jet_linear,20260920,13300,588.3210158506408,0.04069091007113457,0.07461833953857422,0.0011027453001588583
kdv1d,shared_jet_linear,20260920,13400,592.5738792633638,0.039170749485492706,0.07231207191944122,0.00094408547738567
kdv1d,shared_jet_linear,20260920,13500,596.8103712759912,0.03665788099169731,0.06900583207607269,0.0009884574683383107
kdv1d,shared_jet_linear,20260920,13600,601.0685012405738,0.03468330204486847,0.06556890159845352,0.0008325682138092816
kdv1d,shared_jet_linear,20260920,13700,605.3329498805106,0.03380260616540909,0.064167320728302,0.0007707866025157273
kdv1d,shared_jet_linear,20260920,13800,609.5683862576261,0.032985273748636246,0.06263123452663422,0.0006863115704618394
kdv1d,shared_jet_linear,20260920,13900,613.8045931672677,0.03133909031748772,0.06037035956978798,0.0006439925055019557
kdv1d,shared_jet_linear,20260920,14000,618.4670772710815,0.030661506578326225,0.05902760475873947,0.0006747028673999012
kdv1d,shared_jet_linear,20260920,14100,622.9005217952654,0.03002130053937435,0.058054547756910324,0.000640126527287066
kdv1d,shared_jet_linear,20260920,14200,627.1637259796262,0.028930073603987694,0.05640880763530731,0.0005614145775325596
kdv1d,shared_jet_linear,20260920,14300,631.4345578756183,0.02857269160449505,0.05572570860385895,0.0005621880409307778
kdv1d,shared_jet_linear,20260920,14400,635.7062023282051,0.028100747615098953,0.05510609596967697,0.00046222598757594824
kdv1d,shared_jet_linear,20260920,14500,639.9733453076333,0.02798801101744175,0.05444541946053505,0.00046270270831882954
kdv1d,shared_jet_linear,20260920,14600,644.283649831079,0.027755601331591606,0.05374172702431679,0.0004903185763396323
kdv1d,shared_jet_linear,20260920,14700,648.5203838860616,0.027397558093070984,0.05318314582109451,0.00044008117401972413
kdv1d,shared_jet_linear,20260920,14800,652.7901150677353,0.026400072500109673,0.05195222049951553,0.0004643300489988178
kdv1d,shared_jet_linear,20260920,14900,657.0432683462277,0.026755942031741142,0.05206939950585365,0.00048207276267930865
kdv1d,shared_jet_linear,20260920,15000,661.2913958728313,0.026776636019349098,0.05174840986728668,0.0003991729754488915
kdv1d,shared_jet_linear,20260920,15100,665.5510652232915,0.025699475780129433,0.05015746131539345,0.00037446775240823627
kdv1d,shared_jet_linear,20260920,15200,669.8063728539273,0.02486683428287506,0.049200233072042465,0.00037832357338629663
kdv1d,shared_jet_linear,20260920,15300,674.0522003313527,0.02434743568301201,0.048558883368968964,0.00033350285957567394
kdv1d,shared_jet_linear,20260920,15400,678.2893479391932,0.024528322741389275,0.04827024042606354,0.0003565342049114406
kdv1d,shared_jet_linear,20260920,15500,682.5435453997925,0.024747714400291443,0.04842621833086014,0.0002685918880160898
kdv1d,shared_jet_linear,20260920,15600,686.7999636540189,0.023702431470155716,0.0468236543238163,0.00031273209606297314
kdv1d,shared_jet_linear,20260920,15700,691.0399934351444,0.023297712206840515,0.0463799312710762,0.00027815462090075016
kdv1d,shared_jet_linear,20260920,15800,695.2774104280397,0.023324040696024895,0.04583150893449783,0.00033312762388959527
kdv1d,shared_jet_linear,20260920,15900,699.5072966767475,0.023012153804302216,0.045176390558481216,0.00027536015841178596
kdv1d,shared_jet_linear,20260920,16000,703.7395710693672,0.0231100395321846,0.04508106783032417,0.0003007048217114061
kdv1d,shared_jet_linear,20260920,16100,708.0168787362054,0.02276260033249855,0.044357817620038986,0.0002663089253474027
kdv1d,shared_jet_linear,20260920,16200,712.2721205540001,0.02207387238740921,0.04349323362112045,0.00026949687162414193
kdv1d,shared_jet_linear,20260920,16300,716.5595506848767,0.0216602124273777,0.0427720732986927,0.00027082517044618726
kdv1d,shared_jet_linear,20260920,16400,720.8417529687285,0.022464267909526825,0.04333657771348953,0.0002290301345055923
kdv1d,shared_jet_linear,20260920,16500,725.1217977637425,0.021160531789064407,0.04160151258111,0.00027304652030579746
kdv1d,shared_jet_linear,20260920,16600,729.4090388361365,0.02226254716515541,0.042430125176906586,0.000245020812144503
kdv1d,shared_jet_linear,20260920,16700,733.6721396399662,0.021548230201005936,0.04122379049658775,0.00021826937154401094
kdv1d,shared_jet_linear,20260920,16800,737.9403069838881,0.019926952198147774,0.03943655267357826,0.00024665409000590444
kdv1d,shared_jet_linear,20260920,16900,742.254215802066,0.02060762234032154,0.0398036353290081,0.00021050844225101173
kdv1d,shared_jet_linear,20260920,17000,746.5463335672393,0.019807614386081696,0.0383160263299942,0.0001737088750815019
kdv1d,shared_jet_linear,20260920,17100,750.8062131879851,0.01861155591905117,0.036924827843904495,0.0002363047969993204
kdv1d,shared_jet_linear,20260920,17200,755.0760012408718,0.019324610009789467,0.03736811876296997,0.00018881133291870356
kdv1d,shared_jet_linear,20260920,17300,759.3629372306168,0.0190260112285614,0.03636787459254265,0.00017430105071980506
kdv1d,shared_jet_linear,20260920,17400,763.6319625061005,0.01908016763627529,0.03608447685837746,0.00018502972670830786
kdv1d,shared_jet_linear,20260920,17500,767.9700520075858,0.018741300329566002,0.0355432964861393,0.00018169938994105905
kdv1d,shared_jet_linear,20260920,17600,772.2098716152832,0.017994152382016182,0.034587327390909195,0.0001665773306740448
kdv1d,shared_jet_linear,20260920,17700,776.450672085397,0.017307067289948463,0.033619362860918045,0.0001621044793864712
kdv1d,shared_jet_linear,20260920,17800,780.7043897099793,0.016830692067742348,0.03275495767593384,0.00015625702508259565
kdv1d,shared_jet_linear,20260920,17900,784.9384350338951,0.017701391130685806,0.03309142589569092,0.00014678835577797145
kdv1d,shared_jet_linear,20260920,18000,789.19018055778,0.016163205727934837,0.031409017741680145,0.00013422255869954824
kdv1d,shared_jet_linear,20260920,18100,793.4175392659381,0.01672530360519886,0.03149512782692909,0.00011385017569409683
kdv1d,shared_jet_linear,20260920,18200,797.6756880106404,0.01639746129512787,0.030719628557562828,0.00012013896775897592
kdv1d,shared_jet_linear,20260920,18300,801.9302947428077,0.01597825065255165,0.030129145830869675,0.00011723106581484899
kdv1d,shared_jet_linear,20260920,18400,806.2400030260906,0.01575799658894539,0.029344022274017334,0.00012924900511279702
kdv1d,shared_jet_linear,20260920,18500,810.5211007557809,0.015365339815616608,0.028864620253443718,0.00012923266331199557
kdv1d,shared_jet_linear,20260920,18600,814.7721039168537,0.01410194206982851,0.027277693152427673,0.0001060338836396113
kdv1d,shared_jet_linear,20260920,18700,819.0562343085185,0.014628447592258453,0.027172697708010674,0.00010980511433444917
kdv1d,shared_jet_linear,20260920,18800,823.3287974279374,0.014359164983034134,0.02693144790828228,9.828613110585138e-05
kdv1d,shared_jet_linear,20260920,18900,827.6081316666678,0.014520040713250637,0.026683354750275612,9.696282359072939e-05
kdv1d,shared_jet_linear,20260920,19000,832.016650211066,0.014034254476428032,0.02571849152445793,7.730880315648392e-05
kdv1d,shared_jet_linear,20260920,19100,836.4585837358609,0.013830164447426796,0.025350341573357582,0.0001066222321242094
kdv1d,shared_jet_linear,20260920,19200,840.9315661666915,0.013561817817389965,0.02499678172171116,8.582418377045542e-05
kdv1d,shared_jet_linear,20260920,19300,845.3644157433882,0.013344352133572102,0.02448851428925991,7.296852709259838e-05
kdv1d,shared_jet_linear,20260920,19400,849.8143436163664,0.012984317727386951,0.024070274084806442,7.733325765002519e-05
kdv1d,shared_jet_linear,20260920,19500,854.0604438511655,0.013041281141340733,0.02363497205078602,9.347323793917894e-05
kdv1d,shared_jet_linear,20260920,19600,858.2732767723501,0.012444338761270046,0.022877901792526245,9.154761210083961e-05
kdv1d,shared_jet_linear,20260920,19700,862.4989480907097,0.012851687148213387,0.022922569885849953,7.137851207517087e-05
kdv1d,shared_jet_linear,20260920,19800,866.7384002516046,0.012371630407869816,0.02232096903026104,8.083548891590908e-05
kdv1d,shared_jet_linear,20260920,19900,870.9753024866804,0.012285473756492138,0.0219111368060112,8.175734546966851e-05
kdv1d,shared_jet_linear,20260920,20000,875.2128998460248,0.012044591829180717,0.02184898778796196,6.930565723450854e-05
kdv1d,shared_jet_linear,20260920,20100,879.5152238216251,0.012064861133694649,0.021508578211069107,7.670199556741863e-05
kdv1d,shared_jet_linear,20260920,20200,883.8070354508236,0.011926468461751938,0.021043425425887108,6.307517469394952e-05
kdv1d,shared_jet_linear,20260920,20300,888.0579964434728,0.011020242236554623,0.020093359053134918,6.471171946031973e-05
kdv1d,shared_jet_linear,20260920,20400,892.2624069154263,0.011206923052668571,0.020137259736657143,5.807347042718902e-05
kdv1d,shared_jet_linear,20260920,20500,896.4809718970209,0.011240626685321331,0.02003433369100094,6.445775215979666e-05
kdv1d,shared_jet_linear,20260920,20600,900.8097588894889,0.011325899511575699,0.019965417683124542,6.395738455466926e-05
kdv1d,shared_jet_linear,20260920,20700,905.091603401117,0.010980011895298958,0.019590996205806732,6.076461068005301e-05
kdv1d,shared_jet_linear,20260920,20800,909.3164983056486,0.011161886155605316,0.019393686205148697,6.173079600557685e-05
kdv1d,shared_jet_linear,20260920,20900,913.5214562900364,0.010587341152131557,0.018780944868922234,6.61025260342285e-05
kdv1d,shared_jet_linear,20260920,21000,917.7502537369728,0.010547521524131298,0.01869780756533146,6.350298644974828e-05
kdv1d,shared_jet_linear,20260920,21100,921.9349217824638,0.010029809549450874,0.018043309450149536,5.694801438949071e-05
kdv1d,shared_jet_linear,20260920,21200,926.1448907712474,0.010515416972339153,0.018435589969158173,6.51536975055933e-05
kdv1d,shared_jet_linear,20260920,21300,930.3433731971309,0.010056132450699806,0.017841747030615807,5.022035475121811e-05
kdv1d,shared_jet_linear,20260920,21400,934.549355302006,0.010537991300225258,0.018171418458223343,5.698310269508511e-05
kdv1d,shared_jet_linear,20260920,21500,938.7565846415237,0.010126818902790546,0.017749397084116936,6.237471825443208e-05
kdv1d,shared_jet_linear,20260920,21600,942.9464363753796,0.009709957055747509,0.01723722368478775,5.3497369663091376e-05
kdv1d,shared_jet_linear,20260920,21700,947.1477938005701,0.009577300399541855,0.01705799251794815,5.4043703130446374e-05
kdv1d,shared_jet_linear,20260920,21800,951.3481364175677,0.00928484182804823,0.01672741211950779,5.355180473998189e-05
kdv1d,shared_jet_linear,20260920,21900,955.5488045234233,0.009982763789594173,0.01710451766848564,4.8986184992827475e-05
kdv1d,shared_jet_linear,20260920,22000,959.7370715495199,0.009131565690040588,0.016367821022868156,5.372017767513171e-05
kdv1d,shared_jet_linear,20260920,22100,963.9328459864482,0.009305187501013279,0.016422439366579056,4.381634062156081e-05
kdv1d,shared_jet_linear,20260920,22200,968.3622729601339,0.009575999341905117,0.01650889404118061,4.3326959712430835e-05
kdv1d,shared_jet_linear,20260920,22300,973.5766878062859,0.009020557627081871,0.015933843329548836,4.383043778943829e-05
kdv1d,shared_jet_linear,20260920,22400,978.7307020863518,0.00927202682942152,0.016164300963282585,4.586392606142908e-05
kdv1d,shared_jet_linear,20260920,22500,983.9102121908218,0.008741958066821098,0.015592290088534355,3.945215212297626e-05
kdv1d,shared_jet_linear,20260920,22600,989.1396590070799,0.008858945220708847,0.01559754554182291,5.2036331908311695e-05
kdv1d,shared_jet_linear,20260920,22700,994.2746217893437,0.00865200161933899,0.015342933125793934,4.274199454812333e-05
kdv1d,shared_jet_linear,20260920,22800,999.4344750503078,0.009053587913513184,0.01564006134867668,5.058803435531445e-05
kdv1d,shared_jet_linear,20260920,22900,1004.6470335964113,0.008639044128358364,0.015278086066246033,4.6767563617322594e-05
kdv1d,shared_jet_linear,20260920,23000,1009.8162254309282,0.00824916921555996,0.014691761694848537,4.206522862659767e-05
kdv1d,shared_jet_linear,20260920,23100,1015.0083093037829,0.008493460714817047,0.014834197238087654,4.730944783659652e-05
kdv1d,shared_jet_linear,20260920,23200,1020.1981605226174,0.008993116207420826,0.015232437290251255,4.473216540645808e-05
kdv1d,shared_jet_linear,20260920,23300,1025.3875576872379,0.008653686381876469,0.014948160387575626,4.0696126234252006e-05
kdv1d,shared_jet_linear,20260920,23400,1029.7403979143128,0.00806872732937336,0.014410503208637238,4.0450551750836894e-05
kdv1d,shared_jet_linear,20260920,23500,1033.9233159143478,0.008369368501007557,0.014569491147994995,4.4126623834017664e-05
kdv1d,shared_jet_linear,20260920,23600,1038.0926971463487,0.008427667431533337,0.014415876939892769,3.529756213538349e-05
kdv1d,shared_jet_linear,20260920,23700,1042.2937466856092,0.008010714314877987,0.01413712278008461,3.82559301215224e-05
kdv1d,shared_jet_linear,20260920,23800,1046.5025736773387,0.008272305130958557,0.014300881884992123,4.515225737122819e-05
kdv1d,shared_jet_linear,20260920,23900,1050.6808227021247,0.007658509537577629,0.013653176836669445,3.9272501453524455e-05
kdv1d,shared_jet_linear,20260920,24000,1054.8560958690941,0.008199638687074184,0.014002316631376743,3.9109236240619794e-05
kdv1d,shared_jet_linear,20260920,24100,1059.0624543465674,0.0075104678981006145,0.013498041778802872,3.2472129532834515e-05
kdv1d,shared_jet_linear,20260920,24200,1063.229801863432,0.00823566596955061,0.014012426137924194,3.509169619064778e-05
kdv1d,shared_jet_linear,20260920,24300,1067.4479914074764,0.007646619342267513,0.01342916302382946,3.8543788832612336e-05
kdv1d,shared_jet_linear,20260920,24400,1071.6383857131004,0.00779261440038681,0.013423627242445946,2.9056431230856106e-05
kdv1d,shared_jet_linear,20260920,24500,1075.838582715951,0.008022209629416466,0.013617285527288914,3.440879299887456e-05
kdv1d,shared_jet_linear,20260920,24600,1080.8544532805681,0.008031968958675861,0.013638859614729881,2.9695251214434393e-05
kdv1d,shared_jet_linear,20260920,24700,1086.1463095536456,0.008093460462987423,0.01346985436975956,4.1813895222730935e-05
kdv1d,shared_jet_linear,20260920,24800,1091.4946889700368,0.007840448059141636,0.01315737422555685,3.602686774684116e-05
kdv1d,shared_jet_linear,20260920,24900,1096.8657527649775,0.007369863800704479,0.012897011823952198,3.1364244932774454e-05
kdv1d,shared_jet_linear,20260920,25000,1102.1812047073618,0.0072621447034180164,0.012543964199721813,2.8205966373207048e-05
kdv1d,nested_jvp,20260921,0,0.0,0.9821175932884216,1.0397073030471802,
kdv1d,nested_jvp,20260921,100,35.95186109561473,0.9101784229278564,1.0023850202560425,0.5771625638008118
kdv1d,nested_jvp,20260921,200,74.93084776215255,0.9214504361152649,1.0412451028823853,0.6553962826728821
kdv1d,nested_jvp,20260921,300,110.28808001987636,0.9350644946098328,1.064439058303833,0.556017279624939
kdv1d,nested_jvp,20260921,400,145.726941710338,0.9293266534805298,1.058415174484253,0.7043411135673523
kdv1d,nested_jvp,20260921,500,180.02998004294932,0.9257991313934326,1.0531072616577148,0.5338957905769348
kdv1d,nested_jvp,20260921,600,213.79975705128163,0.9299396276473999,1.0603195428848267,0.6121922731399536
kdv1d,nested_jvp,20260921,700,248.57607510127127,0.9187362194061279,1.0503207445144653,0.472980260848999
kdv1d,nested_jvp,20260921,800,285.55035198666155,0.9189102649688721,1.0485150814056396,0.4620746076107025
kdv1d,nested_jvp,20260921,900,320.06332050822675,0.917689859867096,1.0529961585998535,0.5399981141090393
kdv1d,nested_jvp,20260921,1000,354.14070639479905,0.9159168601036072,1.0531005859375,0.7564593553543091
kdv1d,nested_jvp,20260921,1100,388.58247355371714,0.9054778218269348,1.0364665985107422,0.4079749584197998
kdv1d,nested_jvp,20260921,1200,424.25734987389296,0.896563708782196,1.0294595956802368,0.5647881031036377
kdv1d,nested_jvp,20260921,1300,459.62504740897566,0.8795905709266663,1.0006238222122192,0.458371102809906
kdv1d,nested_jvp,20260921,1400,493.7479817904532,0.8647397756576538,0.9862009882926941,0.5210310220718384
kdv1d,nested_jvp,20260921,1500,529.7280346490443,0.8362642526626587,0.9429864287376404,0.5357624292373657
kdv1d,nested_jvp,20260921,1600,563.6756480466574,0.807341456413269,0.9081039428710938,0.5159000158309937
kdv1d,nested_jvp,20260921,1700,597.7447303198278,0.7879346013069153,0.8708619475364685,0.3954586684703827
kdv1d,nested_jvp,20260921,1800,631.8241549944505,0.7381466031074524,0.8093672394752502,0.39897748827934265
kdv1d,nested_jvp,20260921,1900,666.0847551850602,0.7025192379951477,0.7551815509796143,0.3476308584213257
kdv1d,nested_jvp,20260921,2000,700.9357294393703,0.6794255375862122,0.7281740307807922,0.3608190715312958
kdv1d,nested_jvp,20260921,2100,737.6424022121355,0.6564409732818604,0.6935890316963196,0.35164257884025574
kdv1d,nested_jvp,20260921,2200,771.5961712580174,0.6349684596061707,0.6651102304458618,0.27539700269699097
kdv1d,nested_jvp,20260921,2300,805.247962272726,0.6219756603240967,0.6498445272445679,0.33547043800354004
kdv1d,nested_jvp,20260921,2400,839.4256744654849,0.6060768365859985,0.6340947151184082,0.27583926916122437
kdv1d,nested_jvp,20260921,2500,875.0385649474338,0.5926434397697449,0.6212233304977417,0.2845538854598999
kdv1d,nested_jvp,20260921,2600,908.9910366153345,0.5814930200576782,0.6114270091056824,0.34832993149757385
kdv1d,nested_jvp,20260921,2700,942.9406615309417,0.5699120759963989,0.6018707156181335,0.24441242218017578
kdv1d,nested_jvp,20260921,2800,978.4151933137327,0.5583289265632629,0.5932785272598267,0.2499500811100006
kdv1d,nested_jvp,20260921,2900,1014.2982938531786,0.5467099547386169,0.5855599641799927,0.28509366512298584
kdv1d,nested_jvp,20260921,3000,1049.122694985941,0.5339298844337463,0.5760205388069153,0.18618743121623993
kdv1d,nested_jvp,20260921,3100,1084.4515826143324,0.5219168066978455,0.5733086466789246,0.21696940064430237
kdv1d,nested_jvp,20260921,3200,1120.353017795831,0.5091150403022766,0.5654326677322388,0.19310440123081207
kdv1d,nested_jvp,20260921,3300,1157.902573833242,0.4968133270740509,0.5636828541755676,0.16373476386070251
kdv1d,nested_jvp,20260921,3400,1192.6352655291557,0.48614364862442017,0.5636504888534546,0.18603594601154327
kdv1d,nested_jvp,20260921,3500,1228.9853458767757,0.47509634494781494,0.5620574355125427,0.20753085613250732
kdv1d,nested_jvp,20260921,3600,1264.4417044473812,0.46316713094711304,0.5579618215560913,0.15542763471603394
kdv1d,nested_jvp,20260921,3700,1300.260886348784,0.4587065577507019,0.567354142665863,0.1428113430738449
kdv1d,nested_jvp,20260921,3800,1334.9938648445532,0.44679248332977295,0.5596284866333008,0.13057278096675873
kdv1d,nested_jvp,20260921,3900,1368.495023005642,0.445718377828598,0.5732178688049316,0.12964898347854614
kdv1d,nested_jvp,20260921,4000,1404.181921995245,0.436807781457901,0.5695468783378601,0.09952366352081299
kdv1d,nested_jvp,20260921,4100,1438.3118635974824,0.4327852129936218,0.5746538639068604,0.11402464658021927
kdv1d,nested_jvp,20260921,4200,1473.5652383798733,0.4315357208251953,0.5813680291175842,0.08743936568498611
kdv1d,nested_jvp,20260921,4300,1507.0577070452273,0.42857563495635986,0.5834223628044128,0.12040631473064423
kdv1d,nested_jvp,20260921,4400,1541.5289961360395,0.42345306277275085,0.5813876390457153,0.13012050092220306
kdv1d,nested_jvp,20260921,4500,1575.0329349581152,0.4229457974433899,0.5842041373252869,0.09000016748905182
kdv1d,nested_jvp,20260921,4600,1608.583892116323,0.41914162039756775,0.5835667252540588,0.06293633580207825
kdv1d,nested_jvp,20260921,4700,1643.3549470724538,0.41522666811943054,0.5808412432670593,0.0772843286395073
kdv1d,nested_jvp,20260921,4800,1678.8068890925497,0.4105575680732727,0.5764966607093811,0.08133502304553986
kdv1d,nested_jvp,20260921,4900,1712.7924817251042,0.4070306122303009,0.5733940005302429,0.09220616519451141
kdv1d,nested_jvp,20260921,5000,1746.7746459199116,0.4008604884147644,0.5652518272399902,0.06751779466867447
kdv1d,nested_jvp,20260921,5100,1778.8207766832784,0.4020253121852875,0.5666877031326294,0.06568542122840881
kdv1d,nested_jvp,20260921,5200,1813.264842593111,0.3923613727092743,0.5532569885253906,0.061798594892024994
kdv1d,nested_jvp,20260921,5300,1846.880997179076,0.386581689119339,0.5456501245498657,0.08176181465387344
kdv1d,nested_jvp,20260921,5400,1879.1355345081538,0.3826327919960022,0.5403711199760437,0.07286098599433899
kdv1d,nested_jvp,20260921,5500,1912.934014685452,0.3781019449234009,0.5336143374443054,0.0914798229932785
kdv1d,nested_jvp,20260921,5600,1947.013926296495,0.3719266355037689,0.5243695974349976,0.06505507230758667
kdv1d,nested_jvp,20260921,5700,1979.523118212819,0.36417654156684875,0.5131809115409851,0.05482683703303337
kdv1d,nested_jvp,20260921,5800,2014.0752641065046,0.35975271463394165,0.5062378644943237,0.049606841057538986
kdv1d,nested_jvp,20260921,5900,2049.157632046379,0.35368970036506653,0.4972621202468872,0.05137030407786369
kdv1d,nested_jvp,20260921,6000,2084.313664955087,0.34816262125968933,0.4888613224029541,0.05743305757641792
kdv1d,nested_jvp,20260921,6100,2118.9221516605467,0.34364980459213257,0.4816827178001404,0.06295134872198105
kdv1d,nested_jvp,20260921,6200,2154.0808132681996,0.3372516930103302,0.47188034653663635,0.05174805223941803
kdv1d,nested_jvp,20260921,6300,2187.481425119564,0.33138713240623474,0.4624902009963989,0.0390227772295475
kdv1d,nested_jvp,20260921,6400,2221.4368941951543,0.3238441050052643,0.45175257325172424,0.054377708584070206
kdv1d,nested_jvp,20260921,6500,2254.7412752071396,0.3195180594921112,0.44445955753326416,0.061712346971035004
kdv1d,nested_jvp,20260921,6600,2290.163938566111,0.3148220479488373,0.4372744560241699,0.051937419921159744
kdv1d,nested_jvp,20260921,6700,2324.5505546191707,0.30783611536026,0.42695343494415283,0.03889003396034241
kdv1d,nested_jvp,20260921,6800,2358.054781632498,0.302495539188385,0.41860252618789673,0.04380238801240921
kdv1d,nested_jvp,20260921,6900,2391.9994609039277,0.2979033291339874,0.4114760458469391,0.04598715156316757
kdv1d,nested_jvp,20260921,7000,2425.5750841181725,0.290734201669693,0.4014154374599457,0.04628812521696091
kdv1d,nested_jvp,20260921,7100,2459.6490111388266,0.2833411991596222,0.38974475860595703,0.05557199940085411
kdv1d,nested_jvp,20260921,7200,2494.1487988838926,0.2793585956096649,0.384686142206192,0.032997820526361465
kdv1d,nested_jvp,20260921,7300,2529.5103011438623,0.27254340052604675,0.3747903108596802,0.03849010542035103
kdv1d,nested_jvp,20260921,7400,2562.7303863111883,0.26702117919921875,0.3670298755168915,0.03324098140001297
kdv1d,nested_jvp,20260921,7500,2595.422861494124,0.2586057782173157,0.3561820983886719,0.03387219086289406
kdv1d,nested_jvp,20260921,7600,2630.419245648198,0.2559213638305664,0.3523264527320862,0.026811202988028526
kdv1d,nested_jvp,20260921,7700,2663.3788190996274,0.24846844375133514,0.3431551158428192,0.030065715312957764
kdv1d,nested_jvp,20260921,7800,2697.511992966756,0.2412089705467224,0.3342432379722595,0.031024977564811707
kdv1d,nested_jvp,20260921,7900,2729.3438364574686,0.2358054220676422,0.3262988328933716,0.024161625653505325
kdv1d,nested_jvp,20260921,8000,2762.1689835982397,0.22956913709640503,0.3190512955188751,0.029140474274754524
kdv1d,nested_jvp,20260921,8100,2795.6335475761443,0.2211049199104309,0.3084467947483063,0.023849882185459137
kdv1d,nested_jvp,20260921,8200,2830.018970062956,0.21349157392978668,0.298904687166214,0.01902749203145504
kdv1d,nested_jvp,20260921,8300,2862.499197119847,0.2075929343700409,0.2913491427898407,0.019871888682246208
kdv1d,nested_jvp,20260921,8400,2897.697890800424,0.1990818828344345,0.28100666403770447,0.01925070770084858
kdv1d,nested_jvp,20260921,8500,2932.5299151977524,0.19087623059749603,0.2710516154766083,0.020811382681131363
kdv1d,nested_jvp,20260921,8600,2965.7659078296274,0.1837141513824463,0.26180770993232727,0.01865033619105816
kdv1d,nested_jvp,20260921,8700,2998.7918285187334,0.17482875287532806,0.2510600984096527,0.01580384001135826
kdv1d,nested_jvp,20260921,8800,3032.640642293729,0.16752274334430695,0.2416924685239792,0.014913615770637989
kdv1d,nested_jvp,20260921,8900,3067.9271232755855,0.1583411693572998,0.22996515035629272,0.014717178419232368
kdv1d,nested_jvp,20260921,9000,3101.2086282176897,0.14791186153888702,0.21723678708076477,0.010724208317697048
kdv1d,nested_jvp,20260921,9100,3134.219545691274,0.13925080001354218,0.20629152655601501,0.008478463627398014
kdv1d,nested_jvp,20260921,9200,3168.494677064009,0.1310754269361496,0.1959076076745987,0.008151541464030743
kdv1d,nested_jvp,20260921,9300,3202.2924312464893,0.1212754175066948,0.18423232436180115,0.00652341777458787
kdv1d,nested_jvp,20260921,9400,3235.7515012435615,0.11359045654535294,0.17369282245635986,0.006772259715944529
kdv1d,nested_jvp,20260921,9500,3266.734180212021,0.10441973805427551,0.16290630400180817,0.005462467670440674
kdv1d,nested_jvp,20260921,9600,3300.155408960767,0.09558390825986862,0.15202650427818298,0.003843362908810377
kdv1d,nested_jvp,20260921,9700,3331.3303530793637,0.08695622533559799,0.14164775609970093,0.0030898889526724815
kdv1d,nested_jvp,20260921,9800,3364.1945810243487,0.08082059770822525,0.133402481675148,0.002700917422771454
kdv1d,nested_jvp,20260921,9900,3395.750650547445,0.07353336364030838,0.12418217211961746,0.00210866192355752
kdv1d,nested_jvp,20260921,10000,3429.8852789681405,0.0676199272274971,0.11645574122667313,0.0020164507441222668
kdv1d,nested_jvp,20260921,10100,3467.013636776246,0.06238366290926933,0.10963045060634613,0.001392664504237473
kdv1d,nested_jvp,20260921,10200,3499.4845155244693,0.057567305862903595,0.10314466059207916,0.0012517244322225451
kdv1d,nested_jvp,20260921,10300,3533.079920739867,0.05358539894223213,0.09753045439720154,0.0009945813799276948
kdv1d,nested_jvp,20260921,10400,3565.241982318461,0.05066746100783348,0.09296242147684097,0.0009364723809994757
kdv1d,nested_jvp,20260921,10500,3598.524432663806,0.04777918756008148,0.0887896940112114,0.0008817126508802176
kdv1d,nested_jvp,20260921,10600,3630.801163399592,0.04560894891619682,0.08518040180206299,0.0006894616526551545
kdv1d,nested_jvp,20260921,10700,3664.010839167051,0.04332280531525612,0.08168491721153259,0.0007618379313498735
kdv1d,nested_jvp,20260921,10800,3698.124991359189,0.04164421185851097,0.0787535309791565,0.0006437634001486003
kdv1d,nested_jvp,20260921,10900,3732.18471551314,0.04033619910478592,0.07636154443025589,0.0006684891413897276
kdv1d,nested_jvp,20260921,11000,3768.0199300162494,0.03881097584962845,0.07368823140859604,0.0005165184265933931
kdv1d,nested_jvp,20260921,11100,3800.266898872331,0.037403374910354614,0.0712558776140213,0.00042293797014281154
kdv1d,nested_jvp,20260921,11200,3836.091567831114,0.036412760615348816,0.0692814290523529,0.0005100793205201626
kdv1d,nested_jvp,20260921,11300,3870.4234959911555,0.03512144461274147,0.06709087640047073,0.0003953274863306433
kdv1d,nested_jvp,20260921,11400,3905.3721184199676,0.03447916358709335,0.06555559486150742,0.0004311836964916438
kdv1d,nested_jvp,20260921,11500,3939.8463592836633,0.033171944320201874,0.06344273686408997,0.0003762543201446533
kdv1d,nested_jvp,20260921,11600,3973.80616499763,0.03234134614467621,0.06191040202975273,0.00039063976146280766
kdv1d,nested_jvp,20260921,11700,4006.9485447835177,0.031468141824007034,0.06038250774145126,0.00035014160675927997
kdv1d,nested_jvp,20260921,11800,4042.846306127496,0.03098435327410698,0.05904477462172508,0.00038678551209159195
kdv1d,nested_jvp,20260921,11900,4077.4196166582406,0.030082453042268753,0.05752882361412048,0.0003547032247297466
kdv1d,nested_jvp,20260921,12000,4109.03706008289,0.029010137543082237,0.055910203605890274,0.00025708641624078155
kdv1d,nested_jvp,20260921,12100,4144.384331270121,0.028462359681725502,0.05475911498069763,0.000284986337646842
kdv1d,nested_jvp,20260921,12200,4177.971169219352,0.028081445023417473,0.05365680530667305,0.0002880973042920232
kdv1d,nested_jvp,20260921,12300,4211.416813977994,0.027403416112065315,0.05249616503715515,0.00028098103939555585
kdv1d,nested_jvp,20260921,12400,4244.9569850424305,0.026791317388415337,0.05122637376189232,0.0002594617835711688
kdv1d,nested_jvp,20260921,12500,4278.431838868186,0.02598848193883896,0.05007337033748627,0.0002678189193829894
kdv1d,nested_jvp,20260921,12600,4309.239015291445,0.02543479949235916,0.04909459501504898,0.0002414478367427364
kdv1d,nested_jvp,20260921,12700,4341.318021791056,0.025329258292913437,0.04838819056749344,0.00022331957006826997
kdv1d,nested_jvp,20260921,12800,4374.972594136372,0.024648617953062057,0.04717382416129112,0.00021959008881822228
kdv1d,nested_jvp,20260921,12900,4407.309448611923,0.02389204129576683,0.04589339345693588,0.00020906823920086026
kdv1d,nested_jvp,20260921,13000,4438.975990409963,0.02338367886841297,0.045037589967250824,0.00022585575061384588
kdv1d,nested_jvp,20260921,13100,4473.7397272391245,0.022915638983249664,0.0441812165081501,0.00018716273189056665
kdv1d,nested_jvp,20260921,13200,4507.627632506192,0.022173475474119186,0.042877718806266785,0.00016459848848171532
kdv1d,nested_jvp,20260921,13300,4539.001150146127,0.022097256034612656,0.04233403131365776,0.00019142855308018625
kdv1d,nested_jvp,20260921,13400,4570.078208330087,0.021598240360617638,0.041249219328165054,0.00021651282440871
kdv1d,nested_jvp,20260921,13500,4603.021039683372,0.02078482136130333,0.04029432684183121,0.0001818154560169205
kdv1d,nested_jvp,20260921,13600,4634.801817690022,0.020085345953702927,0.039012860506772995,0.00016321793373208493
kdv1d,nested_jvp,20260921,13700,4668.420819398947,0.019630031660199165,0.038196999579668045,0.00017008816939778626
kdv1d,nested_jvp,20260921,13800,4702.036055681296,0.01917860098183155,0.03720039129257202,0.00015260941290762275
kdv1d,nested_jvp,20260921,13900,4733.919757215306,0.018420452252030373,0.0360240712761879,0.0001530185982119292
kdv1d,nested_jvp,20260921,14000,4764.956877216697,0.01797965168952942,0.03530514985322952,0.0001323296601185575
kdv1d,nested_jvp,20260921,14100,4798.123059206642,0.017789632081985474,0.03452298790216446,0.00013988294813316315
kdv1d,nested_jvp,20260921,14200,4832.77094126679,0.017205113545060158,0.0335032194852829,0.00013448676327243447
kdv1d,nested_jvp,20260921,14300,4869.707424479537,0.01676071062684059,0.03251931816339493,0.00011328747496008873
kdv1d,nested_jvp,20260921,14400,4903.100875213742,0.016314465552568436,0.031717706471681595,0.00010088808630825952
kdv1d,nested_jvp,20260921,14500,4937.760729524307,0.01587410643696785,0.030941301956772804,0.00011387721315259114
kdv1d,nested_jvp,20260921,14600,4969.300474158488,0.015439948998391628,0.029910873621702194,8.649975643493235e-05
kdv1d,nested_jvp,20260921,14700,5003.220466535538,0.014925353229045868,0.028981518000364304,8.769090345595032e-05
kdv1d,nested_jvp,20260921,14800,5037.263380562887,0.014584486372768879,0.028239229694008827,0.00011170759535161778
kdv1d,nested_jvp,20260921,14900,5070.79635027051,0.014225763268768787,0.027463510632514954,9.911802771966904e-05
kdv1d,nested_jvp,20260921,15000,5102.631630465388,0.013645133003592491,0.026527373120188713,9.114117710851133e-05
kdv1d,nested_jvp,20260921,15100,5134.835000045598,0.013070612214505672,0.025580869987607002,9.149893594440073e-05
kdv1d,nested_jvp,20260921,15200,5167.98058024887,0.012809278443455696,0.02506590075790882,8.138349949149415e-05
kdv1d,nested_jvp,20260921,15300,5198.721771657467,0.012642703019082546,0.02446327544748783,7.617739902343601e-05
kdv1d,nested_jvp,20260921,15400,5231.556192062795,0.012030232697725296,0.02351263538002968,7.899058982729912e-05
kdv1d,nested_jvp,20260921,15500,5270.361066364683,0.012132433243095875,0.023164497688412666,7.747857307549566e-05
kdv1d,nested_jvp,20260921,15600,5305.043601106852,0.012160688638687134,0.02270638383924961,7.349705992965028e-05
kdv1d,nested_jvp,20260921,15700,5336.9865183234215,0.01162912417203188,0.02187815122306347,7.43592026992701e-05
kdv1d,nested_jvp,20260921,15800,5369.921344110742,0.0117403669282794,0.021653860807418823,6.688157009193674e-05
kdv1d,nested_jvp,20260921,15900,5404.764658988453,0.011218860745429993,0.02102409489452839,6.29732821835205e-05
kdv1d,nested_jvp,20260921,16000,5437.676894518547,0.010724829509854317,0.020271582528948784,6.176630995469168e-05
kdv1d,nested_jvp,20260921,16100,5471.742101509124,0.010694085620343685,0.019853532314300537,6.804925214964896e-05
kdv1d,nested_jvp,20260921,16200,5504.315620055422,0.0103395264595747,0.01936817541718483,6.769342871848494e-05
kdv1d,nested_jvp,20260921,16300,5537.286977916025,0.010510207153856754,0.019284365698695183,6.304409180302173e-05
kdv1d,nested_jvp,20260921,16400,5570.022469342686,0.010093324817717075,0.018564144149422646,5.161049193702638e-05
kdv1d,nested_jvp,20260921,16500,5603.050433728844,0.009909101761877537,0.018182989209890366,5.7053708587773144e-05
kdv1d,nested_jvp,20260921,16600,5635.340297894552,0.009654679335653782,0.017924852669239044,5.896743823541328e-05
kdv1d,nested_jvp,20260921,16700,5669.57753550075,0.009858331643044949,0.017808282747864723,5.5564345530001447e-05
kdv1d,nested_jvp,20260921,16800,5705.174407883547,0.009182551875710487,0.017030460759997368,6.309639138635248e-05
kdv1d,nested_jvp,20260921,16900,5740.602515428327,0.009413911029696465,0.016991520300507545,5.489114482770674e-05
kdv1d,nested_jvp,20260921,17000,5773.329343626276,0.009086808189749718,0.016617735847830772,4.8659538151696324e-05
kdv1d,nested_jvp,20260921,17100,5805.345231000334,0.008773340843617916,0.01610996574163437,5.35014332854189e-05
kdv1d,nested_jvp,20260921,17200,5838.6553013511,0.008515465073287487,0.015747282654047012,5.287583917379379e-05
kdv1d,nested_jvp,20260921,17300,5872.004494832829,0.008890839293599129,0.015914086252450943,4.914752935292199e-05
kdv1d,nested_jvp,20260921,17400,5904.259098473936,0.00875706784427166,0.01564967818558216,5.4300526244333014e-05
kdv1d,nested_jvp,20260921,17500,5936.472720058635,0.009028719738125801,0.015850311145186424,4.4101205276092514e-05
kdv1d,nested_jvp,20260921,17600,5972.752878397703,0.00866345688700676,0.015178206376731396,4.4959335355088115e-05
kdv1d,nested_jvp,20260921,17700,6005.749666513875,0.008445792831480503,0.01486252062022686,4.5838267396902665e-05
kdv1d,nested_jvp,20260921,17800,6041.533724914305,0.008876850828528404,0.015227660536766052,4.839964094571769e-05
kdv1d,nested_jvp,20260921,17900,6077.662514582276,0.00803554616868496,0.014406388625502586,4.5678378228330985e-05
kdv1d,nested_jvp,20260921,18000,6109.32434818428,0.00797292124480009,0.014193542301654816,5.142568988958374e-05
kdv1d,nested_jvp,20260921,18100,6144.147385007702,0.007599461358040571,0.013716841116547585,4.0518647438148037e-05
kdv1d,nested_jvp,20260921,18200,6175.384927017614,0.007831555791199207,0.013915037736296654,3.6189070669934154e-05
kdv1d,nested_jvp,20260921,18300,6208.138392090797,0.007999223656952381,0.013967770151793957,4.386285581858829e-05
kdv1d,nested_jvp,20260921,18400,6241.644283020869,0.007729272823780775,0.013657464645802975,3.622545409598388e-05
kdv1d,nested_jvp,20260921,18500,6276.434980037622,0.007600781042128801,0.013324130326509476,4.429457112564705e-05
kdv1d,nested_jvp,20260921,18600,6309.095300022513,0.007795298472046852,0.013532817363739014,3.487338835839182e-05
kdv1d,nested_jvp,20260921,18700,6341.113009193912,0.007349694147706032,0.01308483351022005,3.787410969380289e-05
kdv1d,nested_jvp,20260921,18800,6374.285921365954,0.007690364494919777,0.013228967785835266,3.876052869600244e-05
kdv1d,nested_jvp,20260921,18900,6409.999759687111,0.007699780166149139,0.01325088832527399,4.057600744999945e-05
kdv1d,nested_jvp,20260921,19000,6442.334031234495,0.007355027366429567,0.012840667739510536,3.321715848869644e-05
kdv1d,nested_jvp,20260921,19100,6473.748828689568,0.0074211470782756805,0.01289681438356638,3.689728691824712e-05
kdv1d,nested_jvp,20260921,19200,6508.912445086986,0.007043518591672182,0.012536343187093735,3.459977961028926e-05
kdv1d,nested_jvp,20260921,19300,6543.750279457308,0.007072857581079006,0.012328281998634338,3.4135340683860704e-05
kdv1d,nested_jvp,20260921,19400,6575.992218544707,0.006890228949487209,0.012043165042996407,3.562880010576919e-05
kdv1d,nested_jvp,20260921,19500,6610.087279112078,0.006860540714114904,0.012124533765017986,3.1220115488395095e-05
kdv1d,nested_jvp,20260921,19600,6641.991606832482,0.00661429762840271,0.011725825257599354,3.3367585274390876e-05
kdv1d,nested_jvp,20260921,19700,6674.262939292006,0.006772797089070082,0.011833292432129383,3.617978291003965e-05
kdv1d,nested_jvp,20260921,19800,6710.817309962586,0.0068640271201729774,0.011876104399561882,3.494905467960052e-05
kdv1d,nested_jvp,20260921,19900,6741.25817372743,0.006613647099584341,0.011592619121074677,3.2026448025135323e-05
kdv1d,nested_jvp,20260921,20000,6772.789777671918,0.006483573000878096,0.011458982713520527,2.979452438012231e-05
kdv1d,nested_jvp,20260921,20100,6807.657430684194,0.006295293103903532,0.01105710119009018,3.2578594982624054e-05
kdv1d,nested_jvp,20260921,20200,6839.53099535685,0.006765317637473345,0.011452551931142807,2.9619364795507863e-05
kdv1d,nested_jvp,20260921,20300,6875.612127945758,0.0063885170966386795,0.011278999969363213,2.7280981157673523e-05
kdv1d,nested_jvp,20260921,20400,6906.561665479094,0.006375597324222326,0.0110397944226861,2.974199378513731e-05
kdv1d,nested_jvp,20260921,20500,6941.920488554053,0.006592756602913141,0.011228869669139385,2.4508772185072303e-05
kdv1d,nested_jvp,20260921,20600,6976.518346312456,0.006353470962494612,0.011002597399055958,2.9246490157674998e-05
kdv1d,nested_jvp,20260921,20700,7011.010605189949,0.0059715257957577705,0.010479890741407871,2.9855131288059056e-05
kdv1d,nested_jvp,20260921,20800,7042.743730784394,0.006229901220649481,0.010854925960302353,2.344934910070151e-05
kdv1d,nested_jvp,20260921,20900,7075.016338281333,0.00611183000728488,0.010607419535517693,2.3352709831669927e-05
kdv1d,nested_jvp,20260921,21000,7108.721888325177,0.006137144286185503,0.010558050125837326,2.245066934847273e-05
kdv1d,nested_jvp,20260921,21100,7140.095567194745,0.005953331012278795,0.010328889824450016,2.648207919264678e-05
kdv1d,nested_jvp,20260921,21200,7171.700414137915,0.0060579897835850716,0.010387597605586052,2.4818838937790133e-05
kdv1d,nested_jvp,20260921,21300,7202.720226477832,0.006048733368515968,0.010469550266861916,3.105220457655378e-05
kdv1d,nested_jvp,20260921,21400,7237.232353805564,0.005637504626065493,0.009931586682796478,2.6156389139941894e-05
kdv1d,nested_jvp,20260921,21500,7271.909110245295,0.005712723825126886,0.00998102966696024,2.366843182244338e-05
kdv1d,nested_jvp,20260921,21600,7305.711179240607,0.0055850292555987835,0.009911824017763138,2.716179733397439e-05
kdv1d,nested_jvp,20260921,21700,7338.230835782364,0.005557581316679716,0.009758863598108292,2.400319317530375e-05
kdv1d,nested_jvp,20260921,21800,7372.337146086618,0.005829977802932262,0.009915057569742203,2.6640678697731346e-05
kdv1d,nested_jvp,20260921,21900,7403.876768833026,0.005504535045474768,0.009669845923781395,2.3763557692291215e-05
kdv1d,nested_jvp,20260921,22000,7437.556731340475,0.005263234954327345,0.009345421567559242,2.4535793272661977e-05
kdv1d,nested_jvp,20260921,22100,7471.700770053081,0.005393644794821739,0.0094895139336586,2.3234895706991665e-05
kdv1d,nested_jvp,20260921,22200,7506.686026380397,0.00535890506580472,0.009399645030498505,2.0309420506237075e-05
kdv1d,nested_jvp,20260921,22300,7542.229705363512,0.005505476146936417,0.009509414434432983,2.5373192329425365e-05
kdv1d,nested_jvp,20260921,22400,7572.972857311368,0.005362779833376408,0.00923672504723072,2.057178608083632e-05
kdv1d,nested_jvp,20260921,22500,7605.060766364448,0.005450391210615635,0.009365526027977467,2.0733088604174554e-05
kdv1d,nested_jvp,20260921,22600,7638.93439812772,0.005571025889366865,0.0093332938849926,2.1383570128818974e-05
kdv1d,nested_jvp,20260921,22700,7670.629094618373,0.004804365336894989,0.008635831996798515,1.87889309017919e-05
kdv1d,nested_jvp,20260921,22800,7701.759326747619,0.005077005829662085,0.00880379881709814,1.9667782908072695e-05
kdv1d,nested_jvp,20260921,22900,7733.602707642131,0.004790416453033686,0.00850466825067997,2.1383795683505014e-05
kdv1d,nested_jvp,20260921,23000,7766.59778415598,0.005020353477448225,0.008757666684687138,2.3813850930309854e-05
kdv1d,nested_jvp,20260921,23100,7801.137183651328,0.00489259185269475,0.008583945222198963,2.2386830096365884e-05
kdv1d,nested_jvp,20260921,23200,7835.018549453467,0.0050304424948990345,0.008685042150318623,2.033495002251584e-05
kdv1d,nested_jvp,20260921,23300,7868.295120730065,0.004662470426410437,0.008272419683635235,1.9706134480657056e-05
kdv1d,nested_jvp,20260921,23400,7901.105599472299,0.0047648511826992035,0.00832563079893589,2.090725138259586e-05
kdv1d,nested_jvp,20260921,23500,7931.541903289035,0.004765443503856659,0.008406260050833225,1.9254975995863788e-05
kdv1d,nested_jvp,20260921,23600,7963.785209085792,0.004607466980814934,0.008195251226425171,2.0871693777735345e-05
kdv1d,nested_jvp,20260921,23700,7996.268524344079,0.004799263086169958,0.008312481455504894,2.241465335828252e-05
kdv1d,nested_jvp,20260921,23800,8029.640292441472,0.004857412539422512,0.008349007926881313,1.548246291349642e-05
kdv1d,nested_jvp,20260921,23900,8062.2312628515065,0.004716154653578997,0.008121673949062824,2.007736657105852e-05
kdv1d,nested_jvp,20260921,24000,8094.841883922927,0.004472426604479551,0.007972817867994308,1.563710975460708e-05
kdv1d,nested_jvp,20260921,24100,8127.751191076823,0.004268788266927004,0.007599179167300463,1.8462198568158783e-05
kdv1d,nested_jvp,20260921,24200,8163.282568140887,0.004579135682433844,0.007937513291835785,1.6399977539549582e-05
kdv1d,nested_jvp,20260921,24300,8196.07320431713,0.004418462049216032,0.007688126061111689,1.7396861949237064e-05
kdv1d,nested_jvp,20260921,24400,8227.717141926289,0.004386988468468189,0.007670525927096605,1.8386466763331555e-05
kdv1d,nested_jvp,20260921,24500,8261.904388201423,0.0043930779211223125,0.007760937325656414,1.7956970623345114e-05
kdv1d,nested_jvp,20260921,24600,8297.21322497353,0.004198297392576933,0.007442329078912735,1.558010080771055e-05
kdv1d,nested_jvp,20260921,24700,8330.722652543336,0.004149050917476416,0.00734740262851119,1.8592709238873795e-05
kdv1d,nested_jvp,20260921,24800,8370.155026515946,0.003990478813648224,0.0072175124660134315,1.5352936316048726e-05
kdv1d,nested_jvp,20260921,24900,8403.741043243557,0.004534262232482433,0.007788230199366808,1.756468554958701e-05
kdv1d,nested_jvp,20260921,25000,8435.979834023863,0.0041602677665650845,0.007338124327361584,1.3029379260842688e-05
kdv1d,shared_jet_linear,20260921,0,0.0,0.9821175932884216,1.0397073030471802,
kdv1d,shared_jet_linear,20260921,100,4.697294447571039,0.9101784229278564,1.0023850202560425,0.577162504196167
kdv1d,shared_jet_linear,20260921,200,8.860585447400808,0.9214504361152649,1.0412451028823853,0.6553962826728821
kdv1d,shared_jet_linear,20260921,300,13.615267436020076,0.9350644946098328,1.064439058303833,0.556017279624939
kdv1d,shared_jet_linear,20260921,400,17.730368968099356,0.9293266534805298,1.058415174484253,0.7043411135673523
kdv1d,shared_jet_linear,20260921,500,21.877928133122623,0.9257991313934326,1.0531072616577148,0.5338957905769348
kdv1d,shared_jet_linear,20260921,600,26.347515025176108,0.9299396276473999,1.0603195428848267,0.6121922731399536
kdv1d,shared_jet_linear,20260921,700,30.782008731737733,0.9187362194061279,1.0503207445144653,0.472980260848999
kdv1d,shared_jet_linear,20260921,800,35.17480378597975,0.9189103245735168,1.0485150814056396,0.46207451820373535
kdv1d,shared_jet_linear,20260921,900,39.878010392189026,0.917689859867096,1.0529961585998535,0.5399981141090393
kdv1d,shared_jet_linear,20260921,1000,44.59400392509997,0.9159168601036072,1.0531005859375,0.7564593553543091
kdv1d,shared_jet_linear,20260921,1100,49.24567078333348,0.9054778218269348,1.0364665985107422,0.4079749584197998
kdv1d,shared_jet_linear,20260921,1200,53.33248693309724,0.896563708782196,1.0294595956802368,0.5647881031036377
kdv1d,shared_jet_linear,20260921,1300,57.43026011250913,0.8795905709266663,1.0006238222122192,0.458371102809906
kdv1d,shared_jet_linear,20260921,1400,61.56087381299585,0.8647398352622986,0.9862009882926941,0.5210310220718384
kdv1d,shared_jet_linear,20260921,1500,65.68565724790096,0.8362642526626587,0.9429864287376404,0.5357624888420105
kdv1d,shared_jet_linear,20260921,1600,69.83226200472564,0.807341456413269,0.9081039428710938,0.5158999562263489
kdv1d,shared_jet_linear,20260921,1700,74.04036928527057,0.7879346013069153,0.8708619475364685,0.3954586684703827
kdv1d,shared_jet_linear,20260921,1800,78.17891661450267,0.7381466031074524,0.8093672394752502,0.39897748827934265
kdv1d,shared_jet_linear,20260921,1900,82.3387529021129,0.7025192379951477,0.755181610584259,0.3476308584213257
kdv1d,shared_jet_linear,20260921,2000,86.99016877263784,0.6794255375862122,0.7281740307807922,0.3608190715312958
kdv1d,shared_jet_linear,20260921,2100,91.5814824923873,0.6564409732818604,0.6935889720916748,0.35164254903793335
kdv1d,shared_jet_linear,20260921,2200,96.11424203682691,0.6349684596061707,0.6651102304458618,0.27539700269699097
kdv1d,shared_jet_linear,20260921,2300,100.2358261551708,0.6219756603240967,0.6498445272445679,0.33547043800354004
kdv1d,shared_jet_linear,20260921,2400,104.37110570911318,0.6060768365859985,0.6340947151184082,0.27583926916122437
kdv1d,shared_jet_linear,20260921,2500,108.5321183335036,0.5926434397697449,0.6212233304977417,0.2845538556575775
kdv1d,shared_jet_linear,20260921,2600,112.69096085429192,0.5814930200576782,0.6114270091056824,0.3483298718929291
kdv1d,shared_jet_linear,20260921,2700,116.8342823991552,0.5699120759963989,0.6018707156181335,0.2444123923778534
kdv1d,shared_jet_linear,20260921,2800,121.14625985734165,0.5583289265632629,0.5932785272598267,0.2499500960111618
kdv1d,shared_jet_linear,20260921,2900,126.31296795792878,0.5467099547386169,0.5855599641799927,0.2850937247276306
kdv1d,shared_jet_linear,20260921,3000,131.029610671103,0.5339298844337463,0.5760205388069153,0.18618744611740112
kdv1d,shared_jet_linear,20260921,3100,135.78853298630565,0.5219168066978455,0.5733086466789246,0.21696943044662476
kdv1d,shared_jet_linear,20260921,3200,140.47913394775242,0.5091150403022766,0.5654327273368835,0.19310438632965088
kdv1d,shared_jet_linear,20260921,3300,144.9669340401888,0.4968133270740509,0.5636828541755676,0.1637347936630249
kdv1d,shared_jet_linear,20260921,3400,149.05855391174555,0.48614367842674255,0.5636504888534546,0.18603596091270447
kdv1d,shared_jet_linear,20260921,3500,154.36531104054302,0.47509637475013733,0.5620574355125427,0.20753085613250732
kdv1d,shared_jet_linear,20260921,3600,159.66787308547646,0.4631671607494354,0.5579618215560913,0.15542764961719513
kdv1d,shared_jet_linear,20260921,3700,164.97874990850687,0.4587065875530243,0.567354142665863,0.1428113728761673
kdv1d,shared_jet_linear,20260921,3800,169.64778299350291,0.44679251313209534,0.5596284866333008,0.13057278096675873
kdv1d,shared_jet_linear,20260921,3900,173.74468834884465,0.445718377828598,0.5732178688049316,0.12964898347854614
kdv1d,shared_jet_linear,20260921,4000,177.8358886698261,0.436807781457901,0.5695468783378601,0.09952366352081299
kdv1d,shared_jet_linear,20260921,4100,181.92221742868423,0.4327852427959442,0.5746538043022156,0.11402464658021927
kdv1d,shared_jet_linear,20260921,4200,185.99952095281333,0.4315357208251953,0.5813680291175842,0.08743938058614731
kdv1d,shared_jet_linear,20260921,4300,190.08511786349118,0.42857563495635986,0.5834224224090576,0.12040632963180542
kdv1d,shared_jet_linear,20260921,4400,194.1756100365892,0.42345309257507324,0.5813876390457153,0.13012050092220306
kdv1d,shared_jet_linear,20260921,4500,198.25587972812355,0.4229457974433899,0.5842041373252869,0.09000016748905182
kdv1d,shared_jet_linear,20260921,4600,202.3495481358841,0.41914162039756775,0.5835667252540588,0.06293635815382004
kdv1d,shared_jet_linear,20260921,4700,206.44428033940494,0.41522669792175293,0.5808412432670593,0.07728434354066849
kdv1d,shared_jet_linear,20260921,4800,211.16430712398142,0.4105575978755951,0.5764967203140259,0.08133502304553986
kdv1d,shared_jet_linear,20260921,4900,215.94554014503956,0.4070306122303009,0.5733940601348877,0.09220615774393082
kdv1d,shared_jet_linear,20260921,5000,220.65266789030284,0.4008604884147644,0.565251886844635,0.06751778721809387
kdv1d,shared_jet_linear,20260921,5100,225.43708440009505,0.4020253121852875,0.5666877627372742,0.06568543612957001
kdv1d,shared_jet_linear,20260921,5200,230.21047180332243,0.3923613727092743,0.5532569885253906,0.06179859861731529
kdv1d,shared_jet_linear,20260921,5300,234.98732685577124,0.3865817189216614,0.5456501245498657,0.08176182955503464
kdv1d,shared_jet_linear,20260921,5400,239.60731877479702,0.3826327919960022,0.5403711199760437,0.07286097854375839
kdv1d,shared_jet_linear,20260921,5500,243.689143887721,0.37810197472572327,0.5336143374443054,0.0914798155426979
kdv1d,shared_jet_linear,20260921,5600,247.76673319097608,0.3719266653060913,0.5243695974349976,0.06505506485700607
kdv1d,shared_jet_linear,20260921,5700,252.8954236106947,0.36417660117149353,0.5131809711456299,0.054826829582452774
kdv1d,shared_jet_linear,20260921,5800,257.2477791560814,0.35975271463394165,0.5062378644943237,0.049606844782829285
kdv1d,shared_jet_linear,20260921,5900,261.46572377718985,0.35368970036506653,0.4972621500492096,0.051370300352573395
kdv1d,shared_jet_linear,20260921,6000,266.45970414951444,0.3481626510620117,0.4888613522052765,0.05743307247757912
kdv1d,shared_jet_linear,20260921,6100,271.17937372624874,0.34364980459213257,0.4816827178001404,0.06295135617256165
kdv1d,shared_jet_linear,20260921,6200,275.3872493756935,0.3372516930103302,0.47188037633895874,0.051748063415288925
kdv1d,shared_jet_linear,20260921,6300,279.52886809781194,0.33138713240623474,0.4624902009963989,0.0390227772295475
kdv1d,shared_jet_linear,20260921,6400,284.7942423764616,0.32384416460990906,0.45175257325172424,0.05437769740819931
kdv1d,shared_jet_linear,20260921,6500,289.7267873166129,0.3195180892944336,0.44445958733558655,0.0617123506963253
kdv1d,shared_jet_linear,20260921,6600,294.0870739175007,0.3148220479488373,0.4372744858264923,0.05193742737174034
kdv1d,shared_jet_linear,20260921,6700,298.35713016055524,0.30783611536026,0.42695343494415283,0.03889003396034241
kdv1d,shared_jet_linear,20260921,6800,302.83170544635504,0.302495539188385,0.41860252618789673,0.043802376836538315
kdv1d,shared_jet_linear,20260921,6900,307.56408875994384,0.2979033291339874,0.4114760458469391,0.04598715156316757
kdv1d,shared_jet_linear,20260921,7000,312.2311093406752,0.290734201669693,0.4014154374599457,0.04628812149167061
kdv1d,shared_jet_linear,20260921,7100,316.94132075458765,0.2833411991596222,0.38974475860595703,0.05557199940085411
kdv1d,shared_jet_linear,20260921,7200,321.64847631845623,0.2793586254119873,0.3846861720085144,0.03299782797694206
kdv1d,shared_jet_linear,20260921,7300,325.8761764969677,0.27254340052604675,0.3747903108596802,0.03849012032151222
kdv1d,shared_jet_linear,20260921,7400,331.0840516863391,0.26702117919921875,0.3670298755168915,0.03324098140001297
kdv1d,shared_jet_linear,20260921,7500,335.1510784290731,0.2586057782173157,0.3561820983886719,0.033872198313474655
kdv1d,shared_jet_linear,20260921,7600,339.2373047955334,0.2559213638305664,0.35232648253440857,0.026811206713318825
kdv1d,shared_jet_linear,20260921,7700,343.35318555962294,0.24846845865249634,0.3431551158428192,0.03006572276353836
kdv1d,shared_jet_linear,20260921,7800,347.44789378903806,0.2412089854478836,0.3342432379722595,0.031024981290102005
kdv1d,shared_jet_linear,20260921,7900,351.56881675031036,0.2358054220676422,0.3262988328933716,0.02416161820292473
kdv1d,shared_jet_linear,20260921,8000,355.7130890721455,0.22956915199756622,0.3190513253211975,0.029140478000044823
kdv1d,shared_jet_linear,20260921,8100,359.83447727560997,0.22110490500926971,0.3084467947483063,0.023849884048104286
kdv1d,shared_jet_linear,20260921,8200,363.96308199036866,0.21349158883094788,0.2989047169685364,0.019027482718229294
kdv1d,shared_jet_linear,20260921,8300,368.06136277038604,0.2075929343700409,0.2913491427898407,0.019871888682246208
kdv1d,shared_jet_linear,20260921,8400,372.1897904984653,0.1990818828344345,0.28100666403770447,0.01925070770084858
kdv1d,shared_jet_linear,20260921,8500,376.29968407191336,0.19087627530097961,0.2710516154766083,0.020811380818486214
kdv1d,shared_jet_linear,20260921,8600,380.39549461659044,0.1837141513824463,0.26180770993232727,0.01865033060312271
kdv1d,shared_jet_linear,20260921,8700,384.99146032799035,0.17482875287532806,0.2510600984096527,0.015803836286067963
kdv1d,shared_jet_linear,20260921,8800,389.13446733076125,0.16752277314662933,0.2416924685239792,0.014913611114025116
kdv1d,shared_jet_linear,20260921,8900,393.23863697238266,0.1583411693572998,0.22996515035629272,0.014717177487909794
kdv1d,shared_jet_linear,20260921,9000,397.346459065564,0.14791186153888702,0.21723678708076477,0.010724211111664772
kdv1d,shared_jet_linear,20260921,9100,401.4688376681879,0.13925080001354218,0.20629151165485382,0.008478467352688313
kdv1d,shared_jet_linear,20260921,9200,405.5619099540636,0.1310754269361496,0.1959075927734375,0.00815153680741787
kdv1d,shared_jet_linear,20260921,9300,409.6283981828019,0.1212754100561142,0.18423230946063995,0.006523423828184605
kdv1d,shared_jet_linear,20260921,9400,414.2650942122564,0.11359044909477234,0.17369279265403748,0.006772258784621954
kdv1d,shared_jet_linear,20260921,9500,419.0520095489919,0.10441973805427551,0.16290630400180817,0.0054624672047793865
kdv1d,shared_jet_linear,20260921,9600,423.83280813507736,0.09558385610580444,0.15202642977237701,0.003843362908810377
kdv1d,shared_jet_linear,20260921,9700,428.6820476166904,0.08695624023675919,0.14164775609970093,0.0030898884870111942
kdv1d,shared_jet_linear,20260921,9800,432.9402564270422,0.08082057535648346,0.13340245187282562,0.0027009148616343737
kdv1d,shared_jet_linear,20260921,9900,437.0664328467101,0.07353336364030838,0.12418219447135925,0.00210866192355752
kdv1d,shared_jet_linear,20260921,10000,441.1917244428769,0.06761991232633591,0.11645573377609253,0.002016451908275485
kdv1d,shared_jet_linear,20260921,10100,445.54200864210725,0.06238366663455963,0.10963042825460434,0.0013926650863140821
kdv1d,shared_jet_linear,20260921,10200,449.64742111507803,0.057567298412323,0.10314463824033737,0.001251721871085465
kdv1d,shared_jet_linear,20260921,10300,453.7390186851844,0.05358538031578064,0.09753043204545975,0.0009945790516212583
kdv1d,shared_jet_linear,20260921,10400,458.4289999101311,0.050667449831962585,0.09296239167451859,0.0009364706347696483
kdv1d,shared_jet_linear,20260921,10500,463.8479908807203,0.04777919501066208,0.08878970146179199,0.0008817118359729648
kdv1d,shared_jet_linear,20260921,10600,469.21425524912775,0.045608941465616226,0.0851803869009018,0.0006894611869938672
kdv1d,shared_jet_linear,20260921,10700,474.5927932402119,0.04332278296351433,0.0816849023103714,0.0007618379313498735
kdv1d,shared_jet_linear,20260921,10800,479.9795372374356,0.04164420813322067,0.0787535235285759,0.0006437639240175486
kdv1d,shared_jet_linear,20260921,10900,485.37981250695884,0.04033619537949562,0.07636153697967529,0.0006684891995973885
kdv1d,shared_jet_linear,20260921,11000,490.8009850718081,0.03881096839904785,0.07368822395801544,0.0005165186012163758
kdv1d,shared_jet_linear,20260921,11100,496.19261444732547,0.03740338981151581,0.0712558925151825,0.00042293721344321966
kdv1d,shared_jet_linear,20260921,11200,501.62510125059634,0.036412741988897324,0.06928140670061111,0.0005100791458971798
kdv1d,shared_jet_linear,20260921,11300,507.3886659545824,0.03512143716216087,0.06709086149930954,0.0003953263512812555
kdv1d,shared_jet_linear,20260921,11400,512.7403357969597,0.03447916731238365,0.06555558741092682,0.0004311844822950661
kdv1d,shared_jet_linear,20260921,11500,518.1076809028164,0.03317194804549217,0.06344272941350937,0.00037625315599143505
kdv1d,shared_jet_linear,20260921,11600,523.4626340791583,0.032341331243515015,0.06191038340330124,0.0003906402562279254
kdv1d,shared_jet_linear,20260921,11700,528.860422231257,0.031468141824007034,0.06038250774145126,0.00035014224704355
kdv1d,shared_jet_linear,20260921,11800,534.2282427372411,0.030984319746494293,0.0590447336435318,0.00038678539567627013
kdv1d,shared_jet_linear,20260921,11900,538.3623938355595,0.030082430690526962,0.05752881243824959,0.0003547026717569679
kdv1d,shared_jet_linear,20260921,12000,542.7802559826523,0.029010120779275894,0.05591018125414848,0.00025708586326800287
kdv1d,shared_jet_linear,20260921,12100,547.5923283733428,0.0284623671323061,0.05475911870598793,0.0002849861921276897
kdv1d,shared_jet_linear,20260921,12200,551.8422783082351,0.02808145247399807,0.05365680903196335,0.0002880970132537186
kdv1d,shared_jet_linear,20260921,12300,555.9374883621931,0.027403397485613823,0.05249616503715515,0.0002809812140185386
kdv1d,shared_jet_linear,20260921,12400,560.019962460734,0.026791324838995934,0.051226381212472916,0.00025946201640181243
kdv1d,shared_jet_linear,20260921,12500,564.5630338313058,0.025988496840000153,0.05007338896393776,0.0002678189775906503
kdv1d,shared_jet_linear,20260921,12600,570.0379530610517,0.025434793904423714,0.04909459501504898,0.0002414482441963628
kdv1d,shared_jet_linear,20260921,12700,575.629088068381,0.02532927133142948,0.048388201743364334,0.0002233190170954913
kdv1d,shared_jet_linear,20260921,12800,581.248259164393,0.024648619815707207,0.04717383533716202,0.0002195903507526964
kdv1d,shared_jet_linear,20260921,12900,586.3796999910846,0.023892030119895935,0.04589338228106499,0.0002090680500259623
kdv1d,shared_jet_linear,20260921,13000,590.4746244391426,0.02338365837931633,0.04503758251667023,0.0002258558088215068
kdv1d,shared_jet_linear,20260921,13100,594.5832812758163,0.022915620356798172,0.04418120160698891,0.00018716289196163416
kdv1d,shared_jet_linear,20260921,13200,599.1701421290636,0.022173497825860977,0.04287772998213768,0.00016459891048725694
kdv1d,shared_jet_linear,20260921,13300,603.8126556603238,0.022097237408161163,0.04233401641249657,0.00019142823293805122
kdv1d,shared_jet_linear,20260921,13400,608.4553053434938,0.021598249673843384,0.041249245405197144,0.00021651288261637092
kdv1d,shared_jet_linear,20260921,13500,612.7042002296075,0.020784787833690643,0.04029431194067001,0.00018181589257437736
kdv1d,shared_jet_linear,20260921,13600,616.8181267632172,0.020085318014025688,0.039012834429740906,0.0001632178173167631
kdv1d,shared_jet_linear,20260921,13700,620.9215250872076,0.019630029797554016,0.03819704428315163,0.00017008717986755073
kdv1d,shared_jet_linear,20260921,13800,625.1343389861286,0.019178638234734535,0.03720046207308769,0.00015260853979270905
kdv1d,shared_jet_linear,20260921,13900,629.7593162348494,0.018420396372675896,0.03602402284741402,0.00015301897656172514
kdv1d,shared_jet_linear,20260921,14000,634.0357289416716,0.017979696393013,0.03530518710613251,0.00013232890341896564
kdv1d,shared_jet_linear,20260921,14100,638.1487954687327,0.01778964139521122,0.03452298417687416,0.0001398827153025195
kdv1d,shared_jet_linear,20260921,14200,642.2452793931589,0.017205126583576202,0.03350323066115379,0.0001344866759609431
kdv1d,shared_jet_linear,20260921,14300,646.3569785999134,0.016760678961873055,0.032519299536943436,0.00011328718392178416
kdv1d,shared_jet_linear,20260921,14400,650.4382912451401,0.016314378008246422,0.03171764686703682,0.00010088796261698008
kdv1d,shared_jet_linear,20260921,14500,654.5267149647698,0.015874138101935387,0.030941352248191833,0.00011387674749130383
kdv1d,shared_jet_linear,20260921,14600,658.6012765672058,0.015439924784004688,0.029910873621702194,8.649969822727144e-05
kdv1d,shared_jet_linear,20260921,14700,662.6904486361891,0.014925424940884113,0.02898155339062214,8.769090345595032e-05
kdv1d,shared_jet_linear,20260921,14800,667.1105185281485,0.01458455715328455,0.028239255771040916,0.00011170814832439646
kdv1d,shared_jet_linear,20260921,14900,671.9064112976193,0.014225790277123451,0.027463525533676147,9.911794768413529e-05
kdv1d,shared_jet_linear,20260921,15000,676.7266169544309,0.013645093888044357,0.02652735263109207,9.114177373703569e-05
kdv1d,shared_jet_linear,20260921,15100,681.5408510304987,0.01307064387947321,0.025580937042832375,9.149824472842738e-05
kdv1d,shared_jet_linear,20260921,15200,686.2909107105806,0.012809333391487598,0.025065965950489044,8.13832666608505e-05
kdv1d,shared_jet_linear,20260921,15300,691.0755293816328,0.012642685323953629,0.024463258683681488,7.617778464918956e-05
kdv1d,shared_jet_linear,20260921,15400,695.2284752950072,0.012030205689370632,0.023512620478868484,7.899320189608261e-05
kdv1d,shared_jet_linear,20260921,15500,699.3137324340641,0.012132377363741398,0.023164449259638786,7.74778745835647e-05
kdv1d,shared_jet_linear,20260921,15600,703.4302352396771,0.012160629034042358,0.022706342861056328,7.349689985858276e-05
kdv1d,shared_jet_linear,20260921,15700,708.0258462615311,0.01162908785045147,0.021878112107515335,7.43587952456437e-05
kdv1d,shared_jet_linear,20260921,15800,712.7631580783054,0.011740323156118393,0.02165386825799942,6.688082794426009e-05
kdv1d,shared_jet_linear,20260921,15900,717.4279127791524,0.011218923144042492,0.021024182438850403,6.297389336396009e-05
kdv1d,shared_jet_linear,20260921,16000,722.8450905382633,0.010724826715886593,0.020271599292755127,6.176662282086909e-05
kdv1d,shared_jet_linear,20260921,16100,727.9652129840106,0.010693912394344807,0.01985342614352703,6.804889562772587e-05
kdv1d,shared_jet_linear,20260921,16200,732.7706359745935,0.010339462198317051,0.019368143752217293,6.769326864741743e-05
kdv1d,shared_jet_linear,20260921,16300,737.0204839287326,0.010510309599339962,0.019284434616565704,6.304444832494482e-05
kdv1d,shared_jet_linear,20260921,16400,741.1550533883274,0.010093367658555508,0.01856417767703533,5.161073204362765e-05
kdv1d,shared_jet_linear,20260921,16500,745.2470299201086,0.00990920141339302,0.01818307675421238,5.7052355259656906e-05
kdv1d,shared_jet_linear,20260921,16600,749.3306451402605,0.009654704481363297,0.01792490854859352,5.896693983231671e-05
kdv1d,shared_jet_linear,20260921,16700,753.457292993553,0.009858310222625732,0.017808325588703156,5.556336327572353e-05
kdv1d,shared_jet_linear,20260921,16800,757.5567146940157,0.009182502515614033,0.017030395567417145,6.309811578830704e-05
kdv1d,shared_jet_linear,20260921,16900,761.6411872943863,0.00941392034292221,0.01699152961373329,5.4891086620045826e-05
kdv1d,shared_jet_linear,20260921,17000,765.7525762505829,0.009086744859814644,0.016617679968476295,4.8659148887963966e-05
kdv1d,shared_jet_linear,20260921,17100,769.8589780088514,0.008773429319262505,0.016110071912407875,5.350031642592512e-05
kdv1d,shared_jet_linear,20260921,17200,773.9701289646327,0.008515482768416405,0.01574726589024067,5.287402018439025e-05
kdv1d,shared_jet_linear,20260921,17300,778.2657176880166,0.008890870027244091,0.015914129093289375,4.914793316856958e-05
kdv1d,shared_jet_linear,20260921,17400,782.902997482568,0.008756997995078564,0.015649644657969475,5.4300875490298495e-05
kdv1d,shared_jet_linear,20260921,17500,787.583623575978,0.009028741158545017,0.01585034281015396,4.4100877857999876e-05
kdv1d,shared_jet_linear,20260921,17600,791.6852129651234,0.008663446642458439,0.015178218483924866,4.495954999583773e-05
kdv1d,shared_jet_linear,20260921,17700,796.0660186484456,0.008445896208286285,0.01486264169216156,4.5837969082640484e-05
kdv1d,shared_jet_linear,20260921,17800,800.6741015370935,0.008876816369593143,0.015227649360895157,4.839822940994054e-05
kdv1d,shared_jet_linear,20260921,17900,804.7796558132395,0.008035462349653244,0.0144063550978899,4.5678054448217154e-05
kdv1d,shared_jet_linear,20260921,18000,808.8527497733012,0.00797298364341259,0.014193602837622166,5.14275161549449e-05
kdv1d,shared_jet_linear,20260921,18100,812.9450580803677,0.007599408272653818,0.013716801069676876,4.0518712921766564e-05
kdv1d,shared_jet_linear,20260921,18200,817.0398476691917,0.007831535302102566,0.013915040530264378,3.619003473431803e-05
kdv1d,shared_jet_linear,20260921,18300,821.1356150358915,0.007998797111213207,0.013967386446893215,4.385992360766977e-05
kdv1d,shared_jet_linear,20260921,18400,825.225424614735,0.007729403208941221,0.013657609932124615,3.6224220821168274e-05
kdv1d,shared_jet_linear,20260921,18500,829.3193036569282,0.007600770797580481,0.013324140571057796,4.429480395629071e-05
kdv1d,shared_jet_linear,20260921,18600,833.4127182913944,0.007795257493853569,0.013532795011997223,3.487327921902761e-05
kdv1d,shared_jet_linear,20260921,18700,837.5460078706965,0.007349696476012468,0.013084846548736095,3.787377863773145e-05
kdv1d,shared_jet_linear,20260921,18800,841.67096515093,0.007690435741096735,0.013229047879576683,3.8760685129091144e-05
kdv1d,shared_jet_linear,20260921,18900,845.935938641429,0.0076997666619718075,0.013250875286757946,4.0575727325631306e-05
kdv1d,shared_jet_linear,20260921,19000,850.7096067015082,0.007355091627687216,0.0128407534211874,3.3217602322110906e-05
kdv1d,shared_jet_linear,20260921,19100,855.4932435629889,0.0074211182072758675,0.012896798551082611,3.689744698931463e-05
kdv1d,shared_jet_linear,20260921,19200,860.2565845167264,0.0070434920489788055,0.012536324560642242,3.460003063082695e-05
kdv1d,shared_jet_linear,20260921,19300,864.5993395401165,0.007072970271110535,0.01232839934527874,3.413310332689434e-05
kdv1d,shared_jet_linear,20260921,19400,868.6841708831489,0.006890225224196911,0.012043191120028496,3.5629040212370455e-05
kdv1d,shared_jet_linear,20260921,19500,872.9130563111976,0.006860554683953524,0.012124556116759777,3.121982445009053e-05
kdv1d,shared_jet_linear,20260921,19600,877.2088906280696,0.006614301819354296,0.011725830845534801,3.336683221277781e-05
kdv1d,shared_jet_linear,20260921,19700,881.9301432063803,0.006772871594876051,0.01183338277041912,3.618044502218254e-05
kdv1d,shared_jet_linear,20260921,19800,886.0417069150135,0.006864024791866541,0.011876129545271397,3.494949123705737e-05
kdv1d,shared_jet_linear,20260921,19900,890.152131492272,0.006613675970584154,0.011592650786042213,3.20265389746055e-05
kdv1d,shared_jet_linear,20260921,20000,894.6242148578167,0.006483594886958599,0.011459003202617168,2.9795444788760506e-05
kdv1d,shared_jet_linear,20260921,20100,899.3768104566261,0.006295299157500267,0.011057121679186821,3.257827120251022e-05
kdv1d,shared_jet_linear,20260921,20200,904.1002696054056,0.006765351165086031,0.011452614329755306,2.9620074201375246e-05
kdv1d,shared_jet_linear,20260921,20300,908.4791574236006,0.006388552486896515,0.011279058642685413,2.7280551876174286e-05
kdv1d,shared_jet_linear,20260921,20400,912.8337449422106,0.006375581957399845,0.01103978231549263,2.9741760954493657e-05
kdv1d,shared_jet_linear,20260921,20500,916.9660937124863,0.006592668127268553,0.011228813789784908,2.4507489797542803e-05
kdv1d,shared_jet_linear,20260921,20600,921.5461423574015,0.006353599485009909,0.011002722196280956,2.9246761187096126e-05
kdv1d,shared_jet_linear,20260921,20700,926.8864176478237,0.005971600767225027,0.010479968972504139,2.9855222237529233e-05
kdv1d,shared_jet_linear,20260921,20800,932.2567757805809,0.006230111233890057,0.010855135507881641,2.344681888644118e-05
kdv1d,shared_jet_linear,20260921,20900,937.6482665091753,0.006111891474574804,0.010607535019516945,2.3352828065981157e-05
kdv1d,shared_jet_linear,20260921,21000,941.9544919487089,0.006136987823992968,0.01055789552628994,2.245187533844728e-05
kdv1d,shared_jet_linear,20260921,21100,946.136738053523,0.005953276064246893,0.010328864678740501,2.648177178343758e-05
kdv1d,shared_jet_linear,20260921,21200,950.3368482450023,0.006058025639504194,0.01038767583668232,2.4817254598019645e-05
kdv1d,shared_jet_linear,20260921,21300,954.5460521094501,0.006048721726983786,0.010469538159668446,3.1051906262291595e-05
kdv1d,shared_jet_linear,20260921,21400,958.6754244314507,0.005637711379677057,0.009931831620633602,2.6156259991694242e-05
kdv1d,shared_jet_linear,20260921,21500,962.9101046361029,0.005712719168514013,0.009981071576476097,2.3668686480959877e-05
kdv1d,shared_jet_linear,20260921,21600,967.4587604841217,0.005584985017776489,0.009911761619150639,2.7161886464455165e-05
kdv1d,shared_jet_linear,20260921,21700,972.2153079938143,0.005557611119002104,0.009758936241269112,2.4002743884921074e-05
kdv1d,shared_jet_linear,20260921,21800,976.3373237708583,0.005830093286931515,0.009915160946547985,2.6640713258530013e-05
kdv1d,shared_jet_linear,20260921,21900,980.5192005634308,0.00550454668700695,0.009669892489910126,2.376346310484223e-05
kdv1d,shared_jet_linear,20260921,22000,984.8813961017877,0.005263332277536392,0.00934554636478424,2.4535509510315023e-05
kdv1d,shared_jet_linear,20260921,22100,988.9997291946784,0.005393599160015583,0.009489472024142742,2.3234675609273836e-05
kdv1d,shared_jet_linear,20260921,22200,993.3717668280005,0.005358912516385317,0.009399614296853542,2.0309680621721782e-05
kdv1d,shared_jet_linear,20260921,22300,997.9118883851916,0.005505384411662817,0.009509338065981865,2.5372719392180443e-05
kdv1d,shared_jet_linear,20260921,22400,1002.4966085013002,0.005362751893699169,0.009236711077392101,2.057196616078727e-05
kdv1d,shared_jet_linear,20260921,22500,1006.892151270993,0.005450243130326271,0.00936539564281702,2.0732810298795812e-05
kdv1d,shared_jet_linear,20260921,22600,1011.2818622663617,0.005570915061980486,0.009333197958767414,2.138253148586955e-05
kdv1d,shared_jet_linear,20260921,22700,1015.48637331184,0.004804428666830063,0.008635876700282097,1.8788390661939047e-05
kdv1d,shared_jet_linear,20260921,22800,1019.6968912752345,0.005076974630355835,0.008803803473711014,1.96672717720503e-05
kdv1d,shared_jet_linear,20260921,22900,1023.9164225133136,0.0047903782688081264,0.008504659868776798,2.1384073988883756e-05
kdv1d,shared_jet_linear,20260921,23000,1028.021878878586,0.005020273383706808,0.008757595904171467,2.381325430178549e-05
kdv1d,shared_jet_linear,20260921,23100,1032.1748941410333,0.004892750643193722,0.008584125898778439,2.238773049612064e-05
kdv1d,shared_jet_linear,20260921,23200,1036.306157805957,0.005030450411140919,0.008685099892318249,2.0334351575002074e-05
kdv1d,shared_jet_linear,20260921,23300,1040.3981861658394,0.004662461578845978,0.008272351697087288,1.970644007087685e-05
kdv1d,shared_jet_linear,20260921,23400,1044.5770671060309,0.004764631390571594,0.008325399830937386,2.0906854842905886e-05
kdv1d,shared_jet_linear,20260921,23500,1048.8374875513837,0.004765455145388842,0.008406272158026695,1.925565447891131e-05
kdv1d,shared_jet_linear,20260921,23600,1053.1564376670867,0.0046076118014752865,0.008195510134100914,2.0871344531769864e-05
kdv1d,shared_jet_linear,20260921,23700,1057.410948684439,0.004799204878509045,0.00831243209540844,2.2414538761950098e-05
kdv1d,shared_jet_linear,20260921,23800,1061.5335587374866,0.004857688210904598,0.008349265903234482,1.5483326933463104e-05
kdv1d,shared_jet_linear,20260921,23900,1065.658457774669,0.004716345574706793,0.008121846243739128,2.0078077795915306e-05
kdv1d,shared_jet_linear,20260921,24000,1071.2353056315333,0.004472438711673021,0.007972881197929382,1.5637075193808414e-05
kdv1d,shared_jet_linear,20260921,24100,1076.5639309519902,0.004268814343959093,0.007599221542477608,1.846104714786634e-05
kdv1d,shared_jet_linear,20260921,24200,1081.3287263466045,0.004579163622111082,0.007937537506222725,1.6400321328546852e-05
kdv1d,shared_jet_linear,20260921,24300,1086.6308436645195,0.004418372176587582,0.007688073441386223,1.7396672774339095e-05
kdv1d,shared_jet_linear,20260921,24400,1090.9298492316157,0.0043866392225027084,0.007670240476727486,1.8390961486147717e-05
kdv1d,shared_jet_linear,20260921,24500,1095.6370928725228,0.004393113311380148,0.007760988548398018,1.7958500393433496e-05
kdv1d,shared_jet_linear,20260921,24600,1099.7446559118107,0.004198421258479357,0.007442474365234375,1.55804846144747e-05
kdv1d,shared_jet_linear,20260921,24700,1103.875555884093,0.004149043001234531,0.007347384467720985,1.8592387277749367e-05
kdv1d,shared_jet_linear,20260921,24800,1107.9869312327355,0.003990479279309511,0.00721752131357789,1.5352412447100505e-05
kdv1d,shared_jet_linear,20260921,24900,1112.7758142640814,0.004534462001174688,0.007788407150655985,1.7564447261975147e-05
kdv1d,shared_jet_linear,20260921,25000,1117.063666857779,0.004160368349403143,0.007338241208344698,1.3028868124820292e-05
kdv1d,nested_jvp,20260922,0,0.0,0.8444502353668213,0.8624670505523682,
kdv1d,nested_jvp,20260922,100,36.07641443237662,0.9271982312202454,1.0184744596481323,0.484816312789917
kdv1d,nested_jvp,20260922,200,72.1229135459289,0.9408606290817261,1.0604627132415771,0.4916043281555176
kdv1d,nested_jvp,20260922,300,108.62131788395345,0.9390708208084106,1.0617890357971191,0.5707173347473145
kdv1d,nested_jvp,20260922,400,143.18331159558147,0.9358290433883667,1.061336874961853,0.5919085741043091
kdv1d,nested_jvp,20260922,500,178.0037643890828,0.9330624938011169,1.0521669387817383,0.573646068572998
kdv1d,nested_jvp,20260922,600,211.5022467551753,0.9368508458137512,1.060615062713623,0.43310683965682983
kdv1d,nested_jvp,20260922,700,246.51714848633856,0.9268527626991272,1.052006721496582,0.5589854717254639
kdv1d,nested_jvp,20260922,800,280.8826071731746,0.9272295832633972,1.0498532056808472,0.3720218539237976
kdv1d,nested_jvp,20260922,900,315.144328545779,0.9277421236038208,1.0481675863265991,0.45281797647476196
kdv1d,nested_jvp,20260922,1000,350.1132838036865,0.9083909392356873,1.0286372900009155,0.45900511741638184
kdv1d,nested_jvp,20260922,1100,386.0486008869484,0.887874960899353,0.9973902106285095,0.5554361343383789
kdv1d,nested_jvp,20260922,1200,420.8272120608017,0.8656980991363525,0.9703195095062256,0.35077977180480957
kdv1d,nested_jvp,20260922,1300,454.8721965672448,0.853459358215332,0.9514211416244507,0.5114406943321228
kdv1d,nested_jvp,20260922,1400,490.1062396019697,0.8111110329627991,0.8941493034362793,0.4460381269454956
kdv1d,nested_jvp,20260922,1500,523.4879461405799,0.7745476365089417,0.842866063117981,0.5071350932121277
kdv1d,nested_jvp,20260922,1600,559.321076951921,0.7496882677078247,0.8087917566299438,0.4385369122028351
kdv1d,nested_jvp,20260922,1700,593.9317195117474,0.7144115567207336,0.7635610699653625,0.2998508810997009
kdv1d,nested_jvp,20260922,1800,628.1540651768446,0.6848946809768677,0.7233387231826782,0.29163339734077454
kdv1d,nested_jvp,20260922,1900,662.6182368351147,0.6579079031944275,0.6905195116996765,0.28617721796035767
kdv1d,nested_jvp,20260922,2000,698.0749709988013,0.6414417028427124,0.6741902828216553,0.28469178080558777
kdv1d,nested_jvp,20260922,2100,734.3272035997361,0.6115599274635315,0.6442078948020935,0.3380315601825714
kdv1d,nested_jvp,20260922,2200,768.9924903269857,0.5929438471794128,0.6288317441940308,0.27612000703811646
kdv1d,nested_jvp,20260922,2300,805.3559947852045,0.5796186923980713,0.6199554800987244,0.30693548917770386
kdv1d,nested_jvp,20260922,2400,838.5647660475224,0.5593653321266174,0.6076479554176331,0.2229681760072708
kdv1d,nested_jvp,20260922,2500,873.0330989230424,0.5437005162239075,0.6010517477989197,0.2471640706062317
kdv1d,nested_jvp,20260922,2600,907.5217753443867,0.5288915038108826,0.5981428623199463,0.1867453008890152
kdv1d,nested_jvp,20260922,2700,941.648046599701,0.5155612826347351,0.5942382216453552,0.26774442195892334
kdv1d,nested_jvp,20260922,2800,975.6818069042638,0.5033267140388489,0.5956222414970398,0.1719610095024109
kdv1d,nested_jvp,20260922,2900,1008.9449702342972,0.4941234588623047,0.599284291267395,0.10482119023799896
kdv1d,nested_jvp,20260922,3000,1043.2197275012732,0.4856841266155243,0.6051918268203735,0.11794956028461456
kdv1d,nested_jvp,20260922,3100,1076.96166331321,0.48305100202560425,0.618469774723053,0.13249659538269043
kdv1d,nested_jvp,20260922,3200,1110.4100118745118,0.47713062167167664,0.6257642507553101,0.11547917872667313
kdv1d,nested_jvp,20260922,3300,1147.2950516855344,0.47380146384239197,0.634886622428894,0.11178003996610641
kdv1d,nested_jvp,20260922,3400,1183.904020799324,0.4755505621433258,0.6464170813560486,0.1115935742855072
kdv1d,nested_jvp,20260922,3500,1219.7047415766865,0.4697522819042206,0.6472705602645874,0.120986707508564
kdv1d,nested_jvp,20260922,3600,1256.2614541705698,0.4719218611717224,0.6551846265792847,0.12240097671747208
kdv1d,nested_jvp,20260922,3700,1291.1829870790243,0.47447964549064636,0.6639353632926941,0.08692649751901627
kdv1d,nested_jvp,20260922,3800,1325.905328406021,0.4671919047832489,0.6602315306663513,0.06980975717306137
kdv1d,nested_jvp,20260922,3900,1362.1812061797827,0.46769440174102783,0.6625835299491882,0.08494886755943298
kdv1d,nested_jvp,20260922,4000,1398.1348769320175,0.46252647042274475,0.657310962677002,0.11343958973884583
kdv1d,nested_jvp,20260922,4100,1435.2708548363298,0.4631149470806122,0.658227264881134,0.049695294350385666
kdv1d,nested_jvp,20260922,4200,1469.6028470722958,0.4592897891998291,0.6539036631584167,0.06905458867549896
kdv1d,nested_jvp,20260922,4300,1505.0166942048818,0.45380499958992004,0.6463527679443359,0.10084113478660583
kdv1d,nested_jvp,20260922,4400,1540.9141780398786,0.4509139955043793,0.6427122354507446,0.08454830199480057
kdv1d,nested_jvp,20260922,4500,1573.6446852860972,0.4456203579902649,0.6345497965812683,0.09722389280796051
kdv1d,nested_jvp,20260922,4600,1609.0218076240271,0.44037821888923645,0.6267630457878113,0.07262150198221207
kdv1d,nested_jvp,20260922,4700,1643.9560458734632,0.4348132610321045,0.6178491711616516,0.08577203005552292
kdv1d,nested_jvp,20260922,4800,1677.85287014395,0.43198543787002563,0.6126099228858948,0.06720095872879028
kdv1d,nested_jvp,20260922,4900,1712.3998467708007,0.4270227253437042,0.6057792901992798,0.08974646031856537
kdv1d,nested_jvp,20260922,5000,1745.780742822215,0.42260444164276123,0.5977805256843567,0.0713588148355484
kdv1d,nested_jvp,20260922,5100,1780.505548371002,0.4148305356502533,0.5867632031440735,0.067826047539711
kdv1d,nested_jvp,20260922,5200,1814.8298193151131,0.4125745892524719,0.5818946361541748,0.06179710477590561
kdv1d,nested_jvp,20260922,5300,1850.632750411518,0.4045732617378235,0.5698257684707642,0.05416318401694298
kdv1d,nested_jvp,20260922,5400,1884.1529552936554,0.39938265085220337,0.5614554286003113,0.07680847495794296
kdv1d,nested_jvp,20260922,5500,1918.367196874693,0.3961772620677948,0.5543695092201233,0.05600149556994438
kdv1d,nested_jvp,20260922,5600,1953.286376932636,0.3908376097679138,0.546683132648468,0.0788736492395401
kdv1d,nested_jvp,20260922,5700,1987.6886162245646,0.383245587348938,0.5350127220153809,0.057695478200912476
kdv1d,nested_jvp,20260922,5800,2023.9427611036226,0.3769785761833191,0.5247429013252258,0.06762441992759705
kdv1d,nested_jvp,20260922,5900,2058.3292472464964,0.37154898047447205,0.5157066583633423,0.058149803429841995
kdv1d,nested_jvp,20260922,6000,2092.2164478888735,0.3625721335411072,0.5021655559539795,0.06902211904525757
kdv1d,nested_jvp,20260922,6100,2125.551987280138,0.35658788681030273,0.49320897459983826,0.0519096776843071
kdv1d,nested_jvp,20260922,6200,2159.6285072527826,0.35112127661705017,0.4841763377189636,0.05641145259141922
kdv1d,nested_jvp,20260922,6300,2193.846572322771,0.34699171781539917,0.47636204957962036,0.053693369030952454
kdv1d,nested_jvp,20260922,6400,2228.234534454532,0.33991381525993347,0.46565109491348267,0.049178093671798706
kdv1d,nested_jvp,20260922,6500,2261.2844320749864,0.3343603014945984,0.45621344447135925,0.044689252972602844
kdv1d,nested_jvp,20260922,6600,2294.770839846693,0.32647716999053955,0.44507426023483276,0.05299504101276398
kdv1d,nested_jvp,20260922,6700,2327.2891985131428,0.3174939751625061,0.43214181065559387,0.048913195729255676
kdv1d,nested_jvp,20260922,6800,2360.7805988825858,0.3156752288341522,0.42820918560028076,0.0442841611802578
kdv1d,nested_jvp,20260922,6900,2394.2838329989463,0.30896657705307007,0.418321430683136,0.0445498451590538
kdv1d,nested_jvp,20260922,7000,2429.1624000519514,0.30351731181144714,0.41022342443466187,0.031066779047250748
kdv1d,nested_jvp,20260922,7100,2463.685248608701,0.2956223785877228,0.39918002486228943,0.05290960520505905
kdv1d,nested_jvp,20260922,7200,2496.8810557434335,0.2890718877315521,0.3904775381088257,0.035494185984134674
kdv1d,nested_jvp,20260922,7300,2532.8364882748574,0.2826337218284607,0.382049024105072,0.029593393206596375
kdv1d,nested_jvp,20260922,7400,2566.96847817488,0.27730318903923035,0.37490373849868774,0.03730526193976402
kdv1d,nested_jvp,20260922,7500,2600.136357754469,0.2716076672077179,0.36669087409973145,0.0278248880058527
kdv1d,nested_jvp,20260922,7600,2630.7004558052868,0.266299843788147,0.3597068190574646,0.030404888093471527
kdv1d,nested_jvp,20260922,7700,2661.949088118039,0.2585771083831787,0.34971892833709717,0.02749507501721382
kdv1d,nested_jvp,20260922,7800,2695.142606858164,0.250973641872406,0.34008172154426575,0.025779729709029198
kdv1d,nested_jvp,20260922,7900,2728.2149877166376,0.24647803604602814,0.33368930220603943,0.03269529342651367
kdv1d,nested_jvp,20260922,8000,2760.076827998273,0.23915037512779236,0.3256217837333679,0.027090303599834442
kdv1d,nested_jvp,20260922,8100,2794.515107156709,0.2329036295413971,0.3177816867828369,0.02469642460346222
kdv1d,nested_jvp,20260922,8200,2828.4132854882628,0.22759273648262024,0.30996134877204895,0.023271039128303528
kdv1d,nested_jvp,20260922,8300,2861.2460048124194,0.21922090649604797,0.30029407143592834,0.020797474309802055
kdv1d,nested_jvp,20260922,8400,2893.2055382383987,0.2127881944179535,0.29237714409828186,0.019311044365167618
kdv1d,nested_jvp,20260922,8500,2925.629480098374,0.20509034395217896,0.2827867567539215,0.020320767536759377
kdv1d,nested_jvp,20260922,8600,2958.2151681957766,0.19822752475738525,0.27343618869781494,0.020533088594675064
kdv1d,nested_jvp,20260922,8700,2990.614603627473,0.1911710649728775,0.2640988826751709,0.018763182684779167
kdv1d,nested_jvp,20260922,8800,3022.6718744561076,0.18280695378780365,0.25410178303718567,0.015399331226944923
kdv1d,nested_jvp,20260922,8900,3055.4728565830737,0.1743287295103073,0.243455171585083,0.01570458523929119
kdv1d,nested_jvp,20260922,9000,3091.133021341637,0.1673469990491867,0.2337428629398346,0.013376354239881039
kdv1d,nested_jvp,20260922,9100,3126.4671651441604,0.15915238857269287,0.2234569787979126,0.011929536238312721
kdv1d,nested_jvp,20260922,9200,3160.2054654182866,0.1513560265302658,0.213566854596138,0.012241333723068237
kdv1d,nested_jvp,20260922,9300,3193.072017370723,0.14332900941371918,0.20290276408195496,0.00997868087142706
kdv1d,nested_jvp,20260922,9400,3224.474409630522,0.13356901705265045,0.1906040608882904,0.008581679314374924
kdv1d,nested_jvp,20260922,9500,3255.7273295465857,0.12530183792114258,0.18023940920829773,0.008525394834578037
kdv1d,nested_jvp,20260922,9600,3287.9258778356016,0.11721886694431305,0.17030203342437744,0.005995838902890682
kdv1d,nested_jvp,20260922,9700,3321.2739956434816,0.10972388833761215,0.16035686433315277,0.0063218604773283005
kdv1d,nested_jvp,20260922,9800,3352.8921696282923,0.10195302963256836,0.15099656581878662,0.005338489077985287
kdv1d,nested_jvp,20260922,9900,3388.836524550803,0.09367551654577255,0.14050596952438354,0.0042483070865273476
kdv1d,nested_jvp,20260922,10000,3425.732613613829,0.08555811643600464,0.1305350661277771,0.003169718896970153
kdv1d,nested_jvp,20260922,10100,3460.869598359801,0.07971672713756561,0.12291547656059265,0.0033304428216069937
kdv1d,nested_jvp,20260922,10200,3492.005558781326,0.07384408265352249,0.11554738134145737,0.002690172055736184
kdv1d,nested_jvp,20260922,10300,3524.810513245873,0.06806905567646027,0.1075860783457756,0.002686909167096019
kdv1d,nested_jvp,20260922,10400,3558.4823713013902,0.06287675350904465,0.10097009688615799,0.002018172526732087
kdv1d,nested_jvp,20260922,10500,3592.3095843316987,0.0589618906378746,0.09511809796094894,0.0015626930398866534
kdv1d,nested_jvp,20260922,10600,3626.795713960193,0.05532488971948624,0.09043364226818085,0.001471040304750204
kdv1d,nested_jvp,20260922,10700,3662.580627062358,0.05173750966787338,0.08524317294359207,0.0012436327524483204
kdv1d,nested_jvp,20260922,10800,3694.856785416603,0.04927455633878708,0.08165586739778519,0.0010224963771179318
kdv1d,nested_jvp,20260922,10900,3727.833894134499,0.04689863324165344,0.07811097800731659,0.0007558648358099163
kdv1d,nested_jvp,20260922,11000,3758.2799157090485,0.04449873045086861,0.0750434398651123,0.0007655959343537688
kdv1d,nested_jvp,20260922,11100,3788.72940705996,0.04330787435173988,0.07261250913143158,0.0008905105642043054
kdv1d,nested_jvp,20260922,11200,3819.9164827624336,0.04119998216629028,0.06980638206005096,0.0006690096925012767
kdv1d,nested_jvp,20260922,11300,3854.0846145497635,0.04027886688709259,0.067928746342659,0.0007583933183923364
kdv1d,nested_jvp,20260922,11400,3886.8518608398736,0.03839675709605217,0.06570379436016083,0.000575428013689816
kdv1d,nested_jvp,20260922,11500,3921.393410600722,0.03780389204621315,0.06426086276769638,0.0007276637479662895
kdv1d,nested_jvp,20260922,11600,3955.0603014221415,0.03691326454281807,0.06308429688215256,0.0005894734058529139
kdv1d,nested_jvp,20260922,11700,3987.0672423718497,0.03521444648504257,0.061111416667699814,0.0005396013148128986
kdv1d,nested_jvp,20260922,11800,4021.3759932974353,0.03458119183778763,0.05995737761259079,0.00043228568392805755
kdv1d,nested_jvp,20260922,11900,4054.891979069449,0.03396621719002724,0.05876944959163666,0.00041523927939124405
kdv1d,nested_jvp,20260922,12000,4088.71663396433,0.03324999660253525,0.057785578072071075,0.000440073199570179
kdv1d,nested_jvp,20260922,12100,4120.031493417919,0.03232958912849426,0.05693356692790985,0.00046967773232609034
kdv1d,nested_jvp,20260922,12200,4153.644389137626,0.03207473084330559,0.056362710893154144,0.0004905615351162851
kdv1d,nested_jvp,20260922,12300,4186.35761856474,0.031034095212817192,0.05493896082043648,0.0004161171382293105
kdv1d,nested_jvp,20260922,12400,4219.21917262394,0.03068641573190689,0.054214004427194595,0.0003626247635111213
kdv1d,nested_jvp,20260922,12500,4251.972359862179,0.030378049239516258,0.053595125675201416,0.0003350719343870878
kdv1d,nested_jvp,20260922,12600,4286.762689293362,0.029309090226888657,0.05255387723445892,0.0003455671831034124
kdv1d,nested_jvp,20260922,12700,4320.725320178084,0.02880021184682846,0.05167229101061821,0.00030444571166299284
kdv1d,nested_jvp,20260922,12800,4353.287535728887,0.028587259352207184,0.05135567486286163,0.00030672745197080076
kdv1d,nested_jvp,20260922,12900,4389.003930089995,0.028468070551753044,0.05048023909330368,0.000246543379034847
kdv1d,nested_jvp,20260922,13000,4424.075820578262,0.027330409735441208,0.04915737733244896,0.00027060724096372724
kdv1d,nested_jvp,20260922,13100,4458.682089334354,0.026564359664916992,0.04808489605784416,0.00029301218455657363
kdv1d,nested_jvp,20260922,13200,4491.552657644264,0.026490874588489532,0.04785331338644028,0.0002627384092193097
kdv1d,nested_jvp,20260922,13300,4524.985673803836,0.025685038417577744,0.04680627956986427,0.00023172245710156858
kdv1d,nested_jvp,20260922,13400,4562.020376996137,0.025307152420282364,0.04610930755734444,0.0002193019463447854
kdv1d,nested_jvp,20260922,13500,4594.4257271317765,0.024353647604584694,0.04514516890048981,0.00024074720568023622
kdv1d,nested_jvp,20260922,13600,4631.698960338719,0.024012384936213493,0.044194549322128296,0.00024323347315657884
kdv1d,nested_jvp,20260922,13700,4665.669339505956,0.02392975240945816,0.043533146381378174,0.0002504851436242461
kdv1d,nested_jvp,20260922,13800,4697.8829251928255,0.023018725216388702,0.04237501323223114,0.00022750531206838787
kdv1d,nested_jvp,20260922,13900,4730.529629317112,0.02254275418817997,0.04178829491138458,0.00021504635515157133
kdv1d,nested_jvp,20260922,14000,4764.317622330971,0.02236521802842617,0.041177671402692795,0.00020127974858041853
kdv1d,nested_jvp,20260922,14100,4798.194877818227,0.021597111597657204,0.04006681963801384,0.0001866666425485164
kdv1d,nested_jvp,20260922,14200,4832.889857094735,0.021396586671471596,0.03956330567598343,0.0002086383756250143
kdv1d,nested_jvp,20260922,14300,4867.490382771939,0.020615441724658012,0.03865520656108856,0.00017259865126106888
kdv1d,nested_jvp,20260922,14400,4902.566674132831,0.020117949694395065,0.03774123266339302,0.00018516750424169004
kdv1d,nested_jvp,20260922,14500,4934.648773666471,0.019627442583441734,0.03665857017040253,0.00016445307119283825
kdv1d,nested_jvp,20260922,14600,4969.364263743162,0.01926434226334095,0.03605193644762039,0.00013874375144951046
kdv1d,nested_jvp,20260922,14700,5005.255638417788,0.01848512701690197,0.03490864858031273,0.00012733273615594953
kdv1d,nested_jvp,20260922,14800,5040.534676555544,0.018105527386069298,0.03413211554288864,0.00017548268078826368
kdv1d,nested_jvp,20260922,14900,5074.711174122989,0.01736856810748577,0.03287562355399132,0.0001417400490026921
kdv1d,nested_jvp,20260922,15000,5108.0234541082755,0.017386233434081078,0.0325382798910141,0.00012870508362539113
kdv1d,nested_jvp,20260922,15100,5142.466066728346,0.016708511859178543,0.0316789373755455,0.00010630820906953886
kdv1d,nested_jvp,20260922,15200,5177.153377017006,0.016591757535934448,0.030860478058457375,0.0001224005245603621
kdv1d,nested_jvp,20260922,15300,5212.004562139511,0.015394983813166618,0.029489673674106598,9.898637654259801e-05
kdv1d,nested_jvp,20260922,15400,5245.952344720252,0.015982890501618385,0.02950407937169075,0.00013608347217086703
kdv1d,nested_jvp,20260922,15500,5282.165232830681,0.015151477418839931,0.02846759557723999,0.00011598753917496651
kdv1d,nested_jvp,20260922,15600,5314.085414140485,0.014988007955253124,0.027842791751027107,9.910669905366376e-05
kdv1d,nested_jvp,20260922,15700,5351.316428648308,0.01381819136440754,0.02638007327914238,9.378912363899872e-05
kdv1d,nested_jvp,20260922,15800,5384.394351810217,0.014061152003705502,0.02622976154088974,9.448321361560374e-05
kdv1d,nested_jvp,20260922,15900,5419.389982393011,0.013193203136324883,0.02502984181046486,9.626233077142388e-05
kdv1d,nested_jvp,20260922,16000,5452.948582674377,0.013261470012366772,0.0246413741260767,0.00010176804062211886
kdv1d,nested_jvp,20260922,16100,5488.596925329417,0.012422927655279636,0.023679781705141068,7.255891978275031e-05
kdv1d,nested_jvp,20260922,16200,5523.5696828421205,0.012445670552551746,0.023364966735243797,0.00010638362437020987
kdv1d,nested_jvp,20260922,16300,5555.30302184727,0.012149874120950699,0.022823071107268333,9.423795563634485e-05
kdv1d,nested_jvp,20260922,16400,5588.136691521853,0.01199397910386324,0.022395268082618713,6.994201248744503e-05
kdv1d,nested_jvp,20260922,16500,5622.960111497901,0.011864589527249336,0.022039378061890602,9.811845666263252e-05
kdv1d,nested_jvp,20260922,16600,5653.534495712258,0.011936737224459648,0.021700993180274963,8.526131568942219e-05
kdv1d,nested_jvp,20260922,16700,5690.486661921255,0.01129163522273302,0.020970558747649193,6.973810377530754e-05
kdv1d,nested_jvp,20260922,16800,5724.63620042149,0.011606220155954361,0.021033810451626778,8.460092794848606e-05
kdv1d,nested_jvp,20260922,16900,5759.336065112613,0.011015711352229118,0.020286425948143005,7.164747512433678e-05
kdv1d,nested_jvp,20260922,17000,5791.448678625748,0.01071931328624487,0.0197890792042017,7.3949275247287e-05
kdv1d,nested_jvp,20260922,17100,5823.598670234904,0.010552847757935524,0.019193507730960846,5.732176941819489e-05
kdv1d,nested_jvp,20260922,17200,5856.546773470938,0.01060792151838541,0.019176533445715904,6.937148282304406e-05
kdv1d,nested_jvp,20260922,17300,5891.961662556976,0.009716123342514038,0.018216688185930252,6.383482104865834e-05
kdv1d,nested_jvp,20260922,17400,5924.597721143626,0.010674038901925087,0.01892426609992981,6.967347144382074e-05
kdv1d,nested_jvp,20260922,17500,5962.481412959285,0.009852605871856213,0.017940565943717957,6.31136354058981e-05
kdv1d,nested_jvp,20260922,17600,5996.645208217204,0.009858685545623302,0.017781853675842285,6.0029364249203354e-05
kdv1d,nested_jvp,20260922,17700,6028.627783727832,0.009967981837689877,0.017825976014137268,5.102926661493257e-05
kdv1d,nested_jvp,20260922,17800,6060.198442406021,0.00979948602616787,0.0175926610827446,5.685335418093018e-05
kdv1d,nested_jvp,20260922,17900,6096.0487106973305,0.009573454037308693,0.017118025571107864,6.427085463656113e-05
kdv1d,nested_jvp,20260922,18000,6129.711323566735,0.009491438046097755,0.017046088352799416,6.713259062962607e-05
kdv1d,nested_jvp,20260922,18100,6161.832166868262,0.009412162937223911,0.0168254803866148,5.920606054132804e-05
kdv1d,nested_jvp,20260922,18200,6198.247061098926,0.009393352083861828,0.016793515533208847,5.040130054112524e-05
kdv1d,nested_jvp,20260922,18300,6232.151536749676,0.009083940647542477,0.016425855457782745,4.7988687583711e-05
kdv1d,nested_jvp,20260922,18400,6267.765127006918,0.008434843271970749,0.015524553135037422,4.390833055367693e-05
kdv1d,nested_jvp,20260922,18500,6302.749572898261,0.008818856440484524,0.015867572277784348,4.384505155030638e-05
kdv1d,nested_jvp,20260922,18600,6340.585560068488,0.008678842335939407,0.015479251742362976,5.159566717338748e-05
kdv1d,nested_jvp,20260922,18700,6377.959853240289,0.008714399300515652,0.0155341112986207,4.818256638827734e-05
kdv1d,nested_jvp,20260922,18800,6412.956229006872,0.00848150160163641,0.015157496556639671,4.9876474804477766e-05
kdv1d,nested_jvp,20260922,18900,6445.64742403198,0.008335473947227001,0.01499326154589653,5.896249058423564e-05
kdv1d,nested_jvp,20260922,19000,6479.80454807356,0.008053388446569443,0.01463909912854433,6.069758819648996e-05
kdv1d,nested_jvp,20260922,19100,6513.30269481428,0.008295360021293163,0.01480316836386919,4.8441554099554196e-05
kdv1d,nested_jvp,20260922,19200,6547.397671248764,0.007853803224861622,0.014185712672770023,4.3741332774516195e-05
kdv1d,nested_jvp,20260922,19300,6581.510435187258,0.0078412014991045,0.014062748290598392,5.016347495256923e-05
kdv1d,nested_jvp,20260922,19400,6615.984585300088,0.0077463435009121895,0.014013010077178478,4.6385848690988496e-05
kdv1d,nested_jvp,20260922,19500,6650.260004365817,0.008141673170030117,0.014224408194422722,5.38407257408835e-05
kdv1d,nested_jvp,20260922,19600,6686.632693427615,0.007439915556460619,0.013468211516737938,3.8150294130900875e-05
kdv1d,nested_jvp,20260922,19700,6721.233288454823,0.007352703250944614,0.013479218818247318,4.430191620485857e-05
kdv1d,nested_jvp,20260922,19800,6752.137249369174,0.0072676073759794235,0.013243417255580425,4.741529846796766e-05
kdv1d,nested_jvp,20260922,19900,6784.815651549958,0.007350449915975332,0.013273978605866432,4.047234688187018e-05
kdv1d,nested_jvp,20260922,20000,6818.148651707917,0.007579526398330927,0.01338797528296709,3.9941271097632125e-05
kdv1d,nested_jvp,20260922,20100,6854.482586641796,0.007726273033767939,0.013409645296633244,5.5153715948108584e-05
kdv1d,nested_jvp,20260922,20200,6885.057895219885,0.007322138175368309,0.012949810363352299,4.8927980969892815e-05
kdv1d,nested_jvp,20260922,20300,6920.568270482123,0.0069514308124780655,0.012580306269228458,3.630846185842529e-05
kdv1d,nested_jvp,20260922,20400,6952.082057932392,0.0070221456699073315,0.012619756162166595,3.371738057467155e-05
kdv1d,nested_jvp,20260922,20500,6986.047156760469,0.007283587008714676,0.012685216031968594,3.984333307016641e-05
kdv1d,nested_jvp,20260922,20600,7020.857539876364,0.007102427072823048,0.012598007917404175,4.1312909161206335e-05
kdv1d,nested_jvp,20260922,20700,7051.838685336523,0.006834415718913078,0.012289810925722122,2.757764741545543e-05
kdv1d,nested_jvp,20260922,20800,7084.841724874452,0.006727403961122036,0.012022330425679684,3.3256896131206304e-05
kdv1d,nested_jvp,20260922,20900,7118.815645372495,0.00648078229278326,0.01175664272159338,4.027305476483889e-05
kdv1d,nested_jvp,20260922,21000,7152.173981967382,0.006558451801538467,0.011874069459736347,2.6956529836752452e-05
kdv1d,nested_jvp,20260922,21100,7188.552871200256,0.006511363200843334,0.01166746485978365,2.6278445147909224e-05
kdv1d,nested_jvp,20260922,21200,7221.617101673968,0.006991157308220863,0.012091992422938347,3.953848863602616e-05
kdv1d,nested_jvp,20260922,21300,7254.987120852806,0.00646632444113493,0.011440468020737171,4.232345600030385e-05
kdv1d,nested_jvp,20260922,21400,7287.558807732537,0.006229959893971682,0.011158781126141548,2.739412411756348e-05
kdv1d,nested_jvp,20260922,21500,7320.372707623057,0.006291436497122049,0.011345408856868744,3.679120709421113e-05
kdv1d,nested_jvp,20260922,21600,7352.96242213808,0.0067469836212694645,0.011568302288651466,3.4601598599692807e-05
kdv1d,nested_jvp,20260922,21700,7387.036386094987,0.005971930455416441,0.010855753906071186,2.6886902560363524e-05
kdv1d,nested_jvp,20260922,21800,7419.322544668801,0.006126056890934706,0.010996402241289616,3.246665801270865e-05
kdv1d,nested_jvp,20260922,21900,7451.574535591528,0.005828975699841976,0.01051634456962347,3.1982901418814436e-05
kdv1d,nested_jvp,20260922,22000,7485.658979957923,0.0062796324491500854,0.011044928804039955,3.84783634217456e-05
kdv1d,nested_jvp,20260922,22100,7518.3761593466625,0.005784936714917421,0.010457842610776424,2.8601711164810695e-05
kdv1d,nested_jvp,20260922,22200,7551.360346700996,0.005937649868428707,0.010558059439063072,2.3751219487166964e-05
kdv1d,nested_jvp,20260922,22300,7583.845921380445,0.005819391924887896,0.010438903234899044,2.796260014292784e-05
kdv1d,nested_jvp,20260922,22400,7617.631016009487,0.005429551471024752,0.010011816397309303,2.4435852537862957e-05
kdv1d,nested_jvp,20260922,22500,7651.222353625111,0.005592452362179756,0.01008698996156454,2.175501322199125e-05
kdv1d,nested_jvp,20260922,22600,7684.301593213342,0.005925289820879698,0.010330147109925747,2.002208202611655e-05
kdv1d,nested_jvp,20260922,22700,7719.245324813761,0.00575227290391922,0.010123017244040966,2.3297332518268377e-05
kdv1d,nested_jvp,20260922,22800,7756.750552739017,0.005425062030553818,0.009624399244785309,2.186146411986556e-05
kdv1d,nested_jvp,20260922,22900,7788.736965361051,0.005341605748981237,0.009718460030853748,1.8286506019649096e-05
kdv1d,nested_jvp,20260922,23000,7822.9415119560435,0.005326558370143175,0.009570158086717129,2.7854854124598205e-05
kdv1d,nested_jvp,20260922,23100,7857.5922064250335,0.005219511222094297,0.009419688023626804,2.0976403902750462e-05
kdv1d,nested_jvp,20260922,23200,7892.498180195689,0.005373588763177395,0.00958285853266716,2.5634057237766683e-05
kdv1d,nested_jvp,20260922,23300,7924.771258549765,0.005196019075810909,0.009297173470258713,2.397216303506866e-05
kdv1d,nested_jvp,20260922,23400,7957.376483317465,0.005093177314847708,0.00920536182820797,1.8422289940644987e-05
kdv1d,nested_jvp,20260922,23500,7992.283701613545,0.005013543181121349,0.009095655754208565,2.2017426090314984e-05
kdv1d,nested_jvp,20260922,23600,8027.610225451179,0.004852956160902977,0.008938431739807129,2.1322679458535276e-05
kdv1d,nested_jvp,20260922,23700,8062.7554181674495,0.004982373211532831,0.008853938430547714,2.178491558879614e-05
kdv1d,nested_jvp,20260922,23800,8096.51828327775,0.004957467317581177,0.00881082285195589,2.0813573428313248e-05
kdv1d,nested_jvp,20260922,23900,8130.429004940204,0.004524989053606987,0.008399811573326588,2.126960680470802e-05
kdv1d,nested_jvp,20260922,24000,8164.741597237065,0.004626035690307617,0.008474488742649555,1.6468704416183755e-05
kdv1d,nested_jvp,20260922,24100,8195.657463595271,0.004773403983563185,0.008541029877960682,2.1724017642554827e-05
kdv1d,nested_jvp,20260922,24200,8229.723762797192,0.004482466261833906,0.008196179755032063,2.187101563322358e-05
kdv1d,nested_jvp,20260922,24300,8264.357754764147,0.0046261148527264595,0.008303316310048103,1.8224747691419907e-05
kdv1d,nested_jvp,20260922,24400,8298.572945374064,0.004367908462882042,0.008066401816904545,1.6474881704198197e-05
kdv1d,nested_jvp,20260922,24500,8332.308808514848,0.004509019665420055,0.008252324536442757,1.7771724742488004e-05
kdv1d,nested_jvp,20260922,24600,8370.339733957313,0.0042238193564116955,0.007866253145039082,2.1236321117612533e-05
kdv1d,nested_jvp,20260922,24700,8401.89440925885,0.004531202372163534,0.008128021843731403,1.6894497093744576e-05
kdv1d,nested_jvp,20260922,24800,8437.643601850607,0.004266046918928623,0.007887274958193302,1.653178878768813e-05
kdv1d,nested_jvp,20260922,24900,8469.967350789346,0.004092012997716665,0.007653557229787111,1.8475277101970278e-05
kdv1d,nested_jvp,20260922,25000,8504.049600312486,0.004527441691607237,0.008002012968063354,1.6050275007728487e-05
kdv1d,shared_jet_linear,20260922,0,0.0,0.8444502353668213,0.8624670505523682,
kdv1d,shared_jet_linear,20260922,100,4.474719263613224,0.9271982312202454,1.0184744596481323,0.48481637239456177
kdv1d,shared_jet_linear,20260922,200,8.852533136494458,0.9408606290817261,1.0604627132415771,0.4916043281555176
kdv1d,shared_jet_linear,20260922,300,13.2437401721254,0.9390708208084106,1.0617890357971191,0.5707173347473145
kdv1d,shared_jet_linear,20260922,400,17.644665136933327,0.9358290433883667,1.061336874961853,0.5919085741043091
kdv1d,shared_jet_linear,20260922,500,22.031058739870787,0.9330624938011169,1.0521669387817383,0.573646068572998
kdv1d,shared_jet_linear,20260922,600,26.426515218801796,0.9368508458137512,1.060615062713623,0.43310683965682983
kdv1d,shared_jet_linear,20260922,700,30.810649753548205,0.9268527626991272,1.052006721496582,0.5589854717254639
kdv1d,shared_jet_linear,20260922,800,35.182499256916344,0.9272295832633972,1.0498532056808472,0.3720218539237976
kdv1d,shared_jet_linear,20260922,900,39.560453187674284,0.9277421236038208,1.0481675863265991,0.4528179168701172
kdv1d,shared_jet_linear,20260922,1000,43.9343735165894,0.9083909392356873,1.0286372900009155,0.4590051472187042
kdv1d,shared_jet_linear,20260922,1100,48.314281582832336,0.887874960899353,0.9973902106285095,0.5554362535476685
kdv1d,shared_jet_linear,20260922,1200,52.72643139772117,0.8656980991363525,0.9703195095062256,0.35077977180480957
kdv1d,shared_jet_linear,20260922,1300,57.296030305325985,0.853459358215332,0.9514211416244507,0.511440634727478
kdv1d,shared_jet_linear,20260922,1400,61.712274588644505,0.8111110925674438,0.8941493034362793,0.4460381865501404
kdv1d,shared_jet_linear,20260922,1500,66.08436076715589,0.7745476365089417,0.8428661227226257,0.5071350932121277
kdv1d,shared_jet_linear,20260922,1600,70.48584324773401,0.7496882677078247,0.8087917566299438,0.4385368525981903
kdv1d,shared_jet_linear,20260922,1700,74.86052487138659,0.7144115567207336,0.7635611295700073,0.2998508810997009
kdv1d,shared_jet_linear,20260922,1800,79.23200274445117,0.6848946809768677,0.7233387231826782,0.29163339734077454
kdv1d,shared_jet_linear,20260922,1900,83.60037322062999,0.6579079031944275,0.6905195116996765,0.2861771881580353
kdv1d,shared_jet_linear,20260922,2000,87.97496532276273,0.6414417028427124,0.6741902232170105,0.28469178080558777
kdv1d,shared_jet_linear,20260922,2100,92.34671759046614,0.6115599274635315,0.6442078948020935,0.3380315601825714
kdv1d,shared_jet_linear,20260922,2200,96.71271843276918,0.5929438471794128,0.6288318037986755,0.27612006664276123
kdv1d,shared_jet_linear,20260922,2300,101.08783548884094,0.5796186923980713,0.6199554800987244,0.30693551898002625
kdv1d,shared_jet_linear,20260922,2400,106.56590375769883,0.5593653321266174,0.6076479554176331,0.2229682058095932
kdv1d,shared_jet_linear,20260922,2500,112.09398098755628,0.5437005162239075,0.6010518670082092,0.24716410040855408
kdv1d,shared_jet_linear,20260922,2600,117.63857678323984,0.5288915038108826,0.5981428623199463,0.1867453157901764
kdv1d,shared_jet_linear,20260922,2700,123.16614173911512,0.5155612826347351,0.5942382216453552,0.26774442195892334
kdv1d,shared_jet_linear,20260922,2800,128.404413622804,0.5033267140388489,0.5956222414970398,0.17196103930473328
kdv1d,shared_jet_linear,20260922,2900,132.61085574422032,0.4941234886646271,0.599284291267395,0.10482122004032135
kdv1d,shared_jet_linear,20260922,3000,136.81299903523177,0.4856841564178467,0.6051918268203735,0.11794956773519516
kdv1d,shared_jet_linear,20260922,3100,141.02489754743874,0.48305100202560425,0.618469774723053,0.13249661028385162
kdv1d,shared_jet_linear,20260922,3200,145.234791806899,0.47713062167167664,0.6257643103599548,0.11547920107841492
kdv1d,shared_jet_linear,20260922,3300,149.47994185891002,0.47380146384239197,0.634886622428894,0.11178004741668701
kdv1d,shared_jet_linear,20260922,3400,154.18686307780445,0.4755505621433258,0.6464170813560486,0.1115935891866684
kdv1d,shared_jet_linear,20260922,3500,159.93516063597053,0.4697522819042206,0.6472705602645874,0.1209867000579834
kdv1d,shared_jet_linear,20260922,3600,165.6862399643287,0.4719218611717224,0.6551846265792847,0.12240099906921387
kdv1d,shared_jet_linear,20260922,3700,171.43317592795938,0.47447970509529114,0.6639353632926941,0.08692649751901627
kdv1d,shared_jet_linear,20260922,3800,177.14244274888188,0.4671919345855713,0.6602315306663513,0.06980975717306137
kdv1d,shared_jet_linear,20260922,3900,181.37562962807715,0.4676944315433502,0.662583589553833,0.08494888246059418
kdv1d,shared_jet_linear,20260922,4000,185.5988741479814,0.46252647042274475,0.657310962677002,0.11343958973884583
kdv1d,shared_jet_linear,20260922,4100,189.83243820536882,0.46311497688293457,0.658227264881134,0.049695298075675964
kdv1d,shared_jet_linear,20260922,4200,194.07948351837695,0.45928987860679626,0.6539037227630615,0.06905458867549896
kdv1d,shared_jet_linear,20260922,4300,198.32428802270442,0.45380499958992004,0.6463528871536255,0.10084113478660583
kdv1d,shared_jet_linear,20260922,4400,202.551691561006,0.4509139955043793,0.6427122950553894,0.08454830944538116
kdv1d,shared_jet_linear,20260922,4500,206.7944640032947,0.4456203579902649,0.6345497965812683,0.09722389280796051
kdv1d,shared_jet_linear,20260922,4600,211.0391645859927,0.4403782784938812,0.6267630457878113,0.07262150943279266
kdv1d,shared_jet_linear,20260922,4700,215.27679247874767,0.4348132908344269,0.6178492307662964,0.08577203750610352
kdv1d,shared_jet_linear,20260922,4800,219.50236442964524,0.431985467672348,0.6126099824905396,0.06720095872879028
kdv1d,shared_jet_linear,20260922,4900,223.71832719258964,0.4270227253437042,0.6057792901992798,0.08974647521972656
kdv1d,shared_jet_linear,20260922,5000,227.94767701625824,0.42260444164276123,0.5977805256843567,0.0713588297367096
kdv1d,shared_jet_linear,20260922,5100,232.22127229440957,0.4148305654525757,0.5867632627487183,0.06782606244087219
kdv1d,shared_jet_linear,20260922,5200,236.44138222001493,0.4125745892524719,0.5818946361541748,0.06179709732532501
kdv1d,shared_jet_linear,20260922,5300,240.66836042981595,0.4045732915401459,0.5698257684707642,0.05416318029165268
kdv1d,shared_jet_linear,20260922,5400,244.89642433263361,0.39938265085220337,0.561455488204956,0.07680851221084595
kdv1d,shared_jet_linear,20260922,5500,249.12632464338094,0.3961772620677948,0.5543695688247681,0.05600150302052498
kdv1d,shared_jet_linear,20260922,5600,253.35525983199477,0.3908376097679138,0.5466831922531128,0.0788736343383789
kdv1d,shared_jet_linear,20260922,5700,257.60062964167446,0.3832456171512604,0.5350127816200256,0.05769548565149307
kdv1d,shared_jet_linear,20260922,5800,261.8669275967404,0.3769785761833191,0.5247429609298706,0.06762443482875824
kdv1d,shared_jet_linear,20260922,5900,266.11052942276,0.37154898047447205,0.5157066583633423,0.05814981833100319
kdv1d,shared_jet_linear,20260922,6000,270.3524982361123,0.3625721335411072,0.5021656155586243,0.06902215629816055
kdv1d,shared_jet_linear,20260922,6100,274.97224008478224,0.3565879166126251,0.49320897459983826,0.051909685134887695
kdv1d,shared_jet_linear,20260922,6200,280.71904933359474,0.35112130641937256,0.4841763973236084,0.05641147494316101
kdv1d,shared_jet_linear,20260922,6300,286.46665597800165,0.34699174761772156,0.47636210918426514,0.05369340255856514
kdv1d,shared_jet_linear,20260922,6400,292.2022199239582,0.33991384506225586,0.46565115451812744,0.0491781085729599
kdv1d,shared_jet_linear,20260922,6500,297.9390964368358,0.33436036109924316,0.45621347427368164,0.04468925669789314
kdv1d,shared_jet_linear,20260922,6600,303.59192339796573,0.32647719979286194,0.44507429003715515,0.052995048463344574
kdv1d,shared_jet_linear,20260922,6700,308.71416875347495,0.3174940049648285,0.43214184045791626,0.04891321435570717
kdv1d,shared_jet_linear,20260922,6800,314.27411110699177,0.3156752586364746,0.42820918560028076,0.044284164905548096
kdv1d,shared_jet_linear,20260922,6900,319.0388232730329,0.30896660685539246,0.41832149028778076,0.0445498563349247
kdv1d,shared_jet_linear,20260922,7000,323.295770955272,0.30351731181144714,0.41022342443466187,0.0310667771846056
kdv1d,shared_jet_linear,20260922,7100,327.51901020202786,0.29562240839004517,0.3991800546646118,0.052909620106220245
kdv1d,shared_jet_linear,20260922,7200,331.742784159258,0.2890719175338745,0.39047759771347046,0.035494185984134674
kdv1d,shared_jet_linear,20260922,7300,335.9910002909601,0.2826337218284607,0.3820490539073944,0.029593398794531822
kdv1d,shared_jet_linear,20260922,7400,340.224936272949,0.27730321884155273,0.37490376830101013,0.037305254489183426
kdv1d,shared_jet_linear,20260922,7500,344.46046795137227,0.2716076970100403,0.36669087409973145,0.0278248880058527
kdv1d,shared_jet_linear,20260922,7600,348.6847095564008,0.266299843788147,0.3597068190574646,0.03040490113198757
kdv1d,shared_jet_linear,20260922,7700,352.90505017805845,0.2585771083831787,0.34971895813941956,0.02749508246779442
kdv1d,shared_jet_linear,20260922,7800,357.11515992973,0.250973641872406,0.3400817811489105,0.025779733434319496
kdv1d,shared_jet_linear,20260922,7900,361.3476759940386,0.24647808074951172,0.3336893320083618,0.03269530087709427
kdv1d,shared_jet_linear,20260922,8000,365.58153376262635,0.23915040493011475,0.3256218135356903,0.02709030732512474
kdv1d,shared_jet_linear,20260922,8100,370.9595641102642,0.2329036444425583,0.3177817463874817,0.024696417152881622
kdv1d,shared_jet_linear,20260922,8200,376.5073555521667,0.22759276628494263,0.30996137857437134,0.02327103726565838
kdv1d,shared_jet_linear,20260922,8300,381.79913203418255,0.21922092139720917,0.30029410123825073,0.020797474309802055
kdv1d,shared_jet_linear,20260922,8400,386.00945629086345,0.21278823912143707,0.29237720370292664,0.01931105926632881
kdv1d,shared_jet_linear,20260922,8500,390.22588160727173,0.20509037375450134,0.2827867567539215,0.020320767536759377
kdv1d,shared_jet_linear,20260922,8600,394.4488554066047,0.19822753965854645,0.27343621850013733,0.020533086732029915
kdv1d,shared_jet_linear,20260922,8700,398.6619876995683,0.1911710947751999,0.2640989422798157,0.018763188272714615
kdv1d,shared_jet_linear,20260922,8800,402.8757823621854,0.18280698359012604,0.25410184264183044,0.015399329364299774
kdv1d,shared_jet_linear,20260922,8900,407.0956655368209,0.1743287444114685,0.2434552013874054,0.01570459082722664
kdv1d,shared_jet_linear,20260922,9000,411.328743301332,0.1673470437526703,0.23374292254447937,0.013376358896493912
kdv1d,shared_jet_linear,20260922,9100,415.55245898105204,0.15915240347385406,0.22345700860023499,0.011929542757570744
kdv1d,shared_jet_linear,20260922,9200,419.77262266445905,0.1513560563325882,0.21356691420078278,0.012241344898939133
kdv1d,shared_jet_linear,20260922,9300,423.98898090980947,0.14332903921604156,0.20290280878543854,0.009978687390685081
kdv1d,shared_jet_linear,20260922,9400,428.2122046556324,0.13356903195381165,0.1906040906906128,0.0085816765204072
kdv1d,shared_jet_linear,20260922,9500,432.43461209442466,0.12530191242694855,0.1802394837141037,0.00852539949119091
kdv1d,shared_jet_linear,20260922,9600,436.69988202583045,0.11721891164779663,0.17030209302902222,0.005995841231197119
kdv1d,shared_jet_linear,20260922,9700,441.0658487342298,0.10972391068935394,0.16035689413547516,0.006321860942989588
kdv1d,shared_jet_linear,20260922,9800,445.4488497124985,0.10195307433605194,0.1509966105222702,0.005338490940630436
kdv1d,shared_jet_linear,20260922,9900,449.81527400854975,0.09367555379867554,0.14050601422786713,0.004248309414833784
kdv1d,shared_jet_linear,20260922,10000,454.1758445985615,0.08555817604064941,0.13053514063358307,0.003169719595462084
kdv1d,shared_jet_linear,20260922,10100,458.53527711797506,0.07971673458814621,0.12291548401117325,0.00333044258877635
kdv1d,shared_jet_linear,20260922,10200,462.9077824149281,0.07384411990642548,0.11554742604494095,0.0026901736855506897
kdv1d,shared_jet_linear,20260922,10300,467.4273350853473,0.06806910783052444,0.10758612304925919,0.0026869098655879498
kdv1d,shared_jet_linear,20260922,10400,471.68515826482326,0.06287678331136703,0.10097012668848038,0.0020181715954095125
kdv1d,shared_jet_linear,20260922,10500,475.92198934499174,0.05896191671490669,0.09511811286211014,0.001562695950269699
kdv1d,shared_jet_linear,20260922,10600,480.16139657702297,0.05532490462064743,0.09043367207050323,0.0014710405375808477
kdv1d,shared_jet_linear,20260922,10700,485.7206497108564,0.051737528294324875,0.08524318784475327,0.0012436308898031712
kdv1d,shared_jet_linear,20260922,10800,489.9542291359976,0.04927457123994827,0.08165588974952698,0.0010224959114566445
kdv1d,shared_jet_linear,20260922,10900,494.204970526509,0.04689864441752434,0.07811097800731659,0.000755862973164767
kdv1d,shared_jet_linear,20260922,11000,498.707024987787,0.044498756527900696,0.07504347711801529,0.0007655959343537688
kdv1d,shared_jet_linear,20260922,11100,503.3421395495534,0.04330787807703018,0.07261250168085098,0.0008905107970349491
kdv1d,shared_jet_linear,20260922,11200,508.32094826735556,0.04119999334216118,0.06980638206005096,0.0006690098089165986
kdv1d,shared_jet_linear,20260922,11300,513.8599823452532,0.040278930217027664,0.06792882829904556,0.0007583922706544399
kdv1d,shared_jet_linear,20260922,11400,518.3848131345585,0.038396768271923065,0.06570379436016083,0.0005754278972744942
kdv1d,shared_jet_linear,20260922,11500,522.6139130843803,0.037803906947374344,0.06426088511943817,0.0007276637479662895
kdv1d,shared_jet_linear,20260922,11600,526.8397831758484,0.03691326081752777,0.06308428198099136,0.0005894752102904022
kdv1d,shared_jet_linear,20260922,11700,531.0945223672315,0.035214461386203766,0.061111435294151306,0.0005396023625507951
kdv1d,shared_jet_linear,20260922,11800,535.323182772845,0.03458119183778763,0.059957366436719894,0.0004322857712395489
kdv1d,shared_jet_linear,20260922,11900,539.5626918608323,0.03396625816822052,0.05876949802041054,0.0004152395122218877
kdv1d,shared_jet_linear,20260922,12000,543.7900982480496,0.03325003758072853,0.05778561532497406,0.00044007247197441757
kdv1d,shared_jet_linear,20260922,12100,548.0454175043851,0.03232960030436516,0.05693357437849045,0.0004696774703916162
kdv1d,shared_jet_linear,20260922,12200,552.2709638224915,0.03207471966743469,0.056362688541412354,0.000490560953039676
kdv1d,shared_jet_linear,20260922,12300,556.500924134627,0.031034128740429878,0.054938990622758865,0.0004161165561527014
kdv1d,shared_jet_linear,20260922,12400,560.7169345365837,0.030686432495713234,0.054214008152484894,0.0003626242687460035
kdv1d,shared_jet_linear,20260922,12500,565.0172349708155,0.030378028750419617,0.05359511822462082,0.0003350726037751883
kdv1d,shared_jet_linear,20260922,12600,569.3058119593188,0.029309090226888657,0.05255386233329773,0.00034556607715785503
kdv1d,shared_jet_linear,20260922,12700,573.6474579069763,0.0288002397865057,0.05167233198881149,0.0003044448094442487
kdv1d,shared_jet_linear,20260922,12800,577.9695939859375,0.02858727052807808,0.05135568603873253,0.00030672791763208807
kdv1d,shared_jet_linear,20260922,12900,582.2865528408438,0.028468098491430283,0.050480280071496964,0.0002465434081386775
kdv1d,shared_jet_linear,20260922,13000,586.5844378247857,0.027330420911312103,0.049157384783029556,0.00027060674619860947
kdv1d,shared_jet_linear,20260922,13100,591.3103127544746,0.026564357802271843,0.048084892332553864,0.000293011253233999
kdv1d,shared_jet_linear,20260922,13200,597.029272175394,0.02649088390171528,0.047853320837020874,0.00026273741968907416
kdv1d,shared_jet_linear,20260922,13300,602.7457485403866,0.02568507380783558,0.04680630564689636,0.00023172204964794219
kdv1d,shared_jet_linear,20260922,13400,608.3182276906446,0.025307197123765945,0.046109337359666824,0.0002193022082792595
kdv1d,shared_jet_linear,20260922,13500,612.8648714553565,0.024353662505745888,0.045145194977521896,0.0002407467836746946
kdv1d,shared_jet_linear,20260922,13600,617.1155617162585,0.02401241846382618,0.044194579124450684,0.000243233356741257
kdv1d,shared_jet_linear,20260922,13700,621.3539438713342,0.02392977476119995,0.043533168733119965,0.0002504837466403842
kdv1d,shared_jet_linear,20260922,13800,625.6225602254272,0.02301873452961445,0.042375024408102036,0.00022750519565306604
kdv1d,shared_jet_linear,20260922,13900,629.9507539290935,0.022542763501405716,0.041788313537836075,0.00021504663163796067
kdv1d,shared_jet_linear,20260922,14000,634.283984339796,0.022365305572748184,0.041177742183208466,0.00020127938478253782
kdv1d,shared_jet_linear,20260922,14100,638.6083131469786,0.02159709483385086,0.040066804736852646,0.0001866671082098037
kdv1d,shared_jet_linear,20260922,14200,642.9404424708337,0.021396564319729805,0.03956328332424164,0.0002086379681713879
kdv1d,shared_jet_linear,20260922,14300,647.195569306612,0.02061547338962555,0.038655225187540054,0.00017259840387851
kdv1d,shared_jet_linear,20260922,14400,651.4811208201572,0.020117908716201782,0.03774120658636093,0.0001851686101872474
kdv1d,shared_jet_linear,20260922,14500,656.263982700184,0.019627483561635017,0.03665861859917641,0.00016445213987026364
kdv1d,shared_jet_linear,20260922,14600,661.6634720275179,0.019264310598373413,0.0360519215464592,0.00013874357682652771
kdv1d,shared_jet_linear,20260922,14700,665.9160134764388,0.018485140055418015,0.034908682107925415,0.0001273323141504079
kdv1d,shared_jet_linear,20260922,14800,670.1530615594238,0.018105600029230118,0.0341322124004364,0.00017548150208313018
kdv1d,shared_jet_linear,20260922,14900,674.5231819190085,0.01736854948103428,0.032875627279281616,0.0001417398452758789
kdv1d,shared_jet_linear,20260922,15000,679.160585006699,0.01738622412085533,0.032538268715143204,0.00012870463251601905
kdv1d,shared_jet_linear,20260922,15100,683.6354303313419,0.016708524897694588,0.03167896345257759,0.00010630807082634419
kdv1d,shared_jet_linear,20260922,15200,687.92933264561,0.016591887921094894,0.030860593542456627,0.00012240141222719103
kdv1d,shared_jet_linear,20260922,15300,693.0480834264308,0.015394959598779678,0.0294896699488163,9.898655116558075e-05
kdv1d,shared_jet_linear,20260922,15400,698.0662129726261,0.015982933342456818,0.029504146426916122,0.0001360844325972721
kdv1d,shared_jet_linear,20260922,15500,702.3658108022064,0.015151540748775005,0.028467651456594467,0.00011598730634432286
kdv1d,shared_jet_linear,20260922,15600,706.6163638290018,0.014988046139478683,0.027842804789543152,9.910667722579092e-05
kdv1d,shared_jet_linear,20260922,15700,710.8578897910193,0.013818192295730114,0.026380090042948723,9.378836693940684e-05
kdv1d,shared_jet_linear,20260922,15800,715.0934833455831,0.01406117808073759,0.02622981369495392,9.448387572774664e-05
kdv1d,shared_jet_linear,20260922,15900,719.3225570358336,0.013193265534937382,0.02502988837659359,9.62610574788414e-05
kdv1d,shared_jet_linear,20260922,16000,723.5445908680558,0.013261429965496063,0.024641353636980057,0.00010176690557273105
kdv1d,shared_jet_linear,20260922,16100,729.3214473677799,0.01242296863347292,0.023679830133914948,7.255874515976757e-05
kdv1d,shared_jet_linear,20260922,16200,736.1601892244071,0.012445692904293537,0.023364996537566185,0.00010638395906426013
kdv1d,shared_jet_linear,20260922,16300,741.828433085233,0.012149957939982414,0.022823141887784004,9.42376209422946e-05
kdv1d,shared_jet_linear,20260922,16400,747.6603201702237,0.011994083411991596,0.02239537052810192,6.99419979355298e-05
kdv1d,shared_jet_linear,20260922,16500,754.3426080634817,0.011864605359733105,0.0220393817871809,9.81174162006937e-05
kdv1d,shared_jet_linear,20260922,16600,760.161080531776,0.01193679217249155,0.021701058372855186,8.526243618689477e-05
kdv1d,shared_jet_linear,20260922,16700,766.020277117379,0.011291715316474438,0.020970642566680908,6.973776908125728e-05
kdv1d,shared_jet_linear,20260922,16800,772.2030615238473,0.011606131680309772,0.021033743396401405,8.459979289909825e-05
kdv1d,shared_jet_linear,20260922,16900,778.0705375978723,0.011015640571713448,0.020286405459046364,7.164788257796317e-05
kdv1d,shared_jet_linear,20260922,17000,782.4315421627834,0.010719393379986286,0.019789179787039757,7.394943531835452e-05
kdv1d,shared_jet_linear,20260922,17100,786.7365423645824,0.010552887804806232,0.019193578511476517,5.7323090004501864e-05
kdv1d,shared_jet_linear,20260922,17200,791.013054789044,0.01060786098241806,0.019176475703716278,6.93717593094334e-05
kdv1d,shared_jet_linear,20260922,17300,795.243534729816,0.009716132655739784,0.01821671612560749,6.383520667441189e-05
kdv1d,shared_jet_linear,20260922,17400,799.4717077808455,0.010673979297280312,0.01892421580851078,6.967351509956643e-05
kdv1d,shared_jet_linear,20260922,17500,803.8205571947619,0.009852644056081772,0.017940618097782135,6.311434117378667e-05
kdv1d,shared_jet_linear,20260922,17600,808.0321817211807,0.009858633391559124,0.017781803384423256,6.00295425101649e-05
kdv1d,shared_jet_linear,20260922,17700,812.2500790506601,0.009967928752303123,0.01782592199742794,5.1029030146310106e-05
kdv1d,shared_jet_linear,20260922,17800,816.4777524322271,0.009799439460039139,0.01759263128042221,5.6852313718991354e-05
kdv1d,shared_jet_linear,20260922,17900,821.5615620547906,0.009573332034051418,0.017117928713560104,6.427050539059564e-05
kdv1d,shared_jet_linear,20260922,18000,827.0883490489796,0.00949149765074253,0.01704619638621807,6.71321977279149e-05
kdv1d,shared_jet_linear,20260922,18100,832.6170022040606,0.009412151761353016,0.016825474798679352,5.92057804169599e-05
kdv1d,shared_jet_linear,20260922,18200,838.1624451037496,0.009393219836056232,0.016793427988886833,5.040079486207105e-05
kdv1d,shared_jet_linear,20260922,18300,843.7101832153276,0.009083998389542103,0.01642594486474991,4.7988803999032825e-05
kdv1d,shared_jet_linear,20260922,18400,848.9854649053887,0.008434888906776905,0.015524614602327347,4.39087743870914e-05
kdv1d,shared_jet_linear,20260922,18500,853.2911367807537,0.008818886242806911,0.01586761511862278,4.384514977573417e-05
kdv1d,shared_jet_linear,20260922,18600,857.6123032104224,0.008678726851940155,0.015479163266718388,5.159523425390944e-05
kdv1d,shared_jet_linear,20260922,18700,861.9431685926393,0.008714393712580204,0.015534132719039917,4.818327215616591e-05
kdv1d,shared_jet_linear,20260922,18800,866.2300754655153,0.008481485769152641,0.015157494693994522,4.9876714911079034e-05
kdv1d,shared_jet_linear,20260922,18900,870.9052206622437,0.008335609920322895,0.014993383549153805,5.896315269637853e-05
kdv1d,shared_jet_linear,20260922,19000,875.670045341365,0.008053457364439964,0.01463917177170515,6.069756636861712e-05
kdv1d,shared_jet_linear,20260922,19100,879.9582035662606,0.008295375853776932,0.01480319444090128,4.844260183745064e-05
kdv1d,shared_jet_linear,20260922,19200,886.1697603659704,0.007853841409087181,0.014185765758156776,4.374100171844475e-05
kdv1d,shared_jet_linear,20260922,19300,892.0754152964801,0.00784118939191103,0.014062703587114811,5.016376235289499e-05
kdv1d,shared_jet_linear,20260922,19400,896.4066106490791,0.007746355142444372,0.014013019390404224,4.6387300244532526e-05
kdv1d,shared_jet_linear,20260922,19500,900.6559688728303,0.008141600526869297,0.01422436535358429,5.3840554755879566e-05
kdv1d,shared_jet_linear,20260922,19600,904.8511087354273,0.007439984939992428,0.013468251563608646,3.8148453313624486e-05
kdv1d,shared_jet_linear,20260922,19700,909.0421466883272,0.00735273165628314,0.01347927562892437,4.43013668700587e-05
kdv1d,shared_jet_linear,20260922,19800,913.2320830402896,0.0072678253054618835,0.013243620283901691,4.741414886666462e-05
kdv1d,shared_jet_linear,20260922,19900,917.4401049856097,0.007350402884185314,0.013273926451802254,4.0472827095072716e-05
kdv1d,shared_jet_linear,20260922,20000,921.664913575165,0.007579549681395292,0.013388019986450672,3.99406417272985e-05
kdv1d,shared_jet_linear,20260922,20100,925.9462886527181,0.007726384326815605,0.013409744016826153,5.5155414884211496e-05
kdv1d,shared_jet_linear,20260922,20200,930.182707015425,0.007322186138480902,0.012949878349900246,4.892861397820525e-05
kdv1d,shared_jet_linear,20260922,20300,934.4222824145108,0.006951509043574333,0.012580381706357002,3.6309378629084677e-05
kdv1d,shared_jet_linear,20260922,20400,938.6305158603936,0.007022317498922348,0.012619913555681705,3.371755519765429e-05
kdv1d,shared_jet_linear,20260922,20500,942.8523128032684,0.00728366244584322,0.012685282155871391,3.984511931776069e-05
kdv1d,shared_jet_linear,20260922,20600,947.0689205704257,0.007102471310645342,0.012598058208823204,4.1314146074000746e-05
kdv1d,shared_jet_linear,20260922,20700,951.6762211238965,0.0068345218896865845,0.012289921753108501,2.7577034416026436e-05
kdv1d,shared_jet_linear,20260922,20800,956.4503990458325,0.006727296859025955,0.012022255919873714,3.3258296753047034e-05
kdv1d,shared_jet_linear,20260922,20900,960.6820502430201,0.006480847485363483,0.01175672747194767,4.0271821490023285e-05
kdv1d,shared_jet_linear,20260922,21000,964.9156003464013,0.00655854307115078,0.011874147690832615,2.695683178899344e-05
kdv1d,shared_jet_linear,20260922,21100,969.1276190159842,0.006511334329843521,0.011667456477880478,2.6277943106833845e-05
kdv1d,shared_jet_linear,20260922,21200,973.3223287994042,0.006990964990109205,0.012091855518519878,3.953267150791362e-05
kdv1d,shared_jet_linear,20260922,21300,977.5125670386478,0.006466464605182409,0.011440600268542767,4.23215824412182e-05
kdv1d,shared_jet_linear,20260922,21400,981.698552464135,0.00622961251065135,0.011158505454659462,2.7394564312999137e-05
kdv1d,shared_jet_linear,20260922,21500,985.8739284146577,0.00629154359921813,0.011345511302351952,3.6791454476770014e-05
kdv1d,shared_jet_linear,20260922,21600,990.0397415012121,0.006746751256287098,0.011568110436201096,3.459640720393509e-05
kdv1d,shared_jet_linear,20260922,21700,994.2106412332505,0.005971964448690414,0.010855804197490215,2.688696804398205e-05
kdv1d,shared_jet_linear,20260922,21800,998.38059800677,0.006126051768660545,0.010996412485837936,3.2466625270899385e-05
kdv1d,shared_jet_linear,20260922,21900,1002.5554260881618,0.005828973837196827,0.010516390204429626,3.1982701329980046e-05
kdv1d,shared_jet_linear,20260922,22000,1006.7452503042296,0.006279804743826389,0.01104508526623249,3.848053529509343e-05
kdv1d,shared_jet_linear,20260922,22100,1010.9331055358052,0.005784986540675163,0.010457903146743774,2.860178574337624e-05
kdv1d,shared_jet_linear,20260922,22200,1015.1222581164911,0.005937648471444845,0.010558069683611393,2.375076655880548e-05
kdv1d,shared_jet_linear,20260922,22300,1019.3231913931668,0.0058197579346597195,0.010439218021929264,2.7966369088971987e-05
kdv1d,shared_jet_linear,20260922,22400,1023.5356682306156,0.00542956730350852,0.010011832229793072,2.4435601517325267e-05
kdv1d,shared_jet_linear,20260922,22500,1027.7157295309007,0.0055923303589224815,0.010086874477565289,2.175469671783503e-05
kdv1d,shared_jet_linear,20260922,22600,1031.9242566013709,0.005925298668444157,0.010330136865377426,2.0022120224894024e-05
kdv1d,shared_jet_linear,20260922,22700,1036.102791564539,0.005752127151936293,0.010122895240783691,2.3296423023566604e-05
kdv1d,shared_jet_linear,20260922,22800,1040.2859046021476,0.005425004754215479,0.009624319151043892,2.1862000721739605e-05
kdv1d,shared_jet_linear,20260922,22900,1044.4670932143927,0.005341154057532549,0.009718024171888828,1.8285612895851955e-05
kdv1d,shared_jet_linear,20260922,23000,1048.6411720560864,0.0053265816532075405,0.00957019254565239,2.785553806461394e-05
kdv1d,shared_jet_linear,20260922,23100,1052.813841146417,0.005219409707933664,0.00941958837211132,2.097548531310167e-05
kdv1d,shared_jet_linear,20260922,23200,1056.9756004754454,0.005373477004468441,0.00958279985934496,2.5633707991801202e-05
kdv1d,shared_jet_linear,20260922,23300,1061.1369076604024,0.005196003243327141,0.00929716695100069,2.3970702386577614e-05
kdv1d,shared_jet_linear,20260922,23400,1065.2971452903003,0.005093145649880171,0.009205346927046776,1.842232268245425e-05
kdv1d,shared_jet_linear,20260922,23500,1069.4583332100883,0.0050135524943470955,0.009095673449337482,2.2017344235791825e-05
kdv1d,shared_jet_linear,20260922,23600,1073.6382118249312,0.0048531643114984035,0.008938652463257313,2.1321364329196513e-05
kdv1d,shared_jet_linear,20260922,23700,1077.8219904061407,0.004982425831258297,0.008854066953063011,2.1778987502329983e-05
kdv1d,shared_jet_linear,20260922,23800,1082.0159422121942,0.0049574063159525394,0.008810751140117645,2.0814250092371367e-05
kdv1d,shared_jet_linear,20260922,23900,1086.2021782780066,0.004525006283074617,0.008399811573326588,2.1269117496558465e-05
kdv1d,shared_jet_linear,20260922,24000,1090.3902091737837,0.004626039881259203,0.00847448967397213,1.6468957255710848e-05
kdv1d,shared_jet_linear,20260922,24100,1094.5823862301186,0.004772733431309462,0.00854048877954483,2.172155654989183e-05
kdv1d,shared_jet_linear,20260922,24200,1098.7746088001877,0.0044825696386396885,0.008196226321160793,2.1871848730370402e-05
kdv1d,shared_jet_linear,20260922,24300,1102.968312206678,0.004626065492630005,0.00830329954624176,1.8224965970148332e-05
kdv1d,shared_jet_linear,20260922,24400,1107.15970750805,0.004367745015770197,0.008066259324550629,1.6473946743644774e-05
kdv1d,shared_jet_linear,20260922,24500,1111.351818579249,0.004509146325290203,0.008252420462667942,1.777247598511167e-05
kdv1d,shared_jet_linear,20260922,24600,1115.5376991955563,0.004223545081913471,0.007865939289331436,2.1243351511657238e-05
kdv1d,shared_jet_linear,20260922,24700,1119.7300841184333,0.004531416110694408,0.0081281503662467,1.689604323473759e-05
kdv1d,shared_jet_linear,20260922,24800,1123.9333619037643,0.004266216419637203,0.007887475192546844,1.6532372683286667e-05
kdv1d,shared_jet_linear,20260922,24900,1128.126817356795,0.004091995768249035,0.007653635926544666,1.8474551325198263e-05
kdv1d,shared_jet_linear,20260922,25000,1132.3227368788794,0.0045274896547198296,0.008002057671546936,1.6049929399741814e-05
kdv1d,nested_jvp,20260923,0,0.0,1.1448099613189697,1.122642993927002,
kdv1d,nested_jvp,20260923,100,34.02663637697697,0.9026016592979431,0.941135823726654,0.48223865032196045
kdv1d,nested_jvp,20260923,200,68.00706626847386,0.9214615821838379,1.0146043300628662,0.5935814380645752
kdv1d,nested_jvp,20260923,300,101.08431860432029,0.9286777973175049,1.0407369136810303,0.49194246530532837
kdv1d,nested_jvp,20260923,400,134.32351986691356,0.9275407791137695,1.0427323579788208,0.6723328828811646
kdv1d,nested_jvp,20260923,500,168.43195018637925,0.919957160949707,1.0388766527175903,0.5491929054260254
kdv1d,nested_jvp,20260923,600,202.29007759224623,0.9233370423316956,1.044924259185791,0.47771573066711426
kdv1d,nested_jvp,20260923,700,236.24632637482136,0.9242932796478271,1.0467084646224976,0.43483394384384155
kdv1d,nested_jvp,20260923,800,270.7021376248449,0.9243819117546082,1.0454363822937012,0.5200086832046509
kdv1d,nested_jvp,20260923,900,305.1509067574516,0.9159443974494934,1.0419522523880005,0.4641018211841583
kdv1d,nested_jvp,20260923,1000,339.53908645547926,0.9036992192268372,1.0251935720443726,0.5199366807937622
kdv1d,nested_jvp,20260923,1100,373.03123997338116,0.8974829912185669,1.0152994394302368,0.46563225984573364
kdv1d,nested_jvp,20260923,1200,407.62977078650147,0.8817192316055298,1.0012356042861938,0.5778838396072388
kdv1d,nested_jvp,20260923,1300,440.85578979272395,0.8709096908569336,0.9795340895652771,0.4402020573616028
kdv1d,nested_jvp,20260923,1400,474.9512386228889,0.8510645031929016,0.955314040184021,0.3398323059082031
kdv1d,nested_jvp,20260923,1500,510.5479546179995,0.8276388049125671,0.923668384552002,0.4135656952857971
kdv1d,nested_jvp,20260923,1600,544.033244241029,0.7990054488182068,0.8909122347831726,0.3974789083003998
kdv1d,nested_jvp,20260923,1700,578.1487708492205,0.7765464186668396,0.852159321308136,0.4011448323726654
kdv1d,nested_jvp,20260923,1800,612.9779649795964,0.7365177273750305,0.7943081855773926,0.3590817451477051
kdv1d,nested_jvp,20260923,1900,647.4071050649509,0.712715744972229,0.7637309432029724,0.27332815527915955
kdv1d,nested_jvp,20260923,2000,681.1661809450015,0.6993056535720825,0.7403112649917603,0.2446228414773941
kdv1d,nested_jvp,20260923,2100,714.8797480333596,0.6697416305541992,0.7071889638900757,0.37301871180534363
kdv1d,nested_jvp,20260923,2200,748.7778552146628,0.6574447751045227,0.6908687353134155,0.3397497832775116
kdv1d,nested_jvp,20260923,2300,782.6995208049193,0.6491714715957642,0.6840341687202454,0.343087375164032
kdv1d,nested_jvp,20260923,2400,816.5407609650865,0.6377655863761902,0.6711674332618713,0.2960614562034607
kdv1d,nested_jvp,20260923,2500,851.2254543947056,0.6267475485801697,0.6622115969657898,0.26241275668144226
kdv1d,nested_jvp,20260923,2600,884.8152853073552,0.6126468181610107,0.6488149166107178,0.27958524227142334
kdv1d,nested_jvp,20260923,2700,918.0052913250402,0.6017693281173706,0.6420810222625732,0.35073453187942505
kdv1d,nested_jvp,20260923,2800,952.565398728475,0.5915092825889587,0.6351915597915649,0.25240492820739746
kdv1d,nested_jvp,20260923,2900,986.6858703996986,0.5735712647438049,0.62166827917099,0.25377145409584045
kdv1d,nested_jvp,20260923,3000,1020.06643966306,0.5610427856445312,0.6145959496498108,0.19886638224124908
kdv1d,nested_jvp,20260923,3100,1053.6098948670551,0.5481122732162476,0.6109171509742737,0.22318357229232788
kdv1d,nested_jvp,20260923,3200,1086.3139457814395,0.5361688733100891,0.6070771813392639,0.19116903841495514
kdv1d,nested_jvp,20260923,3300,1119.6949756257236,0.5240814685821533,0.6025435924530029,0.19694682955741882
kdv1d,nested_jvp,20260923,3400,1158.2557326005772,0.5134720802307129,0.6027041673660278,0.17096161842346191
kdv1d,nested_jvp,20260923,3500,1200.6741466578096,0.5021750926971436,0.6022318005561829,0.19557707011699677
kdv1d,nested_jvp,20260923,3600,1234.9987255418673,0.49399125576019287,0.6058261394500732,0.12121962755918503
kdv1d,nested_jvp,20260923,3700,1272.291542085819,0.4851020872592926,0.6104027628898621,0.16084887087345123
kdv1d,nested_jvp,20260923,3800,1314.087670860812,0.4784865379333496,0.6159593462944031,0.15644226968288422
kdv1d,nested_jvp,20260923,3900,1346.7129150032997,0.4712928533554077,0.6196738481521606,0.1115022748708725
kdv1d,nested_jvp,20260923,4000,1383.942041923292,0.46902838349342346,0.6256058216094971,0.07792843878269196
kdv1d,nested_jvp,20260923,4100,1416.712732304819,0.4662030041217804,0.6328812837600708,0.1105831041932106
kdv1d,nested_jvp,20260923,4200,1450.309800525196,0.46250906586647034,0.6353946328163147,0.09153914451599121
kdv1d,nested_jvp,20260923,4300,1483.1197520624846,0.4613990783691406,0.6413450241088867,0.13128477334976196
kdv1d,nested_jvp,20260923,4400,1516.4477940220386,0.46041935682296753,0.6457254886627197,0.09903848171234131
kdv1d,nested_jvp,20260923,4500,1549.6904781116173,0.45932304859161377,0.6478258371353149,0.1057153269648552
kdv1d,nested_jvp,20260923,4600,1583.2759847100824,0.4589841663837433,0.6506956815719604,0.0868174210190773
kdv1d,nested_jvp,20260923,4700,1617.3328991597518,0.4564150273799896,0.6497077345848083,0.07576844096183777
kdv1d,nested_jvp,20260923,4800,1650.8892440199852,0.4543854594230652,0.6477869153022766,0.10777921974658966
kdv1d,nested_jvp,20260923,4900,1683.9687028340995,0.4499129354953766,0.643725574016571,0.08181721717119217
kdv1d,nested_jvp,20260923,5000,1720.2981010721996,0.44607216119766235,0.6381964683532715,0.06907813996076584
kdv1d,nested_jvp,20260923,5100,1753.4302672240883,0.44244155287742615,0.6337753534317017,0.08633754402399063
kdv1d,nested_jvp,20260923,5200,1788.2106739254668,0.43844932317733765,0.6280458569526672,0.09481369704008102
kdv1d,nested_jvp,20260923,5300,1822.298837378621,0.43694695830345154,0.6250823736190796,0.08093190938234329
kdv1d,nested_jvp,20260923,5400,1855.647691684775,0.428427517414093,0.6130154132843018,0.06683909147977829
kdv1d,nested_jvp,20260923,5500,1891.6508566718549,0.42441511154174805,0.606627345085144,0.07494547218084335
kdv1d,nested_jvp,20260923,5600,1925.3116927351803,0.4205198585987091,0.5999632477760315,0.07962381839752197
kdv1d,nested_jvp,20260923,5700,1959.1484805392101,0.41596531867980957,0.5930233001708984,0.06268998980522156
kdv1d,nested_jvp,20260923,5800,1993.3056311178952,0.4120343327522278,0.5861802101135254,0.07861802726984024
kdv1d,nested_jvp,20260923,5900,2027.5378735568374,0.40719670057296753,0.5787624716758728,0.06908632069826126
kdv1d,nested_jvp,20260923,6000,2060.8865751670673,0.4000732898712158,0.5679575204849243,0.07351184636354446
kdv1d,nested_jvp,20260923,6100,2094.493729512207,0.3981280028820038,0.5636058449745178,0.07709167152643204
kdv1d,nested_jvp,20260923,6200,2127.467397700064,0.39217817783355713,0.553895115852356,0.06412634253501892
kdv1d,nested_jvp,20260923,6300,2159.971446994692,0.3854890763759613,0.5427977442741394,0.06480830162763596
kdv1d,nested_jvp,20260923,6400,2193.6241457471624,0.3808077275753021,0.5350537300109863,0.07712051272392273
kdv1d,nested_jvp,20260923,6500,2227.4142775917426,0.3757025897502899,0.5265119075775146,0.07366960495710373
kdv1d,nested_jvp,20260923,6600,2261.6192729473114,0.3713875412940979,0.5189929604530334,0.06159687414765358
kdv1d,nested_jvp,20260923,6700,2294.7048124447465,0.3622083365917206,0.5050258040428162,0.04842553287744522
kdv1d,nested_jvp,20260923,6800,2328.3423708546907,0.3597271144390106,0.5004326701164246,0.05206179991364479
kdv1d,nested_jvp,20260923,6900,2361.7588617252186,0.35372817516326904,0.491382896900177,0.05398236960172653
kdv1d,nested_jvp,20260923,7000,2395.053153711371,0.34967976808547974,0.48419418931007385,0.04959897696971893
kdv1d,nested_jvp,20260923,7100,2428.9619107237086,0.3420962989330292,0.472891628742218,0.0591302365064621
kdv1d,nested_jvp,20260923,7200,2462.4442270677537,0.33776864409446716,0.46621450781822205,0.04090362787246704
kdv1d,nested_jvp,20260923,7300,2495.841942577623,0.33432307839393616,0.46002960205078125,0.05831332877278328
kdv1d,nested_jvp,20260923,7400,2529.3258701311424,0.3280460834503174,0.4508231282234192,0.04586324840784073
kdv1d,nested_jvp,20260923,7500,2562.2366852099076,0.32356470823287964,0.44439756870269775,0.043240245431661606
kdv1d,nested_jvp,20260923,7600,2595.7636626632884,0.3191430866718292,0.43762198090553284,0.04417768493294716
kdv1d,nested_jvp,20260923,7700,2629.1403008000925,0.3160070478916168,0.4330829679965973,0.036346301436424255
kdv1d,nested_jvp,20260923,7800,2662.468503273092,0.3079642057418823,0.421597957611084,0.04233068600296974
kdv1d,nested_jvp,20260923,7900,2695.7981002805755,0.30506059527397156,0.4178067743778229,0.04839364439249039
kdv1d,nested_jvp,20260923,8000,2728.8731040479615,0.30093738436698914,0.41162145137786865,0.04202166944742203
kdv1d,nested_jvp,20260923,8100,2761.808838018216,0.2954987585544586,0.4059556722640991,0.03820881247520447
kdv1d,nested_jvp,20260923,8200,2795.07471700944,0.2953198254108429,0.402986079454422,0.03738890960812569
kdv1d,nested_jvp,20260923,8300,2827.900543693453,0.2890021502971649,0.39623764157295227,0.03004821576178074
kdv1d,nested_jvp,20260923,8400,2861.4907836019993,0.28413698077201843,0.3887241780757904,0.03180360794067383
kdv1d,nested_jvp,20260923,8500,2894.395062827505,0.27794069051742554,0.3816874623298645,0.04360843077301979
kdv1d,nested_jvp,20260923,8600,2927.704883331433,0.2748546004295349,0.3781527280807495,0.03790971264243126
kdv1d,nested_jvp,20260923,8700,2960.7061984054744,0.272134006023407,0.37417471408843994,0.03225834667682648
kdv1d,nested_jvp,20260923,8800,2993.395401227288,0.2667141556739807,0.3672751188278198,0.025820579379796982
kdv1d,nested_jvp,20260923,8900,3026.8123901300132,0.2640252709388733,0.36330893635749817,0.029031893238425255
kdv1d,nested_jvp,20260923,9000,3059.984682478942,0.25806406140327454,0.3558516204357147,0.029575742781162262
kdv1d,nested_jvp,20260923,9100,3092.4560792818666,0.2549493908882141,0.3517164885997772,0.03383467346429825
kdv1d,nested_jvp,20260923,9200,3125.749966985546,0.24942141771316528,0.3446723520755768,0.024629462510347366
kdv1d,nested_jvp,20260923,9300,3157.905387456529,0.24392500519752502,0.3380196690559387,0.0209336094558239
kdv1d,nested_jvp,20260923,9400,3190.9554536473006,0.23925451934337616,0.33227330446243286,0.026971260085701942
kdv1d,nested_jvp,20260923,9500,3223.891748744063,0.23662027716636658,0.3276885747909546,0.02234555035829544
kdv1d,nested_jvp,20260923,9600,3256.709004640579,0.2293449491262436,0.31919586658477783,0.018531907349824905
kdv1d,nested_jvp,20260923,9700,3289.474197481759,0.22617433965206146,0.3148902952671051,0.027301058173179626
kdv1d,nested_jvp,20260923,9800,3322.767029354349,0.22047583758831024,0.30777665972709656,0.020972315222024918
kdv1d,nested_jvp,20260923,9900,3355.7666998682544,0.21434523165225983,0.30056032538414,0.01842263527214527
kdv1d,nested_jvp,20260923,10000,3388.770197397098,0.21146467328071594,0.2956143021583557,0.020564384758472443
kdv1d,nested_jvp,20260923,10100,3421.738507805392,0.20413215458393097,0.2863653004169464,0.018458034843206406
kdv1d,nested_jvp,20260923,10200,3454.4499771371484,0.20081788301467896,0.28174901008605957,0.022722745314240456
kdv1d,nested_jvp,20260923,10300,3487.9909508777782,0.19383688271045685,0.27319642901420593,0.01625601202249527
kdv1d,nested_jvp,20260923,10400,3520.889732884243,0.18768559396266937,0.265604168176651,0.017467493191361427
kdv1d,nested_jvp,20260923,10500,3554.0072497725487,0.18154498934745789,0.25703147053718567,0.014061463996767998
kdv1d,nested_jvp,20260923,10600,3587.022888671607,0.17458413541316986,0.2484598606824875,0.0133659103885293
kdv1d,nested_jvp,20260923,10700,3620.7694659903646,0.1681336611509323,0.24020551145076752,0.013326396234333515
kdv1d,nested_jvp,20260923,10800,3653.9932278580964,0.16216325759887695,0.2325839251279831,0.010996632277965546
kdv1d,nested_jvp,20260923,10900,3687.8663692763075,0.15454839169979095,0.22331461310386658,0.009595461189746857
kdv1d,nested_jvp,20260923,11000,3721.3390532219782,0.14706547558307648,0.21369867026805878,0.009966456331312656
kdv1d,nested_jvp,20260923,11100,3754.3662339430302,0.13886050879955292,0.20284757018089294,0.008872335776686668
kdv1d,nested_jvp,20260923,11200,3787.627668377012,0.13230441510677338,0.19499526917934418,0.007080089766532183
kdv1d,nested_jvp,20260923,11300,3820.610211443156,0.12481355667114258,0.18526704609394073,0.006168411113321781
kdv1d,nested_jvp,20260923,11400,3853.187608288601,0.11643936485052109,0.17507989704608917,0.0055358633399009705
kdv1d,nested_jvp,20260923,11500,3886.990986527875,0.10921826958656311,0.165902242064476,0.004880587104707956
kdv1d,nested_jvp,20260923,11600,3920.5889587122947,0.10307015478610992,0.1585180163383484,0.004735756665468216
kdv1d,nested_jvp,20260923,11700,3953.310484240763,0.09617702662944794,0.14978595077991486,0.0038922966923564672
kdv1d,nested_jvp,20260923,11800,3986.149069258943,0.08990127593278885,0.1415356546640396,0.003560646204277873
kdv1d,nested_jvp,20260923,11900,4020.314547462389,0.08418376743793488,0.13431227207183838,0.0024921540170907974
kdv1d,nested_jvp,20260923,12000,4053.195874686353,0.07823780179023743,0.12673261761665344,0.002929202513769269
kdv1d,nested_jvp,20260923,12100,4086.687374824658,0.07382265478372574,0.120553158223629,0.0022103639785200357
kdv1d,nested_jvp,20260923,12200,4119.978110328317,0.06954325735569,0.11492805182933807,0.0017564507434144616
kdv1d,nested_jvp,20260923,12300,4153.453170753084,0.06572320312261581,0.10950478911399841,0.0015092809917405248
kdv1d,nested_jvp,20260923,12400,4186.488522388972,0.06220536679029465,0.10441166907548904,0.001493446878157556
kdv1d,nested_jvp,20260923,12500,4219.326803014614,0.05939188227057457,0.10049030184745789,0.0014982360880821943
kdv1d,nested_jvp,20260923,12600,4252.72751809936,0.057091400027275085,0.09662669152021408,0.001296974252909422
kdv1d,nested_jvp,20260923,12700,4285.551560233347,0.054586004465818405,0.09329066425561905,0.0013101323274895549
kdv1d,nested_jvp,20260923,12800,4318.504139158875,0.05272505432367325,0.09027421474456787,0.0010416376171633601
kdv1d,nested_jvp,20260923,12900,4352.748341703787,0.05157899856567383,0.08803825825452805,0.0010626267176121473
kdv1d,nested_jvp,20260923,13000,4386.597827701829,0.050506386905908585,0.08608869463205338,0.0009403352742083371
kdv1d,nested_jvp,20260923,13100,4419.84222561866,0.04901960864663124,0.08380160480737686,0.0008860663510859013
kdv1d,nested_jvp,20260923,13200,4453.927934356965,0.048130691051483154,0.08220190554857254,0.0009141358896158636
kdv1d,nested_jvp,20260923,13300,4487.064367313869,0.046600401401519775,0.08019310235977173,0.0009937055874615908
kdv1d,nested_jvp,20260923,13400,4520.269343971275,0.04554573819041252,0.07853888720273972,0.0008272758568637073
kdv1d,nested_jvp,20260923,13500,4553.151169836521,0.04476272314786911,0.0770270824432373,0.0008177855052053928
kdv1d,nested_jvp,20260923,13600,4586.223559163511,0.04468211904168129,0.07659012079238892,0.0008116364479064941
kdv1d,nested_jvp,20260923,13700,4618.916869892739,0.04331453517079353,0.0747847780585289,0.0007740387227386236
kdv1d,nested_jvp,20260923,13800,4651.877523128875,0.04253927618265152,0.07356435805559158,0.0006924170884303749
kdv1d,nested_jvp,20260923,13900,4684.938698244281,0.04262096807360649,0.07293573021888733,0.0007085357792675495
kdv1d,nested_jvp,20260923,14000,4718.797566026449,0.041261911392211914,0.07168211042881012,0.0005924333818256855
kdv1d,nested_jvp,20260923,14100,4751.969281398691,0.04090937227010727,0.07082527130842209,0.000585326983127743
kdv1d,nested_jvp,20260923,14200,4784.700843536295,0.039939235895872116,0.06945303827524185,0.0004856616724282503
kdv1d,nested_jvp,20260923,14300,4817.3717809719965,0.039393261075019836,0.06870105117559433,0.0005634721019305289
kdv1d,nested_jvp,20260923,14400,4850.341254093684,0.03860214352607727,0.06768215447664261,0.0005185034242458642
kdv1d,nested_jvp,20260923,14500,4883.673288556747,0.03818361088633537,0.06671614944934845,0.0005150104407221079
kdv1d,nested_jvp,20260923,14600,4917.246386937797,0.03724212199449539,0.06560161709785461,0.0004532086895778775
kdv1d,nested_jvp,20260923,14700,4950.374500552192,0.03733307868242264,0.06522639840841293,0.0005784332752227783
kdv1d,nested_jvp,20260923,14800,4984.522865993902,0.03690497949719429,0.06441444158554077,0.0004859984328504652
kdv1d,nested_jvp,20260923,14900,5018.458567907102,0.036085911095142365,0.06332056224346161,0.0004394318675622344
kdv1d,nested_jvp,20260923,15000,5051.997588448226,0.03503768518567085,0.06185318902134895,0.0004720050492323935
kdv1d,nested_jvp,20260923,15100,5085.183133803308,0.03455193713307381,0.061139900237321854,0.0003596022434066981
kdv1d,nested_jvp,20260923,15200,5118.382100522518,0.03454204648733139,0.0605698861181736,0.00036577117862179875
kdv1d,nested_jvp,20260923,15300,5151.763205477968,0.032903555780649185,0.058592699468135834,0.00034085987135767937
kdv1d,nested_jvp,20260923,15400,5185.013514768332,0.032892897725105286,0.05800343677401543,0.0003216435725335032
kdv1d,nested_jvp,20260923,15500,5218.453087491915,0.03116835094988346,0.05573944374918938,0.0003405835304874927
kdv1d,nested_jvp,20260923,15600,5251.4958315892145,0.03043450228869915,0.05468692630529404,0.0003110506513621658
kdv1d,nested_jvp,20260923,15700,5285.067627156153,0.030152177438139915,0.053466733545064926,0.00032576799276284873
kdv1d,nested_jvp,20260923,15800,5318.325092110783,0.028801843523979187,0.052005354315042496,0.00028740070411004126
kdv1d,nested_jvp,20260923,15900,5352.916908974759,0.02830640599131584,0.05079800263047218,0.0002875352220144123
kdv1d,nested_jvp,20260923,16000,5385.287543647923,0.026817750185728073,0.04886923357844353,0.00024081722949631512
kdv1d,nested_jvp,20260923,16100,5417.132309773937,0.026105361059308052,0.0473092757165432,0.00018142875342164189
kdv1d,nested_jvp,20260923,16200,5448.96807635203,0.025325613096356392,0.04604910686612129,0.0002253859565826133
kdv1d,nested_jvp,20260923,16300,5481.383450635709,0.024054989218711853,0.044305358082056046,0.0001987913274206221
kdv1d,nested_jvp,20260923,16400,5514.2554830936715,0.023443302139639854,0.04304005950689316,0.00022384551994036883
kdv1d,nested_jvp,20260923,16500,5548.580560979433,0.023141004145145416,0.041677407920360565,0.00021240691421553493
kdv1d,nested_jvp,20260923,16600,5581.545279724523,0.021419992670416832,0.03972838446497917,0.00018460466526448727
kdv1d,nested_jvp,20260923,16700,5614.641162913293,0.02077687531709671,0.038488876074552536,0.0002215802378486842
kdv1d,nested_jvp,20260923,16800,5648.243434653617,0.020096702501177788,0.03707243874669075,0.0001500895741628483
kdv1d,nested_jvp,20260923,16900,5681.911359908991,0.01862899214029312,0.03514876216650009,0.0001338380970992148
kdv1d,nested_jvp,20260923,17000,5713.914553362876,0.018703384324908257,0.03472331911325455,0.0001318242575507611
kdv1d,nested_jvp,20260923,17100,5746.525909631513,0.01757923699915409,0.03295920416712761,0.0001292485831072554
kdv1d,nested_jvp,20260923,17200,5779.584347369149,0.016527554020285606,0.03134065866470337,0.00013547531852964312
kdv1d,nested_jvp,20260923,17300,5812.325566289946,0.016186442226171494,0.030448468402028084,0.00016166215937118977
kdv1d,nested_jvp,20260923,17400,5844.7080389289185,0.015713606029748917,0.02961297333240509,0.00016813745605759323
kdv1d,nested_jvp,20260923,17500,5878.838097863831,0.015595870092511177,0.029206644743680954,0.00012093412806279957
kdv1d,nested_jvp,20260923,17600,5912.023118290119,0.014797014184296131,0.027874374762177467,0.00010616886720526963
kdv1d,nested_jvp,20260923,17700,5945.206155913882,0.014302818104624748,0.02702644094824791,0.00010590888268779963
kdv1d,nested_jvp,20260923,17800,5978.051016269252,0.014448209665715694,0.026850027963519096,0.00012035831605317071
kdv1d,nested_jvp,20260923,17900,6011.446984884329,0.013512362726032734,0.02556953951716423,0.00010160202509723604
kdv1d,nested_jvp,20260923,18000,6043.993664599955,0.013379144482314587,0.02496328391134739,8.228461956605315e-05
kdv1d,nested_jvp,20260923,18100,6077.34690836072,0.012877506203949451,0.024252254515886307,0.00011453207116574049
kdv1d,nested_jvp,20260923,18200,6110.719917476177,0.012772749178111553,0.023897234350442886,8.902281115297228e-05
kdv1d,nested_jvp,20260923,18300,6143.319301538169,0.012535602785646915,0.023404357954859734,7.771812670398504e-05
kdv1d,nested_jvp,20260923,18400,6176.431931958534,0.012331703677773476,0.02289138175547123,7.838431338313967e-05
kdv1d,nested_jvp,20260923,18500,6209.825149962679,0.012052887119352818,0.022419245913624763,8.096233796095476e-05
kdv1d,nested_jvp,20260923,18600,6243.770219841972,0.011803904548287392,0.021966587752103806,6.534566637128592e-05
kdv1d,nested_jvp,20260923,18700,6277.325776127167,0.0117898965254426,0.021765101701021194,6.688434950774536e-05
kdv1d,nested_jvp,20260923,18800,6309.622513921,0.011873085983097553,0.02146783098578453,9.648874402046204e-05
kdv1d,nested_jvp,20260923,18900,6343.347852256149,0.011121452786028385,0.02066773734986782,6.441113509936258e-05
kdv1d,nested_jvp,20260923,19000,6377.38881578017,0.01143485028296709,0.02080768160521984,8.667539077578112e-05
kdv1d,nested_jvp,20260923,19100,6411.382580525242,0.01111701037734747,0.02029009908437729,8.406706183450297e-05
kdv1d,nested_jvp,20260923,19200,6445.0300759691745,0.010971000418066978,0.019949132576584816,7.296678813872859e-05
kdv1d,nested_jvp,20260923,19300,6478.755026127212,0.011036979965865612,0.019865533336997032,5.9447695093695074e-05
kdv1d,nested_jvp,20260923,19400,6512.510245923884,0.010736986994743347,0.01938425563275814,6.581105117220432e-05
kdv1d,nested_jvp,20260923,19500,6545.78352327738,0.010586869902908802,0.019261231645941734,6.2820668972563e-05
kdv1d,nested_jvp,20260923,19600,6579.0528328605,0.010788527317345142,0.019213568419218063,6.84664337313734e-05
kdv1d,nested_jvp,20260923,19700,6612.831600670703,0.009979522787034512,0.01816800981760025,6.561177724506706e-05
kdv1d,nested_jvp,20260923,19800,6646.457499269396,0.010732238180935383,0.018699314445257187,6.496116839116439e-05
kdv1d,nested_jvp,20260923,19900,6679.870564186946,0.009917760267853737,0.01803392916917801,5.9981579397572204e-05
kdv1d,nested_jvp,20260923,20000,6713.376396047883,0.009616266004741192,0.017665201798081398,6.122100603533909e-05
kdv1d,nested_jvp,20260923,20100,6746.911710930988,0.010140134021639824,0.017803160473704338,5.3774270782014355e-05
kdv1d,nested_jvp,20260923,20200,6780.169195769355,0.009147433564066887,0.016843268647789955,6.006932017044164e-05
kdv1d,nested_jvp,20260923,20300,6813.834115523845,0.00919413473457098,0.016765058040618896,5.268181485007517e-05
kdv1d,nested_jvp,20260923,20400,6847.961830933578,0.009044007398188114,0.01638617180287838,5.8873130910797045e-05
kdv1d,nested_jvp,20260923,20500,6881.670666722581,0.009011998772621155,0.016480395570397377,6.586853851331398e-05
kdv1d,nested_jvp,20260923,20600,6915.370848807506,0.00853588618338108,0.01574089005589485,5.1847218855982646e-05
kdv1d,nested_jvp,20260923,20700,6948.101283912547,0.008843260817229748,0.015934713184833527,5.558513294090517e-05
kdv1d,nested_jvp,20260923,20800,6981.465386746451,0.008684930391609669,0.015547594986855984,4.788086880580522e-05
kdv1d,nested_jvp,20260923,20900,7015.0658436808735,0.008173933252692223,0.01501693855971098,4.4353237171890214e-05
kdv1d,nested_jvp,20260923,21000,7049.176038957201,0.008740118704736233,0.01555617619305849,4.637422171072103e-05
kdv1d,nested_jvp,20260923,21100,7081.778804924339,0.007956442423164845,0.014648516662418842,3.5824432416120544e-05
kdv1d,nested_jvp,20260923,21200,7115.568577334285,0.008456914685666561,0.015078635886311531,4.406355583341792e-05
kdv1d,nested_jvp,20260923,21300,7149.473820216954,0.008082015439867973,0.014589223079383373,3.717035724548623e-05
kdv1d,nested_jvp,20260923,21400,7183.609658428468,0.00795431062579155,0.014329925179481506,4.6881348680472e-05
kdv1d,nested_jvp,20260923,21500,7217.319154145196,0.007761931978166103,0.01415419764816761,3.777061647269875e-05
kdv1d,nested_jvp,20260923,21600,7250.141898725182,0.007899416610598564,0.014067957177758217,4.269995406502858e-05
kdv1d,nested_jvp,20260923,21700,7283.47258432582,0.0072508156299591064,0.013375332579016685,4.136324787396006e-05
kdv1d,nested_jvp,20260923,21800,7316.983266141266,0.007163804490119219,0.013306490145623684,3.770746843656525e-05
kdv1d,nested_jvp,20260923,21900,7349.790746830404,0.007847710512578487,0.013890400528907776,3.827530599664897e-05
kdv1d,nested_jvp,20260923,22000,7383.128766121343,0.0073993876576423645,0.013346151448786259,3.56468117388431e-05
kdv1d,nested_jvp,20260923,22100,7416.178390621208,0.007074432913213968,0.01297005731612444,3.557100717443973e-05
kdv1d,nested_jvp,20260923,22200,7450.017948802561,0.007105045951902866,0.012911440804600716,3.9252499846043065e-05
kdv1d,nested_jvp,20260923,22300,7483.7294844659045,0.007180113345384598,0.01293699350208044,3.3924599847523496e-05
kdv1d,nested_jvp,20260923,22400,7516.295562043786,0.006855658255517483,0.01254468783736229,3.4475058782845736e-05
kdv1d,nested_jvp,20260923,22500,7549.049852978438,0.006767304148525,0.012294143438339233,2.608652903290931e-05
kdv1d,nested_jvp,20260923,22600,7582.439485051669,0.006767157465219498,0.01232760027050972,3.05194771499373e-05
kdv1d,nested_jvp,20260923,22700,7616.285597463138,0.0067507619969546795,0.012217494659125805,2.8958542316104285e-05
kdv1d,nested_jvp,20260923,22800,7649.201679156162,0.006841485388576984,0.012221405282616615,2.936844430223573e-05
kdv1d,nested_jvp,20260923,22900,7682.063809047453,0.006388027686625719,0.011665449477732182,2.433245026622899e-05
kdv1d,nested_jvp,20260923,23000,7715.331501942128,0.006503154989331961,0.01174500398337841,2.5644972993177362e-05
kdv1d,nested_jvp,20260923,23100,7748.290510052815,0.006249828729778528,0.011364164762198925,2.6793068172992207e-05
kdv1d,nested_jvp,20260923,23200,7781.623629104346,0.006079179234802723,0.011203901842236519,2.9512306355172768e-05
kdv1d,nested_jvp,20260923,23300,7814.394994203933,0.0063689881935715675,0.01131252758204937,2.9092992917867377e-05
kdv1d,nested_jvp,20260923,23400,7847.338632595725,0.005841003265231848,0.010786292143166065,2.844650407496374e-05
kdv1d,nested_jvp,20260923,23500,7880.367073759437,0.006009334232658148,0.010864540003240108,2.6745323339127935e-05
kdv1d,nested_jvp,20260923,23600,7913.481476219371,0.005660278722643852,0.010474009439349174,2.4920056603150442e-05
kdv1d,nested_jvp,20260923,23700,7947.033562326804,0.0057051824405789375,0.010534022934734821,2.5043376808753237e-05
kdv1d,nested_jvp,20260923,23800,7979.883039242588,0.0057079121470451355,0.010438751429319382,2.1466250473167747e-05
kdv1d,nested_jvp,20260923,23900,8013.228986586444,0.005820668302476406,0.010533392429351807,2.0018165741930716e-05
kdv1d,nested_jvp,20260923,24000,8045.988900063559,0.005532929208129644,0.010159458965063095,2.150289037672337e-05
kdv1d,nested_jvp,20260923,24100,8079.390577997081,0.005388932302594185,0.00995397474616766,2.1644322259817272e-05
kdv1d,nested_jvp,20260923,24200,8112.784051890485,0.005361797288060188,0.009896937757730484,1.9279084881418385e-05
kdv1d,nested_jvp,20260923,24300,8146.605999168009,0.005235846620053053,0.009704187512397766,2.2222664483706467e-05
kdv1d,nested_jvp,20260923,24400,8180.978798430413,0.005160508677363396,0.009544985368847847,2.078242141578812e-05
kdv1d,nested_jvp,20260923,24500,8214.288807080127,0.005026568192988634,0.009424869902431965,2.4246790417237207e-05
kdv1d,nested_jvp,20260923,24600,8246.683271827176,0.005453031975775957,0.009808434173464775,1.902110489027109e-05
kdv1d,nested_jvp,20260923,24700,8280.137615935877,0.004927477333694696,0.009214372374117374,1.9760162103921175e-05
kdv1d,nested_jvp,20260923,24800,8313.56238608528,0.0048587266355752945,0.009090252220630646,1.763852014846634e-05
kdv1d,nested_jvp,20260923,24900,8346.814262249507,0.004979576915502548,0.009110250510275364,1.8724533219938166e-05
kdv1d,nested_jvp,20260923,25000,8380.108297133818,0.004382260609418154,0.008371747098863125,1.605529905646108e-05
kdv1d,shared_jet_linear,20260923,0,0.0,1.1448099613189697,1.122642993927002,
kdv1d,shared_jet_linear,20260923,100,4.387302478775382,0.9026016592979431,0.941135823726654,0.48223865032196045
kdv1d,shared_jet_linear,20260923,200,8.643973588012159,0.9214615821838379,1.0146043300628662,0.5935813784599304
kdv1d,shared_jet_linear,20260923,300,12.88095577340573,0.9286777973175049,1.0407369136810303,0.49194246530532837
kdv1d,shared_jet_linear,20260923,400,17.16586036514491,0.9275407791137695,1.0427323579788208,0.6723328828811646
kdv1d,shared_jet_linear,20260923,500,21.396084836684167,0.919957160949707,1.0388766527175903,0.5491929054260254
kdv1d,shared_jet_linear,20260923,600,25.63518867827952,0.9233370423316956,1.044924259185791,0.47771570086479187
kdv1d,shared_jet_linear,20260923,700,30.139585339464247,0.9242932796478271,1.0467084646224976,0.43483400344848633
kdv1d,shared_jet_linear,20260923,800,34.3923905948177,0.9243819117546082,1.0454363822937012,0.5200086832046509
kdv1d,shared_jet_linear,20260923,900,38.64741831924766,0.9159443974494934,1.0419522523880005,0.4641018211841583
kdv1d,shared_jet_linear,20260923,1000,42.89795538969338,0.9036992192268372,1.0251935720443726,0.5199366807937622
kdv1d,shared_jet_linear,20260923,1100,47.15651755500585,0.8974829912185669,1.0152994394302368,0.46563228964805603
kdv1d,shared_jet_linear,20260923,1200,51.3776988228783,0.8817192316055298,1.0012356042861938,0.5778838396072388
kdv1d,shared_jet_linear,20260923,1300,55.70583222899586,0.8709096908569336,0.9795340895652771,0.44020211696624756
kdv1d,shared_jet_linear,20260923,1400,59.976693524979055,0.8510645031929016,0.955314040184021,0.3398323059082031
kdv1d,shared_jet_linear,20260923,1500,64.23270880896598,0.8276388049125671,0.9236684441566467,0.4135656952857971
kdv1d,shared_jet_linear,20260923,1600,68.47921003960073,0.7990054488182068,0.8909122347831726,0.39747893810272217
kdv1d,shared_jet_linear,20260923,1700,72.76506085321307,0.7765464186668396,0.852159321308136,0.401144802570343
kdv1d,shared_jet_linear,20260923,1800,77.0273791225627,0.7365177273750305,0.7943082451820374,0.3590817451477051
kdv1d,shared_jet_linear,20260923,1900,81.26172589045018,0.712715744972229,0.7637309432029724,0.27332812547683716
kdv1d,shared_jet_linear,20260923,2000,85.64537612721324,0.6993056535720825,0.7403112649917603,0.2446228414773941
kdv1d,shared_jet_linear,20260923,2100,90.10174192860723,0.6697416305541992,0.7071890234947205,0.37301871180534363
kdv1d,shared_jet_linear,20260923,2200,94.55796328466386,0.6574447751045227,0.6908687353134155,0.33974984288215637
kdv1d,shared_jet_linear,20260923,2300,98.88888737652451,0.6491714715957642,0.6840342283248901,0.343087375164032
kdv1d,shared_jet_linear,20260923,2400,103.3125657942146,0.6377655863761902,0.6711674332618713,0.2960614264011383
kdv1d,shared_jet_linear,20260923,2500,107.5739211468026,0.6267475485801697,0.6622115969657898,0.26241275668144226
kdv1d,shared_jet_linear,20260923,2600,111.84140702802688,0.6126468181610107,0.6488149166107178,0.27958524227142334
kdv1d,shared_jet_linear,20260923,2700,116.10355299618095,0.6017693281173706,0.6420810222625732,0.35073453187942505
kdv1d,shared_jet_linear,20260923,2800,120.36593381222337,0.5915092825889587,0.6351915597915649,0.25240495800971985
kdv1d,shared_jet_linear,20260923,2900,124.60568996053189,0.5735713243484497,0.62166827917099,0.25377145409584045
kdv1d,shared_jet_linear,20260923,3000,128.86745132040232,0.5610427856445312,0.6145959496498108,0.1988663375377655
kdv1d,shared_jet_linear,20260923,3100,133.1076224539429,0.5481122732162476,0.6109171509742737,0.22318358719348907
kdv1d,shared_jet_linear,20260923,3200,137.35382545553148,0.5361689329147339,0.6070771813392639,0.19116905331611633
kdv1d,shared_jet_linear,20260923,3300,141.58246929943562,0.5240814685821533,0.6025435924530029,0.19694682955741882
kdv1d,shared_jet_linear,20260923,3400,145.80903381109238,0.5134720802307129,0.6027042269706726,0.17096161842346191
kdv1d,shared_jet_linear,20260923,3500,150.0787265766412,0.5021750926971436,0.6022318005561829,0.19557707011699677
kdv1d,shared_jet_linear,20260923,3600,154.53486767876893,0.49399125576019287,0.605826199054718,0.12121964991092682
kdv1d,shared_jet_linear,20260923,3700,158.8962947819382,0.485102117061615,0.6104027628898621,0.16084885597229004
kdv1d,shared_jet_linear,20260923,3800,163.3430804144591,0.4784865379333496,0.6159593462944031,0.1564422845840454
kdv1d,shared_jet_linear,20260923,3900,167.8200318561867,0.4712928831577301,0.6196738481521606,0.1115022674202919
kdv1d,shared_jet_linear,20260923,4000,172.16737197060138,0.46902838349342346,0.6256058812141418,0.07792843133211136
kdv1d,shared_jet_linear,20260923,4100,176.42642294149846,0.46620309352874756,0.6328812837600708,0.1105831190943718
kdv1d,shared_jet_linear,20260923,4200,180.70814335066825,0.46250906586647034,0.6353946328163147,0.0915391594171524
kdv1d,shared_jet_linear,20260923,4300,184.97651300020516,0.4613990783691406,0.6413450241088867,0.13128475844860077
kdv1d,shared_jet_linear,20260923,4400,189.51490714214742,0.46041935682296753,0.6457254886627197,0.0990384891629219
kdv1d,shared_jet_linear,20260923,4500,194.8818034781143,0.45932304859161377,0.6478258371353149,0.1057153269648552
kdv1d,shared_jet_linear,20260923,4600,200.21283117868006,0.4589841365814209,0.6506956815719604,0.08681740611791611
kdv1d,shared_jet_linear,20260923,4700,205.55335875134915,0.4564150273799896,0.6497077345848083,0.07576842606067657
kdv1d,shared_jet_linear,20260923,4800,210.91853626724333,0.4543854594230652,0.6477869153022766,0.10777920484542847
kdv1d,shared_jet_linear,20260923,4900,216.3701110854745,0.4499129354953766,0.643725574016571,0.08181721717119217
kdv1d,shared_jet_linear,20260923,5000,220.94776753801852,0.44607216119766235,0.6381964683532715,0.06907813996076584
kdv1d,shared_jet_linear,20260923,5100,225.21213009022176,0.44244155287742615,0.6337753534317017,0.08633755892515182
kdv1d,shared_jet_linear,20260923,5200,229.47022434696555,0.43844932317733765,0.6280458569526672,0.09481370449066162
kdv1d,shared_jet_linear,20260923,5300,233.75524761155248,0.43694689869880676,0.6250823140144348,0.0809318870306015
kdv1d,shared_jet_linear,20260923,5400,238.00244887638837,0.428427517414093,0.6130154132843018,0.06683909893035889
kdv1d,shared_jet_linear,20260923,5500,242.43072562199086,0.42441511154174805,0.6066272854804993,0.07494547963142395
kdv1d,shared_jet_linear,20260923,5600,246.78145842719823,0.4205198585987091,0.5999632477760315,0.07962382584810257
kdv1d,shared_jet_linear,20260923,5700,251.0348393432796,0.4159652888774872,0.5930233001708984,0.06268998980522156
kdv1d,shared_jet_linear,20260923,5800,255.28770773578435,0.4120343327522278,0.5861802101135254,0.07861804217100143
kdv1d,shared_jet_linear,20260923,5900,259.6293351398781,0.40719667077064514,0.578762412071228,0.06908631324768066
kdv1d,shared_jet_linear,20260923,6000,263.8705357424915,0.4000732898712158,0.5679574608802795,0.07351183891296387
kdv1d,shared_jet_linear,20260923,6100,268.1433018585667,0.3981280028820038,0.5636058449745178,0.07709168642759323
kdv1d,shared_jet_linear,20260923,6200,272.4491775697097,0.39217817783355713,0.553895115852356,0.06412634998559952
kdv1d,shared_jet_linear,20260923,6300,276.68284201435745,0.3854890763759613,0.5427977442741394,0.06480828672647476
kdv1d,shared_jet_linear,20260923,6400,280.93949441891164,0.3808077275753021,0.5350537300109863,0.07712049037218094
kdv1d,shared_jet_linear,20260923,6500,285.21012345701456,0.3757025897502899,0.5265119075775146,0.07366959005594254
kdv1d,shared_jet_linear,20260923,6600,289.4862682269886,0.3713875114917755,0.5189929604530334,0.06159688159823418
kdv1d,shared_jet_linear,20260923,6700,293.7703208932653,0.3622083365917206,0.5050258040428162,0.048425544053316116
kdv1d,shared_jet_linear,20260923,6800,298.9228796623647,0.35972708463668823,0.5004326105117798,0.05206180736422539
kdv1d,shared_jet_linear,20260923,6900,304.67607652489096,0.35372814536094666,0.491382896900177,0.05398235842585564
kdv1d,shared_jet_linear,20260923,7000,310.51606072485447,0.34967976808547974,0.48419415950775146,0.04959898442029953
kdv1d,shared_jet_linear,20260923,7100,315.13130022678524,0.3420962989330292,0.4728916585445404,0.059130240231752396
kdv1d,shared_jet_linear,20260923,7200,319.42089324537665,0.3377686142921448,0.46621447801589966,0.04090363532304764
kdv1d,shared_jet_linear,20260923,7300,324.85861010849476,0.33432313799858093,0.46002960205078125,0.058313336223363876
kdv1d,shared_jet_linear,20260923,7400,330.3265300374478,0.3280460834503174,0.4508231282234192,0.045863259583711624
kdv1d,shared_jet_linear,20260923,7500,334.693531928584,0.32356470823287964,0.44439756870269775,0.04324023798108101
kdv1d,shared_jet_linear,20260923,7600,338.9782841866836,0.3191430866718292,0.43762198090553284,0.04417768493294716
kdv1d,shared_jet_linear,20260923,7700,343.2289354223758,0.3160070478916168,0.4330829679965973,0.036346305161714554
kdv1d,shared_jet_linear,20260923,7800,347.47106199804693,0.3079642057418823,0.421597957611084,0.04233069717884064
kdv1d,shared_jet_linear,20260923,7900,351.779551981017,0.30506059527397156,0.4178067743778229,0.04839363321661949
kdv1d,shared_jet_linear,20260923,8000,356.0210192753002,0.30093738436698914,0.41162145137786865,0.042021676898002625
kdv1d,shared_jet_linear,20260923,8100,360.2752984696999,0.2954987585544586,0.4059556722640991,0.03820881247520447
kdv1d,shared_jet_linear,20260923,8200,364.55654718726873,0.2953198254108429,0.402986079454422,0.03738890588283539
kdv1d,shared_jet_linear,20260923,8300,368.87526415567845,0.2890021502971649,0.39623767137527466,0.03004821017384529
kdv1d,shared_jet_linear,20260923,8400,373.1640903586522,0.28413695096969604,0.3887241780757904,0.03180359676480293
kdv1d,shared_jet_linear,20260923,8500,377.42318144161254,0.27794069051742554,0.3816874921321869,0.04360843077301979
kdv1d,shared_jet_linear,20260923,8600,381.6654540207237,0.2748546004295349,0.3781527280807495,0.03790970891714096
kdv1d,shared_jet_linear,20260923,8700,385.9268602831289,0.272134006023407,0.37417474389076233,0.03225835785269737
kdv1d,shared_jet_linear,20260923,8800,390.2526947585866,0.2667141556739807,0.3672751188278198,0.02582058124244213
kdv1d,shared_jet_linear,20260923,8900,394.5305904233828,0.2640252709388733,0.36330893635749817,0.029031902551651
kdv1d,shared_jet_linear,20260923,9000,398.78936751466244,0.25806406140327454,0.3558516204357147,0.029575740918517113
kdv1d,shared_jet_linear,20260923,9100,403.05459157191217,0.2549493908882141,0.3517165184020996,0.03383466601371765
kdv1d,shared_jet_linear,20260923,9200,407.47556675225496,0.24942143261432648,0.34467238187789917,0.02462945692241192
kdv1d,shared_jet_linear,20260923,9300,411.9416766501963,0.24392502009868622,0.3380196690559387,0.0209336057305336
kdv1d,shared_jet_linear,20260923,9400,416.46769868023694,0.23925451934337616,0.33227330446243286,0.02697126567363739
kdv1d,shared_jet_linear,20260923,9500,420.84887294936925,0.23662027716636658,0.327688604593277,0.022345559671521187
kdv1d,shared_jet_linear,20260923,9600,425.09074809774756,0.2293449491262436,0.31919586658477783,0.018531911075115204
kdv1d,shared_jet_linear,20260923,9700,429.34753593988717,0.22617433965206146,0.3148902952671051,0.027301067486405373
kdv1d,shared_jet_linear,20260923,9800,433.6328022554517,0.22047580778598785,0.30777665972709656,0.020972317084670067
kdv1d,shared_jet_linear,20260923,9900,437.8919589156285,0.21434523165225983,0.30056032538414,0.01842263527214527
kdv1d,shared_jet_linear,20260923,10000,442.1457269517705,0.21146468818187714,0.2956143319606781,0.020564386621117592
kdv1d,shared_jet_linear,20260923,10100,446.4191358368844,0.20413216948509216,0.2863653302192688,0.018458036705851555
kdv1d,shared_jet_linear,20260923,10200,450.65806467924267,0.20081789791584015,0.28174901008605957,0.022722745314240456
kdv1d,shared_jet_linear,20260923,10300,454.87346058990806,0.19383689761161804,0.2731964588165283,0.016256004571914673
kdv1d,shared_jet_linear,20260923,10400,459.12065289448947,0.18768560886383057,0.2656041979789734,0.017467500641942024
kdv1d,shared_jet_linear,20260923,10500,463.35072303097695,0.18154498934745789,0.25703147053718567,0.014061455614864826
kdv1d,shared_jet_linear,20260923,10600,467.5903853327036,0.17458416521549225,0.24845990538597107,0.013365911319851875
kdv1d,shared_jet_linear,20260923,10700,472.0280445450917,0.16813364624977112,0.2402055263519287,0.013326400890946388
kdv1d,shared_jet_linear,20260923,10800,477.18554881587625,0.16216330230236053,0.2325839400291443,0.010996636934578419
kdv1d,shared_jet_linear,20260923,10900,482.08475755900145,0.15454840660095215,0.22331462800502777,0.009595463052392006
kdv1d,shared_jet_linear,20260923,11000,487.3223103918135,0.14706550538539886,0.21369868516921997,0.009966450743377209
kdv1d,shared_jet_linear,20260923,11100,492.5824089003727,0.1388605386018753,0.20284761488437653,0.008872329257428646
kdv1d,shared_jet_linear,20260923,11200,497.86131751537323,0.13230443000793457,0.19499528408050537,0.007080090697854757
kdv1d,shared_jet_linear,20260923,11300,502.35954202432185,0.12481357157230377,0.18526706099510193,0.0061684101819992065
kdv1d,shared_jet_linear,20260923,11400,506.6991327293217,0.11643935739994049,0.17507988214492798,0.0055358619429171085
kdv1d,shared_jet_linear,20260923,11500,511.03920310921967,0.10921827703714371,0.165902242064476,0.004880589433014393
kdv1d,shared_jet_linear,20260923,11600,515.3673269534484,0.10307016223669052,0.1585180163383484,0.004735760856419802
kdv1d,shared_jet_linear,20260923,11700,519.7249819776043,0.09617704153060913,0.14978595077991486,0.003892298322170973
kdv1d,shared_jet_linear,20260923,11800,524.018927580677,0.08990128338336945,0.1415356695652008,0.003560642944648862
kdv1d,shared_jet_linear,20260923,11900,528.3285088436678,0.08418377488851547,0.13431225717067719,0.002492156345397234
kdv1d,shared_jet_linear,20260923,12000,532.5778730548918,0.07823780179023743,0.12673260271549225,0.0029292022809386253
kdv1d,shared_jet_linear,20260923,12100,537.069925381802,0.07382265478372574,0.120553158223629,0.0022103642113506794
kdv1d,shared_jet_linear,20260923,12200,541.511068560183,0.0695432648062706,0.11492806673049927,0.0017564513254910707
kdv1d,shared_jet_linear,20260923,12300,545.941445639357,0.06572320312261581,0.10950478911399841,0.0015092813409864902
kdv1d,shared_jet_linear,20260923,12400,550.5788172744215,0.06220535933971405,0.10441166907548904,0.001493445597589016
kdv1d,shared_jet_linear,20260923,12500,555.8687711637467,0.05939188972115517,0.10049030929803848,0.001498237019404769
kdv1d,shared_jet_linear,20260923,12600,560.1415347754955,0.05709140747785568,0.09662669152021408,0.0012969759991392493
kdv1d,shared_jet_linear,20260923,12700,564.4052939051762,0.05458599328994751,0.09329065680503845,0.0013101327931508422
kdv1d,shared_jet_linear,20260923,12800,569.0021980004385,0.05272505059838295,0.09027421474456787,0.0010416375007480383
kdv1d,shared_jet_linear,20260923,12900,574.2665528887883,0.05157899856567383,0.08803826570510864,0.0010626256698742509
kdv1d,shared_jet_linear,20260923,13000,578.7942658653483,0.05050637945532799,0.08608868718147278,0.00094033736968413
kdv1d,shared_jet_linear,20260923,13100,584.2617294928059,0.04901962727308273,0.08380163460969925,0.0008860655361786485
kdv1d,shared_jet_linear,20260923,13200,589.7519874153659,0.04813070967793465,0.08220192790031433,0.0009141357732005417
kdv1d,shared_jet_linear,20260923,13300,595.3294756263494,0.04660041630268097,0.08019310981035233,0.0009937069844454527
kdv1d,shared_jet_linear,20260923,13400,600.7847388302907,0.04554574564099312,0.07853889465332031,0.0008272756822407246
kdv1d,shared_jet_linear,20260923,13500,606.3348107375205,0.044762711971998215,0.0770270824432373,0.0008177865529432893
kdv1d,shared_jet_linear,20260923,13600,611.9098674645647,0.04468212276697159,0.07659012824296951,0.0008116389508359134
kdv1d,shared_jet_linear,20260923,13700,617.4658146221191,0.04331454634666443,0.07478480041027069,0.0007740375585854053
kdv1d,shared_jet_linear,20260923,13800,623.2779731499031,0.0425393208861351,0.07356442511081696,0.0006924180197529495
kdv1d,shared_jet_linear,20260923,13900,628.7860784623772,0.0426209419965744,0.07293572276830673,0.0007085335673764348
kdv1d,shared_jet_linear,20260923,14000,634.3000147733837,0.041261959820985794,0.07168217748403549,0.0005924335564486682
kdv1d,shared_jet_linear,20260923,14100,639.8019675686955,0.04090939462184906,0.07082528620958328,0.0005853267502970994
kdv1d,shared_jet_linear,20260923,14200,645.3705745209008,0.03993922099471092,0.06945303082466125,0.00048566117766313255
kdv1d,shared_jet_linear,20260923,14300,651.0571091240272,0.03939325362443924,0.06870103627443314,0.0005634714034385979
kdv1d,shared_jet_linear,20260923,14400,656.6873846417293,0.03860219195485115,0.06768220663070679,0.0005185045301914215
kdv1d,shared_jet_linear,20260923,14500,661.0873265787959,0.03818366304039955,0.06671620160341263,0.0005150120123289526
kdv1d,shared_jet_linear,20260923,14600,665.330612745136,0.03724212199449539,0.06560161709785461,0.00045320874778553843
kdv1d,shared_jet_linear,20260923,14700,669.5771420253441,0.03733308985829353,0.06522641330957413,0.0005784330423921347
kdv1d,shared_jet_linear,20260923,14800,673.8096179915592,0.0369049496948719,0.06441441923379898,0.00048599779256619513
kdv1d,shared_jet_linear,20260923,14900,678.1084966817871,0.03608596324920654,0.06332062184810638,0.0004394315183162689
kdv1d,shared_jet_linear,20260923,15000,682.3420641338453,0.03503768891096115,0.06185317412018776,0.0004720046417787671
kdv1d,shared_jet_linear,20260923,15100,686.5780004430562,0.03455192968249321,0.06113988533616066,0.00035960119566880167
kdv1d,shared_jet_linear,20260923,15200,690.8943462800235,0.034542061388492584,0.06056991219520569,0.0003657712077256292
kdv1d,shared_jet_linear,20260923,15300,695.2189144911245,0.032903578132390976,0.05859271064400673,0.0003408612101338804
kdv1d,shared_jet_linear,20260923,15400,699.4365302240476,0.032892920076847076,0.05800344794988632,0.00032164310687221587
kdv1d,shared_jet_linear,20260923,15500,703.6717745615169,0.031168336048722267,0.05573943257331848,0.00034058192977681756
kdv1d,shared_jet_linear,20260923,15600,707.9181990418583,0.030434533953666687,0.05468696728348732,0.00031104980735108256
kdv1d,shared_jet_linear,20260923,15700,712.8346834853292,0.03015218675136566,0.05346672981977463,0.000325767818139866
kdv1d,shared_jet_linear,20260923,15800,717.0655743060634,0.028801849111914635,0.05200538411736488,0.00028740096604451537
kdv1d,shared_jet_linear,20260923,15900,721.3027039179578,0.028306422755122185,0.05079800263047218,0.00028753408696502447
kdv1d,shared_jet_linear,20260923,16000,725.7899871412665,0.02681776136159897,0.04886923357844353,0.00024081736046355218
kdv1d,shared_jet_linear,20260923,16100,730.2588121974841,0.026105383411049843,0.047309283167123795,0.00018142894259653986
kdv1d,shared_jet_linear,20260923,16200,735.1318148132414,0.025325674563646317,0.04604916647076607,0.0002253865241073072
kdv1d,shared_jet_linear,20260923,16300,740.3232877878472,0.024054987356066704,0.04430535063147545,0.00019878979946952313
kdv1d,shared_jet_linear,20260923,16400,745.538483178243,0.023443307727575302,0.04304005578160286,0.0002238456509076059
kdv1d,shared_jet_linear,20260923,16500,750.8272822014987,0.02314109168946743,0.04167748987674713,0.00021240307250991464
kdv1d,shared_jet_linear,20260923,16600,756.0394934639335,0.02142001874744892,0.03972842916846275,0.00018460419960319996
kdv1d,shared_jet_linear,20260923,16700,761.2766923885792,0.020776866003870964,0.03848884999752045,0.00022157996136229485
kdv1d,shared_jet_linear,20260923,16800,766.599047026597,0.02009667456150055,0.03707242012023926,0.00015008934133220464
kdv1d,shared_jet_linear,20260923,16900,771.9472994506359,0.01862897165119648,0.0351487435400486,0.00013383763143792748
kdv1d,shared_jet_linear,20260923,17000,777.3296050755307,0.018703356385231018,0.03472331911325455,0.0001318241556873545
kdv1d,shared_jet_linear,20260923,17100,782.6684182900935,0.017579203471541405,0.03295918181538582,0.00012924910697620362
kdv1d,shared_jet_linear,20260923,17200,788.021226214245,0.016527533531188965,0.03134065121412277,0.00013547614798881114
kdv1d,shared_jet_linear,20260923,17300,793.4187540477142,0.01618647575378418,0.030448485165834427,0.0001616630470380187
kdv1d,shared_jet_linear,20260923,17400,798.7730484670028,0.015713579952716827,0.02961297333240509,0.00016813777619972825
kdv1d,shared_jet_linear,20260923,17500,804.1307974606752,0.015595865435898304,0.0292066503316164,0.0001209338879561983
kdv1d,shared_jet_linear,20260923,17600,809.0803156075999,0.014796972274780273,0.027874348685145378,0.00010617035877658054
kdv1d,shared_jet_linear,20260923,17700,813.3297722274438,0.014302712865173817,0.027026362717151642,0.00010590899910312146
kdv1d,shared_jet_linear,20260923,17800,817.5903465673327,0.014448212459683418,0.0268500205129385,0.00012035814143018797
kdv1d,shared_jet_linear,20260923,17900,821.8514495771378,0.01351237203925848,0.02556956373155117,0.00010160203237319365
kdv1d,shared_jet_linear,20260923,18000,826.0997525220737,0.013379154726862907,0.024963298812508583,8.228421211242676e-05
kdv1d,shared_jet_linear,20260923,18100,830.9480708213523,0.012877505272626877,0.02425227500498295,0.0001145312562584877
kdv1d,shared_jet_linear,20260923,18200,836.1022656913847,0.01277273427695036,0.023897236213088036,8.902326226234436e-05
kdv1d,shared_jet_linear,20260923,18300,841.3446564879268,0.012535566464066505,0.02340434305369854,7.771961099933833e-05
kdv1d,shared_jet_linear,20260923,18400,846.2185337441042,0.012331628240644932,0.022891324013471603,7.83847426646389e-05
kdv1d,shared_jet_linear,20260923,18500,850.5361851165071,0.012052752077579498,0.022419162094593048,8.096193778328598e-05
kdv1d,shared_jet_linear,20260923,18600,854.7620490090922,0.011803777888417244,0.02196650393307209,6.53470924589783e-05
kdv1d,shared_jet_linear,20260923,18700,859.0173069238663,0.01178983598947525,0.02176506444811821,6.688376743113622e-05
kdv1d,shared_jet_linear,20260923,18800,863.2406403981149,0.011873134411871433,0.021467873826622963,9.648968989495188e-05
kdv1d,shared_jet_linear,20260923,18900,867.499713611789,0.011121462099254131,0.020667746663093567,6.441563891712576e-05
kdv1d,shared_jet_linear,20260923,19000,871.7476380588487,0.011435003951191902,0.020807825028896332,8.66722984937951e-05
kdv1d,shared_jet_linear,20260923,19100,875.9876490477473,0.01111685298383236,0.02028997614979744,8.406289271079004e-05
kdv1d,shared_jet_linear,20260923,19200,880.2370354104787,0.010970980860292912,0.019949113950133324,7.29682797100395e-05
kdv1d,shared_jet_linear,20260923,19300,884.4955832045525,0.011037005111575127,0.019865551963448524,5.944769873167388e-05
kdv1d,shared_jet_linear,20260923,19400,888.7231784909964,0.010736977681517601,0.019384246319532394,6.581137131433934e-05
kdv1d,shared_jet_linear,20260923,19500,892.9564064331353,0.01058680098503828,0.019261175766587257,6.28208217676729e-05
kdv1d,shared_jet_linear,20260923,19600,897.1913750730455,0.010788533836603165,0.019213587045669556,6.846584437880665e-05
kdv1d,shared_jet_linear,20260923,19700,901.4592892182991,0.009979423135519028,0.018167946487665176,6.561222835443914e-05
kdv1d,shared_jet_linear,20260923,19800,905.6968369456008,0.010732047259807587,0.01869918406009674,6.495671550510451e-05
kdv1d,shared_jet_linear,20260923,19900,910.0207606963813,0.00991764385253191,0.018033841624855995,5.9980815422022715e-05
kdv1d,shared_jet_linear,20260923,20000,914.2669760100543,0.009616300463676453,0.017665257677435875,6.12166040809825e-05
kdv1d,shared_jet_linear,20260923,20100,918.5594367161393,0.010140092112123966,0.017803125083446503,5.377349953050725e-05
kdv1d,shared_jet_linear,20260923,20200,922.8213771497831,0.009147358126938343,0.016843190416693687,6.0069967730669305e-05
kdv1d,shared_jet_linear,20260923,20300,927.078758591786,0.009194356389343739,0.016765231266617775,5.267913002171554e-05
kdv1d,shared_jet_linear,20260923,20400,931.3353058351204,0.009044043719768524,0.016386214643716812,5.887303268536925e-05
kdv1d,shared_jet_linear,20260923,20500,935.5799301173538,0.009012045338749886,0.016480466350913048,6.586818199139088e-05
kdv1d,shared_jet_linear,20260923,20600,939.8843362303451,0.008535858243703842,0.015740860253572464,5.18468877999112e-05
kdv1d,shared_jet_linear,20260923,20700,944.1528575876728,0.008843310177326202,0.015934757888317108,5.558462726185098e-05
kdv1d,shared_jet_linear,20260923,20800,948.4241435779259,0.008684912696480751,0.015547597780823708,4.7880490456009284e-05
kdv1d,shared_jet_linear,20260923,20900,952.6729984739795,0.008173860609531403,0.015016868710517883,4.4354124838719144e-05
kdv1d,shared_jet_linear,20260923,21000,956.9586550621316,0.008740001358091831,0.015556047670543194,4.637318488676101e-05
kdv1d,shared_jet_linear,20260923,21100,961.1786062726751,0.007956440560519695,0.014648513868451118,3.582433782867156e-05
kdv1d,shared_jet_linear,20260923,21200,965.4071409609169,0.008456990122795105,0.015078715048730373,4.406432344694622e-05
kdv1d,shared_jet_linear,20260923,21300,969.6541390465572,0.008082018233835697,0.014589224010705948,3.7170273571973667e-05
kdv1d,shared_jet_linear,20260923,21400,973.9062137091532,0.007954347878694534,0.01432997640222311,4.688172703026794e-05
kdv1d,shared_jet_linear,20260923,21500,978.1401304891333,0.007761929649859667,0.014154196716845036,3.777051824727096e-05
kdv1d,shared_jet_linear,20260923,21600,982.3910693861544,0.0078995730727911,0.01406808104366064,4.2701671191025525e-05
kdv1d,shared_jet_linear,20260923,21700,986.6251397524029,0.007250965107232332,0.013375516049563885,4.135864583076909e-05
kdv1d,shared_jet_linear,20260923,21800,990.8575143981725,0.007163736503571272,0.013306397944688797,3.770754119614139e-05
kdv1d,shared_jet_linear,20260923,21900,995.103474739939,0.007847759872674942,0.013890471309423447,3.827586624538526e-05
kdv1d,shared_jet_linear,20260923,22000,999.3503228547052,0.007399415131658316,0.013346205465495586,3.56467098754365e-05
kdv1d,shared_jet_linear,20260923,22100,1003.5810817359015,0.007074530702084303,0.01297014020383358,3.5568285966292024e-05
kdv1d,shared_jet_linear,20260923,22200,1007.8692783005536,0.007104883901774883,0.012911282479763031,3.925259443349205e-05
kdv1d,shared_jet_linear,20260923,22300,1012.1306668715551,0.007180665619671345,0.012937492690980434,3.392684448044747e-05
kdv1d,shared_jet_linear,20260923,22400,1016.3655352676287,0.006855608895421028,0.012544662691652775,3.4477412555133924e-05
kdv1d,shared_jet_linear,20260923,22500,1020.5987349431962,0.006767346058040857,0.012294173240661621,2.6086598154506646e-05
kdv1d,shared_jet_linear,20260923,22600,1024.8371224505827,0.006767185404896736,0.0123275863006711,3.0519386200467125e-05
kdv1d,shared_jet_linear,20260923,22700,1029.0511263301596,0.006750761065632105,0.012217511422932148,2.895829857152421e-05
kdv1d,shared_jet_linear,20260923,22800,1033.2836272427812,0.006841749884188175,0.01222163438796997,2.9370812626439147e-05
kdv1d,shared_jet_linear,20260923,22900,1037.6006636023521,0.006387853063642979,0.011665286496281624,2.4332226530532353e-05
kdv1d,shared_jet_linear,20260923,23000,1041.8384391386062,0.006503181532025337,0.011745011433959007,2.5644827474025078e-05
kdv1d,shared_jet_linear,20260923,23100,1046.1174114402384,0.006249828264117241,0.011364166624844074,2.679297176655382e-05
kdv1d,shared_jet_linear,20260923,23200,1050.37118694745,0.006079249549657106,0.011203967034816742,2.9511844331864268e-05
kdv1d,shared_jet_linear,20260923,23300,1054.6305015347898,0.006369083188474178,0.011312617920339108,2.9094575438648462e-05
kdv1d,shared_jet_linear,20260923,23400,1058.9249725462869,0.005840946454554796,0.010786186903715134,2.8446043870644644e-05
kdv1d,shared_jet_linear,20260923,23500,1063.4014466321096,0.006009285803884268,0.01086448971182108,2.6745452487375587e-05
kdv1d,shared_jet_linear,20260923,23600,1068.0880918344483,0.0056603532284498215,0.010474138893187046,2.4923308956203982e-05
kdv1d,shared_jet_linear,20260923,23700,1073.6306412164122,0.005704896990209818,0.010533764958381653,2.504274743841961e-05
kdv1d,shared_jet_linear,20260923,23800,1079.448538606055,0.005708132870495319,0.01043903548270464,2.146616498066578e-05
kdv1d,shared_jet_linear,20260923,23900,1084.8915827954188,0.005820744205266237,0.010533501394093037,2.001787470362615e-05
kdv1d,shared_jet_linear,20260923,24000,1090.3655594782904,0.0055328658781945705,0.010159384459257126,2.1502850358956493e-05
kdv1d,shared_jet_linear,20260923,24100,1095.8188469205052,0.005388978403061628,0.009954031556844711,2.1644171283696778e-05
kdv1d,shared_jet_linear,20260923,24200,1101.2338052885607,0.005361583083868027,0.009896715171635151,1.92779643839458e-05
kdv1d,shared_jet_linear,20260923,24300,1106.792631152086,0.005235888529568911,0.00970423873513937,2.2222362531465478e-05
kdv1d,shared_jet_linear,20260923,24400,1112.27584514115,0.005160572472959757,0.009545042179524899,2.0782992578460835e-05
kdv1d,shared_jet_linear,20260923,24500,1117.8610660200939,0.00502651697024703,0.009424835443496704,2.424690501356963e-05
kdv1d,shared_jet_linear,20260923,24600,1123.504636931233,0.005453014280647039,0.009808436036109924,1.902078656712547e-05
kdv1d,shared_jet_linear,20260923,24700,1129.239605102688,0.004927570000290871,0.009214495308697224,1.9759361748583615e-05
kdv1d,shared_jet_linear,20260923,24800,1134.9414187027141,0.004858764819800854,0.009090308099985123,1.763851469149813e-05
kdv1d,shared_jet_linear,20260923,24900,1139.4316761670634,0.004979350138455629,0.00911007635295391,1.8722112145042047e-05
kdv1d,shared_jet_linear,20260923,25000,1143.8784188497812,0.004382232204079628,0.008371714502573013,1.6057230823207647e-05
kdv2d,nested_jvp,20260919,0,0.0,1.0310218334197998,1.0122811794281006,
kdv2d,nested_jvp,20260919,100,34.70721640717238,0.8200252652168274,0.8280242681503296,11.666948318481445
kdv2d,nested_jvp,20260919,200,74.63783102389425,0.6353437900543213,0.6702302694320679,7.037007808685303
kdv2d,nested_jvp,20260919,300,111.59007296245545,0.47042611241340637,0.5354260802268982,3.438399314880371
kdv2d,nested_jvp,20260919,400,146.1120999995619,0.36307263374328613,0.4431780278682709,1.833450436592102
kdv2d,nested_jvp,20260919,500,179.2967900391668,0.296360582113266,0.36671823263168335,1.2106484174728394
kdv2d,nested_jvp,20260919,600,211.84579919371754,0.239591583609581,0.2895083725452423,0.8954308032989502
kdv2d,nested_jvp,20260919,700,246.31086256355047,0.19244785606861115,0.2235284000635147,0.675525426864624
kdv2d,nested_jvp,20260919,800,283.0670153722167,0.15960925817489624,0.1791735291481018,0.5448578000068665
kdv2d,nested_jvp,20260919,900,320.2183214975521,0.13941948115825653,0.15369591116905212,0.4779578447341919
kdv2d,nested_jvp,20260919,1000,355.27734834048897,0.12854266166687012,0.14232857525348663,0.4485316276550293
kdv2d,nested_jvp,20260919,1100,390.14810648560524,0.12215148657560349,0.1369447261095047,0.41436880826950073
kdv2d,nested_jvp,20260919,1200,424.5034724790603,0.11756026744842529,0.13455140590667725,0.3886664807796478
kdv2d,nested_jvp,20260919,1300,459.76909780688584,0.1147499829530716,0.1315818876028061,0.3722259998321533
kdv2d,nested_jvp,20260919,1400,495.58892796654254,0.11131525039672852,0.12967082858085632,0.3594360947608948
kdv2d,nested_jvp,20260919,1500,530.0734184235334,0.10825584828853607,0.12739010155200958,0.33743834495544434
kdv2d,nested_jvp,20260919,1600,564.1508894534782,0.10533473640680313,0.1244567260146141,0.31557440757751465
kdv2d,nested_jvp,20260919,1700,598.9736821083352,0.10239353030920029,0.12235192209482193,0.307472288608551
kdv2d,nested_jvp,20260919,1800,633.6925208615139,0.09940601885318756,0.11928460001945496,0.2982981204986572
kdv2d,nested_jvp,20260919,1900,668.7994335060939,0.09593610465526581,0.11720263957977295,0.2541164755821228
kdv2d,nested_jvp,20260919,2000,703.6160231037065,0.09266656637191772,0.11326280236244202,0.24248871207237244
kdv2d,nested_jvp,20260919,2100,737.0202325461432,0.08927920460700989,0.1105065867304802,0.2340296506881714
kdv2d,nested_jvp,20260919,2200,771.6648696251214,0.0857551246881485,0.10672854632139206,0.2035420835018158
kdv2d,nested_jvp,20260919,2300,807.1354351909831,0.08210247755050659,0.10357051342725754,0.18580563366413116
kdv2d,nested_jvp,20260919,2400,843.0579705098644,0.07895369827747345,0.09890865534543991,0.17590568959712982
kdv2d,nested_jvp,20260919,2500,876.46789768897,0.07482568174600601,0.09547877311706543,0.16172629594802856
kdv2d,nested_jvp,20260919,2600,909.9525040416047,0.07049475610256195,0.0924127995967865,0.1482742428779602
kdv2d,nested_jvp,20260919,2700,944.3888240028173,0.06706365197896957,0.08807866275310516,0.1408907026052475
kdv2d,nested_jvp,20260919,2800,979.519612451084,0.0628255233168602,0.08342743664979935,0.12096142023801804
kdv2d,nested_jvp,20260919,2900,1016.0683819018304,0.059455402195453644,0.07786078006029129,0.10978666692972183
kdv2d,nested_jvp,20260919,3000,1051.8698892975226,0.05531536787748337,0.07372347265481949,0.09798134863376617
kdv2d,nested_jvp,20260919,3100,1086.3845183802769,0.051501594483852386,0.06961067765951157,0.08325709402561188
kdv2d,nested_jvp,20260919,3200,1121.593795322813,0.047593653202056885,0.06613937765359879,0.07584335654973984
kdv2d,nested_jvp,20260919,3300,1156.6778617352247,0.044337738305330276,0.06113617867231369,0.06433913111686707
kdv2d,nested_jvp,20260919,3400,1191.1533836154267,0.0410357266664505,0.05744851008057594,0.05696868896484375
kdv2d,nested_jvp,20260919,3500,1225.673280408606,0.03801760450005531,0.05388593301177025,0.0482623316347599
kdv2d,nested_jvp,20260919,3600,1261.4438867177814,0.03518930822610855,0.05074746534228325,0.04371808469295502
kdv2d,nested_jvp,20260919,3700,1296.8627841966227,0.03248516470193863,0.04863840341567993,0.03886357322335243
kdv2d,nested_jvp,20260919,3800,1330.3944439385086,0.03015105426311493,0.045039642602205276,0.0339428149163723
kdv2d,nested_jvp,20260919,3900,1365.4811790902168,0.02799542434513569,0.04304063692688942,0.029302319511771202
kdv2d,nested_jvp,20260919,4000,1399.0281964251772,0.02619175985455513,0.04079519957304001,0.02631394751369953
kdv2d,nested_jvp,20260919,4100,1435.1730368332937,0.024507274851202965,0.03874161094427109,0.02516651339828968
kdv2d,nested_jvp,20260919,4200,1469.3225989593193,0.022908983752131462,0.03647209703922272,0.0209670290350914
kdv2d,nested_jvp,20260919,4300,1502.2189873410389,0.021619893610477448,0.03518099710345268,0.019038883969187737
kdv2d,nested_jvp,20260919,4400,1535.6782787526026,0.020449073985219002,0.03401190787553787,0.01757228933274746
kdv2d,nested_jvp,20260919,4500,1568.9605128765106,0.019333668053150177,0.03251384571194649,0.016600754112005234
kdv2d,nested_jvp,20260919,4600,1602.2352318298072,0.01828823797404766,0.03058016113936901,0.014743193984031677
kdv2d,nested_jvp,20260919,4700,1635.330774044618,0.017377778887748718,0.029269671067595482,0.013511443510651588
kdv2d,nested_jvp,20260919,4800,1670.6291872300208,0.016590453684329987,0.02798984944820404,0.013117295689880848
kdv2d,nested_jvp,20260919,4900,1706.8817333905026,0.015921900048851967,0.027063198387622833,0.011296366341412067
kdv2d,nested_jvp,20260919,5000,1742.5626048604026,0.015218033455312252,0.025893893092870712,0.01066175103187561
kdv2d,nested_jvp,20260919,5100,1776.7198600312695,0.0146369319409132,0.02501450665295124,0.010184458456933498
kdv2d,nested_jvp,20260919,5200,1810.6570006925613,0.013973605819046497,0.023577561601996422,0.009509047493338585
kdv2d,nested_jvp,20260919,5300,1844.769378514029,0.013286340981721878,0.02236826717853546,0.008625165559351444
kdv2d,nested_jvp,20260919,5400,1878.2821967042983,0.012712554074823856,0.02118702046573162,0.007897683419287205
kdv2d,nested_jvp,20260919,5500,1911.4017433682457,0.012445226311683655,0.020804960280656815,0.0074701374396681786
kdv2d,nested_jvp,20260919,5600,1945.7052217302844,0.011711726896464825,0.019200077280402184,0.006717719603329897
kdv2d,nested_jvp,20260919,5700,1979.8425575569272,0.011315751820802689,0.018414266407489777,0.006633065640926361
kdv2d,nested_jvp,20260919,5800,2014.1771630654112,0.010700282640755177,0.01689351722598076,0.0059565333649516106
kdv2d,nested_jvp,20260919,5900,2048.932155511342,0.010219253599643707,0.015969110652804375,0.00553435692563653
kdv2d,nested_jvp,20260919,6000,2086.333038009703,0.009912374429404736,0.01518247276544571,0.005090365186333656
kdv2d,nested_jvp,20260919,6100,2121.2249383702874,0.009279598481953144,0.013665461912751198,0.0049317399971187115
kdv2d,nested_jvp,20260919,6200,2156.9641487477347,0.008908881805837154,0.012671111151576042,0.004229553043842316
kdv2d,nested_jvp,20260919,6300,2192.174817994237,0.008677823469042778,0.011979562230408192,0.004038088954985142
kdv2d,nested_jvp,20260919,6400,2225.584597812034,0.008417144417762756,0.011184020899236202,0.0038269702345132828
kdv2d,nested_jvp,20260919,6500,2259.681226477027,0.00793954823166132,0.010196666233241558,0.003451841650530696
kdv2d,nested_jvp,20260919,6600,2294.6701797600836,0.0076210410334169865,0.009330994449555874,0.003151476150378585
kdv2d,nested_jvp,20260919,6700,2327.3463155440986,0.007281966041773558,0.008327806368470192,0.003103534923866391
kdv2d,nested_jvp,20260919,6800,2362.1929971110076,0.00711689842864871,0.007731982506811619,0.002953489776700735
kdv2d,nested_jvp,20260919,6900,2394.8713249284774,0.006852667313069105,0.006981893442571163,0.0028142924420535564
kdv2d,nested_jvp,20260919,7000,2429.0565230678767,0.006916869431734085,0.006722988095134497,0.0027402332052588463
kdv2d,nested_jvp,20260919,7100,2462.7097943620756,0.006598505657166243,0.006001265719532967,0.0023822851944714785
kdv2d,nested_jvp,20260919,7200,2497.8066283902153,0.00645432248711586,0.0055359830148518085,0.0023904459085315466
kdv2d,nested_jvp,20260919,7300,2532.558217389509,0.0062306905165314674,0.005308227613568306,0.002025345340371132
kdv2d,nested_jvp,20260919,7400,2566.514360707253,0.006206289399415255,0.004981531295925379,0.002084587700664997
kdv2d,nested_jvp,20260919,7500,2600.47541928757,0.006207993254065514,0.004829009994864464,0.0020079766400158405
kdv2d,nested_jvp,20260919,7600,2635.543258747086,0.005968113895505667,0.004880870226770639,0.0019157370552420616
kdv2d,nested_jvp,20260919,7700,2667.857500977814,0.0061983452178537846,0.004825087729841471,0.0018375026993453503
kdv2d,nested_jvp,20260919,7800,2699.9719584463164,0.006008281372487545,0.004897339269518852,0.001806759275496006
kdv2d,nested_jvp,20260919,7900,2732.0532725164667,0.0058417306281626225,0.005104763433337212,0.0015596533194184303
kdv2d,nested_jvp,20260919,8000,2764.598364977166,0.005818130914121866,0.005170218180865049,0.0014704519417136908
kdv2d,nested_jvp,20260919,8100,2797.654575661756,0.005728752817958593,0.005204866640269756,0.0014413658063858747
kdv2d,nested_jvp,20260919,8200,2831.2167482282966,0.005751196760684252,0.00520591763779521,0.001579515403136611
kdv2d,nested_jvp,20260919,8300,2864.4616678208113,0.006056725047528744,0.005048906896263361,0.0014128719922155142
kdv2d,nested_jvp,20260919,8400,2897.4580314857885,0.005741302855312824,0.0052496460266411304,0.0013740218710154295
kdv2d,nested_jvp,20260919,8500,2935.560528893955,0.00558957364410162,0.005325320642441511,0.0012556364526972175
kdv2d,nested_jvp,20260919,8600,2969.3370279828086,0.005621344316750765,0.005283969920128584,0.0012170675909146667
kdv2d,nested_jvp,20260919,8700,3000.946570727974,0.005542360246181488,0.005498821847140789,0.0011669399682432413
kdv2d,nested_jvp,20260919,8800,3032.5505097461864,0.005552038084715605,0.005335174035280943,0.0011012802133336663
kdv2d,nested_jvp,20260919,8900,3066.831991271116,0.005336740054190159,0.005512577015906572,0.001115772407501936
kdv2d,nested_jvp,20260919,9000,3100.4319786839187,0.0053533026948571205,0.0053634606301784515,0.0011110780760645866
kdv2d,nested_jvp,20260919,9100,3134.8906192472205,0.005266571883112192,0.005431869067251682,0.0009369561448693275
kdv2d,nested_jvp,20260919,9200,3168.598319900222,0.005178862251341343,0.005252682138234377,0.0010048128897324204
kdv2d,nested_jvp,20260919,9300,3202.577435033396,0.005038621835410595,0.005371034145355225,0.0009587815147824585
kdv2d,nested_jvp,20260919,9400,3235.156970965676,0.004779675975441933,0.005621042568236589,0.0009004495805129409
kdv2d,nested_jvp,20260919,9500,3267.206682262011,0.0047259945422410965,0.005345548503100872,0.0009156394517049193
kdv2d,nested_jvp,20260919,9600,3299.411854095757,0.005009638145565987,0.004937159828841686,0.0008174233371391892
kdv2d,nested_jvp,20260919,9700,3333.231443600729,0.004509137477725744,0.005205763503909111,0.00082138751167804
kdv2d,nested_jvp,20260919,9800,3365.983704334125,0.0046280305832624435,0.004837084095925093,0.000793127459473908
kdv2d,nested_jvp,20260919,9900,3398.5307336375117,0.00452982634305954,0.004610058385878801,0.0007284152088686824
kdv2d,nested_jvp,20260919,10000,3430.2197773437947,0.004366870503872633,0.004644949454814196,0.0006938138394616544
kdv2d,nested_jvp,20260919,10100,3462.383765815757,0.004041946027427912,0.004905920010060072,0.0006199449999257922
kdv2d,nested_jvp,20260919,10200,3498.693425603211,0.003941798582673073,0.005025625694543123,0.0006017711712047458
kdv2d,nested_jvp,20260919,10300,3531.275305219926,0.003960870206356049,0.004679616540670395,0.0005494123906828463
kdv2d,nested_jvp,20260919,10400,3564.6239033620805,0.004081410821527243,0.003914139233529568,0.0005368187557905912
kdv2d,nested_jvp,20260919,10500,3598.647364835255,0.0038265525363385677,0.004035660997033119,0.0004558289365377277
kdv2d,nested_jvp,20260919,10600,3631.4725438058376,0.0036728980485349894,0.004272325895726681,0.0004632729687727988
kdv2d,nested_jvp,20260919,10700,3667.3826277898625,0.0033981369342654943,0.004445809405297041,0.00042806859710253775
kdv2d,nested_jvp,20260919,10800,3701.6419506389648,0.0033139411825686693,0.004124503117054701,0.0004357756697572768
kdv2d,nested_jvp,20260919,10900,3736.644919496961,0.0031705633737146854,0.004019030835479498,0.0003760415711440146
kdv2d,nested_jvp,20260919,11000,3769.3673754371703,0.0030606866348534822,0.004050792660564184,0.0003560216282494366
kdv2d,nested_jvp,20260919,11100,3800.658754516393,0.0029589550103992224,0.003894758177921176,0.0003383053408470005
kdv2d,nested_jvp,20260919,11200,3835.8950807023793,0.0028581800870597363,0.003828439163044095,0.00031519506592303514
kdv2d,nested_jvp,20260919,11300,3870.013108660467,0.002729063155129552,0.0037033511325716972,0.00028475787257775664
kdv2d,nested_jvp,20260919,11400,3904.6160921379924,0.0027744274120777845,0.0034172951709479094,0.00027638982282951474
kdv2d,nested_jvp,20260919,11500,3939.602075735107,0.0026156583335250616,0.0035643125884234905,0.00024941598530858755
kdv2d,nested_jvp,20260919,11600,3973.84798272606,0.0024660814087837934,0.003441083477810025,0.00024126702919602394
kdv2d,nested_jvp,20260919,11700,4006.8139131078497,0.0024303647223860025,0.003293238813057542,0.00024046728503890336
kdv2d,nested_jvp,20260919,11800,4040.7977218236774,0.0023218479473143816,0.003342303214594722,0.00021263715461827815
kdv2d,nested_jvp,20260919,11900,4074.5159559641033,0.002185470424592495,0.0031739133410155773,0.00019841348694171757
kdv2d,nested_jvp,20260919,12000,4105.563402810134,0.002091086469590664,0.0033433169592171907,0.00018771630129776895
kdv2d,nested_jvp,20260919,12100,4137.1472588209435,0.0020738434977829456,0.002998441457748413,0.00017995602684095502
kdv2d,nested_jvp,20260919,12200,4172.984731647186,0.0019755284301936626,0.0031847176142036915,0.00017568915791343898
kdv2d,nested_jvp,20260919,12300,4207.124283807352,0.002006522146984935,0.0027078124694526196,0.0001596015936229378
kdv2d,nested_jvp,20260919,12400,4242.289501290768,0.0018463744781911373,0.002904687076807022,0.00016821929602883756
kdv2d,nested_jvp,20260919,12500,4279.060220850632,0.0018035818357020617,0.002676482778042555,0.00015569067909382284
kdv2d,nested_jvp,20260919,12600,4311.460721892305,0.0017413916066288948,0.0028478759340941906,0.00015148938109632581
kdv2d,nested_jvp,20260919,12700,4343.017285189591,0.0016874483553692698,0.002677374752238393,0.00013035285519436002
kdv2d,nested_jvp,20260919,12800,4378.3273363523185,0.001671890146099031,0.0025634451303631067,0.000128304265672341
kdv2d,nested_jvp,20260919,12900,4412.387975226156,0.0015951200621202588,0.0025498850736767054,0.00013410812243819237
kdv2d,nested_jvp,20260919,13000,4445.700365869328,0.001575698028318584,0.0024798561353236437,0.00011694380373228341
kdv2d,nested_jvp,20260919,13100,4479.936706249602,0.0015095140552148223,0.002516485285013914,0.00011490641918499023
kdv2d,nested_jvp,20260919,13200,4512.849725225009,0.0015489072538912296,0.0026706834323704243,0.00010963130625896156
kdv2d,nested_jvp,20260919,13300,4547.9871978787705,0.0014736393932253122,0.0025262876879423857,0.0001072823433787562
kdv2d,nested_jvp,20260919,13400,4582.423631715588,0.0014352669240906835,0.0024370779283344746,0.00010264515003655106
kdv2d,nested_jvp,20260919,13500,4616.4959272174165,0.0014339969493448734,0.0024019633419811726,9.465822950005531e-05
kdv2d,nested_jvp,20260919,13600,4647.368025975302,0.0014028552686795592,0.0023529811296612024,0.00010226474842056632
kdv2d,nested_jvp,20260919,13700,4679.864450890571,0.0014416924677789211,0.0024038334377110004,9.673259046394378e-05
kdv2d,nested_jvp,20260919,13800,4712.366278571077,0.001345953205600381,0.002116826828569174,9.120351751334965e-05
kdv2d,nested_jvp,20260919,13900,4746.638561726548,0.0013059851480647922,0.0021604017820209265,9.18681180337444e-05
kdv2d,nested_jvp,20260919,14000,4778.940378090367,0.0013251254567876458,0.0022552853915840387,8.867510769050568e-05
kdv2d,nested_jvp,20260919,14100,4812.492015024647,0.0012868973426520824,0.0021846953313797712,9.283838153351098e-05
kdv2d,nested_jvp,20260919,14200,4847.66464407742,0.0013743789168074727,0.0022843859624117613,8.24665476102382e-05
kdv2d,nested_jvp,20260919,14300,4884.322714739479,0.001562888384796679,0.0025179139338433743,9.010759822558612e-05
kdv2d,nested_jvp,20260919,14400,4917.37915130239,0.0014252879191190004,0.002335541881620884,8.820482617011294e-05
kdv2d,nested_jvp,20260919,14500,4951.258430890739,0.0015617680037394166,0.002372362418100238,8.040893590077758e-05
kdv2d,nested_jvp,20260919,14600,4984.455451082438,0.0012639900669455528,0.0019443038618192077,8.439428347628564e-05
kdv2d,nested_jvp,20260919,14700,5021.329851034097,0.0012839529663324356,0.0020621323492377996,7.574788469355553e-05
kdv2d,nested_jvp,20260919,14800,5057.348228892311,0.0012360007967799902,0.0019597543869167566,7.976927008712664e-05
kdv2d,nested_jvp,20260919,14900,5090.633651035838,0.0012340511893853545,0.0019640952814370394,6.764097634004429e-05
kdv2d,nested_jvp,20260919,15000,5122.539258118719,0.0011242178734391928,0.0017599320271983743,6.572310667252168e-05
kdv2d,nested_jvp,20260919,15100,5154.337414298207,0.0011761670466512442,0.0017623305320739746,6.309974560281262e-05
kdv2d,nested_jvp,20260919,15200,5190.932815188542,0.0011244943598285317,0.0017515820218250155,6.623710214626044e-05
kdv2d,nested_jvp,20260919,15300,5224.869056392461,0.0013151952298358083,0.0019669756293296814,6.925552588654682e-05
kdv2d,nested_jvp,20260919,15400,5256.773350019008,0.0011253595585003495,0.0017536422237753868,6.10377755947411e-05
kdv2d,nested_jvp,20260919,15500,5289.607225693762,0.0011540811974555254,0.0017709461972117424,5.8992642152588814e-05
kdv2d,nested_jvp,20260919,15600,5323.569781884551,0.0011276650475338101,0.0017766111996024847,5.7575307437218726e-05
kdv2d,nested_jvp,20260919,15700,5358.052312045358,0.0010565461125224829,0.0014960461994633079,6.177190516609699e-05
kdv2d,nested_jvp,20260919,15800,5395.779174420983,0.0010713930241763592,0.0016252766363322735,5.5288273870246485e-05
kdv2d,nested_jvp,20260919,15900,5430.923475656658,0.0011162633309140801,0.0015445679891854525,4.932318552164361e-05
kdv2d,nested_jvp,20260919,16000,5464.838760642335,0.001172859687358141,0.0017713188426569104,5.313230212777853e-05
kdv2d,nested_jvp,20260919,16100,5497.9323492813855,0.001098260865546763,0.0017136202659457922,5.1871662435587496e-05
kdv2d,nested_jvp,20260919,16200,5533.538498896174,0.001018218812532723,0.0014698158483952284,5.205717752687633e-05
kdv2d,nested_jvp,20260919,16300,5564.65081575606,0.00109103973954916,0.001583422301337123,5.010941458749585e-05
kdv2d,nested_jvp,20260919,16400,5597.646181962453,0.0010694019729271531,0.0015485050389543176,4.679790436057374e-05
kdv2d,nested_jvp,20260919,16500,5631.259129522368,0.0011894155759364367,0.001724348054267466,5.7039222156163305e-05
kdv2d,nested_jvp,20260919,16600,5663.258885269985,0.0009454521350562572,0.001274914015084505,4.878259642282501e-05
kdv2d,nested_jvp,20260919,16700,5696.450736904517,0.0010397479636594653,0.0015586131485179067,5.2769348258152604e-05
kdv2d,nested_jvp,20260919,16800,5731.045832707547,0.001074042054824531,0.0015547904185950756,4.3612060835585e-05
kdv2d,nested_jvp,20260919,16900,5763.721925607882,0.000983168836683035,0.001315508154220879,4.388351953821257e-05
kdv2d,nested_jvp,20260919,17000,5796.2243332751095,0.001282001263462007,0.0017555232625454664,4.8179266741499305e-05
kdv2d,nested_jvp,20260919,17100,5832.388620024547,0.0009544563363306224,0.0014742965577170253,4.133886250201613e-05
kdv2d,nested_jvp,20260919,17200,5866.274683878757,0.0010411703260615468,0.001573681947775185,4.0353756048716605e-05
kdv2d,nested_jvp,20260919,17300,5901.237574917264,0.0009626152459532022,0.0014703938504680991,3.667371129267849e-05
kdv2d,nested_jvp,20260919,17400,5933.643947523087,0.0009063199395313859,0.0011970619671046734,4.3605687096714973e-05
kdv2d,nested_jvp,20260919,17500,5966.595701372251,0.0009970939718186855,0.001355201005935669,3.63381186616607e-05
kdv2d,nested_jvp,20260919,17600,5999.479354836978,0.0009735787753015757,0.0014234951231628656,3.980862311436795e-05
kdv2d,nested_jvp,20260919,17700,6030.72570722457,0.001204045256599784,0.001622013165615499,3.977200321969576e-05
kdv2d,nested_jvp,20260919,17800,6064.69527200982,0.0010032284772023559,0.001410920638591051,3.4884404158219695e-05
kdv2d,nested_jvp,20260919,17900,6098.310606979765,0.000887461646925658,0.0011804611422121525,3.970614488935098e-05
kdv2d,nested_jvp,20260919,18000,6134.496101515368,0.0008725759107619524,0.0012866132892668247,3.971071055275388e-05
kdv2d,nested_jvp,20260919,18100,6167.905766251497,0.0008372622542083263,0.0011315011652186513,3.532767732394859e-05
kdv2d,nested_jvp,20260919,18200,6199.819072606973,0.0009068354265764356,0.001183300861157477,3.1884806958260015e-05
kdv2d,nested_jvp,20260919,18300,6230.198410376906,0.0010119893122464418,0.0014151650248095393,3.605388701544143e-05
kdv2d,nested_jvp,20260919,18400,6264.91551099997,0.0008511394262313843,0.0010546307312324643,3.6154531699139625e-05
kdv2d,nested_jvp,20260919,18500,6298.496882983483,0.0010152554605156183,0.001394061022438109,3.797915269387886e-05
kdv2d,nested_jvp,20260919,18600,6336.332427050918,0.0008563263691030443,0.0011915896320715547,3.125512012047693e-05
kdv2d,nested_jvp,20260919,18700,6370.629532610998,0.0009397065732628107,0.001236288226209581,3.257079515606165e-05
kdv2d,nested_jvp,20260919,18800,6401.669659617357,0.001056997454725206,0.0013543848181143403,3.321863914607093e-05
kdv2d,nested_jvp,20260919,18900,6435.387636555359,0.0008756703464314342,0.0011845012195408344,3.3136682759504765e-05
kdv2d,nested_jvp,20260919,19000,6466.392431284301,0.0008532702340744436,0.0011484611313790083,2.8154870960861444e-05
kdv2d,nested_jvp,20260919,19100,6499.580407105386,0.0009681031806394458,0.0011952038621529937,3.0329852961585857e-05
kdv2d,nested_jvp,20260919,19200,6533.955896570347,0.0008324772934429348,0.0009721567039377987,3.240847581764683e-05
kdv2d,nested_jvp,20260919,19300,6567.526009130292,0.0009129528771154583,0.0012445637257769704,2.8600512450793758e-05
kdv2d,nested_jvp,20260919,19400,6602.257019294426,0.0008186290506273508,0.0010534123284742236,3.0033270377316512e-05
kdv2d,nested_jvp,20260919,19500,6637.670713301748,0.0008056088699959219,0.001101294532418251,2.9719005397055298e-05
kdv2d,nested_jvp,20260919,19600,6673.646088526584,0.000886346388142556,0.0011717018205672503,2.8653894332819618e-05
kdv2d,nested_jvp,20260919,19700,6706.535221288912,0.0008005903218872845,0.0009812847711145878,2.7758946089306846e-05
kdv2d,nested_jvp,20260919,19800,6743.2561085782945,0.0007927825208753347,0.0009814562508836389,2.49216245720163e-05
kdv2d,nested_jvp,20260919,19900,6777.9078254317865,0.0007828804664313793,0.0009564622305333614,2.8213373298058286e-05
kdv2d,nested_jvp,20260919,20000,6810.708768236451,0.0007756396662443876,0.0009604788501746953,2.6616809918778017e-05
kdv2d,shared_jet_linear,20260919,0,0.0,1.0310218334197998,1.0122811794281006,
kdv2d,shared_jet_linear,20260919,100,6.04044752381742,0.8200252652168274,0.8280242085456848,11.666948318481445
kdv2d,shared_jet_linear,20260919,200,12.167576144449413,0.6353437900543213,0.6702302694320679,7.037007808685303
kdv2d,shared_jet_linear,20260919,300,17.8254117872566,0.47042611241340637,0.5354260802268982,3.438399314880371
kdv2d,shared_jet_linear,20260919,400,24.262667565606534,0.36307263374328613,0.4431780278682709,1.833450436592102
kdv2d,shared_jet_linear,20260919,500,30.21206794306636,0.296360582113266,0.36671826243400574,1.2106484174728394
kdv2d,shared_jet_linear,20260919,600,35.807368624955416,0.239591583609581,0.2895083725452423,0.8954308032989502
kdv2d,shared_jet_linear,20260919,700,42.16014167107642,0.19244785606861115,0.2235284000635147,0.675525426864624
kdv2d,shared_jet_linear,20260919,800,48.50139053352177,0.15960925817489624,0.1791735291481018,0.5448578000068665
kdv2d,shared_jet_linear,20260919,900,54.9186844388023,0.13941949605941772,0.15369591116905212,0.4779578447341919
kdv2d,shared_jet_linear,20260919,1000,61.40566454362124,0.12854266166687012,0.14232857525348663,0.4485316276550293
kdv2d,shared_jet_linear,20260919,1100,67.6222712425515,0.12215147912502289,0.1369447261095047,0.41436880826950073
kdv2d,shared_jet_linear,20260919,1200,73.22432286851108,0.11756026744842529,0.13455140590667725,0.3886664807796478
kdv2d,shared_jet_linear,20260919,1300,78.81901337951422,0.1147499829530716,0.1315818727016449,0.3722259998321533
kdv2d,shared_jet_linear,20260919,1400,84.429304366,0.11131525039672852,0.12967082858085632,0.35943618416786194
kdv2d,shared_jet_linear,20260919,1500,90.03483130596578,0.10825584828853607,0.12739010155200958,0.33743834495544434
kdv2d,shared_jet_linear,20260919,1600,96.22883127909154,0.10533473640680313,0.1244567260146141,0.31557440757751465
kdv2d,shared_jet_linear,20260919,1700,102.33996415697038,0.10239353030920029,0.12235192209482193,0.30747225880622864
kdv2d,shared_jet_linear,20260919,1800,108.22541782539338,0.09940601885318756,0.11928460001945496,0.29829809069633484
kdv2d,shared_jet_linear,20260919,1900,113.81957238260657,0.09593610465526581,0.11720263957977295,0.2541164755821228
kdv2d,shared_jet_linear,20260919,2000,120.45430390443653,0.09266656637191772,0.11326280236244202,0.24248871207237244
kdv2d,shared_jet_linear,20260919,2100,126.3940866664052,0.08927920460700989,0.1105065867304802,0.23402968049049377
kdv2d,shared_jet_linear,20260919,2200,132.75944401044399,0.0857551246881485,0.10672854632139206,0.2035420686006546
kdv2d,shared_jet_linear,20260919,2300,139.46913641877472,0.08210247755050659,0.10357051342725754,0.18580560386180878
kdv2d,shared_jet_linear,20260919,2400,145.92318396177143,0.07895369827747345,0.09890866279602051,0.17590568959712982
kdv2d,shared_jet_linear,20260919,2500,151.55893395561725,0.07482568174600601,0.09547876566648483,0.16172631084918976
kdv2d,shared_jet_linear,20260919,2600,157.60330004431307,0.07049475610256195,0.0924127995967865,0.1482742428779602
kdv2d,shared_jet_linear,20260919,2700,164.46170864999294,0.06706365197896957,0.08807866275310516,0.1408907026052475
kdv2d,shared_jet_linear,20260919,2800,170.7445230614394,0.0628255233168602,0.08342742919921875,0.12096142023801804
kdv2d,shared_jet_linear,20260919,2900,176.30036552157253,0.059455402195453644,0.07786078006029129,0.10978665947914124
kdv2d,shared_jet_linear,20260919,3000,181.860111172311,0.05531536415219307,0.07372346520423889,0.09798134863376617
kdv2d,shared_jet_linear,20260919,3100,187.8385230312124,0.05150159075856209,0.06961067765951157,0.08325710147619247
kdv2d,shared_jet_linear,20260919,3200,194.62271756492555,0.04759364575147629,0.06613937765359879,0.07584334909915924
kdv2d,shared_jet_linear,20260919,3300,200.46423556748778,0.044337742030620575,0.06113617867231369,0.06433913856744766
kdv2d,shared_jet_linear,20260919,3400,206.18823365215212,0.0410357266664505,0.057448506355285645,0.05696868896484375
kdv2d,shared_jet_linear,20260919,3500,211.74848968256265,0.03801760450005531,0.05388593301177025,0.0482623353600502
kdv2d,shared_jet_linear,20260919,3600,217.30030211806297,0.03518930822610855,0.05074746534228325,0.043718092143535614
kdv2d,shared_jet_linear,20260919,3700,223.40502685122192,0.03248516470193863,0.04863840714097023,0.03886358067393303
kdv2d,shared_jet_linear,20260919,3800,229.51299585402012,0.03015105426311493,0.045039646327495575,0.0339428186416626
kdv2d,shared_jet_linear,20260919,3900,235.0867391563952,0.027995426207780838,0.04304064065217972,0.029302317649126053
kdv2d,shared_jet_linear,20260919,4000,240.74049387592822,0.02619175612926483,0.04079519957304001,0.026313941925764084
kdv2d,shared_jet_linear,20260919,4100,246.37053323257715,0.024507274851202965,0.03874161094427109,0.02516651339828968
kdv2d,shared_jet_linear,20260919,4200,252.26115824468434,0.022908983752131462,0.03647209331393242,0.0209670290350914
kdv2d,shared_jet_linear,20260919,4300,258.684504638426,0.021619893610477448,0.03518100082874298,0.019038883969187737
kdv2d,shared_jet_linear,20260919,4400,264.51702314428985,0.020449072122573853,0.03401190787553787,0.01757228560745716
kdv2d,shared_jet_linear,20260919,4500,270.164830644615,0.019333669915795326,0.032513849437236786,0.016600752249360085
kdv2d,shared_jet_linear,20260919,4600,276.2590419575572,0.01828823797404766,0.03058016113936901,0.014743193984031677
kdv2d,shared_jet_linear,20260919,4700,283.14325750712305,0.017377778887748718,0.029269671067595482,0.013511447235941887
kdv2d,shared_jet_linear,20260919,4800,288.9037153031677,0.016590451821684837,0.02798984944820404,0.013117295689880848
kdv2d,shared_jet_linear,20260919,4900,295.4941875450313,0.015921900048851967,0.02706320397555828,0.011296365410089493
kdv2d,shared_jet_linear,20260919,5000,301.7245808131993,0.015218033455312252,0.025893893092870712,0.010661751963198185
kdv2d,shared_jet_linear,20260919,5100,307.38591409195215,0.014636932872235775,0.02501450665295124,0.010184458456933498
kdv2d,shared_jet_linear,20260919,5200,313.06766120903194,0.013973607681691647,0.023577559739351273,0.00950904656201601
kdv2d,shared_jet_linear,20260919,5300,320.02332315128297,0.013286340981721878,0.02236826717853546,0.008625167421996593
kdv2d,shared_jet_linear,20260919,5400,326.81402774434537,0.012712554074823856,0.02118702046573162,0.007897683419287205
kdv2d,shared_jet_linear,20260919,5500,333.2081186287105,0.01244522724300623,0.020804960280656815,0.0074701388366520405
kdv2d,shared_jet_linear,20260919,5600,339.227580091916,0.01171172596514225,0.019200075417757034,0.00671771913766861
kdv2d,shared_jet_linear,20260919,5700,344.80229096021503,0.011315750889480114,0.018414262682199478,0.006633065640926361
kdv2d,shared_jet_linear,20260919,5800,351.17871690541506,0.010700282640755177,0.01689351536333561,0.005956532433629036
kdv2d,shared_jet_linear,20260919,5900,357.65549238212407,0.010219253599643707,0.015969110652804375,0.005534355994313955
kdv2d,shared_jet_linear,20260919,6000,363.4964000796899,0.009912374429404736,0.015182475559413433,0.005090366117656231
kdv2d,shared_jet_linear,20260919,6100,369.108429226093,0.00927959755063057,0.013665455393493176,0.004931740462779999
kdv2d,shared_jet_linear,20260919,6200,374.7586997067556,0.008908881805837154,0.012671109288930893,0.004229551646858454
kdv2d,shared_jet_linear,20260919,6300,380.6138130836189,0.008677823469042778,0.011979560367763042,0.004038090817630291
kdv2d,shared_jet_linear,20260919,6400,387.3611816931516,0.008417143486440182,0.011184018105268478,0.003826970001682639
kdv2d,shared_jet_linear,20260919,6500,393.3857684209943,0.00793954636901617,0.010196663439273834,0.003451843047514558
kdv2d,shared_jet_linear,20260919,6600,399.1821241984144,0.007621043361723423,0.009330994449555874,0.003151475451886654
kdv2d,shared_jet_linear,20260919,6700,405.11418602149934,0.007281966041773558,0.008327811025083065,0.003103535156697035
kdv2d,shared_jet_linear,20260919,6800,411.13591843657196,0.007116897497326136,0.0077319880947470665,0.0029534907080233097
kdv2d,shared_jet_linear,20260919,6900,417.56121364142746,0.006852669641375542,0.006981892045587301,0.0028142929077148438
kdv2d,shared_jet_linear,20260919,7000,423.96020828094333,0.006916869897395372,0.006722988560795784,0.0027402329724282026
kdv2d,shared_jet_linear,20260919,7100,430.27074076328427,0.006598503328859806,0.006001262925565243,0.0023822858929634094
kdv2d,shared_jet_linear,20260919,7200,436.61362179834396,0.006454322952777147,0.005535983946174383,0.0023904459085315466
kdv2d,shared_jet_linear,20260919,7300,442.469742776826,0.006230686325579882,0.005308226682245731,0.002025344641879201
kdv2d,shared_jet_linear,20260919,7400,448.49343252554536,0.00620628846809268,0.0049815308302640915,0.002084587700664997
kdv2d,shared_jet_linear,20260919,7500,454.89010505378246,0.006207992322742939,0.004829008597880602,0.002007975708693266
kdv2d,shared_jet_linear,20260919,7600,461.26419468410313,0.005968113895505667,0.004880869295448065,0.0019157383358106017
kdv2d,shared_jet_linear,20260919,7700,467.598904161714,0.006198347080498934,0.004825086332857609,0.0018375031650066376
kdv2d,shared_jet_linear,20260919,7800,473.2403423115611,0.006008276715874672,0.004897339269518852,0.0018067602068185806
kdv2d,shared_jet_linear,20260919,7900,478.78213739488274,0.005841732956469059,0.005104762967675924,0.0015596533194184303
kdv2d,shared_jet_linear,20260919,8000,484.328511049971,0.005818131845444441,0.005170214921236038,0.001470451126806438
kdv2d,shared_jet_linear,20260919,8100,489.89198653493077,0.0057287574745714664,0.005204865243285894,0.0014413660392165184
kdv2d,shared_jet_linear,20260919,8200,495.8016653265804,0.00575120048597455,0.005205911118537188,0.0015795151703059673
kdv2d,shared_jet_linear,20260919,8300,502.29057896509767,0.006056717596948147,0.005048909690231085,0.0014128717593848705
kdv2d,shared_jet_linear,20260919,8400,508.0498337447643,0.005741302389651537,0.005249637644737959,0.001374022220261395
kdv2d,shared_jet_linear,20260919,8500,514.9374903514981,0.0055895717814564705,0.005325312726199627,0.001255637500435114
kdv2d,shared_jet_linear,20260919,8600,521.5552853038535,0.005621344316750765,0.00528396712616086,0.001217067358084023
kdv2d,shared_jet_linear,20260919,8700,527.1957997661084,0.005542360246181488,0.0054988255724310875,0.0011669399682432413
kdv2d,shared_jet_linear,20260919,8800,532.8272438440472,0.005552028305828571,0.005335177294909954,0.0011012796312570572
kdv2d,shared_jet_linear,20260919,8900,539.2022805064917,0.00533674331381917,0.005512567237019539,0.0011157718254253268
kdv2d,shared_jet_linear,20260919,9000,545.2350075086579,0.0053533026948571205,0.0053634620271623135,0.0011110786581411958
kdv2d,shared_jet_linear,20260919,9100,551.3058311529458,0.005266566760838032,0.005431875586509705,0.0009369556792080402
kdv2d,shared_jet_linear,20260919,9200,557.6110704857856,0.005178859923034906,0.005252685397863388,0.001004813122563064
kdv2d,shared_jet_linear,20260919,9300,563.8436324018985,0.005038621835410595,0.005371032748371363,0.0009587819222360849
kdv2d,shared_jet_linear,20260919,9400,570.5841546272859,0.004779670387506485,0.005621062126010656,0.0009004504536278546
kdv2d,shared_jet_linear,20260919,9500,576.497135264799,0.004725993610918522,0.005345546640455723,0.0009156393352895975
kdv2d,shared_jet_linear,20260919,9600,582.719267998822,0.0050096348859369755,0.004937161225825548,0.0008174225222319365
kdv2d,shared_jet_linear,20260919,9700,588.68508704938,0.004509132821112871,0.005205774679780006,0.0008213867549784482
kdv2d,shared_jet_linear,20260919,9800,595.5727574564517,0.004628032445907593,0.00483707943931222,0.0007931272266432643
kdv2d,shared_jet_linear,20260919,9900,601.6581303235143,0.004529827740043402,0.004610057454556227,0.0007284149760380387
kdv2d,shared_jet_linear,20260919,10000,607.4281992744654,0.004366887733340263,0.00464492104947567,0.000693812791723758
kdv2d,shared_jet_linear,20260919,10100,613.1640245113522,0.004041946958750486,0.004905920010060072,0.0006199448253028095
kdv2d,shared_jet_linear,20260919,10200,618.7762582078576,0.003941808361560106,0.005025594960898161,0.0006017707055434585
kdv2d,shared_jet_linear,20260919,10300,624.9283816423267,0.00396086648106575,0.004679613281041384,0.0005494121578522027
kdv2d,shared_jet_linear,20260919,10400,631.8720234083012,0.004081401042640209,0.003914146218448877,0.0005368184065446258
kdv2d,shared_jet_linear,20260919,10500,638.9334746459499,0.0038265553303062916,0.004035654943436384,0.00045582908205688
kdv2d,shared_jet_linear,20260919,10600,644.5736208250746,0.0036728978157043457,0.004272319842129946,0.0004632722702808678
kdv2d,shared_jet_linear,20260919,10700,650.437158816494,0.003398139961063862,0.004445803817361593,0.00042806915007531643
kdv2d,shared_jet_linear,20260919,10800,657.2710601240396,0.003313943510875106,0.004124504514038563,0.00043577549513429403
kdv2d,shared_jet_linear,20260919,10900,663.6702425153926,0.003170569194480777,0.004019021522253752,0.0003760415711440146
kdv2d,shared_jet_linear,20260919,11000,669.6536163557321,0.0030606838408857584,0.00405080197378993,0.0003560223267413676
kdv2d,shared_jet_linear,20260919,11100,675.2796474695206,0.0029589561745524406,0.0038947509601712227,0.0003383049333933741
kdv2d,shared_jet_linear,20260919,11200,681.4316029762849,0.002858199179172516,0.0038283870089799166,0.0003151945711579174
kdv2d,shared_jet_linear,20260919,11300,687.6523588458076,0.0027290612924844027,0.0037033427506685257,0.0002847583673428744
kdv2d,shared_jet_linear,20260919,11400,693.293394651264,0.0027744018007069826,0.003417330328375101,0.000276389968348667
kdv2d,shared_jet_linear,20260919,11500,698.9714123094454,0.0026156618259847164,0.0035642972216010094,0.0002494156069587916
kdv2d,shared_jet_linear,20260919,11600,705.4376647816971,0.0024660767521709204,0.0034410813823342323,0.00024126718926709145
kdv2d,shared_jet_linear,20260919,11700,712.0750181935728,0.002430372405797243,0.0032932262402027845,0.0002404674160061404
kdv2d,shared_jet_linear,20260919,11800,717.7378343641758,0.002321847714483738,0.0033423169516026974,0.00021263642702251673
kdv2d,shared_jet_linear,20260919,11900,723.3518322482705,0.0021854706574231386,0.0031739254482090473,0.0001984135597012937
kdv2d,shared_jet_linear,20260919,12000,728.9672856666148,0.0020910862367600203,0.0033433360513299704,0.00018771650502458215
kdv2d,shared_jet_linear,20260919,12100,734.752297654748,0.002073840703815222,0.002998451003804803,0.00017995548842009157
kdv2d,shared_jet_linear,20260919,12200,741.319069871679,0.001975523540750146,0.0031847162172198296,0.00017568946350365877
kdv2d,shared_jet_linear,20260919,12300,747.0327208992094,0.002006529364734888,0.002707797335460782,0.00015960162272676826
kdv2d,shared_jet_linear,20260919,12400,752.647986206226,0.0018463748274371028,0.002904710127040744,0.00016821944154798985
kdv2d,shared_jet_linear,20260919,12500,758.5701805492863,0.0018035797402262688,0.0026764830108731985,0.00015569064998999238
kdv2d,shared_jet_linear,20260919,12600,765.0359536474571,0.0017413839232176542,0.002847914816811681,0.0001514896284788847
kdv2d,shared_jet_linear,20260919,12700,771.3287907736376,0.0016874508000910282,0.0026773596182465553,0.00013035321899224073
kdv2d,shared_jet_linear,20260919,12800,777.8011505417526,0.0016718916594982147,0.002563481917604804,0.00012830430932808667
kdv2d,shared_jet_linear,20260919,12900,784.3428866043687,0.0015951207606121898,0.0025498552713543177,0.00013410800602287054
kdv2d,shared_jet_linear,20260919,13000,790.7074511731043,0.0015756923239678144,0.002479865215718746,0.00011694389104377478
kdv2d,shared_jet_linear,20260919,13100,796.3037492753938,0.0015095139387995005,0.002516502747312188,0.00011490614269860089
kdv2d,shared_jet_linear,20260919,13200,802.4632245181128,0.0015489200595766306,0.0026707137003540993,0.00010963036038447171
kdv2d,shared_jet_linear,20260919,13300,808.4970559049398,0.0014736319426447153,0.0025262534618377686,0.00010728220513556153
kdv2d,shared_jet_linear,20260919,13400,814.3618156379089,0.0014352690195664763,0.0024370860774070024,0.00010264533193549141
kdv2d,shared_jet_linear,20260919,13500,820.6594867268577,0.0014339881017804146,0.0024019465781748295,9.46580694289878e-05
kdv2d,shared_jet_linear,20260919,13600,826.8046863544732,0.0014028436271473765,0.0023529576137661934,0.00010226425365544856
kdv2d,shared_jet_linear,20260919,13700,832.4927122900262,0.0014416709309443831,0.0024037668481469154,9.673267777543515e-05
kdv2d,shared_jet_linear,20260919,13800,838.6210089381784,0.0013459507608786225,0.002116847550496459,9.120393951889127e-05
kdv2d,shared_jet_linear,20260919,13900,844.2330476576462,0.0013059698976576328,0.002160334959626198,9.18680161703378e-05
kdv2d,shared_jet_linear,20260919,14000,849.8583025280386,0.0013251176569610834,0.0022552632726728916,8.867477299645543e-05
kdv2d,shared_jet_linear,20260919,14100,855.4804220739752,0.0012868818594142795,0.0021846427116543055,9.283765393774956e-05
kdv2d,shared_jet_linear,20260919,14200,861.1018816418946,0.0013743949821218848,0.0022844073828309774,8.246625657193363e-05
kdv2d,shared_jet_linear,20260919,14300,867.7450014082715,0.0015628880355507135,0.0025178976356983185,9.010758367367089e-05
kdv2d,shared_jet_linear,20260919,14400,874.4546436369419,0.0014252226101234555,0.0023354580625891685,8.820561924949288e-05
kdv2d,shared_jet_linear,20260919,14500,880.7846066942438,0.0015617837198078632,0.0023723843041807413,8.040871034609154e-05
kdv2d,shared_jet_linear,20260919,14600,887.6210492281243,0.0012639848282560706,0.0019442973425611854,8.439409430138767e-05
kdv2d,shared_jet_linear,20260919,14700,894.0339546352625,0.0012839576229453087,0.002062136074528098,7.574731716886163e-05
kdv2d,shared_jet_linear,20260919,14800,899.9321877676994,0.0012359459651634097,0.0019596826750785112,7.976882625371218e-05
kdv2d,shared_jet_linear,20260919,14900,905.4773513460532,0.0012340997345745564,0.0019641772378236055,6.764115096302703e-05
kdv2d,shared_jet_linear,20260919,15000,911.3795291380957,0.0011242367327213287,0.0017600278370082378,6.572302663698792e-05
kdv2d,shared_jet_linear,20260919,15100,917.0095124524087,0.0011761533096432686,0.0017622921150177717,6.310064782155678e-05
kdv2d,shared_jet_linear,20260919,15200,922.7456987062469,0.001124566770158708,0.0017517709638923407,6.623627268709242e-05
kdv2d,shared_jet_linear,20260919,15300,928.8274910179898,0.0013151372550055385,0.001966916024684906,6.925543129909784e-05
kdv2d,shared_jet_linear,20260919,15400,935.3276646537706,0.001125343726016581,0.0017535935621708632,6.103797204559669e-05
kdv2d,shared_jet_linear,20260919,15500,942.6251525906846,0.0011540694395080209,0.0017709346720948815,5.899184907320887e-05
kdv2d,shared_jet_linear,20260919,15600,949.9236341062933,0.0011276777368038893,0.0017766373930498958,5.7574921811465174e-05
kdv2d,shared_jet_linear,20260919,15700,956.9133803388104,0.0010565277189016342,0.0014959619147703052,6.177122850203887e-05
kdv2d,shared_jet_linear,20260919,15800,963.0480311382562,0.0010713404044508934,0.0016251575434580445,5.5287760915234685e-05
kdv2d,shared_jet_linear,20260919,15900,968.6781897675246,0.0011162396986037493,0.0015445130411535501,4.932527372147888e-05
kdv2d,shared_jet_linear,20260919,16000,975.0808661952615,0.0011728456011041999,0.001771302311681211,5.3132171160541475e-05
kdv2d,shared_jet_linear,20260919,16100,981.1880074506626,0.0010982109233736992,0.0017135473899543285,5.18721280968748e-05
kdv2d,shared_jet_linear,20260919,16200,987.5969828795642,0.0010182115947827697,0.0014698287704959512,5.2056697313673794e-05
kdv2d,shared_jet_linear,20260919,16300,993.1893302127719,0.0010910420678555965,0.001583423581905663,5.011007306165993e-05
kdv2d,shared_jet_linear,20260919,16400,999.1250118780881,0.0010693685617297888,0.001548464410007,4.679792618844658e-05
kdv2d,shared_jet_linear,20260919,16500,1005.3630690919235,0.0011891244212165475,0.0017240197630599141,5.703582428395748e-05
kdv2d,shared_jet_linear,20260919,16600,1011.6804340677336,0.0009454481769353151,0.0012749158777296543,4.878090840065852e-05
kdv2d,shared_jet_linear,20260919,16700,1018.0160944191739,0.00103961699642241,0.0015584303764626384,5.276866431813687e-05
kdv2d,shared_jet_linear,20260919,16800,1024.7071949932724,0.001074087107554078,0.0015548523515462875,4.361179890111089e-05
kdv2d,shared_jet_linear,20260919,16900,1031.4616542691365,0.00098319910466671,0.0013156164204701781,4.3884174374397844e-05
kdv2d,shared_jet_linear,20260919,17000,1038.0926696546376,0.0012820453848689795,0.0017555687809363008,4.8178153519984335e-05
kdv2d,shared_jet_linear,20260919,17100,1045.1488453894854,0.0009544880012981594,0.001474354648962617,4.1339000745210797e-05
kdv2d,shared_jet_linear,20260919,17200,1051.442224948667,0.0010412252740934491,0.0015737460926175117,4.035289748571813e-05
kdv2d,shared_jet_linear,20260919,17300,1057.2709878357127,0.0009625860257074237,0.0014703600900247693,3.66732019756455e-05
kdv2d,shared_jet_linear,20260919,17400,1062.8624117253348,0.0009063320467248559,0.0011970439227297902,4.360554157756269e-05
kdv2d,shared_jet_linear,20260919,17500,1069.428068485111,0.0009970094542950392,0.0013550645671784878,3.6337914934847504e-05
kdv2d,shared_jet_linear,20260919,17600,1075.494583800435,0.0009735370404087007,0.0014234439004212618,3.980815381510183e-05
kdv2d,shared_jet_linear,20260919,17700,1081.6757551031187,0.0012040729634463787,0.0016220433171838522,3.977536835009232e-05
kdv2d,shared_jet_linear,20260919,17800,1088.1919586108997,0.0010033436119556427,0.0014110436895862222,3.4884178603533655e-05
kdv2d,shared_jet_linear,20260919,17900,1094.6525272252038,0.0008874518680386245,0.001180449384264648,3.970423131249845e-05
kdv2d,shared_jet_linear,20260919,18000,1101.0214112624526,0.0008725449442863464,0.00128649000544101,3.9710517739877105e-05
kdv2d,shared_jet_linear,20260919,18100,1107.5205561602488,0.0008372513693757355,0.0011314799776300788,3.5326709621585906e-05
kdv2d,shared_jet_linear,20260919,18200,1113.5788689237088,0.0009068346116691828,0.001183294109068811,3.188472328474745e-05
kdv2d,shared_jet_linear,20260919,18300,1119.6527368510142,0.0010120407678186893,0.0014152206713333726,3.6053806979907677e-05
kdv2d,shared_jet_linear,20260919,18400,1126.033099880442,0.0008510493207722902,0.0010544299148023129,3.6153403925709426e-05
kdv2d,shared_jet_linear,20260919,18500,1131.593277644366,0.0010150802554562688,0.001393890823237598,3.7981284549459815e-05
kdv2d,shared_jet_linear,20260919,18600,1137.6315752603114,0.0008561896975152194,0.0011914100032299757,3.125640796497464e-05
kdv2d,shared_jet_linear,20260919,18700,1144.2898675072938,0.0009399200207553804,0.0012364705326035619,3.257102071074769e-05
kdv2d,shared_jet_linear,20260919,18800,1150.7282219920307,0.0010564973345026374,0.0013539409264922142,3.3217034797417e-05
kdv2d,shared_jet_linear,20260919,18900,1157.1365481838584,0.0008757137693464756,0.0011846021516248584,3.313829438411631e-05
kdv2d,shared_jet_linear,20260919,19000,1163.481920113787,0.000853251141961664,0.0011484443675726652,2.815519655996468e-05
kdv2d,shared_jet_linear,20260919,19100,1169.8271811800078,0.0009680337971076369,0.001195145770907402,3.0329927540151402e-05
kdv2d,shared_jet_linear,20260919,19200,1176.2046497920528,0.0008325328235514462,0.0009721448295749724,3.240920341340825e-05
kdv2d,shared_jet_linear,20260919,19300,1182.81451228261,0.0009128959500230849,0.001244499464519322,2.860168751794845e-05
kdv2d,shared_jet_linear,20260919,19400,1189.3315936345607,0.0008186254999600351,0.001053416053764522,3.003340316354297e-05
kdv2d,shared_jet_linear,20260919,19500,1195.8411870226264,0.0008056393126025796,0.0011013480834662914,2.9718383302679285e-05
kdv2d,shared_jet_linear,20260919,19600,1202.3474460570142,0.0008863787516020238,0.001171729527413845,2.8654150810325518e-05
kdv2d,shared_jet_linear,20260919,19700,1208.3716586809605,0.0008006278658285737,0.000981361255981028,2.7757407224271446e-05
kdv2d,shared_jet_linear,20260919,19800,1214.0063453065231,0.0007926710532046854,0.000981173594482243,2.4917560949688777e-05
kdv2d,shared_jet_linear,20260919,19900,1220.1908541303128,0.0007829678361304104,0.0009566612425260246,2.821153793775011e-05
kdv2d,shared_jet_linear,20260919,20000,1226.255299821496,0.0007756529375910759,0.0009605214581824839,2.6617075491230935e-05
kdv2d,nested_jvp,20260920,0,0.0,0.9751951694488525,0.9715649485588074,
kdv2d,nested_jvp,20260920,100,30.79646307695657,0.7261641621589661,0.7294976711273193,9.493690490722656
kdv2d,nested_jvp,20260920,200,63.22320522274822,0.5008047819137573,0.5119825601577759,4.529575347900391
kdv2d,nested_jvp,20260920,300,95.82078885193914,0.32470303773880005,0.3539545238018036,1.8095327615737915
kdv2d,nested_jvp,20260920,400,128.18962201476097,0.23522000014781952,0.27933645248413086,0.8535808324813843
kdv2d,nested_jvp,20260920,500,160.4853457538411,0.1928921788930893,0.2330811768770218,0.6057449579238892
kdv2d,nested_jvp,20260920,600,191.5772395255044,0.16143836081027985,0.19204272329807281,0.49025586247444153
kdv2d,nested_jvp,20260920,700,224.41887660324574,0.13666130602359772,0.15899384021759033,0.37926584482192993
kdv2d,nested_jvp,20260920,800,258.64056447613984,0.11835284531116486,0.1357935070991516,0.34218648076057434
kdv2d,nested_jvp,20260920,900,290.08512472640723,0.10624410212039948,0.12137556821107864,0.28921183943748474
kdv2d,nested_jvp,20260920,1000,322.895384141244,0.09786214679479599,0.11258655786514282,0.25736305117607117
kdv2d,nested_jvp,20260920,1100,355.8469511140138,0.09273792058229446,0.10754010826349258,0.25532886385917664
kdv2d,nested_jvp,20260920,1200,387.5487251896411,0.08761874586343765,0.10345350950956345,0.22711798548698425
kdv2d,nested_jvp,20260920,1300,423.9008874865249,0.08413586020469666,0.10052395612001419,0.20179419219493866
kdv2d,nested_jvp,20260920,1400,456.12099358811975,0.07995544373989105,0.09720505774021149,0.1914704442024231
kdv2d,nested_jvp,20260920,1500,489.39361711312085,0.07637102901935577,0.09420990198850632,0.18009169399738312
kdv2d,nested_jvp,20260920,1600,524.7972933407873,0.07267871499061584,0.09052373468875885,0.1583138406276703
kdv2d,nested_jvp,20260920,1700,556.8469150448218,0.06885303556919098,0.08734483271837234,0.15108415484428406
kdv2d,nested_jvp,20260920,1800,588.0857252208516,0.06519561260938644,0.08402786403894424,0.12259668856859207
kdv2d,nested_jvp,20260920,1900,618.7302989056334,0.061619363725185394,0.08067259192466736,0.1123066395521164
kdv2d,nested_jvp,20260920,2000,650.7817566888407,0.058138035237789154,0.07698193192481995,0.0980377122759819
kdv2d,nested_jvp,20260920,2100,683.2524628583342,0.05457361042499542,0.07365549355745316,0.09502261132001877
kdv2d,nested_jvp,20260920,2200,714.9377554869279,0.05131040886044502,0.06970760971307755,0.0871150866150856
kdv2d,nested_jvp,20260920,2300,746.3698035450652,0.04803762212395668,0.06622802466154099,0.07385749369859695
kdv2d,nested_jvp,20260920,2400,778.3487948244438,0.04500171169638634,0.0629345253109932,0.06879404187202454
kdv2d,nested_jvp,20260920,2500,810.2740942453966,0.04205980524420738,0.05946636199951172,0.0618838332593441
kdv2d,nested_jvp,20260920,2600,844.4111088337377,0.0393543615937233,0.05583491548895836,0.05647889897227287
kdv2d,nested_jvp,20260920,2700,875.1400476647541,0.03694210201501846,0.05299639701843262,0.0505279116332531
kdv2d,nested_jvp,20260920,2800,908.5382445771247,0.034612592309713364,0.04968636855483055,0.04541279375553131
kdv2d,nested_jvp,20260920,2900,940.0469288500026,0.03248164802789688,0.04652285948395729,0.039716340601444244
kdv2d,nested_jvp,20260920,3000,970.6389177758247,0.03047920949757099,0.043510738760232925,0.03854645788669586
kdv2d,nested_jvp,20260920,3100,1004.2397247096524,0.02865268848836422,0.041114598512649536,0.03620125353336334
kdv2d,nested_jvp,20260920,3200,1038.5418697195128,0.02697349712252617,0.03854449838399887,0.03156879544258118
kdv2d,nested_jvp,20260920,3300,1070.8646330200136,0.025416195392608643,0.03603096306324005,0.027835048735141754
kdv2d,nested_jvp,20260920,3400,1102.2712858412415,0.02396576479077339,0.03360597789287567,0.026032909750938416
kdv2d,nested_jvp,20260920,3500,1133.108531284146,0.02261444181203842,0.03176480531692505,0.024871256202459335
kdv2d,nested_jvp,20260920,3600,1164.7293827598915,0.0213578250259161,0.029669778421521187,0.022037751972675323
kdv2d,nested_jvp,20260920,3700,1196.7711923690513,0.02030407264828682,0.028457488864660263,0.020797550678253174
kdv2d,nested_jvp,20260920,3800,1232.0587342521176,0.019200529903173447,0.026493092998862267,0.017543422058224678
kdv2d,nested_jvp,20260920,3900,1265.289383634925,0.018267234787344933,0.025285029783844948,0.01706583984196186
kdv2d,nested_jvp,20260920,4000,1298.048043414019,0.01721584051847458,0.023411482572555542,0.015476208180189133
kdv2d,nested_jvp,20260920,4100,1330.2319554816931,0.016393790021538734,0.02226739563047886,0.013994051143527031
kdv2d,nested_jvp,20260920,4200,1362.5345459878445,0.015606402419507504,0.021170970052480698,0.013625801540911198
kdv2d,nested_jvp,20260920,4300,1394.7173172691837,0.014774852432310581,0.019569095224142075,0.012209787964820862
kdv2d,nested_jvp,20260920,4400,1426.9983379598707,0.014125587418675423,0.018668057397007942,0.012748447246849537
kdv2d,nested_jvp,20260920,4500,1463.3046091813594,0.013451006263494492,0.01741035468876362,0.010900413617491722
kdv2d,nested_jvp,20260920,4600,1497.5455515766516,0.012863736599683762,0.01660054549574852,0.010917087085545063
kdv2d,nested_jvp,20260920,4700,1532.3061620546505,0.012216868810355663,0.015420925803482533,0.009736884385347366
kdv2d,nested_jvp,20260920,4800,1567.0583439180627,0.011698282323777676,0.014741436578333378,0.009395372122526169
kdv2d,nested_jvp,20260920,4900,1597.1978447549045,0.011204713955521584,0.013981745578348637,0.008301625959575176
kdv2d,nested_jvp,20260920,5000,1628.0429764520377,0.010709667578339577,0.013163330033421516,0.0077668060548603535
kdv2d,nested_jvp,20260920,5100,1658.1983929844573,0.010305485688149929,0.012471030466258526,0.007891757413744926
kdv2d,nested_jvp,20260920,5200,1688.3190861875191,0.01002415083348751,0.01203613355755806,0.006849800236523151
kdv2d,nested_jvp,20260920,5300,1719.093562043272,0.009485268965363503,0.010923019610345364,0.006796024739742279
kdv2d,nested_jvp,20260920,5400,1753.626115983352,0.009102745912969112,0.010497399605810642,0.006240709684789181
kdv2d,nested_jvp,20260920,5500,1785.162492041476,0.008879560977220535,0.010104894638061523,0.005994674749672413
kdv2d,nested_jvp,20260920,5600,1818.3920411886647,0.00853675790131092,0.009498567320406437,0.005259096622467041
kdv2d,nested_jvp,20260920,5700,1848.9937606221065,0.008195120841264725,0.008843150921165943,0.00526544451713562
kdv2d,nested_jvp,20260920,5800,1881.3412510305643,0.007961269468069077,0.008626467548310757,0.0047597517259418964
kdv2d,nested_jvp,20260920,5900,1912.406507998705,0.007749376818537712,0.008325105533003807,0.004560170695185661
kdv2d,nested_jvp,20260920,6000,1949.1455692965537,0.007526156958192587,0.00784179475158453,0.004249263554811478
kdv2d,nested_jvp,20260920,6100,1988.1147785028443,0.007269905414432287,0.007528277579694986,0.003989074379205704
kdv2d,nested_jvp,20260920,6200,2018.5360988033935,0.007029110100120306,0.00718342512845993,0.004200630821287632
kdv2d,nested_jvp,20260920,6300,2048.923303499818,0.006917309015989304,0.006866665557026863,0.0036996938288211823
kdv2d,nested_jvp,20260920,6400,2079.1248004212976,0.006751473061740398,0.006737674120813608,0.003410493256524205
kdv2d,nested_jvp,20260920,6500,2109.2936580767855,0.006642925553023815,0.006718539632856846,0.0033894157968461514
kdv2d,nested_jvp,20260920,6600,2139.2584362849593,0.006507014390081167,0.006629427429288626,0.0031268198508769274
kdv2d,nested_jvp,20260920,6700,2169.9121033223346,0.006411566864699125,0.006665077060461044,0.0032015664037317038
kdv2d,nested_jvp,20260920,6800,2199.9952306980267,0.006266987882554531,0.006586693227291107,0.0029603783041238785
kdv2d,nested_jvp,20260920,6900,2230.0904267104343,0.006207465194165707,0.006472388748079538,0.00272135017439723
kdv2d,nested_jvp,20260920,7000,2260.1222185576335,0.006111668422818184,0.006566350813955069,0.002563638612627983
kdv2d,nested_jvp,20260920,7100,2290.9712781142443,0.0060721514746546745,0.006410080008208752,0.00254867528565228
kdv2d,nested_jvp,20260920,7200,2321.053494392894,0.005956160835921764,0.0064046611078083515,0.0023842696100473404
kdv2d,nested_jvp,20260920,7300,2351.077997422777,0.005861195269972086,0.006616382859647274,0.002305096248164773
kdv2d,nested_jvp,20260920,7400,2381.93230504822,0.005773881450295448,0.006744072772562504,0.0023085796274244785
kdv2d,nested_jvp,20260920,7500,2412.351199873723,0.005703397560864687,0.006623002700507641,0.002108311513438821
kdv2d,nested_jvp,20260920,7600,2443.284470010549,0.005607284139841795,0.006676369346678257,0.002056220080703497
kdv2d,nested_jvp,20260920,7700,2473.751613855362,0.0055214581079781055,0.006762876641005278,0.0019364312756806612
kdv2d,nested_jvp,20260920,7800,2503.624506238848,0.005551365204155445,0.006740011274814606,0.0019077009055763483
kdv2d,nested_jvp,20260920,7900,2533.572167256847,0.005377886351197958,0.006780161522328854,0.0017184675671160221
kdv2d,nested_jvp,20260920,8000,2565.277191270143,0.0052924188785254955,0.006912302691489458,0.0017347107641398907
kdv2d,nested_jvp,20260920,8100,2598.6864115381613,0.00519684050232172,0.006780047435313463,0.0015764373820275068
kdv2d,nested_jvp,20260920,8200,2630.4169519916177,0.005150170065462589,0.006754348520189524,0.0014834828907623887
kdv2d,nested_jvp,20260920,8300,2660.286792908795,0.00513538857921958,0.006889657117426395,0.0014599076239392161
kdv2d,nested_jvp,20260920,8400,2690.194019761868,0.005004281178116798,0.006718216929584742,0.001357726170681417
kdv2d,nested_jvp,20260920,8500,2720.045573139563,0.004869657102972269,0.006802777294069529,0.0012617092579603195
kdv2d,nested_jvp,20260920,8600,2750.4482818525285,0.004904846660792828,0.007099517155438662,0.001199204009026289
kdv2d,nested_jvp,20260920,8700,2780.279390960932,0.004738893359899521,0.006714600138366222,0.0011235378915444016
kdv2d,nested_jvp,20260920,8800,2811.3286741431803,0.004536690656095743,0.006441260222345591,0.0011772738071158528
kdv2d,nested_jvp,20260920,8900,2844.8842256674543,0.004457227420061827,0.0063191805966198444,0.0009926090715453029
kdv2d,nested_jvp,20260920,9000,2875.3689273949713,0.00437910808250308,0.006355677265673876,0.0009922294411808252
kdv2d,nested_jvp,20260920,9100,2905.2527339020744,0.004334610886871815,0.0061257947236299515,0.0009065860649570823
kdv2d,nested_jvp,20260920,9200,2937.910689868033,0.004246005322784185,0.006135167554020882,0.000858452171087265
kdv2d,nested_jvp,20260920,9300,2968.73931049183,0.0041230847127735615,0.0061192261055111885,0.0007803163025528193
kdv2d,nested_jvp,20260920,9400,2998.6572008281946,0.003932167775928974,0.005856520030647516,0.000747567624785006
kdv2d,nested_jvp,20260920,9500,3028.7272860575467,0.003851854708045721,0.005577547010034323,0.0006698807701468468
kdv2d,nested_jvp,20260920,9600,3059.782821636647,0.0037494641728699207,0.005628147162497044,0.0006476048147305846
kdv2d,nested_jvp,20260920,9700,3093.446328795515,0.003627542871981859,0.005412461701780558,0.0006186398095451295
kdv2d,nested_jvp,20260920,9800,3124.2240318702534,0.0035292005632072687,0.0053748274222016335,0.0005176977720111609
kdv2d,nested_jvp,20260920,9900,3154.256362135522,0.0034986126702278852,0.005301871802657843,0.0005302038625814021
kdv2d,nested_jvp,20260920,10000,3184.527974018827,0.0034936328884214163,0.005303880665451288,0.0005304395454004407
kdv2d,nested_jvp,20260920,10100,3214.7163760364056,0.0031943228095769882,0.0049894629046320915,0.0004746523918583989
kdv2d,nested_jvp,20260920,10200,3246.908719639294,0.0030828502494841814,0.0048273345455527306,0.00041166500886902213
kdv2d,nested_jvp,20260920,10300,3277.647860473953,0.00314855738542974,0.004844296257942915,0.0004100389196537435
kdv2d,nested_jvp,20260920,10400,3307.627262650989,0.0027308890130370855,0.0041178492829203606,0.00038825214141979814
kdv2d,nested_jvp,20260920,10500,3337.573303207755,0.0027416355442255735,0.0041809952817857265,0.000346614804584533
kdv2d,nested_jvp,20260920,10600,3367.6576673602685,0.0028044884093105793,0.0042957826517522335,0.0003261202946305275
kdv2d,nested_jvp,20260920,10700,3397.9801900377497,0.0026002402883023024,0.004139787517488003,0.00028355541871860623
kdv2d,nested_jvp,20260920,10800,3428.1590693844482,0.0024994569830596447,0.003804414300248027,0.00028562062652781606
kdv2d,nested_jvp,20260920,10900,3458.536677405238,0.0024964651092886925,0.0037662123795598745,0.000249743607128039
kdv2d,nested_jvp,20260920,11000,3489.671548962593,0.0022945262026041746,0.003517369506880641,0.000259873631875962
kdv2d,nested_jvp,20260920,11100,3521.44959992636,0.0022998927161097527,0.0034700401592999697,0.00022989511489868164
kdv2d,nested_jvp,20260920,11200,3553.8167937099934,0.0022171628661453724,0.0034944890066981316,0.00023012913879938424
kdv2d,nested_jvp,20260920,11300,3583.9135429151356,0.0022031350526958704,0.003414338454604149,0.00021153662237338722
kdv2d,nested_jvp,20260920,11400,3615.31599995587,0.0023525403812527657,0.0036795211490243673,0.00018859122064895928
kdv2d,nested_jvp,20260920,11500,3645.5403472865,0.0020763224456459284,0.0032051363959908485,0.00017566078167874366
kdv2d,nested_jvp,20260920,11600,3675.5419014543295,0.001972033642232418,0.0033265105448663235,0.00016054787556640804
kdv2d,nested_jvp,20260920,11700,3706.1318376893178,0.002147679217159748,0.0034048520028591156,0.00015373816131614149
kdv2d,nested_jvp,20260920,11800,3736.300459892489,0.0019049972761422396,0.0030738660134375095,0.0001535486662760377
kdv2d,nested_jvp,20260920,11900,3766.719588242471,0.0018698398489505053,0.0029794895090162754,0.00013374982518143952
kdv2d,nested_jvp,20260920,12000,3797.174317344092,0.0019160652300342917,0.0030750029254704714,0.0001384211063850671
kdv2d,nested_jvp,20260920,12100,3827.161906601861,0.0019165667472407222,0.0030871452763676643,0.00012704942491836846
kdv2d,nested_jvp,20260920,12200,3857.124707450159,0.0018916194094344974,0.002991793444380164,0.0001141703687608242
kdv2d,nested_jvp,20260920,12300,3890.601358764805,0.001549921347759664,0.0025835433043539524,0.0001096110645448789
kdv2d,nested_jvp,20260920,12400,3920.5839073304087,0.001843334874138236,0.0030201133340597153,0.00011222880857530981
kdv2d,nested_jvp,20260920,12500,3950.525063306093,0.001921274932101369,0.003098252695053816,9.975454304367304e-05
kdv2d,nested_jvp,20260920,12600,3980.358484908007,0.0015914931427687407,0.002559893997386098,0.00010739377466961741
kdv2d,nested_jvp,20260920,12700,4012.0072714984417,0.0016461967024952173,0.002819335786625743,9.424648305866867e-05
kdv2d,nested_jvp,20260920,12800,4042.4631969239563,0.001586053753271699,0.0027804572600871325,9.984229109250009e-05
kdv2d,nested_jvp,20260920,12900,4072.4262277809903,0.00166116445325315,0.002778838388621807,8.007761061890051e-05
kdv2d,nested_jvp,20260920,13000,4104.178618635051,0.0015669766580685973,0.002663758583366871,7.73010979173705e-05
kdv2d,nested_jvp,20260920,13100,4134.777752329595,0.0014462306862697005,0.002457007532939315,7.323143654502928e-05
kdv2d,nested_jvp,20260920,13200,4164.956211526878,0.0017670153174549341,0.0026410941500216722,7.779270526953042e-05
kdv2d,nested_jvp,20260920,13300,4195.505965797231,0.0016269440529868007,0.002578245010226965,8.730146510060877e-05
kdv2d,nested_jvp,20260920,13400,4225.905976832844,0.0015745022101327777,0.002700494136661291,7.794289558660239e-05
kdv2d,nested_jvp,20260920,13500,4260.056039178744,0.0015492025995627046,0.0025863046757876873,7.195591751951724e-05
kdv2d,nested_jvp,20260920,13600,4290.663276704028,0.0014548224862664938,0.0024137236177921295,7.014865695964545e-05
kdv2d,nested_jvp,20260920,13700,4320.69923229143,0.0016118725761771202,0.0027114860713481903,6.172434950713068e-05
kdv2d,nested_jvp,20260920,13800,4352.757136554457,0.001414887490682304,0.0023558931425213814,6.211157597135752e-05
kdv2d,nested_jvp,20260920,13900,4383.455509331077,0.0014812976587563753,0.002524997340515256,6.359881081152707e-05
kdv2d,nested_jvp,20260920,14000,4416.930065630935,0.001445145346224308,0.0024971310049295425,6.044242036296055e-05
kdv2d,nested_jvp,20260920,14100,4450.734017703682,0.0013497060863301158,0.002367465291172266,5.853977199876681e-05
kdv2d,nested_jvp,20260920,14200,4482.314725980163,0.0014043354894965887,0.002321624429896474,6.84722326695919e-05
kdv2d,nested_jvp,20260920,14300,4513.937333130278,0.0016794295515865088,0.002683728700503707,5.8057506976183504e-05
kdv2d,nested_jvp,20260920,14400,4546.334304437973,0.001295798341743648,0.002150428481400013,6.0251659306231886e-05
kdv2d,nested_jvp,20260920,14500,4576.245984017849,0.0013262523571029305,0.0021465278696268797,5.424545088317245e-05
kdv2d,nested_jvp,20260920,14600,4606.1790282111615,0.001345529337413609,0.0022474194411188364,4.845714647672139e-05
kdv2d,nested_jvp,20260920,14700,4636.199256177992,0.001282324781641364,0.002090364694595337,5.494060314958915e-05
kdv2d,nested_jvp,20260920,14800,4666.969220470637,0.0014324284857138991,0.0023921907413750887,4.893918594461866e-05
kdv2d,nested_jvp,20260920,14900,4700.953956592828,0.0013590774033218622,0.0022039932664483786,4.65104058093857e-05
kdv2d,nested_jvp,20260920,15000,4731.063422833569,0.001388389035128057,0.00233551231212914,4.5538341510109603e-05
kdv2d,nested_jvp,20260920,15100,4761.134304955602,0.0013828487135469913,0.002355241682380438,4.704679304268211e-05
kdv2d,nested_jvp,20260920,15200,4791.693612343632,0.0013395658461377025,0.00229536066763103,4.5806082198396325e-05
kdv2d,nested_jvp,20260920,15300,4822.318828523159,0.0011480621760711074,0.0019692671485245228,4.796985740540549e-05
kdv2d,nested_jvp,20260920,15400,4854.07136326842,0.0011328698601573706,0.0019499219488352537,4.890067066298798e-05
kdv2d,nested_jvp,20260920,15500,4886.3083613673225,0.001178054022602737,0.002126293024048209,4.7677192924311385e-05
kdv2d,nested_jvp,20260920,15600,4918.063273188658,0.001250504283234477,0.0022281419951468706,4.0362923755310476e-05
kdv2d,nested_jvp,20260920,15700,4951.107053970918,0.0012094835983589292,0.0021211777348071337,4.3806256144307554e-05
kdv2d,nested_jvp,20260920,15800,4982.681243982166,0.0011416872730478644,0.0020004124380648136,4.235280357534066e-05
kdv2d,nested_jvp,20260920,15900,5014.86231370084,0.0011921756668016315,0.002085176995024085,3.850972279906273e-05
kdv2d,nested_jvp,20260920,16000,5045.156719987281,0.0012888028286397457,0.002156506758183241,3.754740464501083e-05
kdv2d,nested_jvp,20260920,16100,5080.118381052278,0.0012266418198123574,0.0021215653978288174,3.897523492923938e-05
kdv2d,nested_jvp,20260920,16200,5112.69286348857,0.00108778802677989,0.0019359929719939828,4.0777835238259286e-05
kdv2d,nested_jvp,20260920,16300,5142.877355785109,0.0011973149375990033,0.0021253942977637053,3.921124152839184e-05
kdv2d,nested_jvp,20260920,16400,5172.80870366469,0.001076033804565668,0.0019538719207048416,3.54503390553873e-05
kdv2d,nested_jvp,20260920,16500,5202.916174725629,0.0013334776740521193,0.002258453518152237,3.846635081572458e-05
kdv2d,nested_jvp,20260920,16600,5232.929676269181,0.0011708734091371298,0.0020062595140188932,3.503619154798798e-05
kdv2d,nested_jvp,20260920,16700,5264.792174486443,0.0010283221490681171,0.0017396720359101892,3.3457152312621474e-05
kdv2d,nested_jvp,20260920,16800,5294.857919709757,0.0010233299108222127,0.0018209472764283419,3.139677573926747e-05
kdv2d,nested_jvp,20260920,16900,5324.93758757785,0.0012024336028844118,0.001982531975954771,3.531009497237392e-05
kdv2d,nested_jvp,20260920,17000,5355.249103520997,0.00105622923001647,0.0018641961505636573,3.5498273064149544e-05
kdv2d,nested_jvp,20260920,17100,5388.111729084514,0.0010960526997223496,0.0018358274828642607,3.6406076105777174e-05
kdv2d,nested_jvp,20260920,17200,5420.807205326855,0.0011646338971331716,0.00208224356174469,3.338784154038876e-05
kdv2d,nested_jvp,20260920,17300,5451.28411116451,0.0012273623142391443,0.0020903865806758404,3.5343808121979237e-05
kdv2d,nested_jvp,20260920,17400,5482.423311039805,0.0011337876785546541,0.0018794601783156395,3.1974934245226905e-05
kdv2d,nested_jvp,20260920,17500,5512.916409657337,0.0010863796342164278,0.0018888901686295867,3.3057214750442654e-05
kdv2d,nested_jvp,20260920,17600,5543.278809529729,0.0010032312711700797,0.0015950874658301473,3.23677268170286e-05
kdv2d,nested_jvp,20260920,17700,5574.405829506926,0.0010237948736175895,0.0018366564763709903,2.728380604821723e-05
kdv2d,nested_jvp,20260920,17800,5605.214709226973,0.0009838505648076534,0.0017037324141710997,2.7875281375600025e-05
kdv2d,nested_jvp,20260920,17900,5636.254444009624,0.000966716674156487,0.001787875429727137,2.9830547646270134e-05
kdv2d,nested_jvp,20260920,18000,5666.306886281818,0.0009740570094436407,0.0016479488695040345,2.806982956826687e-05
kdv2d,nested_jvp,20260920,18100,5697.854600034654,0.0009503684123046696,0.0017096713418141007,3.080587339354679e-05
kdv2d,nested_jvp,20260920,18200,5728.644818903878,0.0010731847723945975,0.0018672904698178172,2.6874171453528106e-05
kdv2d,nested_jvp,20260920,18300,5759.772652736865,0.0009820491541177034,0.0016414334531873465,2.9986451409058645e-05
kdv2d,nested_jvp,20260920,18400,5790.179436352104,0.0009709227015264332,0.0017763456562533975,2.594542456790805e-05
kdv2d,nested_jvp,20260920,18500,5823.0897286320105,0.0010810669045895338,0.0018947991775348783,3.1919254979584366e-05
kdv2d,nested_jvp,20260920,18600,5853.672646233812,0.0009040209697559476,0.0016114653553813696,2.7655394660541788e-05
kdv2d,nested_jvp,20260920,18700,5884.156338138506,0.0010269939666613936,0.0017271925462409854,2.6692521714721806e-05
kdv2d,nested_jvp,20260920,18800,5915.133888950571,0.0009007541812025011,0.0015468043275177479,2.7885515009984374e-05
kdv2d,nested_jvp,20260920,18900,5945.707559989765,0.000912844727281481,0.0015047312481328845,2.823233080562204e-05
kdv2d,nested_jvp,20260920,19000,5977.191779723391,0.0009466095943935215,0.0016478986945003271,2.4439654225716367e-05
kdv2d,nested_jvp,20260920,19100,6008.513252299279,0.0009300012025050819,0.001664056209847331,2.3406941181747243e-05
kdv2d,nested_jvp,20260920,19200,6038.569903801195,0.0009337301598861814,0.001667943550273776,2.4724227841943502e-05
kdv2d,nested_jvp,20260920,19300,6068.666834489442,0.0009731209720484912,0.001708389027044177,2.2932359570404515e-05
kdv2d,nested_jvp,20260920,19400,6101.251861266792,0.000869372277520597,0.0015372715424746275,2.4046486942097545e-05
kdv2d,nested_jvp,20260920,19500,6131.553408536129,0.0008676096331328154,0.0014747859677299857,2.6805213565239683e-05
kdv2d,nested_jvp,20260920,19600,6165.086376251653,0.0009471538942307234,0.0016585594275966287,2.3686980057391338e-05
kdv2d,nested_jvp,20260920,19700,6197.267500460148,0.0008711394038982689,0.0015753664774820209,2.4167229639715515e-05
kdv2d,nested_jvp,20260920,19800,6227.374096384272,0.0009010489447973669,0.001574175083078444,2.123385274899192e-05
kdv2d,nested_jvp,20260920,19900,6259.710391620174,0.0008207539794966578,0.001490508671849966,2.316496284038294e-05
kdv2d,nested_jvp,20260920,20000,6289.913579558022,0.0008162788581103086,0.0014620007714256644,2.097721881000325e-05
kdv2d,shared_jet_linear,20260920,0,0.0,0.9751951694488525,0.9715649485588074,
kdv2d,shared_jet_linear,20260920,100,6.5351774310693145,0.7261641621589661,0.7294976711273193,9.49368953704834
kdv2d,shared_jet_linear,20260920,200,13.35742739867419,0.5008047819137573,0.5119825601577759,4.529575347900391
kdv2d,shared_jet_linear,20260920,300,19.85035187844187,0.32470303773880005,0.3539545238018036,1.8095327615737915
kdv2d,shared_jet_linear,20260920,400,26.343168111518025,0.2352200150489807,0.27933645248413086,0.8535808324813843
kdv2d,shared_jet_linear,20260920,500,33.021669934503734,0.1928921788930893,0.2330811768770218,0.6057449579238892
kdv2d,shared_jet_linear,20260920,600,39.49524575751275,0.16143836081027985,0.19204272329807281,0.49025586247444153
kdv2d,shared_jet_linear,20260920,700,45.264398412778974,0.13666130602359772,0.15899384021759033,0.37926581501960754
kdv2d,shared_jet_linear,20260920,800,51.55911500193179,0.11835284531116486,0.1357935070991516,0.34218648076057434
kdv2d,shared_jet_linear,20260920,900,57.88328090403229,0.10624410212039948,0.12137556821107864,0.28921183943748474
kdv2d,shared_jet_linear,20260920,1000,64.31469824910164,0.0978621393442154,0.11258655786514282,0.25736305117607117
kdv2d,shared_jet_linear,20260920,1100,70.74374137818813,0.09273792058229446,0.10754011571407318,0.255328893661499
kdv2d,shared_jet_linear,20260920,1200,77.4057127032429,0.08761874586343765,0.10345350205898285,0.22711798548698425
kdv2d,shared_jet_linear,20260920,1300,83.98332045879215,0.08413586020469666,0.10052395612001419,0.20179416239261627
kdv2d,shared_jet_linear,20260920,1400,90.25864508748055,0.07995544373989105,0.09720505774021149,0.19147047400474548
kdv2d,shared_jet_linear,20260920,1500,96.03533948585391,0.07637104392051697,0.09420990198850632,0.18009169399738312
kdv2d,shared_jet_linear,20260920,1600,102.082255538553,0.07267871499061584,0.09052373468875885,0.15831385552883148
kdv2d,shared_jet_linear,20260920,1700,108.14200999308378,0.06885303556919098,0.08734483271837234,0.15108413994312286
kdv2d,shared_jet_linear,20260920,1800,114.33347277808934,0.06519561260938644,0.08402786403894424,0.12259668111801147
kdv2d,shared_jet_linear,20260920,1900,120.01666623633355,0.061619363725185394,0.08067259192466736,0.1123066321015358
kdv2d,shared_jet_linear,20260920,2000,125.64666636940092,0.058138035237789154,0.07698193192481995,0.0980377197265625
kdv2d,shared_jet_linear,20260920,2100,131.9547365270555,0.05457361042499542,0.07365549355745316,0.09502261877059937
kdv2d,shared_jet_linear,20260920,2200,138.82759465835989,0.05131040886044502,0.06970760971307755,0.0871151015162468
kdv2d,shared_jet_linear,20260920,2300,146.23889881558716,0.04803762212395668,0.06622801721096039,0.07385749369859695
kdv2d,shared_jet_linear,20260920,2400,152.95934227202088,0.04500170797109604,0.0629345253109932,0.06879404187202454
kdv2d,shared_jet_linear,20260920,2500,158.67122983373702,0.04205980524420738,0.05946636199951172,0.0618838295340538
kdv2d,shared_jet_linear,20260920,2600,165.1756679303944,0.0393543615937233,0.05583491548895836,0.056478891521692276
kdv2d,shared_jet_linear,20260920,2700,171.74645110126585,0.03694210201501846,0.05299639701843262,0.050527915358543396
kdv2d,shared_jet_linear,20260920,2800,178.3795161806047,0.034612592309713364,0.04968636482954025,0.04541279003024101
kdv2d,shared_jet_linear,20260920,2900,184.77129322849214,0.03248164802789688,0.04652286693453789,0.039716336876153946
kdv2d,shared_jet_linear,20260920,3000,190.89680049661547,0.03047921136021614,0.043510742485523224,0.03854645416140556
kdv2d,shared_jet_linear,20260920,3100,196.76217668969184,0.02865268848836422,0.041114598512649536,0.03620125725865364
kdv2d,shared_jet_linear,20260920,3200,203.0782995885238,0.02697349712252617,0.03854450210928917,0.03156878799200058
kdv2d,shared_jet_linear,20260920,3300,209.64912446867675,0.025416195392608643,0.03603096306324005,0.027835045009851456
kdv2d,shared_jet_linear,20260920,3400,216.35502890497446,0.02396576479077339,0.03360597789287567,0.026032915338873863
kdv2d,shared_jet_linear,20260920,3500,222.21774448547512,0.022614439949393272,0.03176480531692505,0.024871258065104485
kdv2d,shared_jet_linear,20260920,3600,228.9652729500085,0.02135782316327095,0.029669782146811485,0.022037755697965622
kdv2d,shared_jet_linear,20260920,3700,235.67421180661768,0.02030407264828682,0.028457488864660263,0.020797548815608025
kdv2d,shared_jet_linear,20260920,3800,241.89488231018186,0.019200531765818596,0.026493092998862267,0.01754342019557953
kdv2d,shared_jet_linear,20260920,3900,248.15756630245596,0.018267232924699783,0.02528502605855465,0.01706584170460701
kdv2d,shared_jet_linear,20260920,4000,254.1875265268609,0.01721584051847458,0.023411480709910393,0.015476208180189133
kdv2d,shared_jet_linear,20260920,4100,259.7908880682662,0.016393790021538734,0.02226739376783371,0.013994051143527031
kdv2d,shared_jet_linear,20260920,4200,265.4381306748837,0.015606403350830078,0.021170970052480698,0.013625800609588623
kdv2d,shared_jet_linear,20260920,4300,271.70671835169196,0.014774852432310581,0.019569097086787224,0.012209786102175713
kdv2d,shared_jet_linear,20260920,4400,278.3857538020238,0.014125589281320572,0.01866805925965309,0.01274845004081726
kdv2d,shared_jet_linear,20260920,4500,284.54970707558095,0.013451006263494492,0.01741035468876362,0.010900411754846573
kdv2d,shared_jet_linear,20260920,4600,290.8136317310855,0.012863736599683762,0.01660054735839367,0.010917088948190212
kdv2d,shared_jet_linear,20260920,4700,296.47661740053445,0.012216871604323387,0.015420927666127682,0.009736886247992516
kdv2d,shared_jet_linear,20260920,4800,302.1911070952192,0.011698281392455101,0.014741436578333378,0.009395373053848743
kdv2d,shared_jet_linear,20260920,4900,308.5817137369886,0.011204713955521584,0.01398174837231636,0.00830162689089775
kdv2d,shared_jet_linear,20260920,5000,315.0399373630062,0.010709667578339577,0.01316333282738924,0.007766806520521641
kdv2d,shared_jet_linear,20260920,5100,321.5140318069607,0.01030548382550478,0.0124710313975811,0.007891755551099777
kdv2d,shared_jet_linear,20260920,5200,328.1526174992323,0.010024149902164936,0.012036132626235485,0.006849800236523151
kdv2d,shared_jet_linear,20260920,5300,334.9261329555884,0.009485269896686077,0.010923020541667938,0.006796026136726141
kdv2d,shared_jet_linear,20260920,5400,341.0990093778819,0.009102745912969112,0.010497399605810642,0.006240710150450468
kdv2d,shared_jet_linear,20260920,5500,346.7167454101145,0.00887956190854311,0.010104898363351822,0.005994673818349838
kdv2d,shared_jet_linear,20260920,5600,352.79320971108973,0.008536756969988346,0.009498566389083862,0.005259094759821892
kdv2d,shared_jet_linear,20260920,5700,359.34608449507505,0.008195118978619576,0.008843149989843369,0.005265444982796907
kdv2d,shared_jet_linear,20260920,5800,365.0808959985152,0.007961267605423927,0.008626467548310757,0.004759752657264471
kdv2d,shared_jet_linear,20260920,5900,370.73042886238545,0.0077493758872151375,0.008325105533003807,0.004560171160846949
kdv2d,shared_jet_linear,20260920,6000,376.9167315028608,0.007526156026870012,0.007841797545552254,0.004249263554811478
kdv2d,shared_jet_linear,20260920,6100,382.86667002923787,0.007269906345754862,0.007528278511017561,0.003989074379205704
kdv2d,shared_jet_linear,20260920,6200,389.23587813507766,0.007029110100120306,0.0071834237314760685,0.004200630355626345
kdv2d,shared_jet_linear,20260920,6300,395.304499941878,0.00691731134429574,0.006866663694381714,0.0036996924318373203
kdv2d,shared_jet_linear,20260920,6400,401.59071870706975,0.00675147445872426,0.0067376731894910336,0.0034104916267096996
kdv2d,shared_jet_linear,20260920,6500,408.38854101486504,0.00664292648434639,0.006718541495501995,0.0033894150983542204
kdv2d,shared_jet_linear,20260920,6600,415.18516258429736,0.006507014390081167,0.006629426963627338,0.0031268196180462837
kdv2d,shared_jet_linear,20260920,6700,421.60463287495077,0.006411566399037838,0.006665077060461044,0.003201565472409129
kdv2d,shared_jet_linear,20260920,6800,428.3782373741269,0.006266989279538393,0.0065866922959685326,0.002960377838462591
kdv2d,shared_jet_linear,20260920,6900,434.514795913361,0.006207464262843132,0.006472392473369837,0.002721351571381092
kdv2d,shared_jet_linear,20260920,7000,440.72530211880803,0.006111669819802046,0.006566349882632494,0.002563638146966696
kdv2d,shared_jet_linear,20260920,7100,447.08670171163976,0.006072150077670813,0.006410079076886177,0.002548675052821636
kdv2d,shared_jet_linear,20260920,7200,453.44114765152335,0.0059561594389379025,0.006404661573469639,0.0023842714726924896
kdv2d,shared_jet_linear,20260920,7300,459.65399282611907,0.005861194804310799,0.006616382859647274,0.0023050960153341293
kdv2d,shared_jet_linear,20260920,7400,465.87518761865795,0.005773880984634161,0.006744074169546366,0.0023085817229002714
kdv2d,shared_jet_linear,20260920,7500,472.46029372978956,0.005703397560864687,0.006623004097491503,0.0021083105821162462
kdv2d,shared_jet_linear,20260920,7600,478.56536600738764,0.005607282277196646,0.006676367484033108,0.002056220080703497
kdv2d,shared_jet_linear,20260920,7700,484.91270217020065,0.005521456710994244,0.006762882694602013,0.0019364310428500175
kdv2d,shared_jet_linear,20260920,7800,491.7510150289163,0.005551365204155445,0.00674001220613718,0.0019076992757618427
kdv2d,shared_jet_linear,20260920,7900,498.80225197412074,0.005377885419875383,0.006780160591006279,0.0017184667522087693
kdv2d,shared_jet_linear,20260920,8000,504.77714945282787,0.005292417947202921,0.006912298034876585,0.0017347100656479597
kdv2d,shared_jet_linear,20260920,8100,511.0618040552363,0.005196841433644295,0.006780053023248911,0.0015764369163662195
kdv2d,shared_jet_linear,20260920,8200,517.8076299913228,0.005150170065462589,0.006754348985850811,0.0014834832400083542
kdv2d,shared_jet_linear,20260920,8300,524.373164541088,0.005135389044880867,0.006889663636684418,0.0014599075075238943
kdv2d,shared_jet_linear,20260920,8400,531.4739130176604,0.005004283040761948,0.0067182197235524654,0.0013577259378507733
kdv2d,shared_jet_linear,20260920,8500,537.5214506397024,0.00486965524032712,0.0068027726374566555,0.0012617087922990322
kdv2d,shared_jet_linear,20260920,8600,543.2953713899478,0.004904846660792828,0.007099517155438662,0.0011992031941190362
kdv2d,shared_jet_linear,20260920,8700,549.0653780950233,0.004738896153867245,0.006714594084769487,0.0011235378915444016
kdv2d,shared_jet_linear,20260920,8800,555.4545660056174,0.0045366911217570305,0.006441262550652027,0.0011772739235311747
kdv2d,shared_jet_linear,20260920,8900,561.7019724659622,0.004457226023077965,0.006319182459264994,0.000992608955129981
kdv2d,shared_jet_linear,20260920,9000,567.8793137008324,0.004379107151180506,0.006355671212077141,0.0009922294411808252
kdv2d,shared_jet_linear,20260920,9100,574.3189923176542,0.004334609489887953,0.006125799845904112,0.0009065859485417604
kdv2d,shared_jet_linear,20260920,9200,579.9273976814002,0.004246004857122898,0.006135179661214352,0.0008584524039179087
kdv2d,shared_jet_linear,20260920,9300,586.4340967191383,0.004123077727854252,0.0061192200519144535,0.000780315778683871
kdv2d,shared_jet_linear,20260920,9400,592.8240615613759,0.003932169172912836,0.0058565218932926655,0.000747567624785006
kdv2d,shared_jet_linear,20260920,9500,599.2005383707583,0.0038518530782312155,0.0055775390937924385,0.0006698805373162031
kdv2d,shared_jet_linear,20260920,9600,606.1953939301893,0.003749464638531208,0.005628139711916447,0.0006476043490692973
kdv2d,shared_jet_linear,20260920,9700,613.1560121932998,0.003627542871981859,0.00541246123611927,0.0006186399259604514
kdv2d,shared_jet_linear,20260920,9800,619.299506935291,0.003529198933392763,0.005374824162572622,0.0005176980630494654
kdv2d,shared_jet_linear,20260920,9900,625.2956119962037,0.0034986103419214487,0.005301869008690119,0.0005302039789967239
kdv2d,shared_jet_linear,20260920,10000,631.6662444574758,0.003493632422760129,0.005303877871483564,0.0005304389633238316
kdv2d,shared_jet_linear,20260920,10100,638.2494649775326,0.0031943160574883223,0.004989450331777334,0.00047465175157412887
kdv2d,shared_jet_linear,20260920,10200,644.6614335458726,0.003082857234403491,0.0048273541033267975,0.0004116652416996658
kdv2d,shared_jet_linear,20260920,10300,650.3247178774327,0.003148556686937809,0.004844296723604202,0.00041003909427672625
kdv2d,shared_jet_linear,20260920,10400,656.0366957802325,0.002730889478698373,0.0041178492829203606,0.00038825225783511996
kdv2d,shared_jet_linear,20260920,10500,662.795623912476,0.002741630654782057,0.004180985037237406,0.00034661509562283754
kdv2d,shared_jet_linear,20260920,10600,669.1430036313832,0.002804485382512212,0.004295782186090946,0.0003261197707615793
kdv2d,shared_jet_linear,20260920,10700,675.2394945034757,0.0026002468075603247,0.004139799624681473,0.0002835557679645717
kdv2d,shared_jet_linear,20260920,10800,681.5410018758848,0.002499460009858012,0.0038044231478124857,0.0002856208593584597
kdv2d,shared_jet_linear,20260920,10900,687.1518672797829,0.002496489090844989,0.003766254521906376,0.0002497432578820735
kdv2d,shared_jet_linear,20260920,11000,692.7639744598418,0.002294519916176796,0.003517348784953356,0.0002598726423457265
kdv2d,shared_jet_linear,20260920,11100,698.5046985633671,0.002299889922142029,0.0034700247924774885,0.00022989472199697047
kdv2d,shared_jet_linear,20260920,11200,704.4923291346058,0.002217167755588889,0.0034945011138916016,0.00023012899328023195
kdv2d,shared_jet_linear,20260920,11300,710.9870930798352,0.0022031397093087435,0.0034143247175961733,0.0002115365641657263
kdv2d,shared_jet_linear,20260920,11400,716.9170806407928,0.0023525836877524853,0.0036795875057578087,0.0001885915407910943
kdv2d,shared_jet_linear,20260920,11500,722.5480569247156,0.002076324773952365,0.0032051228918135166,0.0001756606507115066
kdv2d,shared_jet_linear,20260920,11600,728.9197965208441,0.0019720462150871754,0.0033265226520597935,0.00016054685693234205
kdv2d,shared_jet_linear,20260920,11700,735.343900302425,0.002147702733054757,0.0034048762172460556,0.00015373768110293895
kdv2d,shared_jet_linear,20260920,11800,741.8137329798192,0.001904974807985127,0.0030738096684217453,0.00015354881179518998
kdv2d,shared_jet_linear,20260920,11900,747.7309394162148,0.0018698425265029073,0.002979506039991975,0.0001337498106295243
kdv2d,shared_jet_linear,20260920,12000,753.9940883563831,0.0019161072559654713,0.0030750697478652,0.0001384212082484737
kdv2d,shared_jet_linear,20260920,12100,759.6747771427035,0.0019165179692208767,0.0030870719347149134,0.00012704954133369029
kdv2d,shared_jet_linear,20260920,12200,765.7135007232428,0.0018916534027084708,0.0029918409418314695,0.000114170674351044
kdv2d,shared_jet_linear,20260920,12300,772.3038166686893,0.001549932174384594,0.002583645051345229,0.00010961030784528702
kdv2d,shared_jet_linear,20260920,12400,777.9505192385986,0.001843298552557826,0.0030200693290680647,0.00011222898319829255
kdv2d,shared_jet_linear,20260920,12500,783.53990661446,0.0019212887855246663,0.003098262706771493,9.975458669941872e-05
kdv2d,shared_jet_linear,20260920,12600,789.1583254886791,0.0015914991963654757,0.0025599084328860044,0.00010739367280621082
kdv2d,shared_jet_linear,20260920,12700,794.7564081456512,0.0016462152125313878,0.002819367218762636,9.424628660781309e-05
kdv2d,shared_jet_linear,20260920,12800,800.342036517337,0.0015860581770539284,0.0027804658748209476,9.98424002318643e-05
kdv2d,shared_jet_linear,20260920,12900,805.9256278444082,0.0016611759783700109,0.0027788516599684954,8.007753058336675e-05
kdv2d,shared_jet_linear,20260920,13000,811.969764733687,0.0015669534914195538,0.002663715509697795,7.730105426162481e-05
kdv2d,shared_jet_linear,20260920,13100,818.2488175760955,0.001446221023797989,0.0024570028763264418,7.323136378545314e-05
kdv2d,shared_jet_linear,20260920,13200,824.528923869133,0.0017670373199507594,0.00264112651348114,7.779266161378473e-05
kdv2d,shared_jet_linear,20260920,13300,830.5232385806739,0.0016269230982288718,0.0025782242882996798,8.730129047762603e-05
kdv2d,shared_jet_linear,20260920,13400,836.1509745754302,0.001574544352479279,0.0027005672454833984,7.794307020958513e-05
kdv2d,shared_jet_linear,20260920,13500,841.7724568974227,0.001549178152345121,0.0025862616021186113,7.195559737738222e-05
kdv2d,shared_jet_linear,20260920,13600,847.8654217328876,0.0014548276085406542,0.002413749461993575,7.014887523837388e-05
kdv2d,shared_jet_linear,20260920,13700,855.0863363537937,0.0016119420761242509,0.002711575012654066,6.172464054543525e-05
kdv2d,shared_jet_linear,20260920,13800,860.9379612961784,0.0014149005291983485,0.0023558971006423235,6.211151776369661e-05
kdv2d,shared_jet_linear,20260920,13900,866.5547258602455,0.0014812176814302802,0.002524896524846554,6.359858525684103e-05
kdv2d,shared_jet_linear,20260920,14000,872.2047524983063,0.0014451196184381843,0.002497078850865364,6.0442242101999e-05
kdv2d,shared_jet_linear,20260920,14100,877.9010618636385,0.0013497394975274801,0.00236753118224442,5.853969923919067e-05
kdv2d,shared_jet_linear,20260920,14200,884.1896199639887,0.0014044084819033742,0.00232174270786345,6.847286567790434e-05
kdv2d,shared_jet_linear,20260920,14300,889.8079132838175,0.0016794909024611115,0.0026837948244065046,5.805742694064975e-05
kdv2d,shared_jet_linear,20260920,14400,895.4405955104157,0.0012958124279975891,0.0021504871547222137,6.025170296197757e-05
kdv2d,shared_jet_linear,20260920,14500,901.5420648120344,0.0013262565480545163,0.0021465271711349487,5.424504342954606e-05
kdv2d,shared_jet_linear,20260920,14600,907.5463043544441,0.0013455655425786972,0.0022475034929811954,4.845753574045375e-05
kdv2d,shared_jet_linear,20260920,14700,913.1834807675332,0.0012823565630242229,0.0020904892589896917,5.4939635447226465e-05
kdv2d,shared_jet_linear,20260920,14800,918.8005582205951,0.0014323557261377573,0.002392070135101676,4.893916047876701e-05
kdv2d,shared_jet_linear,20260920,14900,924.6722628716379,0.0013591254828497767,0.002204092452302575,4.651093331631273e-05
kdv2d,shared_jet_linear,20260920,15000,930.7173811327666,0.001388321164995432,0.0023354191798716784,4.5537701225839555e-05
kdv2d,shared_jet_linear,20260920,15100,936.5517624421045,0.0013829520903527737,0.0023553729988634586,4.7046949475770816e-05
kdv2d,shared_jet_linear,20260920,15200,942.639029818587,0.0013395854039117694,0.002295395592227578,4.580600943882018e-05
kdv2d,shared_jet_linear,20260920,15300,948.6035216730088,0.0011480626417323947,0.0019693137146532536,4.796915527549572e-05
kdv2d,shared_jet_linear,20260920,15400,954.2036186084151,0.001132860081270337,0.0019498884212225676,4.890036871074699e-05
kdv2d,shared_jet_linear,20260920,15500,959.79672241956,0.001178093603812158,0.0021263672970235348,4.767721111420542e-05
kdv2d,shared_jet_linear,20260920,15600,965.3933235201985,0.0012505310587584972,0.0022281839046627283,4.036312748212367e-05
kdv2d,shared_jet_linear,20260920,15700,970.9844793016091,0.0012094677658751607,0.0021211651619523764,4.380640166345984e-05
kdv2d,shared_jet_linear,20260920,15800,976.5791332535446,0.0011417049681767821,0.002000478096306324,4.23526726081036e-05
kdv2d,shared_jet_linear,20260920,15900,982.2719300873578,0.0011921649565920234,0.0020851430017501116,3.8510279409820214e-05
kdv2d,shared_jet_linear,20260920,16000,988.4839081000537,0.0012889476493000984,0.002156696980819106,3.75474410247989e-05
kdv2d,shared_jet_linear,20260920,16100,994.1205921927467,0.0012265907134860754,0.0021215141750872135,3.8975726056378335e-05
kdv2d,shared_jet_linear,20260920,16200,1000.1143774613738,0.0010878355242311954,0.0019361109007149935,4.077726771356538e-05
kdv2d,shared_jet_linear,20260920,16300,1005.7286933483556,0.0011973001528531313,0.002125384286046028,3.9209968235809356e-05
kdv2d,shared_jet_linear,20260920,16400,1012.1170923691243,0.0010760976001620293,0.001954083563759923,3.544940409483388e-05
kdv2d,shared_jet_linear,20260920,16500,1018.4515899894759,0.0013335052644833922,0.0022584819234907627,3.846681283903308e-05
kdv2d,shared_jet_linear,20260920,16600,1024.6076914006844,0.001170934410765767,0.0020063635893166065,3.503603511489928e-05
kdv2d,shared_jet_linear,20260920,16700,1031.1628153398633,0.0010283144656568766,0.0017396481707692146,3.3457399695180357e-05
kdv2d,shared_jet_linear,20260920,16800,1036.8707553967834,0.00102333165705204,0.0018209556583315134,3.139680120511912e-05
kdv2d,shared_jet_linear,20260920,16900,1043.0817180527374,0.001202435465529561,0.0019825142808258533,3.531033144099638e-05
kdv2d,shared_jet_linear,20260920,17000,1049.1922252522781,0.001056220382452011,0.001864187652245164,3.5497945646056905e-05
kdv2d,shared_jet_linear,20260920,17100,1054.9939613332972,0.0010960459476336837,0.0018358082743361592,3.640649083536118e-05
kdv2d,shared_jet_linear,20260920,17200,1061.1821505036205,0.0011646023485809565,0.0020822095684707165,3.338769602123648e-05
kdv2d,shared_jet_linear,20260920,17300,1067.2624199809507,0.0012272456660866737,0.002090251073241234,3.534382994985208e-05
kdv2d,shared_jet_linear,20260920,17400,1072.958934534341,0.0011337969917804003,0.0018794620409607887,3.1974846933735535e-05
kdv2d,shared_jet_linear,20260920,17500,1078.6467593871057,0.0010863898787647486,0.0018888962222263217,3.305727295810357e-05
kdv2d,shared_jet_linear,20260920,17600,1084.396347174421,0.0010032228892669082,0.0015950934030115604,3.236825068597682e-05
kdv2d,shared_jet_linear,20260920,17700,1090.016555829905,0.0010237675160169601,0.0018365856958553195,2.7283695089863613e-05
kdv2d,shared_jet_linear,20260920,17800,1095.6021734261885,0.0009838440455496311,0.0017036932986229658,2.787524863379076e-05
kdv2d,shared_jet_linear,20260920,17900,1101.2643896481022,0.0009666536352597177,0.0017877480713650584,2.9829567210981622e-05
kdv2d,shared_jet_linear,20260920,18000,1106.8832678366452,0.0009740300592966378,0.0016478726174682379,2.8069593099644408e-05
kdv2d,shared_jet_linear,20260920,18100,1112.5790767632425,0.000950346642639488,0.0017095532966777682,3.0806040740571916e-05
kdv2d,shared_jet_linear,20260920,18200,1118.2538866745308,0.001073211431503296,0.0018673287704586983,2.6873323804466054e-05
kdv2d,shared_jet_linear,20260920,18300,1123.882266345434,0.0009820868726819754,0.0016415101708844304,2.9986462322995067e-05
kdv2d,shared_jet_linear,20260920,18400,1129.6673009451479,0.0009709002333693206,0.0017763194628059864,2.5945577363017946e-05
kdv2d,shared_jet_linear,20260920,18500,1135.31047398597,0.0010811184765771031,0.0018948621582239866,3.191916039213538e-05
kdv2d,shared_jet_linear,20260920,18600,1140.9687265176326,0.0009039732976816595,0.0016113525489345193,2.7654721634462476e-05
kdv2d,shared_jet_linear,20260920,18700,1146.9076842144132,0.0010271214414387941,0.0017273897537961602,2.6692885512602516e-05
kdv2d,shared_jet_linear,20260920,18800,1152.5249857790768,0.0009007482440210879,0.0015467493794858456,2.7886468160431832e-05
kdv2d,shared_jet_linear,20260920,18900,1158.551544148475,0.0009128384990617633,0.0015048059867694974,2.8232803742866963e-05
kdv2d,shared_jet_linear,20260920,19000,1164.6799855269492,0.0009466587216593325,0.0016480019548907876,2.4439739718218334e-05
kdv2d,shared_jet_linear,20260920,19100,1170.5178792597726,0.0009300698875449598,0.0016641562106087804,2.340662103961222e-05
kdv2d,shared_jet_linear,20260920,19200,1176.5791978528723,0.0009337153169326484,0.0016679046675562859,2.4724173272261396e-05
kdv2d,shared_jet_linear,20260920,19300,1182.259597410448,0.0009731180034577847,0.0017083926359191537,2.293248508067336e-05
kdv2d,shared_jet_linear,20260920,19400,1187.9282894264907,0.0008694012649357319,0.0015373305650427938,2.404738188488409e-05
kdv2d,shared_jet_linear,20260920,19500,1193.5937407100573,0.0008675900753587484,0.0014746830565854907,2.6804475055541843e-05
kdv2d,shared_jet_linear,20260920,19600,1199.683775452897,0.00094720593187958,0.0016586320707574487,2.368569403188303e-05
kdv2d,shared_jet_linear,20260920,19700,1205.6379344714805,0.0008712189155630767,0.0015755314379930496,2.4165074137272313e-05
kdv2d,shared_jet_linear,20260920,19800,1211.8697519591078,0.0009009613422676921,0.0015740332892164588,2.1232332073850557e-05
kdv2d,shared_jet_linear,20260920,19900,1217.86485014949,0.0008207310456782579,0.0014903874834999442,2.3164524463936687e-05
kdv2d,shared_jet_linear,20260920,20000,1223.9157220777124,0.0008162920130416751,0.0014620566507801414,2.097720243909862e-05
kdv2d,nested_jvp,20260921,0,0.0,0.9034082293510437,0.8955046534538269,
kdv2d,nested_jvp,20260921,100,30.52642393298447,0.7413261532783508,0.7556068897247314,9.934134483337402
kdv2d,nested_jvp,20260921,200,61.370729545131326,0.5895408987998962,0.6382045149803162,5.964519023895264
kdv2d,nested_jvp,20260921,300,93.28009379748255,0.45621222257614136,0.5407890677452087,3.055989980697632
kdv2d,nested_jvp,20260921,400,125.69796753209084,0.37171298265457153,0.4629751741886139,1.8714864253997803
kdv2d,nested_jvp,20260921,500,158.24710645712912,0.30848175287246704,0.3812014162540436,1.3994704484939575
kdv2d,nested_jvp,20260921,600,189.70381278637797,0.2501370310783386,0.2984970510005951,1.0036565065383911
kdv2d,nested_jvp,20260921,700,222.0751107018441,0.20497994124889374,0.233736053109169,0.779830813407898
kdv2d,nested_jvp,20260921,800,256.1121892379597,0.171185702085495,0.18514008820056915,0.647958517074585
kdv2d,nested_jvp,20260921,900,287.65643027052283,0.1502482295036316,0.15897832810878754,0.5797778964042664
kdv2d,nested_jvp,20260921,1000,320.4183933073655,0.13820575177669525,0.1453554481267929,0.5709189176559448
kdv2d,nested_jvp,20260921,1100,353.35497623868287,0.1316305696964264,0.1397424042224884,0.49274203181266785
kdv2d,nested_jvp,20260921,1200,385.9405191857368,0.12664686143398285,0.1361972838640213,0.4585929214954376
kdv2d,nested_jvp,20260921,1300,418.9054150674492,0.12274421006441116,0.13206686079502106,0.4368702173233032
kdv2d,nested_jvp,20260921,1400,451.7137208497152,0.11887455731630325,0.1285717636346817,0.3811277747154236
kdv2d,nested_jvp,20260921,1500,486.82882468868047,0.11346037685871124,0.12585851550102234,0.373774915933609
kdv2d,nested_jvp,20260921,1600,518.9951859358698,0.1091492772102356,0.12279260903596878,0.36007794737815857
kdv2d,nested_jvp,20260921,1700,551.1317346263677,0.1054738387465477,0.11953756213188171,0.321942001581192
kdv2d,nested_jvp,20260921,1800,582.0043373154476,0.10108251869678497,0.11540781706571579,0.2877594530582428
kdv2d,nested_jvp,20260921,1900,612.2096893303096,0.09608355909585953,0.11240408569574356,0.26248854398727417
kdv2d,nested_jvp,20260921,2000,642.7069133073092,0.09187374264001846,0.10770996659994125,0.24017173051834106
kdv2d,nested_jvp,20260921,2100,675.1870012916625,0.08667651563882828,0.10415797680616379,0.2150164395570755
kdv2d,nested_jvp,20260921,2200,705.7406213404611,0.08249732106924057,0.09976349771022797,0.18951717019081116
kdv2d,nested_jvp,20260921,2300,737.3893995471299,0.07837624847888947,0.09462373703718185,0.18746398389339447
kdv2d,nested_jvp,20260921,2400,768.8405189383775,0.07309693843126297,0.09115756303071976,0.16298624873161316
kdv2d,nested_jvp,20260921,2500,799.1262640776113,0.06867008656263351,0.08572836220264435,0.14458279311656952
kdv2d,nested_jvp,20260921,2600,832.564554891549,0.0640064924955368,0.08226028829813004,0.12170813232660294
kdv2d,nested_jvp,20260921,2700,863.0912273684517,0.05989348515868187,0.07729912549257278,0.10893906652927399
kdv2d,nested_jvp,20260921,2800,894.3477911278605,0.05581030994653702,0.0734819620847702,0.09460784494876862
kdv2d,nested_jvp,20260921,2900,926.1387389274314,0.052017323672771454,0.0694628655910492,0.09132784605026245
kdv2d,nested_jvp,20260921,3000,956.7847583536059,0.04824802279472351,0.06597058475017548,0.07777896523475647
kdv2d,nested_jvp,20260921,3100,987.7582258107141,0.04507139325141907,0.06079605594277382,0.07031548023223877
kdv2d,nested_jvp,20260921,3200,1019.4457142241299,0.04182826727628708,0.058504778891801834,0.06196967884898186
kdv2d,nested_jvp,20260921,3300,1053.0683883950114,0.038978394120931625,0.05479908362030983,0.05661981925368309
kdv2d,nested_jvp,20260921,3400,1083.031158639118,0.036268677562475204,0.05153863504528999,0.04810468107461929
kdv2d,nested_jvp,20260921,3500,1113.071023516357,0.033758945763111115,0.04899165406823158,0.04451839625835419
kdv2d,nested_jvp,20260921,3600,1145.519225277938,0.0314248688519001,0.04531882330775261,0.039404843002557755
kdv2d,nested_jvp,20260921,3700,1176.3669805880636,0.029222799465060234,0.04247618839144707,0.03193824365735054
kdv2d,nested_jvp,20260921,3800,1208.776293328032,0.02720087580382824,0.040762633085250854,0.029576731845736504
kdv2d,nested_jvp,20260921,3900,1238.8135549006984,0.02533351443707943,0.03786143660545349,0.026986662298440933
kdv2d,nested_jvp,20260921,4000,1269.7492271540686,0.02363618090748787,0.03475917875766754,0.023559242486953735
kdv2d,nested_jvp,20260921,4100,1302.5378583511338,0.021994922310113907,0.03333165496587753,0.02235650271177292
kdv2d,nested_jvp,20260921,4200,1335.5573888029903,0.02056872844696045,0.030521513894200325,0.020506128668785095
kdv2d,nested_jvp,20260921,4300,1366.0560659766197,0.019244732335209846,0.029029563069343567,0.01912018470466137
kdv2d,nested_jvp,20260921,4400,1398.4923468297347,0.018029360100626945,0.027530426159501076,0.0174430999904871
kdv2d,nested_jvp,20260921,4500,1429.717651472427,0.01701054908335209,0.026030294597148895,0.01640141010284424
kdv2d,nested_jvp,20260921,4600,1460.502987335436,0.01600049063563347,0.024600356817245483,0.014547973871231079
kdv2d,nested_jvp,20260921,4700,1493.39691385068,0.015101405791938305,0.02322891540825367,0.013803817331790924
kdv2d,nested_jvp,20260921,4800,1526.7636435935274,0.014356440864503384,0.02195660211145878,0.012721034698188305
kdv2d,nested_jvp,20260921,4900,1561.805990706198,0.01361020002514124,0.020335504785180092,0.011880332604050636
kdv2d,nested_jvp,20260921,5000,1591.8308213222772,0.01301152165979147,0.01999218761920929,0.010766961611807346
kdv2d,nested_jvp,20260921,5100,1622.3377859257162,0.01249286625534296,0.01896093040704727,0.010765314102172852
kdv2d,nested_jvp,20260921,5200,1652.418460527435,0.011927817016839981,0.017827654257416725,0.009931541979312897
kdv2d,nested_jvp,20260921,5300,1682.3857005340979,0.011484058573842049,0.017055118456482887,0.00896318256855011
kdv2d,nested_jvp,20260921,5400,1712.2989381877705,0.011048167012631893,0.01641862653195858,0.008608386851847172
kdv2d,nested_jvp,20260921,5500,1745.87195003964,0.010601385496556759,0.014940392225980759,0.007664771750569344
kdv2d,nested_jvp,20260921,5600,1778.8272468140349,0.010240706615149975,0.01474237535148859,0.008064864203333855
kdv2d,nested_jvp,20260921,5700,1811.1282788822427,0.009859299287199974,0.013769586570560932,0.007572316564619541
kdv2d,nested_jvp,20260921,5800,1842.5757801495492,0.009494240395724773,0.012973996810615063,0.006868430413305759
kdv2d,nested_jvp,20260921,5900,1872.6938419463113,0.009174138307571411,0.012310834601521492,0.0064113750122487545
kdv2d,nested_jvp,20260921,6000,1904.5020261537284,0.008904491551220417,0.011717739515006542,0.006181508302688599
kdv2d,nested_jvp,20260921,6100,1934.7898523425683,0.008604520000517368,0.011480995453894138,0.006038715597242117
kdv2d,nested_jvp,20260921,6200,1965.7388477334753,0.008387490175664425,0.01060565933585167,0.005171796306967735
kdv2d,nested_jvp,20260921,6300,1995.9416410094127,0.008085905574262142,0.01025740709155798,0.005294228903949261
kdv2d,nested_jvp,20260921,6400,2026.3953844634816,0.00786628108471632,0.009811902418732643,0.0052094352431595325
kdv2d,nested_jvp,20260921,6500,2056.5838009500876,0.0076280077919363976,0.009351246990263462,0.00456045288592577
kdv2d,nested_jvp,20260921,6600,2086.6059407461435,0.007421860005706549,0.008932213298976421,0.004582817666232586
kdv2d,nested_jvp,20260921,6700,2116.6937936730683,0.007223521359264851,0.008541355840861797,0.0044141048565506935
kdv2d,nested_jvp,20260921,6800,2146.6580645553768,0.007106459699571133,0.008299658074975014,0.0038881460204720497
kdv2d,nested_jvp,20260921,6900,2177.3617155821994,0.006921497639268637,0.008023683913052082,0.0035564908757805824
kdv2d,nested_jvp,20260921,7000,2207.2904263148084,0.006838132161647081,0.00797210168093443,0.003295355476438999
kdv2d,nested_jvp,20260921,7100,2237.187712990679,0.0067704785615205765,0.00784488208591938,0.003754246514290571
kdv2d,nested_jvp,20260921,7200,2267.124742278829,0.006624355912208557,0.0078057581558823586,0.0031022895127534866
kdv2d,nested_jvp,20260921,7300,2297.849701804109,0.006561830639839172,0.007953164167702198,0.0031331791542470455
kdv2d,nested_jvp,20260921,7400,2327.8174690008163,0.00644233264029026,0.007938587106764317,0.0031633831094950438
kdv2d,nested_jvp,20260921,7500,2358.0785855166614,0.006506672594696283,0.008344954811036587,0.002827397547662258
kdv2d,nested_jvp,20260921,7600,2388.6637030337006,0.006333434022963047,0.008065583184361458,0.002708546817302704
kdv2d,nested_jvp,20260921,7700,2419.552146988921,0.006288704462349415,0.007968803867697716,0.002592498902231455
kdv2d,nested_jvp,20260921,7800,2449.4215020965785,0.006265673786401749,0.008491537533700466,0.002537391148507595
kdv2d,nested_jvp,20260921,7900,2479.850989806466,0.0062116296030581,0.008295034989714622,0.002412608824670315
kdv2d,nested_jvp,20260921,8000,2509.6265547918156,0.006243716459721327,0.008625646121799946,0.002371297450736165
kdv2d,nested_jvp,20260921,8100,2539.5412238333374,0.006140480283647776,0.008536533452570438,0.0022295790258795023
kdv2d,nested_jvp,20260921,8200,2571.2429965259507,0.006201307754963636,0.008821975439786911,0.002001321641728282
kdv2d,nested_jvp,20260921,8300,2604.679722102359,0.00610630726441741,0.009047252126038074,0.002144333440810442
kdv2d,nested_jvp,20260921,8400,2635.9054449824616,0.0059784818440675735,0.009053170680999756,0.0017668819054961205
kdv2d,nested_jvp,20260921,8500,2665.6710988618433,0.005925915669649839,0.008787083439528942,0.0017933477647602558
kdv2d,nested_jvp,20260921,8600,2695.426461443305,0.006007517222315073,0.008671899326145649,0.0017316126031801105
kdv2d,nested_jvp,20260921,8700,2725.2793790483847,0.005829200614243746,0.009124968200922012,0.001769681228324771
kdv2d,nested_jvp,20260921,8800,2755.709940424189,0.005823311861604452,0.00887485034763813,0.001544370548799634
kdv2d,nested_jvp,20260921,8900,2785.5231294715777,0.005721228662878275,0.009010282345116138,0.0014159106649458408
kdv2d,nested_jvp,20260921,9000,2817.777402128093,0.005682808812707663,0.00882339384406805,0.0014820897486060858
kdv2d,nested_jvp,20260921,9100,2850.3590770615265,0.00556245818734169,0.008879614062607288,0.0013726206962019205
kdv2d,nested_jvp,20260921,9200,2880.1584313968197,0.0055319746024906635,0.008738841861486435,0.0013034645235165954
kdv2d,nested_jvp,20260921,9300,2910.253660188988,0.005502583459019661,0.008861369453370571,0.001256809220649302
kdv2d,nested_jvp,20260921,9400,2941.9953563585877,0.00529844406992197,0.008587957359850407,0.0012049959041178226
kdv2d,nested_jvp,20260921,9500,2972.7611461710185,0.005286267027258873,0.008939445950090885,0.0011335874442011118
kdv2d,nested_jvp,20260921,9600,3002.636240724474,0.005058671813458204,0.008146746084094048,0.001075205160304904
kdv2d,nested_jvp,20260921,9700,3032.5613177781925,0.005057716276496649,0.008707809261977673,0.0010464490624144673
kdv2d,nested_jvp,20260921,9800,3063.4302078913897,0.004917546641081572,0.00804672297090292,0.0009257926722057164
kdv2d,nested_jvp,20260921,9900,3097.3010259950534,0.004680788144469261,0.007703249808400869,0.0008943675784394145
kdv2d,nested_jvp,20260921,10000,3127.4419023795053,0.004551885183900595,0.007488618604838848,0.0008636371931061149
kdv2d,nested_jvp,20260921,10100,3157.287712045945,0.004462178330868483,0.007477806881070137,0.0008113485528156161
kdv2d,nested_jvp,20260921,10200,3187.5855055432767,0.004424023907631636,0.007666053716093302,0.0008037929073907435
kdv2d,nested_jvp,20260921,10300,3217.5879165390506,0.004227691795676947,0.0072165597230196,0.0007165391580201685
kdv2d,nested_jvp,20260921,10400,3249.8358034184203,0.0042093489319086075,0.007379857823252678,0.0006724569830112159
kdv2d,nested_jvp,20260921,10500,3280.201854845509,0.004028478637337685,0.007148314267396927,0.0006298751686699688
kdv2d,nested_jvp,20260921,10600,3310.2178582176566,0.0039731599390506744,0.007088838145136833,0.0005822573439218104
kdv2d,nested_jvp,20260921,10700,3340.098276520148,0.003879678202793002,0.00670225452631712,0.0005796849727630615
kdv2d,nested_jvp,20260921,10800,3370.1110782660544,0.0035727291833609343,0.006146633066236973,0.0005486682057380676
kdv2d,nested_jvp,20260921,10900,3400.2010435974225,0.0036105976905673742,0.00629086047410965,0.000489675032440573
kdv2d,nested_jvp,20260921,11000,3430.322734668851,0.0033938626293092966,0.005977395456284285,0.0004726746119558811
kdv2d,nested_jvp,20260921,11100,3460.7364802239463,0.003298677271232009,0.005927509628236294,0.00043157319305464625
kdv2d,nested_jvp,20260921,11200,3491.802050990984,0.003362928284332156,0.006010490469634533,0.0004151171015109867
kdv2d,nested_jvp,20260921,11300,3522.912658477202,0.003101846668869257,0.0054501937702298164,0.0004081592196598649
kdv2d,nested_jvp,20260921,11400,3553.0586034981534,0.0031397826969623566,0.005680636968463659,0.0003490837989374995
kdv2d,nested_jvp,20260921,11500,3582.94918799866,0.00297291437163949,0.005346492864191532,0.00034971299464814365
kdv2d,nested_jvp,20260921,11600,3614.0376173220575,0.002850000513717532,0.005195258650928736,0.0003217860357835889
kdv2d,nested_jvp,20260921,11700,3644.452568123117,0.002813030034303665,0.005108067765831947,0.0003266390704084188
kdv2d,nested_jvp,20260921,11800,3674.39786283765,0.002689456334337592,0.004685013089329004,0.00027707908884622157
kdv2d,nested_jvp,20260921,11900,3704.818293960765,0.002780600218102336,0.005115975625813007,0.0002877416554838419
kdv2d,nested_jvp,20260921,12000,3735.491491533816,0.0026010978035628796,0.004826656077057123,0.00025749634369276464
kdv2d,nested_jvp,20260921,12100,3765.782087251544,0.0024976034183055162,0.004555181134492159,0.00024115211272146553
kdv2d,nested_jvp,20260921,12200,3796.6923318067566,0.0026061260141432285,0.004717950243502855,0.0002833513426594436
kdv2d,nested_jvp,20260921,12300,3826.5731716118753,0.0026333865243941545,0.0047227768227458,0.0002503850555513054
kdv2d,nested_jvp,20260921,12400,3856.52794195991,0.0024389929603785276,0.004475705791264772,0.00024216697784140706
kdv2d,nested_jvp,20260921,12500,3889.8916608458385,0.0025325643364340067,0.0046197534538805485,0.00023452655295841396
kdv2d,nested_jvp,20260921,12600,3919.7721625193954,0.0023531331680715084,0.00431479187682271,0.00022023613564670086
kdv2d,nested_jvp,20260921,12700,3949.6009719306603,0.002419304335489869,0.004349192138761282,0.0002149566716980189
kdv2d,nested_jvp,20260921,12800,3979.4267589291558,0.0021656386088579893,0.003944375552237034,0.0001983491238206625
kdv2d,nested_jvp,20260921,12900,4010.606083921157,0.0021768808364868164,0.004042503889650106,0.0001943499519256875
kdv2d,nested_jvp,20260921,13000,4041.4560462646186,0.002271524164825678,0.004045543726533651,0.0001877755712484941
kdv2d,nested_jvp,20260921,13100,4071.5675807623193,0.002014685655012727,0.003622934687882662,0.0001805769861675799
kdv2d,nested_jvp,20260921,13200,4103.344426630996,0.0020365670789033175,0.0037576414179056883,0.00018983239715453237
kdv2d,nested_jvp,20260921,13300,4134.00807543844,0.0019636820070445538,0.0034962331410497427,0.0001738254213705659
kdv2d,nested_jvp,20260921,13400,4164.464338293299,0.0021038337145000696,0.0038484109099954367,0.00015216117026284337
kdv2d,nested_jvp,20260921,13500,4194.877348179929,0.0018312818137928843,0.0033078102860599756,0.00017216676496900618
kdv2d,nested_jvp,20260921,13600,4225.2301072450355,0.002174781635403633,0.0038598228711634874,0.00016414219862781465
kdv2d,nested_jvp,20260921,13700,4259.062925569713,0.0019167069112882018,0.0035067417193204165,0.00013738899724557996
kdv2d,nested_jvp,20260921,13800,4289.617900211364,0.00185853848233819,0.003444956848397851,0.0001371598191326484
kdv2d,nested_jvp,20260921,13900,4319.512016804889,0.0017870301380753517,0.003031638450920582,0.0001698756095720455
kdv2d,nested_jvp,20260921,14000,4351.249828578904,0.001735964324325323,0.0031666692811995745,0.00014636859123129398
kdv2d,nested_jvp,20260921,14100,4381.740408493206,0.001950697391293943,0.003522401675581932,0.0001440189516870305
kdv2d,nested_jvp,20260921,14200,4414.709082559682,0.0020265826024115086,0.003631182014942169,0.00014494430797640234
kdv2d,nested_jvp,20260921,14300,4448.846911584958,0.0017874983604997396,0.0033327965065836906,0.00011560236453078687
kdv2d,nested_jvp,20260921,14400,4480.432896947488,0.001742629916407168,0.003174440236762166,0.00012280471855774522
kdv2d,nested_jvp,20260921,14500,4512.01416471228,0.0018284874968230724,0.003368364879861474,0.00013222804409451783
kdv2d,nested_jvp,20260921,14600,4544.37917433586,0.0017193823587149382,0.0031790300272405148,0.00011856612400151789
kdv2d,nested_jvp,20260921,14700,4574.259743335657,0.001707785064354539,0.003111298196017742,0.00013440410839393735
kdv2d,nested_jvp,20260921,14800,4604.085286386311,0.0017329063266515732,0.003087606281042099,0.00010947929695248604
kdv2d,nested_jvp,20260921,14900,4633.938094018027,0.0016742690932005644,0.0031012098770588636,0.00010935539467027411
kdv2d,nested_jvp,20260921,15000,4664.16367017664,0.0015443026786670089,0.0028203725814819336,0.00010560791997704655
kdv2d,nested_jvp,20260921,15100,4698.343684090301,0.0016455439617857337,0.003036443144083023,0.00011507737508509308
kdv2d,nested_jvp,20260921,15200,4728.209872134961,0.0016289687482640147,0.0030463363509625196,0.000108652951894328
kdv2d,nested_jvp,20260921,15300,4758.201670136303,0.0016149015864357352,0.0029069867450743914,0.00011087203893112019
kdv2d,nested_jvp,20260921,15400,4788.2137201260775,0.0015280056977644563,0.0027688369154930115,9.266150300391018e-05
kdv2d,nested_jvp,20260921,15500,4818.840660998598,0.0015627300599589944,0.0029105665162205696,9.278937795897946e-05
kdv2d,nested_jvp,20260921,15600,4850.281984528527,0.0016101052751764655,0.00299970549531281,9.1981899458915e-05
kdv2d,nested_jvp,20260921,15700,4882.5452124523,0.0014483636477962136,0.002620417159050703,8.875548519426957e-05
kdv2d,nested_jvp,20260921,15800,4914.682671744376,0.0015573272248730063,0.002862915163859725,8.670669194543734e-05
kdv2d,nested_jvp,20260921,15900,4947.767233476974,0.0016986214322969317,0.003166537033393979,9.571346890879795e-05
kdv2d,nested_jvp,20260921,16000,4978.303592919372,0.0015211672289296985,0.002649494679644704,8.514091314282268e-05
kdv2d,nested_jvp,20260921,16100,5011.136075124145,0.001392324105836451,0.002536247717216611,7.787375943735242e-05
kdv2d,nested_jvp,20260921,16200,5040.9352626996115,0.0017247338546440005,0.0031216482166200876,8.270172111224383e-05
kdv2d,nested_jvp,20260921,16300,5075.178277446888,0.0013803316978737712,0.002444405574351549,7.684592856094241e-05
kdv2d,nested_jvp,20260921,16400,5108.694660282694,0.0013782971072942019,0.0024731226731091738,7.890431152191013e-05
kdv2d,nested_jvp,20260921,16500,5138.90137407463,0.0014083387795835733,0.0026028442662209272,7.755763363093138e-05
kdv2d,nested_jvp,20260921,16600,5168.903523891233,0.0013470957055687904,0.0025090069975703955,7.977303903317079e-05
kdv2d,nested_jvp,20260921,16700,5198.852530635893,0.0014875289052724838,0.002765413373708725,7.464263762813061e-05
kdv2d,nested_jvp,20260921,16800,5228.830363200046,0.0013776636915281415,0.0022768990602344275,6.531599501613528e-05
kdv2d,nested_jvp,20260921,16900,5259.931747268885,0.0013095278991386294,0.0023230486549437046,6.744038546457887e-05
kdv2d,nested_jvp,20260921,17000,5290.599316813983,0.001389776822179556,0.0025765581522136927,7.132063183235005e-05
kdv2d,nested_jvp,20260921,17100,5320.5188683522865,0.001466718502342701,0.002684556180611253,7.330592779908329e-05
kdv2d,nested_jvp,20260921,17200,5351.041723865084,0.0012944601476192474,0.0024182770866900682,6.860087887616828e-05
kdv2d,nested_jvp,20260921,17300,5383.926934850402,0.0016043608775362372,0.002934011397883296,7.36374277039431e-05
kdv2d,nested_jvp,20260921,17400,5416.819706154056,0.0012493061367422342,0.002305232919752598,7.138260116335005e-05
kdv2d,nested_jvp,20260921,17500,5447.206835691817,0.0012396303936839104,0.0022575194016098976,6.306650175247341e-05
kdv2d,nested_jvp,20260921,17600,5477.560459977947,0.0012654218589887023,0.0020377913024276495,6.558463792316616e-05
kdv2d,nested_jvp,20260921,17700,5508.733317642473,0.001286182552576065,0.0024357300717383623,6.353206117637455e-05
kdv2d,nested_jvp,20260921,17800,5542.267336838879,0.0013974368339404464,0.0025734733790159225,6.838960689492524e-05
kdv2d,nested_jvp,20260921,17900,5573.113949036226,0.0012284291442483664,0.002231346210464835,6.225949618965387e-05
kdv2d,nested_jvp,20260921,18000,5604.325542671606,0.0012067422503605485,0.0022499929182231426,6.453527021221817e-05
kdv2d,nested_jvp,20260921,18100,5634.996166214347,0.001188519410789013,0.0022064705844968557,5.877008516108617e-05
kdv2d,nested_jvp,20260921,18200,5665.012463148683,0.0011611877707764506,0.002040246268734336,5.922386480960995e-05
kdv2d,nested_jvp,20260921,18300,5696.439920059405,0.0011635160772129893,0.002021209802478552,5.4439988161902875e-05
kdv2d,nested_jvp,20260921,18400,5727.101750285365,0.001205545268021524,0.0023163354489952326,6.306443538051099e-05
kdv2d,nested_jvp,20260921,18500,5758.216103890911,0.0011689902748912573,0.00222743465565145,6.120950274635106e-05
kdv2d,nested_jvp,20260921,18600,5788.639689763077,0.0011967935133725405,0.0022062119096517563,5.4700627515558153e-05
kdv2d,nested_jvp,20260921,18700,5821.431604887359,0.0011569695780053735,0.002177157439291477,5.5887867347337306e-05
kdv2d,nested_jvp,20260921,18800,5852.155021994375,0.0011378024937584996,0.002121823141351342,5.2929448429495096e-05
kdv2d,nested_jvp,20260921,18900,5882.6580247031525,0.0011362151708453894,0.0020215907134115696,5.634386616293341e-05
kdv2d,nested_jvp,20260921,19000,5913.504264306277,0.0011252292897552252,0.0021622255444526672,5.447083822218701e-05
kdv2d,nested_jvp,20260921,19100,5943.799252659082,0.0010877939639613032,0.0020247776992619038,5.050250911153853e-05
kdv2d,nested_jvp,20260921,19200,5975.096204111353,0.0010727356420829892,0.0018972413381561637,4.53807988378685e-05
kdv2d,nested_jvp,20260921,19300,6006.43963095732,0.001092631253413856,0.0020508524030447006,4.6463079343084246e-05
kdv2d,nested_jvp,20260921,19400,6036.518059826456,0.0011045627761632204,0.001835037488490343,4.940552753396332e-05
kdv2d,nested_jvp,20260921,19500,6066.50465378724,0.0011004363186657429,0.002049168338999152,5.093382787890732e-05
kdv2d,nested_jvp,20260921,19600,6098.998678112403,0.0010604861890897155,0.0019915809389203787,4.911539508611895e-05
kdv2d,nested_jvp,20260921,19700,6129.602488308214,0.0011065100552514195,0.0021131648682057858,4.264595190761611e-05
kdv2d,nested_jvp,20260921,19800,6163.220246442594,0.0010954702738672495,0.002126636914908886,4.8125592002179474e-05
kdv2d,nested_jvp,20260921,19900,6195.610092909075,0.001053264015354216,0.0017183716408908367,4.6717686927877367e-05
kdv2d,nested_jvp,20260921,20000,6225.519317325205,0.0010245871962979436,0.0019306455506011844,4.261777939973399e-05
kdv2d,shared_jet_linear,20260921,0,0.0,0.9034082293510437,0.8955046534538269,
kdv2d,shared_jet_linear,20260921,100,6.678892604075372,0.7413261532783508,0.7556068897247314,9.934134483337402
kdv2d,shared_jet_linear,20260921,200,12.870855811983347,0.5895408987998962,0.6382045149803162,5.964519023895264
kdv2d,shared_jet_linear,20260921,300,19.044739007018507,0.45621222257614136,0.5407890677452087,3.055989980697632
kdv2d,shared_jet_linear,20260921,400,25.21541640162468,0.3717130124568939,0.4629751741886139,1.8714864253997803
kdv2d,shared_jet_linear,20260921,500,32.45187481865287,0.30848175287246704,0.3812014162540436,1.3994704484939575
kdv2d,shared_jet_linear,20260921,600,38.49375114496797,0.2501370310783386,0.2984970510005951,1.0036565065383911
kdv2d,shared_jet_linear,20260921,700,44.448555315844715,0.20497994124889374,0.233736053109169,0.779830813407898
kdv2d,shared_jet_linear,20260921,800,51.40618373360485,0.171185702085495,0.18514008820056915,0.647958517074585
kdv2d,shared_jet_linear,20260921,900,58.546892867423594,0.1502482295036316,0.15897832810878754,0.5797778367996216
kdv2d,shared_jet_linear,20260921,1000,64.96673831995577,0.13820575177669525,0.1453554481267929,0.5709189176559448
kdv2d,shared_jet_linear,20260921,1100,71.11287631094456,0.13163058459758759,0.1397424042224884,0.49274203181266785
kdv2d,shared_jet_linear,20260921,1200,77.23070868011564,0.12664686143398285,0.1361972838640213,0.45859289169311523
kdv2d,shared_jet_linear,20260921,1300,83.5122354067862,0.12274421006441116,0.13206687569618225,0.4368702173233032
kdv2d,shared_jet_linear,20260921,1400,89.73255054838955,0.11887455731630325,0.1285717636346817,0.38112780451774597
kdv2d,shared_jet_linear,20260921,1500,95.91697543486953,0.11346037685871124,0.12585851550102234,0.3737749457359314
kdv2d,shared_jet_linear,20260921,1600,102.16653032880276,0.1091492772102356,0.12279260903596878,0.36007794737815857
kdv2d,shared_jet_linear,20260921,1700,108.15082094725221,0.1054738461971283,0.11953756213188171,0.321942001581192
kdv2d,shared_jet_linear,20260921,1800,114.40057061053813,0.10108251869678497,0.11540781706571579,0.2877594828605652
kdv2d,shared_jet_linear,20260921,1900,120.40083841048181,0.09608355909585953,0.11240408569574356,0.26248854398727417
kdv2d,shared_jet_linear,20260921,2000,127.05739342886955,0.09187374264001846,0.10770996659994125,0.24017176032066345
kdv2d,shared_jet_linear,20260921,2100,133.8370584603399,0.08667652308940887,0.10415798425674438,0.2150164395570755
kdv2d,shared_jet_linear,20260921,2200,139.85551965981722,0.08249732106924057,0.09976349771022797,0.18951718509197235
kdv2d,shared_jet_linear,20260921,2300,145.83114016614854,0.07837624847888947,0.09462373703718185,0.18746398389339447
kdv2d,shared_jet_linear,20260921,2400,151.85669671185315,0.07309693843126297,0.09115756303071976,0.16298623383045197
kdv2d,shared_jet_linear,20260921,2500,157.59457663726062,0.06867008656263351,0.08572836220264435,0.14458279311656952
kdv2d,shared_jet_linear,20260921,2600,163.70140294358134,0.0640064924955368,0.08226028829813004,0.12170811742544174
kdv2d,shared_jet_linear,20260921,2700,169.7300163153559,0.05989348888397217,0.07729912549257278,0.10893908143043518
kdv2d,shared_jet_linear,20260921,2800,175.7421440007165,0.05581030994653702,0.0734819620847702,0.09460784494876862
kdv2d,shared_jet_linear,20260921,2900,181.7409907374531,0.05201733112335205,0.0694628655910492,0.09132784605026245
kdv2d,shared_jet_linear,20260921,3000,187.65036116540432,0.04824802652001381,0.06597058475017548,0.07777895778417587
kdv2d,shared_jet_linear,20260921,3100,193.6175726177171,0.04507139325141907,0.06079605594277382,0.07031548023223877
kdv2d,shared_jet_linear,20260921,3200,199.80466329772025,0.04182826727628708,0.058504778891801834,0.061969682574272156
kdv2d,shared_jet_linear,20260921,3300,207.7897830400616,0.038978394120931625,0.05479908362030983,0.056619830429553986
kdv2d,shared_jet_linear,20260921,3400,215.31488415040076,0.036268677562475204,0.05153863504528999,0.04810468107461929
kdv2d,shared_jet_linear,20260921,3500,221.91535142157227,0.033758945763111115,0.04899165406823158,0.04451839253306389
kdv2d,shared_jet_linear,20260921,3600,228.26788067352027,0.0314248688519001,0.04531882330775261,0.039404843002557755
kdv2d,shared_jet_linear,20260921,3700,235.10835744813085,0.029222801327705383,0.042476192116737366,0.03193824738264084
kdv2d,shared_jet_linear,20260921,3800,242.35082058608532,0.02720087580382824,0.040762633085250854,0.029576729983091354
kdv2d,shared_jet_linear,20260921,3900,248.30724689364433,0.02533351257443428,0.03786143660545349,0.026986658573150635
kdv2d,shared_jet_linear,20260921,4000,254.31001420225948,0.02363618277013302,0.03475918248295784,0.023559242486953735
kdv2d,shared_jet_linear,20260921,4100,261.05249433685094,0.021994920447468758,0.03333165869116783,0.022356510162353516
kdv2d,shared_jet_linear,20260921,4200,267.4334831107408,0.02056872844696045,0.030521513894200325,0.020506124943494797
kdv2d,shared_jet_linear,20260921,4300,273.3300204053521,0.019244730472564697,0.029029570519924164,0.01912018470466137
kdv2d,shared_jet_linear,20260921,4400,279.17440007906407,0.018029361963272095,0.027530424296855927,0.0174430999904871
kdv2d,shared_jet_linear,20260921,4500,285.0637063207105,0.01701054908335209,0.026030298322439194,0.016401413828134537
kdv2d,shared_jet_linear,20260921,4600,290.950229305774,0.01600049063563347,0.024600358679890633,0.014547973871231079
kdv2d,shared_jet_linear,20260921,4700,296.86715877242386,0.01510140672326088,0.02322891727089882,0.013803815469145775
kdv2d,shared_jet_linear,20260921,4800,302.86822137143463,0.014356443658471107,0.02195659652352333,0.01272103376686573
kdv2d,shared_jet_linear,20260921,4900,308.7022608164698,0.013610201887786388,0.020335515961050987,0.011880328878760338
kdv2d,shared_jet_linear,20260921,5000,314.8951829429716,0.013011522591114044,0.019992196932435036,0.010766960680484772
kdv2d,shared_jet_linear,20260921,5100,321.12407061550766,0.012492867186665535,0.018960945308208466,0.010765313170850277
kdv2d,shared_jet_linear,20260921,5200,327.0841392278671,0.011927813291549683,0.01782761514186859,0.009931542910635471
kdv2d,shared_jet_linear,20260921,5300,333.0148822385818,0.0114840567111969,0.017055097967386246,0.008963181637227535
kdv2d,shared_jet_linear,20260921,5400,339.0586081361398,0.011048163287341595,0.01641859859228134,0.008608387783169746
kdv2d,shared_jet_linear,20260921,5500,345.02227027341723,0.010601382702589035,0.014940413646399975,0.00766476895660162
kdv2d,shared_jet_linear,20260921,5600,350.9375740867108,0.01024070754647255,0.014742394909262657,0.008064862340688705
kdv2d,shared_jet_linear,20260921,5700,356.79257327876985,0.009859301149845123,0.013769599609076977,0.007572313770651817
kdv2d,shared_jet_linear,20260921,5800,364.4642458874732,0.009494238533079624,0.012973979115486145,0.006868427619338036
kdv2d,shared_jet_linear,20260921,5900,371.2146814353764,0.009174138307571411,0.012310836464166641,0.006411376409232616
kdv2d,shared_jet_linear,20260921,6000,377.0484927697107,0.008904492482542992,0.011717750690877438,0.006181509234011173
kdv2d,shared_jet_linear,20260921,6100,382.9681284055114,0.008604519069194794,0.011481001041829586,0.006038716994225979
kdv2d,shared_jet_linear,20260921,6200,389.51720899157226,0.008387491106987,0.01060567144304514,0.005171796306967735
kdv2d,shared_jet_linear,20260921,6300,395.4085238650441,0.008085905574262142,0.010257406160235405,0.005294229369610548
kdv2d,shared_jet_linear,20260921,6400,401.26539452932775,0.007866283878684044,0.009811914525926113,0.005209434311836958
kdv2d,shared_jet_linear,20260921,6500,407.0802914267406,0.007628008257597685,0.009351249784231186,0.004560451954603195
kdv2d,shared_jet_linear,20260921,6600,412.8933055466041,0.007421860471367836,0.008932217955589294,0.004582817666232586
kdv2d,shared_jet_linear,20260921,6700,418.87960231956095,0.00722352322191,0.00854136236011982,0.004414104390889406
kdv2d,shared_jet_linear,20260921,6800,424.7693772036582,0.007106454111635685,0.008299642242491245,0.0038881455548107624
kdv2d,shared_jet_linear,20260921,6900,430.64734093938023,0.006921494845300913,0.00802368763834238,0.003556491108611226
kdv2d,shared_jet_linear,20260921,7000,437.747610242106,0.006838132161647081,0.007972102612257004,0.0032953540794551373
kdv2d,shared_jet_linear,20260921,7100,443.6276465728879,0.006770480889827013,0.007844883017241955,0.003754246048629284
kdv2d,shared_jet_linear,20260921,7200,449.45413893833756,0.006624356843531132,0.007805763743817806,0.0031022897455841303
kdv2d,shared_jet_linear,20260921,7300,455.29544002283365,0.00656183110550046,0.007953159511089325,0.003133178222924471
kdv2d,shared_jet_linear,20260921,7400,461.1103810481727,0.006442331708967686,0.007938582450151443,0.0031633847393095493
kdv2d,shared_jet_linear,20260921,7500,467.06311164423823,0.006506670266389847,0.008344948291778564,0.0028273973148316145
kdv2d,shared_jet_linear,20260921,7600,472.90259466692805,0.00633343355730176,0.008065581321716309,0.0027085477486252785
kdv2d,shared_jet_linear,20260921,7700,480.32969513721764,0.006288706324994564,0.007968798279762268,0.002592498669400811
kdv2d,shared_jet_linear,20260921,7800,487.1388962464407,0.006265674252063036,0.008491531014442444,0.0025373930111527443
kdv2d,shared_jet_linear,20260921,7900,492.9631744734943,0.006211628671735525,0.008295025676488876,0.0024126104544848204
kdv2d,shared_jet_linear,20260921,8000,498.8735995767638,0.006243716459721327,0.008625643327832222,0.002371298149228096
kdv2d,shared_jet_linear,20260921,8100,504.67771338671446,0.006140479352325201,0.008536546491086483,0.0022295783273875713
kdv2d,shared_jet_linear,20260921,8200,510.55831304285675,0.006201308220624924,0.00882195308804512,0.002001319546252489
kdv2d,shared_jet_linear,20260921,8300,516.3917228048667,0.006106310524046421,0.009047269821166992,0.002144333440810442
kdv2d,shared_jet_linear,20260921,8400,522.9755225889385,0.005978481378406286,0.009053152985870838,0.0017668819054961205
kdv2d,shared_jet_linear,20260921,8500,529.9648845745251,0.0059259142726659775,0.008787075988948345,0.0017933482304215431
kdv2d,shared_jet_linear,20260921,8600,535.8883360018954,0.006007517222315073,0.00867188535630703,0.001731611555442214
kdv2d,shared_jet_linear,20260921,8700,542.299234139733,0.005829204805195332,0.009124989621341228,0.0017696807626634836
kdv2d,shared_jet_linear,20260921,8800,548.0719475680962,0.005823314655572176,0.00887484010308981,0.0015443717129528522
kdv2d,shared_jet_linear,20260921,8900,553.8975163809955,0.005721228662878275,0.009010284207761288,0.0014159113634377718
kdv2d,shared_jet_linear,20260921,9000,559.7766315350309,0.005682808812707663,0.008823401294648647,0.0014820904470980167
kdv2d,shared_jet_linear,20260921,9100,565.7629336742684,0.005562460049986839,0.00887961033731699,0.0013726213946938515
kdv2d,shared_jet_linear,20260921,9200,571.6251608226448,0.005531976465135813,0.008738851174712181,0.0013034649891778827
kdv2d,shared_jet_linear,20260921,9300,577.5076478244737,0.005502583459019661,0.008861375041306019,0.001256809919141233
kdv2d,shared_jet_linear,20260921,9400,583.3545506699011,0.005298441741615534,0.008587952703237534,0.0012049945071339607
kdv2d,shared_jet_linear,20260921,9500,589.1072738775983,0.005286267958581448,0.008939443156123161,0.0011335872113704681
kdv2d,shared_jet_linear,20260921,9600,594.9174142414704,0.005058675538748503,0.00814673863351345,0.0010752042289823294
kdv2d,shared_jet_linear,20260921,9700,600.9678734000772,0.005057723261415958,0.008707820437848568,0.0010464491788297892
kdv2d,shared_jet_linear,20260921,9800,606.8133808635175,0.0049175480380654335,0.008046715520322323,0.000925794243812561
kdv2d,shared_jet_linear,20260921,9900,612.7634451882914,0.00468078488484025,0.007703266106545925,0.0008943680441007018
kdv2d,shared_jet_linear,20260921,10000,618.6322364686057,0.004551883786916733,0.007488633971661329,0.0008636362617835402
kdv2d,shared_jet_linear,20260921,10100,624.463465235196,0.004462180193513632,0.00747781153768301,0.0008113487856462598
kdv2d,shared_jet_linear,20260921,10200,630.8955626618117,0.004424018319696188,0.007666052784770727,0.0008037931984290481
kdv2d,shared_jet_linear,20260921,10300,637.0392481358722,0.004227690864354372,0.007216558791697025,0.0007165389833971858
kdv2d,shared_jet_linear,20260921,10400,644.2733270218596,0.0042093549855053425,0.007379880640655756,0.0006724566919729114
kdv2d,shared_jet_linear,20260921,10500,650.5540241869166,0.004028485156595707,0.007148340810090303,0.0006298751104623079
kdv2d,shared_jet_linear,20260921,10600,656.4573502708226,0.00397314690053463,0.007088786922395229,0.0005822575185447931
kdv2d,shared_jet_linear,20260921,10700,662.3036537971348,0.003879670985043049,0.0067022270523011684,0.0005796853802166879
kdv2d,shared_jet_linear,20260921,10800,668.1423557875678,0.00357273337431252,0.006146640982478857,0.000548667972907424
kdv2d,shared_jet_linear,20260921,10900,674.022062218748,0.003610595827922225,0.006290850695222616,0.0004896752070635557
kdv2d,shared_jet_linear,20260921,11000,679.8772084470838,0.0033938686829060316,0.00597741361707449,0.00047267519403249025
kdv2d,shared_jet_linear,20260921,11100,685.7533478057012,0.003298670519143343,0.005927484482526779,0.00043157278560101986
kdv2d,shared_jet_linear,20260921,11200,691.5972295217216,0.003362930379807949,0.006010493729263544,0.0004151168395765126
kdv2d,shared_jet_linear,20260921,11300,697.448958449997,0.0031018455047160387,0.005450177006423473,0.00040815776446834207
kdv2d,shared_jet_linear,20260921,11400,703.266892937012,0.003139824140816927,0.0056807477958500385,0.0003490834787953645
kdv2d,shared_jet_linear,20260921,11500,709.0989766949788,0.002972932532429695,0.00534653477370739,0.0003497128782328218
kdv2d,shared_jet_linear,20260921,11600,714.9137030225247,0.0028499981854110956,0.005195246078073978,0.00032178551191464067
kdv2d,shared_jet_linear,20260921,11700,720.719521952793,0.0028130249120295048,0.005108054261654615,0.0003266385174356401
kdv2d,shared_jet_linear,20260921,11800,727.0138720655814,0.0026894567999988794,0.004685004707425833,0.00027707943809218705
kdv2d,shared_jet_linear,20260921,11900,734.6952177826315,0.0027805976569652557,0.005115964915603399,0.0002877417136915028
kdv2d,shared_jet_linear,20260921,12000,741.7951404089108,0.002601099433377385,0.004826661664992571,0.00025749660562723875
kdv2d,shared_jet_linear,20260921,12100,747.5912905279547,0.0024975778069347143,0.004555113147944212,0.0002411532332189381
kdv2d,shared_jet_linear,20260921,12200,753.4274716684595,0.002606137190014124,0.004717974457889795,0.0002833520993590355
kdv2d,shared_jet_linear,20260921,12300,759.6050481358543,0.002633305499330163,0.004722659941762686,0.0002503846772015095
kdv2d,shared_jet_linear,20260921,12400,765.5091211302206,0.0024390220642089844,0.004475750494748354,0.00024216718156822026
kdv2d,shared_jet_linear,20260921,12500,771.3317893762141,0.0025324837770313025,0.004619631916284561,0.0002345267857890576
kdv2d,shared_jet_linear,20260921,12600,777.158823245205,0.0023530530743300915,0.0043146745301783085,0.00022023561177775264
kdv2d,shared_jet_linear,20260921,12700,783.0264198528603,0.002419363707304001,0.004349270835518837,0.00021495684632100165
kdv2d,shared_jet_linear,20260921,12800,788.9808204937726,0.0021656451281160116,0.003944380208849907,0.00019834877457469702
kdv2d,shared_jet_linear,20260921,12900,794.8366811024025,0.0021768715232610703,0.0040424843318760395,0.00019434947171248496
kdv2d,shared_jet_linear,20260921,13000,800.7032103938982,0.0022715262603014708,0.004045543726533651,0.00018777523655444384
kdv2d,shared_jet_linear,20260921,13100,807.2289250260219,0.00201466865837574,0.003622903488576412,0.00018057788838632405
kdv2d,shared_jet_linear,20260921,13200,813.6856922404841,0.002036570105701685,0.0037576432805508375,0.00018983206246048212
kdv2d,shared_jet_linear,20260921,13300,820.4504434401169,0.001963682472705841,0.003496257122606039,0.00017382457735948265
kdv2d,shared_jet_linear,20260921,13400,826.2717442428693,0.0021038316190242767,0.003848409978672862,0.00015216140309348702
kdv2d,shared_jet_linear,20260921,13500,832.1894982438534,0.0018312850734218955,0.0033078312408179045,0.0001721668231766671
kdv2d,shared_jet_linear,20260921,13600,838.8462438508868,0.0021747781429439783,0.0038598179817199707,0.00016414112178608775
kdv2d,shared_jet_linear,20260921,13700,845.204513663426,0.0019167456775903702,0.0035068083088845015,0.00013739069981966168
kdv2d,shared_jet_linear,20260921,13800,853.1333381226286,0.0018585447687655687,0.0034449645318090916,0.0001371597172692418
kdv2d,shared_jet_linear,20260921,13900,860.4066780842841,0.0017870280425995588,0.0030316472984850407,0.00016987680282909423
kdv2d,shared_jet_linear,20260921,14000,866.9878723863512,0.001735955709591508,0.003166633192449808,0.0001463683001929894
kdv2d,shared_jet_linear,20260921,14100,873.2944997660816,0.001950720208697021,0.003522442653775215,0.00014401719090528786
kdv2d,shared_jet_linear,20260921,14200,879.1273850956932,0.002026575617492199,0.003631176659837365,0.00014494478818960488
kdv2d,shared_jet_linear,20260921,14300,885.0542885540053,0.0017874593613669276,0.0033327238634228706,0.00011560249549802393
kdv2d,shared_jet_linear,20260921,14400,891.3439034409821,0.001742567983455956,0.0031743261497467756,0.0001228044566232711
kdv2d,shared_jet_linear,20260921,14500,897.0342324655503,0.0018285249825567007,0.0033684109803289175,0.00013222788402345031
kdv2d,shared_jet_linear,20260921,14600,902.6946457903832,0.0017193886451423168,0.0031790416687726974,0.0001185657674795948
kdv2d,shared_jet_linear,20260921,14700,908.4085438270122,0.0017077508382499218,0.0031112392898648977,0.00013440297334454954
kdv2d,shared_jet_linear,20260921,14800,914.1001813542098,0.0017329500988125801,0.0030877254903316498,0.00010947886039502919
kdv2d,shared_jet_linear,20260921,14900,919.7866517417133,0.001674347440712154,0.003101338865235448,0.00010935607861028984
kdv2d,shared_jet_linear,20260921,15000,925.4595459979028,0.001544303959235549,0.002820374211296439,0.0001056081528076902
kdv2d,shared_jet_linear,20260921,15100,931.1619695369154,0.0016455642180517316,0.0030364817939698696,0.00011507765884744003
kdv2d,shared_jet_linear,20260921,15200,936.8490432947874,0.001628962461836636,0.0030463319271802902,0.00010865288641070947
kdv2d,shared_jet_linear,20260921,15300,942.5554849281907,0.0016148935537785292,0.0029069860465824604,0.00011087176972068846
kdv2d,shared_jet_linear,20260921,15400,948.2292329072952,0.0015280006919056177,0.002768815029412508,9.266170673072338e-05
kdv2d,shared_jet_linear,20260921,15500,953.9173396993428,0.0015627281973138452,0.0029105651192367077,9.278907964471728e-05
kdv2d,shared_jet_linear,20260921,15600,959.6124244313687,0.0016102121444419026,0.0029998854734003544,9.198318002745509e-05
kdv2d,shared_jet_linear,20260921,15700,965.4546999586746,0.0014483167324215174,0.002620253013446927,8.875333878677338e-05
kdv2d,shared_jet_linear,20260921,15800,971.3455938156694,0.00155730452388525,0.002862900262698531,8.670632087159902e-05
kdv2d,shared_jet_linear,20260921,15900,977.2585939019918,0.0016985740512609482,0.003166486043483019,9.571389091433957e-05
kdv2d,shared_jet_linear,20260921,16000,983.1636794460937,0.001521168160252273,0.002649487229064107,8.514132059644908e-05
kdv2d,shared_jet_linear,20260921,16100,989.1398887746036,0.0013923171209171414,0.002536207204684615,7.787357753841206e-05
kdv2d,shared_jet_linear,20260921,16200,995.0676940856501,0.0017247503856197,0.0031216610223054886,8.270198304671794e-05
kdv2d,shared_jet_linear,20260921,16300,1001.0168912839144,0.0013803301844745874,0.002444452838972211,7.684606680413708e-05
kdv2d,shared_jet_linear,20260921,16400,1006.917425731197,0.0013782932655885816,0.0024730863515287638,7.890454435255378e-05
kdv2d,shared_jet_linear,20260921,16500,1012.7929280363023,0.0014083252754062414,0.0026028139982372522,7.755793922115117e-05
kdv2d,shared_jet_linear,20260921,16600,1018.6640057861805,0.0013470910489559174,0.0025089741684496403,7.977271161507815e-05
kdv2d,shared_jet_linear,20260921,16700,1024.5679927514866,0.001487517962232232,0.0027653982397168875,7.464275404345244e-05
kdv2d,shared_jet_linear,20260921,16800,1030.3944164756685,0.0013776794075965881,0.0022768734488636255,6.531634426210076e-05
kdv2d,shared_jet_linear,20260921,16900,1036.058207752183,0.0013095259200781584,0.0023230700753629208,6.744053098373115e-05
kdv2d,shared_jet_linear,20260921,17000,1041.712891831994,0.0013897528406232595,0.0025764969177544117,7.132029713829979e-05
kdv2d,shared_jet_linear,20260921,17100,1047.3732319427654,0.0014667576178908348,0.002684607170522213,7.330601511057466e-05
kdv2d,shared_jet_linear,20260921,17200,1053.1283533200622,0.0012944763293489814,0.002418362069875002,6.86006314936094e-05
kdv2d,shared_jet_linear,20260921,17300,1058.956463956274,0.0016043898649513721,0.0029340435285121202,7.363609620369971e-05
kdv2d,shared_jet_linear,20260921,17400,1064.9023341303691,0.0012492849491536617,0.0023050797171890736,7.13824265403673e-05
kdv2d,shared_jet_linear,20260921,17500,1070.8657232820988,0.0012396271340548992,0.002257551299408078,6.306607974693179e-05
kdv2d,shared_jet_linear,20260921,17600,1076.523597739637,0.0012654091697186232,0.0020378087647259235,6.558292079716921e-05
kdv2d,shared_jet_linear,20260921,17700,1082.846170485951,0.0012862075818702579,0.002435802947729826,6.353227217914537e-05
kdv2d,shared_jet_linear,20260921,17800,1088.652863434516,0.0013974407920613885,0.0025734775699675083,6.838991248514503e-05
kdv2d,shared_jet_linear,20260921,17900,1094.3151136618108,0.0012284171534702182,0.0022313008084893227,6.226007826626301e-05
kdv2d,shared_jet_linear,20260921,18000,1099.9396582935005,0.0012067428324371576,0.002250007353723049,6.453420064644888e-05
kdv2d,shared_jet_linear,20260921,18100,1105.5870745256543,0.0011885231360793114,0.002206541830673814,5.877057265024632e-05
kdv2d,shared_jet_linear,20260921,18200,1111.2486794777215,0.0011611877707764506,0.0020402574446052313,5.922422860749066e-05
kdv2d,shared_jet_linear,20260921,18300,1116.9288426078856,0.001163517707027495,0.0020212011877447367,5.44404101674445e-05
kdv2d,shared_jet_linear,20260921,18400,1122.590038257651,0.0012055704137310386,0.002316397847607732,6.306436262093484e-05
kdv2d,shared_jet_linear,20260921,18500,1128.3437360227108,0.0011689895763993263,0.002227436052635312,6.121159822214395e-05
kdv2d,shared_jet_linear,20260921,18600,1134.1958403028548,0.0011967374011874199,0.0022060954943299294,5.470037285704166e-05
kdv2d,shared_jet_linear,20260921,18700,1140.122777402401,0.0011569635244086385,0.0021771476604044437,5.5887481721583754e-05
kdv2d,shared_jet_linear,20260921,18800,1145.8922505648807,0.0011377752525731921,0.002121720928698778,5.2929222874809057e-05
kdv2d,shared_jet_linear,20260921,18900,1151.5079033598304,0.0011362202931195498,0.00202164170332253,5.634381523123011e-05
kdv2d,shared_jet_linear,20260921,19000,1157.160726414062,0.0011252191616222262,0.0021622010972350836,5.447172952699475e-05
kdv2d,shared_jet_linear,20260921,19100,1162.7948713311926,0.0010877805761992931,0.002024672692641616,5.050263280281797e-05
kdv2d,shared_jet_linear,20260921,19200,1168.4004574948922,0.0010727376211434603,0.0018972528632730246,4.538093344308436e-05
kdv2d,shared_jet_linear,20260921,19300,1174.0276870289817,0.0010926533723250031,0.0020508957095444202,4.64630575152114e-05
kdv2d,shared_jet_linear,20260921,19400,1179.6746785119176,0.0011045316932722926,0.0018351154867559671,4.940514554618858e-05
kdv2d,shared_jet_linear,20260921,19500,1185.3601619219407,0.0011003984836861491,0.002049093134701252,5.093382787890732e-05
kdv2d,shared_jet_linear,20260921,19600,1191.0155789479613,0.0010605085408315063,0.0019917308818548918,4.911569703835994e-05
kdv2d,shared_jet_linear,20260921,19700,1196.6755096474662,0.0011065122671425343,0.0021131671965122223,4.26453843829222e-05
kdv2d,shared_jet_linear,20260921,19800,1202.3554717628285,0.0010956318583339453,0.0021270832512527704,4.812304541701451e-05
kdv2d,shared_jet_linear,20260921,19900,1208.0300453631207,0.0010532274609431624,0.00171848782338202,4.671593342209235e-05
kdv2d,shared_jet_linear,20260921,20000,1213.6786462944,0.0010245691519230604,0.0019305746536701918,4.261710637365468e-05
kdv2d,nested_jvp,20260922,0,0.0,1.093833565711975,1.0913653373718262,
kdv2d,nested_jvp,20260922,100,31.005922853015363,0.8789955377578735,0.9162700772285461,11.659640312194824
kdv2d,nested_jvp,20260922,200,62.632427437230945,0.6538289785385132,0.726551353931427,6.126204013824463
kdv2d,nested_jvp,20260922,300,94.46069348976016,0.45119988918304443,0.5451459288597107,2.7682666778564453
kdv2d,nested_jvp,20260922,400,125.6232258901,0.33219367265701294,0.4167952239513397,1.534727692604065
kdv2d,nested_jvp,20260922,500,157.59541262313724,0.26691654324531555,0.33230289816856384,1.0178861618041992
kdv2d,nested_jvp,20260922,600,189.786266842857,0.21502646803855896,0.26090583205223083,0.7736144065856934
kdv2d,nested_jvp,20260922,700,221.50600926857442,0.1741703599691391,0.2055775225162506,0.5773988962173462
kdv2d,nested_jvp,20260922,800,252.37385659012944,0.14457325637340546,0.16746318340301514,0.476951539516449
kdv2d,nested_jvp,20260922,900,284.72679794114083,0.12641265988349915,0.14729604125022888,0.40081608295440674
kdv2d,nested_jvp,20260922,1000,315.522377862595,0.11654402315616608,0.13870441913604736,0.3514784574508667
kdv2d,nested_jvp,20260922,1100,346.33355976175517,0.1107492446899414,0.13418954610824585,0.3739043176174164
kdv2d,nested_jvp,20260922,1200,378.5767177194357,0.10695544630289078,0.13194675743579865,0.34155356884002686
kdv2d,nested_jvp,20260922,1300,412.98212355095893,0.10364057868719101,0.12948070466518402,0.29115423560142517
kdv2d,nested_jvp,20260922,1400,443.7952473051846,0.10071062296628952,0.1270015388727188,0.2897958755493164
kdv2d,nested_jvp,20260922,1500,474.62168536055833,0.09742720425128937,0.12405508011579514,0.27023956179618835
kdv2d,nested_jvp,20260922,1600,505.92969675920904,0.09423019737005234,0.12089558690786362,0.24795344471931458
kdv2d,nested_jvp,20260922,1700,536.6724059926346,0.09129375964403152,0.1183108314871788,0.24118196964263916
kdv2d,nested_jvp,20260922,1800,567.5410701334476,0.0881296694278717,0.11533874273300171,0.23637892305850983
kdv2d,nested_jvp,20260922,1900,598.8291733507067,0.08496364951133728,0.11136308312416077,0.2196347862482071
kdv2d,nested_jvp,20260922,2000,633.516075222753,0.08169093728065491,0.10817380994558334,0.19680818915367126
kdv2d,nested_jvp,20260922,2100,664.4975986303762,0.07847034186124802,0.10464714467525482,0.19402477145195007
kdv2d,nested_jvp,20260922,2200,697.3019873388112,0.07508639991283417,0.10069549083709717,0.16376596689224243
kdv2d,nested_jvp,20260922,2300,731.6388324704021,0.07162973284721375,0.09715034067630768,0.15809443593025208
kdv2d,nested_jvp,20260922,2400,766.8036740953103,0.06811154633760452,0.09302987158298492,0.15419580042362213
kdv2d,nested_jvp,20260922,2500,801.2767218640074,0.06476619094610214,0.08970613777637482,0.12275508791208267
kdv2d,nested_jvp,20260922,2600,834.3119843648747,0.061297398060560226,0.0853109136223793,0.12831643223762512
kdv2d,nested_jvp,20260922,2700,864.977598644793,0.05773407220840454,0.08043131232261658,0.10487516969442368
kdv2d,nested_jvp,20260922,2800,895.609436025843,0.05439276248216629,0.0767935961484909,0.09870007634162903
kdv2d,nested_jvp,20260922,2900,927.2032604394481,0.05080517381429672,0.07127764075994492,0.08716627210378647
kdv2d,nested_jvp,20260922,3000,961.1678934600204,0.04748619347810745,0.0677218958735466,0.08040771633386612
kdv2d,nested_jvp,20260922,3100,995.6977488975972,0.04414725676178932,0.06333720684051514,0.07007301598787308
kdv2d,nested_jvp,20260922,3200,1029.4895928660408,0.04092124104499817,0.05895555391907692,0.06138640269637108
kdv2d,nested_jvp,20260922,3300,1064.499187445268,0.03795694187283516,0.054981667548418045,0.055696602910757065
kdv2d,nested_jvp,20260922,3400,1095.6698073139414,0.03492307662963867,0.05066147819161415,0.04711770638823509
kdv2d,nested_jvp,20260922,3500,1126.2142799589783,0.032102830708026886,0.04604370892047882,0.04004906117916107
kdv2d,nested_jvp,20260922,3600,1156.3324159365147,0.029547834768891335,0.04226474091410637,0.03413684293627739
kdv2d,nested_jvp,20260922,3700,1187.3629822693765,0.027026815339922905,0.03863034397363663,0.03140488639473915
kdv2d,nested_jvp,20260922,3800,1217.6850642878562,0.02497798576951027,0.035151783376932144,0.02868613600730896
kdv2d,nested_jvp,20260922,3900,1250.542852778919,0.022988155484199524,0.03206177428364754,0.025074366480112076
kdv2d,nested_jvp,20260922,4000,1281.7613082667813,0.02134212851524353,0.02934369072318077,0.020588969811797142
kdv2d,nested_jvp,20260922,4100,1312.3896055202931,0.01971409097313881,0.026463856920599937,0.01846548169851303
kdv2d,nested_jvp,20260922,4200,1342.9037008648738,0.018357539549469948,0.02390902303159237,0.016734980046749115
kdv2d,nested_jvp,20260922,4300,1373.35021781642,0.017306670546531677,0.02157835103571415,0.015169133432209492
kdv2d,nested_jvp,20260922,4400,1405.5926323207095,0.01592191308736801,0.019466815516352654,0.01293870061635971
kdv2d,nested_jvp,20260922,4500,1439.3013125425205,0.014925512485206127,0.017299169674515724,0.011744865216314793
kdv2d,nested_jvp,20260922,4600,1470.1425039777532,0.014281300827860832,0.01609084941446781,0.011770782060921192
kdv2d,nested_jvp,20260922,4700,1500.2134825335816,0.013132570311427116,0.014035318046808243,0.010136974044144154
kdv2d,nested_jvp,20260922,4800,1530.210593692027,0.012817125767469406,0.012982700951397419,0.009226184338331223
kdv2d,nested_jvp,20260922,4900,1561.1170946862549,0.012014878913760185,0.011643541045486927,0.008770406246185303
kdv2d,nested_jvp,20260922,5000,1591.5694025196135,0.011407975107431412,0.010610559023916721,0.00835751835256815
kdv2d,nested_jvp,20260922,5100,1626.6101215165108,0.010976227931678295,0.009434281848371029,0.007330877706408501
kdv2d,nested_jvp,20260922,5200,1658.5968888569623,0.010386819951236248,0.008528370410203934,0.0064450884237885475
kdv2d,nested_jvp,20260922,5300,1688.8754238775,0.010107755661010742,0.008103996515274048,0.006263740360736847
kdv2d,nested_jvp,20260922,5400,1720.2337508974597,0.009766712784767151,0.0072908238507807255,0.005621192045509815
kdv2d,nested_jvp,20260922,5500,1751.3874945957214,0.009750992991030216,0.00698925880715251,0.005349275656044483
kdv2d,nested_jvp,20260922,5600,1783.2977987863123,0.009274897165596485,0.006552958860993385,0.005313119851052761
kdv2d,nested_jvp,20260922,5700,1813.4765210337937,0.00909588485956192,0.006331193260848522,0.0047202687710523605
kdv2d,nested_jvp,20260922,5800,1843.5889889495447,0.008651621639728546,0.006399101112037897,0.004478118848055601
kdv2d,nested_jvp,20260922,5900,1873.7212980594486,0.008627588860690594,0.006321859546005726,0.004433635622262955
kdv2d,nested_jvp,20260922,6000,1904.4243077598512,0.008510708808898926,0.006605916656553745,0.003997639287263155
kdv2d,nested_jvp,20260922,6100,1935.787740688771,0.008532422594726086,0.006588543765246868,0.0036839754320681095
kdv2d,nested_jvp,20260922,6200,1966.6540512181818,0.008351903408765793,0.006923610810190439,0.003754544537514448
kdv2d,nested_jvp,20260922,6300,1996.8998498851433,0.008068107068538666,0.007359344977885485,0.0034041395410895348
kdv2d,nested_jvp,20260922,6400,2028.0553781455383,0.008008157834410667,0.007715609390288591,0.003457779297605157
kdv2d,nested_jvp,20260922,6500,2058.0935951611027,0.008053851313889027,0.00788303092122078,0.0033060144633054733
kdv2d,nested_jvp,20260922,6600,2089.3227740116417,0.00784279964864254,0.00832283403724432,0.003056229092180729
kdv2d,nested_jvp,20260922,6700,2121.0994323678315,0.007749659009277821,0.00847983080893755,0.0032078803051263094
kdv2d,nested_jvp,20260922,6800,2152.463573725894,0.007616983726620674,0.008957133628427982,0.003054375760257244
kdv2d,nested_jvp,20260922,6900,2182.7608974454924,0.007503300439566374,0.008876598440110683,0.0030041616410017014
kdv2d,nested_jvp,20260922,7000,2212.8466597963125,0.007486387621611357,0.009093528613448143,0.0028789029456675053
kdv2d,nested_jvp,20260922,7100,2242.9151881821454,0.007329202722758055,0.0095748919993639,0.002768081147223711
kdv2d,nested_jvp,20260922,7200,2275.246956807561,0.007414332590997219,0.009300860576331615,0.0023243192117661238
kdv2d,nested_jvp,20260922,7300,2310.197805364616,0.007216096855700016,0.00961100123822689,0.0024535488337278366
kdv2d,nested_jvp,20260922,7400,2340.33274477534,0.00715229008346796,0.009864882566034794,0.0024130763486027718
kdv2d,nested_jvp,20260922,7500,2370.32721083425,0.007057814858853817,0.009540109895169735,0.002280426910147071
kdv2d,nested_jvp,20260922,7600,2400.3533985605463,0.006954504642635584,0.009894805029034615,0.0022039401810616255
kdv2d,nested_jvp,20260922,7700,2430.7546174852178,0.006909716408699751,0.009845403023064137,0.002094249241054058
kdv2d,nested_jvp,20260922,7800,2460.749218188226,0.0067421807907521725,0.009821866638958454,0.0020445380359888077
kdv2d,nested_jvp,20260922,7900,2490.991453709081,0.006629548966884613,0.010004917159676552,0.001898076618090272
kdv2d,nested_jvp,20260922,8000,2521.110923594795,0.006582122296094894,0.009632396511733532,0.0018399094697088003
kdv2d,nested_jvp,20260922,8100,2551.2674611443654,0.0064047230407595634,0.009595289826393127,0.0018376022344455123
kdv2d,nested_jvp,20260922,8200,2583.580377918668,0.006306346971541643,0.009990385733544827,0.0017943836282938719
kdv2d,nested_jvp,20260922,8300,2613.8236582102254,0.006235672160983086,0.009509631432592869,0.0017613195814192295
kdv2d,nested_jvp,20260922,8400,2644.022845286876,0.005997404921799898,0.00967051088809967,0.001600495190359652
kdv2d,nested_jvp,20260922,8500,2674.2680918490514,0.006011102348566055,0.009273119270801544,0.0015698149800300598
kdv2d,nested_jvp,20260922,8600,2704.9316184902564,0.005827844608575106,0.009467767551541328,0.001585810212418437
kdv2d,nested_jvp,20260922,8700,2735.4195237345994,0.005661451257765293,0.009039872325956821,0.0013100475771352649
kdv2d,nested_jvp,20260922,8800,2765.4543719366193,0.0055339885875582695,0.009267902001738548,0.001317453570663929
kdv2d,nested_jvp,20260922,8900,2795.551147519611,0.0054214210249483585,0.008958401158452034,0.0013166442513465881
kdv2d,nested_jvp,20260922,9000,2827.087170192972,0.005324616562575102,0.00880773551762104,0.0012423211010172963
kdv2d,nested_jvp,20260922,9100,2859.522052382119,0.005110408179461956,0.00866558775305748,0.0011955848895013332
kdv2d,nested_jvp,20260922,9200,2892.574561337009,0.005069885402917862,0.008643431589007378,0.0012220805510878563
kdv2d,nested_jvp,20260922,9300,2923.5019550845027,0.0050122374668717384,0.008375133387744427,0.0010472806170582771
kdv2d,nested_jvp,20260922,9400,2953.5501256762072,0.004911377560347319,0.008113186806440353,0.0010822841431945562
kdv2d,nested_jvp,20260922,9500,2983.590299856849,0.004739842843264341,0.008378686383366585,0.000974802765995264
kdv2d,nested_jvp,20260922,9600,3013.5862555680797,0.004583313595503569,0.007845996879041195,0.000872740987688303
kdv2d,nested_jvp,20260922,9700,3044.074987099506,0.004539900925010443,0.007914199493825436,0.0009074611589312553
kdv2d,nested_jvp,20260922,9800,3074.854005338624,0.004401821177452803,0.007544658612459898,0.0008591627120040357
kdv2d,nested_jvp,20260922,9900,3105.0702428137884,0.004306739196181297,0.007840868085622787,0.0008195128757506609
kdv2d,nested_jvp,20260922,10000,3136.7915401589125,0.004229369573295116,0.007724631577730179,0.0007323464960791171
kdv2d,nested_jvp,20260922,10100,3167.185625327751,0.004061614628881216,0.007050578948110342,0.0007079219212755561
kdv2d,nested_jvp,20260922,10200,3197.24661704991,0.003978954628109932,0.00711118895560503,0.0006934857228770852
kdv2d,nested_jvp,20260922,10300,3227.3026133151725,0.0038640599232167006,0.0071151722222566605,0.0006404890445992351
kdv2d,nested_jvp,20260922,10400,3259.31310443487,0.0037990726996213198,0.0071062734350562096,0.0005645687924697995
kdv2d,nested_jvp,20260922,10500,3289.843826948665,0.0037049141246825457,0.006661196704953909,0.0006032257806509733
kdv2d,nested_jvp,20260922,10600,3320.217052312568,0.0036262748762965202,0.006524070166051388,0.000496168970130384
kdv2d,nested_jvp,20260922,10700,3350.3697083787993,0.0036276972386986017,0.006975612603127956,0.0005346080870367587
kdv2d,nested_jvp,20260922,10800,3381.506498169154,0.0034925113432109356,0.006555517669767141,0.00043887371430173516
kdv2d,nested_jvp,20260922,10900,3411.6832423582673,0.0034711456391960382,0.006571754347532988,0.0004760608426295221
kdv2d,nested_jvp,20260922,11000,3442.6186147397384,0.0033172776456922293,0.006213359534740448,0.00043726444710046053
kdv2d,nested_jvp,20260922,11100,3472.7409336343408,0.0034028543159365654,0.00641075661405921,0.00040634797187522054
kdv2d,nested_jvp,20260922,11200,3504.1967138042673,0.0032069720327854156,0.006043736357241869,0.0003643739619292319
kdv2d,nested_jvp,20260922,11300,3538.3620327673852,0.0030866616871207952,0.005630161613225937,0.0003506423672661185
kdv2d,nested_jvp,20260922,11400,3571.137694409117,0.003132537240162492,0.005923088174313307,0.0003474117547739297
kdv2d,nested_jvp,20260922,11500,3603.3291897093877,0.002948176581412554,0.005246983375400305,0.00034441769821569324
kdv2d,nested_jvp,20260922,11600,3633.625370906666,0.0030888186302036047,0.005778646562248468,0.00031885586213320494
kdv2d,nested_jvp,20260922,11700,3669.323314635083,0.002960199024528265,0.00553862052038312,0.0003017219132743776
kdv2d,nested_jvp,20260922,11800,3699.9660557294264,0.003065524622797966,0.0058103157207369804,0.00028148340061306953
kdv2d,nested_jvp,20260922,11900,3731.1810962483287,0.0029787977691739798,0.00570722296833992,0.0002833311154972762
kdv2d,nested_jvp,20260922,12000,3762.00614153035,0.0027788968291133642,0.005184956360608339,0.000257638021139428
kdv2d,nested_jvp,20260922,12100,3791.956835026853,0.002837188309058547,0.005185727961361408,0.0002631081733852625
kdv2d,nested_jvp,20260922,12200,3821.928620820865,0.0029750929679721594,0.005447572097182274,0.00024368024605792016
kdv2d,nested_jvp,20260922,12300,3851.977956218645,0.002675531432032585,0.004881730303168297,0.0002312228607479483
kdv2d,nested_jvp,20260922,12400,3882.40891873464,0.0027448732871562243,0.005066131707280874,0.00024251242575701326
kdv2d,nested_jvp,20260922,12500,3912.4059115396813,0.002564153866842389,0.004620939493179321,0.00022781974985264242
kdv2d,nested_jvp,20260922,12600,3947.0312192505226,0.002504071919247508,0.004612918011844158,0.00021038457634858787
kdv2d,nested_jvp,20260922,12700,3977.108131861314,0.002506472170352936,0.004792848601937294,0.0002019484672928229
kdv2d,nested_jvp,20260922,12800,4007.6905390433967,0.0025041222106665373,0.0045703621581196785,0.00018467033805791289
kdv2d,nested_jvp,20260922,12900,4037.6770182205364,0.0025468370877206326,0.004662555642426014,0.00019886554218828678
kdv2d,nested_jvp,20260922,13000,4069.411736265756,0.0023090275935828686,0.004200836177915335,0.00017518072854727507
kdv2d,nested_jvp,20260922,13100,4099.854800417088,0.002593054436147213,0.0047312346287071705,0.00016946473624557257
kdv2d,nested_jvp,20260922,13200,4132.0106282532215,0.002363248961046338,0.004410563036799431,0.00014895695494487882
kdv2d,nested_jvp,20260922,13300,4164.391015009955,0.0022979858331382275,0.00423923134803772,0.00015124588389880955
kdv2d,nested_jvp,20260922,13400,4196.749153466895,0.00266636093147099,0.004840754438191652,0.00015930653898976743
kdv2d,nested_jvp,20260922,13500,4227.46304483898,0.0023837548214942217,0.004316969774663448,0.00014814757741987705
kdv2d,nested_jvp,20260922,13600,4258.587463283911,0.0025042679626494646,0.004531204700469971,0.00016124577086884528
kdv2d,nested_jvp,20260922,13700,4288.6117276335135,0.0022133607417345047,0.003953513223677874,0.00014478701632469893
kdv2d,nested_jvp,20260922,13800,4318.660640125163,0.0021781374234706163,0.003890844527631998,0.00014862167881801724
kdv2d,nested_jvp,20260922,13900,4348.720824340358,0.002450073603540659,0.004400989972054958,0.0001347092620562762
kdv2d,nested_jvp,20260922,14000,4378.663031837903,0.0022751714568585157,0.004014844540506601,0.0001298959832638502
kdv2d,nested_jvp,20260922,14100,4409.015923234634,0.0020218058489263058,0.0036859146784991026,0.0001317245769314468
kdv2d,nested_jvp,20260922,14200,4440.025823949836,0.0021277389023452997,0.00396753428503871,0.0001206827801070176
kdv2d,nested_jvp,20260922,14300,4470.592176078819,0.0022266795858740807,0.0038233825471252203,0.00011638899013632908
kdv2d,nested_jvp,20260922,14400,4500.651874621399,0.001980355940759182,0.0034254146739840508,0.00012188056280137971
kdv2d,nested_jvp,20260922,14500,4532.319184108637,0.002016301266849041,0.003568049753084779,0.00011654480476863682
kdv2d,nested_jvp,20260922,14600,4562.4201928330585,0.0020852121524512768,0.003724251873791218,0.00011143949814140797
kdv2d,nested_jvp,20260922,14700,4592.574428424239,0.001945585128851235,0.003502620616927743,0.00010009814286604524
kdv2d,nested_jvp,20260922,14800,4623.607210602611,0.0019739160779863596,0.0034675775095820427,0.00010077370097860694
kdv2d,nested_jvp,20260922,14900,4656.620938995853,0.0018494493560865521,0.0032492042519152164,9.399793634656817e-05
kdv2d,nested_jvp,20260922,15000,4692.95540763624,0.0022570625878870487,0.003755166195333004,9.185825183521956e-05
kdv2d,nested_jvp,20260922,15100,4723.192581591196,0.0019890908151865005,0.003478199476376176,0.00010403961641713977
kdv2d,nested_jvp,20260922,15200,4753.195603505708,0.0020509539172053337,0.0033853210043162107,9.080006566364318e-05
kdv2d,nested_jvp,20260922,15300,4783.182902484201,0.001843873760662973,0.003247905755415559,9.60557081270963e-05
kdv2d,nested_jvp,20260922,15400,4813.437852616422,0.0017056529177352786,0.0029649795033037663,9.416502871317789e-05
kdv2d,nested_jvp,20260922,15500,4843.38084314391,0.002030313480645418,0.003494150470942259,8.25908500701189e-05
kdv2d,nested_jvp,20260922,15600,4874.3258509403095,0.0018026767065748572,0.0031776202376931906,8.611688099335879e-05
kdv2d,nested_jvp,20260922,15700,4904.463788002729,0.0017778552137315273,0.0031911509577184916,9.192580910166726e-05
kdv2d,nested_jvp,20260922,15800,4934.421971157193,0.001814360497519374,0.003271917114034295,8.267862722277641e-05
kdv2d,nested_jvp,20260922,15900,4965.063612317666,0.0019738939590752125,0.003390942234545946,8.883068221621215e-05
kdv2d,nested_jvp,20260922,16000,4995.166117038578,0.001984315924346447,0.003400773974135518,8.066977170528844e-05
kdv2d,nested_jvp,20260922,16100,5026.7621595216915,0.001863356796093285,0.0032263551838696003,8.07397736934945e-05
kdv2d,nested_jvp,20260922,16200,5057.000222064555,0.001700612367130816,0.002979662036523223,6.879214197397232e-05
kdv2d,nested_jvp,20260922,16300,5087.06977722235,0.0016034061554819345,0.00278927618637681,7.774841651553288e-05
kdv2d,nested_jvp,20260922,16400,5117.14670777414,0.0016190378228202462,0.0028363612946122885,7.288737106136978e-05
kdv2d,nested_jvp,20260922,16500,5147.302282116376,0.001756753190420568,0.003036430338397622,7.404900679830462e-05
kdv2d,nested_jvp,20260922,16600,5180.064383562654,0.0016938613262027502,0.0029208888299763203,7.501462096115574e-05
kdv2d,nested_jvp,20260922,16700,5210.908636534587,0.001917715766467154,0.0031088495161384344,6.977369048399851e-05
kdv2d,nested_jvp,20260922,16800,5246.174643134698,0.0015532741090282798,0.0027580272872000933,7.187662413343787e-05
kdv2d,nested_jvp,20260922,16900,5278.470613037236,0.0015457308618351817,0.0025847095530480146,6.104315252741799e-05
kdv2d,nested_jvp,20260922,17000,5308.914589077234,0.0017056912183761597,0.0028744603041559458,6.434460374293849e-05
kdv2d,nested_jvp,20260922,17100,5340.491749075241,0.0015828748000785708,0.002761413576081395,6.534161366289482e-05
kdv2d,nested_jvp,20260922,17200,5370.497221102938,0.0015480300644412637,0.0027967034839093685,5.918422539252788e-05
kdv2d,nested_jvp,20260922,17300,5402.498684357852,0.0016656502848491073,0.0027406655717641115,6.66925116092898e-05
kdv2d,nested_jvp,20260922,17400,5432.573001628742,0.0016233366914093494,0.002746772253885865,6.206566467881203e-05
kdv2d,nested_jvp,20260922,17500,5462.62242912408,0.0013424931094050407,0.0022318479605019093,5.365921970224008e-05
kdv2d,nested_jvp,20260922,17600,5493.735766548663,0.0016203969717025757,0.0028196254279464483,5.642494579660706e-05
kdv2d,nested_jvp,20260922,17700,5524.819873446599,0.0013716013636440039,0.002365630120038986,5.5974454880924895e-05
kdv2d,nested_jvp,20260922,17800,5558.712789152749,0.001479846192523837,0.0024714977480471134,5.6537137425038964e-05
kdv2d,nested_jvp,20260922,17900,5588.880673470907,0.0013522510416805744,0.002376795979216695,5.020099342800677e-05
kdv2d,nested_jvp,20260922,18000,5620.179721216671,0.0015032612718641758,0.0025013070553541183,5.044730642111972e-05
kdv2d,nested_jvp,20260922,18100,5650.2383118039,0.0012656477047130466,0.002193886088207364,5.1478316891007125e-05
kdv2d,nested_jvp,20260922,18200,5680.521392463706,0.001314830151386559,0.0023138471879065037,4.8950136260828e-05
kdv2d,nested_jvp,20260922,18300,5710.633602635935,0.0014443290419876575,0.002449149964377284,4.9734349886421114e-05
kdv2d,nested_jvp,20260922,18400,5742.374555676244,0.0014106582384556532,0.0023903208784759045,4.8364876420237124e-05
kdv2d,nested_jvp,20260922,18500,5772.858969126828,0.0012602389324456453,0.002176475478336215,4.729612555820495e-05
kdv2d,nested_jvp,20260922,18600,5804.83961552754,0.0012478794669732451,0.0022104440722614527,4.742227974929847e-05
kdv2d,nested_jvp,20260922,18700,5836.304388992488,0.001282895333133638,0.0022181046660989523,4.824070128961466e-05
kdv2d,nested_jvp,20260922,18800,5866.332389395684,0.001386461779475212,0.002414773916825652,4.256446845829487e-05
kdv2d,nested_jvp,20260922,18900,5896.935780079104,0.001333787338808179,0.002226108917966485,4.1507009882479906e-05
kdv2d,nested_jvp,20260922,19000,5930.91354754474,0.001223885570652783,0.0021492568776011467,4.254897066857666e-05
kdv2d,nested_jvp,20260922,19100,5961.347187459469,0.001214080024510622,0.0020870522130280733,3.797452154685743e-05
kdv2d,nested_jvp,20260922,19200,5991.725782807916,0.0013166287681087852,0.002285287482663989,4.1376253648195416e-05
kdv2d,nested_jvp,20260922,19300,6021.92224108614,0.0011661156313493848,0.0020221336744725704,4.384411295177415e-05
kdv2d,nested_jvp,20260922,19400,6056.144094454125,0.001094009610824287,0.0017932746559381485,4.103442915948108e-05
kdv2d,nested_jvp,20260922,19500,6086.647296095267,0.001156414276920259,0.002004096983000636,3.9965227188076824e-05
kdv2d,nested_jvp,20260922,19600,6116.798389763571,0.0012489913497120142,0.002088226145133376,4.020848427899182e-05
kdv2d,nested_jvp,20260922,19700,6147.035931184888,0.0011864996049553156,0.0020096555817872286,3.7951911508571357e-05
kdv2d,nested_jvp,20260922,19800,6177.815507560037,0.0016567657003179193,0.0025085867382586002,4.059929051436484e-05
kdv2d,nested_jvp,20260922,19900,6208.092428508215,0.0011104654986411333,0.0018878270639106631,3.608897532103583e-05
kdv2d,nested_jvp,20260922,20000,6238.186884520575,0.001053091255016625,0.0017846154514700174,3.336861846037209e-05
kdv2d,shared_jet_linear,20260922,0,0.0,1.093833565711975,1.0913653373718262,
kdv2d,shared_jet_linear,20260922,100,5.8578573148697615,0.8789955377578735,0.9162701964378357,11.659640312194824
kdv2d,shared_jet_linear,20260922,200,11.480504475533962,0.6538289785385132,0.726551353931427,6.126204013824463
kdv2d,shared_jet_linear,20260922,300,17.10976435430348,0.45119988918304443,0.5451459288597107,2.7682666778564453
kdv2d,shared_jet_linear,20260922,400,23.269671105779707,0.33219367265701294,0.4167952239513397,1.5347275733947754
kdv2d,shared_jet_linear,20260922,500,28.874750880524516,0.26691654324531555,0.33230289816856384,1.0178861618041992
kdv2d,shared_jet_linear,20260922,600,34.792594850063324,0.21502646803855896,0.26090583205223083,0.7736144065856934
kdv2d,shared_jet_linear,20260922,700,41.2989958319813,0.1741703599691391,0.2055775225162506,0.5773988962173462
kdv2d,shared_jet_linear,20260922,800,46.89018803369254,0.14457325637340546,0.16746319830417633,0.4769514799118042
kdv2d,shared_jet_linear,20260922,900,52.47808803617954,0.12641265988349915,0.1472960263490677,0.4008161425590515
kdv2d,shared_jet_linear,20260922,1000,58.0437158215791,0.11654402315616608,0.13870441913604736,0.3514784574508667
kdv2d,shared_jet_linear,20260922,1100,63.614152169786394,0.1107492446899414,0.13418954610824585,0.3739043176174164
kdv2d,shared_jet_linear,20260922,1200,69.23794218432158,0.10695544630289078,0.13194675743579865,0.34155362844467163
kdv2d,shared_jet_linear,20260922,1300,74.84276038315147,0.10364057868719101,0.12948070466518402,0.29115423560142517
kdv2d,shared_jet_linear,20260922,1400,80.41288850829005,0.10071062296628952,0.1270015388727188,0.2897958755493164
kdv2d,shared_jet_linear,20260922,1500,86.5541231604293,0.09742720425128937,0.12405508011579514,0.27023956179618835
kdv2d,shared_jet_linear,20260922,1600,92.17570478841662,0.09423019737005234,0.12089560180902481,0.24795350432395935
kdv2d,shared_jet_linear,20260922,1700,98.04673103708774,0.09129375964403152,0.11831084638834,0.24118198454380035
kdv2d,shared_jet_linear,20260922,1800,103.92942650429904,0.0881296694278717,0.11533874273300171,0.23637892305850983
kdv2d,shared_jet_linear,20260922,1900,109.61491719819605,0.08496363461017609,0.11136308312416077,0.2196347862482071
kdv2d,shared_jet_linear,20260922,2000,115.85731756407768,0.08169093728065491,0.10817381739616394,0.19680818915367126
kdv2d,shared_jet_linear,20260922,2100,121.66579142026603,0.07847034186124802,0.10464715212583542,0.19402478635311127
kdv2d,shared_jet_linear,20260922,2200,127.61911408044398,0.07508639991283417,0.10069549083709717,0.16376598179340363
kdv2d,shared_jet_linear,20260922,2300,133.61368554178625,0.07162973284721375,0.09715034067630768,0.15809445083141327
kdv2d,shared_jet_linear,20260922,2400,140.0573108457029,0.06811154633760452,0.09302987158298492,0.15419578552246094
kdv2d,shared_jet_linear,20260922,2500,146.46176526788622,0.06476619094610214,0.08970613777637482,0.12275510281324387
kdv2d,shared_jet_linear,20260922,2600,152.5908922739327,0.061297398060560226,0.0853109210729599,0.12831644713878632
kdv2d,shared_jet_linear,20260922,2700,158.51052776072174,0.05773407220840454,0.08043131977319717,0.10487517714500427
kdv2d,shared_jet_linear,20260922,2800,164.97748056985438,0.05439276248216629,0.0767935961484909,0.09870006889104843
kdv2d,shared_jet_linear,20260922,2900,171.27101361285895,0.05080517753958702,0.07127764075994492,0.08716627955436707
kdv2d,shared_jet_linear,20260922,3000,177.35727366805077,0.04748619720339775,0.0677218958735466,0.08040771633386612
kdv2d,shared_jet_linear,20260922,3100,183.1274211620912,0.04414725676178932,0.06333720684051514,0.07007302343845367
kdv2d,shared_jet_linear,20260922,3200,188.7846599733457,0.04092124104499817,0.058955561369657516,0.06138640642166138
kdv2d,shared_jet_linear,20260922,3300,194.82880599237978,0.03795694559812546,0.054981667548418045,0.05569661036133766
kdv2d,shared_jet_linear,20260922,3400,200.75948732253164,0.03492307662963867,0.05066148191690445,0.04711770638823509
kdv2d,shared_jet_linear,20260922,3500,207.15255823824555,0.032102830708026886,0.04604370892047882,0.040049076080322266
kdv2d,shared_jet_linear,20260922,3600,212.90392524935305,0.029547838494181633,0.04226474463939667,0.03413683921098709
kdv2d,shared_jet_linear,20260922,3700,218.48149550892413,0.027026815339922905,0.03863034397363663,0.03140488639473915
kdv2d,shared_jet_linear,20260922,3800,224.25237869564444,0.02497798763215542,0.035151783376932144,0.02868613600730896
kdv2d,shared_jet_linear,20260922,3900,230.74226260278374,0.022988159209489822,0.032061778008937836,0.025074375793337822
kdv2d,shared_jet_linear,20260922,4000,237.00968015287071,0.02134213037788868,0.02934369444847107,0.020588967949151993
kdv2d,shared_jet_linear,20260922,4100,243.37863777857274,0.01971409283578396,0.026463856920599937,0.01846548728644848
kdv2d,shared_jet_linear,20260922,4200,249.78280776180327,0.018357541412115097,0.023909030482172966,0.016734983772039413
kdv2d,shared_jet_linear,20260922,4300,256.1730385646224,0.017306670546531677,0.021578349173069,0.015169136226177216
kdv2d,shared_jet_linear,20260922,4400,262.9079366317019,0.01592191308736801,0.019466817378997803,0.01293870061635971
kdv2d,shared_jet_linear,20260922,4500,269.6755479751155,0.014925514347851276,0.017299173399806023,0.011744868941605091
kdv2d,shared_jet_linear,20260922,4600,275.668250458315,0.014281301759183407,0.01609085127711296,0.011770782060921192
kdv2d,shared_jet_linear,20260922,4700,281.47147797979414,0.013132572174072266,0.014035322703421116,0.010136974975466728
kdv2d,shared_jet_linear,20260922,4800,287.11730309110135,0.012817125767469406,0.012982702814042568,0.009226185269653797
kdv2d,shared_jet_linear,20260922,4900,292.75660578068346,0.012014880776405334,0.011643542908132076,0.008770409040153027
kdv2d,shared_jet_linear,20260922,5000,298.36968018021435,0.011407972313463688,0.010610561817884445,0.008357514627277851
kdv2d,shared_jet_linear,20260922,5100,303.98920323420316,0.01097622700035572,0.00943427998572588,0.007330881431698799
kdv2d,shared_jet_linear,20260922,5200,309.57327929418534,0.010386819951236248,0.008528373204171658,0.006445089355111122
kdv2d,shared_jet_linear,20260922,5300,315.17852544412017,0.010107756592333317,0.008103996515274048,0.006263739429414272
kdv2d,shared_jet_linear,20260922,5400,320.7859004205093,0.00976671651005745,0.007290827110409737,0.005621190182864666
kdv2d,shared_jet_linear,20260922,5500,326.6229410562664,0.00975099392235279,0.00698925880715251,0.005349274724721909
kdv2d,shared_jet_linear,20260922,5600,332.9246062291786,0.00927489809691906,0.006552960257977247,0.0053131189197301865
kdv2d,shared_jet_linear,20260922,5700,338.7359555186704,0.009095885790884495,0.006331195123493671,0.00472027063369751
kdv2d,shared_jet_linear,20260922,5800,345.42691302578896,0.00865162257105112,0.00639910064637661,0.004478118382394314
kdv2d,shared_jet_linear,20260922,5900,351.84689968358725,0.008627588860690594,0.006321858149021864,0.004433635156601667
kdv2d,shared_jet_linear,20260922,6000,358.2924996893853,0.008510710671544075,0.006605916656553745,0.00399764021858573
kdv2d,shared_jet_linear,20260922,6100,364.4837535219267,0.008532421663403511,0.006588541902601719,0.0036839782260358334
kdv2d,shared_jet_linear,20260922,6200,370.36121079232544,0.008351902477443218,0.006923610344529152,0.0037545454688370228
kdv2d,shared_jet_linear,20260922,6300,376.540038343519,0.008068107068538666,0.0073593477718532085,0.003404141403734684
kdv2d,shared_jet_linear,20260922,6400,382.2318305922672,0.008008157834410667,0.00771560613065958,0.003457778599113226
kdv2d,shared_jet_linear,20260922,6500,387.84892454650253,0.008053851313889027,0.007883028127253056,0.0033060149289667606
kdv2d,shared_jet_linear,20260922,6600,393.48164738342166,0.007842800579965115,0.008322831243276596,0.0030562286265194416
kdv2d,shared_jet_linear,20260922,6700,399.08799118641764,0.007749659474939108,0.00847983080893755,0.0032078793738037348
kdv2d,shared_jet_linear,20260922,6800,404.71047115698457,0.007616985589265823,0.00895712710916996,0.003054374363273382
kdv2d,shared_jet_linear,20260922,6900,410.3451270516962,0.00750329764559865,0.008876599371433258,0.0030041621066629887
kdv2d,shared_jet_linear,20260922,7000,415.9719276931137,0.007486382964998484,0.009093526750802994,0.002878902480006218
kdv2d,shared_jet_linear,20260922,7100,421.6263602543622,0.0073292008601129055,0.009574897587299347,0.0027680809143930674
kdv2d,shared_jet_linear,20260922,7200,427.59654112905264,0.007414340507239103,0.009300840087234974,0.0023243194445967674
kdv2d,shared_jet_linear,20260922,7300,433.9221978681162,0.0072160945273935795,0.009611004032194614,0.0024535481352359056
kdv2d,shared_jet_linear,20260922,7400,440.1082073422149,0.007152291480451822,0.009864885360002518,0.00241307495161891
kdv2d,shared_jet_linear,20260922,7500,445.99192625749856,0.007057814858853817,0.00954010896384716,0.0022804245818406343
kdv2d,shared_jet_linear,20260922,7600,451.6542138941586,0.006954500451683998,0.009894808754324913,0.0022039411123842
kdv2d,shared_jet_linear,20260922,7700,457.820386483334,0.0069097126834094524,0.009845402091741562,0.002094249241054058
kdv2d,shared_jet_linear,20260922,7800,463.41053773928434,0.006742177531123161,0.009821857325732708,0.0020445380359888077
kdv2d,shared_jet_linear,20260922,7900,469.19985174015164,0.006629542447626591,0.010004926472902298,0.0018980770837515593
kdv2d,shared_jet_linear,20260922,8000,475.4868122274056,0.006582131143659353,0.009632378816604614,0.0018399087712168694
kdv2d,shared_jet_linear,20260922,8100,481.9469520933926,0.006404722109436989,0.009595298208296299,0.0018376021180301905
kdv2d,shared_jet_linear,20260922,8200,488.1749964132905,0.006306343711912632,0.0099903903901577,0.0017943831626325846
kdv2d,shared_jet_linear,20260922,8300,494.11871967371553,0.006235670763999224,0.00950964167714119,0.0017613207455724478
kdv2d,shared_jet_linear,20260922,8400,499.7362513197586,0.005997402593493462,0.009670517407357693,0.0016004962380975485
kdv2d,shared_jet_linear,20260922,8500,505.37752119544894,0.006011101882904768,0.009273117408156395,0.0015698152128607035
kdv2d,shared_jet_linear,20260922,8600,511.0463334424421,0.005827841814607382,0.009467776864767075,0.0015858086990192533
kdv2d,shared_jet_linear,20260922,8700,516.6897318381816,0.005661451257765293,0.009039870463311672,0.0013100493233650923
kdv2d,shared_jet_linear,20260922,8800,522.3744601495564,0.005533988121896982,0.009267899207770824,0.001317453570663929
kdv2d,shared_jet_linear,20260922,8900,528.839482717216,0.005421422887593508,0.008958391845226288,0.0013166447170078754
kdv2d,shared_jet_linear,20260922,9000,535.172690667212,0.0053246160969138145,0.008807734586298466,0.0012423209846019745
kdv2d,shared_jet_linear,20260922,9100,541.0327425738797,0.005110412836074829,0.008665577508509159,0.0011955841910094023
kdv2d,shared_jet_linear,20260922,9200,547.2201775750145,0.005069885868579149,0.00864343624562025,0.0012220803182572126
kdv2d,shared_jet_linear,20260922,9300,553.4821831295267,0.005012235604226589,0.008375141769647598,0.0010472808498889208
kdv2d,shared_jet_linear,20260922,9400,559.3089546440169,0.004911379888653755,0.008113191463053226,0.0010822847252711654
kdv2d,shared_jet_linear,20260922,9500,565.0585555667058,0.004739843774586916,0.008378681726753712,0.0009748017182573676
kdv2d,shared_jet_linear,20260922,9600,571.5484995320439,0.004583311732858419,0.007846001535654068,0.0008727412205189466
kdv2d,shared_jet_linear,20260922,9700,577.8546269033104,0.004539899993687868,0.007914196699857712,0.000907461391761899
kdv2d,shared_jet_linear,20260922,9800,583.6000139014795,0.004401820246130228,0.007544650696218014,0.0008591621881350875
kdv2d,shared_jet_linear,20260922,9900,589.2427341602743,0.004306739661842585,0.007840849459171295,0.0008195128757506609
kdv2d,shared_jet_linear,20260922,10000,595.4844845440239,0.004229371901601553,0.007724630180746317,0.0007323467289097607
kdv2d,shared_jet_linear,20260922,10100,602.0663548251614,0.004061613231897354,0.00705057755112648,0.0007079219212755561
kdv2d,shared_jet_linear,20260922,10200,609.1603466207162,0.0039789616130292416,0.00711115961894393,0.0006934854900464416
kdv2d,shared_jet_linear,20260922,10300,615.666300419718,0.0038640641141682863,0.007115229964256287,0.0006404890445992351
kdv2d,shared_jet_linear,20260922,10400,622.0094668120146,0.0037990764249116182,0.007106292061507702,0.0005645687342621386
kdv2d,shared_jet_linear,20260922,10500,628.2029986865819,0.003704913193359971,0.0066611929796636105,0.0006032267119735479
kdv2d,shared_jet_linear,20260922,10600,633.7788482094184,0.0036262753419578075,0.006524056661874056,0.0004961692611686885
kdv2d,shared_jet_linear,20260922,10700,639.3905704887584,0.003627694444730878,0.006975606083869934,0.0005346083780750632
kdv2d,shared_jet_linear,20260922,10800,645.0324014946818,0.0034925159998238087,0.006555523257702589,0.00043887406354770064
kdv2d,shared_jet_linear,20260922,10900,650.6562932664528,0.003471141215413809,0.006571750622242689,0.0004760606971103698
kdv2d,shared_jet_linear,20260922,11000,656.5564032876864,0.0033172760158777237,0.00621336093172431,0.0004372650582809001
kdv2d,shared_jet_linear,20260922,11100,662.9646159512922,0.003402858506888151,0.006410769186913967,0.00040634782635606825
kdv2d,shared_jet_linear,20260922,11200,669.3853270439431,0.003206975059583783,0.006043753586709499,0.000364374223863706
kdv2d,shared_jet_linear,20260922,11300,675.0229210043326,0.003086666576564312,0.005630221217870712,0.00035064242547377944
kdv2d,shared_jet_linear,20260922,11400,680.6499858936295,0.0031325386371463537,0.005923102144151926,0.00034741172567009926
kdv2d,shared_jet_linear,20260922,11500,686.6950121605769,0.002948179142549634,0.005246985238045454,0.00034441801835782826
kdv2d,shared_jet_linear,20260922,11600,693.404414693825,0.00308879348449409,0.005778605584055185,0.00031885551288723946
kdv2d,shared_jet_linear,20260922,11700,700.0416425876319,0.0029601966962218285,0.005538598634302616,0.00030172194237820804
kdv2d,shared_jet_linear,20260922,11800,706.331331524998,0.003065470140427351,0.005810220260173082,0.00028148412820883095
kdv2d,shared_jet_linear,20260922,11900,712.7167771821842,0.002978765405714512,0.005707167088985443,0.0002833306498359889
kdv2d,shared_jet_linear,20260922,12000,719.1627234239131,0.002778904512524605,0.00518497359007597,0.00025763758458197117
kdv2d,shared_jet_linear,20260922,12100,725.466654821299,0.0028372094966471195,0.005185754969716072,0.00026310834800824523
kdv2d,shared_jet_linear,20260922,12200,731.0889256093651,0.0029750254470854998,0.0054474687203764915,0.00024367930018343031
kdv2d,shared_jet_linear,20260922,12300,736.741608094424,0.0026755162980407476,0.004881706088781357,0.00023122617858462036
kdv2d,shared_jet_linear,20260922,12400,742.6524352822453,0.0027449000626802444,0.005066202487796545,0.00024251287686638534
kdv2d,shared_jet_linear,20260922,12500,748.8100012727082,0.002564165974035859,0.004620970692485571,0.0002278202009620145
kdv2d,shared_jet_linear,20260922,12600,754.4827431961894,0.0025041105691343546,0.004613009747117758,0.00021038460545241833
kdv2d,shared_jet_linear,20260922,12700,760.3316138032824,0.002506469376385212,0.004792847204953432,0.0002019481617026031
kdv2d,shared_jet_linear,20260922,12800,766.186370883137,0.00250412174500525,0.004570359364151955,0.00018467122572474182
kdv2d,shared_jet_linear,20260922,12900,772.7076621241868,0.002546837320551276,0.004662570543587208,0.0001988658623304218
kdv2d,shared_jet_linear,20260922,13000,778.3988609388471,0.0023090147878974676,0.004200799390673637,0.0001751806412357837
kdv2d,shared_jet_linear,20260922,13100,784.1730234371498,0.0025929796975106,0.004731121938675642,0.00016946508549153805
kdv2d,shared_jet_linear,20260922,13200,790.1950258994475,0.0023632145021110773,0.004410471301525831,0.00014895707136020064
kdv2d,shared_jet_linear,20260922,13300,795.8106869067997,0.0022979839704930782,0.0042392415925860405,0.0001512453891336918
kdv2d,shared_jet_linear,20260922,13400,801.4231107831001,0.002666427753865719,0.004840821027755737,0.0001593063643667847
kdv2d,shared_jet_linear,20260922,13500,807.4418515339494,0.002383765298873186,0.004316982813179493,0.0001481469807913527
kdv2d,shared_jet_linear,20260922,13600,813.738610281609,0.002504395553842187,0.00453138304874301,0.00016124566900543869
kdv2d,shared_jet_linear,20260922,13700,819.4801665302366,0.0022133938036859035,0.0039535569958388805,0.0001447867980459705
kdv2d,shared_jet_linear,20260922,13800,825.1000950206071,0.00217818608507514,0.0038909679278731346,0.00014862147509120405
kdv2d,shared_jet_linear,20260922,13900,831.089512117207,0.0024501136504113674,0.004401037003844976,0.000134709567646496
kdv2d,shared_jet_linear,20260922,14000,837.2283546943218,0.0022751830983906984,0.004014874342828989,0.00012989420793019235
kdv2d,shared_jet_linear,20260922,14100,842.8533813171089,0.002021819120272994,0.0036859537940472364,0.00013172351464163512
kdv2d,shared_jet_linear,20260922,14200,848.5637483252212,0.002127734012901783,0.003967529162764549,0.00012067984789609909
kdv2d,shared_jet_linear,20260922,14300,854.8001157836989,0.0022266751620918512,0.003823385573923588,0.0001163885899586603
kdv2d,shared_jet_linear,20260922,14400,861.1835928857327,0.001980337779968977,0.003425388131290674,0.0001218813267769292
kdv2d,shared_jet_linear,20260922,14500,867.593497114256,0.002016262151300907,0.0035679673310369253,0.00011654499394353479
kdv2d,shared_jet_linear,20260922,14600,873.3884209366515,0.0020851592998951674,0.0037241748068481684,0.00011144137533847243
kdv2d,shared_jet_linear,20260922,14700,879.941546167247,0.0019455809378996491,0.0035026194527745247,0.00010009819379774854
kdv2d,shared_jet_linear,20260922,14800,886.1420524530113,0.0019739374984055758,0.003467622445896268,0.00010077359183924273
kdv2d,shared_jet_linear,20260922,14900,892.1864610435441,0.0018494342220947146,0.0032491725869476795,9.399816917721182e-05
kdv2d,shared_jet_linear,20260922,15000,898.2497239541262,0.002257158048450947,0.003755279816687107,9.18582227313891e-05
kdv2d,shared_jet_linear,20260922,15100,904.3434010865167,0.001989061012864113,0.003478146390989423,0.00010404136264696717
kdv2d,shared_jet_linear,20260922,15200,910.5656243702397,0.002050943672657013,0.003385304706171155,9.080025483854115e-05
kdv2d,shared_jet_linear,20260922,15300,917.0039480365813,0.0018440248677507043,0.003248182823881507,9.60553006734699e-05
kdv2d,shared_jet_linear,20260922,15400,922.6461672363803,0.0017056671204045415,0.002964993705973029,9.416592365596443e-05
kdv2d,shared_jet_linear,20260922,15500,928.2408298654482,0.002030325587838888,0.003494169795885682,8.259067544713616e-05
kdv2d,shared_jet_linear,20260922,15600,933.8283669482917,0.0018026651814579964,0.0031776134856045246,8.611685188952833e-05
kdv2d,shared_jet_linear,20260922,15700,939.4971719188616,0.0017778560286387801,0.00319115724414587,9.192569996230304e-05
kdv2d,shared_jet_linear,20260922,15800,945.1440825341269,0.0018143493216484785,0.003271903144195676,8.267859811894596e-05
kdv2d,shared_jet_linear,20260922,15900,950.7535610701889,0.001973941922187805,0.003391002072021365,8.88304493855685e-05
kdv2d,shared_jet_linear,20260922,16000,956.9005705602467,0.0019843808840960264,0.0034008407965302467,8.066976442933083e-05
kdv2d,shared_jet_linear,20260922,16100,963.5102604897693,0.0018633116269484162,0.0032263004686683416,8.073958451859653e-05
kdv2d,shared_jet_linear,20260922,16200,969.6152772530913,0.0017007432179525495,0.0029798673931509256,6.879038119222969e-05
kdv2d,shared_jet_linear,20260922,16300,975.3910643020645,0.001603403827175498,0.0027892636135220528,7.774915138725191e-05
kdv2d,shared_jet_linear,20260922,16400,980.9611106505617,0.001619033981114626,0.002836360363289714,7.288735650945455e-05
kdv2d,shared_jet_linear,20260922,16500,986.5221929829568,0.0017567281611263752,0.0030363984405994415,7.404939970001578e-05
kdv2d,shared_jet_linear,20260922,16600,992.0912929587066,0.0016938482876867056,0.0029208874329924583,7.50137260183692e-05
kdv2d,shared_jet_linear,20260922,16700,997.7886212673038,0.001917764195241034,0.0031089053954929113,6.977407610975206e-05
kdv2d,shared_jet_linear,20260922,16800,1003.3726204205304,0.0015533225378021598,0.0027581078466027975,7.187568553490564e-05
kdv2d,shared_jet_linear,20260922,16900,1008.9875241825357,0.001545827486552298,0.0025848818477243185,6.104329077061266e-05
kdv2d,shared_jet_linear,20260922,17000,1015.1684568133205,0.001705869915895164,0.0028746924363076687,6.434664101107046e-05
kdv2d,shared_jet_linear,20260922,17100,1021.3989460933954,0.0015828051837161183,0.002761303912848234,6.534148997161537e-05
kdv2d,shared_jet_linear,20260922,17200,1028.9706576587632,0.0015480436850339174,0.0027967269998043776,5.918487295275554e-05
kdv2d,shared_jet_linear,20260922,17300,1036.6575393229723,0.00166566320694983,0.0027406697627156973,6.669216963928193e-05
kdv2d,shared_jet_linear,20260922,17400,1042.9265553113073,0.0016233590431511402,0.002746797865256667,6.206566467881203e-05
kdv2d,shared_jet_linear,20260922,17500,1048.536180996336,0.0013424913631752133,0.00223179766908288,5.36586667294614e-05
kdv2d,shared_jet_linear,20260922,17600,1054.164114402607,0.0016203538980334997,0.002819572575390339,5.642483301926404e-05
kdv2d,shared_jet_linear,20260922,17700,1059.7626742841676,0.0013716109097003937,0.002365650376304984,5.5974516726564616e-05
kdv2d,shared_jet_linear,20260922,17800,1065.6665786551312,0.0014799230266362429,0.0024716167245060205,5.6536984629929066e-05
kdv2d,shared_jet_linear,20260922,17900,1072.6829093983397,0.0013522488297894597,0.002376790391281247,5.020080061512999e-05
kdv2d,shared_jet_linear,20260922,18000,1079.3507827771828,0.0015033406671136618,0.0025013904087245464,5.044644058216363e-05
kdv2d,shared_jet_linear,20260922,18100,1085.1194576509297,0.0012655899627134204,0.002193704480305314,5.1478855311870575e-05
kdv2d,shared_jet_linear,20260922,18200,1090.727194197476,0.0013149525038897991,0.002314052078872919,4.8949907068163157e-05
kdv2d,shared_jet_linear,20260922,18300,1096.7888698410243,0.0014441381208598614,0.0024488901253789663,4.9737351218936965e-05
kdv2d,shared_jet_linear,20260922,18400,1102.4300880189985,0.0014104529982432723,0.002390075707808137,4.836236621486023e-05
kdv2d,shared_jet_linear,20260922,18500,1108.759849618189,0.0012602346250787377,0.002176474779844284,4.7295430704252794e-05
kdv2d,shared_jet_linear,20260922,18600,1114.845538675785,0.0012478831922635436,0.002210461301729083,4.7421708586625755e-05
kdv2d,shared_jet_linear,20260922,18700,1120.4352932320908,0.0012828485341742635,0.002218040404841304,4.824047937290743e-05
kdv2d,shared_jet_linear,20260922,18800,1126.0152737367898,0.0013864629436284304,0.0024147750809788704,4.256465763319284e-05
kdv2d,shared_jet_linear,20260922,18900,1132.0759729398414,0.0013335461262613535,0.0022258292883634567,4.150847234996036e-05
kdv2d,shared_jet_linear,20260922,19000,1138.6507678553462,0.0012239464558660984,0.002149342093616724,4.2552012018859386e-05
kdv2d,shared_jet_linear,20260922,19100,1144.8651954652742,0.0012141525512561202,0.002087170258164406,3.79747616534587e-05
kdv2d,shared_jet_linear,20260922,19200,1151.1777481101453,0.001316674635745585,0.002285338006913662,4.1376093577127904e-05
kdv2d,shared_jet_linear,20260922,19300,1157.391276879236,0.0011661166790872812,0.002022131811827421,4.3845095206052065e-05
kdv2d,shared_jet_linear,20260922,19400,1163.5711543532088,0.00109399005305022,0.0017932114424183965,4.103412720724009e-05
kdv2d,shared_jet_linear,20260922,19500,1169.6968333059922,0.0011564480373635888,0.0020041880197823048,3.9965161704458296e-05
kdv2d,shared_jet_linear,20260922,19600,1175.7850291766226,0.0012491076486185193,0.0020883481483906507,4.0208426071330905e-05
kdv2d,shared_jet_linear,20260922,19700,1182.1762846326455,0.0011864121770486236,0.0020095431245863438,3.7950936530251056e-05
kdv2d,shared_jet_linear,20260922,19800,1188.0056396052241,0.0016565821133553982,0.002508443081751466,4.0599959902465343e-05
kdv2d,shared_jet_linear,20260922,19900,1193.629368671216,0.0011104500154033303,0.001887806341983378,3.6090408684685826e-05
kdv2d,shared_jet_linear,20260922,20000,1199.5844467803836,0.0010531075531616807,0.0017846452537924051,3.336863301228732e-05
kdv2d,nested_jvp,20260923,0,0.0,0.9357344508171082,0.938300609588623,
kdv2d,nested_jvp,20260923,100,32.17518012691289,0.7390632629394531,0.7671604156494141,9.33873176574707
kdv2d,nested_jvp,20260923,200,63.27455377578735,0.5510693788528442,0.6087048649787903,5.007071018218994
kdv2d,nested_jvp,20260923,300,93.78332453686744,0.3988267779350281,0.4813588261604309,2.177873373031616
kdv2d,nested_jvp,20260923,400,125.3226166581735,0.315685898065567,0.3965457081794739,1.3501489162445068
kdv2d,nested_jvp,20260923,500,156.77511336561292,0.26075202226638794,0.32516998052597046,0.9628763794898987
kdv2d,nested_jvp,20260923,600,187.6664470685646,0.21258503198623657,0.2590973377227783,0.6991333961486816
kdv2d,nested_jvp,20260923,700,219.2746072486043,0.17396806180477142,0.20653219521045685,0.5397109985351562
kdv2d,nested_jvp,20260923,800,251.0667230412364,0.14580261707305908,0.17003823816776276,0.443032443523407
kdv2d,nested_jvp,20260923,900,282.5005431063473,0.12884315848350525,0.15026646852493286,0.3877251148223877
kdv2d,nested_jvp,20260923,1000,313.4642127742991,0.11855631321668625,0.140018031001091,0.3416624665260315
kdv2d,nested_jvp,20260923,1100,345.23546778876334,0.11145839095115662,0.13352447748184204,0.33242619037628174
kdv2d,nested_jvp,20260923,1200,376.0095372805372,0.10675006359815598,0.12971653044223785,0.2812652587890625
kdv2d,nested_jvp,20260923,1300,406.6367226392031,0.10229282826185226,0.12579432129859924,0.28514400124549866
kdv2d,nested_jvp,20260923,1400,438.67172992043197,0.09836576133966446,0.12203933298587799,0.2551199793815613
kdv2d,nested_jvp,20260923,1500,472.3449480775744,0.09444432705640793,0.1183963418006897,0.23491863906383514
kdv2d,nested_jvp,20260923,1600,502.77228607889265,0.09037262201309204,0.11477918922901154,0.2123820036649704
kdv2d,nested_jvp,20260923,1700,533.0824962332845,0.08653555810451508,0.1109495460987091,0.20393721759319305
kdv2d,nested_jvp,20260923,1800,564.4167264038697,0.0824393779039383,0.1065547913312912,0.1811327189207077
kdv2d,nested_jvp,20260923,1900,594.71867815312,0.07793397456407547,0.10208140313625336,0.15860721468925476
kdv2d,nested_jvp,20260923,2000,625.0700251813978,0.07384980469942093,0.09740190207958221,0.1563548594713211
kdv2d,nested_jvp,20260923,2100,655.9889484373853,0.0700162947177887,0.09302745014429092,0.13691304624080658
kdv2d,nested_jvp,20260923,2200,690.077943501994,0.06582172214984894,0.08807053416967392,0.12257202714681625
kdv2d,nested_jvp,20260923,2300,720.5190587593243,0.06182028353214264,0.08380633592605591,0.11056435108184814
kdv2d,nested_jvp,20260923,2400,752.5361124640331,0.05795736610889435,0.07902196049690247,0.09454027563333511
kdv2d,nested_jvp,20260923,2500,786.2733047222719,0.0542871318757534,0.07354427129030228,0.09462857246398926
kdv2d,nested_jvp,20260923,2600,820.5175574105233,0.050491392612457275,0.06937096267938614,0.07671862095594406
kdv2d,nested_jvp,20260923,2700,854.1755937747657,0.04695557430386543,0.06575783342123032,0.06777779012918472
kdv2d,nested_jvp,20260923,2800,886.8674274496734,0.04372591897845268,0.06038064509630203,0.06527303904294968
kdv2d,nested_jvp,20260923,2900,916.973871903494,0.04071325063705444,0.056633785367012024,0.05355675145983696
kdv2d,nested_jvp,20260923,3000,947.1034547230229,0.03788084536790848,0.05263839662075043,0.05129317566752434
kdv2d,nested_jvp,20260923,3100,978.2106673177332,0.03516637161374092,0.04914870485663414,0.04222007095813751
kdv2d,nested_jvp,20260923,3200,1010.4750736216083,0.0327121801674366,0.045760054141283035,0.038405731320381165
kdv2d,nested_jvp,20260923,3300,1046.2272492870688,0.030483562499284744,0.04309975355863571,0.03595658019185066
kdv2d,nested_jvp,20260923,3400,1079.9074309431016,0.028426580131053925,0.039677444845438004,0.03207014128565788
kdv2d,nested_jvp,20260923,3500,1113.3862058892846,0.026512764394283295,0.03745298460125923,0.0290696881711483
kdv2d,nested_jvp,20260923,3600,1145.554656921886,0.024784939363598824,0.03483569622039795,0.026663348078727722
kdv2d,nested_jvp,20260923,3700,1175.7463091965765,0.023201847448945045,0.0324268639087677,0.02309347130358219
kdv2d,nested_jvp,20260923,3800,1205.668509574607,0.021734366193413734,0.03041818179190159,0.020227298140525818
kdv2d,nested_jvp,20260923,3900,1236.5083365663886,0.020442930981516838,0.028789332136511803,0.018390482291579247
kdv2d,nested_jvp,20260923,4000,1266.4000659976155,0.019267141819000244,0.02730722166597843,0.01757931523025036
kdv2d,nested_jvp,20260923,4100,1298.079065028578,0.018195627257227898,0.02580133266746998,0.016123631969094276
kdv2d,nested_jvp,20260923,4200,1328.6848303489387,0.017231158912181854,0.02465856820344925,0.015177654102444649
kdv2d,nested_jvp,20260923,4300,1359.527297376655,0.016312723979353905,0.023170990869402885,0.013231037184596062
kdv2d,nested_jvp,20260923,4400,1389.6582768792287,0.015434516593813896,0.021896708756685257,0.013079220429062843
kdv2d,nested_jvp,20260923,4500,1419.802480363287,0.01464881096035242,0.020734230056405067,0.011075686663389206
kdv2d,nested_jvp,20260923,4600,1450.9789807563648,0.0139786871150136,0.019967664033174515,0.010385926812887192
kdv2d,nested_jvp,20260923,4700,1483.4206011146307,0.013366367667913437,0.019095059484243393,0.009776907041668892
kdv2d,nested_jvp,20260923,4800,1516.323424257338,0.012701109051704407,0.018067745491862297,0.009103279560804367
kdv2d,nested_jvp,20260923,4900,1546.2461716644466,0.012087496928870678,0.01705852895975113,0.008502618409693241
kdv2d,nested_jvp,20260923,5000,1576.12098951824,0.01158056315034628,0.01622587814927101,0.007548283785581589
kdv2d,nested_jvp,20260923,5100,1605.9197719227523,0.011105499230325222,0.015532765537500381,0.007443915121257305
kdv2d,nested_jvp,20260923,5200,1636.9788779243827,0.010627363808453083,0.014548847451806068,0.0064084199257195
kdv2d,nested_jvp,20260923,5300,1669.4115947438404,0.010133815929293633,0.013785376213490963,0.006014083046466112
kdv2d,nested_jvp,20260923,5400,1703.6555665060878,0.009714578278362751,0.013005442917346954,0.0056791845709085464
kdv2d,nested_jvp,20260923,5500,1733.5895693255588,0.009380451403558254,0.012313052080571651,0.005403800867497921
kdv2d,nested_jvp,20260923,5600,1763.8364237248898,0.008904331363737583,0.011566635221242905,0.004833921790122986
kdv2d,nested_jvp,20260923,5700,1795.7995108487085,0.008704634383320808,0.011178567074239254,0.0047584520652890205
kdv2d,nested_jvp,20260923,5800,1827.0942030306906,0.008460501208901405,0.010637879371643066,0.004287581890821457
kdv2d,nested_jvp,20260923,5900,1857.531345252879,0.00827059242874384,0.0100624468177557,0.0037698042578995228
kdv2d,nested_jvp,20260923,6000,1887.454838855192,0.00791514664888382,0.009574518539011478,0.0036207810044288635
kdv2d,nested_jvp,20260923,6100,1917.4027056572959,0.007728928234428167,0.009331720881164074,0.003265583422034979
kdv2d,nested_jvp,20260923,6200,1947.9225030615926,0.007584900129586458,0.009067955426871777,0.0032182512804865837
kdv2d,nested_jvp,20260923,6300,1978.1834702771157,0.007454052567481995,0.008761512115597725,0.002924344502389431
kdv2d,nested_jvp,20260923,6400,2009.363425847143,0.00733196409419179,0.008558878675103188,0.0027290242724120617
kdv2d,nested_jvp,20260923,6500,2041.8414866384119,0.00725130969658494,0.008524559438228607,0.002574481535702944
kdv2d,nested_jvp,20260923,6600,2072.9347048755735,0.007075862027704716,0.00850644800812006,0.002572862198576331
kdv2d,nested_jvp,20260923,6700,2103.035543963313,0.007120572496205568,0.008283675648272038,0.0023193638771772385
kdv2d,nested_jvp,20260923,6800,2133.0606141649187,0.006944355554878712,0.008543056435883045,0.0021932206582278013
kdv2d,nested_jvp,20260923,6900,2164.4357941234484,0.007054595276713371,0.0082867331802845,0.002134517766535282
kdv2d,nested_jvp,20260923,7000,2196.811393402517,0.006829278077930212,0.008562194183468819,0.0020959624089300632
kdv2d,nested_jvp,20260923,7100,2226.849541440606,0.00685011874884367,0.008471852168440819,0.0018870066851377487
kdv2d,nested_jvp,20260923,7200,2257.0790153443813,0.006704902742058039,0.008724415674805641,0.0019181484822183847
kdv2d,nested_jvp,20260923,7300,2286.8387684859335,0.0067230635322630405,0.008554614149034023,0.0017549209296703339
kdv2d,nested_jvp,20260923,7400,2318.1313304845244,0.00670855725184083,0.008521046489477158,0.001814447809010744
kdv2d,nested_jvp,20260923,7500,2351.6822644975036,0.006380172912031412,0.009343413636088371,0.0017178349662572145
kdv2d,nested_jvp,20260923,7600,2383.9487403724343,0.006525196135044098,0.008816171437501907,0.001583311939612031
kdv2d,nested_jvp,20260923,7700,2413.856618296355,0.006368315778672695,0.008839080110192299,0.0014984807930886745
kdv2d,nested_jvp,20260923,7800,2443.8052813652903,0.006216252222657204,0.009001324884593487,0.0014786451356485486
kdv2d,nested_jvp,20260923,7900,2473.9204301275313,0.006245010066777468,0.008736114017665386,0.0013696298701688647
kdv2d,nested_jvp,20260923,8000,2504.0778252342716,0.006109158042818308,0.008778885938227177,0.0013151385355740786
kdv2d,nested_jvp,20260923,8100,2534.010427908972,0.006021297536790371,0.008622399531304836,0.001254190457984805
kdv2d,nested_jvp,20260923,8200,2564.265732364729,0.00585116958245635,0.00875349435955286,0.0012474458198994398
kdv2d,nested_jvp,20260923,8300,2594.3020700598136,0.005961365532130003,0.008400660008192062,0.0010998117504641414
kdv2d,nested_jvp,20260923,8400,2624.996237027459,0.005582187324762344,0.008627131581306458,0.0011453167535364628
kdv2d,nested_jvp,20260923,8500,2656.551362266764,0.005607579834759235,0.008320420049130917,0.0010258103720843792
kdv2d,nested_jvp,20260923,8600,2686.8261513374746,0.00538095785304904,0.008390462026000023,0.001025008619762957
kdv2d,nested_jvp,20260923,8700,2718.371242773719,0.005279535427689552,0.008195442147552967,0.0009291735477745533
kdv2d,nested_jvp,20260923,8800,2748.4414023542777,0.005210857838392258,0.007890061475336552,0.0009855864336714149
kdv2d,nested_jvp,20260923,8900,2779.176127671264,0.005131424404680729,0.007521629333496094,0.0009259869111701846
kdv2d,nested_jvp,20260923,9000,2809.674571018666,0.004961637780070305,0.007699234876781702,0.0008832220919430256
kdv2d,nested_jvp,20260923,9100,2839.6302162827924,0.004804401658475399,0.007358724717050791,0.0007815802819095552
kdv2d,nested_jvp,20260923,9200,2870.9570222254843,0.004740240518003702,0.007185101043432951,0.0007539947982877493
kdv2d,nested_jvp,20260923,9300,2903.1352808792144,0.00449683191254735,0.007192613556981087,0.0007159579545259476
kdv2d,nested_jvp,20260923,9400,2933.6162350894883,0.004527766723185778,0.0069511933252215385,0.0006282040267251432
kdv2d,nested_jvp,20260923,9500,2966.9267605515197,0.004329500254243612,0.0068847136572003365,0.0006327814771793783
kdv2d,nested_jvp,20260923,9600,2996.8079250464216,0.00423846859484911,0.006682545877993107,0.0005347387050278485
kdv2d,nested_jvp,20260923,9700,3026.681845090352,0.004047260619699955,0.006800999864935875,0.000499695772305131
kdv2d,nested_jvp,20260923,9800,3056.593382072635,0.0038979121018201113,0.006839517969638109,0.0004954095929861069
kdv2d,nested_jvp,20260923,9900,3086.4486198257655,0.0038336722645908594,0.006502212956547737,0.0005138173582963645
kdv2d,nested_jvp,20260923,10000,3117.270955543034,0.0038153757341206074,0.006255300249904394,0.0005124786403030157
kdv2d,nested_jvp,20260923,10100,3147.697155728005,0.0036530939396470785,0.006206443067640066,0.00043933477718383074
kdv2d,nested_jvp,20260923,10200,3177.7671054387465,0.0035269528161734343,0.006144397892057896,0.00048087543109431863
kdv2d,nested_jvp,20260923,10300,3209.6653574043885,0.0034449887461960316,0.006198131944984198,0.00037531135603785515
kdv2d,nested_jvp,20260923,10400,3239.549685803242,0.0034573881421238184,0.0057124607264995575,0.0003787639725487679
kdv2d,nested_jvp,20260923,10500,3269.4539818651974,0.0033113069366663694,0.0057168626226484776,0.0003347204765304923
kdv2d,nested_jvp,20260923,10600,3301.2136830426753,0.0031990371644496918,0.005718840751796961,0.0003453965182416141
kdv2d,nested_jvp,20260923,10700,3331.153416723013,0.003179901745170355,0.005482066422700882,0.00030217214953154325
kdv2d,nested_jvp,20260923,10800,3361.7465448146686,0.003071698360145092,0.005567571613937616,0.00032355936127714813
kdv2d,nested_jvp,20260923,10900,3391.8788429340348,0.0030406180303543806,0.00519376527518034,0.0003041666350327432
kdv2d,nested_jvp,20260923,11000,3421.748641432263,0.002981431083753705,0.005047923885285854,0.00028866587672382593
kdv2d,nested_jvp,20260923,11100,3452.816427332349,0.002881317399442196,0.005260000005364418,0.0002932241768576205
kdv2d,nested_jvp,20260923,11200,3483.209233345464,0.002841291483491659,0.004972511436790228,0.0002490251208655536
kdv2d,nested_jvp,20260923,11300,3513.372718119994,0.0028129846323281527,0.0051941415295004845,0.0002568454947322607
kdv2d,nested_jvp,20260923,11400,3544.1998266279697,0.0028009258676320314,0.004722209181636572,0.0002587410854175687
kdv2d,nested_jvp,20260923,11500,3576.852362007834,0.002738789189606905,0.004707404877990484,0.00024579698219895363
kdv2d,nested_jvp,20260923,11600,3610.603459490463,0.0026839617639780045,0.004663702100515366,0.00022961573267821223
kdv2d,nested_jvp,20260923,11700,3641.2291374132037,0.0026491531170904636,0.004870172124356031,0.0002339623897569254
kdv2d,nested_jvp,20260923,11800,3675.265189790167,0.0027006834279745817,0.004691432695835829,0.00021150612155906856
kdv2d,nested_jvp,20260923,11900,3708.012881467119,0.002564001129940152,0.004493053536862135,0.00023986359883565456
kdv2d,nested_jvp,20260923,12000,3741.1583225009963,0.002543603302910924,0.004470217041671276,0.00020209111971780658
kdv2d,nested_jvp,20260923,12100,3772.0803034249693,0.00257324893027544,0.004580920096486807,0.00020435186161193997
kdv2d,nested_jvp,20260923,12200,3802.170884408988,0.002449123188853264,0.00428758654743433,0.0001992603938560933
kdv2d,nested_jvp,20260923,12300,3832.825816033408,0.002457910915836692,0.0043600983917713165,0.00018428699695505202
kdv2d,nested_jvp,20260923,12400,3862.691929754801,0.0024045822210609913,0.004276726394891739,0.0001902706135297194
kdv2d,nested_jvp,20260923,12500,3892.547643485479,0.0024550759699195623,0.004487506113946438,0.00017894391203299165
kdv2d,nested_jvp,20260923,12600,3922.463925854303,0.0024860352277755737,0.0041867997497320175,0.00020150651107542217
kdv2d,nested_jvp,20260923,12700,3952.793950026855,0.0024108211509883404,0.0038108685985207558,0.00017622008454054594
kdv2d,nested_jvp,20260923,12800,3983.8637355389073,0.002355045871809125,0.004338555969297886,0.00015963157056830823
kdv2d,nested_jvp,20260923,12900,4015.486257629469,0.0023778206668794155,0.003673249389976263,0.0001673662627581507
kdv2d,nested_jvp,20260923,13000,4045.8342198068276,0.0023125875741243362,0.004010846372693777,0.00015625954256393015
kdv2d,nested_jvp,20260923,13100,4075.8168652737513,0.0022483645007014275,0.004043117631226778,0.00016311765648424625
kdv2d,nested_jvp,20260923,13200,4105.939336454496,0.0023989081382751465,0.003542495658621192,0.00015379718388430774
kdv2d,nested_jvp,20260923,13300,4136.4248281326145,0.002242343034595251,0.003670083126053214,0.00016069842968136072
kdv2d,nested_jvp,20260923,13400,4167.45529528521,0.00220064097084105,0.0040025487542152405,0.0001340540184173733
kdv2d,nested_jvp,20260923,13500,4198.810346659273,0.0022042780183255672,0.0037027939688414335,0.00015436060493811965
kdv2d,nested_jvp,20260923,13600,4233.016046168283,0.0022795721888542175,0.0034416981507092714,0.0001326450437773019
kdv2d,nested_jvp,20260923,13700,4263.50833358895,0.0021988472435623407,0.0039032159838825464,0.00014329903933685273
kdv2d,nested_jvp,20260923,13800,4294.876735998318,0.002213924890384078,0.003950423561036587,0.00013921606296207756
kdv2d,nested_jvp,20260923,13900,4324.827215047553,0.0021415886003524065,0.00357515225186944,0.0001441515632905066
kdv2d,nested_jvp,20260923,14000,4354.769970023073,0.002087257569655776,0.003582854988053441,0.000143089666380547
kdv2d,nested_jvp,20260923,14100,4384.730827801861,0.0021099625155329704,0.003474946366623044,0.00012805743608623743
kdv2d,nested_jvp,20260923,14200,4414.776687269099,0.0021353811025619507,0.00358388083986938,0.00013346804189495742
kdv2d,nested_jvp,20260923,14300,4444.821967587806,0.0020781566854566336,0.003670705948024988,0.0001141753964475356
kdv2d,nested_jvp,20260923,14400,4475.293538354337,0.002089821035042405,0.0033873659558594227,0.00011605341569520533
kdv2d,nested_jvp,20260923,14500,4506.364191448316,0.002061837585642934,0.0036750594154000282,0.00011755940795410424
kdv2d,nested_jvp,20260923,14600,4536.377187890001,0.001998433843255043,0.003399375593289733,0.00011274387361481786
kdv2d,nested_jvp,20260923,14700,4566.228221851401,0.002008327515795827,0.003350741695612669,0.0001232741924468428
kdv2d,nested_jvp,20260923,14800,4597.741467949003,0.002040747320279479,0.0034070415422320366,0.00010906910756602883
kdv2d,nested_jvp,20260923,14900,4627.674398553558,0.00198984332382679,0.00312709528952837,0.00010690224007703364
kdv2d,nested_jvp,20260923,15000,4657.66421079915,0.0019406581996008754,0.003338957903906703,0.00011927828018087894
kdv2d,nested_jvp,20260923,15100,4689.300300318748,0.0019220552640035748,0.003472948679700494,0.00010846205259440467
kdv2d,nested_jvp,20260923,15200,4723.118553600274,0.001897525624372065,0.0032171367201954126,0.00010580195521470159
kdv2d,nested_jvp,20260923,15300,4757.86482868623,0.0019423319026827812,0.003446214832365513,8.9933535491582e-05
kdv2d,nested_jvp,20260923,15400,4788.054505838081,0.001957852393388748,0.0035822514910250902,0.00011448637815192342
kdv2d,nested_jvp,20260923,15500,4817.964806782082,0.001890897867269814,0.0030945828184485435,0.00010115513578057289
kdv2d,nested_jvp,20260923,15600,4847.913525868207,0.0019449793035164475,0.0030877585522830486,9.647574188420549e-05
kdv2d,nested_jvp,20260923,15700,4878.107943186536,0.0019317581318318844,0.0030990787781774998,9.361014963360503e-05
kdv2d,nested_jvp,20260923,15800,4907.999597010203,0.001942716771736741,0.003254727693274617,8.978060213848948e-05
kdv2d,nested_jvp,20260923,15900,4938.879203283228,0.001827560132369399,0.0029224951285868883,9.622841025702655e-05
kdv2d,nested_jvp,20260923,16000,4968.86797382962,0.0018621837953105569,0.002902144566178322,9.359257819596678e-05
kdv2d,nested_jvp,20260923,16100,4999.003628737293,0.0019279979169368744,0.0032946413848549128,8.299727051053196e-05
kdv2d,nested_jvp,20260923,16200,5029.418291957118,0.0019153535831719637,0.0032510622404515743,8.370021532755345e-05
kdv2d,nested_jvp,20260923,16300,5059.277153752744,0.001836848328821361,0.0032109497115015984,8.489207539241761e-05
kdv2d,nested_jvp,20260923,16400,5091.524137057364,0.0019010305404663086,0.0034146271646022797,8.60104919411242e-05
kdv2d,nested_jvp,20260923,16500,5122.001892646775,0.0017959255492314696,0.003083490766584873,9.044079342857003e-05
kdv2d,nested_jvp,20260923,16600,5151.8168601207435,0.0018345616990700364,0.002963737351819873,7.353620458161458e-05
kdv2d,nested_jvp,20260923,16700,5181.687516947277,0.0017856928752735257,0.003017020644620061,7.936992915347219e-05
kdv2d,nested_jvp,20260923,16800,5211.7889063525945,0.0017580162966623902,0.0027719622012227774,7.39969837013632e-05
kdv2d,nested_jvp,20260923,16900,5245.067205989733,0.0018087109783664346,0.003109133802354336,7.848157110856846e-05
kdv2d,nested_jvp,20260923,17000,5275.74355762545,0.0017171212239190936,0.0030147265642881393,7.368466322077438e-05
kdv2d,nested_jvp,20260923,17100,5311.746389189735,0.0016883962089195848,0.0031203979160636663,7.541268860222772e-05
kdv2d,nested_jvp,20260923,17200,5342.426941230893,0.0016814778791740537,0.0029307003132998943,7.29150851839222e-05
kdv2d,nested_jvp,20260923,17300,5372.627073008567,0.0017072528135031462,0.0026136632077395916,6.796741217840463e-05
kdv2d,nested_jvp,20260923,17400,5402.7020524237305,0.0017493098275735974,0.0029461518861353397,7.453316356986761e-05
kdv2d,nested_jvp,20260923,17500,5432.786849327385,0.0016533919842913747,0.0025588662829250097,6.446857878472656e-05
kdv2d,nested_jvp,20260923,17600,5464.431492309086,0.001677598338574171,0.002818652894347906,7.246363384183496e-05
kdv2d,nested_jvp,20260923,17700,5494.390285398811,0.0016724508022889495,0.002621007151901722,6.89467997290194e-05
kdv2d,nested_jvp,20260923,17800,5524.6433833939955,0.001784103107638657,0.0031345239840447903,6.872565427329391e-05
kdv2d,nested_jvp,20260923,17900,5555.2317876061425,0.0016003771452233195,0.0026923546101897955,6.40319922240451e-05
kdv2d,nested_jvp,20260923,18000,5586.531858539209,0.0015816487139090896,0.002465665340423584,6.901858432684094e-05
kdv2d,nested_jvp,20260923,18100,5620.217153817415,0.0016274390509352088,0.0024439345579594374,5.9965579566778615e-05
kdv2d,nested_jvp,20260923,18200,5650.334335949272,0.0017143191071227193,0.002815841929987073,5.814553878735751e-05
kdv2d,nested_jvp,20260923,18300,5681.2920590266585,0.0015974637353792787,0.0025875370483845472,6.216247129486874e-05
kdv2d,nested_jvp,20260923,18400,5711.240031679161,0.0016062043141573668,0.002665067557245493,5.237022924120538e-05
kdv2d,nested_jvp,20260923,18500,5741.267182247713,0.0015330045716837049,0.002548033371567726,6.383750587701797e-05
kdv2d,nested_jvp,20260923,18600,5771.382800094783,0.0015137511072680354,0.002367225708439946,5.8987301599700004e-05
kdv2d,nested_jvp,20260923,18700,5802.972300525755,0.0016148684080690145,0.0025755695533007383,5.61517481401097e-05
kdv2d,nested_jvp,20260923,18800,5833.023002889007,0.0015057874843478203,0.002310980809852481,6.097986261011101e-05
kdv2d,nested_jvp,20260923,18900,5864.814077390358,0.0016128428978845477,0.0025660842657089233,5.785845496575348e-05
kdv2d,nested_jvp,20260923,19000,5896.082871438004,0.001519931247457862,0.0025106167886406183,6.131808913778514e-05
kdv2d,nested_jvp,20260923,19100,5925.911662180908,0.0016111297300085425,0.0025389695074409246,5.507491732714698e-05
kdv2d,nested_jvp,20260923,19200,5956.395950223319,0.001438978943042457,0.0025090561248362064,5.349145067157224e-05
kdv2d,nested_jvp,20260923,19300,5990.237993187271,0.0014610015787184238,0.002611397532746196,5.271252302918583e-05
kdv2d,nested_jvp,20260923,19400,6020.52939258609,0.001543214893899858,0.002363381674513221,5.1394483307376504e-05
kdv2d,nested_jvp,20260923,19500,6051.7985029779375,0.0014934457140043378,0.0023981034755706787,5.046578371548094e-05
kdv2d,nested_jvp,20260923,19600,6081.751939011738,0.0015142176998779178,0.0021579039748758078,4.923723463434726e-05
kdv2d,nested_jvp,20260923,19700,6116.08386830613,0.0014180430443957448,0.0023937118239700794,4.815471766050905e-05
kdv2d,nested_jvp,20260923,19800,6146.150970656425,0.0014477537479251623,0.0023255134001374245,5.0027334509650245e-05
kdv2d,nested_jvp,20260923,19900,6175.9709362583235,0.0014931708574295044,0.0026095083449035883,4.60021328763105e-05
kdv2d,nested_jvp,20260923,20000,6205.982902068645,0.001429449999704957,0.002201242372393608,4.8645626520738006e-05
kdv2d,shared_jet_linear,20260923,0,0.0,0.9357344508171082,0.938300609588623,
kdv2d,shared_jet_linear,20260923,100,6.42084820009768,0.7390632629394531,0.7671604156494141,9.33873176574707
kdv2d,shared_jet_linear,20260923,200,12.334693842567503,0.5510693788528442,0.6087048053741455,5.007071018218994
kdv2d,shared_jet_linear,20260923,300,18.213313066400588,0.3988267779350281,0.4813588261604309,2.177873373031616
kdv2d,shared_jet_linear,20260923,400,24.34370346646756,0.315685898065567,0.3965457081794739,1.3501489162445068
kdv2d,shared_jet_linear,20260923,500,30.137676760554314,0.26075202226638794,0.32516998052597046,0.9628764986991882
kdv2d,shared_jet_linear,20260923,600,35.73360151797533,0.21258503198623657,0.2590973377227783,0.6991333961486816
kdv2d,shared_jet_linear,20260923,700,41.3285269504413,0.17396806180477142,0.20653219521045685,0.5397109985351562
kdv2d,shared_jet_linear,20260923,800,46.93198079522699,0.14580263197422028,0.17003823816776276,0.443032443523407
kdv2d,shared_jet_linear,20260923,900,52.52845274377614,0.12884315848350525,0.15026646852493286,0.3877251148223877
kdv2d,shared_jet_linear,20260923,1000,58.12600210029632,0.11855629831552505,0.140018031001091,0.34166252613067627
kdv2d,shared_jet_linear,20260923,1100,64.13226547650993,0.11145839095115662,0.13352447748184204,0.33242619037628174
kdv2d,shared_jet_linear,20260923,1200,69.95006561372429,0.10675007104873657,0.12971653044223785,0.2812652885913849
kdv2d,shared_jet_linear,20260923,1300,75.7820670939982,0.10229282826185226,0.12579432129859924,0.28514403104782104
kdv2d,shared_jet_linear,20260923,1400,82.49389103055,0.09836576133966446,0.12203933298587799,0.2551199793815613
kdv2d,shared_jet_linear,20260923,1500,89.39925436861813,0.09444433450698853,0.1183963418006897,0.23491862416267395
kdv2d,shared_jet_linear,20260923,1600,96.35776874423027,0.09037262201309204,0.11477918922901154,0.2123820185661316
kdv2d,shared_jet_linear,20260923,1700,103.38443021383137,0.08653555810451508,0.1109495460987091,0.20393721759319305
kdv2d,shared_jet_linear,20260923,1800,110.64005109108984,0.0824393779039383,0.1065547838807106,0.1811327040195465
kdv2d,shared_jet_linear,20260923,1900,117.03688388317823,0.07793397456407547,0.10208140313625336,0.15860721468925476
kdv2d,shared_jet_linear,20260923,2000,122.70549871586263,0.07384980469942093,0.09740190207958221,0.1563548743724823
kdv2d,shared_jet_linear,20260923,2100,128.29758250620216,0.0700162947177887,0.09302745014429092,0.13691304624080658
kdv2d,shared_jet_linear,20260923,2200,133.90038304869086,0.06582172214984894,0.08807053416967392,0.12257201969623566
kdv2d,shared_jet_linear,20260923,2300,139.75240610726178,0.06182028353214264,0.0838063433766365,0.11056434363126755
kdv2d,shared_jet_linear,20260923,2400,145.45369322504848,0.05795736610889435,0.07902195304632187,0.09454027563333511
kdv2d,shared_jet_linear,20260923,2500,151.45838366542011,0.054287128150463104,0.07354427129030228,0.09462857991456985
kdv2d,shared_jet_linear,20260923,2600,157.86069248616695,0.050491392612457275,0.06937096267938614,0.07671862095594406
kdv2d,shared_jet_linear,20260923,2700,164.32283100206405,0.04695557430386543,0.06575783342123032,0.06777779012918472
kdv2d,shared_jet_linear,20260923,2800,170.34547967277467,0.04372591897845268,0.06038064509630203,0.06527303159236908
kdv2d,shared_jet_linear,20260923,2900,175.99258245993406,0.04071325063705444,0.056633785367012024,0.05355674400925636
kdv2d,shared_jet_linear,20260923,3000,181.7345798239112,0.037880849093198776,0.05263839662075043,0.05129317566752434
kdv2d,shared_jet_linear,20260923,3100,187.66209919191897,0.03516637161374092,0.04914870485663414,0.04222007095813751
kdv2d,shared_jet_linear,20260923,3200,194.04526208527386,0.0327121801674366,0.045760057866573334,0.038405727595090866
kdv2d,shared_jet_linear,20260923,3300,200.61595644336194,0.030483564361929893,0.04309975355863571,0.03595658391714096
kdv2d,shared_jet_linear,20260923,3400,206.2334560174495,0.028426580131053925,0.039677444845438004,0.032070137560367584
kdv2d,shared_jet_linear,20260923,3500,211.86471760086715,0.026512764394283295,0.03745298087596893,0.0290696881711483
kdv2d,shared_jet_linear,20260923,3600,217.46179209277034,0.024784939363598824,0.03483569994568825,0.026663348078727722
kdv2d,shared_jet_linear,20260923,3700,223.06896688509732,0.023201845586299896,0.032426867634058,0.02309347502887249
kdv2d,shared_jet_linear,20260923,3800,228.6592241683975,0.021734368056058884,0.03041818179190159,0.02022729627788067
kdv2d,shared_jet_linear,20260923,3900,234.25873363390565,0.020442930981516838,0.028789332136511803,0.018390484154224396
kdv2d,shared_jet_linear,20260923,4000,240.2906439639628,0.019267141819000244,0.02730722539126873,0.01757931523025036
kdv2d,shared_jet_linear,20260923,4100,245.917047589086,0.018195629119873047,0.025801336392760277,0.016123628243803978
kdv2d,shared_jet_linear,20260923,4200,251.51683383900672,0.017231157049536705,0.02465856820344925,0.01517765037715435
kdv2d,shared_jet_linear,20260923,4300,257.53069316037,0.016312723979353905,0.023170990869402885,0.013231039047241211
kdv2d,shared_jet_linear,20260923,4400,263.8866052655503,0.015434516593813896,0.021896716207265854,0.013079221360385418
kdv2d,shared_jet_linear,20260923,4500,270.2015269715339,0.01464881096035242,0.020734228193759918,0.011075686663389206
kdv2d,shared_jet_linear,20260923,4600,276.7060334123671,0.013978688046336174,0.019967667758464813,0.010385924950242043
kdv2d,shared_jet_linear,20260923,4700,283.17645927891135,0.013366364873945713,0.019095059484243393,0.009776907972991467
kdv2d,shared_jet_linear,20260923,4800,289.547380881384,0.012701109983026981,0.018067745491862297,0.009103281423449516
kdv2d,shared_jet_linear,20260923,4900,295.40236387681216,0.012087497860193253,0.01705852895975113,0.008502619341015816
kdv2d,shared_jet_linear,20260923,5000,301.4643251467496,0.01158056315034628,0.01622587814927101,0.007548282388597727
kdv2d,shared_jet_linear,20260923,5100,307.4297370510176,0.011105499230325222,0.015532770194113255,0.00744391605257988
kdv2d,shared_jet_linear,20260923,5200,313.8221282521263,0.010627364739775658,0.014548850245773792,0.006408418528735638
kdv2d,shared_jet_linear,20260923,5300,320.0382292335853,0.010133815929293633,0.013785379938781261,0.0060140835121273994
kdv2d,shared_jet_linear,20260923,5400,326.1889216499403,0.009714578278362751,0.013005442917346954,0.0056791831739246845
kdv2d,shared_jet_linear,20260923,5500,332.44821641407907,0.009380454197525978,0.012313053011894226,0.005403800867497921
kdv2d,shared_jet_linear,20260923,5600,338.10544417984784,0.008904331363737583,0.011566633358597755,0.0048339227214455605
kdv2d,shared_jet_linear,20260923,5700,343.86453483067453,0.008704635314643383,0.011178568936884403,0.004758451599627733
kdv2d,shared_jet_linear,20260923,5800,349.503556038253,0.00846050400286913,0.010637880302965641,0.004287583287805319
kdv2d,shared_jet_linear,20260923,5900,355.1106602214277,0.00827059242874384,0.010062445886433125,0.0037698037922382355
kdv2d,shared_jet_linear,20260923,6000,360.9197349967435,0.00791514478623867,0.009574517607688904,0.00362078077159822
kdv2d,shared_jet_linear,20260923,6100,367.421785723418,0.007728926837444305,0.009331720881164074,0.003265583422034979
kdv2d,shared_jet_linear,20260923,6200,373.92090680263937,0.007584897335618734,0.009067955426871777,0.003218250349164009
kdv2d,shared_jet_linear,20260923,6300,379.51447107922286,0.007454051170498133,0.008761514909565449,0.0029243442695587873
kdv2d,shared_jet_linear,20260923,6400,385.32501920405775,0.007331963162869215,0.008558878675103188,0.0027290242724120617
kdv2d,shared_jet_linear,20260923,6500,391.42229894176126,0.007251307833939791,0.008524558506906033,0.0025744817685335875
kdv2d,shared_jet_linear,20260923,6600,396.9707957012579,0.007075860630720854,0.008506448939442635,0.002572862431406975
kdv2d,shared_jet_linear,20260923,6700,402.52442195266485,0.007120576221495867,0.008283676579594612,0.002319364110007882
kdv2d,shared_jet_linear,20260923,6800,408.07876759395003,0.00694435415789485,0.008543058298528194,0.0021932213567197323
kdv2d,shared_jet_linear,20260923,6900,413.96050080657005,0.007054592948406935,0.00828673504292965,0.0021345182321965694
kdv2d,shared_jet_linear,20260923,7000,420.417192902416,0.006829279474914074,0.008562196046113968,0.0020959614776074886
kdv2d,shared_jet_linear,20260923,7100,426.5862500416115,0.00685011874884367,0.008471854031085968,0.001887005753815174
kdv2d,shared_jet_linear,20260923,7200,433.2716968776658,0.006704901345074177,0.00872441753745079,0.001918148249387741
kdv2d,shared_jet_linear,20260923,7300,439.5068999482319,0.006723063066601753,0.008554614149034023,0.0017549199983477592
kdv2d,shared_jet_linear,20260923,7400,446.70489064697176,0.006708554923534393,0.008521052077412605,0.0018144476925954223
kdv2d,shared_jet_linear,20260923,7500,453.0905104773119,0.006380174774676561,0.009343411773443222,0.0017178343841806054
kdv2d,shared_jet_linear,20260923,7600,459.42707977909595,0.006525196600705385,0.008816172368824482,0.0015833121724426746
kdv2d,shared_jet_linear,20260923,7700,466.1267619226128,0.006368315778672695,0.008839082904160023,0.0014984806766733527
kdv2d,shared_jet_linear,20260923,7800,472.5027817739174,0.006216253153979778,0.009001322090625763,0.001478645484894514
kdv2d,shared_jet_linear,20260923,7900,478.89518467895687,0.00624500960111618,0.008736114017665386,0.0013696295209228992
kdv2d,shared_jet_linear,20260923,8000,484.5373434005305,0.006109151057898998,0.008778898045420647,0.0013151387684047222
kdv2d,shared_jet_linear,20260923,8100,490.5203884784132,0.006021298002451658,0.008622400462627411,0.0012541915057227015
kdv2d,shared_jet_linear,20260923,8200,496.7228867514059,0.005851170513778925,0.008753490634262562,0.0012474462855607271
kdv2d,shared_jet_linear,20260923,8300,503.17553321365267,0.005961365532130003,0.008400662802159786,0.0010998117504641414
kdv2d,shared_jet_linear,20260923,8400,508.9097195537761,0.0055821905843913555,0.00862712413072586,0.0011453178012743592
kdv2d,shared_jet_linear,20260923,8500,514.540359839797,0.0056075891479849815,0.008320407010614872,0.0010258106049150229
kdv2d,shared_jet_linear,20260923,8600,520.3861020999029,0.005380955524742603,0.008390465751290321,0.0010250083869323134
kdv2d,shared_jet_linear,20260923,8700,527.361581068486,0.005279540084302425,0.008195427246391773,0.000929173082113266
kdv2d,shared_jet_linear,20260923,8800,534.4245575014502,0.005210855044424534,0.007890060544013977,0.0009855867829173803
kdv2d,shared_jet_linear,20260923,8900,540.7358559323475,0.005131423939019442,0.007521629799157381,0.0009259854559786618
kdv2d,shared_jet_linear,20260923,9000,546.8023070683703,0.004961629398167133,0.00769925257191062,0.0008832224411889911
kdv2d,shared_jet_linear,20260923,9100,553.7932298565283,0.004804401192814112,0.007358727976679802,0.0007815793505869806
kdv2d,shared_jet_linear,20260923,9200,560.1229067621753,0.0047402456402778625,0.007185100112110376,0.0007539953803643584
kdv2d,shared_jet_linear,20260923,9300,566.1505532516167,0.004496823064982891,0.007192636840045452,0.000715957663487643
kdv2d,shared_jet_linear,20260923,9400,572.3941598935053,0.00452775601297617,0.006951216142624617,0.0006282032700255513
kdv2d,shared_jet_linear,20260923,9500,578.4166604988277,0.004329503048211336,0.0068847113288939,0.0006327814189717174
kdv2d,shared_jet_linear,20260923,9600,584.4523364473134,0.004238464403897524,0.006682555191218853,0.0005347380647435784
kdv2d,shared_jet_linear,20260923,9700,590.0478540305048,0.004047260154038668,0.0068009900860488415,0.0004996958887204528
kdv2d,shared_jet_linear,20260923,9800,595.6439105356112,0.0038979121018201113,0.006839526817202568,0.0004954093601554632
kdv2d,shared_jet_linear,20260923,9900,601.8955551981926,0.0038336720317602158,0.00650221249088645,0.0005138177657499909
kdv2d,shared_jet_linear,20260923,10000,607.9462451301515,0.0038153785280883312,0.006255301646888256,0.0005124778836034238
kdv2d,shared_jet_linear,20260923,10100,614.1960044335574,0.0036530906800180674,0.006206458434462547,0.00043933483539149165
kdv2d,shared_jet_linear,20260923,10200,620.8682344881818,0.00352695444598794,0.006144389510154724,0.00048087543109431863
kdv2d,shared_jet_linear,20260923,10300,627.0684942621738,0.0034449901431798935,0.006198126822710037,0.00037531182169914246
kdv2d,shared_jet_linear,20260923,10400,632.7385163083673,0.003457390470430255,0.005712453741580248,0.00037876408896408975
kdv2d,shared_jet_linear,20260923,10500,638.6411926541477,0.003311309264972806,0.00571685004979372,0.0003347204765304923
kdv2d,shared_jet_linear,20260923,10600,644.9521468933672,0.00319903576746583,0.005718836560845375,0.0003453968674875796
kdv2d,shared_jet_linear,20260923,10700,650.5426798984408,0.0031799040734767914,0.005482053384184837,0.00030217168387025595
kdv2d,shared_jet_linear,20260923,10800,656.5276047466323,0.003071697661653161,0.005567558109760284,0.0003235590411350131
kdv2d,shared_jet_linear,20260923,10900,662.140822741203,0.0030406091827899218,0.005193783435970545,0.00030416654772125185
kdv2d,shared_jet_linear,20260923,11000,667.6933101732284,0.0029814280569553375,0.005047917831689119,0.00028866608045063913
kdv2d,shared_jet_linear,20260923,11100,673.6944597829133,0.002881314605474472,0.005260007455945015,0.00029322458431124687
kdv2d,shared_jet_linear,20260923,11200,680.2577677052468,0.0028412898536771536,0.004972510505467653,0.0002490264014340937
kdv2d,shared_jet_linear,20260923,11300,687.8129021525383,0.0028129699639976025,0.005194193217903376,0.0002568449708633125
kdv2d,shared_jet_linear,20260923,11400,694.8620787747204,0.002800930757075548,0.00472219055518508,0.0002587405906524509
kdv2d,shared_jet_linear,20260923,11500,701.5736758541316,0.002738790586590767,0.004707363899797201,0.0002457969239912927
kdv2d,shared_jet_linear,20260923,11600,708.0736634340137,0.0026839624624699354,0.0046637095510959625,0.0002296156744705513
kdv2d,shared_jet_linear,20260923,11700,714.2555840685964,0.002649154281243682,0.004870173987001181,0.00023396180768031627
kdv2d,shared_jet_linear,20260923,11800,720.1671800725162,0.0027006862219423056,0.004691503942012787,0.00021150498650968075
kdv2d,shared_jet_linear,20260923,11900,725.923292751424,0.0025639967061579227,0.00449309591203928,0.00023986314772628248
kdv2d,shared_jet_linear,20260923,12000,731.45677345898,0.0025436091236770153,0.004470190033316612,0.00020209106151014566
kdv2d,shared_jet_linear,20260923,12100,737.7179416939616,0.0025732521899044514,0.004580948036164045,0.0002043510030489415
kdv2d,shared_jet_linear,20260923,12200,743.2884413059801,0.002449119696393609,0.004287587944418192,0.00019926027744077146
kdv2d,shared_jet_linear,20260923,12300,749.1440973384306,0.002457910217344761,0.00436011515557766,0.00018428741896059364
kdv2d,shared_jet_linear,20260923,12400,754.8703340515494,0.0024045868776738644,0.004276729188859463,0.00019026949303224683
kdv2d,shared_jet_linear,20260923,12500,760.8232660023496,0.002455063397064805,0.004487480036914349,0.00017894397024065256
kdv2d,shared_jet_linear,20260923,12600,766.569717835635,0.002486043144017458,0.004186803475022316,0.00020150715135969222
kdv2d,shared_jet_linear,20260923,12700,772.0733086420223,0.0024108258076012135,0.0038108532316982746,0.00017622043378651142
kdv2d,shared_jet_linear,20260923,12800,777.8455624133348,0.0023550826590508223,0.004338673781603575,0.00015963034820742905
kdv2d,shared_jet_linear,20260923,12900,784.2478195121512,0.002377816243097186,0.0036732787266373634,0.00016736664110794663
kdv2d,shared_jet_linear,20260923,13000,790.8105654902756,0.0023126008454710245,0.0040108817629516125,0.00015625942614860833
kdv2d,shared_jet_linear,20260923,13100,796.9575369572267,0.0022483617067337036,0.004043133929371834,0.00016311826766468585
kdv2d,shared_jet_linear,20260923,13200,802.5145659064874,0.0023989053443074226,0.003542495658621192,0.00015379692194983363
kdv2d,shared_jet_linear,20260923,13300,808.0741204703227,0.0022423584014177322,0.0036700672935694456,0.00016069848788902164
kdv2d,shared_jet_linear,20260923,13400,814.626906757243,0.002200639806687832,0.004002546891570091,0.00013405436766333878
kdv2d,shared_jet_linear,20260923,13500,820.802612462081,0.002204283606261015,0.003702765330672264,0.0001543599064461887
kdv2d,shared_jet_linear,20260923,13600,827.545906085521,0.0022795815020799637,0.0034416893031448126,0.00013264465087559074
kdv2d,shared_jet_linear,20260923,13700,833.9684336446226,0.002198843751102686,0.0039031747728586197,0.0001432991266483441
kdv2d,shared_jet_linear,20260923,13800,840.3356285644695,0.002213904866948724,0.003950381185859442,0.00013921607751399279
kdv2d,shared_jet_linear,20260923,13900,847.3373061558232,0.002141594421118498,0.0035750807728618383,0.0001441520289517939
kdv2d,shared_jet_linear,20260923,14000,854.1797010302544,0.0020872713066637516,0.0035827921237796545,0.00014308889512903988
kdv2d,shared_jet_linear,20260923,14100,860.004380797036,0.0021099611185491085,0.0034749426413327456,0.00012805804726667702
kdv2d,shared_jet_linear,20260923,14200,866.2502915142104,0.002135362010449171,0.003583741607144475,0.00013346901687327772
kdv2d,shared_jet_linear,20260923,14300,872.7533953608945,0.0020781548228114843,0.0036708014085888863,0.00011417562200222164
kdv2d,shared_jet_linear,20260923,14400,878.9506653165445,0.002089835936203599,0.003387360367923975,0.00011605321196839213
kdv2d,shared_jet_linear,20260923,14500,885.5346500566229,0.002061873208731413,0.0036752712912857533,0.00011755643936339766
kdv2d,shared_jet_linear,20260923,14600,892.5888498555869,0.001998441992327571,0.003399293404072523,0.00011274388816673309
kdv2d,shared_jet_linear,20260923,14700,898.1514892745763,0.002008316805586219,0.0033507656771689653,0.000123274396173656
kdv2d,shared_jet_linear,20260923,14800,903.7716591339558,0.0020407559350132942,0.0034070522524416447,0.00010906898387474939
kdv2d,shared_jet_linear,20260923,14900,910.1800724826753,0.0019898400641977787,0.0031271136831492186,0.00010690235649235547
kdv2d,shared_jet_linear,20260923,15000,916.4721465725452,0.0019406487699598074,0.003338640322908759,0.00011928269668715075
kdv2d,shared_jet_linear,20260923,15100,922.5292536467314,0.0019220890244469047,0.0034731219056993723,0.00010846291843336076
kdv2d,shared_jet_linear,20260923,15200,928.8442077999935,0.0018975274870172143,0.0032171013299375772,0.00010580106754787266
kdv2d,shared_jet_linear,20260923,15300,934.6819327743724,0.0019423532066866755,0.0034462613984942436,8.993354276753962e-05
kdv2d,shared_jet_linear,20260923,15400,940.490326247178,0.001957888714969158,0.0035823171492666006,0.00011448774603195488
kdv2d,shared_jet_linear,20260923,15500,946.6990579050034,0.00189091672655195,0.0030944962054491043,0.00010115503391716629
kdv2d,shared_jet_linear,20260923,15600,952.3575945626944,0.001944987685419619,0.003087737364694476,9.647628758102655e-05
kdv2d,shared_jet_linear,20260923,15700,958.5374514227733,0.0019317626720294356,0.0030990794766694307,9.361058619106188e-05
kdv2d,shared_jet_linear,20260923,15800,964.8295027390122,0.0019426991930231452,0.0032546347938477993,8.978137338999659e-05
kdv2d,shared_jet_linear,20260923,15900,970.8364009354264,0.0018275737529620528,0.0029224164318293333,9.622825018595904e-05
kdv2d,shared_jet_linear,20260923,16000,976.7924300134182,0.001862180419266224,0.002902338746935129,9.359427349409088e-05
kdv2d,shared_jet_linear,20260923,16100,983.6598452981561,0.001928071491420269,0.003294776426628232,8.299921319121495e-05
kdv2d,shared_jet_linear,20260923,16200,990.4488772796467,0.001915295491926372,0.0032509814482182264,8.370207069674507e-05
kdv2d,shared_jet_linear,20260923,16300,996.4331480348483,0.0018367805751040578,0.003210829570889473,8.489065658068284e-05
kdv2d,shared_jet_linear,20260923,16400,1002.4230783265084,0.0019009896786883473,0.0034145372919738293,8.601063746027648e-05
kdv2d,shared_jet_linear,20260923,16500,1008.2631326913834,0.0017959467368200421,0.003083543386310339,9.044151374837384e-05
kdv2d,shared_jet_linear,20260923,16600,1014.3889679228887,0.001834532362408936,0.0029635850805789232,7.353629916906357e-05
kdv2d,shared_jet_linear,20260923,16700,1020.5947623504326,0.0017856642371043563,0.00301695941016078,7.937245391076431e-05
kdv2d,shared_jet_linear,20260923,16800,1026.7392609845847,0.0017580138519406319,0.0027719486970454454,7.399692549370229e-05
kdv2d,shared_jet_linear,20260923,16900,1033.1550537263975,0.0018087055068463087,0.003109089797362685,7.848066161386669e-05
kdv2d,shared_jet_linear,20260923,17000,1039.3661836665124,0.0017170957289636135,0.003014630638062954,7.368531078100204e-05
kdv2d,shared_jet_linear,20260923,17100,1045.0645418111235,0.001688453834503889,0.0031205518171191216,7.54117063479498e-05
kdv2d,shared_jet_linear,20260923,17200,1050.6546773705631,0.001681457506492734,0.0029305105563253164,7.291504880413413e-05
kdv2d,shared_jet_linear,20260923,17300,1056.8421464394778,0.0017072774935513735,0.002613546559587121,6.796773959649727e-05
kdv2d,shared_jet_linear,20260923,17400,1063.180938443169,0.0017493133200332522,0.002946198685094714,7.453170837834477e-05
kdv2d,shared_jet_linear,20260923,17500,1069.2913751173764,0.00165338977240026,0.002558845328167081,6.44683968857862e-05
kdv2d,shared_jet_linear,20260923,17600,1075.7186147980392,0.001677601714618504,0.002818659646436572,7.246314635267481e-05
kdv2d,shared_jet_linear,20260923,17700,1082.702676832676,0.0016724468441680074,0.00262110005132854,6.894760008435696e-05
kdv2d,shared_jet_linear,20260923,17800,1088.7270314060152,0.0017841956578195095,0.0031346511095762253,6.872449012007564e-05
kdv2d,shared_jet_linear,20260923,17900,1095.038639711216,0.0016003709752112627,0.0026923262048512697,6.403490988304839e-05
kdv2d,shared_jet_linear,20260923,18000,1100.990866748616,0.0015816125087440014,0.0024657605681568384,6.901829328853637e-05
kdv2d,shared_jet_linear,20260923,18100,1107.3119776546955,0.001627426128834486,0.002443930832669139,5.996414620312862e-05
kdv2d,shared_jet_linear,20260923,18200,1112.872711607255,0.001714298501610756,0.002815814223140478,5.814540418214165e-05
kdv2d,shared_jet_linear,20260923,18300,1118.5870545012876,0.0015974536072462797,0.002587513765320182,6.216308975126594e-05
kdv2d,shared_jet_linear,20260923,18400,1124.7941091386601,0.001606222940608859,0.0026651029475033283,5.2370021876413375e-05
kdv2d,shared_jet_linear,20260923,18500,1131.43170207832,0.0015330020105466247,0.002547999145463109,6.38368001091294e-05
kdv2d,shared_jet_linear,20260923,18600,1137.7416855674237,0.0015137571608647704,0.0023671628441661596,5.898578092455864e-05
kdv2d,shared_jet_linear,20260923,18700,1144.0705642458051,0.0016148843569681048,0.0025756240356713533,5.615274130832404e-05
kdv2d,shared_jet_linear,20260923,18800,1150.4624187732115,0.0015057908603921533,0.002310947747901082,6.097901859902777e-05
kdv2d,shared_jet_linear,20260923,18900,1156.1220021070912,0.0016128646675497293,0.0025661035906523466,5.7857872889144346e-05
kdv2d,shared_jet_linear,20260923,19000,1161.67586713098,0.0015199221670627594,0.00251045566983521,6.13148877164349e-05
kdv2d,shared_jet_linear,20260923,19100,1167.8667563386261,0.0016111477743834257,0.0025390097871422768,5.507310197572224e-05
kdv2d,shared_jet_linear,20260923,19200,1173.943892464973,0.0014390252763405442,0.002509221900254488,5.349121056497097e-05
kdv2d,shared_jet_linear,20260923,19300,1180.0168131981045,0.0014609978534281254,0.002611398696899414,5.2713581681018695e-05
kdv2d,shared_jet_linear,20260923,19400,1185.852853716351,0.0015432056970894337,0.0023632922675460577,5.1394206820987165e-05
kdv2d,shared_jet_linear,20260923,19500,1191.8923574611545,0.0014934409409761429,0.0023980382829904556,5.0465663662180305e-05
kdv2d,shared_jet_linear,20260923,19600,1197.6628041286021,0.0015142331831157207,0.002157891634851694,4.9236728955293074e-05
kdv2d,shared_jet_linear,20260923,19700,1203.6581148309633,0.001418038853444159,0.0023936466313898563,4.8154812247958034e-05
kdv2d,shared_jet_linear,20260923,19800,1209.4602456232533,0.001447755261324346,0.0023255429696291685,5.00269525218755e-05
kdv2d,shared_jet_linear,20260923,19900,1215.262469976209,0.001493185991421342,0.0026095097418874502,4.600194370141253e-05
kdv2d,shared_jet_linear,20260923,20000,1221.8998583769426,0.0014294731663540006,0.0022011527325958014,4.8647580115357414e-05
ch2d,nested_jvp,20260919,0,0.0,1.0139377117156982,1.0969618558883667,
ch2d,nested_jvp,20260919,10,18.169546597637236,0.938750147819519,0.8994808197021484,1.3845276832580566
ch2d,nested_jvp,20260919,20,35.678537629544735,0.8899223208427429,0.8149872422218323,1.4261668920516968
ch2d,nested_jvp,20260919,30,51.55416077002883,0.838809072971344,0.732681155204773,1.392381191253662
ch2d,nested_jvp,20260919,40,67.90132339671254,0.7900862693786621,0.6742135286331177,1.4212861061096191
ch2d,nested_jvp,20260919,50,83.7060943543911,0.7356175780296326,0.6150335073471069,1.4137299060821533
ch2d,nested_jvp,20260919,60,98.21190377045423,0.6848575472831726,0.5738348364830017,1.2531317472457886
ch2d,nested_jvp,20260919,70,113.50571458879858,0.640539288520813,0.5462028384208679,1.2441740036010742
ch2d,nested_jvp,20260919,80,127.84206231869757,0.6120798587799072,0.5494745373725891,1.0375852584838867
ch2d,nested_jvp,20260919,90,144.63488539122045,0.5946405529975891,0.5808053612709045,1.0643047094345093
ch2d,nested_jvp,20260919,100,160.38686430547386,0.5880522131919861,0.6646615266799927,0.9791627526283264
ch2d,nested_jvp,20260919,110,176.56469736155123,0.5942051410675049,0.8200350999832153,0.9659590721130371
ch2d,nested_jvp,20260919,120,192.01802223641425,0.5664451718330383,0.8379496932029724,0.8710963726043701
ch2d,nested_jvp,20260919,130,208.1691156849265,0.580583393573761,0.9461506605148315,0.8479713201522827
ch2d,nested_jvp,20260919,140,225.84305563289672,0.5841425657272339,1.0253114700317383,0.7916000485420227
ch2d,nested_jvp,20260919,150,242.41323023103178,0.6126770377159119,1.1418437957763672,0.7348970174789429
ch2d,nested_jvp,20260919,160,259.29609924647957,0.60511714220047,1.1671169996261597,0.7821314930915833
ch2d,nested_jvp,20260919,170,275.3822436723858,0.667820394039154,1.344151496887207,0.6074435710906982
ch2d,nested_jvp,20260919,180,289.90239795390517,0.6136201024055481,1.2394222021102905,0.6064421534538269
ch2d,nested_jvp,20260919,190,307.4469823706895,0.6256122589111328,1.2787456512451172,0.546873927116394
ch2d,nested_jvp,20260919,200,325.20947196614,0.6129420399665833,1.264076828956604,0.5528095364570618
ch2d,nested_jvp,20260919,210,341.13966690190136,0.5941339731216431,1.214840054512024,0.5645067691802979
ch2d,nested_jvp,20260919,220,356.06586570106447,0.5965713858604431,1.255127191543579,0.5303515195846558
ch2d,nested_jvp,20260919,230,370.5715694222599,0.581310510635376,1.2311809062957764,0.5136973857879639
ch2d,nested_jvp,20260919,240,385.73954868875444,0.5868560671806335,1.2598575353622437,0.512596607208252
ch2d,nested_jvp,20260919,250,401.31943729519844,0.5651037096977234,1.2155051231384277,0.49509215354919434
ch2d,nested_jvp,20260919,260,417.70698715001345,0.5497002601623535,1.1743614673614502,0.48675739765167236
ch2d,nested_jvp,20260919,270,432.64514714013785,0.5476904511451721,1.1669543981552124,0.40411245822906494
ch2d,nested_jvp,20260919,280,449.0882339803502,0.5364065766334534,1.16005277633667,0.4875515103340149
ch2d,nested_jvp,20260919,290,467.44421161245555,0.5272566080093384,1.1435450315475464,0.3881649374961853
ch2d,nested_jvp,20260919,300,482.4966543568298,0.5385059714317322,1.1699650287628174,0.42199116945266724
ch2d,nested_jvp,20260919,310,498.22747767623514,0.5301949381828308,1.14240300655365,0.41350239515304565
ch2d,nested_jvp,20260919,320,513.8882334539667,0.5001789927482605,1.0413265228271484,0.40907710790634155
ch2d,nested_jvp,20260919,330,529.5938486438245,0.4834607243537903,1.0025427341461182,0.4033964276313782
ch2d,nested_jvp,20260919,340,544.332606298849,0.5089419484138489,1.0852431058883667,0.36584001779556274
ch2d,nested_jvp,20260919,350,560.4311797488481,0.5058891773223877,1.096832513809204,0.3391294777393341
ch2d,nested_jvp,20260919,360,575.7166216587648,0.4506235420703888,0.9308966994285583,0.40440404415130615
ch2d,nested_jvp,20260919,370,591.0051267836243,0.4381275773048401,0.898126482963562,0.3624281585216522
ch2d,nested_jvp,20260919,380,606.7948906142265,0.4572634696960449,0.9407429099082947,0.3250734806060791
ch2d,nested_jvp,20260919,390,621.7011262178421,0.4656994640827179,0.9497540593147278,0.3337897062301636
ch2d,nested_jvp,20260919,400,636.1260108053684,0.44705766439437866,0.9203780889511108,0.29298630356788635
ch2d,nested_jvp,20260919,410,651.1843308927491,0.43207716941833496,0.8626931309700012,0.30936169624328613
ch2d,nested_jvp,20260919,420,665.9119073515758,0.4327028691768646,0.8720675110816956,0.3393080234527588
ch2d,nested_jvp,20260919,430,680.4078356930986,0.43439915776252747,0.8537949323654175,0.2707485556602478
ch2d,nested_jvp,20260919,440,695.5712700532749,0.40820252895355225,0.7469733953475952,0.3073039650917053
ch2d,nested_jvp,20260919,450,711.1409128047526,0.4095126688480377,0.7886110544204712,0.30356425046920776
ch2d,nested_jvp,20260919,460,728.8419814445078,0.42462873458862305,0.8606418371200562,0.2949814200401306
ch2d,nested_jvp,20260919,470,744.9296110607684,0.3908213973045349,0.7378801703453064,0.2728227972984314
ch2d,nested_jvp,20260919,480,761.3951911954209,0.3727445602416992,0.6543681025505066,0.27792850136756897
ch2d,nested_jvp,20260919,490,780.2043816344813,0.410061776638031,0.764080822467804,0.26080790162086487
ch2d,nested_jvp,20260919,500,794.9405944151804,0.37530517578125,0.6792811155319214,0.25009796023368835
ch2d,nested_jvp,20260919,510,810.5225858716294,0.38309362530708313,0.6829721927642822,0.27557504177093506
ch2d,nested_jvp,20260919,520,825.1050465032458,0.3532732129096985,0.6205381751060486,0.2571294903755188
ch2d,nested_jvp,20260919,530,840.8723394852132,0.3267945945262909,0.5307690501213074,0.24956893920898438
ch2d,nested_jvp,20260919,540,856.2863649670035,0.34085577726364136,0.5206038355827332,0.2538606524467468
ch2d,nested_jvp,20260919,550,872.7003295635805,0.34056493639945984,0.5603058338165283,0.25879523158073425
ch2d,nested_jvp,20260919,560,887.1179796792567,0.3213396370410919,0.47655293345451355,0.21522408723831177
ch2d,nested_jvp,20260919,570,902.4038680149242,0.3163462281227112,0.4828636050224304,0.24437904357910156
ch2d,nested_jvp,20260919,580,917.915827749297,0.3034699261188507,0.4726201891899109,0.2056582272052765
ch2d,nested_jvp,20260919,590,934.8804725678638,0.3413791358470917,0.6276881694793701,0.21832868456840515
ch2d,nested_jvp,20260919,600,951.1334117688239,0.3151041567325592,0.5317881107330322,0.2058381587266922
ch2d,nested_jvp,20260919,610,968.4245332526043,0.2927807569503784,0.4583371579647064,0.2244420349597931
ch2d,nested_jvp,20260919,620,985.169167432934,0.2880721986293793,0.47245171666145325,0.2084755003452301
ch2d,nested_jvp,20260919,630,1000.1323577743024,0.29862356185913086,0.5073305368423462,0.19337624311447144
ch2d,nested_jvp,20260919,640,1016.1141670439392,0.3435775637626648,0.6347543597221375,0.1802266538143158
ch2d,nested_jvp,20260919,650,1031.3158279862255,0.2790602445602417,0.4424324035644531,0.18389515578746796
ch2d,nested_jvp,20260919,660,1047.0036696866155,0.3017352223396301,0.5176639556884766,0.1910857856273651
ch2d,nested_jvp,20260919,670,1064.5461810398847,0.27716264128685,0.4572520852088928,0.19065707921981812
ch2d,nested_jvp,20260919,680,1082.767415350303,0.266579806804657,0.3645510673522949,0.17364482581615448
ch2d,nested_jvp,20260919,690,1098.1026864880696,0.3035408854484558,0.5689771175384521,0.1779952049255371
ch2d,nested_jvp,20260919,700,1114.9668509345502,0.24767786264419556,0.36009663343429565,0.15765821933746338
ch2d,nested_jvp,20260919,710,1131.537908663042,0.2451193481683731,0.32230737805366516,0.16944125294685364
ch2d,nested_jvp,20260919,720,1147.501396888867,0.26234492659568787,0.4387095272541046,0.1529942899942398
ch2d,nested_jvp,20260919,730,1163.4934024196118,0.2742498517036438,0.49302762746810913,0.16083365678787231
ch2d,nested_jvp,20260919,740,1179.500846046023,0.23052436113357544,0.2944307327270508,0.1640729308128357
ch2d,nested_jvp,20260919,750,1194.4760162197053,0.23782184720039368,0.40849176049232483,0.19703081250190735
ch2d,nested_jvp,20260919,760,1210.2725621070713,0.25783464312553406,0.41516825556755066,0.168776273727417
ch2d,nested_jvp,20260919,770,1225.4867230691016,0.2604880928993225,0.43670913577079773,0.1402038186788559
ch2d,nested_jvp,20260919,780,1239.9878618596122,0.24214480817317963,0.3910227417945862,0.16801923513412476
ch2d,nested_jvp,20260919,790,1255.2446102946997,0.22422300279140472,0.3076837956905365,0.16872638463974
ch2d,nested_jvp,20260919,800,1272.6408055322245,0.21504546701908112,0.33360838890075684,0.1658998429775238
ch2d,nested_jvp,20260919,810,1288.7275814060122,0.2593454122543335,0.45227402448654175,0.135793536901474
ch2d,nested_jvp,20260919,820,1305.293199072592,0.21523314714431763,0.32889801263809204,0.15030750632286072
ch2d,nested_jvp,20260919,830,1324.3121744422242,0.20285363495349884,0.2898382842540741,0.14165157079696655
ch2d,nested_jvp,20260919,840,1342.8034483846277,0.22427746653556824,0.40708664059638977,0.1387304663658142
ch2d,nested_jvp,20260919,850,1360.1930064875633,0.22092849016189575,0.396307110786438,0.14454473555088043
ch2d,nested_jvp,20260919,860,1374.8540300969034,0.20541483163833618,0.3116622269153595,0.14636549353599548
ch2d,nested_jvp,20260919,870,1392.402826860547,0.2070801705121994,0.34028372168540955,0.14182916283607483
ch2d,nested_jvp,20260919,880,1409.1779314875603,0.21274220943450928,0.3380391001701355,0.1452743411064148
ch2d,nested_jvp,20260919,890,1425.0700760371983,0.2328885793685913,0.434906929731369,0.15180431306362152
ch2d,nested_jvp,20260919,900,1439.5554171307012,0.18646955490112305,0.2610994279384613,0.1353931576013565
ch2d,nested_jvp,20260919,910,1455.4844626132399,0.17904509603977203,0.2440125197172165,0.1340155452489853
ch2d,nested_jvp,20260919,920,1472.6312040025368,0.17973533272743225,0.2885606288909912,0.12939129769802094
ch2d,nested_jvp,20260919,930,1489.0801598411053,0.18550452589988708,0.31547001004219055,0.1211119145154953
ch2d,nested_jvp,20260919,940,1504.628064159304,0.1783430576324463,0.25442731380462646,0.14626964926719666
ch2d,nested_jvp,20260919,950,1521.1653453223407,0.19131633639335632,0.3191804885864258,0.11209031939506531
ch2d,nested_jvp,20260919,960,1536.473948912695,0.16929598152637482,0.248394176363945,0.10298220813274384
ch2d,nested_jvp,20260919,970,1551.4834417086095,0.1895739585161209,0.32513198256492615,0.14502117037773132
ch2d,nested_jvp,20260919,980,1566.5198057536036,0.20757755637168884,0.35816434025764465,0.12800906598567963
ch2d,nested_jvp,20260919,990,1582.425682659261,0.16975289583206177,0.23652450740337372,0.11953039467334747
ch2d,nested_jvp,20260919,1000,1599.1316227233037,0.1869366466999054,0.31212612986564636,0.1279579997062683
ch2d,nested_jvp,20260919,1010,1615.5662493295968,0.1780688464641571,0.31068068742752075,0.1071387380361557
ch2d,nested_jvp,20260919,1020,1631.1136365653947,0.16906338930130005,0.24337232112884521,0.11291402578353882
ch2d,nested_jvp,20260919,1030,1648.3139172615483,0.17013365030288696,0.2511621415615082,0.10881717503070831
ch2d,nested_jvp,20260919,1040,1663.0642774123698,0.1776198297739029,0.29033222794532776,0.10294085741043091
ch2d,nested_jvp,20260919,1050,1678.8937937682495,0.16016796231269836,0.22923476994037628,0.11983143538236618
ch2d,nested_jvp,20260919,1060,1694.026901469566,0.18751218914985657,0.332703560590744,0.09991161525249481
ch2d,nested_jvp,20260919,1070,1708.6142161209136,0.1574859321117401,0.23563960194587708,0.10356321930885315
ch2d,nested_jvp,20260919,1080,1723.2998842792585,0.1504734605550766,0.21363073587417603,0.10106206685304642
ch2d,nested_jvp,20260919,1090,1738.1869742469862,0.15253323316574097,0.21912170946598053,0.1095239520072937
ch2d,nested_jvp,20260919,1100,1756.3902632091194,0.15571902692317963,0.22113265097141266,0.10882141441106796
ch2d,nested_jvp,20260919,1110,1772.4540224038064,0.1701134294271469,0.2810058295726776,0.10353817045688629
ch2d,nested_jvp,20260919,1120,1789.9376217126846,0.14345751702785492,0.22822733223438263,0.105274997651577
ch2d,nested_jvp,20260919,1130,1807.7393750632182,0.14635546505451202,0.2142690271139145,0.09523949027061462
ch2d,nested_jvp,20260919,1140,1824.8695688955486,0.15687187016010284,0.23521628975868225,0.10160067677497864
ch2d,nested_jvp,20260919,1150,1840.0648047421128,0.14409561455249786,0.19134022295475006,0.09594219923019409
ch2d,nested_jvp,20260919,1160,1855.5670885406435,0.15328896045684814,0.24750345945358276,0.09056581556797028
ch2d,nested_jvp,20260919,1170,1871.7075129812583,0.13846862316131592,0.1829482764005661,0.09414449334144592
ch2d,nested_jvp,20260919,1180,1888.6058785542846,0.14100828766822815,0.2278260886669159,0.09931570291519165
ch2d,nested_jvp,20260919,1190,1904.743057492189,0.13627998530864716,0.2005166858434677,0.08659284561872482
ch2d,nested_jvp,20260919,1200,1922.5248393677175,0.14370790123939514,0.22707778215408325,0.09876272827386856
ch2d,nested_jvp,20260919,1210,1938.7471160152927,0.13251380622386932,0.18989616632461548,0.09282471239566803
ch2d,nested_jvp,20260919,1220,1956.3600116912276,0.13775628805160522,0.2214086800813675,0.08798223733901978
ch2d,nested_jvp,20260919,1230,1975.1396332141012,0.12653659284114838,0.18330012261867523,0.08987335860729218
ch2d,nested_jvp,20260919,1240,1992.075448651798,0.1332894116640091,0.17604056000709534,0.08956334739923477
ch2d,nested_jvp,20260919,1250,2007.1509351124987,0.15320320427417755,0.2624191641807556,0.09149418771266937
ch2d,nested_jvp,20260919,1260,2021.4174084970728,0.13198496401309967,0.20643700659275055,0.08058309555053711
ch2d,nested_jvp,20260919,1270,2037.4177750386298,0.15260213613510132,0.2613470256328583,0.07905298471450806
ch2d,nested_jvp,20260919,1280,2052.644138741307,0.12731316685676575,0.1856791079044342,0.07478789985179901
ch2d,nested_jvp,20260919,1290,2067.983322796412,0.13481807708740234,0.1902724802494049,0.08694304525852203
ch2d,nested_jvp,20260919,1300,2082.833559536375,0.14774185419082642,0.2421373575925827,0.08799748122692108
ch2d,nested_jvp,20260919,1310,2097.050719060935,0.13544777035713196,0.19682694971561432,0.07096841931343079
ch2d,nested_jvp,20260919,1320,2111.248524805531,0.1637531816959381,0.29390376806259155,0.0818573534488678
ch2d,nested_jvp,20260919,1330,2125.9717861665413,0.12901316583156586,0.19248417019844055,0.08199230581521988
ch2d,nested_jvp,20260919,1340,2142.868425364606,0.12277603894472122,0.21108894050121307,0.07968169450759888
ch2d,nested_jvp,20260919,1350,2159.651088805869,0.13230375945568085,0.22502118349075317,0.07392581552267075
ch2d,nested_jvp,20260919,1360,2173.805774242617,0.12045051157474518,0.20111516118049622,0.07970211654901505
ch2d,nested_jvp,20260919,1370,2188.9060719022527,0.11661813408136368,0.17957554757595062,0.07155056297779083
ch2d,nested_jvp,20260919,1380,2205.1096621369943,0.1192956417798996,0.17396429181098938,0.07927224040031433
ch2d,nested_jvp,20260919,1390,2221.572496946901,0.11751541495323181,0.17527301609516144,0.07075637578964233
ch2d,nested_jvp,20260919,1400,2236.3917539482936,0.12274310737848282,0.21982960402965546,0.08466566354036331
ch2d,nested_jvp,20260919,1410,2251.79611091502,0.11651529371738434,0.1863936185836792,0.06228030472993851
ch2d,nested_jvp,20260919,1420,2268.0749398348853,0.12471690773963928,0.20743201673030853,0.06791162490844727
ch2d,nested_jvp,20260919,1430,2284.5044518867508,0.11413287371397018,0.17938940227031708,0.05792691186070442
ch2d,nested_jvp,20260919,1440,2298.716556233354,0.11699215322732925,0.16324616968631744,0.07272832095623016
ch2d,nested_jvp,20260919,1450,2313.717865330167,0.12936319410800934,0.22593605518341064,0.07122458517551422
ch2d,nested_jvp,20260919,1460,2329.7964366478845,0.11183220893144608,0.19300416111946106,0.07202655076980591
ch2d,nested_jvp,20260919,1470,2345.69660929963,0.12043595314025879,0.1758749634027481,0.06825903803110123
ch2d,nested_jvp,20260919,1480,2360.913310988806,0.11502081900835037,0.19386214017868042,0.07297813892364502
ch2d,nested_jvp,20260919,1490,2375.0564728220925,0.1305251121520996,0.21609783172607422,0.07456418871879578
ch2d,nested_jvp,20260919,1500,2389.3190085068345,0.12801404297351837,0.24189193546772003,0.07074108719825745
ch2d,shared_jet_linear,20260919,0,0.0,1.0139377117156982,1.0969618558883667,
ch2d,shared_jet_linear,20260919,10,8.374845868907869,0.938750147819519,0.8994808197021484,1.3845276832580566
ch2d,shared_jet_linear,20260919,20,16.611653624102473,0.8899223208427429,0.8149872422218323,1.4261668920516968
ch2d,shared_jet_linear,20260919,30,25.13711821846664,0.838809072971344,0.7326812744140625,1.392381191253662
ch2d,shared_jet_linear,20260919,40,33.037913132458925,0.7900862693786621,0.6742135286331177,1.4212861061096191
ch2d,shared_jet_linear,20260919,50,41.32547600567341,0.7356175780296326,0.6150335073471069,1.4137299060821533
ch2d,shared_jet_linear,20260919,60,49.18034490849823,0.6848575472831726,0.5738348364830017,1.2531318664550781
ch2d,shared_jet_linear,20260919,70,57.74507014080882,0.640539288520813,0.5462028384208679,1.2441740036010742
ch2d,shared_jet_linear,20260919,80,65.90785608813167,0.6120798587799072,0.5494745373725891,1.0375852584838867
ch2d,shared_jet_linear,20260919,90,73.9323414042592,0.5946405529975891,0.5808053612709045,1.0643047094345093
ch2d,shared_jet_linear,20260919,100,81.85785066988319,0.5880522131919861,0.6646615266799927,0.9791627526283264
ch2d,shared_jet_linear,20260919,110,89.84767557121813,0.5942051410675049,0.8200350999832153,0.9659590721130371
ch2d,shared_jet_linear,20260919,120,98.33632614277303,0.5664451718330383,0.8379496932029724,0.8710963726043701
ch2d,shared_jet_linear,20260919,130,106.4411302478984,0.580583393573761,0.9461507201194763,0.8479713201522827
ch2d,shared_jet_linear,20260919,140,114.52099612634629,0.5841425657272339,1.0253114700317383,0.7916001081466675
ch2d,shared_jet_linear,20260919,150,123.21714490093291,0.6126770377159119,1.1418437957763672,0.7348970174789429
ch2d,shared_jet_linear,20260919,160,131.6248007621616,0.60511714220047,1.1671168804168701,0.7821314930915833
ch2d,shared_jet_linear,20260919,170,139.53073661774397,0.667820394039154,1.3441516160964966,0.6074435710906982
ch2d,shared_jet_linear,20260919,180,147.62034756783396,0.6136201024055481,1.2394222021102905,0.6064420938491821
ch2d,shared_jet_linear,20260919,190,155.70750483497977,0.6256122589111328,1.2787456512451172,0.5468738675117493
ch2d,shared_jet_linear,20260919,200,163.78332334011793,0.6129420399665833,1.264076828956604,0.5528095364570618
ch2d,shared_jet_linear,20260919,210,171.75051664188504,0.5941339731216431,1.214840054512024,0.5645067095756531
ch2d,shared_jet_linear,20260919,220,179.77294100821018,0.5965713858604431,1.255127191543579,0.5303516387939453
ch2d,shared_jet_linear,20260919,230,188.12518446240574,0.581310510635376,1.2311809062957764,0.5136973857879639
ch2d,shared_jet_linear,20260919,240,196.48901089653373,0.5868560671806335,1.2598575353622437,0.512596607208252
ch2d,shared_jet_linear,20260919,250,204.7628828594461,0.5651037096977234,1.2155051231384277,0.49509209394454956
ch2d,shared_jet_linear,20260919,260,213.35053497832268,0.5497002601623535,1.1743614673614502,0.48675739765167236
ch2d,shared_jet_linear,20260919,270,221.61639940273017,0.5476903915405273,1.1669542789459229,0.40411245822906494
ch2d,shared_jet_linear,20260919,280,230.10483366902918,0.5364065766334534,1.16005277633667,0.4875515103340149
ch2d,shared_jet_linear,20260919,290,238.08414700254798,0.5272566080093384,1.143545150756836,0.3881649374961853
ch2d,shared_jet_linear,20260919,300,246.48966846521944,0.5385059714317322,1.1699650287628174,0.4219911992549896
ch2d,shared_jet_linear,20260919,310,254.38870396558195,0.5301949381828308,1.14240300655365,0.41350236535072327
ch2d,shared_jet_linear,20260919,320,262.1937528429553,0.5001789927482605,1.0413265228271484,0.40907710790634155
ch2d,shared_jet_linear,20260919,330,270.4068095982075,0.4834606945514679,1.0025427341461182,0.4033964276313782
ch2d,shared_jet_linear,20260919,340,278.4018730511889,0.5089419484138489,1.0852431058883667,0.3658400774002075
ch2d,shared_jet_linear,20260919,350,286.63299870863557,0.5058891773223877,1.096832513809204,0.3391295075416565
ch2d,shared_jet_linear,20260919,360,294.6702752923593,0.4506235420703888,0.9308968186378479,0.40440404415130615
ch2d,shared_jet_linear,20260919,370,303.02836873941123,0.4381275773048401,0.8981266617774963,0.3624281883239746
ch2d,shared_jet_linear,20260919,380,311.27161469403654,0.4572634696960449,0.9407429099082947,0.3250734806060791
ch2d,shared_jet_linear,20260919,390,320.06273205857724,0.4656994640827179,0.9497540593147278,0.3337897062301636
ch2d,shared_jet_linear,20260919,400,328.05224872846156,0.44705769419670105,0.9203780889511108,0.29298630356788635
ch2d,shared_jet_linear,20260919,410,336.00496993307024,0.43207716941833496,0.862693190574646,0.30936163663864136
ch2d,shared_jet_linear,20260919,420,344.4889891985804,0.43270280957221985,0.872067391872406,0.3393080234527588
ch2d,shared_jet_linear,20260919,430,352.84378203190863,0.43439915776252747,0.8537949323654175,0.2707485854625702
ch2d,shared_jet_linear,20260919,440,360.92738163564354,0.40820252895355225,0.74697345495224,0.3073040246963501
ch2d,shared_jet_linear,20260919,450,368.718693735078,0.4095126986503601,0.7886112332344055,0.30356425046920776
ch2d,shared_jet_linear,20260919,460,376.48227942176163,0.42462870478630066,0.8606417179107666,0.2949813902378082
ch2d,shared_jet_linear,20260919,470,384.70896679069847,0.3908213973045349,0.7378801703453064,0.2728228271007538
ch2d,shared_jet_linear,20260919,480,392.72282407432795,0.372744619846344,0.6543682813644409,0.27792850136756897
ch2d,shared_jet_linear,20260919,490,400.6030793739483,0.410061776638031,0.7640808820724487,0.26080790162086487
ch2d,shared_jet_linear,20260919,500,408.79624009970576,0.3753052353858948,0.6792813539505005,0.25009796023368835
ch2d,shared_jet_linear,20260919,510,417.2713642856106,0.38309359550476074,0.6829721927642822,0.27557507157325745
ch2d,shared_jet_linear,20260919,520,425.5156143940985,0.3532732129096985,0.6205381751060486,0.2571294903755188
ch2d,shared_jet_linear,20260919,530,433.8460312364623,0.3267945945262909,0.5307689905166626,0.24956893920898438
ch2d,shared_jet_linear,20260919,540,442.2541996873915,0.34085577726364136,0.5206038951873779,0.2538606524467468
ch2d,shared_jet_linear,20260919,550,450.9385187299922,0.34056490659713745,0.5603058338165283,0.25879526138305664
ch2d,shared_jet_linear,20260919,560,459.0578029677272,0.3213396370410919,0.47655293345451355,0.21522407233715057
ch2d,shared_jet_linear,20260919,570,467.2105793673545,0.31634625792503357,0.4828636944293976,0.24437902867794037
ch2d,shared_jet_linear,20260919,580,475.20723103825003,0.3034699559211731,0.4726201891899109,0.2056582272052765
ch2d,shared_jet_linear,20260919,590,483.7990327421576,0.3413791358470917,0.6276882290840149,0.21832868456840515
ch2d,shared_jet_linear,20260919,600,491.8051477493718,0.3151041865348816,0.531788170337677,0.2058381736278534
ch2d,shared_jet_linear,20260919,610,499.63029071316123,0.2927807569503784,0.45833727717399597,0.2244420349597931
ch2d,shared_jet_linear,20260919,620,507.4712746758014,0.28807228803634644,0.47245192527770996,0.2084754854440689
ch2d,shared_jet_linear,20260919,630,516.0140932155773,0.298623651266098,0.5073307156562805,0.19337624311447144
ch2d,shared_jet_linear,20260919,640,523.9806920140982,0.34357765316963196,0.6347545385360718,0.1802266538143158
ch2d,shared_jet_linear,20260919,650,532.6870061634108,0.2790603041648865,0.4424325227737427,0.18389514088630676
ch2d,shared_jet_linear,20260919,660,540.6980670876801,0.3017352521419525,0.5176640748977661,0.19108577072620392
ch2d,shared_jet_linear,20260919,670,549.0987995620817,0.27716270089149475,0.45725229382514954,0.19065707921981812
ch2d,shared_jet_linear,20260919,680,557.3963167686015,0.26657983660697937,0.3645510673522949,0.1736448109149933
ch2d,shared_jet_linear,20260919,690,565.7739271279424,0.3035409152507782,0.5689772367477417,0.17799517512321472
ch2d,shared_jet_linear,20260919,700,573.6398793263361,0.24767792224884033,0.3600969910621643,0.15765820443630219
ch2d,shared_jet_linear,20260919,710,581.5562757281587,0.24511930346488953,0.3223073184490204,0.16944128274917603
ch2d,shared_jet_linear,20260919,720,589.726662713103,0.26234498620033264,0.4387097954750061,0.1529942750930786
ch2d,shared_jet_linear,20260919,730,598.2334680203348,0.2742498219013214,0.4930274486541748,0.16083365678787231
ch2d,shared_jet_linear,20260919,740,606.2201792504638,0.2305244654417038,0.29443085193634033,0.1640729159116745
ch2d,shared_jet_linear,20260919,750,614.1863255193457,0.23782198131084442,0.40849241614341736,0.19703075289726257
ch2d,shared_jet_linear,20260919,760,622.2104365201667,0.2578345835208893,0.4151681661605835,0.16877630352973938
ch2d,shared_jet_linear,20260919,770,630.2926245350391,0.2604878544807434,0.4367084503173828,0.1402038335800171
ch2d,shared_jet_linear,20260919,780,638.0343048842624,0.24214471876621246,0.3910222053527832,0.16801923513412476
ch2d,shared_jet_linear,20260919,790,646.2883528908715,0.22422298789024353,0.3076837956905365,0.1687263399362564
ch2d,shared_jet_linear,20260919,800,654.3753693830222,0.21504567563533783,0.3336089253425598,0.16589976847171783
ch2d,shared_jet_linear,20260919,810,662.1564663564786,0.2593454122543335,0.4522741436958313,0.1357935070991516
ch2d,shared_jet_linear,20260919,820,670.0823859274387,0.2152329683303833,0.3288972079753876,0.15030750632286072
ch2d,shared_jet_linear,20260919,830,678.2401077672839,0.20285356044769287,0.28983810544013977,0.14165149629116058
ch2d,shared_jet_linear,20260919,840,686.2494469676167,0.22427763044834137,0.4070870876312256,0.1387305110692978
ch2d,shared_jet_linear,20260919,850,694.3174103600904,0.22092846035957336,0.39630693197250366,0.14454475045204163
ch2d,shared_jet_linear,20260919,860,702.6572570735589,0.20541487634181976,0.31166237592697144,0.14636549353599548
ch2d,shared_jet_linear,20260919,870,710.8271438740194,0.20708000659942627,0.34028327465057373,0.14182914793491364
ch2d,shared_jet_linear,20260919,880,718.8403173601255,0.2127421647310257,0.33803898096084595,0.1452743113040924
ch2d,shared_jet_linear,20260919,890,726.7364559127018,0.23288863897323608,0.4349069893360138,0.15180428326129913
ch2d,shared_jet_linear,20260919,900,735.0207083169371,0.18646955490112305,0.26109930872917175,0.13539311289787292
ch2d,shared_jet_linear,20260919,910,742.8630234692246,0.17904511094093323,0.24401246011257172,0.1340155452489853
ch2d,shared_jet_linear,20260919,920,750.8036911841482,0.17973551154136658,0.28856125473976135,0.12939131259918213
ch2d,shared_jet_linear,20260919,930,758.7722357762977,0.18550458550453186,0.31547021865844727,0.1211119294166565
ch2d,shared_jet_linear,20260919,940,766.9123901342973,0.17834298312664032,0.2544269561767578,0.14626964926719666
ch2d,shared_jet_linear,20260919,950,774.9460375141352,0.19131648540496826,0.3191806674003601,0.11209031194448471
ch2d,shared_jet_linear,20260919,960,783.1206946838647,0.16929596662521362,0.24839407205581665,0.10298223793506622
ch2d,shared_jet_linear,20260919,970,791.1649141078815,0.18957389891147614,0.32513177394866943,0.1450212299823761
ch2d,shared_jet_linear,20260919,980,799.0218689879403,0.2075779139995575,0.3581649661064148,0.12800903618335724
ch2d,shared_jet_linear,20260919,990,806.9699941389263,0.16975286602973938,0.23652425408363342,0.11953039467334747
ch2d,shared_jet_linear,20260919,1000,814.8780100140721,0.18693669140338898,0.3121260702610016,0.12795796990394592
ch2d,shared_jet_linear,20260919,1010,822.7178548835218,0.1780688315629959,0.310680627822876,0.1071387529373169
ch2d,shared_jet_linear,20260919,1020,830.7102854344994,0.16906331479549408,0.24337191879749298,0.11291403323411942
ch2d,shared_jet_linear,20260919,1030,838.4140454074368,0.17013363540172577,0.25116226077079773,0.10881713777780533
ch2d,shared_jet_linear,20260919,1040,846.3852285798639,0.17761971056461334,0.2903318405151367,0.10294084250926971
ch2d,shared_jet_linear,20260919,1050,854.1638643555343,0.16016794741153717,0.22923478484153748,0.11983144283294678
ch2d,shared_jet_linear,20260919,1060,862.1087026195601,0.18751215934753418,0.3327034115791321,0.09991158545017242
ch2d,shared_jet_linear,20260919,1070,869.8784958608449,0.1574859768152237,0.235639750957489,0.10356318950653076
ch2d,shared_jet_linear,20260919,1080,877.5681934002787,0.15047350525856018,0.21363073587417603,0.10106204450130463
ch2d,shared_jet_linear,20260919,1090,885.797199270688,0.15253327786922455,0.21912190318107605,0.10952392220497131
ch2d,shared_jet_linear,20260919,1100,893.7277375999838,0.15571905672550201,0.22113265097141266,0.10882140696048737
ch2d,shared_jet_linear,20260919,1110,902.2245125044137,0.17011350393295288,0.28100597858428955,0.10353817045688629
ch2d,shared_jet_linear,20260919,1120,910.0513263819739,0.14345750212669373,0.2282274067401886,0.10527502000331879
ch2d,shared_jet_linear,20260919,1130,917.8125501992181,0.14635543525218964,0.2142689824104309,0.09523950517177582
ch2d,shared_jet_linear,20260919,1140,925.7615135554224,0.15687203407287598,0.23521678149700165,0.10160068422555923
ch2d,shared_jet_linear,20260919,1150,934.1140143815428,0.14409562945365906,0.19134028255939484,0.09594222158193588
ch2d,shared_jet_linear,20260919,1160,942.0268267439678,0.15328869223594666,0.24750281870365143,0.09056580066680908
ch2d,shared_jet_linear,20260919,1170,949.7913858173415,0.1384686380624771,0.18294836580753326,0.09414448589086533
ch2d,shared_jet_linear,20260919,1180,958.286406815052,0.14100824296474457,0.22782590985298157,0.09931563585996628
ch2d,shared_jet_linear,20260919,1190,966.2215093187988,0.13627998530864716,0.20051662623882294,0.08659285306930542
ch2d,shared_jet_linear,20260919,1200,974.3740829639137,0.14370787143707275,0.2270776629447937,0.09876273572444916
ch2d,shared_jet_linear,20260919,1210,982.2635529711843,0.13251373171806335,0.18989618122577667,0.09282471239566803
ch2d,shared_jet_linear,20260919,1220,990.0514539787546,0.13775624334812164,0.22140875458717346,0.08798223733901978
ch2d,shared_jet_linear,20260919,1230,997.6765240347013,0.12653662264347076,0.18330018222332,0.08987335860729218
ch2d,shared_jet_linear,20260919,1240,1005.5534602450207,0.13328935205936432,0.17604050040245056,0.08956335484981537
ch2d,shared_jet_linear,20260919,1250,1013.3983088042587,0.15320323407649994,0.26241910457611084,0.09149418771266937
ch2d,shared_jet_linear,20260919,1260,1021.3451946442947,0.13198497891426086,0.20643693208694458,0.0805831179022789
ch2d,shared_jet_linear,20260919,1270,1029.677643516101,0.15260235965251923,0.26134759187698364,0.07905299216508865
ch2d,shared_jet_linear,20260919,1280,1037.7015249980614,0.1273130178451538,0.18567857146263123,0.07478789240121841
ch2d,shared_jet_linear,20260919,1290,1045.7069766242057,0.134817972779274,0.19027239084243774,0.08694301545619965
ch2d,shared_jet_linear,20260919,1300,1053.6340941060334,0.14774170517921448,0.242137148976326,0.08799746632575989
ch2d,shared_jet_linear,20260919,1310,1061.6977497003973,0.13544782996177673,0.1968270242214203,0.07096842676401138
ch2d,shared_jet_linear,20260919,1320,1069.8531857226044,0.16375331580638885,0.2939041554927826,0.0818573534488678
ch2d,shared_jet_linear,20260919,1330,1077.6601293627173,0.1290132850408554,0.19248442351818085,0.08199231326580048
ch2d,shared_jet_linear,20260919,1340,1085.9101154096425,0.122776098549366,0.21108904480934143,0.07968172430992126
ch2d,shared_jet_linear,20260919,1350,1094.2852280782536,0.13230372965335846,0.2250211536884308,0.07392577826976776
ch2d,shared_jet_linear,20260919,1360,1101.9650887204334,0.12045051157474518,0.20111516118049622,0.07970210909843445
ch2d,shared_jet_linear,20260919,1370,1109.9455499304458,0.1166180744767189,0.1795755922794342,0.07155058532953262
ch2d,shared_jet_linear,20260919,1380,1117.9080177210271,0.11929573863744736,0.17396457493305206,0.07927224040031433
ch2d,shared_jet_linear,20260919,1390,1126.0688273608685,0.1175154522061348,0.17527304589748383,0.07075642049312592
ch2d,shared_jet_linear,20260919,1400,1133.7802929263562,0.12274308502674103,0.21982955932617188,0.08466566354036331
ch2d,shared_jet_linear,20260919,1410,1141.5899776192382,0.11651533842086792,0.18639381229877472,0.06228030100464821
ch2d,shared_jet_linear,20260919,1420,1149.5619371365756,0.1247168555855751,0.2074318826198578,0.06791162490844727
ch2d,shared_jet_linear,20260919,1430,1157.4372415142134,0.11413287371397018,0.17938920855522156,0.057926904410123825
ch2d,shared_jet_linear,20260919,1440,1165.4080353947356,0.11699219048023224,0.16324619948863983,0.07272832095623016
ch2d,shared_jet_linear,20260919,1450,1173.3813004074618,0.12936317920684814,0.22593598067760468,0.07122458517551422
ch2d,shared_jet_linear,20260919,1460,1181.601171198301,0.11183224618434906,0.19300411641597748,0.0720265656709671
ch2d,shared_jet_linear,20260919,1470,1189.4072252670303,0.12043587863445282,0.17587463557720184,0.06825903803110123
ch2d,shared_jet_linear,20260919,1480,1197.1633473914117,0.11502084136009216,0.19386200606822968,0.07297811657190323
ch2d,shared_jet_linear,20260919,1490,1205.502716369927,0.130525141954422,0.21609802544116974,0.07456417381763458
ch2d,shared_jet_linear,20260919,1500,1213.5404841238633,0.12801386415958405,0.24189159274101257,0.07074107229709625
ch2d,nested_jvp,20260920,0,0.0,1.1034191846847534,1.2149666547775269,
ch2d,nested_jvp,20260920,10,17.57548086438328,0.9975570440292358,1.0263012647628784,1.4955229759216309
ch2d,nested_jvp,20260920,20,36.985676071606576,0.9509604573249817,0.9070290923118591,1.7106267213821411
ch2d,nested_jvp,20260920,30,51.804405773989856,0.9219515323638916,0.9445939064025879,1.514350175857544
ch2d,nested_jvp,20260920,40,66.6403213813901,0.8683232665061951,0.817533552646637,1.4510765075683594
ch2d,nested_jvp,20260920,50,84.67668142542243,0.819891631603241,0.7656010389328003,1.5186474323272705
ch2d,nested_jvp,20260920,60,99.49445477034897,0.763051450252533,0.708172082901001,1.2812409400939941
ch2d,nested_jvp,20260920,70,114.30970314517617,0.717366635799408,0.7258312702178955,1.2962372303009033
ch2d,nested_jvp,20260920,80,129.58627716917545,0.6648055911064148,0.7378023862838745,1.126314640045166
ch2d,nested_jvp,20260920,90,144.9096653405577,0.6421599984169006,0.8414483070373535,1.084433913230896
ch2d,nested_jvp,20260920,100,165.37660920992494,0.6190460920333862,0.906208336353302,1.029794692993164
ch2d,nested_jvp,20260920,110,186.81649969238788,0.6236198544502258,1.036519169807434,0.9504552483558655
ch2d,nested_jvp,20260920,120,208.51477867737412,0.6497194170951843,1.2011208534240723,0.8605527877807617
ch2d,nested_jvp,20260920,130,228.0818856684491,0.635418176651001,1.2174409627914429,0.9491400718688965
ch2d,nested_jvp,20260920,140,249.7315772473812,0.6658968329429626,1.362173318862915,0.6529031991958618
ch2d,nested_jvp,20260920,150,270.48671220988035,0.6675301790237427,1.4114903211593628,0.8033084869384766
ch2d,nested_jvp,20260920,160,291.70722278766334,0.682568371295929,1.487404704093933,0.7120406627655029
ch2d,nested_jvp,20260920,170,312.46929774060845,0.6740915179252625,1.4965996742248535,0.6467202305793762
ch2d,nested_jvp,20260920,180,334.54368663951755,0.6961044669151306,1.5565032958984375,0.7275842428207397
ch2d,nested_jvp,20260920,190,355.29307103250176,0.6647214293479919,1.4842529296875,0.6650365591049194
ch2d,nested_jvp,20260920,200,376.7972691245377,0.6710790991783142,1.4385384321212769,0.5733619928359985
ch2d,nested_jvp,20260920,210,394.85284940712154,0.6716396808624268,1.517296314239502,0.5662121176719666
ch2d,nested_jvp,20260920,220,409.7141604581848,0.6827298402786255,1.5242830514907837,0.6056575775146484
ch2d,nested_jvp,20260920,230,426.36967182252556,0.6313143968582153,1.326545238494873,0.5747886896133423
ch2d,nested_jvp,20260920,240,443.59956811275333,0.6360121965408325,1.3607797622680664,0.6028743982315063
ch2d,nested_jvp,20260920,250,458.4655349329114,0.6326679587364197,1.3961900472640991,0.5526034832000732
ch2d,nested_jvp,20260920,260,473.3312796577811,0.6099423170089722,1.3207746744155884,0.5287602543830872
ch2d,nested_jvp,20260920,270,488.23689563944936,0.6041194796562195,1.2414023876190186,0.5067514181137085
ch2d,nested_jvp,20260920,280,503.07476679608226,0.6133674383163452,1.325043797492981,0.4821508824825287
ch2d,nested_jvp,20260920,290,517.8906965041533,0.5860506892204285,1.2158665657043457,0.48480552434921265
ch2d,nested_jvp,20260920,300,535.4017564952374,0.5781728029251099,1.1961876153945923,0.5242006778717041
ch2d,nested_jvp,20260920,310,552.5522597394884,0.5723872780799866,1.1987714767456055,0.4418981373310089
ch2d,nested_jvp,20260920,320,567.4555677911267,0.5665809512138367,1.175866961479187,0.41466206312179565
ch2d,nested_jvp,20260920,330,582.307597306557,0.5639801621437073,1.1289646625518799,0.43677058815956116
ch2d,nested_jvp,20260920,340,598.4446497922763,0.5362548232078552,1.1042917966842651,0.42270779609680176
ch2d,nested_jvp,20260920,350,619.2524819998071,0.5373214483261108,1.074242353439331,0.3926907181739807
ch2d,nested_jvp,20260920,360,635.3709505051374,0.531007707118988,1.0314273834228516,0.4157036542892456
ch2d,nested_jvp,20260920,370,650.1996255097911,0.514363706111908,1.0266749858856201,0.3980390131473541
ch2d,nested_jvp,20260920,380,665.7462700810283,0.5043636560440063,0.9556304216384888,0.3820861577987671
ch2d,nested_jvp,20260920,390,684.2067646840587,0.489180326461792,0.946281373500824,0.3705187439918518
ch2d,nested_jvp,20260920,400,699.0645522689447,0.47316479682922363,0.8980987071990967,0.3429268002510071
ch2d,nested_jvp,20260920,410,713.9433091944084,0.4820425808429718,0.8988129496574402,0.3373456299304962
ch2d,nested_jvp,20260920,420,731.208203191869,0.4802824556827545,0.9087110757827759,0.3524984121322632
ch2d,nested_jvp,20260920,430,746.6659119604155,0.460295706987381,0.8559222221374512,0.35179948806762695
ch2d,nested_jvp,20260920,440,761.6047529121861,0.4703526198863983,0.8749681711196899,0.29606303572654724
ch2d,nested_jvp,20260920,450,776.4424216682091,0.4375794231891632,0.7823535799980164,0.31071770191192627
ch2d,nested_jvp,20260920,460,791.2898431215435,0.4478256404399872,0.8106725811958313,0.29555320739746094
ch2d,nested_jvp,20260920,470,806.1378358500078,0.4309464693069458,0.7730003595352173,0.2737385034561157
ch2d,nested_jvp,20260920,480,820.9945960082114,0.42945751547813416,0.7446463108062744,0.3257022202014923
ch2d,nested_jvp,20260920,490,835.8297798316926,0.4330536127090454,0.7675634622573853,0.2855291962623596
ch2d,nested_jvp,20260920,500,850.675746886991,0.39273789525032043,0.6577285528182983,0.28560730814933777
ch2d,nested_jvp,20260920,510,865.5041963998228,0.38777121901512146,0.6364679336547852,0.2802722454071045
ch2d,nested_jvp,20260920,520,880.3540425915271,0.400706022977829,0.647382378578186,0.2623884677886963
ch2d,nested_jvp,20260920,530,895.2801732895896,0.381343811750412,0.6072014570236206,0.2636890709400177
ch2d,nested_jvp,20260920,540,910.2125656129792,0.3802383244037628,0.6097910404205322,0.23453839123249054
ch2d,nested_jvp,20260920,550,925.1164500778541,0.3651832938194275,0.5771048665046692,0.24475374817848206
ch2d,nested_jvp,20260920,560,939.9975875066593,0.366549015045166,0.572032630443573,0.2347152978181839
ch2d,nested_jvp,20260920,570,954.8926775632426,0.3568354547023773,0.5548964738845825,0.2255954146385193
ch2d,nested_jvp,20260920,580,972.4223280446604,0.37024354934692383,0.6070094108581543,0.2184702605009079
ch2d,nested_jvp,20260920,590,990.4060510452837,0.34694796800613403,0.5511765480041504,0.2237090766429901
ch2d,nested_jvp,20260920,600,1008.4155076630414,0.3598291277885437,0.5837664604187012,0.21454936265945435
ch2d,nested_jvp,20260920,610,1026.766709282063,0.3376702070236206,0.5236470103263855,0.21206015348434448
ch2d,nested_jvp,20260920,620,1046.9716928424314,0.3177579641342163,0.4951256811618805,0.21849411725997925
ch2d,nested_jvp,20260920,630,1066.3887925390154,0.31426337361335754,0.4921373128890991,0.21791958808898926
ch2d,nested_jvp,20260920,640,1082.144143260084,0.3205084502696991,0.5173983573913574,0.19769877195358276
ch2d,nested_jvp,20260920,650,1097.0676913876086,0.302661269903183,0.4704320430755615,0.19365084171295166
ch2d,nested_jvp,20260920,660,1112.1063088327646,0.3208928108215332,0.49091073870658875,0.18437829613685608
ch2d,nested_jvp,20260920,670,1130.9034979324788,0.30837035179138184,0.4799198508262634,0.1847332864999771
ch2d,nested_jvp,20260920,680,1147.095204132609,0.29691246151924133,0.47390836477279663,0.18583479523658752
ch2d,nested_jvp,20260920,690,1166.694687942043,0.2993590235710144,0.4897875487804413,0.18404611945152283
ch2d,nested_jvp,20260920,700,1184.7958593806252,0.2804451584815979,0.46693557500839233,0.1793525665998459
ch2d,nested_jvp,20260920,710,1205.176693010144,0.2789752781391144,0.45522651076316833,0.18385761976242065
ch2d,nested_jvp,20260920,720,1226.2784218061715,0.2848794460296631,0.474685937166214,0.1593199074268341
ch2d,nested_jvp,20260920,730,1246.6249568928033,0.3061228394508362,0.5420592427253723,0.18559995293617249
ch2d,nested_jvp,20260920,740,1267.2247741483152,0.2787427008152008,0.4597123861312866,0.16012124717235565
ch2d,nested_jvp,20260920,750,1287.4738980848342,0.28347358107566833,0.44908440113067627,0.15837863087654114
ch2d,nested_jvp,20260920,760,1307.5227267500013,0.27681687474250793,0.44377171993255615,0.15171746909618378
ch2d,nested_jvp,20260920,770,1327.397184567526,0.259049654006958,0.44488248229026794,0.15731412172317505
ch2d,nested_jvp,20260920,780,1347.2528913188726,0.2651759088039398,0.46944350004196167,0.15463584661483765
ch2d,nested_jvp,20260920,790,1367.1314977863804,0.25951024889945984,0.4762387275695801,0.14550775289535522
ch2d,nested_jvp,20260920,800,1387.0155748836696,0.26277145743370056,0.48882928490638733,0.13680116832256317
ch2d,nested_jvp,20260920,810,1408.3994237249717,0.25221145153045654,0.46119001507759094,0.14522314071655273
ch2d,nested_jvp,20260920,820,1428.2773159975186,0.2483891248703003,0.4270790219306946,0.13919910788536072
ch2d,nested_jvp,20260920,830,1448.1581423571333,0.2537359893321991,0.46307817101478577,0.14681971073150635
ch2d,nested_jvp,20260920,840,1468.0010273093358,0.23438909649848938,0.43308040499687195,0.15915006399154663
ch2d,nested_jvp,20260920,850,1489.5595650915056,0.26203641295433044,0.51736980676651,0.1477590799331665
ch2d,nested_jvp,20260920,860,1512.2194896200672,0.24776528775691986,0.4829708933830261,0.1342422068119049
ch2d,nested_jvp,20260920,870,1534.8189129857346,0.23148690164089203,0.4461963474750519,0.12048964202404022
ch2d,nested_jvp,20260920,880,1555.2282764399424,0.2351769506931305,0.45374158024787903,0.12064811587333679
ch2d,nested_jvp,20260920,890,1575.0966511145234,0.2465229332447052,0.49998199939727783,0.12614259123802185
ch2d,nested_jvp,20260920,900,1597.4628707636148,0.23724515736103058,0.4648057222366333,0.1291085183620453
ch2d,nested_jvp,20260920,910,1620.107596296817,0.24095778167247772,0.48536646366119385,0.11930498480796814
ch2d,nested_jvp,20260920,920,1640.2611390100792,0.22016200423240662,0.4578755795955658,0.1130969375371933
ch2d,nested_jvp,20260920,930,1661.2344815498218,0.23227547109127045,0.49243947863578796,0.13262736797332764
ch2d,nested_jvp,20260920,940,1681.7482716320083,0.22929516434669495,0.4958938658237457,0.12324871867895126
ch2d,nested_jvp,20260920,950,1701.6851872550324,0.25894132256507874,0.5557044148445129,0.10991881787776947
ch2d,nested_jvp,20260920,960,1721.600283851847,0.2827635109424591,0.5841810703277588,0.09874299168586731
ch2d,nested_jvp,20260920,970,1743.416903364472,0.2543812394142151,0.5415467619895935,0.10106223076581955
ch2d,nested_jvp,20260920,980,1766.0449516726658,0.24011461436748505,0.521132230758667,0.10547766834497452
ch2d,nested_jvp,20260920,990,1788.6852320255712,0.2417629510164261,0.5068085789680481,0.10304206609725952
ch2d,nested_jvp,20260920,1000,1809.9586507994682,0.2717670500278473,0.5735787153244019,0.09784462302923203
ch2d,nested_jvp,20260920,1010,1827.7574720168486,0.2441110610961914,0.5193477869033813,0.10560528188943863
ch2d,nested_jvp,20260920,1020,1842.4161448515952,0.20383623242378235,0.44240644574165344,0.10458429157733917
ch2d,nested_jvp,20260920,1030,1858.9882539073005,0.20508311688899994,0.4444985091686249,0.09315352886915207
ch2d,nested_jvp,20260920,1040,1876.3598856562749,0.193604975938797,0.43300771713256836,0.09615127742290497
ch2d,nested_jvp,20260920,1050,1893.7495817877352,0.19040606915950775,0.4255640208721161,0.0888892412185669
ch2d,nested_jvp,20260920,1060,1911.1524500455707,0.2107205092906952,0.45507827401161194,0.09517045319080353
ch2d,nested_jvp,20260920,1070,1928.6119613712654,0.21875004470348358,0.4775097966194153,0.08456720411777496
ch2d,nested_jvp,20260920,1080,1946.0498513663188,0.21328087151050568,0.484375536441803,0.09588238596916199
ch2d,nested_jvp,20260920,1090,1963.5622720979154,0.18873292207717896,0.45343396067619324,0.08381136506795883
ch2d,nested_jvp,20260920,1100,1979.3528931997716,0.18772779405117035,0.4449221193790436,0.09336201846599579
ch2d,nested_jvp,20260920,1110,1994.0325448662043,0.19584545493125916,0.43902653455734253,0.09062217175960541
ch2d,nested_jvp,20260920,1120,2008.7015012484044,0.19913561642169952,0.45288124680519104,0.0770103707909584
ch2d,nested_jvp,20260920,1130,2023.3874011486769,0.17759664356708527,0.4117780327796936,0.0835946649312973
ch2d,nested_jvp,20260920,1140,2038.0809166356921,0.18124158680438995,0.41857460141181946,0.07976439595222473
ch2d,nested_jvp,20260920,1150,2054.571682797745,0.1850597858428955,0.43147012591362,0.08793304115533829
ch2d,nested_jvp,20260920,1160,2072.040639252402,0.16668236255645752,0.3939136266708374,0.0761481374502182
ch2d,nested_jvp,20260920,1170,2089.5027506621554,0.1767229288816452,0.40609365701675415,0.08072832226753235
ch2d,nested_jvp,20260920,1180,2106.9789815954864,0.19901373982429504,0.4629982113838196,0.07658939063549042
ch2d,nested_jvp,20260920,1190,2124.4008332621306,0.17731235921382904,0.42166873812675476,0.08001717925071716
ch2d,nested_jvp,20260920,1200,2141.831295502372,0.15680047869682312,0.37125179171562195,0.08077806234359741
ch2d,nested_jvp,20260920,1210,2159.2070703869686,0.17049629986286163,0.38786500692367554,0.07845016568899155
ch2d,nested_jvp,20260920,1220,2174.0633171815425,0.15273980796337128,0.3576367497444153,0.07730880379676819
ch2d,nested_jvp,20260920,1230,2188.688404496759,0.16423730552196503,0.40091243386268616,0.07172176986932755
ch2d,nested_jvp,20260920,1240,2203.4494727887213,0.15863633155822754,0.3928070366382599,0.0672936737537384
ch2d,nested_jvp,20260920,1250,2218.194255096838,0.14776937663555145,0.35527342557907104,0.07775434851646423
ch2d,nested_jvp,20260920,1260,2233.4579591797665,0.1847667545080185,0.42488810420036316,0.06560009717941284
ch2d,nested_jvp,20260920,1270,2248.1292396774516,0.17971454560756683,0.4311322271823883,0.0676519125699997
ch2d,nested_jvp,20260920,1280,2262.8318805713207,0.14429140090942383,0.3491009771823883,0.06544892489910126
ch2d,nested_jvp,20260920,1290,2278.313505492173,0.1331285834312439,0.32128703594207764,0.06316579133272171
ch2d,nested_jvp,20260920,1300,2292.9626246793196,0.1548423022031784,0.3693096339702606,0.06606577336788177
ch2d,nested_jvp,20260920,1310,2307.875601315871,0.14205288887023926,0.33969470858573914,0.06639356911182404
ch2d,nested_jvp,20260920,1320,2322.550751081668,0.13794799149036407,0.33234211802482605,0.0657130554318428
ch2d,nested_jvp,20260920,1330,2337.2454799767584,0.1423814743757248,0.3387826085090637,0.07383515685796738
ch2d,nested_jvp,20260920,1340,2351.932536961511,0.12862415611743927,0.30741626024246216,0.059344857931137085
ch2d,nested_jvp,20260920,1350,2366.6672974182293,0.1292789876461029,0.2907155752182007,0.05869917944073677
ch2d,nested_jvp,20260920,1360,2381.3618912026286,0.11817236244678497,0.28308460116386414,0.07121933996677399
ch2d,nested_jvp,20260920,1370,2396.044809116982,0.1266813576221466,0.30966460704803467,0.062000200152397156
ch2d,nested_jvp,20260920,1380,2411.8410239107907,0.1308697909116745,0.32602664828300476,0.054854847490787506
ch2d,nested_jvp,20260920,1390,2426.850287532434,0.12488404661417007,0.30388885736465454,0.06125491112470627
ch2d,nested_jvp,20260920,1400,2444.033803402446,0.14366158843040466,0.3330128788948059,0.06645196676254272
ch2d,nested_jvp,20260920,1410,2458.704004839994,0.1258644163608551,0.2930937707424164,0.0654788613319397
ch2d,nested_jvp,20260920,1420,2473.3701569456607,0.1436479687690735,0.3418463468551636,0.05690880864858627
ch2d,nested_jvp,20260920,1430,2488.0326395835727,0.12402766942977905,0.3244781792163849,0.0627593994140625
ch2d,nested_jvp,20260920,1440,2502.6876076310873,0.12114440649747849,0.27675920724868774,0.04952360689640045
ch2d,nested_jvp,20260920,1450,2517.350016864948,0.12971335649490356,0.32245728373527527,0.0566299669444561
ch2d,nested_jvp,20260920,1460,2531.998403527774,0.12450691312551498,0.30511918663978577,0.06233423948287964
ch2d,nested_jvp,20260920,1470,2546.643878764473,0.12193430215120316,0.2857632040977478,0.057732392102479935
ch2d,nested_jvp,20260920,1480,2562.371650390327,0.11832820624113083,0.2510111927986145,0.061655767261981964
ch2d,nested_jvp,20260920,1490,2577.054700789042,0.13363274931907654,0.3155054748058319,0.053506992757320404
ch2d,nested_jvp,20260920,1500,2591.7032639421523,0.109644815325737,0.22300489246845245,0.06007298454642296
ch2d,shared_jet_linear,20260920,0,0.0,1.1034191846847534,1.2149666547775269,
ch2d,shared_jet_linear,20260920,10,8.364465914666653,0.9975570440292358,1.0263012647628784,1.4955229759216309
ch2d,shared_jet_linear,20260920,20,16.41111458837986,0.9509604573249817,0.9070290923118591,1.7106267213821411
ch2d,shared_jet_linear,20260920,30,24.44190816115588,0.9219515323638916,0.9445939064025879,1.514350175857544
ch2d,shared_jet_linear,20260920,40,32.557226249948144,0.8683232665061951,0.817533552646637,1.4510765075683594
ch2d,shared_jet_linear,20260920,50,40.776160564273596,0.819891631603241,0.7656010389328003,1.5186474323272705
ch2d,shared_jet_linear,20260920,60,48.79338801279664,0.763051450252533,0.708172082901001,1.2812409400939941
ch2d,shared_jet_linear,20260920,70,57.23918468225747,0.717366635799408,0.7258312702178955,1.2962372303009033
ch2d,shared_jet_linear,20260920,80,65.65977872349322,0.6648055911064148,0.7378023862838745,1.1263148784637451
ch2d,shared_jet_linear,20260920,90,73.64585549104959,0.6421599388122559,0.8414483070373535,1.0844337940216064
ch2d,shared_jet_linear,20260920,100,81.76220653951168,0.6190460324287415,0.9062082171440125,1.029794692993164
ch2d,shared_jet_linear,20260920,110,90.15015570167452,0.6236198544502258,1.0365190505981445,0.9504553079605103
ch2d,shared_jet_linear,20260920,120,98.41079369094223,0.6497194170951843,1.2011208534240723,0.8605527877807617
ch2d,shared_jet_linear,20260920,130,106.64647015463561,0.635418176651001,1.2174409627914429,0.9491400122642517
ch2d,shared_jet_linear,20260920,140,114.67064741346985,0.6658968329429626,1.362173318862915,0.6529031991958618
ch2d,shared_jet_linear,20260920,150,122.82953789643943,0.6675301790237427,1.4114903211593628,0.8033084869384766
ch2d,shared_jet_linear,20260920,160,130.9406846323982,0.682568371295929,1.487404704093933,0.7120406627655029
ch2d,shared_jet_linear,20260920,170,138.9383696448058,0.6740914583206177,1.4965996742248535,0.6467202305793762
ch2d,shared_jet_linear,20260920,180,147.064174965024,0.6961044669151306,1.5565032958984375,0.7275843620300293
ch2d,shared_jet_linear,20260920,190,155.16893804166466,0.6647214293479919,1.4842529296875,0.6650365591049194
ch2d,shared_jet_linear,20260920,200,163.69741903990507,0.6710790991783142,1.4385384321212769,0.5733619928359985
ch2d,shared_jet_linear,20260920,210,171.87814076058567,0.6716396808624268,1.517296314239502,0.5662121176719666
ch2d,shared_jet_linear,20260920,220,180.32564175128937,0.6827298402786255,1.5242829322814941,0.6056575775146484
ch2d,shared_jet_linear,20260920,230,188.59912166371942,0.6313143968582153,1.326545238494873,0.5747886300086975
ch2d,shared_jet_linear,20260920,240,196.71034578699619,0.6360121965408325,1.3607797622680664,0.6028743982315063
ch2d,shared_jet_linear,20260920,250,205.23910923674703,0.6326679587364197,1.3961900472640991,0.5526034832000732
ch2d,shared_jet_linear,20260920,260,213.41717714536935,0.6099422574043274,1.3207746744155884,0.5287602543830872
ch2d,shared_jet_linear,20260920,270,221.9131633238867,0.6041194200515747,1.2414023876190186,0.5067514181137085
ch2d,shared_jet_linear,20260920,280,229.90420099068433,0.6133674383163452,1.325043797492981,0.4821508526802063
ch2d,shared_jet_linear,20260920,290,237.77494193520397,0.5860506892204285,1.2158665657043457,0.48480546474456787
ch2d,shared_jet_linear,20260920,300,245.80109944567084,0.5781728029251099,1.1961876153945923,0.5242007374763489
ch2d,shared_jet_linear,20260920,310,253.6985609838739,0.5723872780799866,1.1987714767456055,0.4418981671333313
ch2d,shared_jet_linear,20260920,320,261.95367715973407,0.5665809512138367,1.175866961479187,0.41466206312179565
ch2d,shared_jet_linear,20260920,330,270.44184341002256,0.563980221748352,1.1289646625518799,0.43677055835723877
ch2d,shared_jet_linear,20260920,340,278.86254060734063,0.5362548232078552,1.1042917966842651,0.42270779609680176
ch2d,shared_jet_linear,20260920,350,287.3400710783899,0.5373214483261108,1.074242353439331,0.3926907181739807
ch2d,shared_jet_linear,20260920,360,295.4483520658687,0.531007707118988,1.0314273834228516,0.4157036542892456
ch2d,shared_jet_linear,20260920,370,303.44069135095924,0.514363706111908,1.0266749858856201,0.3980390131473541
ch2d,shared_jet_linear,20260920,380,311.6607986772433,0.5043636560440063,0.9556304216384888,0.3820861577987671
ch2d,shared_jet_linear,20260920,390,319.8533524889499,0.489180326461792,0.946281373500824,0.3705187439918518
ch2d,shared_jet_linear,20260920,400,328.0415762020275,0.47316479682922363,0.8980987071990967,0.3429268002510071
ch2d,shared_jet_linear,20260920,410,335.77492475230247,0.4820425808429718,0.898813009262085,0.3373456299304962
ch2d,shared_jet_linear,20260920,420,343.92715245485306,0.48028239607810974,0.9087110757827759,0.3524984121322632
ch2d,shared_jet_linear,20260920,430,351.9215904902667,0.460295706987381,0.8559222221374512,0.35179948806762695
ch2d,shared_jet_linear,20260920,440,359.9679104248062,0.4703526198863983,0.8749681711196899,0.29606300592422485
ch2d,shared_jet_linear,20260920,450,368.0007245251909,0.4375794231891632,0.7823535799980164,0.31071770191192627
ch2d,shared_jet_linear,20260920,460,375.86625764891505,0.44782570004463196,0.8106726408004761,0.29555320739746094
ch2d,shared_jet_linear,20260920,470,384.00954529456794,0.4309464693069458,0.7730003595352173,0.2737385332584381
ch2d,shared_jet_linear,20260920,480,392.19790392462164,0.42945751547813416,0.7446463108062744,0.3257021903991699
ch2d,shared_jet_linear,20260920,490,400.32074235007167,0.4330536127090454,0.7675634622573853,0.2855291962623596
ch2d,shared_jet_linear,20260920,500,408.63812713325024,0.39273789525032043,0.6577285528182983,0.28560730814933777
ch2d,shared_jet_linear,20260920,510,416.63270777557045,0.38777124881744385,0.6364679932594299,0.2802722454071045
ch2d,shared_jet_linear,20260920,520,424.79949731286615,0.400706022977829,0.647382378578186,0.2623884677886963
ch2d,shared_jet_linear,20260920,530,432.94173864554614,0.381343811750412,0.6072015166282654,0.2636891007423401
ch2d,shared_jet_linear,20260920,540,441.2314340984449,0.3802383244037628,0.6097910404205322,0.23453839123249054
ch2d,shared_jet_linear,20260920,550,449.6211208263412,0.3651832938194275,0.577104926109314,0.24475374817848206
ch2d,shared_jet_linear,20260920,560,457.7538734925911,0.36654898524284363,0.572032630443573,0.2347152829170227
ch2d,shared_jet_linear,20260920,570,466.5990796415135,0.3568354547023773,0.5548964738845825,0.22559542953968048
ch2d,shared_jet_linear,20260920,580,474.76078384835273,0.3702435791492462,0.6070095300674438,0.2184702455997467
ch2d,shared_jet_linear,20260920,590,483.1183911152184,0.34694796800613403,0.5511764883995056,0.2237091064453125
ch2d,shared_jet_linear,20260920,600,491.49750129133463,0.3598291575908661,0.5837666392326355,0.21454934775829315
ch2d,shared_jet_linear,20260920,610,500.20959780272096,0.3376702070236206,0.5236470103263855,0.2120601236820221
ch2d,shared_jet_linear,20260920,620,508.2360332040116,0.3177579641342163,0.49512574076652527,0.21849408745765686
ch2d,shared_jet_linear,20260920,630,516.3446108940989,0.31426340341567993,0.4921374022960663,0.21791954338550568
ch2d,shared_jet_linear,20260920,640,524.3788236696273,0.3205084800720215,0.5173985362052917,0.19769875705242157
ch2d,shared_jet_linear,20260920,650,532.7647629538551,0.302661269903183,0.4704320430755615,0.19365081191062927
ch2d,shared_jet_linear,20260920,660,540.5672399494797,0.3208928108215332,0.4909107983112335,0.18437829613685608
ch2d,shared_jet_linear,20260920,670,548.5212050657719,0.3083704113960266,0.4799199402332306,0.1847333014011383
ch2d,shared_jet_linear,20260920,680,557.0112633742392,0.2969125509262085,0.4739084541797638,0.18583479523658752
ch2d,shared_jet_linear,20260920,690,565.1302071213722,0.2993590235710144,0.4897875189781189,0.18404611945152283
ch2d,shared_jet_linear,20260920,700,573.0355898216367,0.2804451584815979,0.46693557500839233,0.17935258150100708
ch2d,shared_jet_linear,20260920,710,581.1255594575778,0.278975248336792,0.4552265405654907,0.18385764956474304
ch2d,shared_jet_linear,20260920,720,589.790330901742,0.2848793864250183,0.4746858775615692,0.15931987762451172
ch2d,shared_jet_linear,20260920,730,597.7745177149773,0.306122750043869,0.5420590043067932,0.1855999231338501
ch2d,shared_jet_linear,20260920,740,605.7672932809219,0.2787427008152008,0.45971235632896423,0.16012123227119446
ch2d,shared_jet_linear,20260920,750,613.8940740916878,0.28347352147102356,0.4490843415260315,0.15837863087654114
ch2d,shared_jet_linear,20260920,760,622.4791537420824,0.27681687474250793,0.44377171993255615,0.15171745419502258
ch2d,shared_jet_linear,20260920,770,630.5321640372276,0.2590496838092804,0.4448825418949127,0.15731415152549744
ch2d,shared_jet_linear,20260920,780,638.7167061092332,0.26517584919929504,0.4694433808326721,0.15463584661483765
ch2d,shared_jet_linear,20260920,790,647.0729745188728,0.2595102787017822,0.47623878717422485,0.1455077826976776
ch2d,shared_jet_linear,20260920,800,654.9440264785662,0.26277151703834534,0.48882946372032166,0.13680113852024078
ch2d,shared_jet_linear,20260920,810,663.2825598446652,0.25221142172813416,0.4611898958683014,0.14522311091423035
ch2d,shared_jet_linear,20260920,820,671.3869153931737,0.24838915467262268,0.4270790219306946,0.13919907808303833
ch2d,shared_jet_linear,20260920,830,679.4778731651604,0.2537359893321991,0.46307820081710815,0.14681968092918396
ch2d,shared_jet_linear,20260920,840,687.5074414983392,0.23438909649848938,0.4330802857875824,0.15915000438690186
ch2d,shared_jet_linear,20260920,850,695.6742121148854,0.26203641295433044,0.5173699259757996,0.1477590799331665
ch2d,shared_jet_linear,20260920,860,703.6963132647797,0.24776528775691986,0.4829708933830261,0.1342422068119049
ch2d,shared_jet_linear,20260920,870,711.6619261195883,0.23148687183856964,0.4461962878704071,0.12048959732055664
ch2d,shared_jet_linear,20260920,880,719.5702153872699,0.23517689108848572,0.4537414014339447,0.12064811587333679
ch2d,shared_jet_linear,20260920,890,727.5091509046033,0.24652288854122162,0.4999818503856659,0.12614256143569946
ch2d,shared_jet_linear,20260920,900,735.6913985488936,0.2372450828552246,0.46480560302734375,0.12910856306552887
ch2d,shared_jet_linear,20260920,910,743.5229005552828,0.2409578561782837,0.4853666424751282,0.11930496245622635
ch2d,shared_jet_linear,20260920,920,751.6268571764231,0.22016200423240662,0.45787566900253296,0.11309695243835449
ch2d,shared_jet_linear,20260920,930,759.4136275453493,0.23227544128894806,0.49243947863578796,0.13262735307216644
ch2d,shared_jet_linear,20260920,940,767.9479008009657,0.22929513454437256,0.4958939552307129,0.12324871122837067
ch2d,shared_jet_linear,20260920,950,776.0428374400362,0.2589413821697235,0.5557044744491577,0.10991883277893066
ch2d,shared_jet_linear,20260920,960,784.0221443455666,0.28276339173316956,0.5841808915138245,0.0987430065870285
ch2d,shared_jet_linear,20260920,970,791.7434582551941,0.25438112020492554,0.5415464639663696,0.10106223076581955
ch2d,shared_jet_linear,20260920,980,799.8055034773424,0.24011455476284027,0.5211321115493774,0.10547766834497452
ch2d,shared_jet_linear,20260920,990,807.8974782945588,0.24176302552223206,0.5068086981773376,0.10304206609725952
ch2d,shared_jet_linear,20260920,1000,815.9811989916489,0.27176713943481445,0.5735788345336914,0.09784461557865143
ch2d,shared_jet_linear,20260920,1010,823.7997722551227,0.24411116540431976,0.5193480253219604,0.10560525953769684
ch2d,shared_jet_linear,20260920,1020,831.8201421862468,0.20383621752262115,0.4424065053462982,0.10458429157733917
ch2d,shared_jet_linear,20260920,1030,839.9185731550679,0.20508304238319397,0.4444984197616577,0.09315352141857147
ch2d,shared_jet_linear,20260920,1040,847.8135844124481,0.193604975938797,0.4330078363418579,0.09615124762058258
ch2d,shared_jet_linear,20260920,1050,855.7093791179359,0.19040614366531372,0.42556408047676086,0.0888892263174057
ch2d,shared_jet_linear,20260920,1060,863.6818421306089,0.21072056889533997,0.45507845282554626,0.09517048299312592
ch2d,shared_jet_linear,20260920,1070,871.7470987578854,0.2187502533197403,0.4775101840496063,0.08456720411777496
ch2d,shared_jet_linear,20260920,1080,879.6263504559174,0.21328085660934448,0.48437559604644775,0.09588239341974258
ch2d,shared_jet_linear,20260920,1090,887.9278238704428,0.18873299658298492,0.4534342586994171,0.08381137251853943
ch2d,shared_jet_linear,20260920,1100,895.9378732154146,0.18772780895233154,0.44492220878601074,0.0933619886636734
ch2d,shared_jet_linear,20260920,1110,903.6371314376593,0.19584544003009796,0.4390265643596649,0.090622179210186
ch2d,shared_jet_linear,20260920,1120,911.4575853608549,0.1991357058286667,0.452881395816803,0.077010378241539
ch2d,shared_jet_linear,20260920,1130,919.0646294904873,0.17759661376476288,0.41177812218666077,0.08359465003013611
ch2d,shared_jet_linear,20260920,1140,927.0464871451259,0.18124154210090637,0.4185745418071747,0.07976440340280533
ch2d,shared_jet_linear,20260920,1150,935.8097647121176,0.18505996465682983,0.4314703941345215,0.0879330188035965
ch2d,shared_jet_linear,20260920,1160,943.7336349524558,0.16668236255645752,0.39391347765922546,0.076148122549057
ch2d,shared_jet_linear,20260920,1170,951.9283350519836,0.17672285437583923,0.4060935378074646,0.08072829246520996
ch2d,shared_jet_linear,20260920,1180,960.1501572690904,0.19901368021965027,0.4629981815814972,0.07658939063549042
ch2d,shared_jet_linear,20260920,1190,967.9214207008481,0.17731232941150665,0.42166867852211,0.08001716434955597
ch2d,shared_jet_linear,20260920,1200,975.6356052905321,0.15680058300495148,0.37125203013420105,0.08077806234359741
ch2d,shared_jet_linear,20260920,1210,983.3831483479589,0.17049631476402283,0.3878649175167084,0.07845015823841095
ch2d,shared_jet_linear,20260920,1220,991.5828311918303,0.1527397781610489,0.35763686895370483,0.07730880379676819
ch2d,shared_jet_linear,20260920,1230,1000.0468870243058,0.16423745453357697,0.40091270208358765,0.07172179222106934
ch2d,shared_jet_linear,20260920,1240,1007.9882989386097,0.15863634645938873,0.3928070068359375,0.0672936886548996
ch2d,shared_jet_linear,20260920,1250,1016.0278804721311,0.14776943624019623,0.3552734851837158,0.07775434106588364
ch2d,shared_jet_linear,20260920,1260,1023.7673549037427,0.18476669490337372,0.4248879551887512,0.06560008972883224
ch2d,shared_jet_linear,20260920,1270,1031.527693866752,0.17971454560756683,0.4311322569847107,0.06765194237232208
ch2d,shared_jet_linear,20260920,1280,1039.7669360293075,0.14429132640361786,0.34910067915916443,0.06544891744852066
ch2d,shared_jet_linear,20260920,1290,1047.8415445042774,0.13312861323356628,0.32128703594207764,0.06316579878330231
ch2d,shared_jet_linear,20260920,1300,1055.5714632021263,0.15484246611595154,0.3693099617958069,0.06606575846672058
ch2d,shared_jet_linear,20260920,1310,1063.923068122007,0.14205273985862732,0.3396943509578705,0.06639356911182404
ch2d,shared_jet_linear,20260920,1320,1072.16046516411,0.1379479467868805,0.3323419690132141,0.0657130628824234
ch2d,shared_jet_linear,20260920,1330,1080.096334470436,0.1423814743757248,0.3387824594974518,0.07383514940738678
ch2d,shared_jet_linear,20260920,1340,1088.039773949422,0.12862415611743927,0.30741626024246216,0.05934486165642738
ch2d,shared_jet_linear,20260920,1350,1096.082571835257,0.12927894294261932,0.2907154858112335,0.05869917944073677
ch2d,shared_jet_linear,20260920,1360,1104.1764845093712,0.11817231774330139,0.28308460116386414,0.07121933251619339
ch2d,shared_jet_linear,20260920,1370,1112.4099887702614,0.1266813725233078,0.30966460704803467,0.062000203877687454
ch2d,shared_jet_linear,20260920,1380,1120.61216664128,0.13086970150470734,0.3260265588760376,0.054854847490787506
ch2d,shared_jet_linear,20260920,1390,1128.555986823514,0.12488404661417007,0.30388885736465454,0.06125490739941597
ch2d,shared_jet_linear,20260920,1400,1136.5181697160006,0.14366143941879272,0.33301278948783875,0.06645195186138153
ch2d,shared_jet_linear,20260920,1410,1144.3845035284758,0.12586431205272675,0.29309341311454773,0.0654788464307785
ch2d,shared_jet_linear,20260920,1420,1152.4397881664336,0.1436479389667511,0.3418463170528412,0.05690880864858627
ch2d,shared_jet_linear,20260920,1430,1160.2639104155824,0.12402769923210144,0.3244783282279968,0.0627594143152237
ch2d,shared_jet_linear,20260920,1440,1168.2607809063047,0.12114448100328445,0.27675941586494446,0.04952361807227135
ch2d,shared_jet_linear,20260920,1450,1176.162214112468,0.129713237285614,0.32245704531669617,0.0566299706697464
ch2d,shared_jet_linear,20260920,1460,1184.2578532975167,0.12450692802667618,0.30511918663978577,0.06233423575758934
ch2d,shared_jet_linear,20260920,1470,1192.529103028588,0.12193422764539719,0.2857632040977478,0.057732388377189636
ch2d,shared_jet_linear,20260920,1480,1200.4333052700385,0.11832809448242188,0.2510112524032593,0.06165577843785286
ch2d,shared_jet_linear,20260920,1490,1208.2803049730137,0.13363267481327057,0.31550535559654236,0.05350698158144951
ch2d,shared_jet_linear,20260920,1500,1216.366809533909,0.1096448227763176,0.2230048030614853,0.06007298827171326
ch2d,nested_jvp,20260921,0,0.0,1.2002668380737305,1.512304425239563,
ch2d,nested_jvp,20260921,10,15.089995256625116,0.9866660833358765,1.0252563953399658,1.4887340068817139
ch2d,nested_jvp,20260921,20,31.511818152852356,0.9322184920310974,0.8897170424461365,1.4858105182647705
ch2d,nested_jvp,20260921,30,48.22352357022464,0.9175985455513,0.8924455046653748,1.4773008823394775
ch2d,nested_jvp,20260921,40,62.91044397559017,0.8652203679084778,0.7915000319480896,1.4503049850463867
ch2d,nested_jvp,20260921,50,77.50567835289985,0.8388465046882629,0.7800267338752747,1.400017499923706
ch2d,nested_jvp,20260921,60,93.26445401180536,0.7897204756736755,0.6984382271766663,1.3111273050308228
ch2d,nested_jvp,20260921,70,107.68000287935138,0.7639851570129395,0.7427319288253784,1.3485517501831055
ch2d,nested_jvp,20260921,80,123.11786017287523,0.7340472340583801,0.7836099863052368,1.2505148649215698
ch2d,nested_jvp,20260921,90,138.73470572475344,0.7092693448066711,0.8286917805671692,1.1086909770965576
ch2d,nested_jvp,20260921,100,154.71587414946407,0.6667963862419128,0.7639500498771667,1.2795207500457764
ch2d,nested_jvp,20260921,110,169.74568331241608,0.6602292060852051,0.8474061489105225,1.0736311674118042
ch2d,nested_jvp,20260921,120,187.9707455523312,0.6427331566810608,0.8382673263549805,1.028745174407959
ch2d,nested_jvp,20260921,130,202.34273056779057,0.6211258769035339,0.7890227437019348,0.9416542053222656
ch2d,nested_jvp,20260921,140,218.00784256402403,0.5955227017402649,0.7366750240325928,0.9728338718414307
ch2d,nested_jvp,20260921,150,234.40688104182482,0.569197952747345,0.6937563419342041,0.94770348072052
ch2d,nested_jvp,20260921,160,249.66092545632273,0.5545796751976013,0.7095938324928284,0.7925167083740234
ch2d,nested_jvp,20260921,170,266.4002240849659,0.5423188209533691,0.7224940061569214,0.8880859613418579
ch2d,nested_jvp,20260921,180,282.4789039371535,0.5456928610801697,0.7999662160873413,0.717812716960907
ch2d,nested_jvp,20260921,190,298.0126021569595,0.5661096572875977,0.9410643577575684,0.7172598838806152
ch2d,nested_jvp,20260921,200,314.00142214167863,0.5590560436248779,0.9795120358467102,0.6691062450408936
ch2d,nested_jvp,20260921,210,329.7773408787325,0.6119942665100098,1.1734625101089478,0.5423732399940491
ch2d,nested_jvp,20260921,220,345.63505014497787,0.5771465301513672,1.0826420783996582,0.5768912434577942
ch2d,nested_jvp,20260921,230,360.8934136349708,0.5737542510032654,1.0782421827316284,0.5476660132408142
ch2d,nested_jvp,20260921,240,375.3719701403752,0.5599762201309204,1.0474077463150024,0.5356820821762085
ch2d,nested_jvp,20260921,250,390.74070708919317,0.561177670955658,1.0571887493133545,0.5608261823654175
ch2d,nested_jvp,20260921,260,407.70362505409867,0.5346935987472534,1.0201826095581055,0.4821081757545471
ch2d,nested_jvp,20260921,270,422.56917290668935,0.53853440284729,1.0181859731674194,0.4226795434951782
ch2d,nested_jvp,20260921,280,437.51146313361824,0.5007097125053406,0.9135836362838745,0.4739796221256256
ch2d,nested_jvp,20260921,290,452.2424652688205,0.5207023024559021,0.9647818803787231,0.46498382091522217
ch2d,nested_jvp,20260921,300,471.02070861589164,0.4817485213279724,0.8783251643180847,0.4132307469844818
ch2d,nested_jvp,20260921,310,487.4736908711493,0.551513135433197,1.0399341583251953,0.38415831327438354
ch2d,nested_jvp,20260921,320,502.767398763448,0.4672068655490875,0.8358643651008606,0.3987177312374115
ch2d,nested_jvp,20260921,330,518.3230011789128,0.4872426688671112,0.8973274230957031,0.35694408416748047
ch2d,nested_jvp,20260921,340,536.5077703278512,0.4639834761619568,0.8411816954612732,0.377485066652298
ch2d,nested_jvp,20260921,350,552.0755092883483,0.4669288396835327,0.8523641228675842,0.3777635097503662
ch2d,nested_jvp,20260921,360,566.7854797905311,0.45557430386543274,0.8185985684394836,0.36256474256515503
ch2d,nested_jvp,20260921,370,583.0392138166353,0.4409177303314209,0.769478440284729,0.3645433187484741
ch2d,nested_jvp,20260921,380,600.3856195304543,0.44047877192497253,0.7524526715278625,0.3704637587070465
ch2d,nested_jvp,20260921,390,617.3142025694251,0.42421215772628784,0.722815752029419,0.35035693645477295
ch2d,nested_jvp,20260921,400,634.1489900164306,0.4404781460762024,0.7476270198822021,0.3507266044616699
ch2d,nested_jvp,20260921,410,650.7633974635974,0.41210007667541504,0.68980473279953,0.33458614349365234
ch2d,nested_jvp,20260921,420,668.2274195840582,0.4036635160446167,0.6692818999290466,0.3371582627296448
ch2d,nested_jvp,20260921,430,684.3262251578271,0.4021417498588562,0.6638982892036438,0.2857801616191864
ch2d,nested_jvp,20260921,440,701.8450157409534,0.39476755261421204,0.6374313235282898,0.30765023827552795
ch2d,nested_jvp,20260921,450,718.3602030090988,0.3892586827278137,0.6243577599525452,0.2855713367462158
ch2d,nested_jvp,20260921,460,734.0672464380041,0.38291725516319275,0.6032009124755859,0.29800617694854736
ch2d,nested_jvp,20260921,470,750.4680604655296,0.38837283849716187,0.6033332943916321,0.29727494716644287
ch2d,nested_jvp,20260921,480,766.2845030063763,0.38334792852401733,0.6160410046577454,0.26284462213516235
ch2d,nested_jvp,20260921,490,781.6377512570471,0.37266838550567627,0.582674503326416,0.2866605818271637
ch2d,nested_jvp,20260921,500,797.5584072200581,0.3583281934261322,0.5209751725196838,0.25775691866874695
ch2d,nested_jvp,20260921,510,813.0867393687367,0.3593445122241974,0.5359339118003845,0.25342026352882385
ch2d,nested_jvp,20260921,520,829.1711724437773,0.37889209389686584,0.596924901008606,0.2662273645401001
ch2d,nested_jvp,20260921,530,844.1857604049146,0.3697943687438965,0.5842534899711609,0.25149044394493103
ch2d,nested_jvp,20260921,540,860.2159559978172,0.3459209203720093,0.48476630449295044,0.25717779994010925
ch2d,nested_jvp,20260921,550,875.1838857699186,0.33991891145706177,0.47870349884033203,0.2574072480201721
ch2d,nested_jvp,20260921,560,891.0400207154453,0.3476312458515167,0.5072963833808899,0.25075453519821167
ch2d,nested_jvp,20260921,570,908.7531043924391,0.33212271332740784,0.4668743908405304,0.25079891085624695
ch2d,nested_jvp,20260921,580,924.5049484511837,0.3279508650302887,0.4684491455554962,0.21730385720729828
ch2d,nested_jvp,20260921,590,939.7528507523239,0.33116963505744934,0.49806082248687744,0.23892511427402496
ch2d,nested_jvp,20260921,600,956.3830161551014,0.3272526264190674,0.48462048172950745,0.2335478961467743
ch2d,nested_jvp,20260921,610,972.2727481788024,0.32083773612976074,0.47098448872566223,0.21421480178833008
ch2d,nested_jvp,20260921,620,989.6875374037772,0.3070579767227173,0.40587517619132996,0.2070816606283188
ch2d,nested_jvp,20260921,630,1007.294392105192,0.2919398248195648,0.3813897669315338,0.22732748091220856
ch2d,nested_jvp,20260921,640,1023.9249773332849,0.28953349590301514,0.37948712706565857,0.19213029742240906
ch2d,nested_jvp,20260921,650,1041.1787382168695,0.3032408058643341,0.428768515586853,0.2098606824874878
ch2d,nested_jvp,20260921,660,1059.4468195904046,0.308043509721756,0.4669612646102905,0.20680707693099976
ch2d,nested_jvp,20260921,670,1077.704522486776,0.32065850496292114,0.5047738552093506,0.21356624364852905
ch2d,nested_jvp,20260921,680,1094.2873855074868,0.28739938139915466,0.40096238255500793,0.18297940492630005
ch2d,nested_jvp,20260921,690,1109.1616492159665,0.2683773636817932,0.33129653334617615,0.18210691213607788
ch2d,nested_jvp,20260921,700,1124.549499342218,0.2670556306838989,0.3445990979671478,0.1988116204738617
ch2d,nested_jvp,20260921,710,1139.0882866103202,0.2515271008014679,0.3164210915565491,0.18443191051483154
ch2d,nested_jvp,20260921,720,1154.3795738620684,0.25960150361061096,0.3681248724460602,0.17799708247184753
ch2d,nested_jvp,20260921,730,1169.036190240644,0.25505462288856506,0.32138657569885254,0.19377298653125763
ch2d,nested_jvp,20260921,740,1184.7848282214254,0.28467056155204773,0.45844289660453796,0.16797924041748047
ch2d,nested_jvp,20260921,750,1199.550258923322,0.2569339871406555,0.3875437080860138,0.17130854725837708
ch2d,nested_jvp,20260921,760,1215.7904896307737,0.2520263195037842,0.3818351924419403,0.17407050728797913
ch2d,nested_jvp,20260921,770,1232.7913749972358,0.23796133697032928,0.3236580491065979,0.17206457257270813
ch2d,nested_jvp,20260921,780,1249.5002954732627,0.24284790456295013,0.35322362184524536,0.1634669452905655
ch2d,nested_jvp,20260921,790,1266.2388524478301,0.2502704858779907,0.3635774254798889,0.1539423018693924
ch2d,nested_jvp,20260921,800,1282.7660033432767,0.22903653979301453,0.2977348566055298,0.17097268998622894
ch2d,nested_jvp,20260921,810,1299.0257664555684,0.23903222382068634,0.27963122725486755,0.160523921251297
ch2d,nested_jvp,20260921,820,1314.9028333462775,0.22230789065361023,0.32437369227409363,0.1438036561012268
ch2d,nested_jvp,20260921,830,1331.3161065308377,0.22061842679977417,0.3298224210739136,0.1469346433877945
ch2d,nested_jvp,20260921,840,1346.9513505194336,0.2276889830827713,0.3795507252216339,0.15124931931495667
ch2d,nested_jvp,20260921,850,1363.0239714663476,0.22745229303836823,0.33820590376853943,0.14719195663928986
ch2d,nested_jvp,20260921,860,1380.1112309359014,0.2639942169189453,0.4784952402114868,0.1480637490749359
ch2d,nested_jvp,20260921,870,1395.3541884403676,0.23285149037837982,0.3809821307659149,0.1503680944442749
ch2d,nested_jvp,20260921,880,1412.2808128260076,0.20087271928787231,0.2630389630794525,0.15626990795135498
ch2d,nested_jvp,20260921,890,1428.3965675141662,0.23729810118675232,0.2536652982234955,0.14673569798469543
ch2d,nested_jvp,20260921,900,1442.86794210691,0.20703814923763275,0.25810524821281433,0.14989259839057922
ch2d,nested_jvp,20260921,910,1457.4841630589217,0.18899184465408325,0.27113646268844604,0.14985574781894684
ch2d,nested_jvp,20260921,920,1473.1472470117733,0.20820561051368713,0.3575631082057953,0.1304185390472412
ch2d,nested_jvp,20260921,930,1488.0432687299326,0.19063608348369598,0.2910369634628296,0.1287350356578827
ch2d,nested_jvp,20260921,940,1504.3167969575152,0.19305332005023956,0.29334235191345215,0.11542715132236481
ch2d,nested_jvp,20260921,950,1521.0124282659963,0.18713711202144623,0.2790224850177765,0.1302749365568161
ch2d,nested_jvp,20260921,960,1538.6226972043514,0.17892728745937347,0.26600104570388794,0.13031980395317078
ch2d,nested_jvp,20260921,970,1555.8008796712384,0.17039871215820312,0.2690410315990448,0.11379912495613098
ch2d,nested_jvp,20260921,980,1573.3950752485543,0.18066765367984772,0.28577062487602234,0.1063135415315628
ch2d,nested_jvp,20260921,990,1588.4614810654894,0.20947818458080292,0.360035240650177,0.11830175668001175
ch2d,nested_jvp,20260921,1000,1605.5326809212565,0.17579276859760284,0.29271450638771057,0.1200762465596199
ch2d,nested_jvp,20260921,1010,1620.6837655836716,0.1931953877210617,0.34364187717437744,0.10435925424098969
ch2d,nested_jvp,20260921,1020,1635.0734182037413,0.17926128208637238,0.30727216601371765,0.11286402493715286
ch2d,nested_jvp,20260921,1030,1650.9279164718464,0.1673951894044876,0.28858938813209534,0.09862972795963287
ch2d,nested_jvp,20260921,1040,1667.9774413825944,0.15853695571422577,0.25922664999961853,0.11663040518760681
ch2d,nested_jvp,20260921,1050,1685.1993003217503,0.16451463103294373,0.2912907898426056,0.10998979210853577
ch2d,nested_jvp,20260921,1060,1701.226333935745,0.15995770692825317,0.2700542211532593,0.10950344800949097
ch2d,nested_jvp,20260921,1070,1717.0949847446755,0.15104998648166656,0.269489049911499,0.1058274656534195
ch2d,nested_jvp,20260921,1080,1732.9600106533617,0.17110437154769897,0.30136290192604065,0.10236547142267227
ch2d,nested_jvp,20260921,1090,1751.302998913452,0.15248844027519226,0.2572118937969208,0.10281416773796082
ch2d,nested_jvp,20260921,1100,1767.5476308902726,0.15086805820465088,0.26968371868133545,0.10808739066123962
ch2d,nested_jvp,20260921,1110,1783.0386784486473,0.1608296036720276,0.25483307242393494,0.09831426292657852
ch2d,nested_jvp,20260921,1120,1799.9797863457352,0.18001878261566162,0.3255378007888794,0.10557632148265839
ch2d,nested_jvp,20260921,1130,1817.8330408371985,0.16089265048503876,0.3013060986995697,0.10426647961139679
ch2d,nested_jvp,20260921,1140,1833.5274260826409,0.1472262740135193,0.24723051488399506,0.10026348382234573
ch2d,nested_jvp,20260921,1150,1850.6429880475625,0.1909620314836502,0.3603287935256958,0.09712009876966476
ch2d,nested_jvp,20260921,1160,1867.670409728773,0.13948708772659302,0.24933694303035736,0.09220560640096664
ch2d,nested_jvp,20260921,1170,1884.544929892756,0.14233559370040894,0.2365342080593109,0.09962502121925354
ch2d,nested_jvp,20260921,1180,1901.2531510088593,0.1743014007806778,0.32444143295288086,0.0878998190164566
ch2d,nested_jvp,20260921,1190,1916.1103381793946,0.13817568123340607,0.2508018910884857,0.09480626881122589
ch2d,nested_jvp,20260921,1200,1933.2625036397949,0.1355466991662979,0.2628690004348755,0.08064116537570953
ch2d,nested_jvp,20260921,1210,1948.3845625501126,0.13367433845996857,0.2448517084121704,0.08936275541782379
ch2d,nested_jvp,20260921,1220,1965.1750771515071,0.14792393147945404,0.3134182095527649,0.09177001565694809
ch2d,nested_jvp,20260921,1230,1981.2599497865885,0.13254016637802124,0.2507273554801941,0.08664446324110031
ch2d,nested_jvp,20260921,1240,1997.4712844053283,0.13434447348117828,0.2604057490825653,0.07835648953914642
ch2d,nested_jvp,20260921,1250,2012.476379206404,0.13551776111125946,0.2896457314491272,0.08531072735786438
ch2d,nested_jvp,20260921,1260,2027.4314014483243,0.1421627402305603,0.2943485677242279,0.08786758780479431
ch2d,nested_jvp,20260921,1270,2041.812410657294,0.1428450495004654,0.282012015581131,0.0920434296131134
ch2d,nested_jvp,20260921,1280,2057.695426842198,0.1404391974210739,0.2704557180404663,0.08363819122314453
ch2d,nested_jvp,20260921,1290,2074.7084792200476,0.1409331113100052,0.2917526364326477,0.08387450873851776
ch2d,nested_jvp,20260921,1300,2091.791769374162,0.13187606632709503,0.27443206310272217,0.08369290083646774
ch2d,nested_jvp,20260921,1310,2107.8467264287174,0.14073710143566132,0.2924388647079468,0.07742246240377426
ch2d,nested_jvp,20260921,1320,2123.773432719521,0.12557770311832428,0.2370130866765976,0.08019544929265976
ch2d,nested_jvp,20260921,1330,2138.3111627670005,0.1225350946187973,0.24108979105949402,0.08225558698177338
ch2d,nested_jvp,20260921,1340,2153.7398256110027,0.12683933973312378,0.23144470155239105,0.08107070624828339
ch2d,nested_jvp,20260921,1350,2169.552673222497,0.1255272626876831,0.23771893978118896,0.07270058989524841
ch2d,nested_jvp,20260921,1360,2186.250819296576,0.13502900302410126,0.2861807644367218,0.07823030650615692
ch2d,nested_jvp,20260921,1370,2201.462750054896,0.12705393135547638,0.24982330203056335,0.07903686910867691
ch2d,nested_jvp,20260921,1380,2217.865467004478,0.1179080605506897,0.22348667681217194,0.07028120011091232
ch2d,nested_jvp,20260921,1390,2233.5551431830972,0.13392649590969086,0.27957454323768616,0.07245060801506042
ch2d,nested_jvp,20260921,1400,2249.6788605833426,0.11630161106586456,0.222072035074234,0.07737483084201813
ch2d,nested_jvp,20260921,1410,2264.585070787929,0.1396772712469101,0.2886793911457062,0.07697376608848572
ch2d,nested_jvp,20260921,1420,2279.857212660834,0.12572339177131653,0.2593343257904053,0.06841981410980225
ch2d,nested_jvp,20260921,1430,2294.2821118431166,0.11819979548454285,0.25063735246658325,0.07298169285058975
ch2d,nested_jvp,20260921,1440,2310.0281356312335,0.12012159079313278,0.24612881243228912,0.07923151552677155
ch2d,nested_jvp,20260921,1450,2326.7889075418934,0.13034901022911072,0.2757718563079834,0.08444886654615402
ch2d,nested_jvp,20260921,1460,2342.472554512322,0.1181531548500061,0.230577751994133,0.06407538801431656
ch2d,nested_jvp,20260921,1470,2357.740009153262,0.12186826020479202,0.26940664649009705,0.07065083831548691
ch2d,nested_jvp,20260921,1480,2373.734490520321,0.13177919387817383,0.2792910635471344,0.0687098503112793
ch2d,nested_jvp,20260921,1490,2391.4644793411717,0.11438564956188202,0.2556777000427246,0.06805871427059174
ch2d,nested_jvp,20260921,1500,2409.2246826021,0.13299846649169922,0.27938830852508545,0.07236289978027344
ch2d,shared_jet_linear,20260921,0,0.0,1.2002668380737305,1.512304425239563,
ch2d,shared_jet_linear,20260921,10,7.603991917334497,0.9866660833358765,1.0252563953399658,1.4887341260910034
ch2d,shared_jet_linear,20260921,20,15.156286396086216,0.9322184920310974,0.8897170424461365,1.4858105182647705
ch2d,shared_jet_linear,20260921,30,23.81135354191065,0.9175985455513,0.8924455046653748,1.477301001548767
ch2d,shared_jet_linear,20260921,40,32.45349233504385,0.8652203679084778,0.7915001511573792,1.4503049850463867
ch2d,shared_jet_linear,20260921,50,41.01947437599301,0.8388465046882629,0.7800267338752747,1.400017499923706
ch2d,shared_jet_linear,20260921,60,49.15571446251124,0.7897204756736755,0.698438286781311,1.3111273050308228
ch2d,shared_jet_linear,20260921,70,57.7022558208555,0.7639851570129395,0.7427319288253784,1.3485517501831055
ch2d,shared_jet_linear,20260921,80,66.37011245079339,0.7340472340583801,0.7836099863052368,1.2505148649215698
ch2d,shared_jet_linear,20260921,90,75.06176142115146,0.7092693448066711,0.8286917805671692,1.1086909770965576
ch2d,shared_jet_linear,20260921,100,84.6041380930692,0.6667963862419128,0.7639500498771667,1.2795207500457764
ch2d,shared_jet_linear,20260921,110,92.85552787873894,0.6602292060852051,0.8474061489105225,1.0736310482025146
ch2d,shared_jet_linear,20260921,120,100.6768866237253,0.6427331566810608,0.8382673263549805,1.028745174407959
ch2d,shared_jet_linear,20260921,130,109.15378900058568,0.6211258769035339,0.7890227437019348,0.9416542053222656
ch2d,shared_jet_linear,20260921,140,117.9530449686572,0.5955227613449097,0.7366750240325928,0.9728338718414307
ch2d,shared_jet_linear,20260921,150,125.75164912547916,0.569197952747345,0.6937564015388489,0.94770348072052
ch2d,shared_jet_linear,20260921,160,133.88841844256967,0.5545796751976013,0.7095938324928284,0.7925167083740234
ch2d,shared_jet_linear,20260921,170,142.25838947761804,0.5423188209533691,0.7224940061569214,0.8880859613418579
ch2d,shared_jet_linear,20260921,180,149.79474222287536,0.5456928610801697,0.7999661564826965,0.717812716960907
ch2d,shared_jet_linear,20260921,190,158.21997293643653,0.5661095976829529,0.9410642385482788,0.7172598838806152
ch2d,shared_jet_linear,20260921,200,166.0867664180696,0.5590560436248779,0.9795120358467102,0.6691062450408936
ch2d,shared_jet_linear,20260921,210,173.77327387221158,0.6119943261146545,1.1734625101089478,0.5423732399940491
ch2d,shared_jet_linear,20260921,220,183.426677884534,0.5771465301513672,1.0826419591903687,0.576891303062439
ch2d,shared_jet_linear,20260921,230,191.08686131238937,0.5737542510032654,1.0782421827316284,0.5476660132408142
ch2d,shared_jet_linear,20260921,240,198.6282749241218,0.5599762201309204,1.0474077463150024,0.5356820821762085
ch2d,shared_jet_linear,20260921,250,206.16883840132505,0.561177670955658,1.0571887493133545,0.5608261227607727
ch2d,shared_jet_linear,20260921,260,213.71073736809194,0.5346935987472534,1.0201826095581055,0.4821082055568695
ch2d,shared_jet_linear,20260921,270,222.27152881026268,0.5385343432426453,1.0181858539581299,0.4226795434951782
ch2d,shared_jet_linear,20260921,280,230.92112057562917,0.5007097125053406,0.9135836958885193,0.4739796221256256
ch2d,shared_jet_linear,20260921,290,239.4278751667589,0.5207023024559021,0.9647818803787231,0.46498382091522217
ch2d,shared_jet_linear,20260921,300,248.34851380530745,0.4817485213279724,0.8783251643180847,0.4132307469844818
ch2d,shared_jet_linear,20260921,310,257.0963889788836,0.5515131950378418,1.0399342775344849,0.38415831327438354
ch2d,shared_jet_linear,20260921,320,266.3573427135125,0.4672068655490875,0.8358643651008606,0.3987177610397339
ch2d,shared_jet_linear,20260921,330,275.2686096644029,0.4872426986694336,0.8973274827003479,0.35694408416748047
ch2d,shared_jet_linear,20260921,340,284.2341926796362,0.4639834761619568,0.8411816954612732,0.377485066652298
ch2d,shared_jet_linear,20260921,350,293.37583451066166,0.4669288694858551,0.8523642420768738,0.3777634799480438
ch2d,shared_jet_linear,20260921,360,302.0984206106514,0.4555743336677551,0.8185985684394836,0.36256474256515503
ch2d,shared_jet_linear,20260921,370,309.86626429483294,0.4409176707267761,0.769478440284729,0.3645433485507965
ch2d,shared_jet_linear,20260921,380,318.0262266546488,0.44047877192497253,0.7524526715278625,0.3704637885093689
ch2d,shared_jet_linear,20260921,390,326.55141105595976,0.42421215772628784,0.722815752029419,0.35035696625709534
ch2d,shared_jet_linear,20260921,400,334.6945313224569,0.44047811627388,0.7476269602775574,0.3507266342639923
ch2d,shared_jet_linear,20260921,410,342.5496428553015,0.41210007667541504,0.6898047924041748,0.33458608388900757
ch2d,shared_jet_linear,20260921,420,350.0630539255217,0.4036635160446167,0.6692818999290466,0.3371582627296448
ch2d,shared_jet_linear,20260921,430,358.1902661854401,0.4021417498588562,0.663898229598999,0.2857801914215088
ch2d,shared_jet_linear,20260921,440,366.31085136998445,0.39476752281188965,0.6374313235282898,0.30765023827552795
ch2d,shared_jet_linear,20260921,450,374.2194685181603,0.3892586827278137,0.6243577599525452,0.2855713367462158
ch2d,shared_jet_linear,20260921,460,381.8807155257091,0.38291725516319275,0.6032009124755859,0.29800623655319214
ch2d,shared_jet_linear,20260921,470,389.6025654748082,0.38837283849716187,0.6033332943916321,0.29727494716644287
ch2d,shared_jet_linear,20260921,480,397.1870131511241,0.38334792852401733,0.6160410046577454,0.26284462213516235
ch2d,shared_jet_linear,20260921,490,405.0243604276329,0.3726683557033539,0.5826743245124817,0.2866605520248413
ch2d,shared_jet_linear,20260921,500,412.555273745209,0.3583281934261322,0.5209751725196838,0.25775691866874695
ch2d,shared_jet_linear,20260921,510,420.5635407222435,0.3593445420265198,0.5359339118003845,0.25342026352882385
ch2d,shared_jet_linear,20260921,520,428.89389930758625,0.37889209389686584,0.5969248414039612,0.2662273943424225
ch2d,shared_jet_linear,20260921,530,436.9321460062638,0.3697943389415741,0.5842533707618713,0.25149044394493103
ch2d,shared_jet_linear,20260921,540,444.4735910836607,0.3459209203720093,0.48476624488830566,0.25717777013778687
ch2d,shared_jet_linear,20260921,550,451.9994578845799,0.33991891145706177,0.47870349884033203,0.2574072778224945
ch2d,shared_jet_linear,20260921,560,459.7579183615744,0.34763121604919434,0.5072962641716003,0.25075453519821167
ch2d,shared_jet_linear,20260921,570,468.84646541718394,0.33212268352508545,0.4668743312358856,0.25079894065856934
ch2d,shared_jet_linear,20260921,580,476.9564224956557,0.3279508352279663,0.4684491455554962,0.21730384230613708
ch2d,shared_jet_linear,20260921,590,485.09572884906083,0.33116963505744934,0.49806082248687744,0.23892515897750854
ch2d,shared_jet_linear,20260921,600,493.6102585103363,0.327252596616745,0.4846203029155731,0.2335478961467743
ch2d,shared_jet_linear,20260921,610,501.18078564479947,0.32083767652511597,0.4709843397140503,0.21421480178833008
ch2d,shared_jet_linear,20260921,620,509.42792797554284,0.3070579767227173,0.40587517619132996,0.2070816457271576
ch2d,shared_jet_linear,20260921,630,517.8520748959854,0.2919398248195648,0.381389856338501,0.22732752561569214
ch2d,shared_jet_linear,20260921,640,525.8891979064792,0.28953346610069275,0.3794870376586914,0.19213032722473145
ch2d,shared_jet_linear,20260921,650,533.4015898481011,0.3032408058643341,0.4287683665752411,0.2098606824874878
ch2d,shared_jet_linear,20260921,660,540.9345405148342,0.3080434799194336,0.4669611155986786,0.20680704712867737
ch2d,shared_jet_linear,20260921,670,548.4648662963882,0.320658415555954,0.5047736167907715,0.21356621384620667
ch2d,shared_jet_linear,20260921,680,556.9256661087275,0.2873993515968323,0.4009622633457184,0.18297940492630005
ch2d,shared_jet_linear,20260921,690,565.7650495590642,0.2683773338794708,0.33129653334617615,0.18210692703723907
ch2d,shared_jet_linear,20260921,700,574.1143976282328,0.2670556306838989,0.34459906816482544,0.1988116353750229
ch2d,shared_jet_linear,20260921,710,581.7308042412624,0.2515270709991455,0.31642115116119385,0.18443191051483154
ch2d,shared_jet_linear,20260921,720,589.3002482363954,0.25960150361061096,0.3681248724460602,0.17799708247184753
ch2d,shared_jet_linear,20260921,730,596.8487157179043,0.2550545632839203,0.32138651609420776,0.19377300143241882
ch2d,shared_jet_linear,20260921,740,604.6887134378776,0.2846705913543701,0.45844292640686035,0.16797930002212524
ch2d,shared_jet_linear,20260921,750,612.6248007435352,0.25693392753601074,0.3875434994697571,0.17130857706069946
ch2d,shared_jet_linear,20260921,760,620.2224391670898,0.2520262897014618,0.38183513283729553,0.17407050728797913
ch2d,shared_jet_linear,20260921,770,627.7228586841375,0.2379613071680069,0.32365792989730835,0.17206457257270813
ch2d,shared_jet_linear,20260921,780,636.0120863514021,0.24284790456295013,0.3532237410545349,0.16346696019172668
ch2d,shared_jet_linear,20260921,790,644.6758165936917,0.25027042627334595,0.36357730627059937,0.1539423018693924
ch2d,shared_jet_linear,20260921,800,652.322915806435,0.22903656959533691,0.2977348864078522,0.17097268998622894
ch2d,shared_jet_linear,20260921,810,660.0622440269217,0.23903222382068634,0.2796311378479004,0.160523921251297
ch2d,shared_jet_linear,20260921,820,667.8563308408484,0.22230789065361023,0.32437366247177124,0.1438036561012268
ch2d,shared_jet_linear,20260921,830,675.3985104886815,0.22061847150325775,0.32982271909713745,0.1469346433877945
ch2d,shared_jet_linear,20260921,840,682.8988153021783,0.2276890128850937,0.37955084443092346,0.15124927461147308
ch2d,shared_jet_linear,20260921,850,690.7482180595398,0.22745218873023987,0.33820563554763794,0.14719194173812866
ch2d,shared_jet_linear,20260921,860,699.472945840098,0.26399415731430054,0.47849515080451965,0.1480637490749359
ch2d,shared_jet_linear,20260921,870,707.606079201214,0.23285144567489624,0.3809819519519806,0.15036804974079132
ch2d,shared_jet_linear,20260921,880,715.9898318341002,0.20087271928787231,0.2630390226840973,0.15626990795135498
ch2d,shared_jet_linear,20260921,890,724.3903201809153,0.23729805648326874,0.2536652684211731,0.14673566818237305
ch2d,shared_jet_linear,20260921,900,732.6692854110152,0.207038015127182,0.25810497999191284,0.14989259839057922
ch2d,shared_jet_linear,20260921,910,740.4673414295539,0.18899185955524445,0.27113667130470276,0.14985574781894684
ch2d,shared_jet_linear,20260921,920,747.9878897126764,0.20820565521717072,0.3575631380081177,0.13041850924491882
ch2d,shared_jet_linear,20260921,930,756.1864545512944,0.1906360685825348,0.2910369336605072,0.1287350356578827
ch2d,shared_jet_linear,20260921,940,764.8658891934901,0.1930532306432724,0.29334208369255066,0.11542714387178421
ch2d,shared_jet_linear,20260921,950,772.8912236141041,0.18713714182376862,0.27902254462242126,0.1302749067544937
ch2d,shared_jet_linear,20260921,960,781.8330478724092,0.17892730236053467,0.2660011649131775,0.13031980395317078
ch2d,shared_jet_linear,20260921,970,790.7325841058046,0.17039868235588074,0.26904091238975525,0.11379915475845337
ch2d,shared_jet_linear,20260921,980,799.158940276131,0.1806676834821701,0.2857709228992462,0.10631352663040161
ch2d,shared_jet_linear,20260921,990,807.575009859167,0.20947813987731934,0.36003515124320984,0.11830174922943115
ch2d,shared_jet_linear,20260921,1000,816.1865700110793,0.17579278349876404,0.29271456599235535,0.1200762391090393
ch2d,shared_jet_linear,20260921,1010,823.7747221970931,0.1931954324245453,0.3436420261859894,0.10435926914215088
ch2d,shared_jet_linear,20260921,1020,831.9039842542261,0.17926131188869476,0.30727219581604004,0.11286403238773346
ch2d,shared_jet_linear,20260921,1030,840.2667490262538,0.16739515960216522,0.2885891795158386,0.09862972795963287
ch2d,shared_jet_linear,20260921,1040,848.8608059035614,0.15853694081306458,0.2592267096042633,0.11663039028644562
ch2d,shared_jet_linear,20260921,1050,857.4099032506347,0.16451460123062134,0.29129084944725037,0.10998979955911636
ch2d,shared_jet_linear,20260921,1060,865.0383905917406,0.15995772182941437,0.2700541913509369,0.10950343310832977
ch2d,shared_jet_linear,20260921,1070,872.513704626821,0.15104997158050537,0.26948896050453186,0.10582748055458069
ch2d,shared_jet_linear,20260921,1080,880.0028753401712,0.1711043417453766,0.30136287212371826,0.10236548632383347
ch2d,shared_jet_linear,20260921,1090,888.3509859861806,0.15248847007751465,0.25721195340156555,0.10281416773796082
ch2d,shared_jet_linear,20260921,1100,896.9902090355754,0.15086804330348969,0.2696836590766907,0.10808739811182022
ch2d,shared_jet_linear,20260921,1110,905.7700967388228,0.16082963347434998,0.2548331320285797,0.09831425547599792
ch2d,shared_jet_linear,20260921,1120,914.056858677417,0.1800188422203064,0.3255378305912018,0.10557630658149719
ch2d,shared_jet_linear,20260921,1130,921.6872197669,0.16089268028736115,0.30130594968795776,0.10426643490791321
ch2d,shared_jet_linear,20260921,1140,929.4431366156787,0.14722619950771332,0.24723029136657715,0.10026346892118454
ch2d,shared_jet_linear,20260921,1150,937.7976677166298,0.19096191227436066,0.3603285849094391,0.09712010622024536
ch2d,shared_jet_linear,20260921,1160,946.2751728128642,0.13948699831962585,0.24933679401874542,0.09220560640096664
ch2d,shared_jet_linear,20260921,1170,953.8490752074867,0.14233560860157013,0.2365342527627945,0.09962502866983414
ch2d,shared_jet_linear,20260921,1180,962.714445897378,0.17430149018764496,0.3244416117668152,0.0878998190164566
ch2d,shared_jet_linear,20260921,1190,972.1543450774625,0.13817563652992249,0.2508016526699066,0.0948062539100647
ch2d,shared_jet_linear,20260921,1200,981.9799932595342,0.1355467289686203,0.2628691792488098,0.08064115047454834
ch2d,shared_jet_linear,20260921,1210,991.4022934036329,0.13367429375648499,0.24485158920288086,0.08936275541782379
ch2d,shared_jet_linear,20260921,1220,1000.1530716670677,0.14792390167713165,0.31341809034347534,0.0917699858546257
ch2d,shared_jet_linear,20260921,1230,1009.2567781703547,0.13254007697105408,0.2507271468639374,0.08664442598819733
ch2d,shared_jet_linear,20260921,1240,1018.5745216431096,0.13434457778930664,0.2604058086872101,0.07835648953914642
ch2d,shared_jet_linear,20260921,1250,1026.082874440588,0.13551783561706543,0.28964588046073914,0.08531074225902557
ch2d,shared_jet_linear,20260921,1260,1033.5674838619307,0.14216254651546478,0.29434818029403687,0.08786758780479431
ch2d,shared_jet_linear,20260921,1270,1041.859972242266,0.14284494519233704,0.28201180696487427,0.09204341471195221
ch2d,shared_jet_linear,20260921,1280,1050.7281688312069,0.14043891429901123,0.27045536041259766,0.08363817632198334
ch2d,shared_jet_linear,20260921,1290,1059.2671719752252,0.14093297719955444,0.29175251722335815,0.08387450873851776
ch2d,shared_jet_linear,20260921,1300,1066.801630572416,0.13187597692012787,0.27443191409111023,0.08369290083646774
ch2d,shared_jet_linear,20260921,1310,1074.3732847720385,0.14073705673217773,0.29243865609169006,0.07742244005203247
ch2d,shared_jet_linear,20260921,1320,1081.9057402666658,0.12557770311832428,0.23701302707195282,0.08019547164440155
ch2d,shared_jet_linear,20260921,1330,1089.456061186269,0.12253503501415253,0.24108965694904327,0.08225555717945099
ch2d,shared_jet_linear,20260921,1340,1097.8639723937958,0.12683922052383423,0.23144446313381195,0.08107070624828339
ch2d,shared_jet_linear,20260921,1350,1107.520398219116,0.1255272775888443,0.23771905899047852,0.07270058244466782
ch2d,shared_jet_linear,20260921,1360,1117.246106127277,0.13502910733222961,0.2861809730529785,0.07823030650615692
ch2d,shared_jet_linear,20260921,1370,1126.9943614248186,0.12705384194850922,0.2498232126235962,0.07903686165809631
ch2d,shared_jet_linear,20260921,1380,1134.4936379930004,0.1179080680012703,0.22348681092262268,0.07028120756149292
ch2d,shared_jet_linear,20260921,1390,1141.9844107553363,0.13392651081085205,0.27957454323768616,0.07245059311389923
ch2d,shared_jet_linear,20260921,1400,1149.4808478308842,0.11630162596702576,0.22207199037075043,0.07737486064434052
ch2d,shared_jet_linear,20260921,1410,1158.0795114152133,0.13967745006084442,0.28867971897125244,0.07697375118732452
ch2d,shared_jet_linear,20260921,1420,1166.5506204748526,0.12572342157363892,0.25933441519737244,0.06841979920864105
ch2d,shared_jet_linear,20260921,1430,1174.0698918951675,0.11819981038570404,0.25063735246658325,0.07298168540000916
ch2d,shared_jet_linear,20260921,1440,1182.5709728514776,0.12012160569429398,0.2461288720369339,0.07923151552677155
ch2d,shared_jet_linear,20260921,1450,1191.1165669374168,0.13034909963607788,0.2757720947265625,0.08444884419441223
ch2d,shared_jet_linear,20260921,1460,1199.0524351755157,0.11815309524536133,0.230577751994133,0.06407536566257477
ch2d,shared_jet_linear,20260921,1470,1206.669497827068,0.1218683123588562,0.26940667629241943,0.07065081596374512
ch2d,shared_jet_linear,20260921,1480,1214.4538914347067,0.13177919387817383,0.2792910039424896,0.0687098503112793
ch2d,shared_jet_linear,20260921,1490,1222.45206937287,0.11438565701246262,0.2556777596473694,0.06805873662233353
ch2d,shared_jet_linear,20260921,1500,1229.9133730540052,0.13299870491027832,0.2793886065483093,0.07236289232969284
ch2d,nested_jvp,20260922,0,0.0,1.0193828344345093,1.0694266557693481,
ch2d,nested_jvp,20260922,10,15.471245217137039,0.9700894951820374,0.9699500203132629,1.5020763874053955
ch2d,nested_jvp,20260922,20,30.93671387154609,0.9328814148902893,0.9355456233024597,1.5248793363571167
ch2d,nested_jvp,20260922,30,46.82114322204143,0.8870705366134644,0.8416550755500793,1.5272068977355957
ch2d,nested_jvp,20260922,40,62.575363989919424,0.835747480392456,0.8106450438499451,1.3742496967315674
ch2d,nested_jvp,20260922,50,77.80270886141807,0.7923268675804138,0.8237078189849854,1.3066706657409668
ch2d,nested_jvp,20260922,60,93.39322042372078,0.722507119178772,0.7501379251480103,1.1626311540603638
ch2d,nested_jvp,20260922,70,108.98185229673982,0.6639987230300903,0.7235050201416016,1.2728149890899658
ch2d,nested_jvp,20260922,80,125.07932482939214,0.6267842650413513,0.7866330742835999,0.9522720575332642
ch2d,nested_jvp,20260922,90,140.3711647298187,0.5902630686759949,0.788876473903656,0.9990525245666504
ch2d,nested_jvp,20260922,100,156.04117844533175,0.576541006565094,0.8602975606918335,0.9424400925636292
ch2d,nested_jvp,20260922,110,171.42472734954208,0.5969406366348267,1.0232679843902588,0.8049130439758301
ch2d,nested_jvp,20260922,120,186.7012781528756,0.6058225631713867,1.0915775299072266,0.8294517993927002
ch2d,nested_jvp,20260922,130,202.5014304621145,0.5696728229522705,1.0238556861877441,0.6464021801948547
ch2d,nested_jvp,20260922,140,217.7190817296505,0.565052330493927,1.027698278427124,0.7409213185310364
ch2d,nested_jvp,20260922,150,233.3619768479839,0.5731182098388672,1.0783225297927856,0.6112964153289795
ch2d,nested_jvp,20260922,160,249.22271321807057,0.5882511734962463,1.0764875411987305,0.6551436185836792
ch2d,nested_jvp,20260922,170,265.4518981035799,0.5502271056175232,1.029822826385498,0.5907158851623535
ch2d,nested_jvp,20260922,180,281.01995906978846,0.5605278015136719,1.070238471031189,0.6553134918212891
ch2d,nested_jvp,20260922,190,296.4975784737617,0.5426852703094482,1.0066465139389038,0.5970276594161987
ch2d,nested_jvp,20260922,200,312.1849343646318,0.5459779500961304,1.006208896636963,0.5258103013038635
ch2d,nested_jvp,20260922,210,327.50034832116216,0.5486055016517639,1.0115125179290771,0.491301029920578
ch2d,nested_jvp,20260922,220,343.52638806402683,0.5172487497329712,0.9623780250549316,0.4748719334602356
ch2d,nested_jvp,20260922,230,359.6581167448312,0.4947660565376282,0.8937034010887146,0.47672975063323975
ch2d,nested_jvp,20260922,240,375.25420334748924,0.47347456216812134,0.8329684138298035,0.42549633979797363
ch2d,nested_jvp,20260922,250,391.2522647259757,0.4960964322090149,0.8771564364433289,0.42889833450317383
ch2d,nested_jvp,20260922,260,407.1176034277305,0.4744664132595062,0.8591089844703674,0.3885979950428009
ch2d,nested_jvp,20260922,270,422.30696240998805,0.4637902081012726,0.8421987891197205,0.39400386810302734
ch2d,nested_jvp,20260922,280,438.32009164523333,0.4667973518371582,0.8317747712135315,0.37747031450271606
ch2d,nested_jvp,20260922,290,454.4049240387976,0.4150012135505676,0.699677586555481,0.3579890727996826
ch2d,nested_jvp,20260922,300,469.95056018047035,0.4022836685180664,0.6540253758430481,0.35421302914619446
ch2d,nested_jvp,20260922,310,485.46565748751163,0.4435487985610962,0.7558354139328003,0.33288684487342834
ch2d,nested_jvp,20260922,320,500.78100502397865,0.39643368124961853,0.645601212978363,0.35380661487579346
ch2d,nested_jvp,20260922,330,516.0664642881602,0.39901384711265564,0.6834480166435242,0.3376959264278412
ch2d,nested_jvp,20260922,340,531.5552932396531,0.36638933420181274,0.5767593383789062,0.35102975368499756
ch2d,nested_jvp,20260922,350,547.2920070858672,0.37427398562431335,0.5971636772155762,0.32999175786972046
ch2d,nested_jvp,20260922,360,563.3224020954221,0.38610294461250305,0.6075954437255859,0.29774710536003113
ch2d,nested_jvp,20260922,370,578.8590180864558,0.3532087802886963,0.5330349802970886,0.26896610856056213
ch2d,nested_jvp,20260922,380,594.3377869622782,0.33184701204299927,0.49174976348876953,0.2863615155220032
ch2d,nested_jvp,20260922,390,609.6824051681906,0.3279630243778229,0.49338850378990173,0.27818018198013306
ch2d,nested_jvp,20260922,400,625.6595087153837,0.3349631130695343,0.5169160962104797,0.29709094762802124
ch2d,nested_jvp,20260922,410,640.8696385761723,0.32008761167526245,0.4870930016040802,0.25642120838165283
ch2d,nested_jvp,20260922,420,656.3758565653116,0.3096618354320526,0.47059470415115356,0.26152536273002625
ch2d,nested_jvp,20260922,430,671.318959325552,0.32371920347213745,0.5257759690284729,0.2594934105873108
ch2d,nested_jvp,20260922,440,687.0798334348947,0.3569800853729248,0.6131592988967896,0.233566552400589
ch2d,nested_jvp,20260922,450,702.332033958286,0.3127799928188324,0.5350081920623779,0.22984857857227325
ch2d,nested_jvp,20260922,460,717.9424231955782,0.29157915711402893,0.47894564270973206,0.2408638596534729
ch2d,nested_jvp,20260922,470,733.3439751453698,0.29133522510528564,0.4953230619430542,0.22629782557487488
ch2d,nested_jvp,20260922,480,748.7067375537008,0.3026169240474701,0.5472718477249146,0.25003570318222046
ch2d,nested_jvp,20260922,490,764.1409145025536,0.2814224362373352,0.48795488476753235,0.19884037971496582
ch2d,nested_jvp,20260922,500,779.6801535133272,0.28435856103897095,0.5106503963470459,0.2421792894601822
ch2d,nested_jvp,20260922,510,794.9051376078278,0.28245386481285095,0.5263726711273193,0.2063266932964325
ch2d,nested_jvp,20260922,520,810.1138733942062,0.2833574712276459,0.5480854511260986,0.21380357444286346
ch2d,nested_jvp,20260922,530,825.1834321795031,0.2881002128124237,0.5242725610733032,0.1966792345046997
ch2d,nested_jvp,20260922,540,840.0377841927111,0.2784581482410431,0.5509124994277954,0.24113069474697113
ch2d,nested_jvp,20260922,550,855.2031731177121,0.28116458654403687,0.5770452618598938,0.1848977506160736
ch2d,nested_jvp,20260922,560,870.8642950011417,0.2902955114841461,0.6089462637901306,0.19365277886390686
ch2d,nested_jvp,20260922,570,886.124699762091,0.27410900592803955,0.576798141002655,0.2012835144996643
ch2d,nested_jvp,20260922,580,901.4442743044347,0.26827162504196167,0.5578333139419556,0.1897396296262741
ch2d,nested_jvp,20260922,590,916.4392579132691,0.2980180084705353,0.6137193441390991,0.19562432169914246
ch2d,nested_jvp,20260922,600,931.7823493368924,0.24924109876155853,0.5358095169067383,0.18107189238071442
ch2d,nested_jvp,20260922,610,947.2587701324373,0.2562541663646698,0.5589632391929626,0.1638927459716797
ch2d,nested_jvp,20260922,620,962.5388849666342,0.23591098189353943,0.4901832342147827,0.16685205698013306
ch2d,nested_jvp,20260922,630,977.8286424456164,0.27563217282295227,0.6203073859214783,0.18210849165916443
ch2d,nested_jvp,20260922,640,993.4599442966282,0.26211026310920715,0.5863962769508362,0.16580700874328613
ch2d,nested_jvp,20260922,650,1008.424182349816,0.2416023463010788,0.5515916347503662,0.19400493800640106
ch2d,nested_jvp,20260922,660,1023.8341767583042,0.2456694394350052,0.5696408748626709,0.16540095210075378
ch2d,nested_jvp,20260922,670,1039.012674161233,0.23722198605537415,0.551548182964325,0.15791258215904236
ch2d,nested_jvp,20260922,680,1054.4461413491517,0.24160128831863403,0.5725674629211426,0.1581561267375946
ch2d,nested_jvp,20260922,690,1069.1296499213204,0.2659566104412079,0.6290388107299805,0.15238744020462036
ch2d,nested_jvp,20260922,700,1084.5833352785558,0.2413841038942337,0.5765537619590759,0.14480331540107727
ch2d,nested_jvp,20260922,710,1100.2071871552616,0.23922155797481537,0.5832891464233398,0.15132588148117065
ch2d,nested_jvp,20260922,720,1115.2885022601113,0.2205936759710312,0.5296902656555176,0.17236760258674622
ch2d,nested_jvp,20260922,730,1130.7042092923075,0.2390097975730896,0.5811019539833069,0.15178871154785156
ch2d,nested_jvp,20260922,740,1145.839979449287,0.24367175996303558,0.5959781408309937,0.14469504356384277
ch2d,nested_jvp,20260922,750,1161.3251706724986,0.22547489404678345,0.5178609490394592,0.14190706610679626
ch2d,nested_jvp,20260922,760,1176.4764173170552,0.23944362998008728,0.5821799039840698,0.13839058578014374
ch2d,nested_jvp,20260922,770,1192.271197331138,0.22089830040931702,0.5553674101829529,0.13652384281158447
ch2d,nested_jvp,20260922,780,1207.2591321878135,0.20776213705539703,0.5159832239151001,0.14620591700077057
ch2d,nested_jvp,20260922,790,1222.6918966788799,0.20367217063903809,0.5117520689964294,0.1472049057483673
ch2d,nested_jvp,20260922,800,1238.13585397508,0.21124118566513062,0.5283970832824707,0.1422712802886963
ch2d,nested_jvp,20260922,810,1252.9582881024107,0.22514311969280243,0.5631696581840515,0.12767274677753448
ch2d,nested_jvp,20260922,820,1268.3942785188556,0.20236368477344513,0.5203948616981506,0.12667447328567505
ch2d,nested_jvp,20260922,830,1283.3457616483793,0.20008298754692078,0.5084922313690186,0.13053226470947266
ch2d,nested_jvp,20260922,840,1299.0681387800723,0.20670315623283386,0.5114840865135193,0.13064342737197876
ch2d,nested_jvp,20260922,850,1314.1616778429598,0.20323733985424042,0.516075849533081,0.13145717978477478
ch2d,nested_jvp,20260922,860,1330.3097709566355,0.19098952412605286,0.4769379794597626,0.13529714941978455
ch2d,nested_jvp,20260922,870,1345.5358334742486,0.23033887147903442,0.57272869348526,0.12655028700828552
ch2d,nested_jvp,20260922,880,1360.8889310890809,0.20401588082313538,0.5118557214736938,0.1099301427602768
ch2d,nested_jvp,20260922,890,1375.8856179900467,0.18762558698654175,0.47557613253593445,0.12329601496458054
ch2d,nested_jvp,20260922,900,1391.1050495924428,0.20828655362129211,0.5137909650802612,0.11756975948810577
ch2d,nested_jvp,20260922,910,1405.8968647532165,0.17653295397758484,0.4543834626674652,0.10532449930906296
ch2d,nested_jvp,20260922,920,1420.6929299905896,0.170064777135849,0.43907496333122253,0.11304670572280884
ch2d,nested_jvp,20260922,930,1435.9259498408064,0.17325171828269958,0.4419175982475281,0.11197580397129059
ch2d,nested_jvp,20260922,940,1450.9759912155569,0.18553002178668976,0.4683058261871338,0.11968033760786057
ch2d,nested_jvp,20260922,950,1466.4427616521716,0.1915093958377838,0.4744914174079895,0.10808593034744263
ch2d,nested_jvp,20260922,960,1481.664309787564,0.18559670448303223,0.4520643651485443,0.11457154154777527
ch2d,nested_jvp,20260922,970,1497.1086545549333,0.16495954990386963,0.42059773206710815,0.11014359444379807
ch2d,nested_jvp,20260922,980,1512.0261390050873,0.18085570633411407,0.4566648602485657,0.10738186538219452
ch2d,nested_jvp,20260922,990,1527.010920951143,0.16305221617221832,0.4046264886856079,0.10452371835708618
ch2d,nested_jvp,20260922,1000,1542.1658876743168,0.15986141562461853,0.3983800411224365,0.10114607959985733
ch2d,nested_jvp,20260922,1010,1558.0626683859155,0.18035320937633514,0.4549175202846527,0.10048834979534149
ch2d,nested_jvp,20260922,1020,1573.3748673954979,0.15097707509994507,0.3616827130317688,0.10431233048439026
ch2d,nested_jvp,20260922,1030,1588.7300645215437,0.14589910209178925,0.35660606622695923,0.09487989544868469
ch2d,nested_jvp,20260922,1040,1604.1202049227431,0.15458723902702332,0.38798603415489197,0.09853429347276688
ch2d,nested_jvp,20260922,1050,1619.21730131004,0.1475774645805359,0.3558206260204315,0.09028613567352295
ch2d,nested_jvp,20260922,1060,1634.2461632043123,0.13662850856781006,0.3515048921108246,0.10256731510162354
ch2d,nested_jvp,20260922,1070,1649.6108904052526,0.1382225751876831,0.3594161868095398,0.09662335366010666
ch2d,nested_jvp,20260922,1080,1664.9480983531103,0.13293054699897766,0.3335941433906555,0.08572061359882355
ch2d,nested_jvp,20260922,1090,1680.063623954542,0.12804874777793884,0.320028156042099,0.08882761001586914
ch2d,nested_jvp,20260922,1100,1694.9336519883946,0.1345578283071518,0.3331245481967926,0.09067995846271515
ch2d,nested_jvp,20260922,1110,1710.7033003056422,0.12671388685703278,0.3096715807914734,0.08196340501308441
ch2d,nested_jvp,20260922,1120,1725.9949163571,0.13722889125347137,0.34060990810394287,0.08277671039104462
ch2d,nested_jvp,20260922,1130,1741.3482972597703,0.12973718345165253,0.3069050908088684,0.08958914130926132
ch2d,nested_jvp,20260922,1140,1756.3725640950724,0.12267471104860306,0.2846227288246155,0.0891893059015274
ch2d,nested_jvp,20260922,1150,1771.6631352743134,0.12433452159166336,0.31829750537872314,0.0810118317604065
ch2d,nested_jvp,20260922,1160,1787.033465117216,0.11985728144645691,0.28757667541503906,0.0783020555973053
ch2d,nested_jvp,20260922,1170,1801.7265476984903,0.13876713812351227,0.31391632556915283,0.08022767305374146
ch2d,nested_jvp,20260922,1180,1816.4146545520052,0.12605567276477814,0.3114885687828064,0.0901019424200058
ch2d,nested_jvp,20260922,1190,1831.3802426951006,0.11089932918548584,0.2560066282749176,0.09005811810493469
ch2d,nested_jvp,20260922,1200,1846.2466722931713,0.11545298248529434,0.26805615425109863,0.08756102621555328
ch2d,nested_jvp,20260922,1210,1861.4877468040213,0.11520448327064514,0.28274431824684143,0.08332096040248871
ch2d,nested_jvp,20260922,1220,1876.3206455977634,0.10859202593564987,0.2534645199775696,0.07707357406616211
ch2d,nested_jvp,20260922,1230,1891.6902874829248,0.11506658792495728,0.27196434140205383,0.08862727135419846
ch2d,nested_jvp,20260922,1240,1907.087712799199,0.13434316217899323,0.2590418756008148,0.08123688399791718
ch2d,nested_jvp,20260922,1250,1922.4379861429334,0.11978805065155029,0.2645052373409271,0.0701451227068901
ch2d,nested_jvp,20260922,1260,1937.7556150136515,0.12475510686635971,0.25048381090164185,0.08593083173036575
ch2d,nested_jvp,20260922,1270,1952.5511309094727,0.10950733721256256,0.25119099020957947,0.07118196040391922
ch2d,nested_jvp,20260922,1280,1967.4346146434546,0.10479868203401566,0.2464427500963211,0.07546505331993103
ch2d,nested_jvp,20260922,1290,1982.564781039022,0.09518063813447952,0.2159082591533661,0.0638977512717247
ch2d,nested_jvp,20260922,1300,1998.1031204527244,0.09617946296930313,0.21938830614089966,0.06749595701694489
ch2d,nested_jvp,20260922,1310,2013.132604344748,0.09851580113172531,0.23156219720840454,0.06879760324954987
ch2d,nested_jvp,20260922,1320,2028.3440244290978,0.09640055894851685,0.2191338688135147,0.06732191145420074
ch2d,nested_jvp,20260922,1330,2043.620439841412,0.09763532131910324,0.22222661972045898,0.06735645979642868
ch2d,nested_jvp,20260922,1340,2059.0732634272426,0.0926324874162674,0.20329591631889343,0.06945803016424179
ch2d,nested_jvp,20260922,1350,2074.4484228584915,0.09422355145215988,0.203472301363945,0.06130656227469444
ch2d,nested_jvp,20260922,1360,2089.6061357101426,0.0927291065454483,0.1999121755361557,0.07178135216236115
ch2d,nested_jvp,20260922,1370,2105.0704185068607,0.10383309423923492,0.2161053568124771,0.06093704700469971
ch2d,nested_jvp,20260922,1380,2120.7156836278737,0.09900502115488052,0.1893499493598938,0.06883899867534637
ch2d,nested_jvp,20260922,1390,2135.2565616713837,0.09082816541194916,0.19200189411640167,0.06980322301387787
ch2d,nested_jvp,20260922,1400,2150.319827552885,0.09215500950813293,0.19732967019081116,0.05838950350880623
ch2d,nested_jvp,20260922,1410,2165.8664417378604,0.09711268544197083,0.1912771761417389,0.0663745179772377
ch2d,nested_jvp,20260922,1420,2181.187863561325,0.08786217123270035,0.18905772268772125,0.060438551008701324
ch2d,nested_jvp,20260922,1430,2197.2339614173397,0.08564160764217377,0.189222514629364,0.06402368098497391
ch2d,nested_jvp,20260922,1440,2212.5781811429188,0.09269379079341888,0.18286387622356415,0.06387732177972794
ch2d,nested_jvp,20260922,1450,2228.319599237293,0.08848046511411667,0.18052177131175995,0.06629644334316254
ch2d,nested_jvp,20260922,1460,2243.1826511006802,0.09219668805599213,0.1945398598909378,0.05434384196996689
ch2d,nested_jvp,20260922,1470,2258.628572639078,0.09758593142032623,0.19888092577457428,0.04668911546468735
ch2d,nested_jvp,20260922,1480,2274.3196899155155,0.09049732983112335,0.17626534402370453,0.06600069999694824
ch2d,nested_jvp,20260922,1490,2289.933595900424,0.08857513219118118,0.18814878165721893,0.053937651216983795
ch2d,nested_jvp,20260922,1500,2304.767530472949,0.09363820403814316,0.18981905281543732,0.057385221123695374
ch2d,shared_jet_linear,20260922,0,0.0,1.0193828344345093,1.0694266557693481,
ch2d,shared_jet_linear,20260922,10,8.028584635816514,0.9700894951820374,0.9699500203132629,1.5020761489868164
ch2d,shared_jet_linear,20260922,20,15.941626124083996,0.9328814148902893,0.9355456233024597,1.5248793363571167
ch2d,shared_jet_linear,20260922,30,24.110355626791716,0.8870704174041748,0.8416550755500793,1.5272068977355957
ch2d,shared_jet_linear,20260922,40,32.21021651569754,0.835747480392456,0.8106450438499451,1.3742496967315674
ch2d,shared_jet_linear,20260922,50,40.39689466357231,0.7923269271850586,0.8237078189849854,1.3066706657409668
ch2d,shared_jet_linear,20260922,60,48.480105221271515,0.7225070595741272,0.7501379251480103,1.1626312732696533
ch2d,shared_jet_linear,20260922,70,56.64853018708527,0.6639987826347351,0.7235050201416016,1.2728149890899658
ch2d,shared_jet_linear,20260922,80,64.70871889777482,0.6267842650413513,0.7866331338882446,0.9522720575332642
ch2d,shared_jet_linear,20260922,90,73.33058436214924,0.5902630686759949,0.788876473903656,0.9990525245666504
ch2d,shared_jet_linear,20260922,100,81.51152711268514,0.576541006565094,0.8602975606918335,0.9424400925636292
ch2d,shared_jet_linear,20260922,110,89.95692286174744,0.5969406366348267,1.0232681035995483,0.8049131631851196
ch2d,shared_jet_linear,20260922,120,98.32260719966143,0.6058226227760315,1.0915776491165161,0.8294517993927002
ch2d,shared_jet_linear,20260922,130,106.44448957685381,0.5696728229522705,1.0238558053970337,0.6464021801948547
ch2d,shared_jet_linear,20260922,140,114.5347968833521,0.565052330493927,1.027698278427124,0.7409212589263916
ch2d,shared_jet_linear,20260922,150,122.63607387430966,0.5731182098388672,1.0783225297927856,0.6112964153289795
ch2d,shared_jet_linear,20260922,160,130.55626552551985,0.5882511734962463,1.0764875411987305,0.6551436185836792
ch2d,shared_jet_linear,20260922,170,138.9394979570061,0.5502271056175232,1.029822826385498,0.5907158255577087
ch2d,shared_jet_linear,20260922,180,147.02894895896316,0.5605278015136719,1.0702383518218994,0.6553134918212891
ch2d,shared_jet_linear,20260922,190,155.18146348465234,0.5426852703094482,1.0066465139389038,0.5970276594161987
ch2d,shared_jet_linear,20260922,200,163.16402989905328,0.5459779500961304,1.0062090158462524,0.5258103013038635
ch2d,shared_jet_linear,20260922,210,171.5151475481689,0.5486055016517639,1.0115123987197876,0.491301029920578
ch2d,shared_jet_linear,20260922,220,179.96018785890192,0.5172487497329712,0.9623779654502869,0.4748719334602356
ch2d,shared_jet_linear,20260922,230,188.2310226308182,0.4947660565376282,0.8937034010887146,0.47672975063323975
ch2d,shared_jet_linear,20260922,240,196.4444984672591,0.47347456216812134,0.8329684138298035,0.4254963994026184
ch2d,shared_jet_linear,20260922,250,204.4090230036527,0.4960964620113373,0.8771564364433289,0.42889833450317383
ch2d,shared_jet_linear,20260922,260,212.76187903434038,0.4744664132595062,0.8591089844703674,0.3885979652404785
ch2d,shared_jet_linear,20260922,270,221.074789901264,0.4637902081012726,0.84219890832901,0.39400386810302734
ch2d,shared_jet_linear,20260922,280,229.16267831623554,0.4667973518371582,0.8317747712135315,0.37747031450271606
ch2d,shared_jet_linear,20260922,290,237.29134435672313,0.4150012135505676,0.699677586555481,0.3579890727996826
ch2d,shared_jet_linear,20260922,300,245.1139263389632,0.4022836685180664,0.6540253758430481,0.35421302914619446
ch2d,shared_jet_linear,20260922,310,253.53766454849392,0.4435487985610962,0.7558352947235107,0.33288681507110596
ch2d,shared_jet_linear,20260922,320,261.7579521983862,0.39643368124961853,0.645601212978363,0.35380661487579346
ch2d,shared_jet_linear,20260922,330,269.6287550991401,0.39901381731033325,0.6834479570388794,0.3376959264278412
ch2d,shared_jet_linear,20260922,340,277.67569061461836,0.36638933420181274,0.5767593383789062,0.35102975368499756
ch2d,shared_jet_linear,20260922,350,285.6361154112965,0.37427395582199097,0.5971634984016418,0.32999175786972046
ch2d,shared_jet_linear,20260922,360,293.3225197773427,0.3861027956008911,0.6075950860977173,0.29774707555770874
ch2d,shared_jet_linear,20260922,370,301.51263805292547,0.35320883989334106,0.5330350995063782,0.26896604895591736
ch2d,shared_jet_linear,20260922,380,309.5963270133361,0.3318469524383545,0.49174973368644714,0.28636154532432556
ch2d,shared_jet_linear,20260922,390,317.6432892680168,0.3279630243778229,0.49338850378990173,0.27818015217781067
ch2d,shared_jet_linear,20260922,400,326.1053475830704,0.3349631130695343,0.5169161558151245,0.29709088802337646
ch2d,shared_jet_linear,20260922,410,334.549372295849,0.3200875520706177,0.48709288239479065,0.25642117857933044
ch2d,shared_jet_linear,20260922,420,343.0574388736859,0.3096618354320526,0.4705946743488312,0.26152536273002625
ch2d,shared_jet_linear,20260922,430,350.9301578188315,0.32371920347213745,0.5257758498191833,0.2594934105873108
ch2d,shared_jet_linear,20260922,440,358.85659219138324,0.35697999596595764,0.6131591200828552,0.2335665225982666
ch2d,shared_jet_linear,20260922,450,366.7573068290949,0.3127799928188324,0.5350081920623779,0.22984856367111206
ch2d,shared_jet_linear,20260922,460,375.1256954949349,0.2915791869163513,0.47894564270973206,0.2408638596534729
ch2d,shared_jet_linear,20260922,470,383.0120046073571,0.29133519530296326,0.49532297253608704,0.22629782557487488
ch2d,shared_jet_linear,20260922,480,391.0173592576757,0.3026168942451477,0.5472717881202698,0.2500356435775757
ch2d,shared_jet_linear,20260922,490,398.7797460630536,0.2814224362373352,0.48795491456985474,0.19884037971496582
ch2d,shared_jet_linear,20260922,500,406.5429694894701,0.28435856103897095,0.5106503367424011,0.2421792447566986
ch2d,shared_jet_linear,20260922,510,414.66382469423115,0.28245383501052856,0.5263726711273193,0.2063266634941101
ch2d,shared_jet_linear,20260922,520,422.8424086626619,0.2833574116230011,0.5480854511260986,0.21380357444286346
ch2d,shared_jet_linear,20260922,530,430.72362486086786,0.28810006380081177,0.5242723226547241,0.1966792643070221
ch2d,shared_jet_linear,20260922,540,438.6664091842249,0.2784581184387207,0.5509124398231506,0.24113063514232635
ch2d,shared_jet_linear,20260922,550,446.7200978519395,0.2811644971370697,0.5770451426506042,0.1848977655172348
ch2d,shared_jet_linear,20260922,560,454.4279736857861,0.29029545187950134,0.6089460253715515,0.19365277886390686
ch2d,shared_jet_linear,20260922,570,462.5511437430978,0.2741090655326843,0.5767982602119446,0.20128348469734192
ch2d,shared_jet_linear,20260922,580,470.42733030579984,0.26827165484428406,0.5578333735466003,0.18973959982395172
ch2d,shared_jet_linear,20260922,590,478.54747477918863,0.2980179786682129,0.6137193441390991,0.19562432169914246
ch2d,shared_jet_linear,20260922,600,486.6890027942136,0.24924105405807495,0.535809338092804,0.18107184767723083
ch2d,shared_jet_linear,20260922,610,494.4675475740805,0.256254106760025,0.5589631199836731,0.16389276087284088
ch2d,shared_jet_linear,20260922,620,502.40301866456866,0.23591095209121704,0.49018311500549316,0.16685202717781067
ch2d,shared_jet_linear,20260922,630,510.42778998054564,0.2756321430206299,0.6203072667121887,0.18210849165916443
ch2d,shared_jet_linear,20260922,640,518.6566067906097,0.26211029291152954,0.5863963961601257,0.16580702364444733
ch2d,shared_jet_linear,20260922,650,526.9758664863184,0.24160228669643402,0.5515914559364319,0.19400495290756226
ch2d,shared_jet_linear,20260922,660,535.0155010381714,0.24566945433616638,0.5696408748626709,0.1654009222984314
ch2d,shared_jet_linear,20260922,670,542.9366594031453,0.2372220754623413,0.5515483021736145,0.15791255235671997
ch2d,shared_jet_linear,20260922,680,551.2410580404103,0.24160130321979523,0.5725674629211426,0.15815609693527222
ch2d,shared_jet_linear,20260922,690,559.0994883300737,0.2659566402435303,0.6290388703346252,0.15238747000694275
ch2d,shared_jet_linear,20260922,700,566.8726638900116,0.2413840889930725,0.5765537023544312,0.14480331540107727
ch2d,shared_jet_linear,20260922,710,575.1350794089958,0.23922152817249298,0.5832890868186951,0.15132588148117065
ch2d,shared_jet_linear,20260922,720,582.9908058131114,0.2205936759710312,0.5296902060508728,0.17236754298210144
ch2d,shared_jet_linear,20260922,730,590.8959402209148,0.23900984227657318,0.5811019539833069,0.15178868174552917
ch2d,shared_jet_linear,20260922,740,599.200180625543,0.24367175996303558,0.5959782004356384,0.14469507336616516
ch2d,shared_jet_linear,20260922,750,607.0428768275306,0.22547487914562225,0.5178608298301697,0.14190705120563507
ch2d,shared_jet_linear,20260922,760,614.6959185097367,0.23944368958473206,0.5821800231933594,0.13839060068130493
ch2d,shared_jet_linear,20260922,770,622.4659162824973,0.2208983451128006,0.5553674101829529,0.13652384281158447
ch2d,shared_jet_linear,20260922,780,630.2819096492603,0.20776213705539703,0.5159832239151001,0.14620590209960938
ch2d,shared_jet_linear,20260922,790,638.4413267476484,0.20367217063903809,0.5117520093917847,0.14720489084720612
ch2d,shared_jet_linear,20260922,800,646.4494094876572,0.2112412303686142,0.5283970832824707,0.1422712504863739
ch2d,shared_jet_linear,20260922,810,654.6606205878779,0.22514303028583527,0.5631693601608276,0.12767274677753448
ch2d,shared_jet_linear,20260922,820,662.9339781589806,0.2023637741804123,0.520395040512085,0.12667444348335266
ch2d,shared_jet_linear,20260922,830,671.1068332903087,0.20008298754692078,0.5084922313690186,0.13053226470947266
ch2d,shared_jet_linear,20260922,840,678.9271022202447,0.2067030668258667,0.511483907699585,0.13064341247081757
ch2d,shared_jet_linear,20260922,850,687.027741423808,0.20323732495307922,0.5160757899284363,0.13145717978477478
ch2d,shared_jet_linear,20260922,860,695.5583151765168,0.1909894347190857,0.476937860250473,0.13529717922210693
ch2d,shared_jet_linear,20260922,870,703.8019568622112,0.23033899068832397,0.5727288126945496,0.12655021250247955
ch2d,shared_jet_linear,20260922,880,712.0514250528067,0.2040158361196518,0.5118555426597595,0.1099301427602768
ch2d,shared_jet_linear,20260922,890,720.024927363731,0.18762542307376862,0.47557583451271057,0.12329602241516113
ch2d,shared_jet_linear,20260922,900,728.1202624095604,0.2082863599061966,0.5137906670570374,0.11756975948810577
ch2d,shared_jet_linear,20260922,910,736.327759988606,0.17653292417526245,0.45438337326049805,0.10532449185848236
ch2d,shared_jet_linear,20260922,920,744.4829756915569,0.1700647622346878,0.43907490372657776,0.11304669082164764
ch2d,shared_jet_linear,20260922,930,752.4685408957303,0.17325176298618317,0.44191768765449524,0.1119757741689682
ch2d,shared_jet_linear,20260922,940,760.3542235847563,0.18552996218204498,0.4683057367801666,0.11968033015727997
ch2d,shared_jet_linear,20260922,950,768.3132198927924,0.19150951504707336,0.47449156641960144,0.10808590054512024
ch2d,shared_jet_linear,20260922,960,776.4316988568753,0.18559662997722626,0.4520643353462219,0.11457151919603348
ch2d,shared_jet_linear,20260922,970,784.2025836938992,0.16495946049690247,0.4205975830554962,0.11014359444379807
ch2d,shared_jet_linear,20260922,980,792.3315182728693,0.1808556318283081,0.45666465163230896,0.10738182067871094
ch2d,shared_jet_linear,20260922,990,800.4274845123291,0.16305212676525116,0.40462639927864075,0.10452370345592499
ch2d,shared_jet_linear,20260922,1000,808.7476721666753,0.15986138582229614,0.3983801007270813,0.10114607214927673
ch2d,shared_jet_linear,20260922,1010,816.4784307535738,0.18035291135311127,0.45491692423820496,0.10048830509185791
ch2d,shared_jet_linear,20260922,1020,824.9197297515348,0.15097711980342865,0.3616827428340912,0.10431230068206787
ch2d,shared_jet_linear,20260922,1030,832.9169828854501,0.14589887857437134,0.35660576820373535,0.09487989544868469
ch2d,shared_jet_linear,20260922,1040,840.8149154251441,0.15458714962005615,0.38798585534095764,0.09853425621986389
ch2d,shared_jet_linear,20260922,1050,848.6038757301867,0.14757759869098663,0.35582077503204346,0.09028612822294235
ch2d,shared_jet_linear,20260922,1060,856.7369196759537,0.13662856817245483,0.35150495171546936,0.10256730020046234
ch2d,shared_jet_linear,20260922,1070,864.4443935202435,0.1382225751876831,0.359416127204895,0.09662334620952606
ch2d,shared_jet_linear,20260922,1080,872.4945105621591,0.13293050229549408,0.3335939943790436,0.08572060614824295
ch2d,shared_jet_linear,20260922,1090,880.3491708729416,0.12804874777793884,0.3200280964374542,0.08882760256528854
ch2d,shared_jet_linear,20260922,1100,888.6281645605341,0.13455785810947418,0.3331246078014374,0.09067995846271515
ch2d,shared_jet_linear,20260922,1110,896.5283432025462,0.1267138421535492,0.3096715807914734,0.08196341246366501
ch2d,shared_jet_linear,20260922,1120,904.6962804421782,0.13722889125347137,0.3406098186969757,0.08277669548988342
ch2d,shared_jet_linear,20260922,1130,913.3233725400642,0.12973728775978088,0.3069050908088684,0.08958914875984192
ch2d,shared_jet_linear,20260922,1140,921.2094580968842,0.12267456948757172,0.28462257981300354,0.0891893208026886
ch2d,shared_jet_linear,20260922,1150,929.0998281352222,0.12433454394340515,0.318297415971756,0.08101183921098709
ch2d,shared_jet_linear,20260922,1160,937.0051959669217,0.11985727399587631,0.2875766158103943,0.0783020555973053
ch2d,shared_jet_linear,20260922,1170,945.2053415495902,0.13876716792583466,0.3139163553714752,0.08022765070199966
ch2d,shared_jet_linear,20260922,1180,953.0286081722006,0.126055508852005,0.31148824095726013,0.0901019349694252
ch2d,shared_jet_linear,20260922,1190,960.9669180512428,0.11089935898780823,0.2560066282749176,0.0900580957531929
ch2d,shared_jet_linear,20260922,1200,969.437819801271,0.11545296013355255,0.26805612444877625,0.08756101131439209
ch2d,shared_jet_linear,20260922,1210,977.1838800590485,0.11520440876483917,0.2827441990375519,0.08332095295190811
ch2d,shared_jet_linear,20260922,1220,985.1829007212073,0.10859204828739166,0.2534644603729248,0.07707357406616211
ch2d,shared_jet_linear,20260922,1230,993.1105684209615,0.1150665357708931,0.2719642221927643,0.08862727135419846
ch2d,shared_jet_linear,20260922,1240,1001.1433287775144,0.13434307277202606,0.2590416371822357,0.08123688399791718
ch2d,shared_jet_linear,20260922,1250,1009.2936215624213,0.11978818476200104,0.264505535364151,0.07014511525630951
ch2d,shared_jet_linear,20260922,1260,1017.4140896592289,0.12475502490997314,0.2504836618900299,0.08593083918094635
ch2d,shared_jet_linear,20260922,1270,1025.8056013109162,0.1095074862241745,0.2511911392211914,0.07118197530508041
ch2d,shared_jet_linear,20260922,1280,1033.7825612612069,0.10479875653982162,0.2464427947998047,0.07546503841876984
ch2d,shared_jet_linear,20260922,1290,1042.062638713047,0.09518063068389893,0.2159082591533661,0.06389772891998291
ch2d,shared_jet_linear,20260922,1300,1049.913958672434,0.09617935866117477,0.2193879783153534,0.06749594956636429
ch2d,shared_jet_linear,20260922,1310,1057.8509476203471,0.09851588308811188,0.23156249523162842,0.06879758834838867
ch2d,shared_jet_linear,20260922,1320,1065.7890365738422,0.09640052914619446,0.21913379430770874,0.06732189655303955
ch2d,shared_jet_linear,20260922,1330,1073.9278358286247,0.09763528406620026,0.22222648561000824,0.06735645234584808
ch2d,shared_jet_linear,20260922,1340,1081.8054914735258,0.0926324650645256,0.20329606533050537,0.06945804506540298
ch2d,shared_jet_linear,20260922,1350,1089.4879026450217,0.09422334283590317,0.2034718096256256,0.061306558549404144
ch2d,shared_jet_linear,20260922,1360,1097.3664311543107,0.09272903203964233,0.19991238415241241,0.07178132981061935
ch2d,shared_jet_linear,20260922,1370,1105.300578540191,0.1038326770067215,0.21610461175441742,0.06093703210353851
ch2d,shared_jet_linear,20260922,1380,1113.3329843785614,0.09900478273630142,0.1893496960401535,0.06883898377418518
ch2d,shared_jet_linear,20260922,1390,1121.3091976111755,0.09082791209220886,0.1920013278722763,0.06980319321155548
ch2d,shared_jet_linear,20260922,1400,1129.3074249224737,0.09215503931045532,0.19732992351055145,0.05838941037654877
ch2d,shared_jet_linear,20260922,1410,1137.607689857483,0.09711293131113052,0.19127744436264038,0.06637445837259293
ch2d,shared_jet_linear,20260922,1420,1145.6581639293581,0.08786224573850632,0.18905770778656006,0.06043858826160431
ch2d,shared_jet_linear,20260922,1430,1153.7435723049566,0.08564160764217377,0.189222514629364,0.06402374058961868
ch2d,shared_jet_linear,20260922,1440,1161.4378542928025,0.09269380569458008,0.18286390602588654,0.06387732923030853
ch2d,shared_jet_linear,20260922,1450,1169.2240750519559,0.08848043531179428,0.18052175641059875,0.06629641354084015
ch2d,shared_jet_linear,20260922,1460,1177.3570445422083,0.09219679981470108,0.19454029202461243,0.05434383079409599
ch2d,shared_jet_linear,20260922,1470,1185.5141449356452,0.0975860208272934,0.1988811045885086,0.04668910801410675
ch2d,shared_jet_linear,20260922,1480,1193.5495557850227,0.09049737453460693,0.17626531422138214,0.06600067019462585
ch2d,shared_jet_linear,20260922,1490,1201.6400235444307,0.0885751023888588,0.18814872205257416,0.0539376363158226
ch2d,shared_jet_linear,20260922,1500,1209.6617860635743,0.09363795816898346,0.1898188591003418,0.05738522484898567
ch2d,nested_jvp,20260923,0,0.0,1.0603207349777222,1.161106824874878,
ch2d,nested_jvp,20260923,10,15.081804030574858,0.9685388803482056,0.9641024470329285,1.5644347667694092
ch2d,nested_jvp,20260923,20,31.049652793444693,0.9212281107902527,0.8830446600914001,1.5289140939712524
ch2d,nested_jvp,20260923,30,48.786808578297496,0.878233015537262,0.8496137857437134,1.3329397439956665
ch2d,nested_jvp,20260923,40,64.60121171362698,0.8318219780921936,0.814689040184021,1.3465008735656738
ch2d,nested_jvp,20260923,50,79.68832872714847,0.7687545418739319,0.7227985858917236,1.3017926216125488
ch2d,nested_jvp,20260923,60,95.18015930429101,0.7224990129470825,0.7727456092834473,1.2731367349624634
ch2d,nested_jvp,20260923,70,110.0676812902093,0.6590644121170044,0.7390913963317871,1.0379011631011963
ch2d,nested_jvp,20260923,80,126.787149281241,0.6218622326850891,0.7660111784934998,1.0754363536834717
ch2d,nested_jvp,20260923,90,142.33975551091135,0.6309731006622314,0.9641128778457642,0.9369524717330933
ch2d,nested_jvp,20260923,100,158.3598153507337,0.5725530982017517,0.8010718822479248,0.9152626991271973
ch2d,nested_jvp,20260923,110,175.49996097572148,0.5686209797859192,0.8270087242126465,0.8560413718223572
ch2d,nested_jvp,20260923,120,190.89521127659827,0.5791254043579102,0.8929322957992554,0.7966181635856628
ch2d,nested_jvp,20260923,130,205.41327288281173,0.5817704796791077,0.9604853391647339,0.8836746215820312
ch2d,nested_jvp,20260923,140,219.82951656915247,0.5844263434410095,0.9929319024085999,0.7362266778945923
ch2d,nested_jvp,20260923,150,234.99571715388447,0.5744205117225647,0.9803733229637146,0.7094405293464661
ch2d,nested_jvp,20260923,160,249.5360376574099,0.5751650333404541,1.0242208242416382,0.6803998947143555
ch2d,nested_jvp,20260923,170,265.02279977407306,0.5799937844276428,1.0575352907180786,0.6409756541252136
ch2d,nested_jvp,20260923,180,281.3090436020866,0.5583165287971497,1.002744436264038,0.6655230522155762
ch2d,nested_jvp,20260923,190,298.02173359133303,0.5792326331138611,1.0853664875030518,0.5789670944213867
ch2d,nested_jvp,20260923,200,312.88031035102904,0.557763934135437,1.0356767177581787,0.5825821161270142
ch2d,nested_jvp,20260923,210,327.63812492694706,0.5669479370117188,1.0796228647232056,0.5747548341751099
ch2d,nested_jvp,20260923,220,342.32733171992004,0.5563268065452576,1.0385664701461792,0.5410171747207642
ch2d,nested_jvp,20260923,230,357.64300339017063,0.5444987416267395,1.012773871421814,0.504569411277771
ch2d,nested_jvp,20260923,240,372.55332107655704,0.5635267496109009,1.053377628326416,0.5163612961769104
ch2d,nested_jvp,20260923,250,386.62234493065625,0.5312544703483582,0.990936815738678,0.4703599810600281
ch2d,nested_jvp,20260923,260,401.85580144356936,0.5172209739685059,0.9573569893836975,0.4514581561088562
ch2d,nested_jvp,20260923,270,418.4355350024998,0.5139614343643188,0.9600982069969177,0.42059651017189026
ch2d,nested_jvp,20260923,280,434.1457372903824,0.491020143032074,0.9051347374916077,0.4261118173599243
ch2d,nested_jvp,20260923,290,450.60873852763325,0.48155978322029114,0.8884519338607788,0.4105162024497986
ch2d,nested_jvp,20260923,300,466.5883407667279,0.49497824907302856,0.9269400835037231,0.3883441090583801
ch2d,nested_jvp,20260923,310,480.7611937467009,0.4817030131816864,0.874904990196228,0.3776533007621765
ch2d,nested_jvp,20260923,320,495.1643701698631,0.4888829290866852,0.907365620136261,0.3590755760669708
ch2d,nested_jvp,20260923,330,511.62224126793444,0.45949795842170715,0.8444519639015198,0.35497620701789856
ch2d,nested_jvp,20260923,340,526.7804133826867,0.45420753955841064,0.8433431386947632,0.33334410190582275
ch2d,nested_jvp,20260923,350,541.2547703683376,0.4607730805873871,0.8533365726470947,0.4071733355522156
ch2d,nested_jvp,20260923,360,555.392724157311,0.4263962507247925,0.7524234056472778,0.3642299175262451
ch2d,nested_jvp,20260923,370,571.7137711411342,0.4385782480239868,0.7758669853210449,0.36372166872024536
ch2d,nested_jvp,20260923,380,586.0832045562565,0.41998496651649475,0.6881205439567566,0.3289383053779602
ch2d,nested_jvp,20260923,390,601.4247960094362,0.4163932204246521,0.760155200958252,0.3283042907714844
ch2d,nested_jvp,20260923,400,616.4353203792125,0.4159764051437378,0.7456983923912048,0.30957794189453125
ch2d,nested_jvp,20260923,410,631.1673585493118,0.3940444588661194,0.6379141211509705,0.2722029387950897
ch2d,nested_jvp,20260923,420,646.6821085074916,0.3868749439716339,0.6166267991065979,0.30947422981262207
ch2d,nested_jvp,20260923,430,660.8094625519589,0.40530136227607727,0.7422976493835449,0.2916854918003082
ch2d,nested_jvp,20260923,440,677.3106232453138,0.37488865852355957,0.5977175831794739,0.32554763555526733
ch2d,nested_jvp,20260923,450,693.8174836095423,0.3696780502796173,0.5754033923149109,0.2909212112426758
ch2d,nested_jvp,20260923,460,708.5463866330683,0.35950446128845215,0.5758553743362427,0.26382067799568176
ch2d,nested_jvp,20260923,470,723.3624431136996,0.3718460202217102,0.6352384686470032,0.2622087597846985
ch2d,nested_jvp,20260923,480,737.5067305434495,0.3732748031616211,0.6145992875099182,0.25514382123947144
ch2d,nested_jvp,20260923,490,752.80006616842,0.3650345206260681,0.6162479519844055,0.2966635227203369
ch2d,nested_jvp,20260923,500,768.7502964800224,0.36393865942955017,0.6094878315925598,0.24964910745620728
ch2d,nested_jvp,20260923,510,783.2531443322077,0.34805959463119507,0.5447494387626648,0.26595747470855713
ch2d,nested_jvp,20260923,520,798.7107926132157,0.340607225894928,0.5139856934547424,0.2666218876838684
ch2d,nested_jvp,20260923,530,814.211288465187,0.3556517958641052,0.6116957068443298,0.2617638111114502
ch2d,nested_jvp,20260923,540,830.6575343869627,0.3457256853580475,0.5870194435119629,0.24842390418052673
ch2d,nested_jvp,20260923,550,847.661848234944,0.3262735605239868,0.5265379548072815,0.22040709853172302
ch2d,nested_jvp,20260923,560,865.0547744613141,0.3154311180114746,0.42918428778648376,0.2131461501121521
ch2d,nested_jvp,20260923,570,879.5692566288635,0.32784169912338257,0.4920806288719177,0.22828464210033417
ch2d,nested_jvp,20260923,580,894.8854454262182,0.31546109914779663,0.4966614544391632,0.2137851119041443
ch2d,nested_jvp,20260923,590,910.1169268582016,0.31699416041374207,0.4171220362186432,0.2164352536201477
ch2d,nested_jvp,20260923,600,925.9023172771558,0.31226012110710144,0.4929848313331604,0.22920048236846924
ch2d,nested_jvp,20260923,610,942.4458317942917,0.30235880613327026,0.42876967787742615,0.20986905694007874
ch2d,nested_jvp,20260923,620,959.3585485331714,0.2985978126525879,0.44463983178138733,0.20441442728042603
ch2d,nested_jvp,20260923,630,973.9698904473335,0.311926007270813,0.5226755738258362,0.18167346715927124
ch2d,nested_jvp,20260923,640,989.4472107784823,0.2953534722328186,0.4985373318195343,0.1991838961839676
ch2d,nested_jvp,20260923,650,1005.5935203647241,0.29653212428092957,0.5204715132713318,0.21094919741153717
ch2d,nested_jvp,20260923,660,1022.4646593378857,0.29960164427757263,0.5006551146507263,0.18534894287586212
ch2d,nested_jvp,20260923,670,1037.707472179085,0.2947227656841278,0.48525887727737427,0.17628267407417297
ch2d,nested_jvp,20260923,680,1052.750165751204,0.2889411151409149,0.4863208830356598,0.2157236784696579
ch2d,nested_jvp,20260923,690,1066.8327489225194,0.27383551001548767,0.46223050355911255,0.20011112093925476
ch2d,nested_jvp,20260923,700,1082.413249838166,0.2919285297393799,0.5286316275596619,0.1827814280986786
ch2d,nested_jvp,20260923,710,1098.4473550189286,0.27674102783203125,0.4749743938446045,0.18322595953941345
ch2d,nested_jvp,20260923,720,1114.9340656502172,0.2681349217891693,0.45852160453796387,0.20942960679531097
ch2d,nested_jvp,20260923,730,1129.4195804418996,0.2696497142314911,0.46325916051864624,0.1774640530347824
ch2d,nested_jvp,20260923,740,1144.8714111512527,0.2609314024448395,0.3936028480529785,0.16686785221099854
ch2d,nested_jvp,20260923,750,1160.2349610561505,0.2610841393470764,0.39330047369003296,0.18516206741333008
ch2d,nested_jvp,20260923,760,1174.3676808476448,0.28839290142059326,0.5812534689903259,0.19369453191757202
ch2d,nested_jvp,20260923,770,1190.2967364778742,0.3118797540664673,0.6224743723869324,0.17346903681755066
ch2d,nested_jvp,20260923,780,1204.4048088565469,0.25772860646247864,0.4571355879306793,0.1817815899848938
ch2d,nested_jvp,20260923,790,1221.5198381971568,0.27786874771118164,0.5440530776977539,0.16012383997440338
ch2d,nested_jvp,20260923,800,1239.0090150851756,0.24951253831386566,0.46008655428886414,0.1666100174188614
ch2d,nested_jvp,20260923,810,1257.6068063322455,0.24558903276920319,0.45026469230651855,0.16504992544651031
ch2d,nested_jvp,20260923,820,1273.8009830089286,0.2960304915904999,0.6184722185134888,0.1642874777317047
ch2d,nested_jvp,20260923,830,1289.000308518298,0.24432608485221863,0.4594963788986206,0.16061607003211975
ch2d,nested_jvp,20260923,840,1303.1154727563262,0.23057377338409424,0.3494831621646881,0.14836385846138
ch2d,nested_jvp,20260923,850,1317.2598019354045,0.22792737185955048,0.3819344937801361,0.1439230889081955
ch2d,nested_jvp,20260923,860,1333.0230745719746,0.24540720880031586,0.4841744303703308,0.16514959931373596
ch2d,nested_jvp,20260923,870,1349.0916359974071,0.27610287070274353,0.5813926458358765,0.16382509469985962
ch2d,nested_jvp,20260923,880,1364.004722717218,0.21458066999912262,0.34291017055511475,0.15448766946792603
ch2d,nested_jvp,20260923,890,1379.0921853892505,0.22626031935214996,0.3722468614578247,0.15346091985702515
ch2d,nested_jvp,20260923,900,1395.0436937790364,0.2263111025094986,0.4127312898635864,0.12876218557357788
ch2d,nested_jvp,20260923,910,1410.6226061787456,0.22305616736412048,0.4248048961162567,0.15663406252861023
ch2d,nested_jvp,20260923,920,1426.5377104105428,0.25895431637763977,0.5317200422286987,0.14051836729049683
ch2d,nested_jvp,20260923,930,1441.6566552631557,0.23004354536533356,0.4873107671737671,0.13528594374656677
ch2d,nested_jvp,20260923,940,1456.529034961015,0.21157173812389374,0.4065641164779663,0.13103534281253815
ch2d,nested_jvp,20260923,950,1474.062127894722,0.20719914138317108,0.3639446794986725,0.11955173313617706
ch2d,nested_jvp,20260923,960,1490.7736847428605,0.19702458381652832,0.3165699243545532,0.1374325156211853
ch2d,nested_jvp,20260923,970,1507.8243103204295,0.21556717157363892,0.2862042188644409,0.150385320186615
ch2d,nested_jvp,20260923,980,1522.8945843800902,0.20194029808044434,0.31431758403778076,0.12887638807296753
ch2d,nested_jvp,20260923,990,1537.0639016656205,0.20013116300106049,0.35392501950263977,0.12720036506652832
ch2d,nested_jvp,20260923,1000,1551.2029612530023,0.20693612098693848,0.42165660858154297,0.12845838069915771
ch2d,nested_jvp,20260923,1010,1565.4966732570902,0.19598647952079773,0.3318551182746887,0.12027180194854736
ch2d,nested_jvp,20260923,1020,1579.6946268351749,0.18792660534381866,0.3364444971084595,0.12490291893482208
ch2d,nested_jvp,20260923,1030,1595.1897371821105,0.18896710872650146,0.3637339472770691,0.12474766373634338
ch2d,nested_jvp,20260923,1040,1610.7757943663746,0.20242160558700562,0.3918074071407318,0.11912356317043304
ch2d,nested_jvp,20260923,1050,1626.0827856445685,0.205623596906662,0.4395327568054199,0.11004655063152313
ch2d,nested_jvp,20260923,1060,1640.6655745413154,0.18748000264167786,0.3903886675834656,0.11152002215385437
ch2d,nested_jvp,20260923,1070,1656.6645305706188,0.19390471279621124,0.2953726053237915,0.101542167365551
ch2d,nested_jvp,20260923,1080,1674.9812784250826,0.1802072674036026,0.3198375999927521,0.11458615213632584
ch2d,nested_jvp,20260923,1090,1690.7242131428793,0.17955350875854492,0.32905739545822144,0.11573812365531921
ch2d,nested_jvp,20260923,1100,1705.709802446887,0.197250634431839,0.4140493869781494,0.10532914102077484
ch2d,nested_jvp,20260923,1110,1720.5620252378285,0.18202006816864014,0.37582531571388245,0.10782121121883392
ch2d,nested_jvp,20260923,1120,1736.1039132848382,0.1731925904750824,0.33164501190185547,0.09322793781757355
ch2d,nested_jvp,20260923,1130,1752.7606249498203,0.189944326877594,0.4097141623497009,0.09498909115791321
ch2d,nested_jvp,20260923,1140,1767.5382502060384,0.1713441163301468,0.33242514729499817,0.09813137352466583
ch2d,nested_jvp,20260923,1150,1783.2104838136584,0.17260712385177612,0.2900090217590332,0.09166568517684937
ch2d,nested_jvp,20260923,1160,1797.7107544988394,0.17480696737766266,0.35163360834121704,0.10733029246330261
ch2d,nested_jvp,20260923,1170,1812.1448984434828,0.17661045491695404,0.3902382552623749,0.10006152093410492
ch2d,nested_jvp,20260923,1180,1826.481762336567,0.15997105836868286,0.32192450761795044,0.10749819874763489
ch2d,nested_jvp,20260923,1190,1843.2193624591455,0.17931877076625824,0.3944942057132721,0.09197252988815308
ch2d,nested_jvp,20260923,1200,1857.4956666016951,0.1690274029970169,0.34251832962036133,0.09534655511379242
ch2d,nested_jvp,20260923,1210,1872.3755723172799,0.1583847999572754,0.3250006139278412,0.10550454258918762
ch2d,nested_jvp,20260923,1220,1886.9182696165517,0.15917369723320007,0.32737791538238525,0.10133172571659088
ch2d,nested_jvp,20260923,1230,1903.245255479589,0.15804724395275116,0.29278573393821716,0.09025102853775024
ch2d,nested_jvp,20260923,1240,1917.3689718777314,0.16511888802051544,0.3392566740512848,0.08852571249008179
ch2d,nested_jvp,20260923,1250,1932.2402474638075,0.15192736685276031,0.27120065689086914,0.08632668852806091
ch2d,nested_jvp,20260923,1260,1949.499401492998,0.15865609049797058,0.32266318798065186,0.08121711760759354
ch2d,nested_jvp,20260923,1270,1963.7471581203863,0.14730621874332428,0.2896099388599396,0.07665470242500305
ch2d,nested_jvp,20260923,1280,1978.1373369833454,0.15870487689971924,0.3123648762702942,0.08538824319839478
ch2d,nested_jvp,20260923,1290,1995.812555912882,0.14935699105262756,0.30584022402763367,0.08741152286529541
ch2d,nested_jvp,20260923,1300,2012.4701125426218,0.1606874167919159,0.34949997067451477,0.09490269422531128
ch2d,nested_jvp,20260923,1310,2027.6223344458267,0.1792890876531601,0.2814752161502838,0.08868341147899628
ch2d,nested_jvp,20260923,1320,2044.4753919802606,0.15434595942497253,0.3013100326061249,0.10052810609340668
ch2d,nested_jvp,20260923,1330,2059.6615271875635,0.17223361134529114,0.3559972643852234,0.08781389892101288
ch2d,nested_jvp,20260923,1340,2077.088119088672,0.14429767429828644,0.28465551137924194,0.1043681651353836
ch2d,nested_jvp,20260923,1350,2093.4589559519663,0.14540313184261322,0.25867927074432373,0.07749037444591522
ch2d,nested_jvp,20260923,1360,2109.30749823153,0.14035053551197052,0.29972851276397705,0.08460946381092072
ch2d,nested_jvp,20260923,1370,2124.082450528629,0.15397478640079498,0.333825021982193,0.08755050599575043
ch2d,nested_jvp,20260923,1380,2141.172804640606,0.14222803711891174,0.2715683877468109,0.07601011544466019
ch2d,nested_jvp,20260923,1390,2158.3677801359445,0.13836628198623657,0.2655748724937439,0.09101010113954544
ch2d,nested_jvp,20260923,1400,2172.5507201328874,0.16123682260513306,0.3469189703464508,0.08792881667613983
ch2d,nested_jvp,20260923,1410,2187.0192085318267,0.13305844366550446,0.25994187593460083,0.0863579511642456
ch2d,nested_jvp,20260923,1420,2201.232236944139,0.13977673649787903,0.27170801162719727,0.07292318344116211
ch2d,nested_jvp,20260923,1430,2216.8148352066055,0.13481460511684418,0.2768954634666443,0.08361105620861053
ch2d,nested_jvp,20260923,1440,2232.068862045184,0.14017316699028015,0.2954323887825012,0.07907439768314362
ch2d,nested_jvp,20260923,1450,2247.3516427380964,0.13437987864017487,0.2944623529911041,0.07419507205486298
ch2d,nested_jvp,20260923,1460,2262.560819306411,0.13643638789653778,0.27937203645706177,0.07598134130239487
ch2d,nested_jvp,20260923,1470,2278.4380875518546,0.12679722905158997,0.26910004019737244,0.07896651327610016
ch2d,nested_jvp,20260923,1480,2294.7055322146043,0.13229677081108093,0.29777660965919495,0.06773791462182999
ch2d,nested_jvp,20260923,1490,2309.08106010966,0.13532836735248566,0.30647167563438416,0.07279546558856964
ch2d,nested_jvp,20260923,1500,2324.5177385332063,0.14191247522830963,0.29614022374153137,0.07823134958744049
ch2d,shared_jet_linear,20260923,0,0.0,1.0603207349777222,1.161106824874878,
ch2d,shared_jet_linear,20260923,10,7.613020494580269,0.9685388803482056,0.9641024470329285,1.5644347667694092
ch2d,shared_jet_linear,20260923,20,15.129225634038448,0.9212281107902527,0.8830446600914001,1.528914213180542
ch2d,shared_jet_linear,20260923,30,22.71397326886654,0.878233015537262,0.8496137857437134,1.3329397439956665
ch2d,shared_jet_linear,20260923,40,30.26023295894265,0.8318219780921936,0.814689040184021,1.3465008735656738
ch2d,shared_jet_linear,20260923,50,37.82603318616748,0.7687545418739319,0.7227985858917236,1.3017926216125488
ch2d,shared_jet_linear,20260923,60,45.38261213898659,0.7224990129470825,0.7727456092834473,1.273136854171753
ch2d,shared_jet_linear,20260923,70,52.946496127173305,0.6590644121170044,0.7390913963317871,1.0379011631011963
ch2d,shared_jet_linear,20260923,80,60.52011311147362,0.6218622326850891,0.7660111784934998,1.0754363536834717
ch2d,shared_jet_linear,20260923,90,68.07434588484466,0.630973219871521,0.9641128778457642,0.9369524717330933
ch2d,shared_jet_linear,20260923,100,75.62735957466066,0.5725530982017517,0.8010718822479248,0.9152626395225525
ch2d,shared_jet_linear,20260923,110,83.19273116439581,0.5686209797859192,0.8270087242126465,0.856041431427002
ch2d,shared_jet_linear,20260923,120,90.74580404441804,0.5791254043579102,0.8929322957992554,0.7966181635856628
ch2d,shared_jet_linear,20260923,130,98.30224877689034,0.5817704796791077,0.9604853391647339,0.8836746215820312
ch2d,shared_jet_linear,20260923,140,105.85928962379694,0.5844263434410095,0.9929319024085999,0.7362266778945923
ch2d,shared_jet_linear,20260923,150,113.40413417201489,0.5744205117225647,0.9803732633590698,0.7094405293464661
ch2d,shared_jet_linear,20260923,160,120.96315456647426,0.5751650333404541,1.0242207050323486,0.6803998947143555
ch2d,shared_jet_linear,20260923,170,128.51290265470743,0.5799937844276428,1.0575352907180786,0.6409756541252136
ch2d,shared_jet_linear,20260923,180,136.06190895661712,0.5583165287971497,1.002744436264038,0.6655230522155762
ch2d,shared_jet_linear,20260923,190,143.6142815677449,0.5792326331138611,1.0853663682937622,0.5789670944213867
ch2d,shared_jet_linear,20260923,200,151.204100552015,0.557763934135437,1.0356767177581787,0.5825821757316589
ch2d,shared_jet_linear,20260923,210,158.76300862710923,0.5669479370117188,1.0796228647232056,0.5747548341751099
ch2d,shared_jet_linear,20260923,220,166.3006659047678,0.5563268065452576,1.0385664701461792,0.5410172343254089
ch2d,shared_jet_linear,20260923,230,173.96876256819814,0.5444987416267395,1.012773871421814,0.504569411277771
ch2d,shared_jet_linear,20260923,240,181.53462895099074,0.5635267496109009,1.0533777475357056,0.5163612961769104
ch2d,shared_jet_linear,20260923,250,189.05223859939724,0.5312545299530029,0.990936815738678,0.4703599810600281
ch2d,shared_jet_linear,20260923,260,196.56690003350377,0.5172209739685059,0.9573569297790527,0.4514581561088562
ch2d,shared_jet_linear,20260923,270,204.98575299791992,0.5139614343643188,0.9600980877876282,0.42059651017189026
ch2d,shared_jet_linear,20260923,280,215.51573155354708,0.49102017283439636,0.9051347374916077,0.4261118173599243
ch2d,shared_jet_linear,20260923,290,223.370261865668,0.48155978322029114,0.8884519338607788,0.4105162024497986
ch2d,shared_jet_linear,20260923,300,230.92649336811155,0.49497824907302856,0.9269400835037231,0.3883441090583801
ch2d,shared_jet_linear,20260923,310,238.48524303548038,0.4817030131816864,0.874904990196228,0.3776533603668213
ch2d,shared_jet_linear,20260923,320,246.05381007120013,0.4888829290866852,0.907365620136261,0.35907554626464844
ch2d,shared_jet_linear,20260923,330,253.65223473589867,0.45949795842170715,0.8444518446922302,0.35497623682022095
ch2d,shared_jet_linear,20260923,340,261.19907526206225,0.45420750975608826,0.8433430790901184,0.33334410190582275
ch2d,shared_jet_linear,20260923,350,269.7171726739034,0.46077314019203186,0.853336751461029,0.4071733355522156
ch2d,shared_jet_linear,20260923,360,280.2011099848896,0.4263962507247925,0.7524234056472778,0.36422985792160034
ch2d,shared_jet_linear,20260923,370,290.6934576993808,0.43857821822166443,0.7758669257164001,0.36372166872024536
ch2d,shared_jet_linear,20260923,380,301.1683585299179,0.41998496651649475,0.6881205439567566,0.3289383351802826
ch2d,shared_jet_linear,20260923,390,311.6375752268359,0.4163931608200073,0.7601550817489624,0.3283042907714844
ch2d,shared_jet_linear,20260923,400,322.1258031707257,0.4159764051437378,0.7456984519958496,0.30957794189453125
ch2d,shared_jet_linear,20260923,410,332.61281895264983,0.394044429063797,0.6379141211509705,0.2722029387950897
ch2d,shared_jet_linear,20260923,420,342.4917110018432,0.3868749439716339,0.6166267395019531,0.30947422981262207
ch2d,shared_jet_linear,20260923,430,350.23043783195317,0.40530136227607727,0.7422976493835449,0.2916855216026306
ch2d,shared_jet_linear,20260923,440,357.95759203471243,0.37488865852355957,0.5977177023887634,0.32554763555526733
ch2d,shared_jet_linear,20260923,450,365.6959269801155,0.3696780502796173,0.5754033923149109,0.2909212112426758
ch2d,shared_jet_linear,20260923,460,373.4290785975754,0.35950449109077454,0.5758553743362427,0.26382067799568176
ch2d,shared_jet_linear,20260923,470,381.2257081847638,0.371846079826355,0.6352386474609375,0.26220881938934326
ch2d,shared_jet_linear,20260923,480,388.9934310093522,0.3732748031616211,0.6145992875099182,0.25514382123947144
ch2d,shared_jet_linear,20260923,490,396.71489910036325,0.3650345504283905,0.6162480711936951,0.2966635227203369
ch2d,shared_jet_linear,20260923,500,404.4400861291215,0.36393874883651733,0.6094880104064941,0.24964910745620728
ch2d,shared_jet_linear,20260923,510,413.060293934308,0.34805962443351746,0.5447495579719543,0.26595747470855713
ch2d,shared_jet_linear,20260923,520,422.58485587872565,0.340607225894928,0.5139857530593872,0.2666218876838684
ch2d,shared_jet_linear,20260923,530,433.3973166765645,0.3556517958641052,0.6116957068443298,0.2617638111114502
ch2d,shared_jet_linear,20260923,540,445.257719588466,0.3457257151603699,0.5870196223258972,0.24842390418052673
ch2d,shared_jet_linear,20260923,550,454.5897997710854,0.32627353072166443,0.5265380144119263,0.22040709853172302
ch2d,shared_jet_linear,20260923,560,463.87286474648863,0.3154311180114746,0.42918428778648376,0.21314619481563568
ch2d,shared_jet_linear,20260923,570,473.1423591328785,0.32784172892570496,0.4920802712440491,0.22828459739685059
ch2d,shared_jet_linear,20260923,580,482.372937859036,0.31546106934547424,0.4966612160205841,0.2137850821018219
ch2d,shared_jet_linear,20260923,590,491.74156267847866,0.31699416041374207,0.41712191700935364,0.2164352387189865
ch2d,shared_jet_linear,20260923,600,501.3338206233457,0.31226012110710144,0.4929846525192261,0.22920045256614685
ch2d,shared_jet_linear,20260923,610,511.53015999216586,0.30235880613327026,0.42876970767974854,0.20986904203891754
ch2d,shared_jet_linear,20260923,620,520.876978514716,0.2985978126525879,0.4446396827697754,0.20441442728042603
ch2d,shared_jet_linear,20260923,630,530.1565692070872,0.3119259178638458,0.5226752758026123,0.18167346715927124
ch2d,shared_jet_linear,20260923,640,539.3875752827153,0.29535341262817383,0.49853718280792236,0.19918391108512878
ch2d,shared_jet_linear,20260923,650,549.7374437833205,0.2965320646762848,0.5204713344573975,0.21094918251037598
ch2d,shared_jet_linear,20260923,660,560.1267104074359,0.29960164427757263,0.5006549954414368,0.18534892797470093
ch2d,shared_jet_linear,20260923,670,570.4310645554215,0.29472270607948303,0.4852585792541504,0.17628265917301178
ch2d,shared_jet_linear,20260923,680,581.9507151218131,0.28894102573394775,0.48632070422172546,0.21572363376617432
ch2d,shared_jet_linear,20260923,690,591.4858799325302,0.2738354206085205,0.4622301459312439,0.20011112093925476
ch2d,shared_jet_linear,20260923,700,599.2626438140869,0.2919284701347351,0.5286311507225037,0.1827814280986786
ch2d,shared_jet_linear,20260923,710,607.0271337879822,0.2767409384250641,0.4749738574028015,0.18322595953941345
ch2d,shared_jet_linear,20260923,720,614.8555232435465,0.26813486218452454,0.4585212767124176,0.20942963659763336
ch2d,shared_jet_linear,20260923,730,622.6365845855325,0.2696496844291687,0.4632590115070343,0.1774640530347824
ch2d,shared_jet_linear,20260923,740,630.4322655843571,0.2609314024448395,0.39360275864601135,0.16686785221099854
ch2d,shared_jet_linear,20260923,750,638.2009206851944,0.2610841393470764,0.3933003544807434,0.18516208231449127
ch2d,shared_jet_linear,20260923,760,645.9844909524545,0.28839296102523804,0.5812537670135498,0.1936945617198944
ch2d,shared_jet_linear,20260923,770,653.7695649126545,0.31187984347343445,0.6224746704101562,0.17346903681755066
ch2d,shared_jet_linear,20260923,780,661.5599026344717,0.25772860646247864,0.4571356773376465,0.1817815899848938
ch2d,shared_jet_linear,20260923,790,669.3717073993757,0.27786874771118164,0.5440531373023987,0.16012383997440338
ch2d,shared_jet_linear,20260923,800,677.8739524949342,0.24951252341270447,0.460086464881897,0.16661003232002258
ch2d,shared_jet_linear,20260923,810,685.6621948955581,0.2455889880657196,0.4502642750740051,0.16504989564418793
ch2d,shared_jet_linear,20260923,820,693.438456280157,0.2960304915904999,0.6184722185134888,0.1642875075340271
ch2d,shared_jet_linear,20260923,830,701.7845492148772,0.24432608485221863,0.4594963788986206,0.16061607003211975
ch2d,shared_jet_linear,20260923,840,713.2077135788277,0.23057374358177185,0.34948310256004333,0.14836385846138
ch2d,shared_jet_linear,20260923,850,722.7677644342184,0.22792737185955048,0.38193464279174805,0.1439230740070343
ch2d,shared_jet_linear,20260923,860,730.522319660522,0.24540722370147705,0.48417457938194275,0.1651495397090912
ch2d,shared_jet_linear,20260923,870,738.277233524248,0.27610284090042114,0.5813925266265869,0.1638251543045044
ch2d,shared_jet_linear,20260923,880,746.0585332745686,0.21458064019680023,0.34291040897369385,0.15448760986328125
ch2d,shared_jet_linear,20260923,890,753.8381365491077,0.22626027464866638,0.37224674224853516,0.15346086025238037
ch2d,shared_jet_linear,20260923,900,761.6214253725484,0.22631119191646576,0.4127316176891327,0.12876221537590027
ch2d,shared_jet_linear,20260923,910,769.4142586486414,0.22305604815483093,0.4248044788837433,0.15663403272628784
ch2d,shared_jet_linear,20260923,920,777.167652615346,0.2589540481567383,0.5317192673683167,0.14051835238933563
ch2d,shared_jet_linear,20260923,930,785.3810148844495,0.230043426156044,0.4873102605342865,0.13528592884540558
ch2d,shared_jet_linear,20260923,940,795.3718241602182,0.21157167851924896,0.40656378865242004,0.13103535771369934
ch2d,shared_jet_linear,20260923,950,805.373055992648,0.2071990966796875,0.36394450068473816,0.11955171078443527
ch2d,shared_jet_linear,20260923,960,815.9820347707719,0.19702455401420593,0.3165700137615204,0.1374325156211853
ch2d,shared_jet_linear,20260923,970,829.051445921883,0.21556702256202698,0.2862042486667633,0.1503852903842926
ch2d,shared_jet_linear,20260923,980,839.9673780919984,0.20194028317928314,0.31431809067726135,0.12887638807296753
ch2d,shared_jet_linear,20260923,990,850.0132760526612,0.20013117790222168,0.3539253771305084,0.12720030546188354
ch2d,shared_jet_linear,20260923,1000,860.0150149129331,0.20693619549274445,0.42165687680244446,0.1284583956003189
ch2d,shared_jet_linear,20260923,1010,872.181412531063,0.19598647952079773,0.3318547308444977,0.12027181684970856
ch2d,shared_jet_linear,20260923,1020,885.2603919170797,0.18792657554149628,0.336444228887558,0.12490291893482208
ch2d,shared_jet_linear,20260923,1030,895.8542956840247,0.18896707892417908,0.3637337386608124,0.12474765628576279
ch2d,shared_jet_linear,20260923,1040,905.8362551424652,0.202421635389328,0.39180755615234375,0.11912357807159424
ch2d,shared_jet_linear,20260923,1050,918.2733084075153,0.20562364161014557,0.4395328760147095,0.11004654318094254
ch2d,shared_jet_linear,20260923,1060,931.3078606231138,0.18747998774051666,0.3903888165950775,0.11152003705501556
ch2d,shared_jet_linear,20260923,1070,942.8557271687314,0.19390475749969482,0.29537248611450195,0.10154218971729279
ch2d,shared_jet_linear,20260923,1080,952.892629426904,0.180207297205925,0.3198379874229431,0.11458615213632584
ch2d,shared_jet_linear,20260923,1090,962.9401817610487,0.17955350875854492,0.329057514667511,0.11573809385299683
ch2d,shared_jet_linear,20260923,1100,972.9861685307696,0.19725055992603302,0.41404929757118225,0.10532915592193604
ch2d,shared_jet_linear,20260923,1110,981.0048369914293,0.18201997876167297,0.37582501769065857,0.10782119631767273
ch2d,shared_jet_linear,20260923,1120,989.0334854889661,0.17319262027740479,0.3316453993320465,0.09322792291641235
ch2d,shared_jet_linear,20260923,1130,999.101092162542,0.1899445354938507,0.4097149074077606,0.0949891209602356
ch2d,shared_jet_linear,20260923,1140,1009.2025366276503,0.17134401202201843,0.3324246406555176,0.09813137352466583
ch2d,shared_jet_linear,20260923,1150,1019.2714494494721,0.1726071685552597,0.2900090217590332,0.09166570007801056
ch2d,shared_jet_linear,20260923,1160,1029.2948598284274,0.17480692267417908,0.35163354873657227,0.10733029246330261
ch2d,shared_jet_linear,20260923,1170,1039.5306360591203,0.17661041021347046,0.3902382254600525,0.10006150603294373
ch2d,shared_jet_linear,20260923,1180,1049.7388029620051,0.15997107326984406,0.32192462682724,0.10749819874763489
ch2d,shared_jet_linear,20260923,1190,1059.991190242581,0.1793186068534851,0.3944936990737915,0.09197251498699188
ch2d,shared_jet_linear,20260923,1200,1070.2895127367228,0.16902729868888855,0.3425177037715912,0.09534652531147003
ch2d,shared_jet_linear,20260923,1210,1080.6235729446635,0.1583847999572754,0.32500073313713074,0.10550451278686523
ch2d,shared_jet_linear,20260923,1220,1090.9248456871137,0.15917369723320007,0.3273777365684509,0.10133171081542969
ch2d,shared_jet_linear,20260923,1230,1101.2313796021044,0.15804719924926758,0.2927856743335724,0.09025102108716965
ch2d,shared_jet_linear,20260923,1240,1111.548557890579,0.1651189774274826,0.3392569124698639,0.08852572739124298
ch2d,shared_jet_linear,20260923,1250,1121.900917654857,0.15192729234695435,0.2712007462978363,0.08632667362689972
ch2d,shared_jet_linear,20260923,1260,1132.2009791349992,0.15865612030029297,0.32266345620155334,0.08121711015701294
ch2d,shared_jet_linear,20260923,1270,1142.4982192423195,0.14730623364448547,0.28960981965065,0.07665470242500305
ch2d,shared_jet_linear,20260923,1280,1152.8186251400039,0.15870484709739685,0.3123646378517151,0.08538821339607239
ch2d,shared_jet_linear,20260923,1290,1163.1511751981452,0.1493568867444992,0.3058397173881531,0.08741152286529541
ch2d,shared_jet_linear,20260923,1300,1173.481321961619,0.16068735718727112,0.3494998812675476,0.09490266442298889
ch2d,shared_jet_linear,20260923,1310,1183.7771745594218,0.17928895354270935,0.2814749777317047,0.08868340402841568
ch2d,shared_jet_linear,20260923,1320,1194.0450024707243,0.15434597432613373,0.3013099730014801,0.10052809119224548
ch2d,shared_jet_linear,20260923,1330,1204.3254833715037,0.17223356664180756,0.35599708557128906,0.08781388401985168
ch2d,shared_jet_linear,20260923,1340,1214.6299111228436,0.1442975550889969,0.28465503454208374,0.10436813533306122
ch2d,shared_jet_linear,20260923,1350,1224.9236909141764,0.14540313184261322,0.25867927074432373,0.07749038934707642
ch2d,shared_jet_linear,20260923,1360,1235.2105018356815,0.14035065472126007,0.29972895979881287,0.08460943400859833
ch2d,shared_jet_linear,20260923,1370,1245.5396423479542,0.15397460758686066,0.33382466435432434,0.08755050599575043
ch2d,shared_jet_linear,20260923,1380,1255.830338895321,0.14222818613052368,0.27156829833984375,0.0760100930929184
ch2d,shared_jet_linear,20260923,1390,1266.2300083721057,0.13836629688739777,0.26557520031929016,0.09101008623838425
ch2d,shared_jet_linear,20260923,1400,1276.5893122758716,0.16123679280281067,0.34691905975341797,0.08792877942323685
ch2d,shared_jet_linear,20260923,1410,1286.9069889904931,0.13305841386318207,0.2599417567253113,0.0863579735159874
ch2d,shared_jet_linear,20260923,1420,1297.2015412151814,0.13977673649787903,0.27170810103416443,0.07292318344116211
ch2d,shared_jet_linear,20260923,1430,1307.5029046917334,0.13481460511684418,0.2768956422805786,0.08361107110977173
ch2d,shared_jet_linear,20260923,1440,1317.8124555107206,0.14017324149608612,0.29543226957321167,0.07907440513372421
ch2d,shared_jet_linear,20260923,1450,1328.7179582621902,0.13437989354133606,0.2944623529911041,0.07419504225254059
ch2d,shared_jet_linear,20260923,1460,1341.7847637366503,0.13643643260002136,0.2793719172477722,0.07598131895065308
ch2d,shared_jet_linear,20260923,1470,1352.1283011306077,0.12679719924926758,0.26909980177879333,0.07896649837493896
ch2d,shared_jet_linear,20260923,1480,1362.4547815397382,0.13229674100875854,0.29777660965919495,0.06773789972066879
ch2d,shared_jet_linear,20260923,1490,1373.3833403531462,0.13532835245132446,0.3064716160297394,0.07279548048973083
ch2d,shared_jet_linear,20260923,1500,1384.095991993323,0.14191250503063202,0.29614025354385376,0.0782313346862793
